11851,8334,1137155,155352,5908,1166515,2487745
5222,4685,1223941,122130,13315,587880,1959766
9981,6074,347262,79630,8370,279011,733033
10314,6556,419844,90500,9667,1186146,1726712
8944,5815,448667,105501,11037,1186674,1769342
8407,5407,501213,96167,7148,1189943,1810674
5795,4593,124516,51537,6259,1421419,1616324
8407,5444,176284,53926,8185,1407096,1661064
7778,4889,306921,44500,7815,1494308,1867878
7592,5092,202708,96611,7945,181771,503256
7574,5315,237438,101056,11018,162948,527627
6611,4963,256149,43889,5519,149255,489293
9500,5518,403418,61111,6686,1175720,1664102
5148,5185,480185,46945,6037,162533,707996
9629,6019,501008,51704,5685,162913,739644
7444,5222,2438764,82333,8537,1109864,3654812
6314,5241,513642,55889,7111,1324495,1915359
5203,4408,728292,68501,6259,1280584,2095914
8777,5611,1158858,71223,4592,1355775,2607263
16907,4333,462475,45667,5963,1316292,1853730
9480,6112,1892635,43945,6852,272518,2233487
4851,4611,1212698,57352,5407,253312,1540880
6907,4982,740315,103186,4426,1340153,2201858
8389,5759,1407973,42167,5908,248090,1720009
5703,4629,1739187,38500,5333,1312962,3107926
7147,5204,2922162,37260,5092,158764,3138259
6444,4259,1272834,48481,5408,283082,1622694
6796,4537,1960045,93759,4463,1310824,3382647
8018,5722,866053,45223,5814,1507840,2441837
7944,5833,2035599,56556,5444,342739,2456838
5648,4648,1454716,98574,4278,1389489,2959594
16518,4130,1498132,47870,6259,312376,1888026
5444,3963,301711,47370,5926,1173966,1541065
5721,4204,179329,45130,5259,1428291,1670842
5018,3963,270097,56944,6630,1379041,1723601
7221,5500,355513,43834,6351,1146293,1567250
4907,4055,139687,42741,5667,276051,475664
8463,5666,414456,47944,6315,174874,660367
8703,5648,325538,34185,4185,148849,529330
8870,5481,382601,93334,4778,170061,667107
7018,4852,487925,47555,6056,1213528,1768638
4833,4648,143542,42112,5426,354417,557441
5722,4166,214792,47241,5722,1376310,1655694
6129,4759,299375,57593,5907,1342523,1719731
8629,5889,104142,60296,5574,254893,441535
7148,5092,248020,41500,5186,174273,483238
6129,4704,251140,41370,4889,177172,487423
8592,5611,356629,88278,4593,1166194,1631972
6537,4648,459582,57500,5482,162450,699459
6499,4667,662609,45149,5592,1177713,1904637
6944,4926,169339,42666,5963,1354245,1586454
5370,4500,234902,43112,6222,1430458,1727249
6796,4185,329522,60908,6555,1146506,1556862
9018,5852,208585,66074,4241,187134,482738
7000,5370,574539,56519,4092,1554522,2205506
6833,4630,288065,55166,2815,147006,507257
5685,4129,433778,36352,5277,194978,681885
9332,6074,458619,52612,6629,177785,712625
6777,4926,289812,32851,5371,1369475,1711860
5333,4055,176653,35944,5445,1424949,1655138
7481,5222,711015,85445,4555,152184,968032
5574,4518,367744,42555,6149,1193691,1621879
9055,5649,185751,36611,5759,252005,496498
5110,4093,297352,35204,5482,156070,505423
6425,4852,298935,40556,4370,158321,516108
4388,3870,403166,48333,5334,247237,714107
6462,4519,522489,39574,4555,180359,759570
7203,5018,128829,49315,6389,1495143,1694490
5259,4518,205097,40833,5834,1335727,1599509
8481,5778,296365,64629,4389,1395274,1776435
7721,5334,382410,39166,5612,1153858,1596157
7073,5111,232066,37185,5260,176209,464923
9481,6315,326426,44296,5537,1215861,1610435
6241,5074,338841,38352,4223,1224519,1618787
8166,5500,439776,52630,5037,234090,747829
7259,4852,139950,37315,5518,375028,572534
7241,5111,151143,43667,5778,1447661,1662694
5833,4482,246003,42056,5908,1364597,1671954
6574,4889,319716,39426,5629,1408182,1786212
5240,4741,131519,60834,6167,256977,467553
4944,4463,219213,42797,6240,193451,473090
9018,5962,349611,48723,5185,1230120,1651323
7240,4908,377656,93871,4222,161321,651737
5907,4463,448387,47611,6519,182572,698200
6296,4111,121097,40389,5926,297159,477645
5907,4815,174995,36333,5667,1380348,1610658
5333,4055,263541,47889,5981,1352524,1681490
4777,4204,146770,43056,5889,227653,434868
8999,5333,135760,38075,3944,280867,475478
5407,4574,211324,92482,4352,173636,493535
9389,6166,325018,37685,4296,177739,562404
6259,4463,419229,42019,4648,185044,664015
9629,5834,489960,82723,4426,205479,800570
5463,4685,134560,41870,6019,1382931,1578065
6055,5037,532329,42222,5519,1316253,1911415
4740,4056,307614,43556,5574,1328061,1695361
4092,3740,147122,41537,5352,246339,449849
9277,6463,141056,41555,4982,275256,480682
6425,4741,248694,96055,4204,140581,503441
4777,4037,374406,38815,4241,1167640,1596472
7963,5648,437618,38815,4204,175081,671478
8667,5814,819758,62389,4407,362735,1265567
7481,4833,165523,36907,5611,1464061,1686972
5500,4037,233531,47426,5870,1420830,1719898
7444,5019,209798,36296,5371,212717,479386
4870,4408,148454,42352,6722,282450,490942
5999,5074,192037,92056,4333,159572,461219
7536,5019,291693,92908,4333,1161483,1564898
5740,4593,364405,39815,4648,1178104,1599268
9481,5814,463026,37277,4334,212489,734070
5870,5093,116717,44278,5945,288983,468498
8889,5703,193411,35334,5648,1409746,1661398
5555,4389,312919,32889,5056,1304330,1668361
7536,7223,361650,42148,5037,1449876,1875100
5944,4963,170380,73889,5092,226636,488960
9240,5611,257296,45778,4926,182016,506553
5518,4371,302711,97834,4129,1157076,1573658
7092,4945,402312,91371,4241,168646,681663
8907,5666,472877,42907,5445,239323,777681
5092,4352,120439,45055,6148,1410922,1594324
8944,5203,210170,43556,5278,1397079,1672861
6722,4888,341660,31945,5074,1251942,1644787
6999,5259,124130,55204,5723,261033,460978
7111,5240,161213,90574,4260,205302,475405
8370,5759,230851,44592,5130,185184,481460
6036,4537,343471,91537,4407,1200965,1653342
4684,4148,429979,41704,4315,261906,748755
9388,5611,672543,36630,5148,1230872,1961822
5722,4629,150772,47334,5833,1937382,2154450
5740,4704,235725,44389,6222,1377358,1676768
7685,5241,319436,46260,5667,1414663,1801582
8962,5482,165537,45982,6537,231515,466608
5241,3814,219712,38519,4130,202211,475979
8277,5482,274257,43038,4685,158573,496738
9055,6426,388766,42686,5925,141712,596645
7814,5222,452312,94352,4444,1162493,1729490
7111,4759,122911,41278,5778,293345,477812
7055,4815,168604,42852,6019,1348164,1579954
4870,4407,121057,36186,5259,288088,461831
6499,4834,347714,41704,5759,1161517,1570454
6777,5463,140296,45166,5797,269775,477478
5240,4352,372452,47649,4963,183821,620200
9500,5963,343276,88537,4185,1202955,1656472
7814,5259,401710,43889,5852,232212,698348
7759,5370,489997,43833,5185,174500,728700
7314,5296,125596,48093,6296,1416210,1610787
7481,5167,198993,38982,5537,1366775,1625658
8518,5481,287928,36167,5185,1414284,1759341
6963,5148,111935,58407,5000,262285,451275
4832,4074,182574,51352,6111,307016,557644
9296,5944,245989,91352,4482,170433,529571
7185,4926,323275,41352,4814,160167,543719
5925,4334,720303,68148,4241,1418517,2223394
5685,4759,823422,50334,5741,268866,1160789
8537,5352,150428,38482,5481,1439266,1649583
6851,5037,279030,37778,5315,1297108,1632805
9500,5444,329001,55519,4278,1178045,1584528
5907,4629,137435,38259,5149,293655,487460
6685,5000,188165,42371,6092,215814,466794
6296,4796,390693,45481,5371,1179297,1634861
6555,4500,364848,41945,5315,152036,577830
6777,4889,467228,39148,4871,226527,751088
9314,5778,117883,54685,6093,265633,461016
6277,4870,170021,38019,5389,1366821,1594102
6296,4814,266863,38204,5741,1314664,1639287
5518,4463,354019,39093,5666,1148342,1559195
6332,4797,141249,30648,5315,310526,500478
5351,4537,300425,35296,5500,200239,552923
10296,5833,296340,49852,6463,213212,583515
4703,4482,473126,37556,5352,1187993,1716694
6278,4852,479782,83167,4278,199342,780366
5222,4426,119197,48223,6518,328022,514646
4667,4481,912634,45055,5204,1246131,2220710
5406,4741,297714,31315,5426,1428109,1775304
8055,5592,374723,39018,5389,1161491,1596694
7481,5222,161563,44426,4519,241193,466442
8907,5907,233924,79778,4259,212758,548201
6277,4834,339135,44630,5463,130102,532793
6055,4204,415811,53352,7203,266685,754885
9370,5944,121577,40612,5574,1441320,1626490
7147,4945,149400,50778,6185,1383609,1604713
7073,5204,231853,39482,5648,1354878,1646176
7611,5352,317658,41944,5612,1189240,1569214
5963,4592,1085298,41445,5389,1384317,2529578
4852,4278,209155,84278,4296,176897,485424
6981,4963,276127,50148,4778,175926,521016
8925,5963,813266,41241,5556,1484905,2361505
5055,4685,471570,38629,5537,171816,698903
4777,4519,138966,43722,5648,271865,471072
8963,5740,165011,46574,6463,1379591,1614954
6666,4815,298760,39593,5648,1265638,1623194
6537,4518,392880,38000,5612,1119573,1569825
7389,5389,140813,91815,4500,226036,478498
5536,4371,213265,46575,4815,216842,493071
5388,4352,333071,44278,5759,1165365,1561898
6777,4722,421265,40833,6519,188602,670904
5370,4333,498884,77537,3982,1212624,1804378
5462,4389,136576,40500,5852,1417730,1613361
6129,4926,203973,47278,5759,1317055,1587898
4610,4408,287852,41630,5981,1409286,1756489
6833,4889,175934,59000,5944,198878,453442
4536,4389,178924,51519,5685,240814,488386
4592,4204,285821,59870,4297,139731,501349
6907,5111,390219,54963,4426,1177142,1640416
8944,5833,424116,42333,6130,203065,692403
7425,5315,818533,45740,5945,239331,1123845
5462,4834,139668,32259,5426,2049948,2239246
8018,5500,227066,41796,5630,1335962,1627676
8480,5075,320407,42352,5907,1196824,1580768
4925,4445,129396,49612,5518,267749,464368
4499,4519,225164,39685,5445,214555,495979
7092,5204,262005,45093,5426,180584,507386
9721,6315,386422,46296,5648,1183847,1641397
7185,5018,468912,43722,6519,189769,723403
6425,4575,248363,46074,6260,1309478,1623157
5426,4741,172834,38278,6407,1366990,1596528
8111,5333,265565,37037,5371,1352962,1676065
7536,4926,350703,47074,5741,1758155,2175728
5295,4834,129247,35389,5019,287287,469071
6574,5055,262720,46815,6352,181777,511849
6981,4777,700081,43778,5574,268432,1032994
8611,5889,403754,41130,4241,191482,656793
8944,5463,476189,38315,4352,246436,781829
6203,4797,124399,48278,5741,282209,473609
8833,5741,192982,40426,5815,1347138,1602917
6407,4889,292231,55167,4111,1318759,1684231
7815,5333,125924,51611,6093,273480,471942
5666,4704,190562,41204,5963,230935,480960
8055,5519,1199462,37556,5796,1374504,2634207
6963,4926,629561,48537,4500,1665369,2362579
6111,4722,447625,38203,5630,162649,666885
10666,6055,920727,62223,6426,1585035,2594651
15999,4074,136881,40426,5796,341264,547163
5592,4315,732613,48315,6407,1587077,2386450
5963,4574,318397,37723,5629,1420426,1795397
8814,5833,164091,47444,5630,242851,476275
5963,4555,428192,38482,5111,1289612,1773564
7666,5426,308570,30037,5129,138705,497756
6333,4778,350726,87482,4426,1164745,1620602
7036,4500,471013,41130,5870,224724,756866
5370,4519,277891,39352,5629,1439432,1773935
8722,5370,162158,44185,6185,1422036,1650305
5796,4796,263296,40130,5222,1434287,1756138
8111,5444,351749,43056,5463,1156667,1572676
7666,5111,176164,36945,5166,243704,477960
6648,4759,214117,50685,4722,206214,489460
5222,4611,303292,36019,4444,215353,570756
8296,5407,502134,36019,5203,275695,834903
8943,5649,491475,50037,5593,242168,805699
8555,5389,187761,39537,5592,310274,559553
5333,4500,198194,46074,5667,1330833,1592768
7740,5241,328351,43278,5426,1307398,1699082
7055,5481,160229,36945,5463,1823240,2040043
6851,5148,313479,42870,5759,1962527,2338319
5037,4574,4761111,45352,6278,1279946,6105187
4240,4111,343301,46537,5574,218122,624348
8462,5500,583659,47500,5538,1497032,2149765
5851,4815,115215,43277,5945,1371165,1548843
4963,4518,153908,36482,5666,1416139,1624084
7815,5055,263120,50075,6518,1358722,1693898
5889,4759,321110,47278,5907,1448546,1835156
5037,4574,158062,56629,4575,255324,486238
6314,5185,191774,39945,5222,246816,497256
5815,4740,265172,98722,4574,1191875,1573510
8981,5852,380920,36352,5704,1164737,1604602
7388,5370,486429,42556,5796,167919,717421
6666,4834,136954,46204,5574,1454925,1657065
7037,5074,164296,38333,5482,1383268,1605268
6204,4611,258304,49463,5908,1347630,1674583
5444,4870,351573,48759,4907,1140660,1558195
6555,4888,134488,41352,5685,306973,501497
9851,5796,211866,47334,6296,189131,472812
6018,4611,305504,79297,4000,1181005,1582528
5926,4796,423309,42685,5945,195353,681293
9129,5444,546744,45259,5593,1169302,1783508
6204,4796,123750,49871,5611,254969,447961
6611,4796,194537,38944,5408,267405,520294
5667,4592,289027,67092,4334,1368648,1741342
5629,4611,137534,47278,5667,261667,465534
10222,5833,178135,41204,5722,226918,470090
6870,5093,241588,82092,4167,214501,555979
5833,4371,312299,82056,4222,1498115,1908841
6555,5000,416753,44870,5741,207262,688737
6332,4500,808392,39130,5722,1219152,2085228
8759,5852,131287,37870,5648,1413704,1605065
6092,4926,268517,37112,5500,1324417,1648490
6666,4796,314526,41408,5926,1420426,1796323
8055,5351,134534,48482,5740,267760,471904
7499,5111,209153,37593,5574,220325,486923
5741,5000,312569,43278,5537,127502,502035
4703,4519,354132,86371,4426,1176376,1632861
7370,4981,469104,42112,5833,169336,701440
5203,4148,121482,38278,5537,312034,488294
7240,4797,177508,37185,5575,362358,596256
5611,4352,254702,46371,6629,1271011,1590750
6185,4759,343266,46704,5648,1132077,1541343
5221,4556,133107,43667,5185,284779,479923
9184,6000,214116,45482,4685,214807,495812
8722,5500,286939,79500,4481,125114,513016
6889,5037,457003,81537,3667,176900,733163
8777,5834,460733,42296,4352,251207,774903
8833,5370,260223,44722,6296,1320176,1647657
6647,4759,192268,41963,5667,1340482,1593805
8184,5500,279091,41352,6185,1456510,1798415
5647,4723,117487,62685,4407,261936,458775
5481,4555,154088,51278,5908,266872,490627
4314,4296,294356,40630,5833,152160,504312
7388,5130,340605,38834,4462,149559,548145
5389,4222,450317,37852,4315,150309,654997
5074,4111,581288,41889,5630,1396996,2038229
6555,5185,151463,38963,5629,396072,605515
9277,6019,219137,48130,5889,1339483,1630009
7074,5056,318405,49259,6500,1412621,1801620
6851,4852,156820,53260,5815,272862,503016
8833,5648,221125,40278,5796,153428,438572
6295,4945,299189,43889,5796,151141,513311
7851,5611,398846,39870,5574,177281,637441
7296,5185,472205,47000,4667,218253,756125
7462,5278,259824,39241,5574,1370536,1689953
7185,4963,160258,41666,5815,1411714,1634231
5555,4611,264415,55648,3852,1273520,1610176
6833,5000,345238,44778,5963,1150808,1560713
6444,4759,128727,92612,4685,226011,465868
5037,4555,201847,49222,5204,204132,472553
6629,4685,319985,45944,5741,1160784,1546380
6629,4518,413234,37296,5667,219966,689347
8537,5981,510557,42334,5500,157364,732589
6037,4444,273268,42648,5389,1363796,1698194
6629,4649,243053,40278,6037,1306807,1610046
4759,4629,291155,55408,4481,1315502,1678842
5277,4648,386682,45722,5778,1149865,1600342
6832,4648,153801,67333,6352,231419,472515
5629,4574,275679,39649,5296,187188,521312
6092,4389,233446,50408,3926,261735,562422
4999,4593,420511,46500,4852,213096,696310
9074,5666,636261,40129,5908,1426653,2126358
7389,5166,148193,44464,6796,1459075,1673620
7351,4926,227424,53722,5370,1481233,1782341
7907,5240,309006,35871,5333,1295281,1661083
7092,5056,404126,34796,5370,1150847,1609287
8314,5259,175597,46111,4370,247957,489460
7425,5296,281383,36352,4481,168430,505738
6574,4611,355021,49907,5389,1168563,1592213
9055,5777,502659,45797,6018,156782,728032
8573,5278,286500,37000,5537,1389027,1733971
6759,5074,160581,33019,5500,282619,496775
8666,5704,253886,43722,5852,1404067,1723731
5407,4093,110486,48963,5611,265548,442479
4518,3778,153717,40130,5426,280057,489257
7073,4963,231874,42815,6537,201457,496275
9388,5945,286622,89815,4834,173948,573256
5296,4037,396057,40630,4370,187921,639959
4204,3833,469936,53518,5982,177745,717885
6907,5185,143054,40537,5852,1480380,1684620
8685,5519,191821,42389,5760,1368520,1625324
7296,5129,284294,65518,4278,1326308,1694972
7758,5463,109690,44852,5685,271456,446997
6148,4777,146217,40426,5796,283818,489553
6963,4944,227318,46833,5185,212050,504960
6907,4444,331919,54056,5629,1204832,1609491
9129,6056,429890,43555,5500,248884,744625
8278,5518,504213,82649,4685,1174647,1782027
6925,4889,130665,38667,5463,1475640,1663972
8388,5593,219043,32704,5037,270083,543423
6184,4556,317107,54463,3778,1253087,1641231
6852,4963,117189,47833,6297,280085,464868
5721,4426,230809,43759,5297,181096,472664
9018,5759,1096153,37185,5500,148951,1304659
9277,5611,368530,44759,5037,1213535,1649342
6648,5166,457631,43907,5815,194532,715737
7462,5278,122267,37963,5611,265138,446441
6425,4667,175646,36814,5482,322629,553311
9314,6074,249228,42390,5500,1361650,1675731
6870,4796,342459,41741,6129,1155310,1559620
6481,5481,163837,41741,5722,232457,457294
9907,5648,230308,36000,4926,183522,472812
6092,4814,309187,51278,5426,143866,522700
5036,4278,494214,43352,5704,133504,688736
5129,4148,488723,42685,4426,155273,702403
5389,4092,167878,36759,5537,230805,452424
5407,4240,190812,37686,5463,1396085,1641657
8870,5481,319154,35963,5593,1309484,1687064
7129,5945,133828,58241,4500,262076,473294
6425,4685,141540,86963,4926,234217,480349
6166,4778,243845,46222,4278,175856,483257
8852,5778,311297,82371,3629,162977,576553
8943,5982,414010,40778,4648,161783,638681
6777,5111,491944,78093,3926,1216841,1804322
5666,4074,2450625,38574,5630,1438222,3944810
14593,3666,514210,43889,5926,203323,788774
7962,5408,310394,52907,6260,1343614,1728249
6741,4907,251476,41056,4426,161484,472887
6741,4759,180780,44537,4834,246550,489775
5222,4222,267548,45944,5704,143449,474497
4388,3778,392093,37223,5833,1186823,1632194
7277,4833,474491,37519,5611,217171,748625
9315,5963,120461,46537,7018,374555,565368
8407,5333,159062,43704,5741,1428465,1652713
9018,5574,293959,41278,5963,1299994,1657861
8722,5241,336041,38815,6019,1182115,1579472
5315,4426,150882,43148,5352,279004,489701
6518,4630,219650,44241,4389,215365,496812
8518,5834,303010,37926,4630,180949,542812
7463,5111,426926,40797,5611,1147305,1635121
8555,5555,464583,41167,5278,147431,675699
6481,4445,125053,52315,3722,274500,468479
6481,4944,195765,46074,5593,319639,580182
9148,6167,278514,59981,6334,1337457,1700713
7147,5093,372708,41092,5204,1151561,1585435
6888,4741,188104,30686,5222,251578,490219
5481,4500,261946,40982,5074,224828,544516
5592,4352,342973,52186,6222,294986,707904
7407,4778,435333,37500,5389,164589,657015
6351,4778,821879,44167,5482,1374403,2259709
5333,4407,143034,40685,5982,1395494,1597287
6499,4852,225672,47463,5482,1374225,1666768
5018,4019,317421,82797,3814,1425568,1840286
6777,4797,127558,41241,5907,310920,498701
9499,6093,227067,44796,5352,179097,473441
4999,3908,270945,88223,4963,175699,550293
6481,4704,354695,39703,5649,174801,588164
6407,4852,457462,37575,5703,186589,700218
9111,6351,450249,47907,6056,415098,937180
8703,6000,152996,42760,5407,325686,543571
8406,5612,255319,55426,5908,1309707,1642860
6462,5481,1033368,49389,6648,1226582,2330745
5611,4278,202724,44852,5463,203236,468960
6926,4907,204251,32056,3945,220931,476423
5184,4167,312871,47259,4352,154830,530663
6704,4888,380528,44963,4982,208116,652219
8907,5963,494740,46555,6149,174904,738848
9222,5666,126766,46537,5815,290102,485738
5388,4241,240255,43630,5834,283463,584441
3796,3703,335190,41241,5444,1299264,1690194
8036,5482,136771,37741,5500,278948,474312
7425,5519,165242,53778,5556,242329,481460
6222,4111,249047,88815,4741,203968,558571
6852,4944,315926,51519,5315,1208027,1594121
4685,3981,430435,43240,4630,172284,662181
5870,4944,616203,37870,5371,1237027,1908915
8741,5425,127654,41315,5445,1454133,1645991
7036,5074,232829,56297,4000,1343513,1651379
4666,4018,323060,46074,6241,1188653,1574417
4815,3907,153715,61223,4389,246596,477294
7203,5149,240390,32259,5167,191477,483701
5259,4611,581140,47389,9908,1720327,2370357
8314,5518,352704,43148,5796,163034,580163
6240,4537,430286,55907,6537,167544,673088
7555,5130,125867,37667,5370,1428735,1613546
5536,4778,158023,41149,6037,1377578,1594805
5481,4222,295866,46407,5741,1267014,1626768
6388,4871,336485,40870,5982,1150987,1547528
8870,5518,339567,38019,4685,1256812,1655139
6574,4907,252631,40481,5723,174718,486627
8277,5797,288842,45723,4629,150469,505830
6759,4926,381906,48741,6463,161331,612922
5518,4093,1303547,86482,4315,173369,1578991
3907,3760,132607,41185,5834,1460512,1649769
6815,4981,195727,86445,4351,1357653,1660528
6610,5000,878515,38815,4074,198979,1133567
9574,5592,123743,49445,6259,294902,491090
5963,4722,173807,66852,5833,234246,493423
6444,4871,261574,40982,5500,188311,509683
8889,6018,332064,83130,3834,1172685,1609769
6259,4796,404147,40666,4371,186997,649811
6462,4445,510562,80371,3630,1216185,1823304
5666,4296,129681,47186,5722,1468661,1663768
9407,5499,214782,51464,6203,293641,582552
6740,4815,309716,46000,5074,1335663,1710008
8833,5314,117428,42389,5018,262274,443719
5722,4537,166362,49648,5352,242320,475553
5648,4092,268611,96519,4574,170738,551756
6277,4611,360898,72611,5759,1160093,1612305
8870,5500,458498,37537,4389,198776,715885
5148,3889,497210,41334,5314,1373686,1929230
6314,4815,156125,38000,5426,1392643,1605953
4740,3907,744209,71056,5537,185711,1017512
4129,3685,384401,36501,5444,1278626,1714842
8426,5611,132594,101574,4593,220533,474887
6722,5259,206232,43926,5630,206321,476090
7073,5074,278037,96815,5148,131923,526126
5074,4278,400748,43038,5611,143266,605738
5518,4482,471331,39574,4407,186887,713848
5703,4111,130653,42723,5592,353233,544682
6759,5278,185569,49407,5759,1323552,1578899
6426,5111,320299,31556,5333,1247395,1618676
5481,4463,381030,35630,5000,1489440,1922823
5129,3963,146297,96704,4963,225274,483886
6703,4426,212620,81759,3463,175840,487497
4518,4074,322018,49926,4814,195757,583793
5129,4000,425859,39167,4667,187044,667422
9629,6129,490387,48111,4704,147480,708514
8851,5704,122541,33574,5333,317141,494719
6240,4278,219494,43704,5796,1767957,2049432
5240,4111,310836,47630,5981,1380765,1756545
7722,5333,188529,32593,5277,237432,478868
5870,4371,200500,67574,4944,199331,484572
7425,5092,266602,37259,3815,146618,469256
5703,4259,362480,81964,4629,1171714,1632731
5870,4278,431859,44518,4889,183675,676700
9370,5611,118921,32056,5407,314150,488053
6203,4907,152078,42352,5908,323622,537052
5888,4611,253568,33482,5463,1396885,1702397
8722,5315,338076,38167,5278,1148711,1546343
7037,5037,155102,63964,4185,249376,487164
5166,4370,225648,49222,4704,178386,469089
5648,4314,296268,80796,4167,1174612,1567861
5907,4500,367368,38945,4278,163424,587200
7222,4852,470858,49000,5667,179563,719181
8629,5704,154699,44389,5555,342502,563571
6444,4611,187411,34555,4815,1397672,1638231
8222,5370,276604,67186,4963,1340330,1704286
5314,4055,129872,42185,5074,272015,460997
6814,4834,175083,39722,5501,232413,466368
8888,5945,226128,46260,4463,221183,514460
8888,5481,302304,37686,3944,225045,584922
6499,4889,407127,93279,4703,201739,719774
8925,5741,505450,44445,4222,1207761,1778082
8537,5481,124143,45500,5833,1473570,1664657
6851,5000,218503,49074,5463,264364,551941
8148,5037,309085,89964,4018,1460552,1880119
6055,5112,125241,45981,6260,272941,464183
5129,4481,201435,39630,5315,217192,474849
5352,4315,304406,31944,5482,166535,520090
6573,4889,375211,37482,5370,130823,562385
5148,4278,451404,54796,5834,161943,687200
6222,4593,124967,36037,5278,295974,475090
6389,4907,154939,42481,5500,1452404,1668620
8999,5352,244410,64389,4241,1376580,1706064
5426,4592,340196,43297,5629,1381516,1782731
7962,5463,131685,43334,5666,247979,445423
5833,4611,207323,42574,5556,208655,477109
5166,4204,281609,82389,4093,149962,530053
6722,4611,384062,45630,5222,209360,657515
5684,4241,491349,48092,5926,168629,725866
5888,4241,308764,42870,5259,1178432,1548213
5962,4667,185179,44167,5518,248059,496127
6258,4426,279243,48297,5055,1340710,1686212
5444,4648,104880,72186,3796,254025,446701
5277,4370,145074,45092,4593,280016,486034
9777,5963,212582,46426,5111,196342,477794
7610,5500,335350,44204,5722,134091,534459
8610,5352,455247,44297,5944,179860,701033
8814,5463,507792,34130,5685,184518,749051
8573,5556,131373,46186,5722,1515913,1714953
7111,4815,224326,49982,6055,1325646,1620102
7222,5074,344501,38463,5612,1299544,1702898
8147,5111,142602,37408,5777,253025,453608
6111,4537,186851,39481,5148,243350,488849
8574,6092,284008,31000,4889,136360,472849
6666,4778,378553,61463,5481,1183197,1641861
8778,5500,429635,84519,4555,1172077,1707620
5444,4055,146921,36240,5223,1415329,1615213
6573,4889,159410,33222,4926,1348933,1559861
8203,5389,246233,90482,4352,1243720,1600416
6981,5129,343853,45019,5815,1139341,1548046
8592,5481,176046,37130,5092,224100,480164
6352,4944,208091,36167,5315,199739,462572
5907,4593,330655,34259,5760,167100,549905
8369,5556,431423,30815,5296,196740,679810
8666,5759,467561,52834,5000,208120,750440
5388,4093,162642,45278,5667,340243,565904
6518,4611,180780,38129,5445,1461284,1698508
9148,5425,313011,30463,4945,1368775,1733953
5666,4685,127444,54667,4371,257312,456405
7889,5518,125119,90445,4204,267340,502182
8351,5537,244739,40852,5148,161518,469516
5925,4815,306765,79538,3500,1172077,1575268
5518,4352,410478,37926,5592,187259,653867
5444,4185,480912,32538,3981,204454,734052
8351,5815,122234,47518,6037,1380961,1573250
7240,5093,215557,37834,5055,1331119,1604657
5092,4019,138695,30444,4945,375820,561553
5684,4556,167129,29981,5000,256202,470163
4814,3834,171803,45075,5574,245563,478275
7462,4778,242053,85945,4370,169388,516052
9518,6130,341413,41389,5407,163325,568812
8648,5630,416162,37297,5333,242852,717515
5537,4130,121410,38148,5130,397234,573182
5074,3833,626254,83741,4166,177797,903384
9370,5667,236779,39667,5259,1385859,1684213
7222,4815,336546,40760,5148,1385943,1783064
6796,4889,152424,38963,5297,258350,469405
5203,4167,243785,33945,5592,192027,486405
5500,3740,376961,31481,4945,1161438,1586639
6888,4907,385395,37352,4407,162417,603459
6759,4833,460848,53815,6351,190408,724959
5906,4538,244854,39093,5630,1403690,1707027
6203,4611,183048,38481,5426,349968,589348
8907,5704,282075,43407,5111,1274860,1622046
6370,4593,144564,39463,6037,244489,447165
9462,5963,142128,82260,3963,240295,485701
5666,4222,250674,46629,4704,180324,493756
5981,4685,402071,38648,4556,206703,664274
4610,4315,412060,38760,4685,163825,630977
4573,4334,501217,45852,4796,196353,758699
4481,4203,136965,53945,5981,366347,573422
8778,5814,207585,40222,5537,1354647,1625898
6629,5055,298001,35981,5352,1408971,1762063
8037,5204,108915,45463,6056,270730,447146
7611,5278,165849,38889,4852,260518,485035
5721,4593,292414,34703,5593,129102,474108
8869,5611,330200,35537,4223,188074,575904
8703,5371,433708,45593,4870,202084,702385
7999,5278,138901,46315,5759,1378460,1585342
6869,4963,150187,39222,5500,1417860,1627212
6962,5000,456362,37001,5370,358281,870606
8148,4870,328500,37852,5574,1162583,1549565
8481,5444,148452,38870,5519,286249,494626
7332,5278,224090,38963,6074,187648,470923
6036,4278,331228,31685,5537,1157115,1538787
5722,5148,404125,30426,5315,1154162,1607065
7203,4963,476023,50389,5314,210677,756125
4629,4352,143363,40093,5778,1454775,1654953
8573,5278,179705,38815,5796,298940,539663
6555,4685,269324,49963,5648,1398648,1737416
6462,4926,167629,37796,4408,264979,488682
5758,4463,129952,97963,4815,217545,462534
5500,4481,236608,92556,4944,200056,545867
8999,5870,337135,50408,6481,1169875,1580768
5722,4796,482699,42038,5407,159649,702848
8944,5888,543263,46704,5352,1176671,1788786
7740,4815,137196,48222,6037,331357,537404
6814,5000,212557,40907,5796,1335768,1609972
6037,4518,306602,46203,5667,1278704,1650565
4870,4814,391481,43333,6537,1179788,1632472
5999,4685,231007,36759,5297,160787,447219
5333,4500,308163,47648,5815,122593,496145
4518,4129,366172,40241,5833,166492,589941
6981,5037,432661,64722,5704,233890,751014
9425,5889,125150,47297,6000,380124,575589
5833,4574,153269,44945,5685,1495925,1711861
8333,5241,236722,42556,6111,1312787,1614306
5481,4315,147230,39278,5722,235675,439294
7870,5759,165442,42056,5851,249981,478793
4777,3944,212802,43223,4259,216399,486997
8592,5500,281181,37611,4296,187057,526312
8518,5445,384375,50759,5074,167325,623441
9296,5833,455568,88945,4704,203371,770366
8147,5519,162353,42407,5963,1450545,1676545
7130,5000,181768,38352,5463,1894719,2134377
7462,5167,273796,57037,5555,2025376,2377486
7203,5037,357360,43981,5760,1153371,1574713
6740,4648,1527001,79241,3889,1398648,3022167
8833,5537,189450,71963,5315,204843,487608
7425,5315,321365,44538,4537,152149,537626
6648,5111,397485,81797,4685,148770,647237
7296,5278,496086,39278,4629,1179608,1735046
6129,4315,129538,45111,6148,270460,464627
5777,4519,260806,45981,5926,1303629,1628287
8296,5519,1062557,67889,5481,1282262,2433986
6296,4926,153710,37908,5500,273212,484127
4703,3944,183201,66722,5704,224482,491404
6036,4612,262134,88778,4482,1167171,1535195
5167,4388,334477,46056,6407,179705,578812
4314,3926,440170,47815,4408,200140,703422
5722,4388,124437,46722,5741,1428832,1618879
45129,3944,115834,72093,4778,329607,573312
5573,4445,242083,37259,5037,1302241,1598676
9666,5704,327054,45575,5463,1316176,1712861
6129,4629,418026,45667,6185,1429297,1912674
8536,5815,645201,40501,5537,1473952,2181932
5574,4333,299505,46796,4611,190770,553238
9166,5796,368402,84278,5055,1173367,1649342
7296,5111,780207,57204,4074,1031726,1888804
5389,4666,254363,41963,5296,1343480,1657120
7536,5111,228093,44037,5982,1382434,1674842
5499,4741,312786,36963,5722,1274853,1643323
8518,5037,126831,57667,4667,285796,491127
5592,4593,165283,45556,5371,251250,479423
9295,6426,262829,43575,6314,181205,511997
6221,4334,308522,39741,4333,159067,524237
9796,5908,410271,50593,6093,146761,631960
6833,4741,555039,36556,5259,1222487,1832767
8167,5314,119491,38519,5333,295895,475257
8999,5315,204925,34204,5500,1345547,1607194
6851,4834,299952,45667,6055,1345260,1710823
6740,4871,134626,46908,5444,268519,469146
9259,5870,169264,45130,4796,238492,475608
5833,4333,245828,87334,4204,181816,532126
9166,6204,358114,41852,6019,1160913,1584398
8555,5704,434289,38093,4352,164058,656959
6741,4777,839726,53481,5815,236176,1149420
4999,4593,151305,39778,5667,1370611,1579861
5666,4537,1020520,64370,4315,1392114,2493596
5481,5111,334081,57278,4130,1343797,1751804
7648,5111,133422,35556,5630,282278,471738
8722,5741,174319,49685,5445,243066,488645
5481,4611,290754,53463,6759,205984,568719
6425,4908,413892,45574,5778,1148969,1627583
8463,5555,460901,85241,4129,167392,733718
6684,4797,344482,45019,5759,1143101,1551787
6629,4852,179286,44186,6370,286581,531367
6129,4482,276572,38778,5704,1357066,1690713
5426,4666,407674,46537,5463,1108577,1580287
8537,5463,1041943,40704,5925,192198,1297252
5185,4592,253986,39982,5833,193622,505608
8092,5926,320531,49186,5000,1209959,1601139
4629,4074,717170,38482,5278,1324391,2096340
4777,4444,501882,77463,3796,1218053,1812322
7074,5074,127296,48944,6222,1454880,1652953
6685,4889,210656,36463,5407,1428279,1693879
5814,4815,303646,48259,4908,1329603,1699064
6167,4685,116228,45981,6037,270696,452739
4851,4537,206125,42038,5722,199983,464905
6018,3981,266856,40426,4722,156586,480645
7369,4982,334290,79259,4093,1213034,1644620
8814,5444,450280,44945,5852,260234,777125
7759,5074,852456,37426,5333,1898676,2810188
6481,4722,148610,42334,5555,301813,512108
7629,4889,273007,36815,5778,1380871,1711508
8333,5185,325682,38741,6000,1390400,1775953
5944,4833,126487,42000,5685,313529,500071
6463,4500,229199,41222,5444,179688,468572
8518,5889,266818,83297,4129,1212358,1582658
5055,4370,375216,47630,6389,145373,586534
9315,5685,474631,49130,6093,1170877,1717750
6092,4611,121083,65481,4223,264729,468219
8296,5703,173184,44241,5796,2003341,2242561
5407,4463,214840,45445,5241,1683185,1961304
4777,4278,357052,44389,5371,1142846,1561380
7203,5130,131893,79889,4241,244234,475053
5629,4259,223124,42204,5519,192262,475053
5925,4463,324632,37945,5370,142568,523497
4889,4574,415641,45648,5648,211337,690348
3907,4370,488816,46704,5629,154402,705458
8833,6111,130286,44445,5629,278360,475257
5296,4463,208905,43704,6370,1369196,1640639
7055,4963,295469,36815,5389,1332447,1684786
5704,4425,390219,45908,5574,1698880,2152932
8666,5833,171708,37093,5648,251604,482201
4944,4630,281179,45167,5370,188688,531534
8684,5426,906764,36740,5241,1462686,2427171
7166,4963,453881,30296,5223,226133,731255
6815,4870,120407,50407,5704,1377584,1567991
7592,5185,143600,39482,5593,1414908,1617972
8778,5814,231498,36204,5370,1330289,1621417
5425,4408,333487,41741,5685,1295707,1689194
7147,4870,167459,35741,5203,254095,477237
5777,4445,215022,94407,4204,129438,476756
5833,4926,301327,47407,5759,163226,530553
9074,5926,367594,37834,4555,146217,573590
6426,4537,464195,46167,5407,1209387,1737935
8315,5277,128722,43851,5519,302035,495349
6889,4981,177822,41371,5037,1384057,1621787
8555,5241,268868,56703,5556,1345808,1693416
5907,4722,398172,44704,6370,1116837,1579972
7221,4815,164143,74982,5796,225891,485404
5610,4778,236466,39074,4463,167550,459960
8777,5704,291289,47000,6204,151504,512423
5926,4592,431835,32908,5222,150013,632478
6814,4889,534436,30963,5055,1752810,2338116
9018,6445,157017,53870,5982,303202,537442
5389,5111,211821,39723,5648,1420335,1689953
7777,5260,344274,46426,5852,1328141,1740490
5518,4481,126171,43445,5741,264011,452108
6333,4833,191643,42907,6111,216985,472090
8184,5815,295651,30259,5593,193735,541793
5851,4926,335733,41833,5334,142578,538033
5000,4444,1014188,45481,5667,1346761,2423616
9536,5982,824307,57907,4463,1388384,2292709
8518,5130,567906,44704,5408,1317026,1950600
6074,4889,252302,38852,5112,1424076,1733268
7185,4425,329849,34185,5648,1419975,1803230
5869,5186,131522,62871,4148,280734,492367
6222,4592,198790,48908,6092,199282,465830
5944,4537,306910,41407,6260,152217,519219
9277,5871,385010,46186,5796,164245,618978
6684,4908,446537,39426,4482,278069,782699
5333,4741,128730,44667,6018,259453,452072
6352,4852,172349,39704,5981,1441623,1672620
5703,4722,265395,44315,5611,1282503,1610194
8833,5611,348514,41408,5926,1397882,1810064
5426,4796,160392,46185,5982,241883,466590
7222,5092,271716,44037,6945,180411,518182
5815,4500,315131,50130,5203,1163027,1546399
5759,4389,420936,90037,5093,185412,714126
6259,4741,485777,49834,6278,177421,732348
7573,4723,128896,43000,5796,264749,456756
5481,4352,206126,43908,5407,286981,554237
9295,6278,289820,46649,6185,1361003,1720971
4833,4407,440218,44889,5777,1139495,1641305
4444,4426,237392,37648,5611,191883,483034
9722,5925,268049,40907,5593,153819,486664
4815,4425,354779,48630,6408,175384,596960
6444,4926,427102,45278,5722,202394,694181
7314,5018,2420580,54167,5833,297219,2791946
8036,5500,2165161,76352,3889,130195,2391208
5981,4926,1779483,47352,5648,1404998,3251092
4352,4240,2389662,54500,5167,1265465,3725386
4833,4093,3253049,44538,6037,1397385,4711621
5796,4630,869436,40945,5814,295353,1224715
4055,4111,2391507,36223,5370,1572988,4016624
6240,4796,1416411,39204,5222,148857,1623305
7110,5149,1620389,44926,5889,282914,1968970
5166,4556,866981,37908,5277,273345,1195863
6018,4814,1718030,42907,5426,1345101,3124907
8463,5740,2884728,85130,4111,199976,3190574
6629,5018,1996124,44000,6130,260288,2320838
7666,5426,1214738,39166,5334,1402043,2676059
5573,4371,2562879,81056,3944,169660,2829687
5943,4908,1407199,50852,5833,324828,1801471
8166,5519,1418726,67463,6481,1476739,2984761
5888,4371,2422329,46445,4481,314729,2800947
5370,4185,143701,42593,5259,260186,463683
6852,5352,202209,37278,5518,1373318,1633046
5796,4741,293218,41148,5593,1346531,1699231
6796,4852,124762,35556,5426,275753,455609
5962,4519,161141,79481,4130,204782,462571
5166,4593,264446,41296,5537,1283045,1606398
4407,4370,370788,42704,6037,193023,624682
6925,4333,406463,45519,5777,146423,638718
9258,5723,857083,43778,6296,1401477,2326190
5092,4482,162274,38315,5686,1410271,1628917
6499,4889,236376,43074,5778,1314022,1612416
4888,4722,320773,48296,5482,1460142,1845952
4962,4778,132873,55018,3963,256588,460960
4925,4204,204715,50296,4722,211560,482053
4351,4371,239648,39482,5667,1442433,1738749
7537,5222,373232,80185,4019,235412,707848
8777,5741,458481,42889,6000,226477,750403
5610,4408,295951,41667,5685,1369094,1724341
6722,4999,170367,39926,5222,1440791,1670027
6518,4797,300819,37926,5500,1284171,1642935
6722,4444,357458,56870,6222,1131386,1565046
5388,4278,137891,47204,4537,275977,476923
5000,4648,209677,79963,4408,171023,477331
6278,4777,311223,40408,4740,1179880,1549288
10481,6018,379342,46815,4741,169987,620607
6741,4740,488314,84852,4389,146441,737792
5240,4407,126821,35519,5185,301195,480979
6074,4314,203385,43296,5778,286335,551812
5277,4371,333689,38834,5592,1327153,1717453
4259,4129,139068,40278,5481,244560,441034
9332,6093,156409,37222,4426,259959,476293
7018,4741,247176,45667,4685,153858,465145
5851,4259,353741,45667,4407,1212972,1629768
4481,4408,441953,36796,4389,263728,757792
10315,5777,626944,43037,5500,1434396,2127636
4740,4260,143597,38723,5500,1478244,1677768
6999,5037,237773,55612,3870,1308829,1620250
6833,5056,323263,39555,4963,1313264,1695657
5814,4852,136974,62297,5166,271542,488293
6407,4592,185946,90778,4685,167200,461812
9388,6297,282454,41055,4167,1177481,1523491
6425,4611,674852,48927,4907,1436839,2178117
8129,5408,462508,79574,4093,153469,715700
6129,4481,127664,47926,5518,294630,487979
7962,5574,167449,39649,5777,1425634,1654638
5518,4537,318884,47167,6204,1279773,1664676
5259,4389,882986,37537,5648,220489,1157901
6703,4981,127826,80759,4852,266672,494330
8593,5796,223371,51389,5204,203959,499868
4648,4333,304546,47408,5111,202210,570404
6500,4629,401907,40426,5481,1215029,1675954
7129,4463,494211,41148,5741,194377,748606
6240,4685,122682,69389,5037,361908,571441
9296,6352,197504,39186,5259,1401727,1661898
4721,4371,298401,45815,5852,1339626,1700897
6463,4444,125706,58130,6463,253180,456979
5370,4167,164066,38537,3944,251969,469701
8444,6074,276241,39778,6666,170867,509682
7240,4778,338934,40130,4444,1176390,1573879
8499,5630,438776,44982,4981,154350,659700
7000,4889,847008,45259,5759,354689,1267678
5815,4963,141402,39834,5296,1429773,1629657
8703,5370,145226,53315,4000,236420,455812
5407,4389,329308,44000,6075,1357199,1749249
6295,5000,166354,67537,5741,247273,499811
4685,4629,236399,43093,5926,180617,477775
5926,4407,290833,66519,6092,139016,515516
4648,4000,412508,45574,5537,1178834,1653824
5870,4574,452906,42370,4352,214331,726089
4463,4352,303728,48148,6092,1176226,1545065
9259,5944,165828,43352,5574,1442514,1674064
4610,4352,270152,46500,6055,1414394,1747860
8166,5796,395438,43963,6204,1139275,1600491
4351,4797,199649,35944,5686,220292,472757
7296,5203,208325,45222,4444,204710,477257
6907,5074,705093,38518,5593,245086,1009105
5962,4500,419934,41852,6352,173248,654533
5018,4352,509201,44704,5796,220831,791884
6369,4797,126671,52648,6112,284566,484534
8944,5926,197254,36407,5408,1326440,1583157
6500,4611,289410,48500,6167,1334487,1691287
7999,5278,390141,39352,5778,1191497,1642601
5593,4351,193890,43389,5722,231867,486349
6629,4759,283861,40000,5611,194507,537848
5332,4389,388740,32352,5185,1193121,1630805
8148,5500,131080,41352,5556,259139,452831
5611,4630,516552,39963,5778,1200344,1775786
4981,4407,142041,44352,6315,1479616,1683546
4852,4666,276087,45889,5722,1314219,1654157
7166,5055,323892,53241,4370,1360821,1757101
5296,4463,136991,47408,6055,274525,476812
6463,4944,187056,85944,3908,199126,490275
4999,4278,291916,41981,4297,224303,573385
8999,6074,360961,51630,6037,111480,547922
6648,4666,465026,39574,5222,181082,704848
5259,4555,268848,45019,5796,1377753,1709842
7814,4944,264745,53093,5870,289733,629459
6647,4537,257846,38963,5278,1383218,1698156
4851,4556,359428,80371,3963,1320265,1775082
5037,4296,222121,49407,5852,200895,490331
6777,4852,293981,45222,5778,214960,573237
4851,4537,369305,37870,5426,1214482,1638916
8796,5926,399535,41982,5796,208072,672182
6833,4963,475358,93889,4760,189489,777940
5259,4315,123106,66944,5074,259336,465646
8110,5945,198225,54685,5315,1326691,1601435
5518,4426,294882,46907,4982,1347515,1706342
6574,4722,376409,50370,6204,1143934,1590250
7314,4982,229824,53093,4611,193506,495405
6037,4500,265888,41426,5907,216961,543053
5370,4611,408675,38352,5777,1188002,1653157
7185,4444,476220,33259,4815,124536,652626
9185,5870,765414,62908,4241,1349184,2198728
6222,4611,144124,42315,5908,1429848,1634676
6870,4722,271614,41333,5704,1310561,1644342
6240,5130,329659,39630,5352,1321997,1710083
5870,4944,236890,40352,5648,172959,468293
4814,4444,203861,45333,6315,209155,476238
5518,4592,342981,40426,5685,1178436,1579620
5148,4500,680452,41760,6000,239319,978828
6092,5407,482053,52759,5852,141702,695459
9388,5815,256486,40371,5814,1309857,1630324
6092,4796,169383,43852,5444,1409793,1642768
7277,5167,299558,41185,5537,1294099,1654509
4926,5111,350177,40741,5889,1447608,1856045
4018,4129,173537,44408,5796,236720,470701
6314,4870,239397,36945,5370,192989,487608
9314,5648,311480,52315,3037,140869,524701
8870,5537,383285,49740,5463,170657,626145
7166,4982,522163,31278,4907,158055,730588
9259,5889,1376544,32982,5426,148353,1580491
7981,5389,203141,51130,6037,282318,558608
6703,4481,325632,33111,5167,1312544,1690175
7240,4944,288399,29723,5037,1370924,1708008
5555,4703,150740,39649,4314,274887,482515
4352,4462,254749,90148,4519,177063,536867
4389,4074,341016,35129,5519,177332,569997
6629,4759,443228,30760,4888,204287,697940
5814,4593,661756,50611,5981,1426010,2156747
7055,4944,134596,42537,5407,1385044,1582417
5758,4797,229400,46333,5908,1431108,1725804
4815,4444,362464,34982,5500,1249489,1663676
9073,5815,400306,48722,5797,1141980,1613731
6296,5203,221592,38426,5092,208647,487849
6684,4723,306396,30722,5018,217879,573015
8500,5518,397460,42315,6167,153814,616275
6110,4649,434838,45482,4796,208565,706996
5370,4333,251346,42445,5407,1370829,1682305
6259,5093,182280,32148,5315,276846,510034
8721,5760,259659,43944,6074,1303980,1630120
6777,4759,397798,35889,5370,1105749,1559046
5555,4463,157915,30130,5019,291933,496663
5758,4445,243128,33426,5037,176665,469997
8758,5685,310340,31686,5000,1595296,1958988
5796,4593,439589,43371,5777,178611,680811
6536,4982,539820,38074,5629,127232,724810
7092,4778,124790,55259,3889,311207,509627
4296,4500,209206,39963,5555,1371711,1636935
8444,5426,296732,68908,4611,1317961,1705342
6629,4870,386056,49519,6093,1169490,1624287
5925,4241,384101,92834,4185,1240611,1733527
6666,4685,239794,81908,3518,178888,518164
4851,4297,346561,39537,5760,122250,525941
4667,4425,448423,48426,6092,174074,687793
4333,4148,1014617,45797,6055,1450016,2527652
3944,4444,141808,49778,5685,344282,551552
9258,5797,228686,58167,5426,238736,548293
7018,5111,1969404,37185,5593,305138,2331264
5315,4851,210666,57001,6185,171664,457350
8888,5926,201933,76630,4500,171046,470942
8721,5630,305572,67703,4315,129444,523330
6537,4907,381988,54722,5333,111639,567071
7389,5055,489663,59685,4185,160445,729126
4814,4500,126373,36667,5074,273513,454293
5648,4574,166067,43370,6259,1448646,1676565
6703,5000,252168,44408,5870,1329989,1646139
5907,4611,342806,38018,5075,1168851,1567232
8462,5667,173850,70148,5482,206758,472367
5592,4463,238655,96760,4389,168230,521368
8333,5444,337831,33629,4297,212018,603423
7833,5741,411746,94945,4333,1202614,1728861
5981,4481,487440,37111,4315,221889,763829
5426,5055,128947,42111,5371,267365,456868
5740,4685,201881,34371,5370,1396461,1650564
7685,5222,289982,51408,5907,1391860,1754008
5407,4463,115175,42055,6315,243008,418979
7240,5111,171239,96778,4408,196425,483849
5832,4797,279395,88371,4259,122139,506830
6259,4518,352460,45889,4203,1183513,1598750
5684,4482,454245,38315,4389,196287,705144
5592,4611,826921,44427,5759,1429842,2318801
6073,4538,154779,45537,6056,1397377,1617120
5148,4204,273195,54037,5000,1281740,1625417
5388,4908,323592,50056,5815,1342249,1733582
5073,4500,404268,43852,5852,1375036,1841063
4092,4278,216516,96130,4315,160962,489034
4500,4277,290858,41593,4518,194917,543015
9352,6222,385996,88500,4315,1212272,1708287
4370,4352,484041,39575,4703,1783223,2321820
8018,5333,300161,39129,6408,1322700,1684694
7592,5056,162316,37333,5871,1438026,1658787
7111,5296,253732,45389,5222,2093440,2412709
8351,6371,339573,50556,6148,1347324,1760212
9777,5574,185822,68963,5000,193509,471034
9259,6074,219737,39704,4963,219111,501071
6462,4760,327635,43037,6204,160584,550719
9277,5871,442828,38741,4223,1175679,1678898
8648,5519,501003,41464,4666,163048,726422
6332,4834,276104,36092,5723,1421700,1752841
8037,5389,197315,43723,6055,1378694,1642028
7980,4926,282065,45482,5759,1326425,1674786
5777,4130,373018,54259,4037,1148918,1592769
8556,5462,257878,40074,5648,231453,551442
7481,5148,278516,38741,4740,212611,549294
8425,5426,389523,47093,5926,1165189,1625286
8906,6037,505662,48315,6260,1174161,1751508
8888,5981,541337,95797,4500,1164652,1823248
8944,6000,148399,40722,6186,1420183,1632842
7796,5370,263593,41593,5963,226219,552941
9518,6111,308342,57111,4370,1328519,1716212
9110,5574,181017,41148,5722,225518,470164
5481,4519,2603199,37815,5296,1155446,3813700
21185,4629,203115,37815,5074,327141,600812
6111,4592,375949,37519,4981,109678,540904
7332,4778,496735,45371,6370,167594,731218
4721,4260,137612,39593,5333,323496,517608
4537,4314,166621,37593,5111,1426925,1647287
9073,5648,247982,46537,5759,1371472,1690064
9481,5834,351860,39796,6111,1418222,1833619
8796,6148,133664,42667,5778,311925,511368
4814,4222,243488,42685,5759,217788,521460
4444,4148,295570,83926,4000,1167736,1562621
8407,5611,389874,43889,4667,180289,635848
8518,5500,461383,53000,5926,237742,774588
9814,5371,295927,36186,5166,1350804,1705898
5667,4314,200362,33352,5296,296673,547942
9573,6667,292740,46148,6315,1327287,1691230
9222,6111,149470,39074,5426,268972,481608
5370,4167,154515,47148,5815,273686,493423
8111,5389,251450,45833,6241,217917,537516
9629,6092,322459,42500,5889,182816,572089
4943,3908,433615,46759,4907,150641,647162
9240,5926,500049,87778,4500,1168163,1777841
8740,5908,132741,47463,6185,342645,546404
7852,5129,227139,59556,5703,1318186,1626435
6073,4334,318535,59167,5297,1334768,1731545
8703,5741,140284,48926,6315,281009,492960
5851,4519,224515,41611,5870,216464,501386
5907,4037,266857,81204,4426,184436,549164
9499,6593,362550,37260,4648,200279,623219
8888,6000,437966,48852,4982,199048,708922
5610,4241,255325,43278,5945,1431238,1748360
5703,4370,166519,38981,5371,1401824,1625620
8610,5463,255842,54611,5056,1270741,1602787
4500,3907,343832,42759,6574,1401306,1804953
4204,3759,200432,48370,6056,204213,470275
9480,6556,195385,44222,4870,250113,513145
7925,5315,305615,42704,4500,193659,562422
7981,5222,370846,43889,4630,193095,628737
9722,6537,475502,93649,4592,1159376,1752527
6722,4778,123028,41093,5185,297524,480683
5777,4019,192759,42333,5482,1383065,1635602
7888,5296,330194,37370,5222,1804739,2193506
5426,4148,419979,37204,5093,1117326,1592028
8795,5537,168839,50834,5092,237011,478515
6407,4111,243792,76037,3907,179909,515775
8573,5408,312855,78260,3555,149308,559552
5240,3945,447475,45130,6185,213724,723885
7036,4871,515335,35926,5130,132771,704385
8851,5982,143176,33666,4908,362524,561867
5647,4371,274795,39019,4981,1323214,1654490
8870,5407,357212,38759,4963,1296242,1714268
5092,4130,410479,67963,4500,1111901,1606232
9333,6389,205968,40555,6371,255992,527960
7814,5482,308569,33370,6019,193909,557552
9722,6500,348244,78111,4167,1175524,1625120
8648,5519,456882,78926,4537,1171941,1728639
8815,6296,146834,45722,5797,343070,558849
6110,4722,186879,35482,5278,354710,595218
5740,4481,254888,43167,6277,1366418,1683545
8740,5870,1056269,49018,5648,1212996,2340949
8722,6222,131626,37222,6186,287019,478942
8611,5500,239597,47185,5648,174048,482608
7648,5203,314624,41482,6093,128873,506516
9906,6500,456448,48037,6352,170919,700514
8295,5797,494918,45741,5852,217262,779662
8722,5389,252278,40426,5259,1396027,1711638
8795,5611,197861,42352,5870,341358,604441
8703,6518,290628,60445,6000,1351269,1726230
8332,5352,145543,44093,5370,281306,492478
9129,6018,277330,94833,4630,1419327,1813267
5722,4815,227133,42908,4852,212752,500997
6018,4815,329994,50278,5852,1202626,1602028
9036,5778,400798,48019,4833,171828,642644
7333,5315,504807,41389,5778,1212090,1779564
4852,3833,134833,49333,5556,1357232,1557825
10314,5945,268896,42815,5797,1295612,1631731
8388,5482,314386,33167,5778,1335011,1704508
5184,4204,121968,33963,5463,316214,488997
9944,6481,530811,34538,5648,1101901,1691731
8129,4500,297115,42926,5981,213234,574663
4722,4018,372623,47019,6111,1172164,1608676
6277,4704,441391,44815,4963,184142,688959
9444,6074,126046,43482,5777,1397704,1591120
6592,4630,161702,43241,5037,1376233,1600046
5944,4315,307933,48575,6685,1323205,1698879
8185,5167,337886,41370,5148,1307549,1707750
5000,3981,133135,48722,4778,268955,467238
10704,6740,197902,44556,4945,302520,570108
8888,5741,302892,115315,4389,1171302,1611898
8777,6000,369623,88259,4759,180966,661033
8148,5000,510446,40111,5241,156642,728070
9796,6722,121712,44037,6019,350433,541497
6833,5019,190054,32796,5241,1397436,1640084
8074,5111,615433,48445,6352,1283110,1968989
9277,5463,373479,42037,5907,1156624,1595491
8222,5222,1010044,75092,4667,271837,1377492
5500,4240,248180,83185,4222,177077,524405
8518,6037,307669,45667,4814,184235,558922
8796,5778,414455,85037,3667,173244,693163
5703,4149,494315,51000,6241,178069,741552
8555,5926,130267,39945,5944,1447464,1640065
8370,5537,268220,38723,4907,1282845,1611898
9185,6055,311099,39167,5185,1345151,1718249
9000,6555,264552,36759,4963,195483,519275
7666,5241,202115,41889,5444,259753,524552
5018,4370,286809,82444,3815,177170,562108
6147,4352,352335,47093,5093,160346,578496
4296,3648,462622,48833,4834,211448,738478
4056,3592,126166,38815,5333,303146,483146
8500,5685,180897,37037,4870,1406835,1646121
4369,5000,257164,69964,4518,1278271,1621305
9536,6296,341173,69908,4463,1324743,1758490
8592,6130,134865,47648,5945,308095,513794
5981,4592,250467,40963,5777,212846,523330
4148,4056,361530,45241,4241,216410,637719
8870,5852,390612,81501,4240,220198,713292
8758,5686,493713,41445,5111,130597,687625
5333,4018,146221,47093,4963,287572,497275
10278,6537,184895,40778,5908,1370372,1620843
8074,5555,329757,41370,5593,1303270,1697046
5166,4093,378801,59149,6148,1138078,1593491
9185,6037,182976,39629,5612,247224,493090
4685,4037,262484,78408,4481,1172951,1529917
9074,5574,330252,47055,6074,149708,549812
4962,3871,439390,43278,5740,252328,752810
4296,3666,508214,45444,6037,189171,759495
9630,6314,130665,45834,5963,1388974,1590102
6537,4833,224951,46648,6186,1918443,2209950
8592,5278,361515,39185,5408,1226105,1648416
4666,3981,131430,39963,5260,312956,500923
9889,6722,219179,36204,4907,224429,503905
5110,3963,272706,51352,5760,203920,545404
8796,6055,368863,82297,3889,1173312,1645435
8648,5925,441297,48223,6129,199792,712292
9407,6019,123878,43833,5760,1431593,1622620
7036,5056,160331,46555,5889,1401993,1629472
8129,5185,254173,42834,6055,1256226,1574639
7055,4704,713108,40334,5851,1309565,2082747
7518,5593,175355,39630,5796,232494,468868
5722,4648,227919,60612,5129,264633,570441
7536,5056,309039,83130,3963,1167377,1578472
9073,5908,377473,49037,6185,197782,648125
9259,6056,480222,41260,4574,209588,754366
6240,4667,312082,43870,5334,1322871,1697083
7907,5425,188757,36741,4666,1364235,1609713
6388,4667,282209,38945,5870,1306596,1646601
10241,6074,162828,62982,5000,255335,504775
5629,4241,210392,53519,5814,234420,516553
7500,5074,374567,40093,5944,1434329,1869934
8555,5574,341706,35351,5871,1152749,1551806
8851,5778,455732,52259,4408,105894,634885
6999,4871,642426,37129,5260,191124,890124
5851,4445,128784,40796,5871,400693,588459
9092,5982,212719,47629,5945,1327938,1611324
5259,3907,348672,42722,5797,1243929,1652287
9703,6926,392106,42630,5518,1150107,1609231
4685,4018,278614,47222,5649,187308,529534
9388,6204,341326,37408,4981,1157887,1559565
6518,4834,380315,49278,6297,125717,574960
9870,6259,478287,38001,5092,167487,706978
5925,4871,124313,40648,6074,1452159,1636657
6814,4648,188692,43648,5259,1366040,1617139
8648,5574,290200,42167,5741,1296771,1651083
8814,5593,337467,41149,5722,1421503,1822619
9018,6611,144179,68908,5426,250244,486294
8518,5759,249891,46944,5389,177329,496626
10166,6130,310621,43315,5352,190431,568349
8166,5481,396519,48352,4963,288421,754606
7925,5093,468286,76723,4611,173098,737829
9314,6611,269738,40630,5352,1419936,1754286
9222,6574,181283,37019,5352,333491,574978
6074,4130,580404,58315,5888,275276,932588
4240,3797,378485,37093,5093,1159338,1590509
8963,6074,154993,44500,5833,268264,490757
5925,4260,231205,81667,4111,202754,532830
8018,5297,327343,48019,5796,151357,548497
9463,6962,403723,49629,5982,198570,676385
8351,5407,507009,43111,4870,1211722,1783285
4907,3704,128812,61018,3834,372740,577682
4092,3741,228412,77204,4371,1279466,1599898
9351,5482,306125,41148,5926,1332310,1702583
8796,5833,164392,42519,5611,262160,491275
4999,4130,698272,39111,4852,298148,1051938
9629,6111,262408,53612,4870,209329,548756
8537,5222,338917,44185,4889,174413,578608
5221,4223,451555,44778,5407,1332712,1845859
9667,6222,578230,52445,6166,330061,985532
8148,5500,154181,43390,4981,1348754,1567676
4963,4203,263764,38982,5926,1325726,1645954
5259,3926,354643,56926,5685,1313273,1742657
8870,5537,164335,52426,5075,293235,531571
5296,3833,232233,61389,5870,169764,481238
8500,5259,309093,40352,4908,192107,562738
4925,4297,407694,44593,5352,181190,650330
9277,6445,480184,38370,5926,127386,669626
8888,5555,275785,41944,6056,1323780,1664805
6240,4815,186348,53981,5815,1380587,1641009
8888,5686,271078,34945,5092,1319283,1646972
5407,4259,372624,38778,5352,1145904,1575176
4722,4333,207354,46852,5778,209791,481442
9406,6241,268159,41315,5092,123895,456275
8851,5741,318685,41926,4352,1167936,1550695
9315,6611,419008,48352,6093,145006,636941
5055,4407,499554,44315,5111,113664,674644
6777,4500,133598,45964,5888,1438726,1637750
7851,5537,215644,42093,5592,1953918,2232876
9555,6685,306115,55055,5075,1304023,1688805
9389,5222,150493,66000,4667,269689,507164
8888,5833,207816,38501,5148,248384,516108
5962,4574,316529,36111,5482,161116,531330
4685,4037,360296,41648,5148,106794,525405
8740,6389,487194,38370,5000,131432,679811
8851,6000,130886,42352,5555,1415791,1611713
9536,5963,154338,42297,5370,1435023,1654583
5000,3722,246921,39982,5185,1416254,1720324
9111,5518,378726,39500,5334,1319523,1759971
9370,6481,179085,36223,4944,219060,457331
9111,6333,212149,34649,4814,286607,556293
5888,4797,297231,52500,5834,138062,506368
9314,5889,841501,47407,6297,298066,1211289
4722,4296,472507,46149,5240,236822,771792
8537,5574,130329,37519,5315,348260,538256
5277,4241,186931,47981,6037,298215,551256
8888,5741,278828,38074,5222,1259607,1599028
8667,5351,371726,45185,6000,1152340,1591584
5889,4444,160066,44111,4741,312412,534053
9537,6555,228871,74074,4241,179663,505701
8963,6314,327972,42685,5593,190284,584515
8221,5334,438295,30074,4944,167257,656551
6740,4389,537933,38908,5537,1192130,1787453
8259,5241,1368018,36704,5166,1274485,2700225
22648,4611,111948,45278,6055,293549,486127
9185,6092,300568,38408,5519,1310496,1673787
7648,5278,161909,34815,5130,278847,495738
5629,4389,169677,47926,5148,236432,471905
4389,4537,270926,78481,3778,153645,518534
7555,5111,372712,77500,3741,157543,626626
9684,6630,441720,46056,4537,175961,686996
5166,3833,125098,46963,5908,1467429,1657286
6240,4518,155903,37037,5630,403594,615070
8166,5426,178448,57666,6038,1414412,1672472
5148,4000,338438,35870,5167,1386718,1777397
8722,5722,132612,41241,6111,304626,502460
6036,4574,206528,45945,4518,205655,475293
4684,4408,298073,46611,5704,237627,599737
9055,5629,379119,113408,4130,1173871,1687434
7611,5055,791721,55889,5741,244976,1113438
6444,4333,301709,38370,5612,1308466,1667231
7259,4944,180754,37463,5778,1369255,1607602
9259,5815,268151,43482,5555,1285117,1619473
7518,5685,356808,41130,6185,1153683,1573305
10610,6019,153815,73074,5649,220681,472182
6629,4796,247269,36759,5537,218229,521812
7296,5259,332406,35778,5500,185257,574108
4703,4278,437581,32964,4925,143693,630496
8796,5611,503331,32092,4889,176591,733866
5221,3852,128449,39167,4907,334641,517997
9240,6019,251031,32223,4944,1345644,1651583
5777,4315,310465,38778,4963,1325025,1691323
9962,6722,428123,32333,4871,1123201,1607787
7777,5259,181130,48593,5222,204534,456201
10240,6408,265138,46148,5611,126896,462960
5185,4166,393091,37112,5259,128924,576312
4166,3722,448933,70204,5574,104582,639885
6703,4630,759479,42685,4944,197275,1018087
6074,4463,153745,42018,5630,1372579,1586602
8944,5574,280661,42037,6222,1311015,1656602
9370,5889,326002,46556,5629,1150119,1545547
8277,5519,148528,36574,5519,310005,515941
9240,6408,185388,47074,5963,214109,470886
6018,4500,328434,45685,5834,1174390,1567546
9073,5630,394239,39611,5333,248554,705070
6703,4871,502784,37778,5667,127748,688033
8463,5481,297385,41944,5500,1384976,1747064
9148,6629,176281,40334,5518,1323877,1563917
9333,6315,311863,34834,5481,1269109,1638954
9203,5907,401613,34241,4870,1103249,1561435
6370,4037,132990,44815,3852,298599,493164
5740,4185,229592,50241,5278,263683,561423
4370,3722,336545,82056,3889,1174186,1607195
8685,5703,401572,79871,3518,1533805,2035488
5741,4425,526229,32018,4945,155304,731181
8333,5445,129716,45908,5759,1426607,1624361
7740,5352,210448,42278,5555,1334469,1608084
8314,5630,299715,41203,5297,1280886,1643268
5314,4204,395686,59556,5963,1452876,1925563
8907,5778,161249,44852,4408,274840,503071
9888,6611,266592,81870,4037,1168270,1539787
8314,5685,337896,45963,4778,143360,548311
5518,4648,447942,43148,4278,279776,788292
9221,5815,545432,37018,5223,259619,864476
9833,6333,145550,39648,5630,312614,521793
5499,4222,246151,56889,6259,1357599,1679175
8759,5889,1097198,44037,5963,1351528,2515430
20777,4871,155981,41926,5611,310182,542145
8888,6463,271842,40186,5555,214266,549793
8499,5741,274887,37296,4556,200276,533460
8370,5204,396155,43185,5759,158823,619589
10074,6685,466126,42648,5741,253184,786607
9000,6277,291690,44555,5852,1370430,1729786
8462,5852,182919,37630,6000,1398386,1641231
7388,5315,944986,44592,6056,1313353,2324357
6722,4537,268695,44334,15537,1464368,1806138
9055,5723,447463,46963,6278,1370229,1887693
9184,5926,312582,82500,5704,1165390,1583213
5592,4111,352202,38407,6056,134851,543960
6333,4722,438228,47908,5648,193453,698866
9944,5370,506700,42778,5815,205851,779014
9462,6556,130558,44760,5148,375031,573959
8518,6556,214789,34945,5722,1379349,1652620
8259,5222,344816,32500,5074,271939,670107
12333,5796,426695,38278,5000,1114684,1605750
5314,4389,185628,52778,5908,232980,489571
7111,4926,254655,77056,4685,182601,533812
9648,6351,354609,83556,4129,1167271,1627713
8870,5945,444024,38463,5148,173639,678626
5388,4148,836997,61500,4204,1399878,2314301
7962,5352,153355,43944,6463,1398544,1618416
6277,4518,290993,38259,5871,1243757,1593231
9463,6666,352427,40741,5482,1374618,1791397
5869,4297,132564,46704,5759,322099,519608
9222,5444,221443,44352,5686,246294,535071
4925,4056,361637,45629,5519,214600,638756
9610,6463,379293,42408,6426,195907,642477
7963,5370,501765,39426,5685,192009,754478
6648,4352,165327,36111,5500,224596,444609
9055,5556,180798,39741,4982,1449821,1692824
5388,4037,279937,40722,4908,1335572,1673972
5573,4093,414371,41574,5796,1118546,1592268
7666,5519,149804,43297,6055,277545,491868
9907,6259,240794,49741,4018,155314,468293
9537,6352,332117,48241,4759,178250,581256
8777,5593,306903,47037,5778,278296,654552
5463,4722,482430,44167,4704,219528,763866
6259,4407,178345,38945,5722,309837,546219
9518,6648,206094,39204,5574,1427859,1697601
6722,4778,341973,34389,5519,1277831,1673250
8906,5500,120074,40537,5000,286479,469719
8184,5278,181359,32093,4982,241341,475608
5037,3870,242442,76463,3907,219963,554330
5703,4129,344469,51482,5074,209250,622403
5240,3870,417551,45760,5833,139945,620255
9055,5611,485893,50926,5870,205417,764643
8611,5611,172659,42130,5278,294078,530793
7537,5055,254020,47722,6093,1354100,1677064
5795,4111,332436,57908,5926,1309054,1718434
9630,6611,165554,38963,5667,276146,504627
8962,6389,202507,48112,5777,281212,555608
8055,5167,279515,48019,4833,179852,527738
9222,6018,395784,79093,5592,152528,651108
8463,5722,453236,44870,4815,206871,727514
6000,4685,143484,39222,5444,325884,527367
4240,4333,181270,34704,4926,366319,597793
9777,6741,163315,31407,4963,316589,535459
8203,5426,398065,32796,5130,1114741,1567084
8703,5667,140183,49537,5056,300128,512052
5111,3889,217469,78371,4111,177805,489016
5814,4556,321978,41722,4407,169927,550904
10832,6741,383505,46074,4778,246583,701255
8278,5037,657143,46815,4871,174332,898884
5667,4481,128483,41093,5556,1391192,1578436
9351,6186,206232,80871,4000,1315702,1624380
9463,6037,300167,43111,5889,1354786,1721898
8203,5149,149156,47926,5833,232823,451201
7870,5388,166665,59444,5167,240296,486812
9184,6241,284154,40297,5463,150398,498367
5685,4296,850424,41815,6352,1324970,2235821
6241,4500,465689,40149,5629,181825,706126
9315,6629,821829,47796,5648,309702,1202919
4962,3963,163483,42334,5963,1401711,1624453
8092,5241,236065,42315,5611,1333185,1632528
6777,4370,373019,41000,6185,1232416,1666083
9184,6297,183674,46426,5944,267990,521108
7166,5129,217016,36371,5111,193926,467219
5129,4444,300247,42370,5982,212287,572719
9759,6259,390255,38204,5425,161075,613570
8074,4944,472838,72092,4074,208751,773162
7981,5445,301030,41907,5797,1352108,1716639
9370,6167,175223,51259,6222,1411545,1661990
8296,5648,266491,95907,4463,1256481,1639342
9092,5870,361111,59685,3648,1117788,1559546
9073,6334,160321,44797,5463,310119,538386
5481,4240,250145,47093,5815,242111,557682
9221,6074,300265,42018,4223,228695,592607
8370,6259,423421,43445,5074,262149,751348
5481,4111,516151,38908,5852,192306,765403
9815,6574,139158,39778,5482,1454554,1658065
5926,4055,755706,40389,5241,219806,1033420
8759,5703,343231,40130,5908,1369388,1775193
8074,5240,126258,57092,6130,264888,470183
7981,5056,296321,47093,6093,182823,548238
7555,4981,274497,47704,6222,156778,501404
4833,3777,415931,43037,5352,1178745,1653638
9500,6555,461051,46833,6537,155742,688274
5851,4092,151910,37833,5093,1422285,1629009
8852,6277,154936,47741,6241,323061,549701
4667,4055,257537,39556,5055,1365546,1679231
4203,3630,382527,36852,5000,1380870,1815489
4240,3759,135497,46167,5445,278907,476460
8147,5185,269525,41500,5870,191602,524552
9629,6537,343089,35111,5092,1188903,1590620
8241,5444,364597,47704,6129,164548,598664
8870,5389,455790,95871,4722,161168,734625
7777,5074,265280,43963,5592,1401118,1731193
9295,6352,174232,41500,6019,1406277,1646657
8647,5482,263629,43741,6333,1354194,1684083
6166,3963,359119,46019,6241,1331574,1755360
9426,6907,139108,46871,6092,275630,486257
5703,4537,223376,41222,5426,272695,554571
9055,6148,350143,41482,6037,124150,539589
4536,3871,406133,41130,5555,304955,768940
8221,5389,493994,48482,5981,177150,740847
4981,4315,147074,41519,5278,1374897,1580009
4999,5074,208806,86889,4722,1316593,1629768
7981,5056,293795,38519,5296,1308454,1661491
5110,4019,394266,42519,6315,1159724,1614083
7722,5407,166571,33963,5333,238612,459701
6185,4648,272875,65111,3908,125770,481053
5351,3982,382494,31982,5111,1167700,1599231
7629,5000,434077,76852,3834,128566,658514
5425,4593,130788,47667,6166,1417036,1613768
7574,5389,864261,46519,6778,1212281,2145155
9185,5463,243527,49778,5982,1282963,1600084
9925,6278,331869,58204,4407,1352825,1765804
7407,5370,130895,41611,6352,334250,527941
5388,4500,195811,79018,4056,144242,435349
9259,5944,309671,33352,5056,145640,510553
5852,4500,373290,54889,4667,200317,645867
9537,6666,471059,42296,4556,179881,716144
8537,5722,251325,44778,6055,1431017,1750194
5296,4389,180463,41018,5278,1424250,1663676
4981,4297,268952,43556,5926,1346112,1676120
7796,5370,357739,48797,5407,1132400,1559510
7703,5481,130395,45111,4963,276973,472886
7796,5093,233773,48315,6074,175854,479609
7906,5111,304153,87074,4407,1168061,1579379
5537,3870,411272,43277,4482,223076,693774
8796,5592,480706,79704,3722,170549,751403
7185,4907,126713,63000,4186,338839,547552
7870,5426,206481,82111,4352,1298325,1606639
6259,4648,302341,44815,6167,1351371,1718898
4574,4259,173941,35945,5389,274296,501646
8055,5130,169560,84704,4704,240603,515349
8536,5445,267069,45833,5482,190520,525349
9425,6593,347244,49519,5500,1647558,2068192
8740,6148,449419,36667,5537,197521,706773
7573,5112,146556,45592,5649,1321434,1534343
8203,5722,151768,48704,5981,1383482,1606379
4704,3963,251017,49093,5833,1365065,1681676
9517,5815,323674,44704,5815,1265872,1657916
7926,5518,135626,43889,5815,312871,514534
9611,6852,319042,74889,5759,1160393,1579213
5370,3851,288162,46666,4704,238206,589182
5592,4667,360688,47982,5111,181604,608200
9629,6148,524493,45334,5629,183447,777329
4888,4019,130352,38370,5500,1790007,1975489
8962,6130,173342,49037,5704,328192,573663
7352,5092,270591,55815,5815,1343973,1691065
9129,5666,998398,46130,5426,211058,1279529
9221,6519,169866,38000,4963,254020,485034
7833,5314,234967,45297,6000,192641,494182
8722,5518,321068,48426,5889,210521,602570
9036,6167,392651,41111,4278,248104,703774
8815,5444,498696,38926,4297,249558,808403
4518,4018,125833,44852,6074,1462880,1650786
8536,5685,202193,39778,5408,316544,580459
8258,5519,342535,41019,5907,1318362,1724064
8981,5963,389784,41575,5500,1166539,1620898
8611,5592,188755,42574,5556,237927,492386
7296,5500,290189,40019,5870,127197,478220
6148,4333,364661,87592,4556,1167756,1637065
9370,6000,428909,41315,5167,209734,703144
6981,4963,121564,44926,5908,345950,532293
5593,4314,168240,40241,5481,310998,537405
9778,5814,237582,39463,5148,1396075,1696472
9018,5963,371682,33204,5037,1372048,1798989
7777,5444,197357,35038,4833,247992,500664
8315,5518,190995,48241,4685,309502,569997
5222,4333,284651,44797,6203,198161,545941
6499,4556,385937,40056,6092,180041,625700
9296,6185,474094,38315,5574,212013,748274
8185,5462,160046,34297,5444,260192,476571
11296,6518,167517,34649,4851,296092,523719
7999,4926,266266,42519,4815,1411427,1740693
4518,3852,357830,44852,5889,1140735,1560047
8777,5389,439339,42204,5222,1380132,1883804
9832,6723,231086,45260,6741,207817,509978
8240,5093,306780,48611,4334,150179,525608
9388,6167,390215,37093,4888,167930,618071
8740,5408,514464,38759,6204,1829559,2405079
7870,5389,154064,39000,5592,1450168,1664583
5037,3889,262146,36630,4944,1328159,1643713
4463,3833,313803,36926,4907,1715963,2082210
9980,6649,438885,36556,4777,1101643,1601138
6629,4611,174985,46427,4611,242234,481830
5536,4074,271938,41908,5259,159337,490775
4111,3740,368595,42482,6037,231901,658922
9148,5463,417955,45870,5741,138967,625312
9685,6444,844946,41593,5315,1299263,2209895
8315,5407,150211,49223,5981,1446446,1668269
7832,5019,249757,62574,5741,1251400,1584768
6203,4889,327914,50426,5166,1357318,1754546
8759,6333,129995,38093,5722,316502,507682
8926,6314,208670,43612,6574,239697,516442
7999,5204,309234,36463,5296,178745,546441
8722,5611,417613,29852,5407,161346,630644
9907,6333,477029,40611,5371,185078,726348
6370,4685,244999,38797,5092,1339084,1641731
7925,5426,172655,34352,4815,377730,605311
6277,4297,276941,36574,5019,1358474,1689916
9500,5852,346005,47556,6185,1161763,1578917
8129,5630,159846,49556,4074,258929,488609
4684,3852,222429,52167,4759,236976,527497
4296,3759,327937,48112,6296,176615,569497
9426,6129,393483,39074,5204,149051,604793
7406,5056,531232,40167,5722,248078,840291
9592,6444,149665,36519,5833,320906,531349
5499,4185,206229,59537,6704,1403891,1689305
9296,5981,336145,41222,5760,1264123,1664879
8648,5889,107800,41685,6019,1605300,1777323
5388,4056,190253,37889,5945,284558,530441
4351,4296,276410,43926,5556,199920,537034
9333,5333,330029,46038,5555,209301,608441
4962,4593,439056,83056,3945,239883,778255
8425,5574,141175,38871,5148,370470,571960
8166,5352,150701,45852,5574,301000,519053
10074,6685,231710,47537,5852,1390391,1695027
6722,4833,362033,39334,5444,1382494,1803064
7889,4981,170411,32500,4926,274994,497960
9796,6537,229549,49889,6204,326225,630830
10036,6648,263151,40277,4704,220088,547349
8333,5259,372196,83444,4260,176837,652996
7851,5296,490852,37056,5444,169885,718866
10518,6167,875047,31555,5556,1367273,2299283
7611,5500,955259,45277,5538,1420004,2441764
8185,5296,1811863,45722,5722,1395267,3274592
19870,4370,588333,37759,5852,1213823,1872174
8314,5481,495264,38555,5371,326805,881754
8463,5648,2538148,55871,6333,193150,2809688
8166,5537,1411079,41926,6148,1347238,2822076
6573,4834,1611402,41611,5815,325697,1998284
5888,4815,1566558,46260,5666,312153,1943247
5777,4315,1655475,47833,5963,1433878,3155278
7666,5315,2016337,88704,4296,266723,2391745
4574,3870,1837288,47667,6278,1312397,3214241
4092,4334,1387408,52796,4352,200934,1656417
5777,4685,1285580,43834,6000,1815901,3163833
8074,5462,1940000,40315,5833,355783,2357486
20333,4592,1904210,45611,5908,122593,2105691
8130,5370,785344,47315,5389,257983,1112105
9000,5426,1577891,79075,3796,1266350,2943780
21166,4740,136396,45518,5834,1457465,1673083
8000,5148,234292,42130,5315,1354031,1651213
8240,5593,318523,42278,5092,1760168,2141913
10204,5944,203457,43722,6000,195911,467646
10907,6648,207706,39556,5648,186236,459238
7814,5019,311899,38334,5537,125523,496182
5000,4222,361500,80426,3908,148477,605737
8666,5889,456490,46000,5056,185746,709681
8389,5388,279147,33370,5426,1404714,1739138
4666,3908,175228,40815,5000,1353188,1585472
8758,5778,258107,47445,5500,1392642,1720638
5759,4314,408597,40538,5314,1355726,1822212
7666,5185,139549,47834,6129,248726,457646
5259,4296,283854,42481,6093,133291,478701
8722,5888,394103,36575,4814,1181684,1633953
9240,6240,408593,45963,6130,129163,607700
9518,5444,513990,50926,4556,156468,743199
6925,4981,130460,44686,6129,290612,486497
8981,6611,201801,46501,5907,1355504,1627712
8277,5519,285662,42796,5537,1351161,1701323
9629,5944,430875,42648,6296,342899,840347
5574,4166,163252,48797,6037,262689,492220
9518,6778,258594,46778,6463,139162,469886
6851,4889,341084,42259,5685,112191,515701
10184,6704,464926,41055,6056,148830,680496
8166,5352,1029102,47204,5852,1384976,2483134
5037,4093,145700,41518,5556,306704,512331
9369,6611,265246,42019,5963,1298837,1630546
6314,4741,325087,57704,4500,1302292,1702879
8944,6314,135262,53945,3833,257143,467608
6111,4296,200140,82871,4093,142505,442497
6592,4593,585594,48241,6574,1148895,1803045
9203,5722,440362,36907,5204,1145962,1645527
8704,5907,292332,49426,6352,300868,665608
9129,6426,130598,61149,4240,321435,535237
6018,4352,172292,44204,5685,346686,581811
4351,4815,313467,38130,4889,1278856,1646934
8814,5426,360365,46870,5852,1132385,1561843
9092,5667,190484,44555,6074,218218,476331
4629,3981,241529,39074,5908,184375,482126
8092,5167,309648,48093,5833,185478,565108
4907,3759,420786,46315,4630,183210,665848
9000,5574,509369,42685,6056,156386,731070
9333,6055,144765,30019,5333,1375300,1573417
6703,4796,198736,46278,5926,1311458,1577139
8777,5759,295449,67852,4648,1366023,1750675
5203,4278,144085,49593,6297,256374,468016
4462,3815,145742,51352,5611,237922,451016
10166,6815,254491,43796,5389,195691,518719
8536,5185,345982,85333,3797,1173694,1625879
8647,5926,418564,48167,4870,240358,729162
5629,4500,600443,35851,5649,315199,969716
9536,6519,134838,40537,5408,467287,666996
8537,6277,230736,39741,5370,1357903,1650935
8166,5500,943320,39945,5667,314912,1319770
9055,5704,143437,43815,5444,341819,551664
9833,6666,247150,36055,5019,208922,516182
7833,5167,298139,39259,6982,169932,529516
9166,5907,357073,41445,4574,158201,578367
5537,4093,468378,91907,4593,155673,732200
4573,3760,143848,46963,5981,1436735,1643972
6518,4463,172171,43148,6445,1451615,1686342
7851,5648,259013,40482,5518,1309978,1631657
9314,5852,347244,49093,6389,1278912,1699101
9499,6278,250289,42593,5740,165135,481997
7129,4574,259167,45204,5704,204996,529552
5351,4723,297934,42612,4351,221933,579034
8166,5056,400869,77352,4648,152868,652441
5722,4130,505562,49038,4629,239081,811014
5684,4463,158533,41556,5648,290760,508830
8759,5315,196467,42111,5445,1336783,1597343
9648,6500,289253,43963,6241,1339681,1697953
4926,4277,126391,67648,4889,276421,488016
9129,6500,156844,40129,4278,316561,535793
7795,5241,278371,44833,6019,247237,592441
9111,5944,464527,46908,5833,1171222,1705749
6111,4648,478387,44463,5815,1175806,1717898
8018,5260,871396,43982,5333,1265072,2201099
5333,3944,941146,103426,4593,1300581,2362671
5074,4167,279911,107667,4741,1454540,1858693
9333,5778,366605,38241,5351,1282793,1710564
6259,4204,137816,65111,3963,313773,533367
4832,4111,200862,69111,4722,226469,512163
9240,6648,320129,42648,5278,1155177,1541509
5277,3778,440768,46203,6204,1175204,1680102
7185,4796,544091,37889,5000,1188417,1789675
8963,5518,126413,39092,5500,291141,478646
8148,5259,165106,50667,6592,319428,557108
8722,5685,261114,39296,5056,1688300,2010840
4925,3815,393419,41945,6037,1120997,1573102
4463,3814,139649,98982,4648,317866,571793
9610,6648,242861,41408,5889,175988,484960
4833,4000,356517,38130,5759,1173899,1585657
5443,4426,448767,43519,5981,146785,680421
8852,5574,520516,40259,5556,214942,798403
8537,5759,132060,55908,4129,310919,519868
5055,4278,202420,52889,7130,263576,537978
9518,6407,287577,45130,6278,1392394,1749582
7129,5407,1202792,38463,5222,1456156,2717151
8870,5556,166296,82871,4815,211200,481590
9351,6204,284361,43815,5796,206377,558238
10258,6278,376943,40722,5556,1148585,1590713
8241,5537,451396,49241,6222,207062,730089
8203,5389,631553,41759,5593,1425397,2120673
6092,4426,162207,45630,6074,370178,597033
4055,3667,233142,44870,6408,1360996,1655713
8851,5519,315706,39407,5778,1284025,1662509
8833,6185,200399,47852,5741,241079,512145
4796,4055,238963,65667,5333,169535,490849
9221,5537,586213,82834,4833,1456830,2147839
9166,6186,384016,84852,4704,1181936,1673528
8203,5333,488044,45500,5556,191803,746958
9906,6482,364348,51796,6759,1309716,1751656
5907,4500,167633,40666,5704,343790,570367
9851,6444,291457,43111,6278,1339885,1699045
8629,5426,130390,44703,5723,255348,452719
8944,5500,184084,47444,5667,239765,494145
7277,5167,249499,44833,5519,185016,499275
7370,5092,320452,94112,5018,1167187,1601453
8537,5592,423979,44186,5796,120573,610682
7055,4259,474950,49797,4555,234490,778514
9703,6667,302643,37723,5444,1322791,1687176
8536,5982,193225,44500,5333,1401062,1660657
9203,5537,279141,41111,5482,1359127,1701749
8258,5260,379205,41352,5814,1151656,1593527
7333,5314,185157,38426,5352,283970,528126
5611,4204,283776,44519,6444,229609,576756
10148,6074,392489,40796,5797,131452,589330
8333,5426,478775,44426,6259,201850,747403
8629,5352,610228,48315,5592,1172928,1853285
7999,5908,134901,47389,5722,1457682,1661823
7092,5426,225835,39741,5593,254161,539885
9666,6722,660383,39204,5277,298297,1022142
5166,3907,168426,76038,6407,233534,495775
8166,5444,193027,39482,4092,217174,469367
9518,6352,295165,49852,5666,119981,489108
8444,5722,368877,46723,4315,124323,560830
5574,4351,477812,89667,4500,1168900,1753119
8944,5629,149949,45778,6666,1408117,1628509
9629,5445,178604,41741,5593,348262,591775
9814,6685,250410,42981,5574,1355489,1673527
7296,5129,339640,40408,6056,1349109,1749749
8963,5981,196741,43148,5352,282127,544719
9425,6630,1098844,44870,6482,214926,1383733
8092,5093,371368,44334,6241,1146585,1584028
9092,6482,407987,46445,5185,148842,626163
7110,5019,790386,64222,6074,1349916,2224727
8759,5925,290300,41167,6000,1413412,1767527
9352,6444,192123,43426,5111,296374,555201
9259,6444,283409,79111,4889,1303952,1689657
5666,4352,378158,39130,5222,1149740,1584713
7592,5445,170739,54074,6463,239721,486664
8259,5296,310804,43741,5296,188045,563997
5018,3834,325626,50260,4778,209739,601460
7555,5278,439876,47722,6463,264861,774551
9684,6148,520089,86426,4333,1170753,1799989
6500,4463,136688,36722,4944,1419914,1612398
8277,5611,218752,40408,6000,1309609,1590750
8185,5444,352279,40611,5815,1248063,1662879
5685,4407,418121,40722,5741,1135314,1611972
8537,6537,242702,43019,5481,148851,457238
5851,4630,286895,84186,4148,157527,546422
4555,4241,390367,45945,4722,1179605,1631472
6740,4519,459486,48000,5741,152417,678885
9925,6908,132568,45852,5463,1378904,1581509
5815,4222,164095,44518,6611,316921,544108
5481,4352,258326,47981,6093,1888143,2212839
4981,4093,348093,42704,5833,1137120,1545658
4333,3963,187267,43426,6537,272878,521071
8129,5315,228887,44926,5315,311535,606645
9758,6000,321470,80963,4315,156990,581867
9944,6778,423829,83852,3575,213554,744033
4962,3852,506597,50038,5370,1174263,1747693
7981,5482,129456,37722,5260,287189,475479
7962,5167,244076,32389,5407,1267341,1565879
9647,5722,287233,46500,6074,1406035,1763823
7832,5149,139703,48240,6019,281442,490886
4796,4185,225933,36649,5907,193471,473238
4555,4518,263609,38444,5167,243999,563348
8722,4981,337747,49889,6129,1165596,1576324
5203,3944,1269776,90241,4463,1168950,2544652
46685,4833,474171,46964,5925,212029,793107
8389,5296,130900,37593,5203,282394,472460
5406,4130,225538,47093,5481,1378693,1669045
8999,5574,309362,43852,5407,1400517,1776174
8277,5834,164147,72981,5149,206905,465294
7907,5130,196118,56667,6222,177824,452701
8018,5445,315608,37759,5815,149259,524516
10203,6630,400506,44111,5389,133305,602719
4778,3870,481107,50203,5389,147964,695330
8870,5148,132929,35667,4926,255957,446294
5777,4296,182437,42222,6334,1360294,1603953
8426,5370,288371,39149,5574,1364859,1715250
5240,3963,142175,42370,5982,237267,439201
7574,5388,167073,64241,5037,221239,472775
5685,3945,239210,49500,4926,208842,513997
5204,4463,311348,45130,4000,220611,593423
4388,3704,418301,46945,4574,179621,660755
4963,4092,505328,38334,4759,213630,773699
5018,4037,237077,42111,5222,1407988,1704268
9314,5537,190437,36185,4907,326931,575775
4407,3852,285241,52537,3759,1334453,1686324
8407,5685,135842,45129,5704,271397,474683
5351,4481,208795,39111,5537,221740,487460
8722,5592,262266,38167,5648,170361,493368
7833,5296,381107,45537,6223,1151420,1599602
8629,5759,457190,35055,5648,1185356,1699638
8777,6018,813107,46463,6037,1434547,2317264
9037,6426,131279,39426,5833,336829,531442
5240,4130,227065,46241,5278,1334425,1624806
9721,6148,305908,44889,5314,1318324,1693786
6499,4797,156766,50093,5556,292637,518423
9537,6537,223497,43945,5426,231203,522201
8833,6277,317413,38297,5500,191472,569737
8444,5759,401403,41444,5408,1747769,2212172
5722,4240,463190,45259,4278,218473,743718
10517,6482,853069,51019,6574,1421973,2352615
6222,4518,178538,42500,5945,277533,517478
6259,4111,251805,45334,5685,1412832,1728045
8852,5425,337833,35796,5130,1401194,1796693
4296,3870,197656,73166,5334,209360,496238
5000,4148,223423,41259,3907,189575,469831
8888,5500,322931,50741,4667,1210133,1605379
7740,5500,411792,45092,6093,167834,646070
9537,6592,522559,35945,5204,215436,798033
8240,5519,240400,40629,5537,1382091,1684972
8055,5629,189075,47593,6481,254534,513923
7406,5186,289101,41111,5223,1415480,1766026
9166,5741,373221,47259,6463,1151177,1595343
7185,4926,225766,45259,6241,313360,604941
5981,4093,265292,46241,5260,214463,543793
6870,4630,336356,75686,4407,1152023,1582695
8573,5500,435180,46722,6686,218019,722570
4685,3907,513873,46630,5537,1212987,1791101
9351,5834,158491,43093,5463,1382425,1607361
5277,4000,263630,41685,5722,245052,567793
9240,6260,307286,43741,6259,1305260,1680713
6574,4851,140479,45797,6018,297629,503349
9463,5351,168747,42537,5982,241787,477220
7277,4907,335144,40149,5537,160519,555904
9795,6704,369763,43667,5297,255362,693384
8055,5445,492383,46352,5667,1487327,2047303
8944,6037,130112,41315,5518,1445527,1639249
6018,4278,162158,39704,5889,1386277,1606361
4592,3908,254999,46760,5759,1327750,1646491
3926,3629,394749,45222,5371,1230426,1685324
9203,6055,172886,78037,6315,175408,450534
8610,6426,238080,46500,6148,172085,480108
7425,5019,310013,39315,5611,1213403,1583490
46518,4500,378078,36019,5500,173029,646182
8629,5852,531438,39963,6093,1171033,1765064
9481,6482,129593,42797,5963,294403,491146
7684,5371,190861,45278,6092,1355593,1613953
8462,5741,318017,38889,5871,1312528,1691619
6166,4315,147229,71833,5297,243064,480016
9277,6574,169700,88834,4500,207111,488627
5870,3963,297598,42555,6834,205214,564904
9351,6111,353514,38907,5982,257705,674403
6110,4334,469707,40759,5907,148938,678088
9444,6167,136177,43204,5703,287320,490016
6240,4611,133167,53852,5592,1441046,1646712
8573,6000,219546,45537,6148,1341482,1629231
8129,5222,320036,41666,5815,1378639,1762082
9444,6796,177247,41593,5500,243343,486368
5926,4592,189904,49352,5981,275482,533312
7648,5241,273948,38519,4963,207678,540108
9369,6019,361161,48296,4686,1166070,1597916
7407,5389,451669,42537,6426,263030,779032
9277,6796,871753,43834,5648,261722,1201900
8555,5296,156203,43056,5907,355590,576941
8574,5907,246916,41593,5370,268303,579330
5000,3833,345924,54907,3852,1290400,1707027
6704,4092,133543,56204,5963,353435,562627
4240,3760,217051,45000,5833,228261,506256
9555,6278,312597,42666,5834,1159320,1539251
5351,4611,393216,45741,6241,159132,617107
9426,6333,506169,47537,6278,272326,850421
4722,4555,161306,40463,5648,253155,472257
9648,6000,194944,33111,5055,1383529,1634361
5925,4370,290027,46907,6019,1415908,1771175
9333,6462,420776,39167,5389,1323899,1807008
4574,3925,184413,36019,5259,263214,499608
6240,4703,239940,48926,4630,165743,472182
9573,6111,324689,42722,6241,188882,580533
8185,4963,411882,78834,4074,173595,684052
5518,4463,519169,47592,5926,174735,759385
9370,6204,135879,48222,5630,1424074,1631620
7888,5741,224313,41000,5408,306127,592552
7833,5185,317322,45926,6000,1294909,1679861
4740,3778,133015,42592,5037,347057,538034
5796,4370,244783,35074,4907,156437,453923
9796,6574,273532,43296,5408,113743,455016
8722,5185,381151,38667,5889,1177506,1619565
8259,5481,677827,53408,6833,1415086,2168932
8555,5297,133314,37871,5074,1376898,1569250
6333,4741,161230,45871,6555,585561,813069
6351,4889,249572,43297,5926,1335158,1647249
4907,4296,339247,47593,6315,1135984,1540306
6055,4426,145496,45000,6481,240465,449942
9351,6482,217411,81815,4260,195492,517738
5814,4648,346698,40111,5371,128836,533959
9018,6426,414133,42666,5908,187512,668422
4832,4408,513307,43889,6259,188818,764069
4185,3833,137611,50759,5815,1467583,1672416
8832,4871,191026,44519,6129,1358668,1616064
8481,5778,279479,45111,5797,274221,621367
8166,5555,405359,40463,5889,1116632,1584416
8722,5722,148310,46463,4648,305317,521182
9277,5537,216911,88611,3963,208216,534960
4833,3667,346493,43260,6426,169466,576256
9055,5481,444447,38481,5723,162031,668662
9630,6296,524733,36518,5519,136300,721422
8962,5945,135184,40111,5148,367368,564830
7852,5185,234692,68464,4889,1337019,1660787
5629,6241,143608,42889,6037,240093,446979
9758,6611,111265,63815,5500,225140,425219
8906,6463,185569,45667,4482,214150,467312
6759,4741,233632,43186,4833,236049,530923
8147,5389,367345,49649,5148,210558,649015
4833,3759,447557,49741,5315,233531,747570
5870,4241,834807,84945,4222,281648,1218530
4462,4019,163720,35760,5111,1441047,1656268
9573,5926,241581,45908,6981,1298817,1611046
5259,4055,348701,34314,5352,1158828,1558509
8851,5685,192357,46000,5907,234715,496293
9333,6352,220549,35112,4796,203670,482071
5648,4240,338707,41833,5852,210161,609200
4092,3814,780568,67000,5315,266852,1129808
9481,6629,509316,44112,5703,176328,754607
8184,5648,270305,36834,5574,1459555,1788748
4629,4056,189275,43334,6426,305628,556293
4351,3852,281599,44259,5649,1365576,1707879
7962,5278,409459,38427,5851,1308697,1778341
4314,3963,153559,45797,5555,327234,543922
4684,3722,256994,43037,6112,202077,519293
9629,6370,332836,36704,5166,198791,592478
8814,6315,482733,34759,5260,1183349,1723842
9111,5556,125240,44667,5907,323016,515664
5018,4129,134674,43297,6092,1469909,1665157
9055,5388,219350,43500,6704,288980,575330
4388,3889,315413,55130,5444,1297948,1684175
4851,4000,174977,40463,5833,285520,517997
9611,6537,186096,38759,6649,231623,481720
8944,6407,277105,43277,5204,240577,583237
7500,4889,422409,47667,5778,1163432,1653898
5333,4278,471843,44556,5704,197078,730848
7370,4944,127518,40092,5778,295498,483219
9018,5648,160581,33926,5037,319453,536534
4759,4240,422016,43889,5538,1422046,1904544
8536,5482,337116,43001,5963,1383984,1786045
5074,4370,214161,52000,5686,269391,553423
9666,6222,306522,47722,6463,180012,559293
5499,4371,292715,89259,5074,1165961,1565491
4221,3778,396835,48092,6463,174606,636292
9259,6482,462157,45149,6148,207560,739385
4815,3907,249850,48408,5852,1426139,1741046
7963,5315,240266,40740,5797,237508,539608
8795,5686,286033,63574,6000,1320457,1692490
9351,6481,360376,37685,5222,1168653,1589879
8814,6370,150476,49074,5055,267800,490293
9740,5982,223669,81815,4852,170513,499127
8296,5611,341140,45908,6240,1155221,1564713
9351,6278,428427,41870,5741,179829,673829
8685,5852,534935,39297,5407,125431,721644
9018,6037,127424,42519,5370,353814,546738
7796,5129,216507,42277,5778,1380466,1660490
9481,6648,300959,84427,4000,1331493,1739064
6407,3926,118170,39371,5592,282846,458979
4500,3889,212919,40556,6055,214893,485479
8352,5500,276631,39889,5463,172106,511479
7926,5278,399566,35333,5556,162708,619497
7092,5037,757890,53297,4092,1338209,2168376
5240,3833,269138,44074,5593,1352149,1682175
5684,4278,169516,50278,5648,1394104,1631768
9425,5945,241191,41185,5018,1333596,1638509
9055,5815,328440,38148,5574,1345809,1734990
9000,6500,159225,44185,6130,238401,465423
8462,6222,213938,79296,5741,185134,500775
8184,5371,368149,45001,5777,146588,581552
5906,4389,392436,37963,4333,202413,649977
8315,5370,481685,45333,5852,133922,683144
9944,6704,302155,47630,6204,1415056,1789934
8314,5704,470072,51963,4055,266646,809458
5630,4055,285042,40834,5315,1332096,1674991
10333,6704,404828,40260,6018,1309976,1780823
4925,4037,355300,40296,6537,1379116,1792749
6221,4260,303770,35797,5574,196596,554682
9814,6463,309242,50574,4593,211792,594960
4536,3945,421046,81815,4241,178431,696718
9352,6222,500721,43519,6000,199978,767866
4685,4000,160580,35945,5426,330287,542942
9574,6389,209977,61686,5352,263111,558330
7574,5296,315597,45723,5741,1301837,1684528
4869,4167,401643,50741,6426,1136459,1606342
8944,5982,174317,80741,3963,201513,477479
9684,6519,294381,39926,5037,169634,527460
8537,6055,366519,42797,6203,136052,568182
5518,4167,492009,40537,5741,185690,736329
9130,5777,782593,84685,4222,1388024,2277098
5814,4760,155931,36241,5130,1469558,1680027
7425,4852,242847,47241,4908,1376716,1686323
5573,4167,993506,42945,5426,1292813,2346542
9351,6519,169715,38871,5240,287874,520071
5296,4204,220520,81796,4352,235717,554571
8685,5685,303362,38760,5388,172913,537053
4796,4333,410445,44963,5963,192496,665089
9518,6185,464527,41019,5796,140840,670052
6036,4352,134053,42722,5278,273759,468182
9204,5407,181135,39574,5019,1407725,1651343
9425,5926,313884,31926,4797,1297550,1665509
4666,3704,365652,45740,5686,1339374,1766953
5055,4574,140474,50889,6185,281819,491663
4332,4686,339816,40889,5518,283939,681977
4740,3945,348361,32426,4778,149265,546701
4536,4982,439481,76148,3741,1173527,1704527
7907,5740,518805,41426,6222,181061,763588
10351,6907,176201,41222,5796,1771825,2014914
6518,4500,218968,40296,5722,1320320,1598398
7870,4926,355476,40556,5833,1221255,1637879
9055,5834,1230746,43297,5759,1477219,2773891
6407,4555,161919,42666,5537,237191,461701
9018,5982,321704,38167,5371,1156119,1538362
8370,5685,350250,41389,6389,166562,581108
6444,4907,474981,42648,5611,186404,723996
9425,5574,131784,40370,5778,1487669,1683267
7018,4963,161719,43833,5426,1404161,1629232
8758,5611,288431,39574,5982,1290300,1641342
9370,5777,352735,55538,4574,1693197,2123376
9425,5686,135539,56426,4277,285644,499312
9092,6500,213658,45815,5778,222894,506163
6278,4740,338927,40463,5574,1145750,1543899
5259,4500,693269,42352,6148,1372885,2126358
9592,6685,493962,39741,5944,158220,716126
8444,5685,131524,39445,6093,283899,477072
6055,4444,182644,33092,5408,1336958,1570565
9185,5945,269374,43741,5592,1373764,1710342
4647,3852,142993,50260,4000,297726,506089
8462,5722,137779,81538,4574,333643,573792
5573,4408,244639,40130,4278,183746,485460
9166,5574,312611,75149,4222,246552,656089
9351,5315,486657,41296,6093,1168389,1719453
5925,4481,525276,42797,5833,148424,734755
5185,4074,143635,43981,5704,281918,486794
6536,4815,232384,52815,6074,1371477,1676935
7518,5167,299336,41352,5593,1390968,1752397
4851,3778,396938,40870,5797,1151756,1606065
8259,5648,491409,40426,5574,1341210,1895767
7537,5037,308546,41574,5315,162914,533404
9592,6315,383944,39370,5574,124424,572034
8407,5685,423841,52315,4963,209192,706719
8425,5815,814517,91334,4389,1623523,2550393
8629,5648,175949,46167,6129,1431264,1676231
8425,5500,239235,47519,6241,1408829,1717823
9277,6167,340836,74093,4463,1753799,2191061
9351,6667,638253,47444,5815,1328847,2038488
8740,5648,186464,92629,4093,258404,558015
4907,3870,293064,81297,3370,150414,539645
5592,4759,364555,49944,5815,170609,603256
9129,5926,497915,41333,5630,181822,743848
9037,5889,130292,66185,4352,273779,491572
5240,4592,183449,39315,5111,1380968,1620583
8592,5370,323902,47537,6056,1235644,1629083
6796,4648,362669,40964,5740,1166859,1589658
6314,4981,184492,43093,6074,241135,488515
6074,4351,199408,39815,5796,235775,494571
9777,6352,328712,50315,6037,1164890,1568065
8722,5981,402295,86445,4370,161035,671330
9721,6167,531322,44407,5204,175914,775106
8481,5666,133866,38074,5333,337724,531274
7647,5074,224634,66740,4612,1286561,1597213
7518,5130,306382,42759,6038,1369422,1739064
5370,4500,116723,49389,6037,268126,452923
5129,4463,170398,76278,4500,200062,463331
6684,4611,267111,48222,4908,210238,544274
8888,5704,340471,43685,4611,1168983,1574898
5518,4333,474146,49241,5796,127813,669552
8203,5149,833155,89630,4444,1390553,2333894
4703,3870,163458,46537,5889,1438699,1666675
9147,5945,238058,45871,5889,1334598,1641583
4722,3759,382975,44352,6092,1264256,1708194
4925,4019,182112,41592,6074,1579433,1820749
7351,5278,206157,41704,5889,240710,509497
6037,4148,305629,44000,5870,185072,553182
9703,6203,408341,43111,6223,219173,695310
5352,3740,490350,42666,6167,246646,797588
7870,5518,256579,43500,5908,287399,609033
8796,6018,178809,44852,5889,301521,547830
7999,5148,274521,60686,5592,1351488,1708119
5129,4241,365455,39167,5482,1142331,1563787
8351,5574,163685,61760,5778,234830,481978
9833,6759,310194,48945,6148,1163982,1548399
6740,5037,318424,39630,5593,182609,560552
9888,6722,412007,45334,5926,180007,662422
7425,5056,497163,48167,5945,182258,748570
9481,6000,131800,38501,5388,297660,491553
8722,6277,256605,45371,6148,1256219,1582046
8796,5777,303614,77889,4518,1349117,1752286
5907,4444,394715,39722,6130,1158554,1611676
4740,3797,185925,46389,5074,277590,526090
4462,3778,258563,37112,4296,242081,552478
9778,6722,353127,83945,4019,1163733,1624009
5703,4648,430562,49870,4760,177045,674699
6889,5074,554070,47260,6092,1408047,2029581
4703,4315,174577,38815,5648,340771,571681
4073,3648,245364,56537,4889,1271997,1588935
8574,5444,332706,55926,5555,1317266,1727787
5296,3815,181213,48518,6241,237914,485571
5018,4056,222980,38260,5759,246775,525590
4185,3777,357601,56500,5833,1134465,1564769
7629,5056,363775,73963,4889,176276,633885
9963,5648,467283,45741,4852,184342,719866
6222,4111,271198,47037,5945,1406180,1743582
4499,3630,208984,45223,6166,280124,550941
9296,5944,319437,42686,5592,1405256,1791601
8925,5852,123575,55352,5852,353107,554978
8277,5389,134416,47241,6074,324822,528830
8758,5667,259332,43074,6074,246517,572070
4777,4278,305470,42537,4722,191101,555108
4703,4167,413534,43444,4296,208036,680755
9444,6185,505987,86871,4407,1163780,1779434
6499,4352,125383,50222,5889,1363423,1558213
7889,5259,213188,41296,6204,1385284,1661546
7777,5185,344845,39203,5834,1364775,1769842
9426,6629,149685,58167,5760,226552,458942
6999,4759,233546,43926,5055,202045,498608
8518,5741,292054,47648,5500,154239,515960
9222,6167,370358,46186,6444,1175132,1615547
9036,5963,445941,46371,5592,201166,716570
7129,4944,622265,41722,6130,1211409,1896285
6036,4463,147383,43166,5815,343670,552645
8036,5222,242039,43593,5889,256569,563700
9704,6203,372270,45000,5537,1236832,1678305
6889,4518,432315,58463,6000,1402507,1912878
8630,5129,236841,38686,5592,183656,481127
8777,5649,301775,39371,5518,133555,496997
5981,4648,417321,29667,5259,188268,653885
8463,4962,479737,42112,5925,182370,726774
4685,3815,134262,54463,5815,251605,456961
9814,6278,175789,44834,6166,1401776,1646398
6499,4778,270816,42963,5426,1381304,1714434
5166,4334,368769,57222,5556,1125647,1568732
9351,6445,139739,47760,4407,368238,579515
7814,5167,214618,74704,3815,188694,497571
8611,5481,343183,44870,6389,128444,539682
5555,3870,425858,83297,4796,183175,709385
9574,6166,488996,78759,4334,145611,736051
8555,5370,133058,66556,4852,251550,472423
5500,4222,211918,42612,5981,1343961,1616602
8870,5703,303631,58130,5685,1336600,1721156
8666,7334,98619,37963,5278,258989,418942
9296,6333,179091,35315,5074,277332,514293
9074,6204,283395,41186,6241,178767,526534
6333,4982,351700,42389,5519,121944,535423
6462,5037,431080,40815,5629,184991,675996
10351,6648,609662,40852,5648,1451789,2127987
6333,4593,150057,39574,5963,1440063,1649102
4722,4333,254955,46945,5481,1369999,1688861
9166,5445,337056,53148,5611,1348989,1761805
9703,6555,137768,33796,5111,257267,452830
8611,5129,217368,43741,5797,177555,460720
6463,4796,319895,42797,5870,1151578,1534047
5296,4074,371755,37963,5352,241797,667867
8444,5389,502097,41204,6445,143065,708811
9759,6537,289308,43667,6074,282577,640367
8833,6241,174946,40037,6037,1351045,1589936
5611,4055,325696,37926,5741,1314276,1695639
9129,5759,646093,38278,6241,1347561,2055395
9092,6074,156100,40797,5963,311378,531553
5889,4481,266924,40204,5648,214388,540294
9277,6500,327006,43129,5797,162268,555996
8925,5907,405589,86574,4241,161796,675533
8444,5722,503764,46241,6055,177158,749533
9166,6055,128660,35074,5741,329411,516034
8074,5814,236909,42500,5741,1398507,1699601
8703,5778,293250,38537,5482,1358739,1712527
5629,4203,434074,41148,5204,1097065,1589916
10610,5685,230693,76241,3851,173990,503645
9315,6592,260571,36037,5260,158981,480257
9314,6500,365191,42833,6056,1145929,1577898
5667,4129,422106,44834,4055,263556,746663
9573,6260,827208,45759,5223,247081,1143697
43999,3685,121807,65945,4778,291319,533997
8315,5407,235408,41871,6259,1343434,1642769
9592,6537,325657,37630,5222,1354518,1741193
5092,4000,183925,35518,5371,260202,496164
9166,6593,229580,35056,5889,186620,474868
8592,5519,312107,45352,6149,174352,554553
8444,5259,415542,49593,6092,304361,792069
8277,5037,457921,47130,4759,274167,799662
4666,3759,290540,39370,6426,1319784,1666916
9352,5907,171177,44852,5870,286987,526256
7981,5463,264148,43297,6074,244033,573645
7444,5204,363472,39444,5889,417616,840903
8759,5888,210720,48223,6037,192944,474756
7999,5463,247784,44926,6352,174787,490126
5055,4389,326292,42463,5389,158742,544978
4870,4222,396967,47222,5574,174103,635792
9314,6278,520216,51519,5037,200260,794921
6221,4556,162575,42056,5926,263181,486830
4888,4611,258825,41408,5074,1268906,1585713
6315,4481,329648,34148,5185,1743118,2124766
8610,5556,389137,41686,6296,1127649,1581213
9148,6629,179275,84315,4241,199759,485312
5333,4277,283487,43075,5796,225769,569737
9036,5556,355014,36796,5111,194946,609237
6555,4796,434578,42759,4760,284454,780365
5610,3982,158381,37186,6074,1426423,1640101
52758,4870,284447,50129,6186,1407469,1808174
7833,5148,235602,35463,5111,1267908,1560417
8814,5870,327814,40371,5648,1370805,1761675
4833,3833,233211,30370,5204,340212,620200
6129,4167,227756,37963,5685,206241,490090
8870,5648,325876,41907,5723,1176078,1566084
8944,6148,365180,49852,4908,1201921,1639472
5092,4074,477856,82481,4611,165937,742903
10036,6463,125270,65056,4463,286764,500941
4685,3907,182445,41074,5148,1416064,1656212
5851,4204,319823,46371,5555,1218149,1602138
4777,4092,404610,36278,5278,1344620,1802008
7333,6130,159691,35667,4981,248732,486220
9333,5722,301015,47630,6074,201000,573015
8277,5204,660209,49222,6074,1380631,2112987
5110,4278,440217,39000,5426,213649,710107
5610,4537,486040,76056,4408,200270,779421
9295,5556,917012,72575,5851,1103605,2116709
7888,5259,205260,43629,5889,1268158,1538713
7258,5130,344916,41241,5555,1267686,1674916
6610,4519,390869,70759,4574,1119474,1599120
9574,6574,167746,80019,4481,236325,507479
8833,6185,263458,35649,5000,156279,477386
8888,6222,342726,50760,6018,1161839,1578490
9073,5778,415049,41519,6056,205631,686088
7462,4778,873504,46852,4796,269101,1208697
8703,5667,145009,38389,6056,1456999,1662786
8092,5408,241666,34740,5538,1312694,1610139
9018,5982,323600,44482,5796,1325056,1716342
6092,4352,132553,60481,6260,263278,475868
8222,5574,203079,38611,5315,249918,513090
8795,5278,281921,43426,4871,211668,558348
8314,5463,349466,87204,4130,141271,598478
9092,6352,478086,41408,5759,194502,737903
5221,4074,179464,42463,5963,1396360,1636268
8129,5389,174916,48260,5518,323099,567478
8943,6204,274944,68963,4740,1280547,1646768
8481,5425,663972,49704,5351,255097,990438
10129,6555,141034,98148,4593,190741,453497
7240,4537,242375,38223,5685,159307,459497
6666,5093,349587,35834,5222,137409,542571
5703,4426,419670,43667,6037,245196,727144
9110,6204,526586,37926,5907,201280,790439
6296,4907,129945,39889,5518,304293,492942
5185,4315,198619,46630,4945,283970,546571
4684,3797,300294,42186,5778,1328880,1688268
4018,3797,119191,79648,4574,267436,480961
9740,6611,149941,46648,5944,333705,555534
8314,5185,1056655,86704,4204,195393,1358492
9574,6426,322883,47111,5759,175558,569460
5129,3889,437707,42796,6111,216567,714329
4351,4130,858734,39426,5315,1305253,2219172
8611,5259,164259,35148,5037,1428028,1648935
8499,5611,241397,57871,5629,1338686,1659916
7944,5426,375757,45648,5852,1356973,1799675
4925,3963,167913,58130,4555,246862,488626
5833,4648,198921,47630,5056,270297,534978
4352,3777,272763,77760,4389,178456,544219
4888,3982,399345,43445,6074,300020,759570
4630,3740,450928,78463,4130,182438,727181
9851,6315,305492,47926,6055,1365869,1744157
4277,3963,179851,44907,5926,1387862,1628860
8777,5630,267822,34870,5426,1307409,1632194
9092,6074,126923,50352,5444,322185,522460
7666,5092,161894,45704,5778,240659,468793
8407,5185,230384,43166,5704,174188,469553
5333,4296,309411,45111,5000,178234,549219
8814,5889,410290,40259,4759,237485,709015
6018,4611,508835,44778,5055,150587,722625
5796,4482,176990,45111,5778,224322,465127
4407,3778,257072,41760,5740,235332,550219
7815,5296,297118,38537,5000,1962924,2319116
9351,5648,182922,41297,5963,218760,466682
9741,6481,168004,40389,4519,240956,472701
8314,5926,237124,115241,4667,143132,515978
7647,5352,371799,41519,5611,150272,583719
6758,4889,445530,35278,5556,282299,782014
4795,4334,562464,36426,4963,1397672,2013043
9259,5944,143083,42222,6111,1461056,1670639
9722,6055,241813,67723,4685,1313529,1645824
5685,4518,328840,39519,5704,1142484,1529121
8851,5370,173848,41093,5963,204668,442349
6759,4555,212560,41778,5907,270049,543201
9055,5408,281420,41796,5537,114541,461479
9685,6241,410724,37241,5185,1152266,1623380
6704,4425,1325088,88204,3926,124681,1555751
4833,3796,137203,39649,5037,275923,468405
4518,3908,183767,43222,6296,1304576,1548251
10500,6185,262516,67482,4463,1358603,1712213
8999,5463,349266,48592,6241,1370298,1790990
8981,6333,180736,45648,6038,198853,448942
6147,4371,256392,41426,5463,169920,486293
8332,5334,325049,45185,5685,99522,491886
9222,6074,390168,46667,4963,169920,629700
8351,5426,500103,82278,4167,1165775,1768471
8833,5777,337630,40407,5796,1406861,1808156
5203,4130,252026,37500,5574,607969,915143
9703,6186,287645,65759,6149,1344566,1722435
7685,5166,113487,39574,5500,274937,448646
8648,5463,150494,44371,5741,241336,458701
7185,5018,254818,46019,6407,152031,474201
4944,3907,336753,49092,6056,140615,543904
8018,5278,433575,87704,4019,145587,686477
8796,5759,819696,44722,5926,1397495,2284487
6666,4852,140924,42019,5926,1450751,1653972
7277,5092,237137,37815,5981,1394724,1690805
7703,5370,323590,59926,5796,1391789,1796489
9203,6482,164708,41333,4852,228382,457460
8777,5259,225143,38889,5037,181595,467368
7129,5056,269058,48537,4907,135513,472979
4981,4167,374603,85093,4500,1166646,1642231
8499,5574,466946,46611,5963,122865,658829
8870,5722,862158,38889,5667,1367476,2291449
8110,5037,176128,43111,5907,1357308,1598287
6722,4481,267229,68778,4463,1284132,1637935
8295,5260,353977,36926,5760,1395659,1808248
7666,5519,133448,43833,5723,265845,463979
6518,4445,206586,81815,4333,138615,444739
9777,6630,304354,49778,4796,135624,512978
7796,5296,413863,75056,4000,1716476,2225339
8667,5555,510519,53093,3574,234865,818940
7277,4796,287045,48334,5704,1302649,1658101
4851,3778,204145,38945,5500,360055,619996
8925,5685,337265,35186,5000,1346558,1740601
8777,6111,390811,66241,4703,1114051,1593565
8852,5666,202448,44074,6482,234956,504831
9722,6407,242401,40759,4815,218911,525441
9851,6518,345317,79222,4185,1174823,1622898
7185,4778,446510,43370,6056,282893,793551
5536,4223,664241,39241,5351,1390562,2111673
4481,4389,167210,44260,6037,330341,559256
9074,5796,228793,37019,6204,309222,598645
5814,3630,328505,69056,4333,1271188,1685286
8889,5574,138364,52019,5445,292798,505386
8777,5315,211077,45574,5982,207494,487053
9388,6463,312104,38630,4926,127856,501978
5851,4518,390483,41482,5685,127106,577885
5833,4111,462195,41055,5611,275060,796477
4518,3889,144091,50204,6000,1360122,1571010
8036,5482,170210,43963,5852,1411484,1647361
5352,4277,269219,69296,4519,1327438,1683602
9555,6111,350783,44722,6223,1156226,1575713
5388,4537,186401,41223,5907,276096,521737
4425,4186,256650,37389,5259,215217,525849
9462,6556,318103,44167,5593,181134,567608
4648,4111,401260,51445,6055,199810,669978
4055,3722,2344126,39815,6037,1382760,3783311
20444,4648,1603065,44148,6019,1264844,2945779
18481,4426,2948114,80760,4592,207460,3266278
8221,5352,1538176,45296,6556,341516,1947266
8592,5741,1166377,37297,5444,1089720,2315394
7740,5389,2016499,54111,5278,1131890,3223037
6722,5370,1738416,74945,3944,1259159,3091630
7129,5204,2614576,49241,6000,1327845,4012403
24037,4759,1663609,37741,5074,1265614,3004261
23277,4426,2437268,33167,5185,1391913,3897866
5352,4222,2106172,43445,5685,212073,2378931
8018,5648,1143746,33648,6111,1336350,2535744
4610,3704,2276551,47592,6019,1371317,3711904
4648,3704,2218083,42593,5111,1131582,3408258
19037,4666,1819521,48500,6352,1410127,3310111
8629,5463,1301159,44426,5871,313479,1681305
5351,4463,1159248,43556,5592,333706,1553879
5518,4352,658131,41390,5759,1120302,1837416
9314,6500,151100,41833,5334,331508,547645
9444,6056,165552,46111,5796,1427846,1663398
5426,4370,258505,44130,5704,271250,591756
8000,5537,344606,39481,5482,1402624,1807786
9481,6667,184521,41129,6260,277994,529460
4443,4019,236752,41148,5629,181005,475089
9833,6370,331316,44944,5185,1143064,1542676
8999,5907,408102,41593,6130,214412,687792
5629,4185,520907,43500,6130,188366,771292
7629,5074,128654,40334,5963,354138,544200
9314,6667,191496,40074,5760,1383087,1638379
7500,5148,292931,41833,5926,1387615,1743231
8110,5241,431920,43982,5833,1101219,1598435
7333,5334,140001,44704,6204,283384,489072
5518,4518,250029,78926,3982,243190,588145
6499,4630,378148,45056,6018,154330,596718
7444,5370,455324,45889,6019,210209,732274
9832,6741,857093,39574,5870,1350098,2271227
5129,4186,154524,39444,6093,340898,552830
8796,5722,233866,42908,6111,1320365,1619806
7703,5148,318671,43556,5555,1154969,1537639
9425,5611,452717,39463,5666,1090053,1605342
4944,3741,218242,43019,6166,270384,550015
4240,3759,322307,44870,5760,175986,559163
9814,6648,385130,39000,5796,1137917,1586898
5796,4240,491175,42149,5648,184376,736107
8259,5166,132404,50019,6037,1434271,1638212
8796,6056,166486,44815,6074,334881,569608
8796,5759,309884,47204,5463,1271236,1650805
8851,5518,348411,78371,4704,1244782,1692971
5648,4222,141974,40759,5926,323856,524756
7462,5278,247094,39185,5537,194589,501349
9573,6630,354787,34871,5704,1146444,1560565
5629,4629,427240,45427,6000,272514,763847
8055,5297,333599,41760,5981,257545,654441
8704,6018,129311,65630,4426,276964,494664
9407,5963,194412,40167,6074,249029,507312
6888,4241,285976,43296,6075,1317180,1666120
8889,5426,124946,56871,4333,255958,458238
7740,5186,160473,83075,4407,1900699,2163914
9574,6351,254631,83555,4611,179478,541756
8666,6056,127045,64833,4723,257563,471405
8351,5574,463166,37111,5166,196331,718458
7629,4592,512267,74593,4166,147063,752625
5148,3926,130847,57371,5963,304279,509460
8129,5000,227597,51130,5926,1300745,1600602
8629,5519,318809,35833,5778,1324940,1701490
8314,5574,188132,36055,5445,279365,525627
5240,3963,227270,46815,4888,176858,467645
9907,6797,268111,46981,5000,280348,619923
7314,5019,375582,86853,4481,1156389,1638009
9018,5870,446517,42315,5889,208553,720755
9796,6741,161913,42018,5889,1393504,1622472
8536,5278,165069,37574,5093,1411680,1636675
8647,5408,305818,34482,5611,1248339,1611064
5111,4056,347938,45740,5852,1396959,1808175
4740,3945,162908,46908,5944,245589,472609
9962,6649,233731,41038,5870,248283,548256
6907,4870,431796,42797,5777,125312,620829
9296,6240,380545,42019,4685,180637,625478
8907,5241,513664,47389,5871,167442,750847
9870,6370,321784,35926,5370,1345670,1727101
7870,5314,194495,34408,5777,1295349,1546046
4906,3834,337799,47723,5852,1345430,1747989
6055,4871,386493,43815,5852,1158164,1607472
7258,4926,246075,43352,5056,252162,561571
8425,5259,246658,46889,5018,165896,480330
8999,5556,317665,86723,4518,172609,598478
9462,6167,874194,45815,5629,291429,1234604
6092,4296,1117610,46464,5500,1330078,2512115
21814,4167,291301,41352,4944,1401930,1767675
6036,4167,229253,96186,4500,1239441,1582916
8685,5519,317947,29778,5555,1317321,1687194
4722,3981,182048,43148,5870,229080,470905
8944,6056,248296,47278,6074,199349,518849
8796,5685,288194,49685,4796,168600,527756
9129,5945,381406,40259,5426,127072,572256
8685,5611,485081,42334,6555,145841,696218
8203,5074,567701,41889,4796,200869,830717
9333,6037,161948,51259,6019,1344765,1581454
6888,4926,262234,68112,4296,1339793,1688230
8536,5574,346188,41185,5945,1142877,1552176
5648,4463,157528,56408,6240,282895,515775
9555,6334,246703,41778,5889,150035,462572
6407,4593,297323,95296,4482,1152964,1563121
8240,5130,422591,43129,6037,150369,637682
10277,6593,500543,38223,5555,212563,776292
5370,4019,265995,40223,5333,1421568,1744916
8444,5222,202726,46093,6129,1321469,1592324
10074,6111,1005477,43685,5963,1355713,2429227
8630,6277,377095,54759,6019,1138414,1593213
7740,5241,163880,77759,4037,271247,532293
4962,3723,400240,48426,6222,170145,636237
9574,6741,331804,41666,5649,183655,581608
6499,4204,440812,47056,5426,172887,700033
7666,5259,609155,44315,5981,1182650,1857748
9629,6722,131939,35186,5444,1433515,1624898
5833,4222,281614,38482,5074,1329450,1666787
4444,3963,327252,50166,5167,1279627,1672990
6722,4592,118834,45148,6241,280237,464423
5092,4204,205157,56648,5704,213507,493312
7147,5278,277332,39685,5019,137721,474608
8518,5481,370433,45519,6222,1814924,2253264
9407,6259,447182,80648,4445,139628,690181
8481,5741,134337,35167,5685,313864,505368
9111,5518,162680,42574,5648,1342275,1570084
8129,5796,307836,42815,5685,1207637,1580176
9388,5352,344585,68389,4500,1310905,1746526
5722,4222,142241,50685,4815,260608,470164
8963,5574,206193,81852,4167,201766,511164
8370,5741,340146,37445,5778,1142492,1542343
8000,5444,384840,86556,4648,1161298,1652935
7889,5203,1564370,74723,3907,1277742,2935890
46962,4685,148023,36574,5889,1418098,1662250
8573,5537,245531,44760,6333,1329145,1642083
8148,6000,289168,77982,4519,1262988,1651028
5278,4814,382677,42334,6111,1307702,1750916
9574,6667,168888,90445,4074,162664,444850
8444,6222,272564,45241,6148,173100,513256
8426,5685,382942,48963,5760,131869,586330
9166,6519,422080,82111,3889,166860,693366
8129,4908,494199,80427,3518,1179753,1773527
5222,4241,144966,45759,5982,1433191,1641695
7463,5518,562494,39945,5703,265927,889439
5351,4408,373353,37297,5407,1292711,1720601
8647,5575,142972,45537,5778,303284,513515
7592,5444,317129,44667,6019,1424582,1807471
5222,3889,293563,78389,4056,180304,568127
4537,3629,364590,43149,5648,159647,583719
4166,3686,471746,76797,3388,181212,743755
9943,6519,2228167,49038,5463,162466,2463781
6278,4740,166484,37667,5519,1425969,1649157
8925,6260,254807,35611,5445,1313683,1626879
4796,3629,348668,72722,4204,1292415,1728471
8333,5518,133157,72852,5537,253896,481516
5610,4630,195091,79741,3759,197740,489960
9574,6352,318303,41889,5518,160435,544016
5648,4500,403626,46259,4371,142110,608552
6610,4612,476394,78185,3408,1213576,1784564
6129,4037,267290,42482,5815,1386977,1714786
9092,5482,212020,40908,5611,1284285,1559436
8851,5593,277473,34204,6000,1400702,1735119
5778,4629,424612,43815,5796,1102176,1588769
5667,4185,195045,41963,5370,240823,495498
5333,3889,236905,41186,5314,251425,546645
9796,6222,329007,43926,5851,185657,582663
4426,3666,415589,45741,5593,1652509,2129562
8240,5278,513931,84278,3889,1166762,1784768
9388,6000,136123,57908,5648,291541,509367
8815,5333,219835,48000,5667,1343970,1633769
9055,5888,313492,66130,4463,1302220,1703564
8870,6315,117610,37370,5204,319350,496830
5925,4334,259581,38297,5518,157508,473256
9369,6315,265035,94000,4407,171425,553330
8426,6259,342006,38018,5704,184972,587423
8796,5463,473810,35760,5166,216389,747422
6870,4796,306800,30667,4759,1183895,1539843
5722,4203,187234,40333,5556,1969383,2214691
9037,6685,300724,40037,5518,1310045,1673991
9666,5445,336176,35667,4926,1317628,1711972
8962,6278,616148,43797,5963,1451987,2135561
6073,4223,210432,83612,4204,168730,480053
8981,5944,274553,46945,5833,183444,527775
5778,4240,388598,88482,3630,158712,651571
6610,4704,488791,41760,5574,204333,753773
4815,4018,322022,35722,5056,1387820,1761527
9241,6370,208603,35575,4796,283652,551405
8444,5963,283186,28166,4648,1384193,1716638
7110,5556,413602,32630,4481,1098574,1564713
5185,4352,149368,42093,5389,272869,481331
5129,4074,282970,36259,5296,156787,492793
8666,5778,315774,38297,5407,147908,525016
8888,5445,420597,44686,6000,146454,634737
8296,5277,496884,87852,3982,1168050,1773212
8092,5389,158243,42963,5444,352717,575367
5184,4186,265621,41241,5796,1291777,1616120
9407,5667,308352,46759,5759,1280305,1658768
8259,5611,182878,39223,4963,276044,518997
9536,6556,184423,41297,4704,276277,525404
7555,5130,320228,36408,4962,160898,537830
10222,6500,421885,47574,5611,1160476,1654639
9055,6314,461949,36334,5129,192047,713162
8147,5389,255438,47945,5407,1284238,1608564
9778,5963,155594,40370,5704,348514,567868
9722,5314,294047,40315,4908,1270665,1627602
5184,3834,390722,35629,4834,1257157,1699638
7740,5167,133637,41500,5796,359601,555608
7259,5000,989129,34537,5315,196290,1239604
9684,6593,323135,39500,5463,163917,550885
9055,6389,421570,40685,5704,157315,643182
7795,5352,474023,43833,5648,215362,754384
5832,4537,323808,37667,5500,1978771,2358208
9388,6092,208798,36741,5351,1356527,1625046
9000,5574,323620,34111,4574,1382796,1761712
8147,5908,370462,68000,4352,1812524,2271653
5407,4222,167655,51445,5537,265120,501720
9981,6611,229367,80797,3926,174815,508460
5074,4370,366116,40426,5741,1148227,1572954
8537,5666,408551,87000,3370,196890,712163
9332,6223,510985,46777,5445,145770,726625
7981,5111,130400,37555,5648,1406444,1595213
6667,4740,224334,41185,5686,1351471,1636176
9000,7333,311787,54648,4982,1384684,1775583
9481,6297,122146,38259,5685,319518,504238
5240,4389,203080,39500,5408,182287,441941
8148,5333,272256,38889,5185,127168,459776
5222,4037,417541,39315,4982,130584,603811
9629,6130,473253,44908,5981,1139589,1683064
8833,6019,152131,36315,5259,1416582,1627750
8647,5278,165362,39685,4834,323116,549293
9962,5722,258056,44907,5648,1293324,1620342
5555,4500,345249,38370,5704,1312611,1714620
9407,6518,178998,39500,5333,262666,505719
9073,6371,273394,41964,4981,211065,549274
5962,4426,311422,54871,4963,1167828,1551676
8555,6204,386819,45593,4629,268603,722015
9499,6130,455438,84575,4444,140113,702607
9092,5926,293446,42111,5574,1340230,1699027
8315,5888,185788,41889,5129,1361056,1610139
5222,4370,278111,61685,5630,1293194,1650305
4981,4241,372970,59019,5685,1116298,1565769
9518,5741,144182,46241,4629,1554363,1766916
7907,5056,251820,38037,4537,179177,489109
5055,4592,349440,37722,4982,1150458,1555342
4481,4333,456597,38833,5259,166585,678626
8759,5592,529142,43111,5463,180521,775181
8036,5074,128501,36630,5463,410681,596996
7814,5371,215879,38260,5759,1406259,1681731
9518,5963,306499,39315,5351,1319788,1688453
8722,5426,108877,65944,4352,219898,415238
9037,6240,185164,45370,4445,266796,519886
5925,4352,260264,80407,3815,218936,576255
4425,4371,364809,75667,3408,1138995,1594398
9630,6592,428429,46074,4612,300307,797885
8814,5611,129955,38796,5260,298320,489219
8814,5537,153241,39759,5574,1373250,1588546
8185,5408,250878,40334,5055,1281279,1593288
9314,5667,381313,41982,5648,1284565,1730453
7740,5444,187007,39963,5370,214658,462793
6000,4129,324497,39629,5463,2207470,2589152
50277,4463,288116,43296,5426,215381,609330
6055,4648,403513,38630,5851,238872,700348
8592,5518,497355,38426,5444,134308,691699
7777,5241,178825,40778,5444,1441555,1682305
8814,5741,185555,38130,5370,314516,560237
5388,3852,333119,38222,5241,1248279,1636712
9166,5759,370221,34740,4982,1347418,1774545
7796,5407,1220306,59778,5018,1315087,2615393
5167,3962,274718,41463,5556,217242,551682
5074,3777,342967,41889,5408,210344,611700
9870,6629,431254,38111,5185,199854,692996
5463,4259,519169,81704,4222,141771,759015
9610,6685,176287,44371,5222,300043,544830
5018,4074,222351,41074,5092,1387806,1667471
8481,5704,355007,35778,4982,1361685,1774434
6869,4815,440294,42260,5740,1100845,1602916
4870,4389,206430,37408,5407,212770,473904
4685,4407,310588,37296,5796,183317,548682
8814,5760,370762,36019,4944,162549,591293
4666,4648,457289,37001,3759,189743,700033
4481,4240,153630,41075,5463,1414045,1625360
8444,5555,155546,35685,4593,343599,555793
8518,5833,243943,40519,5611,1338677,1645342
8574,5722,331933,38852,5352,1290224,1682805
9018,5630,201959,38926,5278,213019,475868
8574,5093,213486,35111,4722,244196,513775
7593,5185,346754,36666,5445,1153329,1558177
8611,5463,415021,34574,5186,148308,619219
8555,5167,513178,39278,5222,184947,758810
9833,6685,244352,36889,5445,1360730,1666194
4629,4018,238916,46167,6370,1313019,1615453
9203,5185,318036,36000,4852,1276955,1653101
5666,3963,367951,93408,4093,1096780,1574176
9277,5722,544071,56648,5871,1353436,1977136
8407,6037,546931,35000,5111,344101,948717
8295,5352,353068,38223,5333,1142627,1555287
9888,6686,421446,47371,4389,234067,725977
7425,4593,502659,82759,3852,1166886,1770564
4722,4074,153444,43518,5149,1432861,1646565
6092,4148,264212,39426,5722,1331075,1654490
8500,5463,301757,32574,5259,1273530,1629139
9203,5630,106023,43389,5649,276066,448534
9129,5963,185273,40500,5222,269539,517701
8611,6111,285355,36130,5333,157253,501164
5592,3889,362012,42241,5814,186003,608274
9796,6777,464002,39908,5389,159883,688348
7870,5277,126695,42666,5834,1392500,1583361
9037,5833,153647,38908,5444,1435714,1650639
8351,5334,250970,56130,5444,1395112,1723860
9241,5777,331590,41852,5556,1304382,1700342
8388,5574,154098,65130,4166,282066,521034
5555,3981,463366,42945,5555,264871,788903
8629,5334,299799,47259,4556,146049,514293
8610,5445,370215,47093,5518,279355,718977
4851,3852,480298,47518,4334,178586,721792
8999,6019,663936,43741,5481,144448,874532
8777,5741,197128,44352,5648,1331974,1596083
8593,5537,279062,54389,5167,1314150,1668954
8648,5407,373275,56296,5612,1173549,1624676
6203,4500,165690,49241,5796,266437,500571
5592,4629,236643,41407,4537,182411,477756
9500,6648,318354,46982,5370,192679,581812
8777,6093,425141,40926,4426,268484,755885
5166,4593,553075,33797,4740,137013,741070
9870,6741,132286,42074,5296,285415,484331
4666,4371,267109,42481,5667,1309437,1636454
8129,5389,315710,34611,4870,1304818,1675898
4259,4833,1054220,36464,5037,1482375,2589744
18296,4166,186023,42018,5575,210937,469645
8925,5463,264864,38426,5185,188355,513682
8592,5500,379317,35018,5426,1146656,1583620
8110,5926,476048,38926,5278,188670,725514
7629,5204,849038,65389,4722,287436,1222122
5444,4167,176396,40408,5277,1507668,1742897
7518,5315,184942,46148,4796,355685,606349
8833,5518,328154,35834,4852,1402021,1787379
5314,3796,399978,42333,4333,1396623,1855045
8555,5500,354245,35592,4334,177789,588441
9518,6482,280937,48889,4519,210688,563386
5536,3982,392187,34111,4481,188902,631978
9407,6241,458565,90964,4222,196244,768292
5926,3981,277166,44278,5500,359108,697866
8481,5611,179804,41870,4982,301712,544849
9741,6555,314645,41649,5333,1275419,1655880
8536,5611,402543,44852,5926,1106318,1576435
7463,5481,147402,46352,5667,337132,552034
5370,3926,222354,82686,3778,212364,533979
7296,5074,321715,39723,5518,195041,577071
4925,3963,393408,41371,5778,1347710,1800063
8815,5574,500213,48611,4963,209079,780014
4426,3759,143369,36851,5297,300499,496535
8851,5926,407248,42833,5519,1351964,1824619
9333,5667,305903,58964,5314,1304290,1692120
6592,4685,158615,58630,4426,248067,484016
8518,5389,154827,79796,3871,238188,493089
9333,5870,271854,45297,5481,153884,493849
9111,6259,377048,35277,5241,173153,608089
7667,4518,470019,42000,5982,120940,653311
9110,5982,130508,41740,5334,271248,465830
8073,5389,149923,37519,5463,1382771,1591194
6481,4685,249988,57444,4241,1338373,1663935
6407,4611,339033,41852,5611,1666807,2066470
7888,5426,155744,35574,5241,277309,489497
9240,6315,192012,82241,4037,201874,498775
8722,5666,298743,42648,5371,126847,490423
9295,6111,384288,39667,4926,168783,615940
6870,4759,490871,78981,3612,203328,791181
4963,4555,142360,41463,5944,1422687,1624009
9148,5907,179942,41685,5389,272148,516127
9240,6037,274321,41629,5704,1335133,1674157
8648,5852,130161,47408,5388,296095,495645
8758,5945,394244,49130,5019,1462059,1927266
8388,5260,266326,30445,5018,161986,480349
9204,6277,370743,35277,5204,1150564,1579343
5314,4500,431325,41518,5630,171005,661644
9611,6740,481944,41723,5407,172515,719977
8981,5778,125877,37167,5444,291306,476813
9222,5870,206719,45778,5444,262538,538034
5759,4500,304560,31778,5259,248714,602737
9166,5593,401032,52593,5092,1130774,1606195
10278,5925,173003,80759,3741,197939,473627
8185,5074,259344,40963,5704,228690,551349
9147,6556,703446,34426,4593,1335838,2096543
6203,4815,468046,49408,4389,187412,723051
5925,4167,130887,42389,4518,1439919,1630268
4296,3852,934360,40130,5019,1172849,2162858
7647,5334,249218,39945,5407,1403142,1713082
8222,5445,332745,43815,5407,1286838,1684713
9481,6537,135308,40352,5037,278115,477330
4759,4000,230447,73018,5167,198717,518831
8778,6092,285622,37796,4352,221708,566386
7481,5056,390944,40463,4223,215144,665996
9888,6278,471546,40185,6296,199172,736106
5555,4074,261850,42000,5704,1286622,1608287
7833,5463,202062,41111,5166,1354615,1618824
4740,3889,283940,41612,5648,1413568,1755805
9018,5166,138726,50704,5315,265605,476775
5741,4111,157697,51981,4334,257189,482998
9352,6426,249631,35852,5537,216254,524720
4851,4111,330621,80575,4703,1172629,1600676
9166,5889,395703,42315,4778,333181,793717
8258,5482,401304,41945,5388,1338797,1803952
8388,5407,131127,63704,4315,326777,541922
5370,4148,214098,39759,5519,1319707,1591028
9073,6075,299569,38518,4667,1306643,1666935
5463,4296,1237913,35204,4537,257152,1546602
8703,5685,433253,69371,4240,218447,742403
8721,6056,274723,35685,4223,200533,532422
5407,4222,334991,43741,4537,213061,608367
8629,5370,441259,35778,4277,213441,711477
9480,6649,612119,49574,5259,1170648,1856063
8963,5870,147793,41444,5778,1413494,1625843
8499,5926,212153,44797,4259,279307,557256
7962,5593,375606,43944,5186,1327143,1768045
7629,5481,168373,44296,5297,230087,463497
9573,6500,210659,40408,5444,260079,535163
4407,3778,800020,35167,5148,273269,1124697
4296,3889,411546,40926,5981,274913,745107
9036,5408,442998,42963,4278,188312,695162
5537,4111,864193,45982,4574,1278386,2204913
8778,5648,179995,42630,5593,1352680,1598232
6647,4852,279208,65593,4222,1340060,1703323
5389,4870,133919,45964,6148,233170,432961
6389,4296,137464,44556,5315,270144,470201
5629,4333,256084,34982,3722,138747,445442
9759,6852,305222,44000,4185,129460,502294
5296,4129,429694,36574,4537,233599,715477
9684,6297,508313,38167,5185,249219,818439
5592,4574,170524,42333,5778,228658,459849
6147,4463,210699,38408,5463,1371754,1639694
8092,5333,299023,37389,5666,1324505,1683361
9425,6815,391809,64333,4426,1123775,1602732
8036,5593,175279,84611,4426,164885,465589
8407,5259,244324,45297,4166,205895,516275
9536,6778,360833,42648,5593,1160824,1588990
9093,6222,451563,42371,5296,122155,640386
9240,5852,535202,41296,5333,1207344,1806249
9203,6371,143856,44538,5222,1462633,1674490
6537,4407,242754,42111,4871,1378532,1681250
9629,5723,324077,40259,5723,1848594,2236358
9574,5981,177382,38185,5685,206005,466720
7370,5259,184575,82352,3833,197682,483590
9018,6222,281009,34852,4426,148469,486608
8758,5871,389906,87741,4204,1162787,1661490
9647,6037,458489,79186,3611,119044,678718
6074,4574,258163,44037,5759,1445808,1766842
4147,4112,181356,45870,5167,287715,530126
4629,3889,276050,45963,5833,1288534,1627528
9407,5481,354966,37352,5074,1344728,1760712
4944,3815,188436,43612,5500,252245,501238
4926,4111,261574,38796,5019,249700,566849
4518,3852,363249,37352,5722,159340,576459
5426,4111,402480,47056,5611,209053,676237
10147,6833,1041194,43778,5519,1393421,2503337
15333,3556,120532,39130,5722,1367570,1554176
8592,5555,210467,53222,4871,1312857,1598138
9351,6167,299586,43426,5260,1398032,1763860
8888,5685,152113,41963,5482,268347,484256
8110,5463,191121,36648,5445,282061,531404
9462,6352,274888,39927,5796,263015,602126
8055,5686,335489,86389,4371,1159964,1602398
9259,6130,449368,44389,5352,194887,711904
5462,4167,130228,39185,5629,308955,495997
5869,4611,150495,39686,5222,302483,510423
9204,6296,240652,42426,5907,1327950,1634732
10240,5667,373512,38926,5518,1298219,1734082
7444,4926,131927,43092,5371,331903,526349
5648,4463,234472,34056,5611,183617,470442
4740,4241,277962,34537,3778,251590,579293
4278,4611,380007,37130,3833,158471,591034
8963,5315,445960,86130,4019,194572,747274
9259,5537,287042,38019,5388,1312374,1660787
9092,6037,189716,36834,5370,270429,519904
8481,5666,264836,38482,5500,1282006,1607490
8648,5370,397382,35704,5037,1106831,1561324
8629,5722,166593,36148,5723,279070,503849
10278,6370,268583,40130,5870,185710,519571
9018,6370,340721,37704,5426,241275,643218
6074,4481,430415,33796,5112,271784,753459
4851,4055,492794,78796,3778,146702,733829
9166,5981,875655,36241,5111,1284314,2219431
4537,3870,212550,42148,5500,1340793,1612102
8555,5500,338392,38592,5037,1352747,1751138
8573,6500,394919,36444,5186,1150535,1604583
9777,6630,172630,77592,3704,209738,482571
5740,4389,265416,65241,3370,208229,555071
9296,6296,348943,46259,4796,1171067,1589046
9703,6019,419506,78019,3167,2008608,2527744
9036,5649,128143,31389,5074,301650,483312
9573,6241,142652,45278,5500,1458523,1670527
5407,4426,250679,54648,3796,1332201,1653528
9240,5833,334539,44241,5408,1387543,1789137
6629,4722,173547,41093,5685,305469,539645
8963,5518,183055,41426,5519,234405,481053
8815,5926,352748,40760,5407,124785,541534
8296,5722,392831,43241,4834,201646,658645
5814,4389,471339,88760,4481,129434,706199
9184,6260,319014,42259,5352,1323420,1708027
7611,5018,175022,42685,4833,1414451,1651490
9536,5778,304475,42444,5148,1350590,1719971
7147,4945,358205,41259,5834,1157970,1577435
9444,6111,181842,39167,5852,234784,479608
6759,4759,224907,47277,4667,201924,492571
8203,5241,328433,81260,4166,1171632,1601046
9222,6185,398183,44185,4963,234443,699774
6592,4759,506672,34926,4297,1179762,1739212
9018,6371,132476,39351,5019,298799,492979
5611,4370,206929,36926,4666,292902,553923
8203,5204,299381,41074,5278,1301572,1663175
5518,3907,162186,31185,5111,246812,456960
7703,5426,160156,77223,3741,308154,565107
5018,4333,281869,39982,5592,201313,540441
10111,6407,364100,43130,5778,120878,552979
4648,4407,475812,37241,5407,160758,690385
9110,6204,823950,81075,4129,1383981,2310412
8962,5907,152550,28648,4722,1392997,1596694
6611,4741,242835,42074,5778,1299526,1603917
5000,4278,366695,40223,5574,1347071,1771009
5944,4333,141278,52796,5315,287423,499516
6332,4352,203712,75056,3926,261210,557367
8684,5759,270369,46055,4704,183592,521534
9259,5981,372488,81704,4111,1167392,1643583
5999,4760,462477,44352,5463,262574,788236
8037,5222,286874,35130,5315,1377578,1720360
5406,4149,177530,41796,6074,1398979,1636323
9759,6000,304483,37389,5222,1277378,1643694
6518,4814,363085,39555,5723,1147591,1569342
9499,6445,145777,42111,4370,297220,507941
5388,4204,245396,37908,5741,181749,483071
10407,6296,320831,44667,5333,1155642,1545695
5944,4241,418488,37777,5797,244212,719830
8981,5963,501903,38871,4407,226333,788514
5110,4000,418708,46981,5334,1419836,1902766
9406,5889,200326,42482,5185,304004,569922
4740,3907,303168,41019,5537,1353266,1714175
4407,3796,431713,46852,5408,1115925,1610157
9592,6593,204832,39185,5463,213387,481590
10740,6574,275933,30556,5056,198397,529923
7741,5555,352479,42592,4815,183296,599201
9926,6462,740933,43630,6055,1456777,2266061
8462,5185,667829,41223,5722,1454399,2185302
8129,5371,600911,49704,5926,205342,877791
9704,6129,228529,36908,5333,1363295,1652509
5611,3870,371094,40907,5352,1122805,1551973
8907,5574,139583,35833,5426,319692,517349
5999,4222,202684,37889,4314,273925,531515
5333,3926,293266,79482,4037,175304,563460
4741,3833,364830,39518,5574,158945,580312
4222,3667,472430,46130,4741,237213,770959
8759,5445,266512,41871,5500,1379736,1710194
9388,6000,185372,46000,5778,1363341,1617990
7906,5649,315306,45760,5592,1247110,1629453
4852,3796,128870,37870,5537,296720,479201
7036,4260,167933,34926,4945,336878,558348
7407,5166,227868,85130,4204,133592,465849
9833,6741,308265,49315,5518,231565,613774
5758,4408,405533,45500,4741,210500,679051
4610,3667,514282,78704,4315,204268,812088
8592,5741,148456,30222,4797,329466,529090
9648,6111,201316,43093,4944,325847,593682
8166,5129,296436,34130,5167,1377017,1728064
9518,6056,156425,29852,4963,279868,488942
8592,6149,159155,42444,4093,315490,538331
5795,4426,271516,46222,4519,208462,543571
10888,6426,332284,41685,4130,154120,552071
8925,5556,440403,77907,4000,191334,730792
9036,6185,469875,45481,5908,1308355,1848285
8073,5278,157752,44667,5278,1435090,1658120
8370,5333,270112,38704,5426,1280064,1610176
7444,5185,321917,44259,5352,239561,626015
9406,6463,128295,46037,5593,296813,494682
8463,5629,200007,38037,5482,206323,466257
10036,6482,284515,36519,4203,217797,561663
7814,5463,392024,36982,4203,181991,631108
5184,3982,455272,87575,4481,141612,700495
4500,3851,146540,36833,4963,1427377,1626176
4166,3759,156788,50963,5630,312264,536070
5814,4111,322130,40278,5204,1230971,1611083
10407,5555,361972,37574,5204,1141519,1564250
7833,5685,155554,40740,5519,325610,543701
4981,3926,279192,39370,5371,213083,548571
5500,3833,331774,44741,6204,229592,624441
8518,5389,415282,37260,5426,183695,657885
8537,5500,505772,39815,4685,203168,770162
9463,6537,125779,39223,5777,300922,490349
8888,6167,201436,42222,5426,1311814,1578546
9111,5315,339944,32445,5722,1325064,1719935
8980,5352,171841,31056,5333,251879,476534
9944,6592,237165,35537,4870,187963,484923
5073,3815,286673,37037,5537,152028,492867
4018,3870,392459,40648,4685,218056,666255
9036,5519,456115,42371,5518,188696,709940
8740,4963,502124,40574,5629,1330069,1894618
5222,4203,145001,44037,5593,328366,535126
9351,6148,234991,47352,5315,1313574,1619027
7833,5129,322852,35204,4981,1166103,1544547
8240,5389,422693,42981,5630,1125316,1612750
6018,4519,188682,49703,4760,303944,559923
4333,4259,267172,40074,3889,213177,535182
9777,6352,379329,38444,5537,1153089,1595102
10425,6389,1244784,37741,4629,1162924,2469096
8352,5315,133029,42204,5703,267450,464387
8314,5148,170390,31500,4741,345810,569385
9481,6518,256454,46926,5518,1303093,1630565
8759,5648,348444,44852,6055,1314936,1731398
6166,4482,134988,41630,5407,269250,464294
4611,3852,264459,39204,5426,159000,478053
8814,5649,322671,40759,5352,126344,512053
10148,6499,414810,39685,6075,164853,644644
9278,6166,473929,40408,5222,133400,671034
7555,5241,579364,43222,4796,204243,846940
5351,4296,206186,39407,5630,1367601,1630583
7000,4870,297268,63833,3908,1358611,1737509
9815,6388,375036,43741,5148,1155603,1597991
9277,5870,161543,42852,4075,243213,488775
5758,4204,237385,41796,4000,174150,469423
7185,4777,342134,81463,4000,1170153,1612194
9444,6092,409365,74167,3352,212372,716959
9499,6371,511614,41592,4222,1170654,1745953
9055,5463,155417,33018,4908,1392036,1602324
6074,4481,273241,42019,5981,1275695,1610695
9055,6278,154692,52593,4296,269916,499164
6351,4408,126719,61148,4408,230315,435386
9703,6574,169395,82444,4019,263584,538367
7778,5037,372273,48371,5629,263667,705219
6444,4315,380855,83630,3667,147826,629422
4296,3703,455383,75444,3149,178631,722310
8037,5666,129186,41130,5648,259571,451498
9832,6185,166713,40241,5685,1373037,1603805
9166,5500,258296,35926,5500,1295547,1612509
6370,4537,364693,55167,3852,1380352,1817230
6204,4444,151811,44241,5722,337945,553034
8314,5481,210561,44093,6333,247640,525089
5499,4093,321291,76760,3740,126095,539793
9221,6167,384670,45000,5204,247344,700551
7815,5222,517345,39130,4907,289946,866958
5462,3945,135759,37834,4611,332756,522478
9333,5685,201379,46149,5907,1340834,1611602
4722,3889,300313,66426,4333,1341918,1724916
9444,7703,381693,42426,5463,1160076,1608842
8944,6482,177181,42167,6111,241520,484868
8555,5888,263227,34482,5463,209011,529626
4704,4222,329161,44870,5667,139095,529942
9166,6130,423521,83278,4000,171919,701070
9073,5482,842327,72000,5537,1279327,2216746
6796,5204,150314,38371,5037,327108,534923
8241,5425,239027,39093,5481,1292094,1591584
9130,6259,318591,39592,5315,1312233,1693602
6018,4685,141061,42630,5741,347435,550978
6036,4686,223384,42408,5426,206446,490923
4944,4167,297745,78296,3908,1176209,1567325
8018,5666,386791,36352,5500,170539,615515
5092,3926,485020,40334,5278,238215,780588
4129,3630,252584,39074,5815,1304203,1612194
3981,3704,180110,38241,5556,1356695,1590639
8666,5833,1025806,66519,5630,1244161,2358912
5204,3944,361609,57056,5500,1367991,1803990
9147,5760,134153,41833,4445,296844,495145
8425,5685,602089,52649,5407,1328548,2004784
8722,5740,300819,45352,5333,161382,530052
9036,5574,434383,38111,5407,220336,715495
5666,3852,492798,44166,5426,199401,753921
4462,3704,159064,49630,5408,294247,518756
7611,5240,198240,37241,5130,1408528,1664028
9388,6056,283063,41555,5334,1390353,1737749
9407,6759,161330,38945,5666,239594,464257
5000,4092,181672,37852,5000,272251,509312
9184,5797,249235,30241,4648,175317,477145
5500,4389,376114,40389,5667,154197,588849
9536,6760,410733,81315,3982,203003,718181
5166,4463,825614,41870,5463,1412244,2297135
8796,5629,141805,36556,4981,1398019,1597805
8907,5648,226554,43685,5815,1376066,1669324
8074,5203,319988,60408,4352,1277817,1678249
5110,4167,137644,61630,5518,256261,472830
4740,4037,178875,78500,4241,202696,475182
10110,6315,275457,39334,4185,180003,517904
8833,5648,373910,42686,5407,183012,621589
4907,3778,490141,35555,5315,1642532,2184080
9463,5796,133426,37129,5334,278182,472016
8518,5260,168915,43056,5259,1435575,1669435
7685,5055,257739,43333,5908,249480,571386
4574,3796,354877,43000,5592,1399817,1814027
9611,6666,152977,40982,5444,259058,477516
8907,6111,277948,42741,5704,214400,558867
4851,3963,354383,40315,5388,1177572,1589176
8203,5537,388373,43204,5481,174754,627774
4685,3963,498603,85926,4148,172448,771903
8536,5260,148702,39445,5556,1428158,1637731
9462,6204,202619,39203,5630,1931443,2196580
5500,4037,303775,62204,4352,1274419,1656343
9055,7833,385765,41778,5037,1162300,1614175
8555,6259,1250165,39741,5222,1279653,2591762
6463,4388,270707,43778,3797,228049,559201
8815,5759,338308,39352,5259,208059,607478
9351,6130,461613,38592,5371,180383,703885
8462,5204,500843,43185,5167,178393,743588
5648,4074,142054,41981,5426,309517,510997
4407,3777,241100,42759,5537,1323243,1622861
9277,5685,324442,47981,5334,1373566,1768656
8074,5185,140801,30407,5037,296752,488886
9462,6500,222699,42833,5759,243966,533812
4925,4074,300559,81852,4185,143920,543108
7704,5111,380141,39963,5518,138504,579034
9352,6463,478908,40019,5148,195957,738218
9351,5426,135990,38759,5408,296655,494108
8833,6352,169628,44315,5555,327814,564460
5666,4185,263543,55982,5871,1392724,1730064
7407,4871,349218,47426,5556,1141013,1557584
4407,3740,200745,48741,5111,228308,493497
8999,6463,242865,40777,5537,242577,549534
10296,6741,323224,33556,4481,180736,561664
5222,4167,444714,43908,5592,1165072,1671343
9203,5315,478241,41463,5278,240588,782829
4444,3963,124619,65759,4852,310582,516386
9314,5648,203498,41648,5111,1336030,1604750
9314,5482,333413,41815,5852,1371410,1769601
9722,6574,169032,39075,4777,233262,464831
5721,4352,182707,68167,4685,201828,469627
9185,6129,591087,47575,5462,298926,961198
7851,5074,373928,40204,5481,1181452,1617065
8666,5352,445510,35370,5482,156171,659496
4833,3759,498297,42037,5944,276273,833236
7314,5463,137193,42277,5278,1399410,1599417
5110,3871,229608,44741,6129,256648,548422
9851,6204,309820,45278,5259,1363855,1742601
8758,5630,132494,38278,5463,273336,465923
5222,4222,211225,35037,5352,212383,475386
6481,4334,310030,40555,5537,126190,495238
5055,4222,402890,32982,5444,143532,596144
5333,4315,489824,38408,5648,153819,699403
9574,6870,144165,38834,5814,1368937,1576806
5111,4333,168488,38797,5574,1390150,1614583
8574,5426,302256,34111,4703,1261068,1619380
9389,6240,349561,38111,5556,1276596,1687750
4907,3889,173828,38370,5000,279336,507386
9407,6371,242891,39945,5314,183588,490146
8907,6389,313511,34778,5148,279893,650534
7907,5185,416482,37408,5426,154403,630404
6814,5074,528917,40389,5111,152968,741477
10463,6185,267554,38629,5297,1406658,1736731
5833,4593,198987,49352,5222,271065,537479
5777,4592,293311,50297,4907,1393049,1753915
7999,4982,373986,33018,4519,1159486,1586157
7851,5185,149883,42389,4111,274467,486275
8129,5222,236761,35278,4278,242550,535034
9370,6315,336325,33889,4222,1170092,1562473
8148,6370,430778,81352,3871,209847,742607
7185,4981,518306,39277,5760,140264,717830
5740,4111,161627,36704,5333,1371160,1586676
9240,6334,233098,43982,5703,1290430,1590972
5722,4296,324458,48241,5667,1338550,1730471
9370,6648,407967,40426,5870,1146153,1618435
8592,5740,216253,35833,5223,1577144,1851267
4852,3870,333409,43870,5630,1174230,1568176
7259,4704,369898,38427,4277,135302,562312
4555,3667,468722,33778,4852,191292,709774
9610,5667,143266,39334,5518,336323,542163
9426,6129,162090,35722,5389,1402845,1623954
8648,5833,252931,41130,5815,1380818,1697268
5555,4074,345402,38648,5389,1157996,1559398
9425,6093,135261,40593,4000,290828,488812
6796,4889,214288,71834,5537,163301,469201
9055,6537,318149,38111,6278,1158101,1538213
5666,4555,424862,36815,5703,234079,714551
8407,6093,479425,40870,5537,275311,818662
7925,5260,280340,43463,5500,1280187,1625065
5555,4389,211922,48278,5352,273445,550978
8833,5778,326023,44482,5666,1215042,1607843
4351,3796,384902,61556,4019,1352031,1813804
8870,5648,132891,38037,5111,306329,498831
8907,6074,331603,36167,4741,147726,537700
10185,6055,341760,94260,4463,1152138,1611028
9111,5944,416528,46167,4240,267635,752163
7481,5389,539481,45315,5407,1699599,2305709
8296,5463,622230,35574,5278,211950,890773
7814,5130,224866,40723,5222,1388642,1675009
8796,5463,351671,33870,5871,1366819,1775249
6352,4463,175326,30908,5629,278671,503738
6222,4055,209576,39278,5241,245680,513516
9611,6537,311047,35426,5093,123690,493757
7555,5204,352907,79278,3963,1176898,1628490
4630,3870,460434,40704,4204,281209,797366
8481,5593,147053,40203,5834,1427956,1637509
5258,4297,166375,45593,5500,1412911,1641972
8425,5426,256255,43907,5426,1356754,1678435
5111,4277,354337,65056,4278,1286227,1721305
8722,5592,138067,44556,5333,276819,481108
5129,3889,219149,45278,5204,246736,527775
7462,5278,288620,39315,4815,190802,538682
9685,6815,390369,80815,4334,198478,692903
6759,4741,465674,42000,5500,174507,701700
9425,6463,133849,45889,5389,287371,491034
7833,5222,193857,45444,5704,1326708,1587528
4647,3889,295643,35760,5259,1344773,1692527
8407,5351,376041,63963,4592,1120080,1580768
10240,6815,151733,39834,4907,301894,518219
8518,5204,257482,77481,3834,180996,536034
4926,3851,347454,42463,5722,196932,603682
7759,5185,447073,38241,5167,162163,667663
9221,5778,534230,39759,5593,125784,722792
9370,6130,133348,40518,5223,302982,499868
6481,4481,229060,50315,5352,1329301,1626972
5888,4556,314938,41093,5500,1325477,1699490
9296,6389,157168,44704,5815,294995,520830
6073,4408,126491,54982,3630,368857,567200
5037,4148,212852,33630,5129,1337009,1600084
4370,3889,372138,42945,4259,191321,621626
4388,3648,444943,40612,5092,187349,688033
10000,6981,131506,41111,5296,304788,502108
8295,5593,713775,41593,5555,268960,1046827
8851,5667,293782,34667,5055,1254098,1604824
8221,5556,346716,37259,4648,1330793,1735527
5721,4463,140483,35982,4685,304107,498034
5425,4148,205288,39703,4112,213080,473904
5055,4407,309722,43500,4611,188238,559015
4833,4000,700972,40963,5741,1361812,2120580
9036,5685,493073,70111,5315,230441,815884
8814,6149,237172,36444,5334,1428725,1725212
5203,4371,210550,41130,5796,1401088,1670250
7444,5482,319966,39074,5204,1234320,1613528
8388,4982,133641,56889,4203,282116,492534
5277,4575,206686,35574,3722,247255,504905
5759,4333,245732,80519,4148,238820,581960
8406,5112,325462,40444,3519,205127,590218
9203,5574,448027,50463,5722,132118,653496
5685,4481,843758,39667,5444,1459617,2360690
5852,4222,138467,35908,5333,1375505,1567473
9592,6000,217476,35166,5037,1332811,1609194
5907,4445,358780,39056,5222,1359950,1775212
6055,4426,240233,36111,5167,208153,501794
5462,4259,212241,46686,5796,173627,450719
9648,6611,347194,32222,5111,125007,528182
5999,4241,354850,55204,9222,129350,561367
4426,3814,462785,46408,4370,125860,650033
8185,5759,126773,40501,5463,320593,509034
5055,3982,174448,40074,4760,1409097,1639972
9370,5908,267957,42777,5889,1381441,1715602
8407,7000,385503,38574,5518,1310025,1757323
9277,6407,530789,38463,5686,308428,900995
9573,6482,226351,35204,5556,175942,461145
9370,6148,322045,37093,5778,121285,503979
8314,5389,404739,40333,3852,167165,631663
9407,6074,2335808,39445,4759,1414836,3812552
8314,5630,852209,31870,4870,1342242,2248265
7222,4870,1500046,76500,3537,301573,1895378
8926,5407,1243052,46537,6149,291531,1603621
9166,6500,1071597,46630,4370,209062,1350103
6648,4518,978308,35963,4982,291406,1324548
8740,6241,1027075,76464,3592,235435,1359955
7000,4685,1869105,53019,5500,318456,2260080
10036,6556,1229889,35241,5407,217621,1507047
5907,4611,2362012,38907,5074,1397225,3816959
9611,5629,891819,40315,5000,281563,1236011
9166,6426,1448988,45778,4759,235983,1772749
7407,4963,3094872,43093,4166,178998,3335240
4944,3889,2077102,81352,3741,143680,2316820
4444,3778,1265105,33093,4685,1392398,2706040
8055,5444,1348114,45315,6166,1152724,2568152
9351,5741,1440437,36926,5018,1349214,2848872
4999,4112,1560037,40260,4888,354822,1971470
7277,5334,132337,35963,5019,355770,543682
5351,4537,162550,34537,4833,295410,509571
4593,4666,255966,38685,5648,1325247,1637213
8740,5944,336400,46778,6074,1268757,1676101
7537,5018,146575,39074,5278,326830,532664
4259,3685,208009,37981,5537,255100,516627
10130,6870,334480,39648,5537,180702,579497
6278,4259,382229,80537,4074,163360,642904
9629,6389,480256,42648,5093,168147,715218
8518,5667,269430,43852,5963,1421263,1756731
8796,6000,237160,38574,5371,253206,551182
5407,4444,292576,38149,5851,1392377,1740842
9166,6093,387918,36333,5648,1625922,2073414
6147,4426,205315,35740,5260,210312,470552
4722,4444,260971,41834,4055,156323,474405
9592,6204,312516,75482,3463,124165,534219
7555,4945,459006,48445,5481,186675,714126
5222,4351,533608,40518,5019,1271567,1862822
8684,5963,132929,37408,5259,295568,487849
8036,4945,225104,58408,4426,1310478,1614361
5259,3796,310206,39444,5945,1353340,1720287
8129,5445,398158,33018,5019,1948328,2401338
9851,6648,350722,38648,6185,302034,716514
12221,6482,344582,35870,5630,1144464,1551991
8295,5315,386924,39981,5463,182388,630477
8574,5518,454877,35537,5315,242619,754385
10184,6185,130217,36352,5315,270558,460793
8999,6056,155151,42556,5333,1394377,1614935
6296,4926,250603,35908,5333,1315072,1620268
7851,5889,134611,32426,5352,283812,471960
6481,4389,389954,49093,5555,1341740,1799471
6648,4926,348943,79445,3685,1170565,1617583
8999,5574,493674,42130,5963,168822,727847
9721,6778,313738,37629,5130,292833,668144
9314,6056,496950,39574,5833,1531205,2090932
8462,5352,309235,44333,5723,1407606,1782748
9704,6518,345910,36815,5111,261957,668015
7185,5074,748401,44982,4685,1494585,2306894
7092,4537,369186,41982,5389,374642,804829
8592,5592,157120,39685,5000,308285,526645
9389,6388,255999,39129,5574,182944,501812
6277,4500,368118,34481,5204,256582,678126
8462,5333,417775,40685,4259,125074,603904
5574,4166,513153,76315,3889,1172744,1777990
7500,5000,131789,42649,5185,303874,498460
9369,6167,220335,54056,4056,246032,542348
5462,4370,318363,45426,5833,1289665,1671397
7314,4926,160240,32278,5222,282535,495182
9129,6222,192600,37611,5371,286359,539941
4648,4741,302201,38371,5500,187517,546071
8277,5445,372265,71667,4666,127657,592237
9555,6000,441589,42333,4074,204333,709866
8944,5611,128040,42611,5426,310827,504163
6333,4648,161196,33889,5241,344430,558719
5778,4333,252723,33574,5056,1367748,1671453
8815,6074,334121,39666,5315,1311110,1707342
9481,6611,1120687,87815,4408,1199002,2430060
8037,5037,204452,45240,4408,235064,504257
5536,3889,311108,39019,4019,190036,556626
4370,3741,386228,82185,3407,182991,665274
9630,6648,497014,31574,4963,275296,827699
5555,4056,266040,36222,5352,266864,586201
8351,5296,196641,44407,5741,1408017,1671860
5055,4185,224371,36556,5611,1366657,1644361
10129,6408,360435,40889,4981,1141649,1566621
7647,5130,141183,38259,5223,272054,471497
8852,5481,244692,41296,4982,169083,476942
8352,5425,892573,43296,5297,1394876,2352061
7962,5611,420339,40148,4167,205491,685977
5092,4056,497106,80945,3981,150167,743422
9388,6074,486262,41019,5704,228159,778569
7036,5019,226195,41500,5426,2066643,2353875
8889,5981,310612,45926,5333,1305712,1684898
5611,4556,188285,43871,6018,230971,481942
5425,4315,199627,42315,5926,218462,478645
6073,4667,255488,33296,4537,187047,493552
9629,6241,358274,85759,4223,1159938,1626046
6018,4685,432672,48000,4926,170676,668941
8426,5537,135715,41130,5018,394985,592978
5092,3833,159112,42982,5259,355070,573830
9722,6389,252602,52723,5185,414819,743274
5574,4500,350518,41722,5426,1382842,1793045
9203,6111,184915,41871,5741,229193,479405
8055,5185,191275,42963,4296,232241,486089
8870,6018,307358,42000,5907,162491,534793
8611,5926,428014,35019,5240,213334,699348
5833,4222,471189,41797,5037,261806,791940
8037,5185,311197,39093,5759,1337163,1708564
5518,4092,191649,42630,5445,284088,535515
9296,6278,327510,40407,5500,1301629,1692694
8851,5778,375740,42426,5259,1155288,1595287
8444,5574,170563,37481,5296,293398,523219
10240,6444,293645,44352,5463,205074,567700
6184,4315,369469,38092,5371,130232,556034
4758,4482,434884,35981,5204,165612,652885
10425,6185,537504,41833,5204,169899,773106
8777,5963,135566,44482,5759,300968,504145
7684,5278,217889,45445,5945,1344101,1628879
6814,4612,322323,39000,4760,1325203,1706231
8629,5685,158702,41315,5574,240277,462923
9463,6537,180747,37444,5297,370805,613126
6962,4741,305182,38926,5463,121426,484812
9203,6130,337968,41741,4944,141492,544090
5944,4759,446883,43371,4481,207872,716199
7981,5444,1114486,38686,5815,1323406,2498467
22259,4592,145103,34630,5426,1452572,1666953
8851,5167,243685,42019,5185,1331120,1638361
8240,5241,337434,43574,5333,1340334,1742119
6426,4833,818536,35704,5167,1332654,2205487
9314,6556,215969,38185,4537,201621,478182
5203,4556,311977,34797,5296,191019,555367
9388,6074,378319,39889,4407,244955,685773
8167,5018,487402,45092,4778,237779,791218
8351,5408,133927,37870,5500,289848,483164
9259,6462,183843,39463,4945,1426758,1673046
7852,5314,284833,65630,4241,1309731,1680009
4703,3944,375027,40185,5463,1137187,1568879
9240,6092,137627,40630,5185,339722,540570
5092,4037,217154,42130,4500,277102,552627
6684,4630,334366,38963,4889,175612,567793
7814,5278,448782,36241,4759,161751,667385
4648,3889,276233,41556,5092,1360868,1694601
7833,5241,136593,49722,5667,350163,557756
4888,3926,216621,40963,5148,1374074,1648120
8758,5593,307351,42296,5871,255182,628385
4499,3982,158210,34074,4889,301157,508830
9203,6352,184459,46667,4796,233705,487645
4315,3722,262838,39593,5315,1205393,1523751
8629,5556,356439,42481,4871,150872,571145
8833,6074,433059,79537,4315,230103,765200
8981,5796,153492,37352,5223,1460090,1673268
5518,4499,963670,42778,5685,1337798,2362430
5944,4555,256454,36518,5037,1341149,1651750
8222,5389,392498,40982,4852,1274436,1728379
9463,6389,179839,33112,4481,279157,515479
5537,4240,201422,48834,6018,264409,532404
5907,4389,299930,37685,4945,184066,539441
4407,4222,407143,81945,4074,163575,667663
9018,5704,483391,39556,5667,221140,766903
7073,5074,271399,42908,5704,1308572,1642768
7352,4685,184222,38963,5629,1319362,1562362
5258,5000,318712,47149,5388,284785,668311
9777,6444,155572,37944,5278,264944,482015
5759,4351,128710,39148,3926,305528,489534
6815,4870,230681,36407,3963,208909,494201
4944,4223,338466,41019,5593,1241394,1637713
8296,5611,405586,91760,4018,153076,670274
9592,6537,472984,37148,5130,211845,745810
5314,4056,135861,45167,5222,1460055,1660101
7740,5408,226925,38833,5371,1380898,1667750
9722,6240,325971,39537,5426,1382741,1771878
7055,5111,164089,35722,5260,238111,457404
5611,4240,168987,40722,5611,239696,466942
8351,5760,271495,89796,3834,170038,552441
9685,6074,337503,38093,5518,155346,554201
5426,3981,448808,83575,3963,187594,735329
4518,3889,843632,82278,3833,1386262,2327727
5092,4203,159176,37500,5000,365525,578478
4851,4296,244740,37629,5389,1343011,1641898
9777,6297,341673,38204,5445,1307279,1711453
6722,4871,185200,33074,4555,295538,531868
4814,3926,278542,48741,5666,171770,515849
4129,3630,318290,47463,4741,1165737,1546065
10055,6445,378540,88537,3926,166715,656737
7629,5278,455085,38686,4852,114059,627941
9277,6759,296871,39870,5371,1628932,1989507
7073,5037,181638,36445,5500,1398815,1637305
7389,5241,271405,46519,5129,1411788,1749750
11277,5648,365359,45204,5426,1134928,1569824
7518,5315,169310,44427,5388,246409,480664
7055,5222,248430,39556,4482,210567,517701
9851,6611,315124,84963,4074,140410,563552
10129,5963,386076,40963,5871,246678,698459
8981,5500,494973,89667,4037,159837,765255
9314,6500,130518,54870,6056,323683,533015
5611,4314,214101,38667,5074,1375538,1646268
6629,4574,316553,43278,5519,1276344,1655342
6555,4296,440192,37129,5093,1116706,1612879
9944,6389,146865,43889,4574,273854,488182
4759,3704,258855,41278,4130,179993,495238
8666,5500,357049,89241,3945,1164182,1631454
8611,5574,428983,84852,3871,1170025,1704157
7962,5648,132732,37352,5537,339247,531200
6833,4963,277536,43649,5407,322404,662941
7796,5351,282637,38945,5704,1342594,1685786
9184,5686,334515,43334,4722,1295993,1696453
8981,6315,181894,44796,6241,235770,486868
5611,4259,193661,89019,3889,195799,494979
9629,6556,292262,39593,4278,218178,573182
8499,5667,401178,89334,3907,1164108,1674694
9129,6370,468576,37796,3834,190698,718903
9610,5778,249453,43371,5630,1301889,1618046
9204,5648,185591,42722,5370,1403752,1654250
8221,5741,319340,38241,4963,1352909,1732156
7574,5333,151422,29371,4648,289445,490220
9592,6685,156856,43038,5463,271455,495757
8907,6148,242605,39241,4463,201244,504997
8221,5519,347725,30500,4389,154846,553496
8647,5630,405474,91815,3945,153892,671422
6999,4445,481741,41334,5074,239272,781514
5369,4204,128471,43370,5612,1406371,1595916
6962,4982,214701,37611,5630,1392474,1664360
8018,5259,346007,36592,5426,1303206,1706527
9870,6574,115625,66074,3981,254669,458923
6611,4481,170874,41834,4166,235605,465609
8481,6055,268716,84538,3888,173318,547015
5759,4815,312650,40889,5167,185624,557886
4369,4519,454196,42537,4889,247374,760569
4184,4260,131425,42129,5297,324035,514126
9629,6704,144748,30778,4888,1403854,1603120
8481,6019,238627,45815,5240,1338086,1644361
9759,6167,325117,43759,5871,1351558,1744305
8555,5149,166846,59167,3945,290890,536701
9758,6574,205004,35592,4685,216754,481423
5352,3944,286567,38537,4778,146986,489183
10592,6574,476428,34166,4871,1150377,1685842
8259,5204,526510,44574,5741,169059,761570
5388,4074,439555,37130,4870,1463823,1956988
8796,5778,181488,47352,6149,1358168,1610010
9092,5982,281126,67927,4296,1279678,1650157
9258,5630,372190,36167,4797,1141170,1571583
7093,5499,212662,41741,5240,172911,447368
5888,4426,217410,40371,5426,179569,455571
9759,6722,315604,85667,4296,1172090,1596768
6666,4926,426668,45278,4519,129754,620145
7888,5222,495195,45111,5500,181561,742736
10796,6926,133276,35778,4444,313888,507793
8203,5408,133413,45371,4685,338824,538941
9777,6667,295607,37093,5130,1302160,1659213
4536,3945,405764,52185,5334,1135726,1609583
9092,5981,166513,37130,4814,295670,521478
9592,6686,269539,31630,4778,170550,495386
8906,6093,359085,47370,5389,150597,579422
5129,4185,439575,51574,5315,169180,677977
4352,3777,409527,36241,5167,1441758,1903693
4259,3852,155942,35907,5130,299222,506960
7870,4685,278154,36370,5056,1353391,1688064
8555,5945,370200,31166,4537,1276420,1699176
9462,6685,212763,79427,3648,143715,457960
9388,5538,190585,46260,4944,201134,459868
9796,6537,262446,78889,3815,129551,493664
8370,5981,369047,74223,3203,193486,656200
8333,5277,544279,40092,5000,267032,872550
7815,4981,256563,42000,5371,1363390,1682953
8851,5463,178238,38296,5426,309852,549515
6055,4371,314839,36796,5241,1233022,1602658
9333,6203,360588,53686,5722,1118810,1556824
9425,6648,191411,36574,5241,252068,503460
6481,4556,236641,43463,4389,176134,474220
9018,6463,302798,82166,3982,148458,556071
9055,6204,126972,40129,5686,276118,466220
8981,5167,1278261,43315,5000,214989,1558528
19166,3963,112692,37278,4611,267472,447127
8203,5556,213478,35240,4630,1398142,1667731
8259,5833,298116,41630,5777,1319615,1681749
8573,5556,390421,35759,4870,1145978,1593527
8314,5648,167540,42537,4352,210161,441201
8425,5370,288882,39185,4093,143301,491312
9129,6185,359834,39260,4574,117644,539275
10110,6112,446138,92834,3982,190208,752218
6389,4759,127646,37148,5648,286759,470405
8407,5537,1280935,36223,5129,1347142,2685929
6018,4908,247811,35370,5370,1407865,1710861
10203,6630,366004,40797,5444,1346337,1777897
5722,5000,135715,32797,5666,250652,437553
9778,6740,174206,84778,3963,196254,477794
10518,5704,277381,42278,5129,141154,484961
5907,4445,389593,93870,3926,1158231,1658768
6500,4870,476602,39703,5889,161284,697774
10092,6611,149553,33315,5500,278796,486090
8852,5555,177654,37037,5185,279621,516238
10074,7037,270496,39074,5259,1413679,1747842
9444,6759,279800,45056,5630,1282653,1632583
6018,4463,165956,72871,5018,264300,521220
10536,7167,213742,46278,5407,232348,518237
6388,4556,420806,42464,4351,240819,722255
10592,6981,406092,36278,4111,277867,744680
5093,4240,503786,39500,4111,211636,770514
9406,5778,308368,37333,5649,1369992,1738952
9814,6186,204505,42759,5185,1315190,1586083
5925,4389,300477,38389,5092,1399921,1758027
9222,5981,110411,42277,5593,351253,527256
5018,4186,191103,36593,5222,285393,529960
9314,6352,272408,73075,5129,193496,562071
5444,4093,334324,41981,4186,211524,603774
9666,6834,442629,34722,4111,1748265,2249617
9499,5944,840509,33426,5426,1388552,2285783
5981,4592,163700,34260,4759,363519,579626
4574,3815,253708,40185,5500,1378689,1689213
9444,5889,362439,35944,4649,1373550,1794341
9185,5888,423541,37000,4611,1139672,1622046
9906,7074,191863,49389,5574,236968,503589
9851,6649,265870,35334,3796,221959,546404
5166,4426,376676,83815,3778,199894,675941
9944,6537,471054,43297,5426,170663,709348
9110,5797,856841,38630,4093,1440978,2357708
8593,5814,177052,44444,5963,1421791,1666324
9129,5833,268134,46167,5407,1393856,1730731
5685,4685,356346,41908,5296,1290070,1707824
9370,5759,138817,44833,3797,321773,527164
9407,5889,232177,43407,4260,209653,507905
6629,4907,307685,43352,4167,212311,581219
8481,5574,413286,79871,3407,1173556,1687027
10203,6426,477832,43093,4222,243608,788329
5185,4222,144191,35352,4889,300991,497757
9851,6556,210532,43204,5426,1391310,1669249
7814,4982,512634,36481,5019,307805,876847
9314,5593,133048,39797,5055,301208,496127
6518,4926,171704,47297,5759,265903,505978
5629,4481,327177,44741,5277,287135,676588
10111,6926,347758,46019,4741,172960,590626
6203,4574,435489,44056,5370,215988,713718
9388,6185,829259,36777,5537,1281563,2170802
6648,4759,147949,39630,5593,623860,831366
5684,4815,240384,35407,5148,1415810,1709378
5444,4296,341059,50537,5297,1306653,1715287
9796,7074,131566,43741,5759,277320,477923
6222,4592,213779,36592,5297,245403,514090
9148,5852,307009,41037,5371,192320,563256
9036,6167,380795,38000,5371,186701,628663
8241,5370,492396,40871,5037,222655,777533
5074,4148,249904,43944,5945,1422938,1735620
4592,4074,183208,41241,5148,1341542,1581880
10147,6741,314328,35444,5408,269650,643774
10185,7000,402780,32908,4815,1112191,1572620
4407,4074,156437,66981,3741,239968,477794
9536,6519,219166,46963,4260,195571,485293
8722,5741,343268,45278,5259,155747,566534
5685,4518,464758,41723,5833,165923,690607
5555,4444,1059768,38630,5185,906165,2021729
9481,5833,165125,32537,5130,270354,490701
5981,4482,208467,48741,5611,1344375,1619861
5333,4185,298660,38445,5241,1304718,1659490
5629,4537,145705,31796,5167,295903,490904
9592,6185,171713,46649,5481,287172,529330
6962,4852,294833,36074,5408,332015,682922
6407,4518,348490,36222,5222,201285,605274
9832,6334,463220,34648,5149,189682,711514
9981,6630,617969,33260,5555,244747,920550
8593,5500,158032,30092,5130,1443940,1654954
7369,5130,241189,44815,6000,1968927,2275523
9333,5778,325438,65352,4352,1290237,1703102
8574,6037,161853,46166,5945,297477,528997
6426,4851,655326,35852,4667,310890,1020679
9129,5741,298888,37759,5630,153313,513182
10166,6889,434656,43056,5222,1175538,1677676
8833,5741,511220,41592,5389,178331,753663
9074,5981,137097,61519,3815,256492,476127
9592,5519,181161,40685,5556,1417255,1661954
8648,5500,268188,33518,4760,1280950,1603880
8388,5648,351604,45630,5333,1142424,1561102
9369,5926,160815,36908,5426,273923,494460
5500,4222,222731,38722,5408,191488,470275
7277,4778,341591,36574,5556,1148029,1546009
8944,6722,426081,43278,4685,204804,696496
9833,6111,483960,78185,3315,209776,793755
5722,4481,167060,37926,5185,257753,481109
6647,4519,207660,47575,6240,1332589,1608712
5166,4278,349243,37741,5019,194197,597793
9703,5981,392789,52963,5278,1131832,1600787
5888,4611,175722,80001,3740,200035,472182
9980,6593,271675,42759,4130,215581,552811
7499,5407,362906,36352,4222,118203,537922
5814,4630,437988,36981,4130,196526,688200
6037,4481,128199,34630,5093,302872,483368
6352,4888,146522,42093,5148,1367673,1575695
5184,4112,240974,47297,6074,267262,573015
9610,6352,318317,40741,5685,1270062,1653305
5629,4871,176231,31463,4926,222803,448553
9777,6778,199036,44112,5555,212498,479868
9648,5537,952102,43963,5778,1278070,2297894
8721,5704,353831,43926,4204,188350,606607
6111,4093,478006,40389,5870,192230,728404
4278,3981,268643,35130,5352,1382587,1702490
9185,6092,160096,42389,5592,1393266,1618972
10240,6463,265048,40575,5481,1355460,1686620
8370,5056,357353,34982,4907,1377007,1790360
8314,5648,180879,37519,5574,285895,526015
10555,7167,247295,29686,5018,225406,527627
10444,7000,351434,39666,5834,161730,579034
7110,5186,398330,37834,3870,131259,587219
9037,5703,502747,76352,4166,166138,766588
10037,6722,131809,34741,4796,296670,487460
7647,5315,203354,41593,5611,1355951,1622490
9129,6370,814957,39204,5130,120963,998216
10315,6907,166000,37649,5407,259090,488572
6240,4556,193138,38778,5555,238489,488794
10110,6445,288850,42760,5388,153425,508923
5203,4037,160599,39703,5760,238361,455682
7981,5037,440497,77593,3852,1238270,1775434
9481,5833,403709,45629,5593,272324,745292
5999,4630,2279389,41944,5482,122170,2463059
9666,5981,716541,36426,5222,1623427,2399412
6240,4500,1138309,36019,4926,1471823,2664373
5944,4963,138277,39574,5982,1428954,1625972
10740,6371,227175,37851,5315,205008,494590
6666,5148,272128,37574,4704,148592,477016
5684,4371,134135,45370,5612,289510,486830
7055,5296,448774,43963,5185,209500,722922
4777,4000,276633,35778,4852,417214,745069
9240,6167,169419,38222,5389,1347479,1578379
8203,5871,1046541,43426,5278,1582665,2694725
5481,4315,359973,53185,5593,1131795,1562787
10241,5944,162203,59889,5315,257701,504127
9481,5851,272175,40278,5518,1586111,1922229
7573,4908,325775,73722,5241,1166716,1586306
9351,6037,382080,38074,4371,268656,711070
5796,4296,492866,47667,4981,204259,762866
6166,4704,266262,42315,5519,1399653,1727138
9370,5815,247474,35444,4797,289466,594515
9555,5704,291482,91908,4518,1247971,1653638
5500,3907,389880,55259,3204,1134444,1594991
9907,6130,169906,37111,4870,308554,538590
8351,5556,278618,34000,5000,120213,454238
8592,5686,352478,79445,4351,1173846,1626972
6388,5204,425561,46018,5519,169342,660107
9999,6926,522717,45223,4629,150186,742866
5314,4334,152261,32723,4722,1411266,1612713
10259,6519,242918,45537,5704,1269776,1582806
8536,5315,327741,43056,5296,1290638,1682582
9499,5760,134711,35297,5000,281193,473756
6221,4537,217776,45574,5408,234332,516756
6110,4945,401895,32056,5019,144600,597274
5277,4444,1176666,30982,4574,176641,1400214
10389,6963,461153,49370,4667,202991,738033
6370,4629,255050,37926,4889,1298219,1609268
9870,6611,168854,34093,4592,1419267,1646139
7389,5074,268491,47001,4611,1353943,1688676
8851,5500,352741,41982,5518,1278027,1694823
9889,6907,145248,55352,5037,326934,551867
5814,4796,255998,28796,5556,224851,528478
5259,4500,297154,43667,4574,216972,575034
9148,5981,411478,46352,5574,205444,686793
5278,4981,488449,36630,4111,302102,844162
4573,4704,130363,45482,5129,292023,484608
10295,7056,196353,39574,5611,251718,513238
5185,4778,348658,35944,5074,1324740,1727175
8907,5778,161962,33833,4926,240128,457812
9407,6666,159174,73667,3852,280267,535719
5037,4648,293534,33926,4760,196314,541127
9240,5907,334228,40482,5611,415379,813680
4758,4815,431570,37889,4703,221982,708181
9703,6019,519837,39389,3704,117603,698570
6332,5000,156604,31315,4537,1415702,1621749
9777,6611,227279,45555,5741,1337916,1635027
5610,4704,329102,38166,4667,1387906,1772637
6740,4963,162813,35871,4722,270777,487960
9833,6093,199173,74870,3686,201694,497479
6444,4982,272570,44389,5334,140241,476072
9759,6425,373487,46815,5611,145380,589533
5370,4204,484661,45093,5574,143261,690237
6925,5037,130780,42815,5222,279199,472108
5907,4815,171899,31093,4648,1538813,1760027
4481,4167,270167,57982,5555,1326638,1671083
7055,4907,349102,38926,5741,1155389,1563602
9981,6852,199998,39944,5204,207499,471645
9426,5648,272599,39667,5629,1330447,1665528
5981,4426,350422,40204,5593,127630,537645
4963,4129,386746,37185,5204,213399,653441
5204,4074,495902,47222,5630,132297,692608
7074,5222,132076,45518,5389,257311,454701
9981,6463,193918,36648,5167,1389480,1643713
8592,5815,342463,40926,5407,1216565,1622213
9129,6075,140100,57666,5204,239157,459516
8110,5260,147126,46371,5944,257463,473127
5833,4463,282987,40018,5315,159547,501219
8351,5574,334366,71111,4241,164871,591200
5314,4056,441559,39593,3389,129863,626422
10167,6388,537476,39389,4352,141261,741589
8129,5833,139094,39593,5129,1441027,1641083
9685,6444,223639,40519,5833,1394907,1684861
10111,6018,357463,38148,5852,1299231,1718990
8926,5833,149359,40370,5519,238916,451460
9185,6500,209237,64741,5167,155963,452850
8203,5760,313320,41666,5334,118640,495553
6185,4667,367328,81019,3740,139483,605312
8185,5759,464633,40723,4574,206733,732478
8944,6259,266011,39297,4852,1285257,1612991
9963,6963,174056,48296,6019,263792,511553
7999,5630,272342,42111,5352,1385129,1721305
9704,5944,344388,42926,6074,1174232,1585991
5388,4223,154858,44204,5037,300638,516145
10370,6648,253608,42352,6129,172779,494127
9888,6111,296042,46222,4704,141196,506664
9055,6129,414421,35204,5185,204575,677514
9314,5889,469910,77538,3814,278048,846847
8611,5667,284158,42686,5666,1396109,1745361
5907,4759,200092,39408,5315,1364453,1622583
10296,6352,285804,34760,4833,1385815,1731342
5351,5130,131442,42666,5538,292962,485256
9110,5685,992805,35408,5185,190262,1241141
5184,4463,252441,35277,5019,165464,470553
10241,7166,363764,35426,5148,1148931,1573547
7962,5574,421605,42260,4333,136595,622311
10388,7037,518985,34074,4852,120123,698181
9148,5778,140416,36445,4704,461227,659756
5351,4611,236018,41649,5296,1273547,1568917
9870,6537,356452,34148,5130,1359982,1774693
5777,4426,163108,33149,5222,283537,498534
6703,4740,170376,50500,5945,304769,545589
5351,4167,404403,37703,5574,285426,745310
4610,3982,385059,36796,4871,186474,624218
9870,6463,478179,37093,5629,237113,776792
9592,6222,126741,43667,5260,280737,474293
5629,4426,173879,45686,5240,340784,577848
9666,6019,262591,76556,4481,1311066,1672583
9055,6000,344285,36260,5055,1161706,1564472
8481,5444,168700,39186,5963,341703,572311
10166,7093,208486,81852,4426,224122,538775
8055,5518,316050,38575,4370,159317,533960
9648,6740,386707,49852,4945,222492,682440
9555,6315,238178,35278,4888,1332239,1630028
10203,7000,291037,45001,5277,1374267,1735064
9037,6444,235601,35982,5352,263821,558423
7018,5000,329813,32222,5000,1336214,1717379
7258,5667,381896,43000,5778,1158280,1604342
8592,5871,174107,37944,5111,317409,552127
5722,4222,277579,42407,5222,191086,528571
9629,5778,346013,36092,5315,225465,630422
11278,7000,424336,73629,3704,149419,672089
8666,5463,494585,40111,4093,222873,778680
4815,4092,144185,46296,6056,352719,560627
9926,6648,230878,48982,6000,294359,599145
9352,6037,322183,46685,5408,1393880,1785546
6629,4518,147747,37555,5204,279029,483293
9018,5851,184514,76519,4019,206094,488941
5722,4685,293152,43333,4185,210252,563534
9629,6112,358678,33760,4055,1182257,1597028
7962,5371,466076,42926,4370,216846,746495
9315,5944,133510,38666,5278,298562,493294
10333,6092,169796,42981,5612,1386213,1623694
9592,6166,256989,36741,5185,310082,626996
6315,3907,352646,35629,5408,1290863,1697194
9314,6093,138338,34963,4796,287252,483201
6444,5018,1636611,41907,5537,1367465,3065945
8056,5351,238912,34481,5019,222919,517127
9999,6574,414827,40778,5833,255614,736329
8740,5944,506132,37944,5574,176568,743366
9704,6592,156805,46334,5685,341340,568553
6795,5149,204387,40945,5518,279961,544941
9074,5648,299192,35334,5037,1370890,1727435
6314,5074,420405,29204,4574,1306881,1775156
8333,5519,162930,41296,5241,439158,664422
8574,5611,264772,43796,4315,173984,503256
5778,4277,341355,34148,4963,164476,557312
9610,6389,420678,33741,5408,304576,782569
9296,5833,511391,42333,5389,182717,759718
9296,6185,134453,38259,4686,315025,510831
5777,4297,133683,58426,3778,387646,595626
9629,6241,150765,39093,5907,275936,490034
9407,5925,163978,50722,5333,253483,490886
6518,4482,234930,42741,5055,175197,470979
9741,6463,304845,38408,5685,1245441,1613936
8925,6185,374929,40315,5352,1820910,2259079
5592,4740,803605,34963,5574,1368549,2225635
9740,6575,241629,43685,4982,1607933,1917026
8092,5463,173785,37667,4722,1754351,1987340
9258,6093,295646,43500,5389,204406,566922
10092,6925,339544,35833,5204,2024591,2424263
5647,4111,364774,43352,5407,189612,615052
9166,6074,239411,31778,4630,264919,558589
5221,4000,614754,42945,5296,2027064,2701317
7944,5500,456076,39241,5093,182327,698256
11000,7222,764937,37149,5370,289075,1117364
19777,4186,111387,36686,5555,342684,522386
8648,5370,131100,64666,3963,348323,564126
8629,5685,282016,41685,5611,326944,672422
5222,4056,148616,52574,5444,247863,466331
10444,6574,142661,41926,3963,269429,477756
4981,4111,256688,40167,3981,176476,488904
10499,6908,320289,42611,4278,178893,566960
8981,5907,423946,38093,4740,174699,658681
9167,6500,306657,35352,5333,313135,678460
9406,5797,134813,33778,4870,310740,501700
9222,5796,221433,42055,5463,276250,562682
8426,5500,203959,37056,5333,249575,512682
5889,4259,459950,38463,5444,241916,758237
4778,4018,215272,56759,3834,280021,566830
9018,5907,626319,34352,5055,1102320,1785675
4722,4074,684271,34593,4833,1155088,1890267
9129,6037,436075,41852,5722,206810,707737
6555,4519,396972,38241,5222,1450035,1904230
5685,4500,688277,34574,5482,271902,1013216
5869,4574,751953,32444,4741,1406442,2208690
7648,4888,353423,35463,4685,1544696,1953637
5147,4037,159097,38963,4815,253752,468238
5851,4500,268549,46852,5889,159967,493719
9796,6000,299169,39907,4926,126847,489627
9092,6278,653771,49463,5907,1237792,1964618
8778,5685,789260,44093,5834,1338152,2193877
9740,6111,159619,43593,5889,333489,560682
8943,5815,200498,38981,5056,1300827,1562250
9981,5740,337506,45482,6185,1357465,1764601
8944,6352,371440,41111,5778,1366605,1802397
6258,4500,190818,68556,4315,213512,490386
9740,5833,235345,38463,4926,172171,469330
10278,7055,363317,47815,5870,121440,558516
8425,5630,413695,81389,4167,169745,684718
10370,6926,512759,43593,5111,1270563,1851508
7703,4907,159952,43018,5463,1371632,1595564
6222,4740,233238,53093,5111,1337975,1642805
9351,6167,316746,59963,5722,1312448,1713601
9074,5722,137939,73093,4203,259059,491164
10647,7278,487819,40518,5519,1140690,1695157
8555,5611,309955,35426,4963,154245,520923
7444,4834,379704,45093,5315,119088,563608
7278,5000,483435,35426,5111,118839,657922
6166,4759,137813,45278,5796,246240,448738
10092,6759,167229,40000,5537,1341281,1573732
5185,4778,264477,38075,5314,1363216,1683527
9148,5759,341449,43463,5667,1278004,1685694
10240,6889,184587,40389,5000,250632,500719
6611,5074,238928,39370,5519,157884,456127
9185,5833,314993,38907,5333,153376,529423
9573,5926,418315,40167,5500,161885,643774
6870,5000,526287,36426,5129,146524,728477
11185,6722,156850,71926,4333,1934397,2187858
5555,4389,200395,44555,5556,264639,528089
11129,7204,284292,41889,5463,1365272,1717527
8611,5611,116596,40926,5408,231234,411239
6481,4740,208790,39241,4759,210708,477497
5185,4037,272372,31000,4630,167588,487645
5074,4204,328861,44278,4445,144764,534312
9999,6130,425926,40371,5259,180588,671089
6481,4649,504489,35056,4148,215673,773311
10203,6630,137738,37296,5408,267463,467035
7037,4407,222079,45501,5685,1346726,1633324
6647,4945,315273,44296,5574,1411402,1790841
8074,5444,399763,37741,5204,1156468,1615250
6592,5833,203530,41408,5500,223319,489701
5370,4889,264242,36648,5630,177903,496812
10759,5796,363195,41592,5482,183468,613293
5426,4185,456148,43870,5500,225718,743663
10370,6648,148951,43222,5445,1429354,1646453
9203,6297,157904,38574,5333,1403272,1622694
10203,6333,246746,43019,5648,269751,584015
6018,4481,384884,35426,5630,1324291,1763249
9777,5926,139317,47259,5593,250754,460978
9166,5759,193844,86556,3982,267356,569293
5611,4648,302111,39241,4297,192477,551219
11296,7222,366806,80352,3444,174247,646200
8592,5333,476629,69593,3333,292607,858865
5666,4241,315599,43223,5463,1317816,1695657
10203,6278,959609,42685,5537,1418599,2445022
8888,5797,330041,40463,4945,1242615,1635176
9555,5982,375827,60815,4297,1286328,1745212
9055,5593,143335,39241,3963,367587,571793
7870,5500,250381,43000,5352,155005,470757
9240,5982,371833,37686,5111,1145009,1577324
8925,5778,426101,41982,5741,1156185,1646972
6204,4851,518906,45426,5149,1882764,2465875
6906,4630,135728,33463,4796,290936,479330
8851,5556,227273,36093,4703,1350829,1636009
9907,6352,311337,37537,5463,1369893,1742693
8036,5852,159160,35445,5166,253727,469608
5962,4315,190483,63481,4186,242347,512960
10185,7278,288639,32982,4907,214543,561090
9166,6093,346333,77093,3666,1140621,1585083
9629,6629,450675,47667,4796,167099,688829
10037,6611,134534,36222,4982,287981,483090
6647,4556,171172,44444,5185,1372634,1607564
6296,5037,266199,41777,5630,1352847,1679842
10388,6741,385670,37130,4796,1300135,1747101
10074,6833,1402959,35945,4815,306567,1769675
5518,4778,220575,44130,5259,269514,552293
9778,7037,313435,47704,5537,148098,534423
7610,4982,709167,38611,5630,1163710,1932341
8814,5759,524416,41629,5352,176488,765162
5518,4277,318090,35630,5203,1461159,1832600
7722,5148,191745,39186,5666,1392338,1644194
9870,6296,280402,52945,5722,1265848,1623268
9185,5833,371411,39778,5444,1136617,1571195
9240,5926,235992,44686,5870,175875,480127
6999,5093,261982,41333,4185,334292,656070
6315,4500,347490,34241,4407,1322722,1721879
5222,4204,432980,45333,5630,244738,741088
4944,3907,507970,92334,4129,163859,779773
4518,3944,135792,38185,5834,1943269,2134024
9703,5907,217856,44093,5241,1401782,1687972
10055,6907,328605,55908,4018,364965,772606
10073,7093,153928,43611,5278,265939,488738
5666,4537,499807,40797,5574,1345255,1903729
9259,6333,272445,48592,4111,159368,502182
7147,4741,365823,41463,5778,151674,580274
9796,6703,449721,57371,4222,203479,733514
9332,6463,136469,43092,5556,1415578,1619175
5666,4241,161995,39759,5722,391909,611589
5018,3685,254503,36260,4944,1322394,1629305
4425,3870,344716,41426,5648,1333626,1735934
10258,6982,268668,35648,4889,193958,522478
5814,4537,236880,46129,5538,198228,499330
10573,7000,336796,47148,5352,1121529,1530954
5406,4223,411396,52760,5185,174192,655848
8092,5778,516479,47741,5519,1229102,1814989
8999,5834,131004,44241,5778,315251,514071
5536,4130,482736,35982,5166,1290365,1826397
5426,4111,324651,44204,5852,1251802,1639602
4851,4000,381086,42407,5426,1157294,1597175
10092,6334,225204,42833,5445,1399730,1691768
8037,5759,345972,42334,5148,1162130,1572158
8110,5482,344684,51871,5981,203257,621922
5204,4444,732823,44371,5370,1458868,2253950
9240,5963,544590,40500,5519,177387,786051
6314,5075,157541,33685,5111,1420894,1630991
9740,6315,273272,58963,4556,258761,613663
6666,4926,314429,34778,4759,1377746,1745323
7370,4685,169548,81666,4408,194190,465146
10092,6333,266723,43778,5148,177719,512090
6333,4852,316286,44778,5315,172877,552552
7222,5056,366887,76445,5500,1154269,1617621
9277,5759,791064,36240,5630,1843532,2693632
7185,5037,552237,45111,5556,1816433,2433652
7592,4944,161059,35945,5241,1646393,1863248
10111,6704,244290,42815,5444,292392,604552
9092,6592,374188,35037,5685,1354821,1789008
7130,5129,164473,31667,4518,267691,482387
6037,4703,640909,36704,5407,266290,962180
9444,6537,328601,41333,5574,1368667,1762305
5370,4759,487813,32981,5130,1341584,1879933
9296,5870,510340,38537,5834,219859,793125
8981,6055,301237,48018,5871,1295791,1668694
6426,4648,207873,35723,5092,1383302,1645194
9666,6240,276845,47889,6223,1367274,1716175
7221,4686,372149,48815,5871,1131600,1573213
5647,4389,182028,90037,3982,192395,481256
5981,5056,250888,79667,3555,1338565,1685935
9259,6000,351711,45315,4926,1412149,1831397
5518,4611,431386,34630,4982,182980,666311
8777,6000,529710,42093,4351,1337761,1931489
5444,4778,390662,37000,5092,300908,745644
9203,6241,217651,45222,5704,1398858,1685065
7907,5314,312715,37741,5611,1290665,1662009
8815,5722,396742,39370,4815,1153323,1611528
7833,5222,195305,40111,5611,235026,491145
9592,5907,572185,32222,4759,1586210,2213394
6684,5278,372100,45315,6000,139341,576848
5703,4630,348181,45093,5778,1683084,2095340
5666,5111,611209,44148,5334,171489,846550
6629,4611,160716,35908,5222,1479107,1694120
7425,5259,194373,49926,6870,1468377,1733990
5295,4778,384529,41167,5760,1229701,1673990
5389,4814,152871,42092,5241,274812,487368
7426,4981,200305,43481,5445,198378,463368
9981,6389,314758,37666,5389,1235659,1611621
9666,5759,443692,43796,5463,167119,677607
7870,5759,493867,37982,5555,189999,743144
7574,5333,304152,37223,5481,1171172,1532992
6759,5278,247308,40778,5204,1394348,1701490
6129,5000,336020,33667,4982,1344321,1732212
9018,6796,373437,60166,5575,1284035,1741138
7518,5222,196166,36186,5055,254054,506701
9444,5889,241675,38166,4741,176416,478757
7259,4833,316257,79482,3889,185591,598978
5981,4907,899897,50241,5944,1454219,2423838
8777,5426,1592370,48500,5296,1464594,3127760
5111,4926,1275045,56222,4019,252797,1600732
8166,5649,3349132,38852,5592,1271989,4681547
7963,5463,1681928,43444,5834,236560,1983248
7481,5222,3243933,72278,4037,266769,3602053
8944,5759,1948961,45703,5260,211248,2227505
48888,3852,708200,49407,4889,1342196,2160488
5259,4926,1939261,35648,5111,287763,2280153
9092,6037,1235934,39778,5592,252539,1551083
7999,5222,2955337,34185,4648,1411509,4421030
6574,4833,2582097,33185,4685,1441583,4074643
5555,4759,3113024,45167,5648,255068,3432758
8926,5999,483177,35037,4889,1316202,1856971
4832,4630,2634866,31667,5241,1347906,4031809
6832,4945,1967215,32926,4981,253717,2272801
58592,3592,1328901,37815,4388,1252122,2687466
16481,4389,755922,38556,4815,2001098,2823891
14684,3704,217150,45945,4666,179959,469590
6667,4888,306587,45278,5704,1334496,1706528
5759,4629,417133,39185,5537,1436431,1912063
7685,4796,277696,42815,5926,1420534,1761268
6018,5037,378815,34297,5833,1141472,1573657
6888,5019,210526,36149,5092,213897,479682
6685,5222,252423,33297,4722,183203,488127
6888,4704,366913,41037,5500,1172522,1600824
6500,4703,401682,37611,5259,181519,639922
6740,5259,531227,85926,4222,1139207,1775360
6611,4926,134993,47389,6389,1417164,1620213
5611,4907,224835,33148,5037,1284286,1560473
6611,5111,308714,40870,5371,1329183,1698731
6092,5834,162758,33019,5092,268554,483905
6129,5092,205323,38500,5185,233730,495719
5111,4444,302590,43000,5797,145685,509331
4833,4778,561043,39130,6871,128304,747774
7110,5056,1209628,79592,4223,174789,1483269
4833,4444,843561,49611,5666,1876553,2786891
10074,6111,155974,41519,5277,1413091,1633880
7111,5370,246334,39426,4945,1427989,1732823
5796,5018,340176,44463,5871,1371665,1775693
4833,4778,164184,66685,4852,247054,494775
6407,5111,203506,80964,4203,200305,502960
4906,4723,309533,73612,4352,1167197,1566046
10148,6204,399116,43611,4426,1180559,1646287
6277,5093,498995,43759,6074,218371,781384
7870,5593,163428,35759,4945,291439,511127
6055,4537,200178,38666,5445,316764,573682
5981,4518,291649,34315,4796,1263694,1607083
6703,4741,422250,41259,5148,1108130,1590935
6981,4981,155591,39630,5555,281184,496164
9852,6296,273099,39352,5907,176324,512868
7074,4963,356755,40278,5852,1165365,1582361
5666,4815,458116,35593,4592,149344,660237
9574,6463,513939,40815,4518,205853,783218
6203,4963,730744,37889,4130,1333095,2119099
6833,4796,169103,35833,5556,325931,550089
9740,6315,306166,61630,5463,1286694,1678768
7148,5018,260342,40241,4944,143952,464331
7981,5204,205479,89111,4352,157037,471997
