9815,9778,130803,137351,9667,182454,535108
7667,5814,190638,159907,10240,309378,761699
10741,8167,1096931,101888,14944,165470,1416955
9760,7611,148549,161499,13926,364411,723126
8760,7537,568048,91166,16963,454224,1164179
9278,7352,138071,91184,8704,194835,494757
8908,6981,137183,55074,13722,161038,401368
9019,7074,205906,39204,11518,199110,544219
6186,5389,137408,43444,11297,140164,362628
8759,6871,387797,304943,13148,161088,898643
7019,6111,267948,77462,16296,139291,529367
6186,5315,360116,46185,11981,154400,599034
4944,4815,113471,53481,13556,375415,584033
10000,7611,141676,56370,9741,878911,1122623
5333,5241,136048,56037,13444,154654,389164
10538,7222,170068,49981,12111,155819,420868
6408,5796,149162,40593,10574,163132,390794
5297,5389,140867,33889,11407,160705,372387
6019,5185,155628,32574,9426,193777,420368
9760,7315,258981,56814,8648,174887,532608
5186,5037,795054,36314,9500,374754,1246382
9890,8092,105226,31241,9074,222957,422053
7741,6593,141931,41666,7370,273382,497738
4889,4815,136747,30463,7926,170325,370516
6963,5741,133508,27371,7814,180286,380424
9056,7241,133695,33778,9370,141785,350720
5315,4796,136420,25722,7185,173134,370313
8408,6556,182957,33778,10426,271762,567182
7130,5870,381736,30037,12407,156113,610589
9778,7074,112110,32481,9259,221426,410053
7260,5518,136778,26574,7999,444979,647774
8982,7018,136316,29204,8092,141905,380831
6519,5851,139633,29018,8148,177329,381831
5889,5444,117190,34537,9519,166049,387942
6704,5796,136210,67666,6667,232621,474219
9704,7445,137230,36240,9630,213046,458331
6630,5871,291267,29296,8074,134527,490812
6927,5388,355770,33814,14056,157320,590460
9389,6722,110050,64777,7908,812167,1027660
5500,4778,134533,30222,7963,375260,582885
6297,5297,131441,26889,7796,134427,329924
8853,7018,106832,23982,7537,139499,308073
6149,5333,127093,25889,6000,158424,376905
6186,5185,135761,25982,7611,137459,335998
9056,7444,157652,36092,9796,259865,504182
5630,5241,314023,25889,7148,138104,513460
8519,6723,333487,32666,8982,163899,569256
6463,5093,112934,34074,9278,222082,422960
5852,5111,132788,33556,9055,162914,364035
5259,4741,132234,65370,7648,160672,393553
9037,7222,120143,40519,9574,160707,397664
6204,5166,138923,28333,7907,178947,379720
5908,5111,155535,34740,9056,162444,387979
5389,5204,179851,29241,8759,179332,421831
5111,5074,323334,33000,8741,165422,554460
5093,4796,113726,42536,7334,212050,419553
6149,5556,136097,29148,7666,463733,662941
4964,4889,137599,28851,8315,169066,369776
8834,7241,127341,25740,7612,137860,328702
5575,4925,113640,39685,8907,160693,383905
7093,5908,138678,29036,7204,279931,482646
5538,4722,139698,33241,9463,165541,374795
9056,6944,207848,66073,7334,239798,551052
4908,4630,320182,34981,10407,214408,603867
5926,5315,130351,64314,6648,299147,529126
4223,4537,132001,26463,8074,395774,587423
8500,6648,134002,36148,8908,160107,368071
7093,4722,134319,27722,7500,190976,388368
8685,6704,173598,74814,7445,162344,460386
6927,5481,139192,34852,8667,153861,367091
7853,6740,154565,62722,6592,164730,453664
6575,5500,300732,36055,9463,159654,534257
6149,5111,335622,50463,7055,157431,579108
8370,7093,108773,32333,8815,220799,402905
5075,5074,137496,63500,6370,397186,629996
5167,4834,138868,28722,7852,158611,360998
8871,6888,129075,33222,9537,164350,400386
6889,5852,159928,58296,6703,158738,411053
5389,4741,135985,49092,6408,151661,370757
8964,7388,176431,33926,9185,193437,443849
6519,5277,335524,64963,6537,135270,602070
6574,5426,130193,45296,9685,246527,483941
5815,5000,133454,29537,7982,342098,572256
6074,5223,131103,31834,8685,175227,373590
5741,4945,129753,34648,9148,165449,386590
5797,5037,149718,27518,8000,196113,406961
5093,4907,137535,33815,9000,146945,355813
9574,7093,129851,68240,7148,159629,396294
4982,4852,292444,27297,8259,169701,544478
6334,5260,404334,30259,7759,159088,630071
8667,6926,106634,43352,6611,239327,447701
5704,5037,135654,28259,7833,377806,576534
8315,6722,131859,49815,6555,157325,375460
5556,5000,137953,26796,7593,162971,362442
10001,6462,147085,55833,6778,163043,403461
5519,4926,134530,34259,10371,136449,344257
9112,7259,147699,65481,6648,178244,429942
4519,4538,278477,28926,7833,161057,499442
5908,5574,805347,26463,7796,328609,1217067
18779,6648,103722,24630,7629,229980,426517
6537,5500,130372,63796,6722,223645,455219
8075,6611,129596,24333,7741,137236,327795
5760,5074,100320,38962,6482,165160,370072
5741,5111,138025,25667,7592,161788,358812
5482,5019,133601,34444,9704,163564,369683
8686,6870,182547,27759,8037,206692,490812
5945,5185,337844,27833,7963,153857,552941
5315,4685,111217,28778,8240,226411,403090
8982,7000,129700,24555,7760,444352,637904
4575,4463,136386,50370,7000,284296,519516
6500,5556,150555,28574,7852,161073,375165
6019,5519,166556,25870,8000,165553,425331
6037,5186,130169,52389,6870,139107,353739
5685,5000,133004,36797,9759,221123,426256
4815,4815,321912,64981,5130,135196,584848
6075,5185,454506,30907,6667,187027,705052
5649,5092,136621,56314,7852,229359,470775
5722,5056,140214,34796,8815,443968,653440
5445,4963,132253,25814,7723,137986,328424
4705,4852,143532,26500,7759,136392,339591
9260,6889,138460,25000,7685,142742,345350
4279,4574,130184,25574,7296,140574,349943
6390,5352,154000,26148,7500,182442,397165
4593,4519,271853,34555,9648,219200,560219
8148,6982,327484,25352,7370,285605,703570
6001,5314,108672,28056,8055,232104,423312
6352,5463,127063,38092,9778,160473,361276
5353,4833,134342,66685,7148,171545,406850
8482,6815,108103,28352,7185,148414,355350
6093,5277,133994,35962,7926,189524,396868
8260,6259,131551,25462,7297,158559,351387
5612,5056,180885,25185,7166,203446,476479
6223,5185,397441,35019,9222,224926,695330
9408,6611,104667,25907,7092,231758,408424
5982,4889,133594,35352,9296,461940,668570
8556,6648,131670,37925,8334,162736,369720
5667,5111,137227,27796,8074,136939,339146
8390,6685,135876,23241,6685,169640,399072
7075,5648,136674,65241,7370,163565,401461
6204,5129,138843,27240,7482,163896,362664
5630,5352,220029,25462,7278,155969,434775
5408,5074,420437,24574,7222,164671,676589
6482,5463,135977,26167,8203,373798,573849
5297,4889,127608,35759,9186,424092,621182
5112,4740,130407,25351,6963,138926,324961
5371,4907,130001,35148,9148,163034,395757
6704,5574,124687,23982,6685,177477,359961
4742,4777,135041,66518,7334,134957,367165
5519,4926,153450,29092,8185,142382,357368
5130,4500,248858,33407,9278,202991,554848
6519,5593,325341,64018,6907,164342,587515
5334,5000,107547,28834,7833,225006,396183
4612,4537,128715,35463,8592,165228,360646
5556,4981,127180,25722,7093,140726,358961
6112,5074,94293,25907,6574,156520,310887
10038,7277,129536,33166,9185,225889,429257
4815,4945,131907,25314,6889,141888,363813
6316,5444,182575,29833,8315,197497,448072
7982,6741,303372,23519,6796,144421,507757
4612,4537,130782,26870,7389,328919,521608
8556,6592,130210,24796,7167,213918,407627
6538,5611,342118,35092,9093,459970,876977
8964,7000,133713,64648,7333,162303,435961
7186,5630,134529,30241,7926,167154,371202
7926,6463,348956,35185,9018,145745,566848
6093,5555,134848,25870,6889,222224,444997
6222,5389,216275,34778,9111,164463,451145
5167,4982,327905,66389,7203,145611,604848
6352,5148,131519,29278,8037,355885,553552
5482,4741,130335,50482,6981,431180,677107
5685,5334,130318,68092,7500,240920,498552
5926,5037,381967,37241,9611,264492,732569
5815,5185,111619,65499,5000,189732,397127
5649,5055,135046,25555,6982,140878,337387
8741,7260,145510,33944,8945,167654,420127
6260,5111,251530,28926,8703,199357,517145
7778,6648,326883,26963,7296,193762,619996
6205,5296,103589,34352,8907,221687,397257
5982,5148,126313,26574,6204,219259,423664
5778,4926,128648,25982,7296,139184,325758
5038,4870,79650,33222,8963,170738,318869
8741,6667,132669,53556,6018,165106,386849
5779,5296,132653,34259,9074,167845,402850
6556,5111,177673,65611,7018,163344,443905
9001,6833,108230,27222,8426,247397,436423
6315,5149,104880,26870,7852,230544,399053
5574,5204,130808,34611,9148,300282,512701
5704,5112,129235,26444,7463,140856,329758
5482,4852,129625,27778,7741,166354,388979
5945,5185,115590,24723,6870,155038,331702
9389,7149,131665,26593,7778,137758,370535
6186,5240,134446,36018,10259,165090,372294
5612,5018,234706,27111,7592,174126,502090
5686,5000,294688,33759,9167,177086,540960
5241,5037,111746,26723,7685,285455,460275
9686,7259,929966,34019,9314,215472,1223586
5852,5445,130434,27278,7685,211878,406386
8593,6926,126474,25092,7000,177673,366943
6112,5222,320678,34907,9500,175523,566516
5574,4741,134273,67833,7278,142003,375405
5445,5000,150664,35666,8907,164483,386498
8556,6463,315664,25445,7592,140611,518923
5185,4537,327888,26463,7982,176479,598737
6945,5703,105928,27166,7463,229756,401423
4852,4871,130336,68611,6667,320586,561145
5982,5203,592225,28074,7592,300530,957550
4815,4871,112673,33685,6556,182158,394794
6278,5129,133786,24185,7686,166934,358479
5852,5241,131917,65500,7018,172007,401349
5223,4722,249381,37500,9740,162524,517275
6445,5296,265623,64352,6518,164449,530034
9611,7297,812974,35425,9148,217632,1126141
44315,4166,99980,28407,7630,235148,438145
5167,4741,129962,25815,6889,141666,362406
5890,5166,125186,25482,7315,140478,323591
4927,4500,107817,26574,7704,165588,365332
5760,5092,133745,24204,6889,142272,332424
4519,4500,125543,26685,7389,141271,327221
9667,7222,508895,23814,6722,152621,756329
5908,5148,397285,24593,8481,167304,624867
9759,6889,107048,26056,7555,241691,415608
6686,5556,127160,27704,6796,310467,500386
8389,6463,133995,63741,6926,166447,437368
6371,5278,138719,29333,7704,143668,347647
9260,6648,105647,24352,5703,161407,327147
5871,5611,134519,25407,7704,150183,347313
9667,6815,144798,24074,7018,144441,351294
5427,4815,242077,23796,6685,224772,523720
8834,7055,324615,25426,7648,161678,550182
4686,4389,1308649,24907,7352,456378,1824619
5649,5222,118693,25074,7334,196452,372109
4630,4518,129307,25425,7111,142433,327424
5538,4796,245771,24703,7704,221893,524386
4056,4166,130773,54203,6352,166781,383664
9760,7000,129718,66278,6925,145521,380812
5000,5185,180405,26963,7222,185075,427534
9353,6666,335832,24426,6889,141961,573645
6870,5963,106576,24611,7166,253238,421923
6148,5259,134077,24148,7185,464939,690384
5908,5074,130967,24963,7389,179216,368609
4779,5092,133284,25296,7482,140955,365572
6185,4926,109841,26148,6815,154695,322979
4742,4740,134232,24315,7518,140934,330591
6204,5278,309658,38778,6611,241635,625386
4445,4648,238012,25740,7482,149189,443312
5556,4926,414661,56296,6574,166132,702107
6334,5259,123238,24370,7130,319463,503034
4408,4462,129573,24223,7148,215480,421368
6000,5130,130186,25777,7241,142331,330961
4556,4463,124113,23703,6982,143681,322516
4352,4278,129189,23444,5685,166032,346979
6056,5408,137320,25351,7260,140882,336221
4464,4333,1152335,34352,9814,165825,1421214
6630,5556,349211,39055,11815,157416,584682
5297,4926,353046,26963,7481,385524,817385
5779,5129,103049,26593,7185,231078,395924
4667,4556,126513,36611,9685,165115,394831
5797,5259,123904,27148,8092,140873,325646
5816,5148,98776,26722,7370,165260,323054
4537,4778,133481,38834,6944,164647,366998
5205,4814,133335,25148,7185,167534,359128
9797,7333,175855,25167,7203,143736,382998
5371,4981,410429,25241,8259,165845,668163
6908,5556,102173,64166,6426,1347874,1552102
9001,6907,133008,26556,7333,389896,621015
5612,5203,125658,24648,6741,143396,329406
8130,6574,131845,24481,6833,144765,372924
6167,5278,111068,25130,7370,157523,328461
5964,5481,133551,24852,7148,144984,369980
5889,5204,134923,64777,6667,165834,398275
5519,5019,269276,24870,7130,142962,472127
8352,7241,419684,54259,6148,164664,674514
5760,4722,131428,35130,9203,291348,495497
8241,6463,129004,46333,6685,418012,630256
4685,4334,128876,26536,7130,140845,326201
5815,6259,134545,25648,7426,141750,337609
9111,7111,106306,24500,8314,163805,332905
5112,4852,131806,25259,7352,744485,934272
4982,4685,158031,24796,7018,170190,387442
8519,6796,284902,23703,6834,181243,560182
6908,5334,647605,25351,7649,168742,877181
4630,4649,108387,25537,6759,231240,415794
6075,4870,127259,67111,6796,396627,624404
4556,4537,127742,26667,6852,141570,359646
5649,5333,134800,35481,9759,173662,379054
4185,4389,126635,64629,7722,156383,381460
8574,6834,128136,35592,9333,165585,369461
4575,4537,177656,26018,7019,242101,499071
6149,5185,292453,34000,8759,168600,531164
8945,6815,101271,38629,6482,223412,420628
5778,5111,129698,29519,8333,376206,571182
8982,6593,124440,26630,6870,142299,330758
7278,5685,127035,24518,6982,180167,399905
5760,5074,117574,23425,6130,183092,356406
5611,4815,132297,69944,9000,164442,403571
8556,6963,129132,64592,6981,167755,432201
5815,5019,241596,27555,7445,204012,508979
8260,6296,291505,34537,9204,167437,531923
5352,4982,123081,25445,7277,338009,537071
5926,5185,132787,28481,7463,454414,651792
9482,6648,125881,67796,7222,293061,563126
6112,5018,133364,27519,7629,138820,333721
5889,5278,110125,36222,6371,144151,356054
5723,5148,130052,70148,6852,143705,375979
5186,4908,148387,36574,9463,165166,386443
9907,7019,310592,65351,6556,139572,552700
5057,4907,351575,27870,7555,247459,680015
6371,5259,3022229,34759,9759,178975,3275148
7464,6241,2674936,52926,6537,161177,2923576
5500,5389,4548317,25167,7407,171026,4776935
5742,4963,4561467,49333,7148,363615,5007027
5241,5186,2358018,41259,8612,169133,2600781
5556,4815,3066016,64796,6611,319409,3515183
6556,4760,2601576,29241,7629,145334,2810484
8186,7000,2821669,26204,7296,150202,3070204
5482,4037,2874930,25722,7815,148330,3083926
8538,7278,2637358,25000,7278,224199,2956983
5389,4148,2130641,24204,7703,151031,2339245
7649,6315,2918656,25389,7537,150566,3164704
5333,4241,2573605,24666,7074,274509,2907853
7371,6166,1647704,23963,7259,255452,1984044
5463,4241,1186577,25074,7297,305710,1553213
7426,6574,2049796,24963,7129,251339,2382412
5668,4222,1563466,64704,7055,146339,1806416
6594,5574,105179,36629,9389,221597,420905
5927,5129,141440,26259,7130,362298,574571
5816,4907,128349,32741,8870,171334,368683
8148,6408,133017,26204,7074,143462,338739
6223,5278,132445,25833,7222,155091,345721
5760,5352,134131,33852,8870,142348,344480
4834,4556,144114,28537,7741,187254,390979
5556,4981,323578,35445,9759,154900,582904
6945,5444,323710,27018,7759,194899,580478
5279,4870,101638,25222,6852,238527,399387
4852,4648,129455,32611,9462,168915,363812
5352,4963,126549,64851,7056,168208,426553
9649,6796,113976,34723,10296,173188,368220
7130,6186,162755,24408,7203,148595,371628
4927,4703,127350,25759,8315,151074,335980
5223,4630,178666,35463,9518,168684,451350
7204,5667,415296,62574,6741,165070,677163
4760,4315,102725,25667,7463,234458,431905
6482,5722,1213648,34907,9093,196696,1481158
4519,4500,121803,24055,7111,144751,320887
4649,4389,129211,65278,6852,167971,430146
6778,5556,185398,25574,6556,146933,391646
5241,5518,130252,56630,7592,163135,416960
6704,5296,128050,27463,7389,165503,356479
5334,4685,207626,29907,7981,164928,434387
5185,4778,451737,32111,6722,197574,738366
6334,5500,124759,56981,7704,261646,479220
5130,4796,130927,29908,6777,420940,647792
6389,5278,133132,36945,9129,164088,368831
4797,4667,125949,28370,7074,184679,403165
6667,5519,163098,26130,8926,169640,394442
4463,4611,151712,30129,9185,174139,389368
4926,4593,153676,35926,8074,228322,449442
4500,4685,393436,76759,7500,197746,732366
6537,5611,320271,28204,7130,182244,565589
4463,4445,100718,60240,7463,372612,564552
5278,4871,139849,25204,7851,168316,364942
4093,4259,132889,56184,7575,164554,419053
6667,5648,133649,28371,7870,168090,365942
4834,4426,154928,83537,6666,201348,469183
4890,4574,127893,27555,7297,185253,405276
6260,5555,177209,27963,7982,194659,435275
4149,4352,298840,26389,6648,197879,588571
6612,5537,122101,26222,7593,310044,497127
10223,7796,127270,31037,8241,440838,639274
4760,4648,124309,26611,6722,179486,364479
8260,6630,126588,36240,10611,166059,369202
5093,4685,145423,50592,7445,167871,399460
8278,6852,152166,27000,6537,169092,384368
4593,4685,132056,51222,6796,197405,446664
6704,5852,198021,36888,9574,281348,552404
5408,4777,389447,26945,7370,158679,640774
6241,5333,123543,50833,6518,287918,496478
5296,4630,158637,28333,7204,421934,640422
5334,4537,125972,65147,7019,293303,552163
6501,5926,122862,25870,7315,169543,355424
8667,7019,133216,99944,7407,237726,508090
4778,4907,128088,26944,7667,142781,330683
4630,4778,142997,33944,9685,222316,436571
8519,7056,287701,48944,6556,139166,512534
4500,4593,322684,50741,6407,171387,576478
8519,6389,100502,25685,7093,348569,527794
7334,5833,128134,23574,14111,215105,411405
4575,4278,122950,28296,7444,140919,356832
6371,5352,117340,25074,6926,174176,349591
4556,5018,157360,39445,6740,166453,429534
6223,5371,127195,36185,9759,166322,365387
4760,4463,172956,26371,7462,188468,418405
5185,4593,279291,37351,10056,166077,551904
6353,5333,101626,37611,6315,223983,398461
4890,4629,784310,29222,7870,221185,1099661
6889,5445,125907,24685,7056,180350,364961
5167,4796,126909,25093,6741,181533,398127
6278,5259,156207,45944,7426,173421,408886
4333,4482,128005,28278,7703,288863,475090
5260,5222,135526,49444,6463,163936,414776
6519,5296,104861,25351,7019,306378,471553
4408,4537,354694,55425,6186,151358,625015
6630,5241,103530,46907,6371,265541,446275
5482,4870,131032,37092,9982,414669,651348
6130,5259,125682,24759,6981,145539,327850
4797,4685,118072,24574,6537,172574,345165
5427,4611,166370,43851,7685,164629,406313
5241,4556,134112,26667,6907,143942,369479
6501,5741,137891,64778,6278,168347,403276
5000,4778,301708,34499,9797,158753,528534
5019,4630,103006,28445,8222,278898,497405
5130,4741,98730,37630,6370,228157,397109
4389,4370,128380,31371,7611,459375,652144
9519,7759,126178,48796,6278,167690,379923
5093,4426,98920,29870,7648,156708,316313
5482,4889,135978,51500,6444,165187,383480
4538,4537,121757,26111,7333,144575,324054
9260,7055,168222,25296,7389,164165,395368
5575,4703,343111,23834,6926,147960,548201
8741,6833,100299,40296,6686,221569,400849
4834,4685,128097,27130,7203,449881,635922
4482,4500,130599,65092,6796,219770,471312
5723,4963,128841,47166,6037,167824,374757
4408,4407,134602,26648,7185,184933,375720
5204,4759,130678,63278,6481,168950,395831
9149,7092,132717,36518,9963,166245,410590
7296,6000,194403,25796,6982,146021,400497
5223,4852,377052,27611,8314,178908,651089
6130,5555,123962,35889,9259,299240,497571
4852,4685,129205,25092,7778,465255,651292
5112,4777,125021,49019,6666,167126,371387
5316,4740,98542,27999,7426,168846,326850
4760,4741,117080,63870,6389,169548,414794
6464,5537,131489,27666,7500,151547,345517
4964,4741,286915,39519,6333,241063,621349
6445,5500,336399,25629,7426,186988,583756
5168,4629,316808,35296,9333,222023,607071
4853,4592,104218,27778,7907,233706,399183
4723,4740,129572,63444,6407,350167,572941
5186,4611,132832,31259,7111,171444,400535
6278,5481,86668,74277,7778,170812,365220
5463,4796,124873,36333,10148,141774,371646
6074,5241,132467,62851,6593,144809,372516
5075,4852,170746,27425,7111,187678,417368
4427,4481,853337,27685,7981,235769,1151327
5445,4982,104453,63889,6370,254118,466794
7093,5519,127547,25667,7703,475838,664941
5000,4796,128642,26130,8148,152412,373146
5945,5371,166995,61610,6519,414501,675941
4667,4518,99627,27666,7352,157743,315850
5205,4629,130425,86777,5963,166092,449664
6704,5667,127611,64463,6463,160035,386350
5093,4760,228575,27204,7574,231514,555053
10501,7259,334298,36408,11740,166736,615071
6519,5519,101598,27629,7630,291344,478497
5333,4889,127192,24889,7259,370139,555348
8685,7037,129268,26185,7352,189879,382794
5556,4722,95548,23481,6870,276895,431090
8834,7278,111197,34074,8315,174764,358591
5389,4852,128588,51166,6778,214559,420998
5427,5185,137737,26593,7981,169020,365739
4575,4315,333645,28019,8555,168981,563923
10074,7334,426924,41259,5148,191794,697162
5259,4519,99409,26185,7352,238941,399664
9093,6574,131225,47148,6167,364049,578200
5001,4463,125153,25111,7166,172623,353239
5316,4851,100155,28000,7833,179177,339184
4594,4463,129304,41018,6389,175324,374813
4834,4611,702377,38000,9519,436264,1229475
8704,6871,160918,61630,6278,218782,515034
7019,5574,296845,29093,7888,167893,530515
9408,6759,98793,38889,6166,224335,400776
6167,4982,128590,27556,7407,374573,562886
4815,4778,128333,38203,8834,166980,365535
5223,4704,135075,62074,6222,174108,402887
4575,4444,107855,37222,9926,167977,348535
9352,7555,127116,24037,6852,192123,381164
4649,4444,125747,47481,6167,168196,369979
5778,4926,1067781,27907,7130,186193,1315437
8816,7037,276897,47630,6222,197155,557553
5371,4889,98826,26241,6648,282764,441813
4760,4574,157438,36056,9796,300762,525571
5241,4963,104311,29426,8630,239909,410739
7945,6463,136905,25667,6740,183464,381017
5093,4833,115888,34389,9500,154499,338109
4760,4945,123038,25129,6593,194238,372239
5222,4760,141780,28278,8148,196310,398608
4704,4500,284800,23999,6667,184772,525163
8760,6852,313579,27222,7851,188678,601737
7519,5648,102489,35037,9444,298916,525830
5556,4907,123268,49926,6945,370987,575978
4630,4796,767674,26389,7222,169506,1030605
6482,5648,114013,61648,6241,174541,383128
5390,4740,126033,36000,8019,187224,416479
6353,5222,131904,56037,8074,159094,381257
4927,4778,171387,31556,7685,171999,406128
4797,4759,373333,30537,7777,141405,610700
6556,5593,484482,28055,7259,303625,852514
5389,4963,123004,27056,7426,369234,585404
6019,5426,122913,59796,7963,176919,393628
4112,4574,121174,37167,9444,166084,357128
5982,5278,135287,50370,7148,173360,426072
6427,5129,1080691,28759,7759,478208,1625139
5334,4777,127327,63722,6760,188615,439201
5852,5463,197125,31166,8704,173558,435293
4889,4685,295237,34074,9167,217871,615811
7204,5778,121110,25889,7370,288147,473775
4945,4704,156796,33556,9574,372867,630997
6259,5223,123057,25722,6963,190774,372460
5019,4482,122114,30500,8945,176365,361961
4982,4908,99265,95629,7166,171493,431924
6779,5389,126247,68130,6944,151473,379813
5223,4833,140213,35814,9093,168415,411517
6111,5315,271139,26871,7592,163784,495034
5278,4926,318178,65888,6889,186801,638089
4297,4185,101588,25222,7426,235151,394498
5704,5000,1012807,45704,6518,465907,1559732
4333,4408,124406,25203,7111,173722,387609
6463,5389,99870,28241,8630,153109,315813
5130,4666,131909,94426,7296,203422,471904
6259,5334,125021,24834,6759,214772,397053
4075,4241,165060,33574,8722,200567,429942
5038,4759,350487,39611,6556,170491,591942
4112,4407,361711,35222,9185,278137,743848
6352,5482,123954,40833,6334,395153,592682
5574,4982,124048,26000,7926,696558,880309
4463,4500,127736,47962,6445,170096,412108
6426,5519,104367,30574,8888,177299,347479
5204,4722,124295,34462,9482,244963,460090
6482,5426,123518,61666,6593,174554,392868
4427,4370,199983,26036,7482,224885,517868
6686,5389,319483,33815,9426,172273,561830
5334,4722,124098,23870,7296,279938,462461
4778,4741,157895,32667,9277,382917,642015
6463,5555,121675,29370,8574,149639,336127
5556,5093,102213,49537,6704,168970,353239
4574,4648,110216,28555,7500,155728,359220
6204,5241,126032,33537,10888,172226,368405
5352,4889,137792,29963,7982,152372,358553
5907,5260,251404,66259,7000,162408,513571
4630,4426,316258,27204,7203,218313,593145
4945,4834,98871,34000,9426,311070,502646
5742,4888,123966,23426,6000,236977,419720
4927,4833,127505,49499,6537,168291,376498
5037,4574,116618,25166,6926,176122,349405
5908,4778,148360,40222,6574,171157,393017
4797,4703,123232,31833,8963,184970,374349
5352,4815,170622,29166,9000,205913,440886
4630,4556,259567,26556,7852,210596,532016
4722,5037,99996,35296,9352,229910,405664
5019,4963,120497,25241,8277,1007941,1187234
5741,5019,118758,49852,5277,251184,470534
5038,4870,127519,32500,9148,174924,369683
5463,4926,127484,33759,9982,171273,367942
5501,4722,124689,28704,8889,169420,357998
4871,4667,123783,51019,6703,178048,384091
5019,4537,365247,83352,7055,173269,655848
4556,4574,292341,35204,9741,191174,552145
5796,5149,98677,28148,8148,273228,439682
4705,4481,152197,29445,8240,304708,519738
4927,4703,120440,25185,7760,147447,324665
5723,4907,162053,23685,7629,151113,371442
5093,4777,105351,42019,7185,171388,353516
8945,6963,128889,25093,7204,148164,342665
4519,4777,143262,49833,6407,267903,557404
8796,6593,228300,26018,8074,198476,527126
8815,6759,313246,28573,8074,208567,589293
5760,4944,99285,23648,7944,241491,418923
6334,5555,121009,50389,6574,456580,662737
8908,6981,125529,28796,7982,169821,363924
4964,4611,119068,35685,9611,172819,363091
8704,6944,101996,45018,8426,234373,443886
6538,5352,128922,51167,7037,149983,366683
8760,6629,162314,34592,8944,226185,462960
4816,4648,308333,28851,8259,153924,557997
6333,5723,381093,64425,6408,420143,902402
5000,4723,118429,35222,8926,455419,644404
9019,6870,121783,63222,6389,455269,677237
5556,5315,128025,35259,9093,172640,405090
6316,5500,102990,27685,7667,169008,334295
5463,5093,133899,52870,7037,213488,432016
5038,4537,123104,33481,9241,175838,365831
5075,4963,193550,26574,7759,192596,478868
6667,5630,350532,27426,7481,171021,583034
4945,4926,101276,29611,8223,263129,430257
4852,4685,131148,35130,9352,320386,519404
5704,4963,124316,27519,7333,148330,334628
10963,7037,135781,66630,7203,170662,412998
4612,4519,106653,29037,7777,154660,323036
8352,6889,125525,34926,8907,148992,383757
6649,5315,127175,25648,7277,169231,356257
5130,4667,358194,33333,8778,264469,689089
4908,5093,309029,63777,6852,192764,596515
4612,4407,98236,24407,7537,241725,415609
6241,5260,120292,31130,7296,221224,408220
5148,4797,121294,24648,7889,150056,363849
6204,5352,86204,25537,7444,163943,309295
4705,4463,154019,24278,8018,151923,395776
6241,5352,125225,25389,7777,158625,344923
4926,5112,167393,24055,7519,242049,502479
6167,5389,300579,25074,7685,212788,573923
9926,6889,99008,24500,7926,243175,407979
4982,4777,122955,52073,7037,304618,541830
8927,6759,120993,25851,7575,150505,356961
6278,5296,116032,34851,9982,172948,360386
5390,4944,94052,23463,7425,167947,319332
9853,6926,126571,105500,7722,172519,444220
5038,4518,125888,35500,9019,175239,372016
8556,7111,180927,29555,7722,145739,394387
4260,4408,337446,25944,7981,178199,606256
6482,5223,118411,27500,7611,352993,536016
4019,4241,132321,47518,7370,424380,636793
8519,6740,123156,26000,7370,149306,334535
6815,4963,116028,23203,7630,153396,360460
6168,5185,102789,40388,7167,175580,352202
5241,4759,128920,25907,8056,175041,365534
8871,6796,127348,35240,9482,175299,411072
6204,4945,230959,28167,7852,181260,475571
8686,6389,314461,64684,7093,174684,591886
5297,4833,98761,26259,7852,242034,422016
6260,5426,123576,27371,6389,223532,408924
5131,4777,121967,35259,9685,175365,400091
5908,5000,76098,69537,7463,176511,357127
8982,7000,124582,33722,9444,172380,405887
6241,5167,125102,26185,7777,183693,370294
8390,7111,151733,34499,9593,176858,403276
5019,4722,312233,67667,7407,224763,646959
6149,5351,747641,33666,9482,234446,1054549
5185,4685,115961,25944,7889,413370,621848
6482,5148,121813,28408,7851,292814,478293
5222,4760,123685,25241,7296,187609,370886
9148,7093,102021,27851,7667,179237,347776
5390,4870,130781,33834,9462,174162,373868
5130,4963,126209,25722,7575,187344,374424
9075,6741,204580,26593,7352,213139,481868
4408,4556,410229,34704,10203,153416,631330
4778,4352,94214,27055,8185,285784,441330
4278,4278,130401,24555,7500,444374,631478
9760,7148,116051,26222,7611,185985,401257
6796,5408,126274,25500,7574,176131,364886
8704,6741,98850,34778,8018,170315,342461
4148,4389,126167,27389,7833,165443,352035
8889,6574,130891,25296,7722,205052,433905
6556,5315,260947,35241,9333,174828,509497
8982,6704,334893,27796,7722,184641,586034
6241,5297,98469,33908,8814,333898,543293
6149,5204,121119,27444,6315,272934,481701
8926,6926,116066,27036,7408,185284,366942
5426,4907,121271,25500,7426,149561,330609
8945,7093,117180,25648,7537,151244,332609
4890,4741,123459,24130,7277,151854,334073
9148,6815,158461,26870,7796,158093,383108
5538,4870,289184,24982,7796,150110,532886
6945,5463,96539,23685,7648,244107,401831
4445,4611,121633,26389,7278,1153378,1366993
6593,5574,115486,24148,7018,153438,326164
5407,5000,118414,24056,7000,151640,358794
5926,5148,89397,35871,9296,172120,331905
5074,4908,124861,68056,8166,177248,402664
4186,4407,122863,27056,7407,229209,409831
4778,4445,191235,36036,9037,175041,469738
6186,5111,341106,29667,8166,154169,558942
4537,4593,123868,26241,7592,322352,517497
6111,5111,120296,34167,9092,337054,526793
4279,4444,122334,28371,7777,146757,328332
6501,4629,117633,34148,9092,176774,363535
4315,4315,99394,66758,5482,174827,403090
6000,5185,123766,27370,7500,151678,335961
4519,4500,127767,35278,9111,219860,414850
5760,5018,304787,54814,6926,248377,640793
7538,6204,334732,34037,9093,176486,616367
6815,5333,95162,33037,8907,323540,547311
9556,7222,123644,48241,6296,424408,667311
6426,5111,329275,29296,8296,266315,663459
8889,6870,115685,25889,7907,289387,468904
5815,4926,122205,52574,6426,178867,388387
9074,6537,124448,34536,9556,157643,392164
6445,5592,151375,66555,7389,210549,465756
8945,7148,292283,27148,7944,146363,504867
4760,4593,91823,28574,8000,240230,395998
8649,7037,116565,48481,7056,408394,644348
6982,5277,121697,26500,7870,148450,334461
8612,6722,116050,26907,7704,148096,327980
6167,5055,172107,26111,7778,243502,477941
4963,4722,128258,26592,7611,173778,393868
6260,5277,119426,67666,7334,174517,395627
5575,5018,192853,28093,7685,238255,492108
4463,4371,417853,25389,6296,203791,676552
5019,4815,92135,40129,6667,256752,422127
4556,4741,128562,25277,7185,398528,617015
6482,5241,118434,27463,7519,186286,365906
4760,4500,120714,25333,7407,152581,363480
5926,5241,96067,24519,6277,192154,344887
4852,4648,126199,69574,7314,252522,492238
6185,5463,130886,37370,9278,172316,375812
5334,4797,221182,66370,6723,173240,530146
6149,5278,751385,33574,9000,324812,1145142
5149,4945,90149,26685,7223,243811,394702
4353,4241,116132,28519,22407,266032,494961
6167,5185,120339,35296,8963,176993,367294
4927,4722,112488,28648,7370,192973,399257
5667,5056,120026,24482,7611,167916,345535
5167,4759,117622,33611,8740,150581,334646
4630,4518,159697,25481,7593,242856,469608
5908,5148,337883,27963,7778,183206,583590
4371,4296,597087,34037,9018,177483,876347
6056,5074,110498,26852,7685,223592,396646
5519,5185,962625,26463,7685,273812,1300140
4352,4260,120075,25259,7278,189682,399535
6353,5277,98930,68240,6408,181883,381980
4871,4555,124839,32333,8167,172382,395257
5779,5481,122729,64944,6704,175047,395387
4408,4648,185046,35629,9537,220082,474738
9741,7278,328638,72093,6666,150599,590033
4816,4518,119605,34999,8889,306912,541608
8796,6889,120162,28555,8334,340669,528737
4482,4463,124960,27463,7648,185353,368221
6056,5204,903994,36074,9277,220740,1229863
6741,5481,129186,64185,6888,180110,409701
9352,7204,119001,32167,8296,178330,369183
4186,4463,132725,62926,6796,186198,447701
6352,5352,756817,30685,7944,256326,1084308
9019,7185,388598,63722,6241,250602,762200
5908,5222,97676,35037,8907,320896,548312
8575,7018,115511,36037,7648,327191,516164
4408,4537,120864,60777,6852,172153,384868
6056,5074,128513,35000,9463,174114,406164
6167,5167,131145,25537,7630,280130,472275
5186,4777,123351,33740,8815,178315,404183
6334,5019,154926,61333,6907,263312,575553
9223,6796,523519,27444,7907,174737,763903
4981,4815,504039,31555,9130,281179,852939
5075,4759,113987,40629,6908,349621,536460
9019,7167,126173,26370,7815,184603,409664
6482,5426,116768,27981,8518,148823,330924
8612,6444,138751,24611,7574,179896,380683
5445,4852,151456,37963,6537,176134,400035
8704,6630,118699,24592,7389,195966,376313
8352,6370,186367,27334,7740,259001,533589
6427,5055,288424,25500,7852,242036,589478
5167,4981,117353,48092,6555,271813,493312
6223,5296,1198348,28204,7667,564586,1845304
5964,5203,120338,34555,10148,177995,368832
5223,4703,119487,25945,7333,189604,366535
5223,4796,149544,70574,6629,175343,426072
5056,4740,127676,31203,8500,179230,405534
6297,5278,130010,26481,7648,272136,462831
5723,4963,246252,24148,7500,198801,500905
5130,4778,310643,49981,6667,215761,643071
6204,5519,91293,28834,7851,242298,399757
5426,4741,119295,48926,6277,234222,449645
6093,5241,124741,25074,7352,175313,358868
4667,4760,118798,27241,8148,149774,363017
6278,5278,147152,33592,7796,200161,414497
6094,5166,122635,51463,7056,206214,437128
6130,5518,383525,25944,7592,290009,738088
5352,4815,378656,37351,4945,197822,678292
6000,5111,756859,49778,8574,247209,1090993
5037,4870,111309,42796,6259,347022,531348
5649,5148,122884,35926,8611,175651,401479
6056,5167,112997,29019,8685,147593,323480
5186,4704,128999,67629,6574,176333,404776
4833,4593,120945,32185,7833,171794,390997
6426,5278,126113,48481,6315,183255,390868
5111,4741,990999,28945,7518,257586,1362788
5797,5111,286523,25426,7685,214807,593422
6223,5167,120859,23574,7722,308435,489312
5093,4704,123249,24760,7777,376137,556571
5000,4834,118011,27314,7871,150987,361813
6556,5259,122865,23777,7722,154709,336146
4927,4611,125051,23463,7111,154521,333925
5612,4815,120479,34314,10185,150927,374702
6167,5500,128128,51611,7167,198462,411942
4852,4519,379888,89592,6796,180183,691681
5797,5315,313668,35629,9760,192810,577701
4760,4537,126318,61593,6555,1356765,1578213
5834,4870,117025,44851,8797,381269,610423
5852,5222,120897,28666,8111,149751,333591
5222,4759,103991,67278,6240,174712,407664
5778,5130,133159,34926,8796,172450,374516
5112,4648,127254,48129,6537,183763,423517
5945,5092,148903,34611,8926,178410,396127
4815,4537,291793,27611,8055,152001,503626
5778,5186,806384,28593,8500,301183,1186067
6037,5185,116483,24407,7778,414422,588533
4908,4703,117873,63870,6704,237106,474645
5537,4870,118245,25519,7518,179235,389275
5853,4963,127098,28019,8018,157122,345461
4686,4592,116119,23518,7408,182342,355461
10649,7592,123991,61741,6555,742597,968995
5353,4870,190400,28055,7870,221098,471590
5667,5019,349660,23666,7463,190782,597015
5094,4666,115329,47426,6204,302187,500442
5019,4685,115665,25037,7555,430222,638367
6723,5222,118685,48462,6352,176147,378294
10556,6944,102705,27519,7981,177664,348368
9667,6686,146298,70870,6260,180532,434683
5038,4889,124856,30500,8388,182328,404924
6222,5278,128358,24481,7445,153862,341924
8593,6889,326211,25203,6574,181972,570756
4705,4777,313361,26925,7649,270191,643386
8426,6815,90622,60796,6389,316301,539626
6408,5648,126568,36185,7649,382762,613774
6982,5296,121811,35777,9834,176743,370979
4722,4685,105406,48259,6537,176074,394145
5779,5166,147740,33093,9370,179388,395424
5204,4815,117982,27167,8037,215738,429923
6148,5056,152873,28833,8389,192792,409034
4611,4760,372003,34370,10000,155827,595478
6130,5333,446949,34204,10240,1454281,1992711
5815,4963,107175,28740,8537,230379,403053
5370,4908,120769,63759,6611,247377,466219
4945,4740,119493,36519,10259,175746,365183
4907,4612,94272,61907,6426,177374,397775
6223,5203,125589,28407,8463,272928,517923
5167,4797,122701,34500,9667,177555,402998
5945,5241,180740,25815,7907,154554,394072
4982,4611,370722,34370,8056,170034,607145
5186,4852,115799,65037,6648,251643,499775
6185,5148,116542,28000,7389,435770,613570
4834,4778,119636,33666,10093,178825,365442
5649,4889,89397,61592,6426,174342,390702
5963,5204,103917,47130,6851,179211,362813
5130,4741,123159,27834,7907,178135,361535
5353,4981,124309,35500,9667,250577,473257
5297,4666,210404,27407,7796,152317,455960
6185,5445,298330,33889,9056,215111,581922
4945,4889,94963,64759,7111,300924,531164
6130,5093,119057,40796,8111,432995,628126
5631,4981,114670,26629,7352,153921,327221
5742,5037,71801,35111,10315,183012,359295
6093,5314,105785,40629,5426,199195,376942
4667,4648,120990,35389,9018,176731,400090
6593,5444,145881,26166,7667,209081,414961
5667,4889,235918,33981,9149,180560,484108
5334,4759,424734,64555,6907,257226,814347
6130,5167,108737,30388,7963,397408,570571
4945,4611,116702,66704,6722,237148,476757
5630,5055,122296,36315,10426,176128,370016
4741,4649,122112,25926,7815,152349,365776
5945,5222,115873,25611,7630,155921,332609
9722,7593,117838,35685,10241,177882,408034
6259,5334,175210,67796,6870,176066,451516
5853,5203,354841,26796,7389,179860,596367
9037,6963,120621,35000,9463,314543,511941
5093,4852,115511,26186,7592,431893,639774
5926,5149,113957,26760,7388,151911,326332
5019,4630,102163,33389,9259,182280,353165
9538,6703,100406,48407,6982,179685,399794
6093,5185,115759,30315,7963,184924,364942
6945,5463,131335,67129,6870,176016,410368
9445,7019,295484,27259,7537,161217,523460
5204,4722,310134,27333,7870,206901,610496
6556,5352,93155,24129,7574,301973,456979
4704,4703,120805,31870,6500,279341,467182
8964,6851,110751,26833,7519,189969,401368
6315,6389,113512,36148,10962,176098,363960
5408,4685,122606,82055,6334,180503,452479
5778,4982,119367,35222,9278,180020,369757
5445,5185,154628,26981,7556,197870,415535
9204,6815,280314,26278,7796,155313,500997
5056,4777,91706,24000,7630,248996,418386
5704,5055,113633,25056,7352,351605,525997
9297,6666,116450,27000,7555,152864,333850
7093,5926,115877,25148,7685,155677,332313
5908,5407,93064,23815,7796,171138,320887
5464,4833,115899,53278,6203,181951,382054
4574,4704,101216,35370,9963,178190,349090
8556,6870,173273,65222,7240,178077,452793
5241,4722,439347,58092,6778,175779,724773
9093,6722,90536,27277,8000,303555,463164
5167,5111,125445,35000,9148,331590,554052
5871,5148,117631,25667,7352,155422,333405
8408,6518,119522,33074,8704,183457,375275
5075,4648,94968,62111,7315,156789,344832
5556,4833,122451,29352,7852,158491,342849
4612,4778,130101,25222,7129,172935,358128
5519,4722,306084,23537,6981,157895,520571
8982,6945,368844,26259,7537,157023,591089
5222,5167,87588,24481,7315,250947,398849
8353,6555,115812,26759,6630,240464,441183
6630,5611,118702,24519,7148,156092,332905
5797,5166,68112,26407,7389,168591,329665
5890,5000,107113,53777,6630,182348,377535
8890,7018,117078,24814,6963,156828,370294
5796,4889,157580,25222,7407,236881,454812
9296,6889,379376,51944,5963,176566,645774
6019,5148,442396,35129,9907,360655,893365
5815,5056,108566,30296,6481,488690,659922
5556,4833,113087,34333,8648,181301,396072
5723,5148,110736,65240,7611,178892,388164
4612,4815,113701,35981,9370,176057,358684
5908,5334,123295,24962,6686,156129,336535
4834,4703,121945,65315,6685,198775,452664
6260,5277,182743,36111,9555,259996,517682
9130,7148,308688,26352,7259,154754,526867
6056,4982,92672,25963,7018,301474,466146
6167,5519,113600,32462,8778,480026,662681
5149,4648,115083,25778,7944,153415,325628
5297,5000,111214,25093,6518,158173,360442
5611,5167,99846,33000,7926,184004,350331
5019,4815,122162,24685,6778,158373,335924
5278,4648,121405,24963,6666,211149,388664
5186,4648,324739,76759,8518,249388,685645
9538,7074,335981,64203,7037,160553,597886
4945,4518,93114,30814,8260,270051,430146
8797,6667,120263,34741,9018,393752,621738
6685,5574,119487,24723,7185,157141,335738
5389,5019,110581,35593,9185,180250,394127
5667,5055,119861,23389,7092,200008,375609
5482,4851,114548,35963,9759,198858,387738
9333,7334,152327,28703,7982,252170,472145
5834,5241,294920,26519,8000,165206,522812
9408,7037,416459,36259,9722,275352,805310
6519,5371,102425,28814,8463,233592,404146
8927,6722,110390,37259,8648,180757,368258
5501,4907,117891,50056,6833,182959,385276
8723,6685,85745,28593,7185,166087,316758
6574,5352,118469,25426,7777,155363,367146
6463,5334,116007,26833,7426,178787,356424
5723,5111,183157,24500,7278,246970,522497
6241,5148,360140,25703,12093,187413,612885
5871,5093,244048,25056,7537,265707,590071
6205,4851,119644,25407,7204,455464,633849
4797,4685,113387,25222,7055,156427,360684
5945,5130,107943,24167,7241,159018,324610
5594,5166,91668,25852,7555,169868,319702
5519,4908,120965,37278,9944,178274,405609
6019,5370,119523,32592,9241,199975,386812
5427,5296,261005,64037,7296,154344,511182
5426,5037,359988,29167,7426,187564,642385
6260,5685,90473,33944,8537,339747,503034
5334,4963,113122,27389,6444,278950,466350
5778,5130,113123,27000,7648,199023,371720
5575,4925,92163,34963,9555,181873,345368
9093,7296,101757,41481,5463,202278,382812
5631,4759,119629,26277,7463,155277,335850
9593,6907,136853,27426,8037,164294,400683
6204,5463,358668,32537,9204,154088,583071
8556,6555,699650,25518,7093,158216,920050
5408,5241,103302,34630,8778,442601,617960
9167,6815,113526,66703,6963,412489,664163
6426,5519,118306,28740,8130,159766,343831
8667,6852,67734,33611,8574,181042,354220
5834,5148,119254,158221,6130,165059,476590
8612,6963,114125,26389,7815,156613,334684
7038,5389,329367,33518,8667,286833,688034
5722,4908,384868,43074,5333,193073,653199
9167,7333,114427,26926,7555,336423,562348
5482,5000,110929,27092,7833,423735,594608
5482,5056,116356,34185,9130,183605,367665
5982,4851,117173,28111,7259,188863,402016
6704,5408,100470,41241,7093,181212,358665
9093,6981,122899,157425,6315,165877,536960
5779,5055,118104,35074,9241,182616,403461
6371,5796,278420,65666,6630,226707,605052
5315,5037,656104,26297,7759,156724,905883
5834,5426,90053,27130,7481,331407,485275
4963,4741,112833,30851,6111,276276,474293
5833,5149,111964,27500,7333,199034,404201
5778,5963,110021,24537,7871,183810,351868
4815,4667,92116,34351,9371,164086,324331
5223,4648,117358,26370,7389,208899,383665
5334,4778,149452,25093,7703,194139,403683
9352,7204,268361,26370,7315,455616,788459
4945,4537,786304,36519,9203,233283,1092216
4945,5074,108420,27037,7315,228726,399738
5056,4537,112163,37240,9074,179965,365868
8964,7333,114276,65666,7185,178038,394943
5167,4630,91351,35407,8963,264665,427386
4963,4815,120057,55999,6519,180071,386497
4890,4852,114410,25667,7666,203255,378906
8797,6926,171041,26259,7278,256401,544293
5001,4722,317839,25740,7334,193788,571034
9501,6741,111934,26259,7333,286082,476016
6778,5685,114954,36722,9463,345877,533923
5352,5019,112123,66981,5500,241116,465386
5705,5259,228864,35611,8296,191152,489738
5167,4722,99534,54814,6482,176039,364831
9779,7222,110757,33722,9593,156074,340795
6074,5241,647923,26000,7537,564459,1290863
6371,5260,308796,77796,10463,211626,635312
5537,5204,393816,42130,5389,200587,666514
6112,5167,119152,35723,9999,291845,523812
6130,5204,115728,28019,7500,433786,612311
5001,4703,115953,27093,7481,191823,400628
5852,5407,93473,34852,8889,183988,346664
5537,4797,107937,54593,6185,177986,405553
5871,5019,117031,26704,7815,201448,378498
5148,4797,143107,33685,8704,284723,523089
5333,4926,1261715,41851,7389,249907,1607787
6426,5463,608072,27981,7870,227720,897569
4834,4852,102798,26870,7852,236941,418887
5760,5000,112818,26000,7093,284124,456664
5593,4926,604873,24407,7167,783545,1467769
5686,5500,531116,34851,8722,496860,1101679
4630,4833,112749,25834,7166,202490,371368
5574,5074,112992,27166,7500,192470,398942
6093,5555,172771,24685,6963,203449,433441
4927,4814,321994,26296,7223,194077,573404
5019,4667,115441,24185,6796,308575,493498
6075,5333,115388,34499,9593,398258,584053
4963,4537,113074,23852,7093,159479,326609
8538,6907,661388,65537,7370,177107,976587
6074,5167,89818,27167,7111,169402,319516
5519,5185,120024,163499,7352,160771,511590
6223,5426,116470,35129,9315,192195,379202
5111,4852,225638,66296,7278,206063,598385
6463,5278,301991,30982,7648,197006,599941
6501,5129,113716,24871,7537,282800,482535
5519,4945,110532,37704,7426,279872,474294
6019,5056,109478,25630,7148,202742,370202
5316,5444,116758,27537,7889,201314,411109
5667,5037,315407,24519,7129,195146,567978
5148,4778,1427848,27574,7722,615103,2123395
5464,4870,152152,24759,7241,203420,412683
5371,4759,368320,44055,7519,181807,625682
6019,5074,87897,27073,7352,247472,397183
5537,5056,108954,26611,7277,410692,578237
5278,4871,108715,24555,7278,160228,358720
6056,5092,116087,35000,9148,182578,368757
5445,5259,91330,63536,6667,179910,400257
5871,5130,123294,54444,6426,181371,390628
5334,4852,119296,26407,7389,157869,335499
4760,4667,171815,34278,9018,203405,441868
5056,4796,316984,25889,7333,157403,565275
6445,5370,90635,28055,7556,258233,413127
5296,4648,112988,45945,7129,464879,655033
5186,5111,565747,32166,9389,281804,928773
5593,5259,113084,64889,7556,543967,755348
5074,4889,98641,29352,7371,166116,359294
6019,5166,116439,31297,9055,186429,369183
4797,4741,113922,34463,9278,229686,412035
6112,4851,300887,28481,7926,155333,551534
6000,5093,392054,33426,9203,244498,704292
5186,4703,87984,64444,7166,245293,451701
5667,5000,109300,30166,6889,276902,499701
5427,4963,108320,24055,7630,159197,357609
5963,5148,106970,26500,7259,158325,323961
5334,4704,109398,24870,8666,182916,385850
6093,5260,111492,35148,9759,183413,366072
5853,5463,145345,24944,7778,205190,445887
6074,5204,234735,27778,8074,227688,524237
4686,5000,457514,25759,7315,334278,905403
6148,5167,97869,33945,9444,391554,592126
6464,5074,113037,24963,7204,285256,458294
4870,4612,117298,34518,9037,184848,402886
5927,5037,80652,66907,7278,178068,358684
4667,4685,121228,70555,8352,186159,477682
6167,5130,116581,26778,7444,194528,404423
6186,5167,169268,34055,9222,267304,507757
10130,7426,387214,29740,8741,280283,737959
5315,5278,113383,33166,9296,302411,520404
5963,5500,112700,27778,7944,470464,645089
6390,5222,124701,26907,8130,157871,377257
6871,5148,106573,26852,7759,157018,324998
4815,4722,91613,33907,9463,164275,322572
5519,4889,114170,34555,9296,166625,349572
5000,4611,111931,64574,6907,185197,430220
6630,5148,332191,26388,7334,200158,591830
5519,4926,356099,34611,8945,157619,615459
6019,5111,115010,26740,6908,357746,535330
5204,4778,111400,33945,6888,284375,513386
5704,5037,108161,35259,8963,185874,397331
5815,5278,92886,64592,6833,181057,370553
5037,4704,94183,53074,6574,181611,359516
5242,4777,113223,35481,9518,184665,366906
5241,4518,138928,64277,6686,184144,451701
6407,5204,316688,36296,9148,162476,550089
5241,4797,629113,28000,7593,156344,879162
5871,5167,95673,33574,8945,236268,403016
5074,5056,113305,26777,16889,281582,501219
5982,5037,112511,26944,7445,194524,366998
5001,4796,111049,35018,9278,184708,363609
5908,5259,120625,24389,7166,204355,415998
6223,5333,116016,64870,7167,184797,398480
5000,4667,172887,34259,9297,184406,459497
5834,5166,284537,63740,6537,177109,557626
5222,5000,2438287,35333,9185,330346,2875113
5408,4259,1702255,27685,7926,301585,2066673
5093,4741,1613368,35574,9481,182159,1864267
5871,5278,1410260,67333,7019,185638,1731472
6037,5167,3421381,30907,6352,267561,3754811
5186,4759,1993261,38129,7111,232190,2298635
9500,7426,2511074,52537,6000,178688,2813206
5686,4370,2272133,35296,9500,258964,2605059
7630,6389,3064019,27593,7277,246277,3375536
6093,6371,2004860,32740,7315,402774,2477282
7574,6611,2886635,30963,9259,224088,3179056
6019,5593,2275825,35092,9260,184031,2530393
5871,5463,2354419,63963,7259,286047,2790392
5204,4055,792225,28259,7463,301917,1169048
6704,5629,2906420,34537,8888,287581,3268203
7853,6463,2353498,70148,6500,183765,2642670
4871,4815,1949113,28278,7925,183764,2226543
5778,5797,2695388,34889,8519,188965,2956372
8427,7277,95201,28037,7666,252909,449701
5889,5037,107887,36685,8982,183407,364979
7982,6686,114777,66444,6815,181943,399183
5279,4852,77650,28611,7240,170664,310795
8427,6666,110596,27482,7240,212921,387517
6278,5074,114024,64444,6667,184530,395553
4685,4667,168173,26000,7500,160269,384979
5353,4555,319545,33240,9037,159009,547905
8630,7241,88658,25500,7408,254043,425923
6500,5148,109475,33611,8834,342633,523015
8445,6611,104347,27778,7703,195151,365442
6705,4833,108719,25667,7518,161094,350054
5945,5371,94813,70981,6297,181869,381461
9149,7333,108593,36426,9185,184739,404368
6112,5055,111891,26556,7889,159866,332406
5279,5055,321262,34407,8945,184161,574867
9149,6907,347135,28444,8000,203048,617775
5056,4907,114174,26519,7296,299842,509941
6296,5297,107416,27574,6222,238489,409294
5148,4741,108789,32370,9093,189302,365294
9279,6907,112420,66555,7593,180708,397720
6445,5334,91329,51277,6519,179743,358572
8834,6870,112997,65815,6666,156075,371961
5390,4648,144666,36073,9149,184832,432887
6260,5351,277260,26500,7907,202738,542441
8667,6482,404816,27537,7537,309105,794144
6130,5259,94449,33519,8907,232605,398239
5445,4667,107432,26889,7370,309066,479812
9056,7018,110712,34555,9223,184731,370609
5704,5167,90583,48148,7574,160341,335276
8778,6685,116178,33648,9574,250116,439608
5334,4740,108606,67629,7352,163097,405998
6297,5296,166848,30926,7852,226501,458460
4556,4518,339164,34111,8592,158445,565348
8297,6667,106000,34759,8944,287590,518368
6000,5334,115668,26500,7333,327996,518330
6389,5260,112170,27166,8019,158569,332794
5204,5018,113505,64074,6870,186531,431886
6260,5259,96026,52721,4686,194898,374887
4853,4833,111027,66925,6630,227564,503942
5778,4852,116973,26111,7833,258525,464923
6056,5260,294937,26777,7704,157634,512572
5315,4834,315864,34370,9278,196373,583145
9834,7055,86905,63129,7463,252075,476016
6334,5111,114795,30833,8260,431165,610756
5482,4945,109833,33463,8833,188795,368257
8611,6704,66965,29408,7722,184977,318072
5259,4741,107652,34648,9500,187606,397386
6148,5334,114709,67518,6907,156604,372349
5185,4667,143174,29166,7037,212121,417812
9815,6833,269712,27834,8296,156841,495034
5870,4889,469120,33759,8945,316172,889791
6352,5186,94568,27500,7574,246022,405035
4741,4815,105014,27722,7463,319817,513793
6260,5166,113664,33982,9370,186390,402609
6205,5055,116610,64093,6777,159444,373165
4982,4871,118426,82704,6481,184923,453016
5871,5074,114484,34166,9241,187884,371553
4964,4500,167782,25351,7426,262364,486257
5797,5166,369598,26037,8333,162900,625552
5963,5056,86989,26037,7537,263916,412405
5001,4722,113546,26352,7759,393062,600015
6260,5166,110215,63259,25500,242931,471682
5315,5093,113309,29778,7833,162837,372757
5871,5222,84478,35592,8982,183428,337850
4982,4481,114461,24833,7278,163667,333850
6019,5129,111408,25907,7722,298146,479923
6278,5352,282519,26407,7333,196904,539367
4741,4907,336243,26129,7278,163606,590533
5852,4926,87135,34315,8870,264382,422646
5463,4908,111728,33074,7463,369120,548904
9704,7185,112694,25944,7611,160787,371924
5908,5204,116584,26907,8000,186729,363369
5408,5074,107253,41518,7204,181541,395683
5611,5056,119958,30518,7537,178226,361757
4908,4963,148793,26944,7482,256742,467627
9389,7037,247165,34629,9889,194296,549793
5797,5093,787145,64018,7518,279979,1169049
8352,6704,88169,27018,7704,244792,399961
5019,4871,109207,28407,8389,305698,479886
8556,6778,104339,26444,7463,204456,371702
6908,5259,113100,24852,7611,218213,427683
6538,5463,116083,34981,8870,184397,370498
4963,4760,113806,27019,7111,198062,369368
5741,4871,166845,34167,9685,213763,450349
5241,4870,381828,30444,7741,210854,689885
6575,5370,84275,33982,9277,281927,438961
4556,4481,112981,26814,8408,375128,546571
5593,4722,109909,28888,8019,167164,372091
6112,5129,299650,26685,7759,302828,734033
5463,4963,89134,34667,8074,193364,384071
6352,5222,110117,67111,7093,263991,477812
9075,7037,111397,26592,8093,258527,434331
5353,4870,205768,28482,7944,166637,435572
9019,6741,358769,34074,8870,161728,627126
5852,5278,86346,26926,7370,310596,482163
5296,5111,112848,35741,9518,346316,531108
8353,6537,105590,28074,8130,188074,358461
5204,4685,93370,64371,6796,186795,411498
6000,5315,245501,27889,7611,279496,588737
5093,4556,108781,26129,7796,170088,340609
9371,7333,134524,35740,10111,242586,476090
5759,4926,312876,26963,7352,187251,562607
9297,6944,370285,33778,8759,163397,607256
5075,4611,94713,28315,7315,242729,418516
5963,5019,106345,25907,7796,295412,487867
5612,5000,109161,33296,8945,188318,368313
9815,6908,68811,27482,7796,175002,344165
5963,5093,119572,155333,5851,175537,534700
5297,4796,104167,35167,9018,242609,418868
10242,6926,159298,64481,7092,187145,450313
6889,5259,346466,27129,7685,158754,600978
5963,5370,622614,26370,7723,207788,891624
5371,4981,112674,34648,9241,349471,530219
5927,5074,108601,25797,7611,164100,331184
5037,4630,110122,27222,7648,206895,408553
5963,5259,92013,25407,8074,204690,357183
4704,4722,107718,25889,7185,199947,364553
5482,4741,116794,33759,8852,188741,405998
6167,5352,210572,25333,7537,228351,497997
5279,4907,303352,35425,10759,212109,621571
5778,5149,87521,26222,7481,302792,452961
5075,4685,106264,33333,7944,230920,405091
5167,4685,453856,28203,8500,429991,947124
4982,4778,107749,25425,7704,208750,406887
6538,5222,89991,52907,6185,188322,364387
5001,5074,111678,25203,7537,225450,393831
5445,4704,136494,34666,9074,188819,427553
6223,5351,304181,26648,7240,199484,563719
5371,4685,399071,27815,7296,273259,754681
5778,5037,90037,26444,7759,251128,403979
4871,4630,111501,34982,8722,188163,366776
5260,4759,110263,65518,7074,187162,394035
4779,4629,677428,29518,7482,249085,1009902
5834,5037,112507,33074,8870,182399,362257
4556,4519,113045,26426,7222,243879,413628
5797,4944,163343,34463,9722,243044,498830
5889,5037,82512,26259,7500,273393,417460
5093,5093,108291,33759,8648,329503,507645
5093,4723,107089,27833,8148,412760,613627
6130,5223,104776,34426,9537,188999,363739
5037,4574,107297,65203,6852,187572,427256
5797,5018,91780,57462,5130,200608,380924
4889,4667,115392,43815,5204,200105,388405
5593,5111,112931,27463,8055,186938,360553
4575,4592,301155,33537,8685,284027,661848
6352,5130,272841,24315,7500,284155,617885
4815,4759,85196,28944,7760,252135,400553
5500,4704,114845,22241,6407,285560,468812
6112,5370,106255,26092,7408,209762,375794
4833,4760,100478,35204,10629,186613,390664
5631,4888,94092,25722,7352,176722,329369
5037,4852,116500,67148,7204,166035,380349
6222,5260,139835,25093,7685,190070,422034
6037,5445,281262,29093,8277,160624,505663
6853,5815,727539,112518,6685,321492,1229697
42222,4093,109878,24037,7629,318212,524811
5668,5666,909802,26592,7426,440098,1412122
5796,5000,102771,24518,7982,166154,360701
5964,4907,87976,69666,6463,186301,375776
5130,4852,110996,25222,7482,188224,356517
5427,5296,115183,25741,7629,217889,427442
5927,4962,167314,24815,6945,265405,490220
4815,4907,303667,23759,7649,237478,596126
6037,5315,111744,25500,7574,322364,496626
10705,7796,105097,24333,6926,497418,666256
5056,4796,104488,23944,7574,165103,325350
5445,4907,101508,24908,7296,167731,325887
5057,4574,86676,52426,6481,189878,394980
6631,5388,113679,36629,9852,160635,349591
9223,7333,110551,25592,7593,163337,337517
5723,4796,661068,25352,7518,240371,963995
5500,5000,406608,35370,9371,296480,819680
5204,4611,109963,23981,7648,336479,510293
5297,5074,110150,31704,7722,365588,539571
5185,4741,110930,26407,7333,162569,334072
9167,7371,110523,24574,7593,165845,338702
4722,4667,94192,54241,6148,183917,361553
5779,4926,111564,25185,7518,201582,370239
5093,5000,139140,25796,7593,254006,451090
5075,4852,1083581,25444,7056,165874,1341400
6908,5296,442568,24703,7556,313520,819532
8760,7351,91072,25592,7204,249686,405849
5963,4685,114944,25036,6945,165314,370812
6038,5185,102908,24740,7815,166294,328702
5278,4926,112465,25648,7778,165070,369090
5890,5018,113227,23666,6685,192531,361572
5075,4741,110024,25518,7315,166104,332554
5759,5130,172711,25500,6963,200175,465275
6167,5222,331620,23981,7056,167600,555830
5149,4944,86252,26037,7722,311542,459609
9222,7074,102513,24555,7352,730760,930124
6149,5352,106570,26444,7259,163244,328906
5389,4889,87016,23389,7611,167760,310590
9037,7093,86629,27648,7296,174703,327127
5556,5093,112705,35703,9537,188960,405220
6260,5166,110263,64703,7074,217903,426146
4797,4740,194949,27093,7555,178753,431831
6038,5166,396802,52722,6148,184066,665219
4889,4574,87971,34630,9407,319064,512497
6259,5074,108047,27667,7759,450283,620737
4797,4740,110105,27722,7592,162024,330683
5852,5056,97939,24796,7907,165337,354683
5778,5037,108719,54296,6426,188835,383331
4908,4648,108387,50667,6815,166203,356035
4519,4704,142815,25500,7814,772310,1006346
6297,5240,315612,171499,6000,170867,691311
4556,4648,321744,25796,8722,336086,718589
5222,4815,94783,25982,7500,242955,416664
5964,5222,110025,66333,6722,241473,454368
4686,4630,110749,26185,7426,163027,364572
5963,4926,82621,64167,6870,186544,365960
4630,4796,111734,26074,7796,186024,354831
5593,4852,113365,35574,9760,189651,373479
5000,4519,168496,24796,7723,182945,441293
6408,5352,342720,26666,7778,164592,568460
5093,4851,78131,35148,8722,293867,455608
6112,5148,100095,43852,6981,462458,641663
9722,7667,104893,30370,7778,166716,340998
6000,5000,107876,33444,8760,193048,402127
6001,5500,86600,26703,7445,176213,323295
4982,5000,106287,25703,7722,202378,366072
5741,4889,115122,25629,7315,192136,366238
4759,4667,250142,25537,7240,183690,524774
6519,5648,380031,26000,7445,166021,605774
5593,4741,81942,24722,7629,327593,480349
5926,5278,93184,24445,6352,253591,406590
4704,4445,106556,34593,9315,188682,362146
5297,4611,75003,25241,7407,212014,377405
6315,5111,92949,54333,6444,190494,370720
4760,4574,110302,65148,7111,163511,403331
6093,4981,136952,34204,8963,190064,396016
4704,4667,280009,62962,6741,182914,555793
5649,4963,767767,26722,6074,344227,1169753
4704,4593,94087,23555,7056,250966,417942
6130,5259,103737,28111,7834,282890,448757
4445,4723,104738,24797,7351,201445,361035
5908,4944,59297,52110,5074,202443,377924
5927,5166,359001,67073,6056,313144,773607
5445,4944,110485,34296,8982,192254,371238
5575,4963,161746,64518,7278,188067,446331
8074,6445,263191,33852,10166,401509,739088
9593,7222,103713,64647,7075,297692,504127
5852,4870,110122,28370,7204,381931,552571
5982,4926,104031,25351,7945,165097,327665
4927,4851,101663,25407,7444,168559,326795
5297,4703,93183,32241,7018,168927,329405
9186,6963,103351,24518,7963,166314,332276
4852,4593,113260,25426,6981,167183,336516
5093,4926,218224,25019,8611,164514,440183
5241,4778,332484,25445,7315,166993,557367
9056,7185,102544,23833,7648,315750,482979
4908,4777,108731,32944,6296,237453,411646
5593,4815,108306,35388,9704,189563,367590
5223,5074,105789,63833,6945,193320,396035
9705,7037,89402,31833,6111,207300,365424
5445,4815,105052,26685,7703,201224,368146
9667,6723,125183,26352,7629,245778,472201
6760,5741,279499,25592,7167,167665,507164
5241,5074,536074,26796,7500,282958,899772
5722,5296,95486,36814,10000,389197,556719
5630,5055,106672,25463,8167,251455,439405
6019,5000,107674,33000,8722,194028,368461
5352,4741,86416,25333,7315,178063,322016
5037,5278,108344,24018,7186,210487,408127
5871,5130,102864,34759,9630,192985,366294
5389,5019,159032,28796,8445,288168,545848
5723,5148,367663,72759,8555,186038,660478
5148,4593,81259,41647,7112,250832,407108
5908,5241,103427,34722,8833,486773,692829
6000,5074,107003,26833,7556,166459,333165
5371,4852,108115,63648,6741,192327,395720
4889,4704,86117,29519,7259,175788,322183
5223,4703,107971,35130,8963,163157,339683
5167,4797,111398,26926,7296,168063,340406
9334,7666,186289,34296,8574,245561,530404
6575,5648,297068,26574,8130,164725,522905
5445,4889,101589,35278,9148,295001,469849
8611,6926,104202,52981,7463,472091,666496
5445,4741,107797,33574,8944,195165,403609
5982,5370,81836,64462,6759,190645,369424
5019,4630,104448,71611,6166,188513,428775
6353,5222,103746,25556,7611,221288,384961
5797,5389,127267,34407,9092,193676,389387
5778,5167,262971,24389,7629,167508,521108
6297,5278,765544,33185,8945,496726,1331363
5167,4852,84494,46092,6667,494984,690477
5926,4982,107718,33092,8797,192595,367961
4852,5019,98794,30389,7555,169482,331480
4667,4666,106315,26537,7259,166203,364535
6259,5204,104983,25000,9240,190664,355498
5056,4760,103577,63814,7019,184162,418739
5778,5019,166985,26019,7389,236567,462275
4815,4870,290673,25777,7482,168047,515775
5889,5426,106082,23833,6463,311193,476219
4890,4740,108288,36056,9944,421468,633293
5871,5167,103141,26870,7334,202949,365794
4667,4666,106884,33352,8852,193540,366275
5185,4704,91886,44870,6889,188371,390368
6112,5203,113980,55667,6574,189129,391683
4704,4722,111297,27148,7963,229201,435812
5852,5000,280483,25852,7240,166978,506367
5130,4667,407502,25241,7648,193827,658329
5445,5074,85006,40518,6797,263770,423665
5000,4741,109211,33148,7037,443990,650978
6205,5222,103213,65574,6537,191137,392498
5834,4593,104789,28111,7111,163820,327943
5056,4871,110994,25426,7444,169060,371183
6370,5278,107793,25814,7371,201742,369090
5167,4778,132905,26833,7667,211334,437349
6019,5260,310998,24037,7815,168702,537720
4741,4685,724832,58981,8870,257441,1111475
43963,4148,103781,35222,9870,312532,527108
4926,4815,104357,24981,6352,254327,416794
5723,5166,103563,33296,8944,193973,398387
6279,5314,79250,53648,7370,189082,355869
4538,4648,110418,80999,7093,195821,441294
5815,5056,108771,24296,7315,233541,399757
4797,4630,163884,65666,6722,191522,451201
5537,4852,370366,60815,6185,197927,696088
6019,5111,76721,27000,7685,276018,415423
4964,4851,104205,24759,7500,381737,541923
5556,5185,101373,63611,21444,263255,490293
6037,5111,102801,30074,7352,170160,336350
5315,4685,88543,63000,6981,187845,370201
5963,5019,109600,28333,7111,162898,366386
6389,5296,105584,24759,7981,287192,452275
5389,4686,278565,24519,7148,164246,498645
4741,4555,460178,26982,7389,202244,719884
5704,5000,82626,24259,7685,310020,452720
5148,4871,100813,27759,6166,242778,403979
5093,4722,99685,26055,7260,167702,358275
6500,5426,57446,24370,7963,180719,296183
5056,4870,93485,52130,6092,192514,368979
5612,5037,105894,23648,8185,168827,334906
10537,7426,122877,24537,7648,231825,455553
6260,5166,357396,55074,6667,189600,634163
5260,4704,723636,60426,7593,247005,1066753
8371,6722,196845,26741,7611,310504,624237
5186,4907,101551,23741,6963,169929,330091
8074,6593,103867,23871,6666,171279,368535
6352,5241,66314,34925,9630,196573,335479
8685,6796,319630,24407,7278,207979,588552
5278,4870,102484,65129,7186,207347,432034
5908,5148,162745,30425,7834,261030,549108
4927,4685,262079,23778,7593,222195,542368
8167,6759,101823,25389,7833,310971,490775
5889,5092,108510,25981,7649,488894,658292
8611,6649,101270,25759,7426,168802,367516
5982,5037,103514,24407,7778,169374,331017
5353,5055,86497,40111,4888,200910,390887
5741,5074,105239,36482,10296,209463,386924
4964,4481,106426,66055,7019,200072,406961
8722,7167,189705,26370,7111,238182,526682
5759,5093,411576,35666,8075,218475,701903
8334,6630,74857,25592,7408,278900,418905
6445,5556,103970,35999,9167,405490,614534
5890,5129,101398,25556,7425,169064,329462
6074,4704,77733,27888,7593,198432,336220
6371,5092,87809,72463,6796,187634,413572
5779,5018,109236,26000,7463,202077,369332
5204,4870,123998,25740,7667,233278,415553
5149,4629,352146,25389,6481,228925,636367
5316,4851,302704,34185,9500,194145,599163
6241,5574,80818,28833,7834,255791,403035
4649,4722,105671,25778,6074,254716,438275
5685,5185,102488,25204,7963,170159,331627
4593,4611,81083,26537,7462,181861,319591
5204,4852,103954,53685,6092,194563,386071
9760,7574,104437,66963,7278,189357,399016
5167,4611,164902,25407,7500,240577,463071
5371,5074,381958,52796,6278,192760,657940
5445,4741,432589,24556,7963,309073,801607
5148,4926,106982,25370,7278,391441,554978
5278,4834,105427,63815,5667,277273,480571
8964,7500,99429,27222,7371,165976,330239
5334,4667,106320,24185,6593,194770,356313
5334,4962,101730,66092,6519,165861,364275
5148,4778,108287,24851,7537,184860,352646
9000,7333,305640,53111,6000,196043,591089
5038,4630,401899,74704,7574,190930,699108
5185,5019,104125,62889,6889,283298,528830
5297,4926,106812,36259,9315,459148,671848
7019,5482,99647,25834,7222,168851,330461
9390,7944,104297,28797,7648,172830,345961
5519,4666,76300,33203,9315,287995,434923
5315,5148,108153,27333,7574,203309,370924
5611,5074,133451,27204,7648,230047,426516
9186,7629,225545,35315,9537,246526,547182
5297,4537,301935,24666,7741,270636,640793
6926,5648,79845,34000,9371,249856,404312
8741,6907,97977,25777,6686,247595,430775
5797,5111,104293,63814,6686,194075,396313
8927,6796,56554,29019,7555,197852,324980
9371,6796,95223,24592,7926,197979,390424
5815,5278,101743,26741,7444,212237,374072
5890,5481,743464,35907,9537,427289,1246049
8723,6630,321819,26740,7167,303807,688996
5111,5074,100508,26240,7482,318545,514274
6241,5389,100824,35759,9333,388618,561256
5001,4944,100252,27166,7630,167821,330332
8852,7037,102087,67111,6907,190634,433016
6019,5241,85014,29074,7222,195780,345442
8759,6797,106960,71130,7629,188667,404794
5093,4722,105370,34963,8777,194518,401553
6111,5352,317815,44167,5500,207200,600811
6816,5296,1071535,26611,7907,174088,1309548
8926,7278,101986,27796,7574,316882,522238
5871,5426,100210,33555,9278,481583,649885
5778,5167,97620,25851,7352,169898,329461
8278,7000,373157,25333,6981,333876,771958
4871,4574,86290,72684,6389,187802,378257
5593,5018,103458,25334,7574,168373,363238
6519,5389,126460,23963,7444,172650,356942
5389,4741,336201,53815,6166,196389,616682
5834,5056,298407,31851,9037,1017734,1415807
5945,5148,81021,31462,9093,253107,402349
4964,4722,102893,35981,9685,725251,897588
6186,5296,106043,64611,7055,194844,434646
6241,5037,717282,36611,9278,189842,979327
5296,5741,104621,58777,6704,189285,383923
5556,5055,103549,34611,9166,194154,400275
6186,5222,154513,64147,6389,195393,445998
5353,5074,319384,29222,7703,172058,552497
5241,4815,100350,27555,7519,330462,493016
5093,4611,105408,45907,7000,362164,577941
6500,5278,101020,35759,11074,191590,365479
5075,4778,76484,64833,6926,192847,400739
5834,5204,85060,28222,7686,180678,326943
5371,4907,108396,34296,9074,168362,379183
5945,5111,105657,26129,7408,563098,728922
5019,4630,306435,66333,6111,225710,627737
5630,5166,356437,34074,9167,193430,652422
5797,5222,101107,26833,7852,308206,495275
5204,4908,104015,52630,9092,454166,678107
5926,5259,101296,63759,6814,195592,392942
5075,4685,105704,28815,7426,172386,338276
5353,4740,93744,34610,9426,256107,417553
5260,5000,110652,25315,7130,196642,368165
10111,7833,116877,35444,9444,195233,388794
5000,4556,271099,66537,6889,247194,615811
5315,4963,352879,35370,14222,343173,772921
4834,4518,79938,29055,7963,253690,398294
5204,4685,98754,25815,20333,279615,452812
8871,7278,871974,66296,6722,165853,1140883
5167,4723,106646,27277,7426,166112,334906
8352,7056,96333,25870,7500,189906,383775
6742,5592,101076,64148,6370,186312,384832
4908,4648,165522,25629,7407,186940,442553
5963,5000,351671,25944,7519,168882,578885
5297,4833,76470,24611,7648,320954,458386
8612,6963,110545,24296,7667,355915,529127
5852,5074,98140,35018,12760,191784,366294
8648,6889,101920,26240,7685,168987,368923
6648,5445,76940,27740,7760,207447,346868
6093,5093,112627,75907,8537,167019,391905
9334,7000,99888,26518,8019,205499,371609
5648,4834,259851,26834,7518,204331,526497
10019,6944,382723,33389,8981,173792,664070
6186,5204,78152,29723,8425,278457,425368
8815,6926,106117,48389,7963,333213,526200
6186,5018,102379,24759,7537,171620,331424
6649,4796,99324,25278,6778,170729,327405
5352,4778,85493,46037,6593,190838,353239
4852,4500,98661,34037,9463,204281,372257
10538,7351,110145,64074,7018,205446,419498
5168,4888,273016,29815,7500,191092,527757
8778,6926,290147,62630,6444,189220,578682
4982,4685,80225,28370,7703,254515,396720
5334,4945,99170,26833,7574,312235,471664
5297,4963,97246,25815,7166,207993,362628
5741,4796,106822,25759,6963,224047,391942
8944,6778,100324,36000,9240,193990,403756
6686,5481,102493,26536,7704,205099,368813
4630,4723,148419,34111,9574,250652,492460
6149,6000,266217,26426,7814,231947,559756
5463,5093,71683,27629,7574,308260,455479
5981,5000,105703,24908,7074,502590,665977
5963,4982,103927,26944,7241,205608,368998
5352,5019,100540,24074,6814,210829,400424
6056,5130,84968,54018,4611,215160,386535
9501,7203,101396,24037,5648,228640,427572
5723,5222,107175,34240,8871,196620,372165
5908,5000,185157,28223,7833,196581,476608
5871,5111,285418,68444,7260,208727,596664
8815,7037,99976,35352,9148,291447,503886
5760,5129,97219,52648,6796,367316,551293
9574,7019,98331,36019,9518,193444,369386
5408,4981,97519,25981,7185,171517,326239
5760,4963,95187,32518,8741,262625,424627
5000,4611,103745,24666,7296,191477,353479
9649,7166,114746,34574,8704,258770,447997
5186,5204,211247,26074,6722,242065,509905
5260,4870,298341,25148,6537,218267,572108
5463,5037,77159,34704,9481,252191,419664
6852,5426,99920,29445,7111,256615,424053
9852,8278,96551,25500,7741,172669,334590
6167,4852,64479,26870,7315,183705,307924
5315,4889,101851,25667,7685,191443,350720
5204,4833,104465,26499,7297,169664,332461
5037,4574,156243,26074,7315,234792,450812
9241,7037,327800,23871,7462,174364,563516
5074,4796,76525,25297,7185,310639,463626
8426,6389,96767,26593,8148,465859,660829
6408,5388,99936,66907,6037,263877,465979
5427,5240,101586,25519,7166,170635,329739
6019,5389,85810,68111,6370,196207,418424
6241,5203,105942,71499,8741,196501,409275
5668,5037,108183,63926,7018,185722,425442
6038,5277,189611,27556,7315,213757,464238
4982,4722,280760,29370,7371,211940,553237
5593,5148,98448,24667,6815,302734,473516
6500,5241,98080,59203,7389,362121,553330
4611,4834,101877,35926,9685,196158,389257
5482,5000,99601,24871,6537,173933,330164
5427,4518,80141,32314,8760,264542,409572
6000,5093,106309,67240,7037,240948,483145
5908,5148,126015,24944,6722,251909,434979
5445,4852,464829,24000,6648,173575,727700
5853,5111,299498,66278,6852,211831,610034
5130,4889,79909,29833,8018,256719,400461
5519,4740,102578,23648,7148,218273,376738
5056,5000,96412,63944,6537,196438,422886
6149,5185,104840,28907,7111,166511,333721
5408,4814,103713,35888,7741,214638,422516
5815,4982,99899,25444,7519,227543,385905
4927,4611,147141,34759,9167,196190,410572
6352,5019,268457,29111,7889,213188,544201
4964,4685,101312,26555,7241,330963,526757
6131,5203,98129,26111,7314,503813,661663
4797,4722,99574,23926,6945,173757,327350
5482,4944,79817,26185,7241,173681,346146
5815,5130,85800,24722,7000,183495,326702
4760,4759,102691,24852,7389,200473,392627
6241,5056,100859,24333,6871,173824,332072
5056,4667,280305,23796,6796,175637,510035
5816,4981,405695,52537,6037,199653,688996
4593,4500,101846,67537,7204,305762,542608
5889,5056,99478,27314,7074,394131,554478
4538,4537,100535,25129,7222,172019,327869
5741,4833,123963,25907,7371,172943,388442
6019,5296,94853,23926,5870,193997,344794
4649,4574,104966,25370,7593,173402,334424
5815,5037,123783,34685,10352,270215,464331
4834,4722,260154,24537,7426,174751,489997
5371,4556,292989,33352,9074,236582,599256
10389,7204,77381,25426,6981,312932,492534
6352,5334,96030,32093,9092,200727,366572
8371,6648,137903,65055,14759,462112,712829
5352,5037,97553,35463,9518,208427,409590
6371,5334,102702,24148,6463,265647,425628
4853,4796,95871,34555,9149,200330,367572
8390,6555,146836,67481,6944,192570,476331
6056,5037,265448,29611,8204,229753,560552
8167,6315,76136,24962,6852,265455,404720
4667,4611,96064,27110,7612,366859,555071
5964,5092,97602,26315,7074,217637,374424
4853,4796,98659,24556,6815,211579,367739
8704,6722,76551,33499,10019,196133,380109
6315,5222,105867,52111,7074,245983,438904
8038,6352,101405,34482,9259,196963,372202
4908,4703,231944,24704,6833,237683,546997
5816,5037,363833,33593,8926,252311,684015
4760,4666,95467,24074,6685,315364,491256
8741,6926,101672,49574,8407,447881,671922
5723,5166,101896,25500,6833,172788,332368
6630,5408,98101,34278,8907,200416,368406
4667,4741,127917,64759,6778,195914,454497
6353,5129,106401,35259,9241,269541,446201
5279,5000,115403,23203,7371,192706,398720
5723,5204,220793,29259,8426,168445,452183
6112,5074,293276,65463,6851,204110,630960
5667,5129,78409,36037,9240,254109,406127
5297,4685,94836,34759,9241,494549,691681
5945,5092,101134,25889,7278,174197,334035
5019,4703,102099,24389,6833,174937,332461
8870,6815,106712,56741,6518,194120,430293
6241,5204,70862,36111,10092,253285,399424
4686,4814,147419,27315,7463,207690,447460
5834,5352,279402,34185,9740,194448,543645
5316,4666,98349,27019,7277,308334,492349
6464,5222,786773,27611,7352,216462,1099401
6296,5241,94427,24296,6703,210535,362312
5278,4593,94688,25648,7222,209736,360924
5778,5000,87801,32722,7981,197457,350980
4927,4629,103617,81352,5944,200048,414572
5686,4833,99934,34555,9037,199028,402072
6352,5500,225491,25148,7129,210452,494793
5353,4852,362713,34963,9630,185801,650793
5723,5203,99532,34315,8833,295077,467016
4667,4871,94237,29889,7815,448111,639274
5982,5204,94498,26722,7037,170871,324239
6278,5537,117426,34056,8814,200684,388461
5001,4796,82354,71018,7481,201385,385813
5779,4889,100096,28685,7481,178217,342369
10019,7463,110024,35407,9315,197567,418738
6408,5315,330506,24426,6963,211213,598978
5704,4982,345137,69648,6833,269341,756292
5833,4982,79937,35407,9278,249653,403831
9334,7315,92105,30537,6796,292374,491053
6037,5111,99589,34037,10092,198465,369849
9000,6574,65795,65462,6871,270926,441831
6186,4963,103833,36703,8167,222517,399201
9260,6703,95835,26148,7333,209238,368831
6390,5018,145744,27722,7889,206013,447850
6204,5296,268079,23925,6815,240308,565330
5296,4963,76896,26982,7315,311305,471719
5759,4908,99564,26407,7315,495766,687570
5908,5371,98455,25037,6796,218821,374350
5297,4888,97143,25536,7278,174986,329831
5112,4814,71052,34907,7889,217095,389183
6426,5445,201552,41926,6815,266444,545997
4927,4537,99740,29685,7481,213925,373794
6241,5074,296019,24296,6852,182830,569256
6112,5000,402983,23963,6648,174551,633552
5315,4741,78949,27870,7130,299623,440960
4649,4666,100025,37667,9444,367528,571719
6093,5000,99064,27240,7148,171676,330831
4778,5574,70159,24815,7203,213470,339980
5538,5055,79938,53093,6092,200968,398294
5908,5055,103533,34592,9500,199429,371961
4908,4722,112571,31130,9074,194649,371350
4741,4666,298369,70277,7000,215370,626144
6056,5111,381703,64185,7018,971123,1454213
5111,4760,1282866,28889,8204,1731393,3078649
8834,7593,616724,34629,9741,306419,1036087
5982,5166,422116,24944,6889,267325,751088
8371,6333,76212,33037,9018,201231,349035
5519,4815,106565,64963,5481,196692,435183
6111,5167,361066,24388,6537,225950,643255
4926,4648,218920,25352,6889,285280,581441
5723,5333,347033,58314,6834,195464,633608
4889,4815,78165,40945,6833,277055,429146
6390,5481,100038,28481,7611,492774,688645
5871,5370,99077,24666,7130,183570,339924
5260,4722,920611,24333,6778,201957,1178123
5222,4574,87173,35203,9463,194863,384220
6093,5167,100118,40796,5334,222231,394572
4815,4686,99231,35518,8982,234803,401776
5945,5055,187307,27945,7963,171005,452960
6186,5111,347771,66518,6778,169911,616700
4982,4759,99811,27296,7370,317020,490460
5834,4926,95998,52537,8852,379758,562756
5112,4796,97981,25482,7111,209461,365109
5408,4648,149427,26686,7499,413588,654552
6093,5519,930684,24630,5963,202531,1189475
5686,4796,568095,24871,7333,268418,913217
6112,5389,112007,48740,7130,1107356,1304919
4686,4944,237175,36574,9389,195989,502330
5760,4981,2983144,66556,6629,2024124,5147934
6019,4611,727492,33796,9056,1243385,2044562
5278,4630,77312,25222,7166,333316,471757
9630,7241,95442,32481,9333,200001,368905
5574,5222,947366,64925,6871,188757,1268418
6370,5704,102853,54278,6259,198293,388182
6222,5075,99058,35759,9315,216440,388553
9445,7333,138283,28111,8500,279455,540238
5371,4963,354857,162036,6037,181473,731163
9204,6629,68065,36018,9556,254656,421442
6186,5519,96473,26889,8277,421228,578756
5001,4889,94197,28074,7741,209152,396350
5630,5074,94903,24222,7444,212151,364164
5279,4740,70442,52981,4852,209686,365332
9093,7055,97518,34222,9092,284684,511182
5334,4870,96723,23870,7445,195108,351239
8463,6408,217928,35166,9648,225273,551811
6037,4982,373244,23851,7519,212697,642811
5296,4871,72673,43018,7222,257436,427812
5815,4981,96249,50111,6407,438174,616459
5111,4685,938099,49740,7907,446709,1470528
8333,7019,102012,25907,6907,219357,417423
6056,5222,77773,55111,6630,199688,368998
8389,6408,101904,33278,9481,199983,375368
6130,5334,110443,66240,6778,198481,411146
8890,6648,246907,27629,7778,171072,516664
6037,5241,292631,34926,9425,199830,563015
5890,5111,72041,26926,7814,266124,417924
6037,5278,94413,27648,7648,321214,481275
9464,6926,101285,68426,6870,192879,399868
5482,5037,105139,64203,6315,199933,436405
5815,5537,102363,78481,6241,201413,414479
4723,4574,100458,36388,10241,215818,388054
8963,6815,138977,63852,6426,200594,475645
5760,5241,695198,33611,8815,611016,1379529
9667,7167,68741,27444,8241,264831,402831
4890,4666,98706,25833,7648,428458,617997
5816,5240,97152,33018,10463,202143,368443
4593,4796,93728,65277,6871,196992,388998
9185,7167,78896,44741,7722,177491,373905
5796,5074,96972,64741,6815,235655,429367
7186,5333,104900,36666,9167,197191,375109
4908,4518,168457,62333,6518,193819,454312
4945,4648,1106398,36259,9148,196965,1374992
9093,7574,88813,29277,8167,314222,486090
6389,5315,97481,25963,8055,495201,656237
7908,6444,90780,34148,9388,203182,366220
5389,5130,97466,25537,6944,174088,361627
6056,5185,80320,25444,6667,188197,326387
6241,5000,110007,27537,7685,173158,378127
5963,5241,116416,34629,9148,210230,395571
5056,5055,337065,41314,7037,201044,610440
5741,4907,287530,28315,7481,217449,565645
5334,5241,71866,33759,9111,260243,402646
5112,4759,98701,26241,6222,732702,890143
9242,7000,100499,26111,7407,173648,339073
5278,4926,86038,32352,8925,205072,358738
8297,6481,98225,26870,7611,273662,435720
4741,4611,96190,33907,9370,181679,344201
5574,4889,136451,24944,7148,287232,480275
5093,4648,290915,34703,9241,200619,559256
5186,4963,66547,25166,6815,269488,396757
8685,6871,92326,28704,7759,471300,664311
6649,5574,96328,24130,7166,214855,371331
8538,6425,94905,26166,7445,219964,378868
5408,4908,108072,34463,8704,197277,407183
5852,5297,93111,26056,6870,175294,327202
4482,4833,92799,34074,8722,248199,410979
8963,7037,166726,64981,6963,735917,1038679
6056,5204,392060,54055,8037,201029,680552
6686,5240,111860,35037,9444,312212,533738
5723,5074,104195,52352,7537,373672,564164
4575,4463,96622,27148,7463,210931,399683
5963,5278,94458,34889,8870,200411,364128
5779,4944,78793,24222,7167,219446,388239
5945,4926,102202,64518,6778,199740,398664
4556,4722,120297,65870,6444,217276,459812
6482,5370,280261,28333,7926,197681,543571
9371,7055,291651,35611,9704,244976,612182
5982,4870,76025,27018,7759,302178,442146
8982,6870,94082,27685,6685,260602,441627
6464,5129,100158,34129,9204,201378,371498
5075,4963,48789,25222,7277,191969,301887
8815,6703,82217,54574,6259,204745,379053
5852,5037,97182,35370,10222,199150,370609
8760,6796,135405,25185,7741,214000,447146
6519,5166,229573,27167,7741,236442,528923
9926,6945,72372,24185,7167,270366,407850
5222,4852,97281,26833,7315,385938,545311
7593,6000,88116,64463,5093,292529,506756
6316,5203,101822,25778,6870,174584,368906
6426,5482,78286,63630,6537,203934,379053
5038,4815,102029,24852,9166,199988,394831
6260,5092,95679,26519,7703,248634,404775
5094,4796,205791,35426,9278,199539,473887
5704,4908,329015,68203,6685,244408,684978
6167,5185,94777,34111,9167,314850,482349
5130,4871,108297,27018,7982,369052,570515
6241,5500,92855,34536,9649,197680,361090
5945,4926,97024,26185,7870,173716,330091
5222,4759,95451,52241,6130,195325,372905
5612,4704,103378,35056,9166,200564,407868
6278,5389,108807,33000,8740,258099,435350
5297,5093,224844,25278,8055,256171,574867
6223,5241,2292854,28092,7760,259908,2617911
5334,5037,1612230,33555,8926,267611,1967322
5630,5277,2040471,26037,7092,244387,2343227
5241,4629,2331453,35018,9315,208218,2643244
5778,4445,1517384,66407,7259,215421,1831545
5630,5074,1924217,29370,7759,258252,2248579
5705,5000,1167371,23962,6852,184473,1441103
6278,5296,2052183,69630,6388,264322,2423023
4982,4907,1356374,24389,6685,248821,1695305
5704,5019,2327296,27000,7500,284781,2674392
6185,4945,2862499,24759,6056,235779,3154389
5667,5185,2346893,42055,6630,357833,2778558
4908,5037,2437912,27926,7203,180203,2711373
6037,4500,2263878,24907,6797,183404,2503967
5686,5241,2445360,52944,6130,201680,2765003
5519,4167,2431566,35333,9537,252141,2752818
5019,4852,2812584,26297,7759,182158,3051964
5334,5185,2182367,47574,7204,344803,2639985
6445,4111,71510,23648,7315,357914,489609
5370,5037,99660,67425,7000,402801,635403
5705,5037,96587,63573,7352,202430,395350
4871,4630,100829,26889,7611,172743,331591
6167,4963,78850,36018,10056,198630,349090
4779,4611,97277,66074,6556,171517,367072
9945,7296,104650,33889,8888,239552,418960
5130,4685,211262,26667,7333,284235,590645
6557,5722,286726,32574,9222,289530,645275
4964,4796,70600,28426,7796,264120,398998
8815,6537,94768,49259,9204,494376,677218
6500,5093,97251,24833,6815,215043,373386
8927,6963,51124,28388,7667,224115,340498
5315,4852,87274,25444,7167,205669,351035
6037,5185,95498,26018,7648,212334,369664
8815,6926,132555,33907,9259,257943,500589
6611,5389,340148,24574,6889,217793,617700
9259,6926,380780,34722,9407,283069,747569
5000,4778,94671,32519,9018,421233,615107
6075,5259,92173,28037,7630,202306,357942
9908,6556,78897,25482,7407,177342,353554
5741,5259,78603,26908,7389,189043,327739
4870,4852,90475,80741,7852,224078,429442
9816,6796,93847,65667,7018,199299,396850
4833,4556,291570,25963,7574,282575,667681
6038,5481,378590,65370,7630,231554,709237
4982,4834,95982,24870,7426,327719,484387
9408,6629,96781,24722,6926,358902,551793
6019,5259,89245,29574,7833,209661,362146
4538,4648,92025,64722,7148,201936,422553
5704,5352,76304,39370,6056,177712,327294
8482,6778,92732,34833,9037,174507,340498
6871,5444,102215,25889,6945,251301,445238
6131,5185,193365,28148,8185,255206,511146
5001,5111,282218,24185,6871,261538,598645
5463,4945,70943,26759,7944,380184,547867
6167,5185,96242,49536,9334,274182,457516
4834,4852,97521,67166,7148,208144,439109
5871,5018,64190,25518,6574,191476,313017
5834,5074,104413,65463,6481,199993,434924
6056,5019,94563,26185,6759,175658,329739
5093,4629,146417,28389,8037,256840,463867
5426,4945,244381,24203,7185,188284,488090
5093,4815,67254,64333,6463,279706,458849
6296,5260,93033,28667,8018,422075,578144
4760,4463,87480,35240,10759,202408,359332
5112,4833,94889,27685,7204,178220,353813
5797,5370,71947,34259,8759,207571,348443
4500,4760,95077,44037,7000,204550,373683
5575,4926,100876,35796,8981,200456,404146
5815,5204,222321,27260,7648,177398,459368
4797,4722,370508,26185,6259,239822,666552
4945,4889,96881,34204,8778,344320,529016
5871,5019,99086,47370,6704,378337,557034
4408,4611,98088,29759,7315,209725,367924
5334,4815,69201,25797,7203,177834,338165
6297,5167,78629,52315,6351,202740,366461
5000,5074,92798,24166,6963,181034,362923
5760,5056,110929,25296,7259,214810,384035
4760,4667,318874,24130,5777,198753,570553
5852,5148,289432,35537,10130,278694,649052
5889,5056,73101,66037,6833,336285,510256
5130,4796,89659,28389,7759,172580,321961
5630,5074,95308,34407,8945,204819,401942
6056,5148,51385,29185,7555,191059,338720
5649,4814,89683,34463,9203,190409,348961
4871,4889,93777,26425,7908,177221,328831
5704,4871,137963,33241,9333,239997,481368
6093,5185,336946,67926,7759,223162,661052
5075,4630,506076,34796,9037,184809,756737
4834,4759,92617,27426,8000,445602,631941
6204,5129,91583,36870,8370,202305,364238
5371,4667,95732,64648,7444,200988,428775
5667,5222,79586,28463,7537,187802,328998
5297,4981,101199,34093,9074,204595,373054
6167,5463,98608,25759,7426,250112,438090
6241,5112,176202,27907,8500,203907,443516
10223,7870,270815,65222,6888,238257,650311
5593,5296,97095,27944,7852,355569,517645
8890,6944,284411,24370,7074,343771,764977
6168,5166,98858,25852,7537,179474,370702
6908,5240,89397,24130,6907,180065,328109
5945,5167,77287,39889,6463,177211,359998
6222,5019,96122,35667,9185,176265,343498
5834,4944,106458,26037,7574,194355,394146
5853,5111,259644,34629,8871,195816,524312
4945,4556,289108,63833,7111,221278,606737
5371,4870,65482,27000,7426,269238,415368
6241,5130,89316,27760,7462,314848,466442
5112,4611,89430,66055,6704,202883,423424
5593,4815,89764,26019,7333,177104,325350
5019,4666,98545,25852,7111,179065,334257
5760,5296,98306,34277,9130,175989,343128
4890,5000,132270,26314,7149,269338,487164
6075,5129,265735,26018,8167,213892,542460
9463,7445,766307,35648,8981,383538,1225678
6037,5185,96221,26333,7352,471776,660922
5944,5223,92407,26518,7630,214054,365590
5333,4611,92021,33425,9593,206959,367312
5185,4778,73763,25648,7222,189921,355090
5927,5018,90783,66907,7019,296048,488534
4852,4649,93599,26278,7129,176196,326109
5463,5019,232749,24518,7648,207545,532645
5871,5167,717378,24499,6889,450042,1223956
5075,4648,65124,26000,7333,308022,466220
5556,4778,87532,35093,9092,411205,601181
5686,5037,95923,63222,6611,292426,485164
4537,4722,88870,33944,9111,206148,384812
5982,5204,72649,26093,6962,192127,323054
5463,5000,93781,25944,6630,179995,331183
4797,4740,104061,33388,9223,205512,375627
5056,4537,232543,26259,7315,215621,539405
6556,5556,283655,33519,9426,205860,559719
4853,4444,681396,24167,7166,236395,972161
5316,4963,97863,47815,9167,450133,663015
5927,5240,93996,25777,7111,180504,333498
5223,4741,52812,35092,9074,210335,364683
5649,5222,95036,66963,6889,173592,367146
4871,4648,94575,33388,8685,215591,375220
5722,4889,138354,27797,7629,248366,482552
6204,5203,259948,32519,9296,208142,535904
4778,4963,69747,40408,6814,255825,399794
5074,4982,91786,34703,9407,428897,623144
6334,5166,90103,24555,7167,180062,327942
4760,4907,90641,63333,6778,205431,389424
5278,4704,78754,26167,5722,217781,387331
6130,5111,305996,64870,6500,287019,745940
5501,4944,96906,25981,7000,204463,393183
6501,5333,282129,27204,8092,286257,630941
4593,4667,345704,27222,6759,206274,642793
5760,5148,92467,35537,9630,334012,500072
4778,4574,93099,44351,6741,485065,652718
5482,4889,94526,28055,7241,174194,328516
5890,4592,90047,26296,7426,180526,361776
6241,5315,76937,58315,8314,229673,398942
5130,4871,96976,24481,7352,181504,368313
6334,5074,105515,33092,9722,259316,434034
7760,6703,1333307,26130,7055,180444,1575843
5241,4815,286777,25037,6777,180165,556756
5982,5037,68520,31296,9037,268367,406294
4612,4444,90393,24111,7037,322882,494812
6019,5185,96284,24629,6815,181141,367905
5982,5093,86322,26352,7315,178639,324906
5760,5092,95343,51167,6388,198749,376942
5111,4982,94585,35907,9371,199894,398386
6019,5093,132124,24666,6945,181985,371498
4575,4555,241162,25167,7056,217316,513905
5889,5056,72442,34185,9000,261907,424442
6242,5185,87796,24537,6963,255535,403720
5037,4630,95058,68277,7333,423680,618274
5111,4815,93726,26592,6741,179680,330239
5260,4908,418633,34722,8796,529806,1037050
6148,5149,98303,65870,7334,200416,398312
5390,4796,98528,26222,7296,177397,367258
5704,5149,166010,36130,9352,221838,458590
5816,5333,280975,28889,7981,213744,558793
10759,7500,71941,35074,9278,259335,411090
5426,4815,109628,34870,7611,388110,567774
8630,6722,98500,30222,8463,218295,385294
4816,4722,93742,27408,7370,213959,366146
6148,5186,456409,35944,9093,259234,789088
5260,4907,94265,53019,7518,180252,358795
5482,4778,103452,28351,8074,264306,430590
9371,7482,302063,34426,9407,203248,580552
4574,4630,282325,25814,7315,267561,609477
8389,6907,70310,34740,9204,330725,500960
5982,5185,89422,30204,7018,253632,410201
9556,6666,94425,63314,6778,205074,401349
4982,4834,48278,28703,7352,191776,299628
5816,4685,90391,55573,6574,202645,380091
4759,4648,97189,35111,9833,213162,378571
5223,4593,69561,26185,7204,1396615,1528584
9297,7296,246711,34055,9389,206065,527812
5315,4722,70361,41704,6574,256044,401201
5723,5111,89122,26481,7741,504078,651978
5019,4426,92587,62203,6389,259689,448868
8630,7204,96959,28315,7167,202742,366498
5130,4703,88165,29000,8426,179334,328331
5630,4814,90093,33704,9055,259850,417738
4945,4722,89113,62963,6444,207237,389257
5500,4815,210522,29574,8277,272476,545386
4408,4425,262598,61851,6222,236363,591515
9315,7352,69470,35630,9907,294305,443108
4852,4611,90936,37944,6148,428710,587256
5352,4982,90270,32204,9666,205413,365368
9427,7852,596121,40055,6667,259411,936588
5315,4685,67571,97222,7333,209317,405942
5130,4945,95109,29018,8278,276055,460275
5334,4851,111852,49111,6648,211776,404016
5222,4760,311426,29130,7592,237570,609274
5297,4759,281207,25222,7333,236420,575682
9038,6851,63376,34741,9389,321936,484331
5149,4851,87286,24648,6166,259750,405979
9259,7371,91546,64685,6611,203045,432497
7315,5907,93308,27574,8037,204135,361238
5223,5111,96198,96666,7259,208078,469405
6038,5167,93385,24629,7000,207243,358332
5574,4778,138238,63241,6463,214463,483126
5926,5204,297758,32611,7870,234795,598219
5167,4833,66780,25333,6815,274237,400442
5316,5277,89578,41722,7130,418937,615960
6019,5241,91746,39704,9370,208030,374591
5259,4500,92897,63240,6370,205732,392016
5112,4889,72472,26944,7463,191063,357757
6223,5148,101122,24944,7278,180191,338998
5167,4963,90253,61944,6500,200541,419238
43593,4222,136792,25574,6778,215187,446645
5112,4796,379330,30944,8296,328851,782088
6167,5074,89963,25426,7277,320628,471590
5056,5037,90983,24611,6759,415311,595571
5852,5019,87300,27055,8130,179328,327350
5482,4852,86413,63852,7407,206974,424702
5963,5334,84303,27482,6314,235287,379572
4631,4462,89102,65741,6333,177748,361869
5797,5148,104566,35204,10055,312839,497645
5612,5185,239716,27333,7500,204689,504053
5445,5425,284051,34611,9352,206983,560126
5019,4815,65238,24204,6815,275481,415664
5945,5463,87444,64000,6629,404275,591681
9834,7351,91595,26926,6925,177608,334202
5445,4963,1656810,24685,6741,238901,1954007
7556,5963,89079,64148,5092,235438,456941
6075,5166,91619,31389,8685,199954,357091
5316,4759,70583,38389,6333,260526,422350
5889,4963,262732,36815,9981,202673,537700
5019,4741,368826,29185,8260,303744,745255
8501,6815,81477,41741,6555,370279,531423
5853,5092,92943,25907,8129,205927,391331
6112,5241,92370,34259,9870,200480,363091
5038,4796,96687,28555,7389,185089,375368
6130,5130,91337,31629,8870,292661,450794
4537,4537,92635,62111,6630,200159,384923
6315,5167,160859,27629,8111,202677,424572
4593,4648,329823,50073,6426,299155,719440
6223,5278,92825,33445,9092,292450,456331
5204,4889,92457,30407,8630,426188,584682
9574,7500,93811,25111,7556,207206,364776
6130,4981,88072,28926,8945,177574,361516
6593,5407,89222,34241,8074,231720,390183
5130,4685,96298,52796,6685,278385,469349
6037,5371,102947,26945,7444,289309,453182
5334,5000,355837,38630,5333,231752,682996
5815,5297,340246,36222,9500,195825,607386
5927,4926,65212,40056,6277,259860,418183
5778,5037,91270,34852,10018,465467,627237
4741,4797,93753,48852,6426,202059,375739
9334,7444,92848,34815,8888,207077,397127
6149,5389,115535,59833,7296,201556,412702
9611,6982,89074,34666,9352,208276,373701
6019,5555,129983,60870,6389,202256,429182
8908,7074,267058,29814,7889,238032,609181
6075,5648,752687,33185,9833,459677,1283234
4705,4722,88951,44574,6259,415583,612719
5648,5093,92750,38610,8612,204359,369627
4815,4593,90381,47944,6463,203858,374275
8852,7000,100975,35704,9130,203763,379516
6482,5407,95700,28852,8407,229169,422461
6278,5296,91609,29945,8796,258537,415257
5223,5055,1059532,34444,9056,208220,1335418
5426,4907,367093,24519,7111,229292,686310
6463,5315,62208,28777,8185,325791,454831
5204,4963,89524,33666,8704,441510,631515
5834,5056,86766,64648,6889,207250,390443
5964,5092,131268,27981,7000,259249,475183
5834,4926,80603,33870,9834,183487,333554
5556,4815,93938,49445,6555,193393,401794
5871,5056,99866,35704,9148,250317,420091
5371,5092,480904,61759,6481,200945,811551
5797,5093,282443,34555,8871,215702,566627
6167,4982,67094,28352,8166,363607,506534
5482,4852,93689,31629,7500,252958,432702
6093,5111,91024,28536,7926,215493,368961
5037,4926,73378,33925,9778,207491,382701
5852,5093,115027,24796,6778,228822,400553
5445,4814,93233,28185,7778,225988,379646
4945,4593,127272,35462,9445,290892,497812
5853,5018,258977,28074,7407,233095,553071
5019,4648,63832,25018,6833,276667,398480
5667,5037,84093,50703,6945,456812,656756
6000,5111,90816,39852,8778,210922,376238
5371,4704,87003,29537,8148,223217,372683
4816,4611,96949,35185,8889,205290,403609
5723,5130,91951,26259,7426,180677,332091
4797,4666,90787,65907,6759,206249,393238
5722,4963,359065,36593,8203,232451,670588
5889,5241,346734,25648,6981,244504,648570
4889,4889,85255,34093,8907,332095,498756
5648,5111,93424,46240,6815,494462,666848
4889,4796,85111,26592,8037,206407,353035
9797,7481,81020,49704,6259,204034,408072
5630,5518,73356,56536,7093,207717,370683
4778,4685,93505,35278,9352,188789,384109
5945,5370,97137,60740,6185,259843,452942
8963,6907,327212,27629,7889,416118,843217
5556,5018,278325,33148,8944,245210,592311
8574,6537,57920,29185,8037,272745,400201
5149,5037,87884,25278,6704,261502,428331
5816,5074,85201,26796,7519,206686,352072
4797,4796,41129,27778,8204,194776,295683
6908,5297,98482,34019,7981,234460,437554
6056,5352,94558,64944,6760,225550,417738
5500,4667,130190,36241,9018,270011,492719
5833,5093,272210,28259,8148,224454,558330
5019,4834,434507,34574,9425,312785,840810
5704,4852,84251,26926,8241,437283,614978
5982,5259,85735,24870,7556,183078,326294
5297,4722,69644,66555,6926,213910,380738
5001,4666,106757,25407,6982,215297,412239
6445,5259,135777,62444,6204,227425,459423
5390,5037,89371,25463,7148,210423,390516
5945,5500,177799,61148,6296,210477,481331
5482,5093,329115,25222,6852,210696,598312
9704,7296,87711,24574,6648,319861,472941
5611,4704,86435,46629,6482,387062,553941
9148,6982,89436,35278,9500,205117,403090
6130,5500,80623,25149,6537,184374,324702
8352,6611,102237,23314,6056,214502,375386
6668,5648,94849,64074,6815,191148,406424
6667,5445,242887,48222,6148,188221,513645
6963,6000,259001,27629,7556,216089,537904
6389,5296,282465,61870,6389,232014,646792
6538,5389,62097,30167,8593,269400,400887
6112,5814,91378,40944,9611,327139,569626
6204,5463,93268,63036,6593,208304,400090
9723,7500,44992,27000,8148,194099,306332
5370,4945,90420,26000,6333,246985,431738
7204,5611,88644,48222,6314,263058,491330
5445,5093,127701,34963,9277,215612,447461
6371,5481,237888,26759,7296,255462,554756
5315,4963,61872,34444,9241,265404,399887
9260,7425,76541,42073,6889,412994,572126
6667,5297,86782,38000,8500,204549,368443
9519,7444,88729,26685,7500,182399,372831
7074,6130,86194,33703,8963,213620,370627
6760,5537,98195,64537,4778,236358,468349
6815,5926,95549,34241,9018,209097,377720
5593,5185,158700,30703,9074,212280,437442
6148,5185,290052,61482,6407,203426,621292
6297,5518,91222,28537,7944,341832,512238
5760,5129,91798,26741,8333,372366,559867
6426,5296,87985,27481,7834,210828,361720
6148,5185,87524,62407,6852,209789,393071
6037,5500,88507,26333,7908,284917,457201
6501,5389,93453,53647,6186,182508,363165
5186,5018,101714,27037,7648,317451,508553
6352,5426,224734,26778,7444,189931,509701
6759,5667,282365,37037,10111,306798,664440
5797,5351,61683,62593,6592,348889,545034
6427,5352,84740,50370,9389,488275,660108
6019,5333,93909,48222,6741,204756,414109
6427,5500,36040,29278,8222,197569,298240
5964,5222,98134,34500,10018,189735,395553
6519,5407,484042,29796,8315,338398,891587
5390,5278,124045,32333,8833,220823,445627
6093,5426,236417,29500,8315,217432,519071
4908,4944,60513,27537,8129,275004,399757
6667,5482,81755,53092,6296,445131,647348
6631,5240,89239,63555,6537,270815,459961
5464,5074,91629,28870,8370,213943,367831
5816,5203,72946,61204,6425,209127,410109
6575,5555,96448,28314,7926,213366,373591
5501,5037,92005,36555,9278,216882,416165
6538,5407,153025,27500,8037,270454,486757
5556,5445,245822,32815,9000,211675,526405
4908,4871,94603,30333,8037,340542,554979
6019,5260,83975,39333,6759,354967,545701
6871,5889,91421,35741,9314,206947,372072
5352,5074,89961,61518,6444,204205,424738
6630,5574,73481,28129,9130,192906,331665
4964,5111,86279,49129,6944,179257,346128
6093,5352,91503,36481,9370,207421,405590
6611,5333,260319,28778,7796,198697,522534
5575,4777,277339,36537,9074,207621,592293
6316,5314,60935,68185,6778,287674,455257
5426,5167,87529,30481,8685,410895,598071
6426,5519,84456,62371,6333,210523,390775
6186,5500,993305,27704,8185,261021,1351400
6223,5389,88108,53926,6796,205353,381368
5408,5018,91203,67481,6704,215443,406090
5779,5444,133538,27352,7444,209960,439035
6390,5407,349002,25777,7815,207532,617534
5112,4926,61357,36444,9352,264659,399220
5686,5277,83896,38518,6556,397287,587682
6260,5296,91194,29500,8278,311137,468553
5205,4925,92122,62611,6185,211599,397276
5445,5222,65902,36073,9371,213171,384461
6352,5518,589197,27018,7815,332224,1040123
5945,5296,91219,30037,8463,217057,396016
6667,5704,152351,26574,7629,264184,479164
4963,5000,369240,25871,7740,210757,672273
6352,5333,192466,40944,6907,263421,534348
5945,5407,93986,27278,7537,413363,570922
10594,8333,90136,61703,20352,267862,477998
6056,5093,90656,29185,7815,214471,401868
6704,5426,65270,33518,9333,213359,352794
9278,7037,88160,27797,9555,189264,346072
6815,5537,98903,28111,7519,232410,395831
5167,5111,231349,63296,6574,210426,539830
9222,7241,275535,30537,8259,250481,596867
5648,5074,529184,27463,7630,183552,773662
6315,5297,86595,26093,6370,269828,419979
9741,7389,88671,25519,7204,184993,372813
7019,5814,39952,24314,7148,202677,304998
9741,7370,86046,52389,6481,211175,388998
5815,5241,91732,49704,7129,231118,408868
10704,7389,125327,27833,8000,208968,403090
7334,5445,282346,48870,6685,188948,555201
5389,4796,299700,38259,6167,300296,725755
5890,5111,79721,28722,7722,420758,565145
10315,7778,83168,27463,7444,354885,535553
6037,5149,914683,35889,8907,537179,1527769
9648,7982,66357,64407,7111,204216,376368
5352,5037,96692,34314,7760,236158,403090
9426,7371,84989,49111,6371,207397,414831
7334,5852,149306,28111,8278,282339,499479
10241,7556,349677,33259,9556,268041,693811
5427,5240,61200,38814,6278,267040,418164
6463,5796,84794,29926,7944,391259,541774
5130,5111,82814,26870,7315,229721,375942
9834,7482,84463,27371,8074,227052,414479
6278,5500,65244,35185,8018,198792,337146
9871,7167,85134,25444,7667,230160,381980
4908,4944,89359,26500,7259,312991,498182
6112,5462,249193,35667,8870,182916,503553
5297,5185,408120,29481,8407,324525,823310
9834,7759,58883,33889,8370,312282,465387
6260,5703,85847,29852,6982,309557,465145
10149,7407,87034,34796,10111,210668,376683
5093,4870,78944,66962,7074,214425,425701
6352,5834,89797,34148,9074,184553,347406
9538,7167,83854,27185,7759,192385,343110
7519,5944,120190,34388,8889,230179,458664
6593,5667,300505,29852,7852,324954,691237
5482,5093,799708,40593,6685,294933,1183531
6038,5463,79084,36592,9426,475172,628589
5685,5463,83364,29537,7648,217764,386849
6408,5462,91885,63240,6519,210836,400368
5982,5000,58423,29055,7704,195760,351627
6075,5592,87240,27148,8889,218795,369276
5538,5018,86075,48796,7111,208072,375628
6426,5426,155410,29018,7519,316865,546478
6537,5482,362818,27129,7871,206753,631589
5408,5092,65748,44240,6574,287492,450423
6186,5499,90287,36147,9149,442562,605774
5705,5037,1311800,27981,7815,544541,1938878
6038,5518,342715,48055,6333,308671,736940
5075,4815,68384,29722,7130,238947,369128
6816,5833,91423,56055,6426,282779,476664
7019,6037,88555,34740,9074,247851,408424
5315,5037,258889,28592,9759,182090,504997
5242,5018,409853,52203,6760,206125,736848
6482,5592,59412,28593,8389,284660,411868
5408,4926,86765,66019,6555,451972,657200
6204,5389,91619,36278,9278,209730,374016
5001,4796,40122,62092,6370,210877,344147
6408,5648,86901,80832,6426,211561,449275
6871,5315,92865,29407,8463,181281,339424
5630,5037,127960,47741,6463,211130,419368
5019,5148,2557727,37148,9703,209572,2874317
6371,4703,59927,28056,8277,278498,405553
4797,4888,79336,40630,6352,379716,530497
5815,5278,90764,26981,7352,333715,501238
6556,5463,87284,34388,9130,213325,371164
5630,5111,87138,26185,7685,186157,333202
5426,5130,87584,39074,6241,209247,367294
5389,4963,95197,28296,7296,254135,412942
10278,7963,145273,28740,8297,245558,461960
5315,5111,333978,50555,6278,770572,1225808
7389,5870,60518,35759,8833,285944,423145
9001,7425,89594,42018,6611,372460,543164
10593,7648,84410,35426,8944,210922,407109
6557,5555,79394,27666,7722,182772,327795
10630,7333,67415,32962,10093,207140,352165
5981,5741,85527,30093,8666,216268,371201
9222,7037,88659,65240,6741,218562,441812
6593,5556,180123,34388,8500,212097,462683
5296,4760,326179,30389,8185,205373,629440
6149,5815,59812,28000,7481,353093,480460
4945,5000,88832,40111,9667,300350,468608
9649,7667,70019,63074,6574,214275,419850
6593,6593,59540,29629,8723,208976,336924
5667,5500,88375,34352,8056,230011,424905
6519,5704,84655,67999,6685,252917,442571
9278,7334,112916,27722,8352,319470,530349
7574,6204,313917,54703,7056,209413,616681
9574,7259,329327,63944,6537,431540,866735
5482,5019,77514,26907,7704,503130,640774
5908,5000,87776,37277,8500,209630,369313
6297,5093,85425,25019,7666,187832,335424
10853,7926,82983,34018,8963,211367,406535
7371,5815,95133,54241,7000,212050,396572
9352,7482,90764,66648,6648,201734,418071
6445,5351,147045,34444,8796,215584,434719
9371,7426,355323,29203,9093,279322,704070
6297,5889,85807,47537,6333,335228,518534
6371,5407,86773,31036,8482,382058,535701
5574,5185,83700,34222,8982,213576,399979
6223,5444,81702,61685,6444,214204,391239
5352,4908,67518,28611,8019,198720,329831
9982,7426,89391,33537,8629,279885,443071
4964,4926,95318,47778,6537,237791,449165
6537,5686,279949,35537,7740,239696,592422
10019,7315,283914,65277,6333,210750,635681
6686,5592,56288,30611,8444,337710,464053
5352,5130,81604,30796,7185,330264,489608
6333,5482,86661,26333,7852,187115,335183
5038,4833,67571,31814,7945,194353,347998
6316,5351,72647,24296,10445,214481,348943
5019,4926,83815,36667,9703,210035,400127
6370,5630,114595,64648,7092,285255,499126
5001,5037,207189,30000,8463,216382,489701
10685,7704,52877,26703,8019,282492,405794
4778,5056,83008,26296,7352,371285,522756
6464,5537,86862,27796,7703,194896,346258
4556,4630,79827,25666,7815,187246,325276
9648,7630,36421,34500,9518,212004,324942
4426,4815,91960,65926,7425,212483,424738
6278,5630,90536,27259,7351,267814,422405
10186,7611,142593,35759,11370,213165,457979
6371,5407,362613,67925,5611,238107,702848
4871,4740,62116,26667,7518,317030,442553
9222,7500,88488,30611,8111,512027,671940
8908,7129,84379,35537,9055,215416,409738
6982,6000,85862,63296,6963,215414,401905
9760,7555,71346,35851,9000,213746,363590
5926,5389,82977,27611,7963,189392,335627
10093,7648,93850,27462,7612,268685,468479
6649,5593,225739,24852,7166,189777,476812
5056,4871,273444,27259,7760,324163,658052
6056,5871,54521,36278,9481,270680,418276
6889,5686,79190,34148,11000,463029,617422
5056,5204,82932,25037,7723,189362,330628
5741,5093,59083,33981,8926,220527,348480
5111,4870,91085,65518,5482,240524,453312
6612,5555,86883,34111,8407,187838,347294
10427,7685,112495,25500,7945,190706,369387
5630,5260,250756,29611,7981,221741,571330
6501,5555,55241,33944,9130,271072,400128
4779,4685,75409,26407,7092,263571,402220
9501,7870,81077,26537,8148,356161,506553
5816,5222,86005,27074,7259,225419,374702
9297,6926,66507,82796,7722,217306,437535
7167,5722,92380,50648,6203,206508,384405
5019,4630,84289,31703,8741,250432,399387
5464,5166,152753,56426,7556,209429,452183
5038,4889,296513,29722,7408,208094,602497
7056,5667,59702,29592,8111,293037,421775
5093,5000,91186,53573,6056,492460,703626
6463,5500,88317,28370,7352,210256,361572
4500,4574,36430,26870,6945,209809,304276
5186,4926,62413,32777,6612,194678,356239
6501,5666,89193,58185,5889,183713,366831
9945,7611,92380,28740,7352,265544,427257
5723,5148,220696,30481,8056,218302,537590
6612,5704,387159,86574,6222,209430,717515
6038,5167,57811,27185,7352,379686,560442
10019,7407,87740,29536,7186,352276,510164
5111,4778,78426,81926,6000,216405,407664
5408,5130,69168,52204,6852,217051,371072
4649,4722,77893,53315,6370,214753,378257
9945,7630,82506,65036,6982,188696,397035
6964,5704,121155,36889,9593,254508,451739
5260,5056,526711,28129,7408,188025,797477
6260,5277,676379,37334,8462,211653,960531
5426,4963,74347,44685,6407,417558,603515
6352,5556,85219,28870,6185,270224,420072
4945,4778,83443,28092,8185,225370,372442
9908,7722,84057,26833,7555,198257,350758
4797,4741,85169,66833,8000,215366,427609
6389,5537,86727,64055,6704,1034619,1222715
9223,7444,143765,26759,7278,227455,472312
6038,5463,325285,24481,6722,192546,578071
9667,7518,77807,25777,7445,363209,508885
6056,5204,82586,25666,7333,407263,548737
5056,5000,80366,33499,9426,216466,399479
6926,5778,77368,62888,6778,218482,396887
9982,7629,70666,35537,9815,215518,384979
6056,5481,86353,28481,7797,189127,340553
9464,7222,88855,25259,8296,290865,445720
5704,4889,217541,26370,7371,252808,565034
6278,5426,270710,24685,7203,270806,600423
4667,4778,280859,63740,6760,349914,744366
6704,5389,83306,38241,7574,305950,466052
5075,4907,85216,26500,6759,223430,401090
6167,6556,77421,35260,8796,215595,364443
4870,4834,65275,52944,6797,213204,363090
4427,4740,83481,33500,8556,190665,375276
6556,5630,115446,25944,7518,251608,429331
8926,7241,201484,25833,7037,258884,526645
9908,7462,371763,34352,8815,363603,814532
5945,5370,68581,24204,6888,274584,403405
5352,4834,275211,68222,7148,283822,662533
5834,5352,86584,26519,6703,188470,334609
5000,5000,60328,40962,8593,214874,349146
5778,5463,83811,83759,6666,210688,413460
9334,7426,80942,65759,6796,212834,398498
4871,5056,150518,27685,7166,195092,409535
10019,7204,358130,33888,9334,204052,637385
6686,5518,58319,25777,6704,351457,472590
5112,4833,83080,34925,9463,439140,591904
6019,5278,80915,25666,7074,233028,372609
4796,4889,97194,30019,8185,220619,380497
5427,5129,67437,34852,7870,242765,380739
10315,7852,83328,60685,7111,254559,438720
5797,5352,221996,35425,8889,211521,504016
5075,5296,181572,25537,7314,208760,447849
5704,5241,286425,28148,8166,250554,602015
9260,7556,56835,35278,9240,297274,433553
5130,4944,87708,29648,6407,332401,510238
6111,5519,86320,35037,9407,213252,370849
4815,4760,42007,43074,7074,216528,368535
7593,6092,73566,26962,6611,248304,383905
6167,5426,88012,25759,7944,189691,339369
5186,5203,124624,27260,7351,295429,504460
6612,5685,208978,34611,11000,323019,633608
6296,5408,313979,24907,7796,464776,839254
5427,4944,69371,30185,8000,270090,422572
6537,5574,84799,27296,22574,294773,459219
5426,4871,84152,24907,7297,235864,412479
6130,5444,82228,25945,7277,215974,357997
6630,5426,91193,24574,6666,233176,382683
5056,5037,86992,34592,9593,225025,380720
5686,5222,139382,25407,7685,279968,480775
10167,7667,282735,33203,9333,190652,583515
6778,5463,81404,24648,7037,412278,556886
5037,4760,707680,33593,9148,216999,1026716
6130,5389,85186,27574,7796,196071,342942
5908,4907,73318,24370,6963,193236,357016
6019,5871,66912,42240,6167,215901,357980
6926,5926,81933,34518,9759,215103,370424
5297,5019,81878,25574,6649,263952,439442
6426,5889,278935,32518,8630,197229,544941
4686,4685,394973,79055,6426,219264,748848
6574,5667,60792,33240,9334,324131,482904
6741,5555,83127,28426,6315,343500,491015
5648,4852,84611,26759,6981,234666,378201
7667,5111,80002,26444,7759,225793,402720
6501,5722,89910,54333,6204,214569,392239
5890,5462,77598,34833,9463,340696,504219
6241,5352,114951,69129,7537,215899,434146
5852,5481,256008,36481,9204,194193,523034
4871,4611,341269,24722,7129,340450,780422
6556,5666,64717,33536,9186,267189,404997
6074,5463,81959,27944,14723,344816,500590
8815,7556,76497,36685,10019,212482,367961
9074,7185,59463,26574,7555,204407,363627
6796,5686,86297,25815,6204,253663,399868
6148,5649,83984,65389,7667,213957,433442
6686,5592,146376,36296,9185,290215,509534
5871,5167,715670,25352,7333,462045,1240123
9686,7889,59842,27704,7722,341822,496831
6723,5704,79807,25944,7260,359653,515016
6963,5778,87976,24537,6648,236041,383757
5759,5315,77608,26833,7314,225947,398164
6130,5481,66517,33592,8222,217464,352664
4871,4611,83315,26833,7407,226573,368998
6593,5889,86964,35111,9019,243811,402331
4944,5019,252725,67055,7426,192772,579144
6352,5463,301653,26018,7019,225900,587608
6037,5389,61730,28352,7518,358249,497626
6130,5222,80473,36685,7889,299821,454146
5426,5222,80641,26389,7278,235153,375016
5056,4759,59828,25630,7426,228633,346035
5408,5055,246718,26760,7574,360167,681329
6260,5518,85369,25333,7648,227926,373702
5019,5093,114407,35833,9371,223516,430220
6205,5518,226076,68462,7148,211200,540034
4779,4666,704409,28203,6926,501937,1268086
9630,7222,61988,24925,6815,272529,400646
6685,5630,86341,24204,6777,193676,337720
5389,5056,77028,33222,8833,220155,400109
7204,5741,75196,30130,7926,222153,363553
6112,5463,513641,65370,7074,278484,894717
4852,4741,79478,36722,9704,213075,362924
5204,5222,140888,65240,6481,213815,490293
7149,5741,271018,35111,8944,214164,557053
5575,5333,59003,27555,7704,299310,422516
4500,4649,84097,33036,9223,479122,664329
6834,5574,80413,25852,7093,190010,331109
4742,4555,72045,25204,6759,192787,357202
6464,5389,66621,32648,7963,237784,371646
5759,5445,83456,51037,6666,256505,423867
4870,4667,84051,35407,8741,216151,404590
6500,5500,1434194,32148,7037,432703,1934137
5501,5055,269276,54037,7166,217444,609608
6186,5592,53779,37685,9315,279034,409720
6038,5407,78281,59407,6907,462976,669015
6259,5556,86819,31019,8092,218790,371886
5222,4574,84674,26222,8129,189751,333294
5704,5240,109490,24296,6223,192730,392682
6611,5704,76862,64093,6814,208488,383998
5741,5426,115494,49981,6333,265227,466145
10574,7556,240494,29445,7740,248558,560515
4982,4593,358755,25982,7222,410462,842940
6779,5759,69925,23482,6648,278831,410294
6667,5981,76817,50370,5259,323256,486460
4963,4833,84115,37333,10018,219458,375368
5686,5259,922020,29222,8222,222937,1209549
4778,4704,105099,24611,6556,193806,377072
6612,5666,78046,35222,9426,215990,366035
5870,5593,142936,50667,7000,294579,531923
6371,5537,319401,31592,8685,210782,597164
5944,5204,87033,50796,6556,342260,515941
5111,4834,77423,26260,7444,365351,535774
6315,5796,83630,34888,8852,214943,369460
4778,5037,55057,27278,7204,227755,375868
6778,5574,96374,32611,8944,218791,384923
4815,4797,81005,68166,6500,195993,410535
6111,5611,78693,35500,8926,308768,458886
4371,4592,277656,31982,8444,211137,552589
6482,5722,83066,50334,6444,470430,641255
4371,4444,272568,29815,7888,304707,676218
6352,5426,75275,27722,6703,267687,407424
6297,5592,84313,28537,7352,188870,335831
4556,4481,43908,64463,6685,214461,352979
5611,5130,102483,36685,8185,241589,451275
6723,5426,83633,53556,6851,254513,425942
5593,5074,113043,28148,8129,230567,405053
4982,4908,255118,48740,6519,240694,600201
6297,5500,327805,35277,8908,338987,742644
10501,8037,60937,37741,6407,272561,413924
6167,5407,83310,35926,8777,214467,372942
9297,7296,76182,29241,8037,214687,360406
5575,5129,82832,26852,8241,215295,362905
9222,6963,109649,55666,6500,216535,420349
5130,4908,77187,24148,7222,239348,372572
6057,5629,146560,62333,6388,255513,500479
9574,7686,293357,25388,6685,218826,576071
5722,5463,77508,50037,6685,315805,479330
4982,5315,78602,37408,11166,462024,617645
9556,7315,77753,51851,6556,322985,491794
4890,4629,79125,29093,8074,222077,362684
6501,6129,117497,70333,6278,221020,442257
4871,4574,83684,30963,7759,211796,358035
5371,5296,79167,49852,6741,214331,412720
7408,5945,323223,56333,6686,212421,630904
9426,7741,249504,32870,9537,255400,615941
6038,5629,52137,26796,8018,370713,488905
9908,7333,76787,63259,6462,434082,614330
6222,5667,83029,29074,8259,213525,360775
4760,5037,31364,33370,9519,216171,317091
9501,7592,115755,26296,8148,191911,396665
6686,5778,81219,33074,8889,195020,345887
6315,5518,118425,65074,6630,217387,470608
6316,5481,262482,30518,8408,194793,525071
9389,7519,651259,52426,5370,318883,1063160
5074,4963,70838,46037,6352,507307,658681
9574,7593,81877,29093,6537,301602,454849
4871,4815,80583,35703,9815,214693,399868
6834,5648,58603,61944,6352,218358,373961
4538,4666,80865,33222,7851,235449,385368
9315,7130,77533,29907,8778,258132,442053
6501,5722,138164,33889,9315,263722,473072
4501,5000,356628,52536,6704,219721,694941
6353,5463,1987158,42407,5056,248032,2309820
7093,5963,1638199,29000,8056,294086,2002026
9482,7944,2046829,62389,6462,214788,2362616
4963,4741,1026465,35333,8686,428230,1526343
8185,7093,1995592,63277,6296,342839,2498930
6778,4797,2019741,28056,7833,376559,2465356
8852,7111,1310062,34297,8870,290169,1677990
5334,5000,2069689,40741,6444,475870,2618688
6334,5741,2228172,35555,9371,413757,2716744
8630,7314,2293045,63888,6241,279904,2676706
5741,4889,2405452,44537,7334,473900,2960075
8278,6834,1537533,34389,9759,347993,1997989
6945,5870,2578882,27889,7259,338231,2986242
7612,6796,1678963,28425,7667,233434,1978008
5333,4871,2070054,27186,7740,404320,2552559
6427,5018,1976743,35870,8870,222486,2270673
7056,5926,2032503,26018,7352,198447,2328820
6297,5611,314736,24352,7000,443426,820885
5575,5148,64832,42277,6963,474277,635256
6131,5722,80315,36648,8759,216276,368832
6352,5686,78798,29407,8056,188774,332350
4889,4648,91523,63166,6704,220772,429830
6445,5722,80877,34388,9130,316566,496646
6075,5518,86230,48463,6778,242953,412035
4593,4519,151954,35685,8926,215247,471627
6815,5741,278473,30037,8186,188431,532978
6371,5852,80310,30240,8037,362336,510830
4630,4500,76868,25685,7648,359722,520201
5945,5389,78684,25703,7334,194870,332720
4760,4370,77575,25833,7185,193609,363850
6593,6056,58428,38389,9648,219755,354165
5852,5111,83338,51851,6649,293456,472127
6722,5852,82692,34203,9204,281232,468441
5871,5611,226878,25537,8000,219156,505460
5093,4648,280657,48296,6408,261636,657663
6519,5611,80346,30444,7926,339615,488757
4593,4907,87403,31241,7944,327336,515386
6130,5426,78183,26148,7981,229242,368461
6519,6759,75832,34778,9778,218054,366609
4463,4630,62390,65740,5260,244274,401201
5705,5222,86595,27537,7630,215921,398294
6982,5611,107320,28703,7815,335141,535868
5722,5297,185987,25056,7555,237362,516367
6056,5093,451599,26148,7296,373507,914254
5796,5204,70140,24426,7000,271006,419219
6427,5796,75494,63611,6333,280893,457998
10500,7871,76144,27685,7203,191947,336498
5556,5093,61757,25963,6981,206760,361239
6631,5666,81926,39296,6500,215832,371480
6482,5833,81242,35611,9259,234349,388516
8167,6926,128929,32019,8777,249736,449312
6037,5426,277301,64092,6278,192178,588830
6908,5852,52303,28186,7555,310750,430479
6926,5963,77584,32907,8963,472172,622681
10222,8074,77882,63648,6518,304302,522737
6463,5519,79902,30611,8129,221985,371720
8593,7092,59849,69092,4963,228816,394220
6759,5722,76666,28814,8741,188407,333924
9556,7574,77852,29926,7870,226035,408387
6593,5351,227095,34648,9537,218921,517756
5667,5352,280207,62907,6926,211013,623478
6889,5500,81599,34685,8851,350010,507293
8889,7296,78008,28833,6778,402397,562793
6074,5407,76677,34111,9333,220303,371034
9760,7333,33198,62388,6259,222616,356961
6370,5556,77588,52555,6445,219521,386497
9667,7463,330107,41592,4963,240668,650718
5111,4797,109313,36315,9167,244313,461238
6649,5703,240704,26944,7686,237256,540200
4704,5056,345020,33444,10204,439512,857884
9353,7333,56209,39759,6500,269419,424516
6204,5574,81100,48722,6166,278806,447090
10370,7593,75749,29889,8315,214638,361757
7574,5870,42530,34352,9537,219339,336738
10278,7185,79587,62944,4926,216171,430812
6519,5407,77496,34444,9334,219835,370960
9427,6944,125498,28444,7926,255074,449035
6316,5407,302091,62426,6333,328016,736366
6741,5760,75613,26796,7315,341421,506997
5871,5278,80652,34481,9204,469771,654997
6371,5407,74321,62407,5278,301510,474794
9481,7760,80137,35611,9426,216861,374757
5981,5204,81269,26037,7481,197008,342331
9056,7019,78530,29333,8944,223894,371535
6945,5537,78643,24851,7537,206985,367498
6963,5593,258644,35555,9315,330260,661404
5501,5277,454682,64055,6815,343999,924069
6408,5481,55816,35518,9093,301441,432423
9982,7741,74187,28463,8037,459458,603756
5575,5278,71541,34722,10185,220161,364943
8908,6963,77062,66148,6741,226214,434905
7093,5667,59415,51815,6537,214860,364776
8926,7111,83103,32259,8870,231396,387479
6537,5537,103290,64685,6574,286819,498127
6741,5630,211994,35778,9167,242984,527978
5427,5203,649606,31167,8759,189074,908125
9815,7167,54407,40833,6444,271110,408294
6001,5240,83317,29777,18167,344385,539182
6834,5759,82003,46445,6499,219810,382442
6075,5778,86431,36722,10166,220530,416942
6481,5426,195785,37129,6185,286584,556552
5501,5129,77213,34333,8815,219674,400350
6593,5370,126900,27722,8259,247209,437182
4908,4703,292031,28870,8092,226597,616644
6464,5537,56385,32833,8907,306594,435201
6167,5815,82943,27296,7389,361684,509608
4685,4686,74352,49573,6963,216758,407479
6667,5723,80594,26796,7334,220811,362887
6130,5444,62338,64573,6408,220457,415423
6167,5315,83061,35278,10351,214715,370312
5334,5333,534580,61740,6371,424211,1052957
5482,5018,230880,63499,6315,195248,520849
5908,5315,293510,61019,6092,232190,654867
6686,5426,72995,31296,8352,331984,474701
5593,4852,84405,27777,7704,424111,569812
5556,5203,72314,61963,6407,223185,427312
6963,5630,76723,30241,8555,214720,361553
10870,8223,67743,34315,9352,193495,361109
6482,5389,80208,28315,7518,213364,356627
5112,5130,110413,35667,9018,327547,518034
6279,5444,241767,63555,6797,302711,641219
5242,4870,702970,33870,8556,462764,1236716
8908,7204,53827,28481,8260,280207,404627
4741,4704,99570,69296,5037,367650,604145
6389,5463,78590,29278,7685,218482,363276
9056,7074,66944,33797,10444,217147,393961
6074,5408,77501,51630,6296,214737,378886
9167,7408,79448,32833,9092,222366,375424
7074,5741,127005,50037,6630,226196,473571
6333,5704,245858,29260,8333,215435,526848
6056,5278,50695,39833,6592,282211,409553
9278,7389,78233,28296,7926,478319,624237
5964,5185,72976,25037,7037,196633,331924
8964,6481,75960,24851,7019,224390,399535
7093,5907,584589,26666,7889,496128,1149530
10334,7481,71889,34963,9259,337516,543200
5723,5203,79669,62648,6408,222181,433924
6612,5963,286706,34463,7648,236920,593997
5704,5055,303450,63981,6296,293973,695921
10389,7556,79378,28796,8037,353767,506182
6075,5352,77361,32445,8777,424432,571108
10186,7574,77549,28370,7593,229504,376720
7222,5593,82199,35203,9519,220614,375368
5223,5074,61867,39908,5240,233186,405257
8519,6574,987069,28333,7944,336461,1417214
6464,5518,104612,34130,9278,302385,488053
6501,5426,199687,28778,7703,262736,526849
4927,4759,585002,34315,8833,223197,913439
6556,5500,443690,28426,7796,212139,719181
6112,5963,76046,35611,9277,227953,376220
4908,4907,77344,62241,6629,224617,419498
6204,5537,85272,35333,8907,218838,376387
4797,4740,77237,26889,7500,347909,520571
6760,5352,80331,33370,8685,205352,354868
6352,5815,129981,28685,7981,291906,485849
4556,4574,256612,26852,7778,194367,546349
7093,5759,49801,25574,7203,361068,476090
4722,4796,569985,24630,7185,198288,860291
6500,5574,73804,26130,7037,195527,329831
4500,4481,66417,25056,7204,198211,320924
4482,4796,61530,32389,7815,201339,363683
6575,5481,78051,35481,9315,351465,530238
6704,5871,79644,49241,6944,243483,406442
4741,4944,182406,34000,9092,221555,506126
7093,5518,290259,27426,8129,238183,591904
4908,5037,51559,33129,10352,315273,439702
9871,7963,82653,38536,6463,422771,594886
6537,5611,73433,47055,6037,220973,375405
6816,5500,968466,36593,10815,509672,1572769
6260,5500,77158,65519,6592,220099,396757
5167,4797,78975,31314,9630,250764,395442
6241,5352,112162,61944,6222,223058,431479
5315,4907,326052,28889,7685,194649,604922
6982,5241,309831,1220679,16426,508792,2087136
4871,4685,86223,67481,12130,395033,621626
6649,5389,76744,30407,7796,313958,480627
6816,5889,74209,35555,12092,219086,368832
4889,4852,80933,85407,8611,253231,462941
6390,5629,102917,29759,7870,217545,386035
5370,5019,74678,51740,7685,223413,416979
6334,5315,136476,27518,8018,219838,418980
5167,5278,368828,61574,7129,223984,717940
6204,5389,670143,25630,7481,222000,952050
4779,5018,77834,40129,7093,459737,609589
6408,5945,75483,35963,11648,224089,374220
4816,4648,47560,26592,7704,233105,361998
6871,5537,58598,45241,6852,226048,364183
4630,4630,83378,25908,8055,221990,400183
6742,5314,77825,49277,7074,219174,380980
6500,5686,321436,59203,7352,216135,630774
4778,4908,365827,24759,7352,217077,639941
5279,5444,55127,39500,6555,817813,963032
6537,5519,77240,37240,9556,417313,568978
5094,4981,79186,27870,8093,238127,379276
6056,5426,48354,35130,8907,222588,344331
10186,7796,79727,66389,5500,282215,481979
6760,5500,73654,34871,9185,221473,370942
9390,6925,100009,26000,7463,223008,387979
6352,5482,338435,24630,7092,242747,675922
6575,5444,402937,33314,9500,336819,837273
5612,5500,57588,39500,7000,370020,514849
6723,5648,77609,47777,6278,281352,445275
9519,7426,74629,46296,6167,220110,415720
6667,5444,74595,26796,7629,222071,362424
8908,6945,106077,34963,8037,240513,420572
6056,5444,72487,48074,6741,221511,378053
9648,7408,131248,33870,9352,220898,427886
5889,5259,358990,33203,8778,224748,687848
7111,5649,78659,27296,8667,327949,473905
4926,4982,72550,33629,9056,466502,641292
6204,5519,71163,65185,6630,312945,485960
4482,4685,72462,27703,7093,195259,326535
6667,5778,99741,42870,6666,221091,397183
4908,4741,80521,27296,7130,222162,361776
5871,5352,76949,48907,6667,220086,415609
7075,5870,318376,35462,9482,202047,593534
4760,5019,795449,26888,6797,317600,1190827
6704,5482,72565,64648,6537,302784,501479
6593,5926,73011,34093,9074,464837,643181
6371,5389,72402,26426,6945,196669,329424
4760,4666,72720,24444,6944,200928,365979
6611,5297,102499,40537,6796,222832,399812
5797,5371,78612,25500,6685,198571,335443
4964,5055,107003,49018,6889,227588,449924
6259,5408,228967,29259,8019,219863,515200
10130,7463,1253389,35223,9592,850283,2185839
6186,5333,59324,29278,7500,273748,418017
6334,5185,69751,67593,6888,295117,494238
5538,5148,73624,26092,7222,223412,390369
6463,5296,77774,67556,6351,220614,403683
10797,7407,78609,25500,5834,224241,367887
5427,5314,72982,29166,8093,266350,404646
10167,7315,129391,35240,9537,222978,430201
6686,5592,376317,38185,5074,240661,719162
7908,6388,55321,25778,6851,288974,412127
9705,7259,75007,34074,9056,411674,562405
5279,4796,81658,62796,6666,307674,511553
6722,5778,72530,27481,7019,223653,358201
5538,5666,85866,42296,6592,222041,382924
4705,4574,73774,35130,8870,285427,430035
10148,7445,72943,62370,6389,216462,426331
7408,5648,300925,34945,7907,242442,618052
8982,7018,278742,25722,7111,225792,569089
6538,5407,77134,33278,9204,361492,511757
4741,4796,78118,29740,7278,273010,433219
6759,5593,76619,33871,9185,223767,370609
5371,4981,49510,25926,7556,234988,377460
6149,5333,86438,58463,7222,223116,402350
4964,4833,71533,34962,9130,224799,365368
6649,5852,96386,25370,7611,262964,423016
9778,7352,215610,28555,8186,231017,517164
4945,4852,300333,33833,9834,498402,870958
5964,5518,53800,26537,7926,284494,401905
4778,4722,74413,65259,7019,500250,670959
5797,5296,75766,34685,9111,220677,370368
10148,7500,55602,24463,7815,226248,347609
4538,4963,73066,34630,8926,223394,367257
9537,7185,71254,24352,7148,201448,336924
5908,5963,141181,49519,6851,218799,444572
5334,5130,355756,35481,9445,205185,634441
8834,6944,51371,26555,7759,288331,426257
7815,6222,75836,34111,9666,511810,661181
6260,5667,68744,50926,6852,329716,487516
10131,8037,73672,36518,9371,219251,373332
5445,4777,102156,42407,6686,222008,398183
6037,5297,78435,26556,7278,223377,365720
10112,7500,77271,47944,7444,221172,388035
4945,4852,211920,30574,8630,226058,501275
6167,5574,314366,62574,6296,199538,646033
7445,6037,48759,46573,6389,345906,482164
10852,7667,74316,27296,7574,414941,557830
5075,4666,83133,48407,6611,220181,382683
7760,5667,67875,29537,8555,220475,357443
9685,7500,96174,35036,8019,244695,415942
5778,5222,77953,49203,6408,302433,466275
9056,7074,96343,25445,7092,269303,429756
5519,5204,214845,27926,7870,232949,511534
9426,7371,270254,24703,6630,238521,572663
5796,5482,52146,35018,9352,274519,400757
5464,5203,71241,63851,6611,275647,469701
5889,5204,72390,26019,7259,224663,356516
5149,4907,49911,41037,6296,224439,346720
5871,5204,81857,24703,8352,222715,367609
9649,7481,70267,34630,9777,224250,372294
4723,4759,131861,64055,6574,233285,464497
9205,6722,226696,26407,7370,224709,551923
7279,6018,73198,30019,8426,344095,490423
9427,7426,74126,38444,6334,515925,666978
6519,5759,75276,24648,6685,227093,395886
6556,5481,75038,62092,6241,225090,395979
5612,5204,88817,25148,6722,230292,380998
9242,7759,76671,30796,9315,226290,374350
5593,5277,70544,23833,6833,213344,374942
6649,5722,322451,23185,5556,202193,581756
5797,5666,314917,62221,6519,401302,830347
6075,5278,46901,25555,6852,401689,522701
5760,5148,70625,62555,6463,487094,654071
5852,5426,69535,24759,8148,226445,359183
9649,7481,22722,70240,6908,223554,376646
6241,5500,85186,24926,6500,227534,371109
5611,5186,76410,63555,6445,198069,405386
6463,5371,101801,38407,10000,228030,406164
5612,5315,191599,28574,8444,248936,505627
9223,6833,698525,32814,8870,285193,1059494
5926,5297,52603,45370,6463,461153,626533
6593,5574,77050,27389,6185,371892,539293
6445,5371,69940,34296,9167,224317,399442
6186,5240,61924,70037,6482,225870,391683
5500,5093,105296,25315,7685,243702,410479
9816,7389,214056,47667,6240,205441,505423
6112,5351,129226,35537,9500,223828,459516
6741,5537,236524,63129,6315,225400,558849
6482,5611,73508,34333,8796,397971,545608
4945,4556,78843,26314,7167,457321,594627
6241,5352,72845,33129,10759,221969,365127
4445,4611,90180,63000,6426,224540,408665
10501,7592,93238,25851,7130,229520,424387
7000,5833,73758,67556,7592,219500,396460
6056,5444,72205,25203,6574,238164,403886
6297,5278,196576,36222,8944,224866,493145
5556,5185,321911,50129,6574,194105,600719
9426,6982,49525,26796,7018,370399,513515
6111,5260,71064,33092,9574,485174,659977
6538,5388,245288,27018,8130,346042,680811
5722,5185,77142,30074,8685,238079,414756
6019,5241,108014,34611,8870,219077,397720
5760,5278,74071,29241,8037,241075,381294
10037,7519,91777,34926,8685,226554,428738
6315,5685,315871,44870,6704,226700,623422
9241,7093,266002,35574,8870,223680,565108
5852,5352,54431,27185,7630,283955,420590
6242,5518,70804,35444,9204,226639,369202
5704,4944,69621,48796,6703,223045,377683
9760,7315,73566,69130,6185,226876,433609
6408,5352,101902,58777,7352,221911,419646
9445,7463,78663,33296,9333,226317,379257
5759,5408,126627,26760,7851,254333,478015
6038,5315,261888,28333,7870,240758,566016
5500,5223,48354,27963,7851,290459,404609
8852,7111,234448,49907,6685,325956,651070
5797,5370,69728,28963,7667,223011,357720
9778,7333,72768,30962,9056,227435,372331
6260,5574,84547,34685,10092,225081,383368
10038,7240,70475,58963,6759,202283,405183
7353,6148,72550,27352,7741,269484,409850
9649,7463,247348,30666,8074,221168,539534
6704,5667,307220,48592,6371,230536,656367
6408,5500,48612,27871,7537,307737,421646
5501,5092,74003,56426,7074,456216,623182
9075,7037,42653,39092,6426,280605,404387
6130,5426,31784,26704,7259,228825,323553
9112,7074,81008,57000,6796,224675,436960
6945,5685,76807,23926,7111,201562,338276
6630,5797,95956,62500,6556,227245,424127
9278,7241,254699,28166,7926,240169,562460
5538,5222,45887,40333,6815,278352,417868
6667,5556,55907,36981,9834,485941,616552
5852,5481,2106288,25685,7222,208199,2377097
8371,6814,98263,42296,6667,399549,614867
6500,5723,70746,37870,9648,421121,571071
8963,7056,63359,56722,7222,227639,385460
5908,5629,71361,33834,8777,244619,422423
6334,5444,255844,65944,6759,224154,579460
5593,5129,214087,26703,7815,278318,554367
9778,7223,45996,38889,6333,280613,423572
6575,5629,71610,36037,9148,475146,622904
9538,7166,74334,48592,7741,291405,480849
5723,5148,73762,35536,9260,222310,370702
9148,7148,96190,30055,8333,235531,401923
6130,5371,77302,34167,8796,227881,378831
9723,7222,72138,52203,6815,254564,419331
4742,4814,195751,25907,8037,244506,521534
7075,5759,335455,33963,9037,325948,732681
4649,4796,782510,46370,6759,494761,1358177
8148,6722,66627,39482,9426,454036,599644
6574,5796,67944,34556,9277,226036,399257
6668,6796,46649,48185,7204,224849,359165
8853,7444,50670,43277,6889,230644,363554
5852,5352,75653,66592,7463,195068,374831
8611,7000,86859,27889,7333,244028,397183
5501,5111,224471,34241,8759,229007,522497
5760,5259,376750,36204,9685,334801,796348
9778,7574,47624,34611,9389,279541,406887
6630,5592,646086,28889,7630,335056,1050345
9426,7796,71776,28037,7648,200223,374942
7445,5852,53315,34185,9222,223480,349832
5908,5204,68687,53407,6352,228737,383257
6426,5741,49800,35130,9037,1136914,1262807
5204,4815,118210,26481,7278,274918,451572
6074,5463,307230,53018,6333,228397,656422
6982,5907,72899,39852,9444,337377,491090
5241,4630,76104,27556,8037,430614,582737
6223,5537,69903,27833,7482,236465,368776
6074,5389,67720,27833,7389,199390,332017
10093,7519,48925,30815,8389,205795,327665
5167,4945,75816,26815,7185,200367,369794
6926,5963,71837,29722,8000,352198,517997
6167,5426,189653,80555,7704,210715,517941
5352,5241,244858,28074,6889,256972,562293
5853,5296,42787,27463,7481,301637,409702
9871,8129,106400,27611,6648,423338,599089
5204,5018,68421,30796,7333,230874,362479
6259,5445,47978,31074,7518,222002,335294
4945,4667,64369,26037,7388,231130,353072
5519,5204,71667,26018,7834,201516,335831
9556,7277,84077,29574,7166,251385,405423
4908,4592,310541,59462,7889,225994,630830
8982,7092,1231889,31037,7834,283027,1620527
6871,6092,49472,26074,7037,293748,407534
6482,5815,73362,29463,7574,197840,369924
6260,5574,62827,26833,7278,201745,329387
9296,7445,25422,62888,8834,204447,367312
6260,5222,70664,50259,8278,221390,380535
9056,7111,76055,30259,7630,230795,376201
5630,4888,123428,34592,9574,245441,438997
6316,5555,325910,45296,6000,240494,644571
5019,4685,46062,35833,9111,309437,427831
5593,5315,69545,28944,7741,976338,1112235
9667,7148,67639,33852,9685,228359,372905
4815,4907,66697,67629,7056,222672,390590
10222,7000,55181,28314,7334,210522,368794
7186,5870,545050,34463,8741,343797,965421
9407,7630,65332,27556,7907,281555,415127
6630,5815,259333,34148,9481,209016,573589
6759,5574,303094,24834,6907,248699,611885
5870,4963,45042,28148,7704,363530,474238
9186,7315,65377,26296,6981,278899,430109
6648,5500,68602,24981,7130,203934,332313
6963,5260,44103,33518,9389,226117,340646
6019,5093,56105,47407,5907,231079,370813
9686,7074,834807,67888,7111,299409,1271808
6315,5389,95220,25259,6704,202870,356479
4982,4982,274536,35425,8963,227943,571386
6001,5333,273668,25500,6777,274145,642534
7537,6074,48356,47222,6704,274660,409349
4927,4981,70025,25907,5518,381325,532182
6926,5482,71341,34055,8741,231287,372498
5334,4574,51398,31334,8000,228303,379275
6705,5481,71123,40426,6833,224172,369943
5723,5352,72421,28314,7482,199022,367128
6168,5685,112608,33740,8648,249650,431442
5279,5092,1432474,47703,8463,273591,1809323
6464,5574,47890,30907,8111,288793,405961
5278,5074,72911,26981,7389,488938,623959
9926,7482,63912,26963,7740,200846,332164
5037,4907,71378,26944,7296,201084,335349
9019,7055,50269,35759,9259,222915,383831
6797,5815,75566,81574,6222,229006,420220
6260,5555,65421,63073,6908,221337,420609
6370,5500,223940,29093,7370,198576,489386
9963,7722,362275,35222,9333,225278,699884
6445,5463,45501,28962,7630,318794,432572
9575,6981,66614,27685,7518,514124,648256
6000,5352,68449,24463,6870,206309,366239
6242,5462,26081,28037,7796,215844,308999
9797,7407,918171,25092,6796,320434,1312845
6279,5444,67010,26055,7574,220915,347832
5668,5463,94826,24222,6963,240875,416443
6575,5407,207976,25889,7333,231522,503497
9945,7407,746457,25370,6945,383369,1223196
6056,5185,52944,25629,7519,284665,417942
6871,5630,63816,24037,6870,205997,328943
5815,5296,65522,26481,7537,202440,331424
9463,7482,25857,24240,6760,219678,308035
6352,5389,67877,53334,6351,225028,383035
9130,7055,67954,23759,7018,205601,335442
6575,5611,124399,65963,7259,226395,487627
6593,5685,966360,37667,9629,308410,1352788
5408,5463,66089,25889,7259,351371,479997
9537,6907,69369,33556,9351,408703,564496
6538,5611,72648,28019,7833,208961,345461
6093,5463,62928,28148,7389,200996,328294
10278,7278,51857,34222,9425,223643,351276
5519,5371,69932,25722,7315,204733,368906
6427,5592,69009,34203,8611,291934,467775
5667,5129,276232,54463,7074,228265,627570
6167,5463,272085,67166,7185,224672,597589
5723,5333,42440,29630,7500,318687,428683
9593,7092,72535,46852,7277,447796,606496
5797,5167,73073,26870,7445,202814,370146
6630,6740,69224,23537,7000,207830,336072
6223,5574,45763,41000,7314,231273,352906
5482,5037,72135,36778,9722,230567,409054
6630,5519,91804,26962,6945,238398,391294
5982,5648,206601,27685,7889,238063,540849
6260,5389,267066,34388,9852,228357,566867
4612,4740,46828,25556,6833,296059,402683
5834,5314,69590,27500,7111,367389,513682
6538,5500,66665,24593,7185,241777,367258
5778,5407,68149,35630,9240,236257,409627
14444,4593,46947,66537,7111,199811,353979
5352,4815,92060,67129,6519,198456,424090
6241,5556,117228,33556,8796,274047,460960
5222,5260,286007,27685,8074,202101,583589
6519,5408,46214,27111,7630,293913,405720
5315,4834,72568,35907,8926,423614,578126
6574,5333,68996,28519,7537,245058,377646
6482,5722,67553,34926,8667,231278,370238
4852,4685,56056,66759,7129,227591,419109
6908,5722,70650,30648,7963,206330,343127
6148,5371,70578,35092,9019,228124,369405
4557,4759,594818,27814,7148,372029,1062976
6501,5500,321210,34444,8741,202768,595182
4741,4759,64047,29111,7611,331525,510145
6001,5426,70160,54610,6889,480522,638608
5242,5037,72106,35759,8944,226929,403646
6815,5611,66886,26019,7296,204483,332128
5667,5667,47406,33000,8093,251184,400127
6445,5352,65334,66611,6593,300423,522534
5667,5445,89428,34593,8888,237125,431201
6501,5537,193263,29352,8556,228586,487812
5537,5204,267802,64407,6463,228324,592441
5778,5685,46453,27778,7574,291767,419738
6593,5574,68104,67166,6722,431801,601626
5241,4926,68902,28074,7685,210004,339591
6093,5759,36256,26926,7555,233039,353035
6426,5481,74184,41148,6666,225241,374738
5797,5444,73352,26926,7315,266164,400016
5389,4833,126669,25851,7186,250199,469830
6352,5426,322929,53833,6407,231087,642404
5037,5000,50025,24259,7203,297955,407182
6168,5518,72804,48074,6778,496507,650330
5167,5093,74825,38647,9019,232488,416294
6870,5574,69790,25667,7018,205487,335701
6038,5222,72662,34407,9055,230726,407201
6371,5648,71405,50481,6907,307667,463849
4741,4592,73333,25574,7037,213962,346442
10853,7814,135372,29703,8037,252867,496683
6685,5778,237632,35463,8704,230569,540737
6001,5537,69561,25259,6852,357510,500905
6093,5352,70100,51611,8481,344972,511682
5648,4926,69843,29629,7778,244730,379238
9111,7407,60326,34519,9518,231395,367312
5075,4907,47328,40037,7148,226504,348239
9705,7648,65533,29500,7963,200076,336591
4667,4685,91109,25778,7611,239815,423164
6722,5778,175296,27037,7500,293535,531182
7093,5741,264056,36019,8722,229848,600978
6296,5797,45004,26759,7037,295420,404238
5779,5240,70155,28555,7574,366232,502849
9760,7574,64582,34703,9611,227787,368572
5852,5296,66881,26833,7259,241655,402831
6463,5519,69123,34333,8630,228449,367442
5334,5240,66718,24963,7074,243521,371646
9519,7518,114386,26889,7611,247779,428979
5982,4963,333201,25260,7722,224572,652126
6519,5555,64224,35574,10037,396422,551089
6038,5203,65152,29000,8167,505919,635737
6352,5648,61876,35370,10630,229011,363868
5241,4907,47174,69074,7167,224472,406516
6259,5945,52657,53815,4740,241397,379923
5908,5518,70419,42814,4908,243413,422368
6019,5519,68939,26574,7296,203782,334036
5223,4926,151496,28574,8000,217890,465220
6260,5574,220201,63741,6555,257203,574941
5000,4834,71037,27778,7296,412330,559997
6315,5222,67447,51481,6945,484809,637811
6648,5815,65931,36999,9760,226882,367035
4482,4630,74321,64648,7222,229066,437090
6482,5537,63304,34556,8463,201990,335794
6074,5482,68455,27722,7944,203303,334239
4630,4630,88734,33574,8759,231986,422164
6667,5796,174199,66333,6667,228354,503275
6001,5240,265164,29796,7555,254704,618126
6278,5463,44241,33759,8944,285980,402590
5612,5148,66187,25629,6444,284460,412590
10964,8037,68226,26814,7334,208772,346573
5130,4629,72247,34185,9259,231752,375294
9241,6944,65471,39222,6611,228805,407312
6889,5796,68528,29093,8500,245803,383886
9426,7593,109178,35963,9333,237079,423516
7019,6222,271865,28499,7611,202874,538979
4871,4944,44960,33611,8704,290001,421979
6741,5630,67758,33407,9056,418017,568590
6075,5352,67778,29074,8241,235886,367350
6593,5685,65854,63482,6962,230848,394701
5056,4926,45024,35037,9388,234753,371443
6315,5500,79470,86888,7111,274214,474831
4759,4686,252952,27944,8222,237934,586089
6352,5315,150584,33833,8500,231488,452256
4556,4537,340863,24130,6870,244560,640793
6538,5944,44182,63944,6870,332428,477942
4538,4537,72294,36833,9463,360277,515793
6556,5629,68056,64129,6759,229776,396164
4464,4629,70835,33926,8889,230515,368146
5926,5426,46449,55851,7445,231050,366905
4797,4592,66266,34629,8704,206252,376035
6797,5630,82415,27592,8223,292434,441961
10241,7815,304972,34203,8833,214081,630200
6205,5444,257418,28185,7500,247820,569534
9519,7259,42551,47926,6962,467873,597978
6575,5574,67404,35352,10500,228816,369072
5611,5389,67295,63926,6593,231110,432516
6704,5537,16001,34444,9204,235090,322498
4760,4759,69040,56648,7111,227218,420294
6537,5445,72153,27537,7463,204345,339035
6352,5593,116432,33204,9518,234177,420423
5204,4908,242045,29370,8537,228841,567553
6297,5370,47548,39852,6722,283765,407313
5167,4889,63198,34277,9037,456096,587756
5722,5315,68570,26074,7556,207206,369738
6501,5629,62610,33889,9222,231500,366832
10574,8019,50167,49277,6834,231868,371701
6482,5278,76909,36592,9704,230570,414942
6296,5389,68245,66889,7296,245642,414738
5723,5296,205746,29093,7685,217974,490294
9297,7000,322562,27129,7630,213027,601348
5464,5074,44140,27851,7982,330617,438831
5889,5537,66290,34240,9389,387708,524422
5316,4888,66718,24167,7277,209596,332665
5742,5333,65442,35055,9185,230557,366221
5537,5000,42962,68130,7592,230258,374497
5111,4630,384740,38926,6019,321718,780755
9870,7667,76411,33481,8815,298013,473312
7278,5926,225356,29537,8389,245826,541293
9352,6945,255858,34685,8777,232454,562626
6704,5426,48657,27537,8111,331359,447145
5130,4926,60178,28481,6574,290209,412757
5982,5426,69846,33981,8611,231708,405683
6908,5593,59922,50982,6981,233113,379869
4464,4740,74388,79277,6426,229574,438424
6741,5537,64705,62684,6334,224905,385794
6371,5648,232224,29703,7797,402457,701977
4741,4519,212874,34888,8889,233142,513516
5723,5240,46007,27185,7574,295788,405109
5315,4852,69786,24888,6982,432452,594144
6630,5630,41862,34518,9223,207765,320369
6075,5463,61401,27333,7074,243227,365146
4760,4722,48551,34074,9592,229448,345442
5667,5259,71646,52555,7334,205723,366683
9741,7852,71833,33018,9075,233257,381183
4649,4704,151723,28593,7962,265052,477109
6074,5352,281169,25667,7333,208439,549274
4742,4666,36765,28352,8000,330251,460553
5834,5481,68470,53667,8815,411434,570867
10186,8074,102954,26629,6834,338821,509294
5056,4612,64455,32704,8444,235895,368850
9482,7537,41736,64796,5463,230151,375572
4686,4685,65664,35499,8945,202668,337054
6815,5518,77036,25667,6759,298184,434738
4500,4685,243296,28741,8148,237831,542182
5704,5333,685093,31981,7037,481623,1233382
9630,7314,40116,28482,7629,293512,404738
6112,5296,67599,27537,16981,340288,480960
4982,4926,69416,66907,7352,228027,396202
5889,5296,17622,29222,7185,216599,299442
9334,7555,552751,26796,7389,526280,1163956
7167,6186,66273,25537,6926,281113,412628
8612,7278,118016,25518,7241,216315,398887
6426,5648,309221,24463,6870,218573,589774
9001,7481,38206,26278,7333,314737,420887
5982,5463,65874,26018,7278,518937,644329
5389,5241,62857,23815,6815,210252,329146
6093,5223,62285,25148,6648,208824,329184
4778,4963,50158,63870,6815,226989,372331
5352,5111,73475,35574,9629,209950,355387
9963,7278,913528,27259,7000,242354,1222197
5723,5130,156163,35611,9259,239612,466720
5427,5148,271442,24741,6852,209221,537608
5334,5056,41816,34018,8704,307459,422239
9815,7704,244020,34555,8815,317680,658162
7093,6129,67561,28592,8185,203235,336572
5667,5185,59563,63240,6574,234510,423683
6371,5648,72879,29315,7629,266175,407405
10075,7870,83492,34315,9037,206747,367016
5667,4889,83457,34370,8778,304800,491386
6649,6092,178737,27296,7259,323650,594534
6019,5556,258719,33833,9241,243685,571942
4760,4648,86037,27056,7889,340867,526164
6501,5704,507870,36407,9759,203441,784866
6112,5759,68893,35444,9167,230623,371053
4908,4759,59006,27092,7963,206789,359831
6278,5518,66490,34592,8574,232861,370368
5075,4592,68288,66537,6926,219988,424090
6574,5445,109419,35870,9870,230098,412645
5871,5666,289106,26296,7259,205855,589219
6278,5352,37775,34592,9167,290649,402257
5445,5352,63036,28704,7777,474202,634071
6482,5370,61094,27056,7629,207220,330535
4963,4889,37615,25851,7000,206459,301628
4316,4685,1464794,25722,6945,271658,1830212
6316,5703,66452,25333,7481,207362,337387
9964,7759,67527,35482,9703,232582,412831
6389,5667,1186061,64555,7037,378504,1665768
9389,7611,252919,36315,8778,229892,559626
4834,4907,60626,65704,6518,373594,536182
9223,7574,64387,29648,7667,430591,576460
6779,5888,64538,34611,8796,233998,373572
8870,7667,60725,24814,7223,209088,334553
7316,6222,45541,54667,6500,233271,372887
9853,6981,68173,27352,8314,231585,367535
4908,4815,83712,34463,8944,333156,514016
6186,5518,295213,41740,5556,248469,620700
9648,7500,253178,35667,9092,241783,572904
4852,4685,697807,30593,7833,237632,998383
6130,5741,57942,64555,6648,393963,549664
4871,4778,69888,26907,7204,205129,333258
5630,5074,16131,36760,9351,227423,351739
7315,5833,53152,40055,6315,231050,360627
9889,7741,66357,27259,7130,205993,340702
5093,4944,116378,25722,7018,291269,500219
6722,5612,271582,23129,6723,211118,540163
4556,4611,59659,23852,6741,381449,522960
9371,7815,61013,24926,7352,801741,930736
6723,5759,66423,23815,6703,211761,336147
4649,4815,51387,23056,6296,212778,352165
7130,6093,42741,23908,6703,223276,326221
4649,5259,68650,32093,8389,235144,369350
6353,5444,62153,23444,7000,212068,331443
4612,4703,136395,62092,6445,228343,494164
6815,5963,305118,33500,8482,206860,581682
4871,4944,38344,25241,6963,339191,454979
6537,5371,62253,50462,6963,434726,581552
5279,4889,63218,34055,8926,235558,401794
6982,5240,62369,23518,6870,208297,328442
9519,7463,42371,32240,8685,212277,361572
6241,5612,67557,27426,7370,235071,365572
5297,4963,75689,31592,8741,321475,492572
6982,6092,237135,65685,6629,203530,541200
4834,4685,256563,33944,8407,234991,592960
7056,5685,41010,24685,6945,301655,405628
5019,5370,66086,30537,8296,203839,368331
6297,5296,64273,25834,7592,208040,332924
4612,4722,32942,33092,8741,232390,331406
6538,6074,68332,63704,6500,227332,393276
5186,4777,71835,26926,6759,259997,426646
6908,5833,109466,32500,8389,347864,555256
5760,5388,302653,63129,6259,233567,631681
4742,4944,1417167,31796,8334,246490,1771416
7093,5648,61472,26148,7649,281118,407479
5907,5445,66641,33000,7666,237783,371775
5130,4778,61458,62555,6389,234504,425609
6575,5426,42182,34296,8666,232113,344924
4852,4778,67313,25334,7370,209018,334924
6278,5500,62371,32889,8741,252386,418294
6408,5722,167706,27037,7574,232958,462108
5649,5203,242412,24444,7019,257030,593497
6519,5611,37266,23519,6759,375416,473553
5723,5056,63805,52314,7056,488321,672034
6112,5555,62141,61573,7000,236339,395016
4816,4703,37884,33018,8778,235893,364091
6482,5648,44719,81944,5963,232113,392035
6427,5722,68572,24889,7278,209241,371202
6186,5741,83796,24241,6907,347534,518997
5686,5351,256391,24888,6630,209718,523127
4945,5333,262689,23555,7056,231642,549738
5519,5278,43488,24833,8093,300380,422405
6519,5889,65008,24722,5907,288194,413942
5519,5407,65714,23204,6741,212506,336294
10834,8000,68660,24297,6851,210783,344517
5871,5203,53904,22555,5926,216743,358979
6205,5796,63257,32685,8870,236593,369017
5278,5074,107666,24834,6759,221554,390238
9204,7222,265186,32666,8260,209792,547756
5982,5240,37726,28148,7426,299050,401201
5871,5537,61580,24407,7018,462899,584941
9463,7574,63378,34500,8130,236324,373979
5852,5186,61843,63796,6926,234358,393276
5593,4871,47882,34092,8741,239042,354720
5352,5149,66273,66259,6537,276984,443590
9686,8259,65349,24370,7667,210594,341906
5834,5426,135499,22852,6648,360183,550997
5611,4908,241482,32388,9167,238163,546608
5704,5426,61670,22629,6556,389309,510774
9759,7482,70542,22833,6389,503492,635959
5630,5389,59822,33314,8334,238176,369572
9556,8240,79658,23759,6574,212396,354831
5481,5241,34049,63388,5352,234709,363146
5241,4963,69347,28666,7519,214429,345090
5759,4963,73756,31482,8222,267520,408812
10667,7963,219498,65148,6704,232684,595238
7278,6222,2649932,34074,8500,204515,2928668
7834,7018,1530051,55740,7167,465160,2088099
6131,5314,1683923,64222,6463,372769,2156932
5185,5130,2615364,34333,8945,306489,2993001
5686,5481,2545181,34871,8055,232136,2846169
4556,4666,2376110,77093,6537,232337,2753095
6759,4852,3261849,61721,6371,412260,3772793
5982,5611,2079042,44315,6944,432907,2591634
9130,7740,2443135,25537,7389,218035,2725428
5519,5222,2572395,32704,9111,225404,2899113
6130,4815,3021876,26703,7241,217846,3300073
5426,5278,4336594,25518,7500,218954,4617677
8778,7260,2843808,33592,7797,235248,3186686
6334,4852,2706015,62407,6500,235246,3039890
8852,7334,1338894,23722,6055,448522,1852175
5556,5555,2577445,61963,6463,449352,3158852
6741,4852,2833057,33444,8444,593405,3498387
4889,4537,1126105,26815,7500,245517,1466751
6019,4722,28778,23315,7407,326998,416479
6408,5759,60576,49944,6778,440162,585071
5130,4926,62244,22574,7037,214810,365942
6427,5500,34154,24833,7426,210048,305072
4945,5019,39711,24222,7130,225287,321295
6649,5555,67732,23130,7351,212730,337924
4723,4833,86012,25148,6981,339079,510571
5760,5241,238401,23815,6537,211966,509368
9890,7537,247811,23000,6777,278094,589441
5260,4926,35536,26092,7149,302554,400331
8889,7241,60630,39259,7445,328145,503774
7074,5593,63966,24796,6685,249106,374905
9056,7129,17191,28666,7148,215605,335979
6445,5519,57081,23018,5945,238861,356239
9371,7019,59805,63833,6778,216323,412091
6611,5574,106641,34944,9296,236302,415182
5205,5259,261290,63240,6185,209541,568201
9426,7723,285236,32185,8296,511704,872643
4722,4815,59295,28167,7759,502757,658255
6667,5537,62149,35074,7833,237350,372461
9093,7204,58188,26574,6963,210458,367572
6093,5314,61709,31500,8148,231734,361720
8408,6685,61784,72019,6629,259954,430571
7426,6259,67898,61092,6333,220564,385886
5130,4814,133566,34093,8407,236599,471886
6742,5537,347733,23093,6740,247875,652867
6797,5315,65089,32314,8037,374205,521664
6482,5537,64016,59000,7778,494128,652662
5056,4907,59853,28481,7259,226517,382553
7074,5334,57761,25148,7037,207052,325942
5334,4815,39189,45222,6019,234808,350128
6408,5703,66896,23240,7037,216233,341591
4556,4611,80545,24296,6908,240119,398368
6482,5371,192046,24945,6962,258359,509312
6241,5889,256177,32889,8704,256171,580922
5056,4778,32959,24796,7352,306187,398998
5778,5204,58238,66148,6666,408537,568089
10186,7703,58593,25148,6833,212332,335924
4834,4740,58391,64444,4815,235515,390757
9667,7907,64374,32407,8871,292401,431849
4741,4648,63784,64055,6444,235604,394331
6908,5852,104081,28389,7463,207713,375238
4501,4630,301582,24352,6481,277600,633534
5611,5334,30493,32777,8297,297801,400127
10186,7481,50255,26981,7630,286095,406183
5667,5500,55701,32945,9777,237316,366128
9222,6945,57888,25055,6908,213073,335127
4704,4815,41909,23759,7148,226368,327702
10019,7204,61744,23537,7037,215643,340647
4908,4629,62209,23111,6815,232067,348349
6056,5593,210691,66018,6686,208583,518590
4686,4685,362174,22815,6407,209915,625385
5593,5241,58437,64462,6889,382190,556275
7889,6278,65865,33166,8741,532724,670588
6353,5389,55830,23722,7148,214372,330313
11316,7574,7036,61592,6611,236277,380258
6130,5778,46704,31796,8093,301682,419405
9815,7408,66188,57666,6555,278570,441572
5779,5074,603020,33630,8555,502121,1192734
6816,6055,266098,32908,6963,266695,600534
6371,6185,265749,64259,6370,235045,599127
4852,4704,37122,28870,7518,300062,402275
10001,7944,59976,48185,6611,334966,497942
6741,5667,55070,62482,6129,231502,383424
6427,5333,15684,27314,7056,223056,302573
9926,7204,47982,31388,8371,231757,351776
5593,5315,62872,26870,7037,210367,332591
5759,5204,96763,26222,8185,339457,499330
9463,7370,216469,25537,6962,248159,530460
4797,4611,706931,30426,7889,285748,1058735
6648,5723,56677,25722,7314,473672,627607
7426,5685,66290,25407,8241,210116,338757
4593,4908,906695,70110,6019,317038,1341196
6130,5500,39442,37241,6018,213705,323443
4630,4722,61648,65259,5815,210739,371331
9926,7593,61557,24870,6889,339015,475793
6667,5537,247836,22926,7500,232957,539330
7241,5963,282986,34463,9055,253585,611626
9871,7333,60193,62185,6778,391767,570052
6722,5593,64195,31851,8593,397710,531126
6093,5370,62493,25537,7648,211191,336627
8982,7241,45384,31611,8055,235078,386091
6390,5500,39978,72981,6352,239261,386202
5889,5482,58406,56037,6630,210110,392738
6500,5260,68797,33000,8370,495903,634144
6075,5444,259984,65573,6778,235773,598274
9000,7482,263097,26685,7166,210475,539108
6130,5370,35896,24981,7630,378583,512274
6537,5519,59620,48148,7259,321118,488923
6167,5611,60382,25333,6889,248228,367498
4853,4703,59662,32462,8204,241967,366332
5445,5278,62274,65314,5056,298261,466590
6297,5518,65517,24352,6426,214889,338739
5593,5223,103130,28314,7389,244424,445090
6538,5333,243002,24518,6704,214570,516997
5149,4963,32671,31796,8241,297290,418387
6408,5315,51821,26204,6815,309880,424831
4685,4630,56972,24129,6278,213953,325405
6241,5518,61122,33074,8426,240691,370164
4667,4759,39550,26296,7241,253782,385886
6556,5426,61903,32259,8500,238558,368387
6019,5481,66943,63333,6852,237944,403275
4631,4685,133555,32611,8648,237072,472942
6964,5815,215501,25889,6889,267699,543979
4649,4740,34375,31518,8500,298420,400164
6260,5741,58895,39148,6815,475120,606923
4500,4649,440876,37630,6314,302842,832903
6667,5500,56844,25092,6500,213174,328554
5944,5278,47975,32130,8870,293356,408664
4796,4723,66717,23037,6463,215688,336368
5778,5260,97719,27167,7388,255131,447868
6871,5740,218795,24074,6686,215350,492849
4779,4740,249297,32685,8463,240423,589479
6148,5278,32485,25278,6759,303791,397960
4705,4888,55173,24574,5407,539065,651700
10519,7722,52396,22130,6389,218657,366923
6426,5518,20121,65370,6871,230914,351127
6778,5648,55438,32018,8278,297671,456479
6167,5648,58662,63110,6611,219744,375683
5797,5333,36571,23500,6537,332427,429423
9908,7667,183517,31963,8314,233388,489683
6038,5555,30853,23093,6889,308330,415294
6426,5778,52947,27982,7759,288050,409071
9148,7408,58134,23778,6500,214753,370053
6056,5445,50914,24870,7222,215325,327406
9333,7315,41028,33703,8686,242970,357849
6000,5297,57881,49537,6722,208376,352646
9038,7111,60143,32833,8166,240874,373591
5834,5314,126997,26185,7296,212298,433534
6685,5611,340609,31722,8129,231481,640644
5353,5240,252463,24944,7037,323201,654422
6260,5352,55539,49296,7463,496106,636034
5296,4908,58264,61944,7129,340808,530552
6130,5333,55266,33518,8593,240454,365553
4797,4870,44416,39352,6259,237286,351924
7205,6111,72140,155592,6037,265950,527886
4649,4629,78791,61444,6333,259134,429479
6297,5611,274347,72184,6019,210798,592182
9778,7463,245404,26241,7648,285222,596089
5815,5315,30203,23130,6555,308424,396812
5296,5130,61372,47630,8500,1033362,1176326
5778,5445,58874,27278,7222,257735,400516
6964,6704,62228,31814,8149,243529,374258
4871,4871,68452,43500,6629,220120,397943
6704,5500,704599,34185,8297,537393,1315844
5871,5481,95178,26167,7167,303097,457553
4908,4981,247032,31648,8240,216744,529682
5871,5389,32942,26277,7241,305204,418812
6389,5945,53758,26760,7037,473534,589441
5445,5333,55076,35462,7630,238349,398516
6390,5666,60467,61814,6685,231921,389276
5315,4945,39264,32482,8352,236529,364238
6297,5241,59341,52759,5888,239324,384498
4648,4741,584785,25389,7555,375914,1047068
6259,5593,129659,33204,8166,293098,490867
4389,4611,337309,43055,6741,222392,667940
6482,5482,39460,33463,8333,374889,510886
6334,5667,65851,26925,7649,485331,612904
4463,4648,61613,33851,8963,240053,368146
6464,5241,57003,24018,7481,215792,366369
6834,5852,44968,32610,9241,213790,328776
4537,4797,64655,24222,6685,215806,369738
6075,5592,69731,33908,8611,312452,451498
5130,4926,160121,24408,7037,287079,538960
6130,5370,662084,31037,7407,286966,1017531
4445,4740,29460,28426,7648,303353,397479
6445,5704,58109,44519,7314,341629,481905
4519,4518,61723,24814,6834,259090,410812
6796,5538,12595,23981,7408,231366,303165
4630,4833,56912,51000,5814,234902,409442
6519,5740,59285,23129,6870,255029,371923
6390,5537,93934,24315,6703,346749,498701
4612,4592,249917,32204,8222,241895,591719
6593,5963,32513,42574,6870,289189,402165
4390,4592,57311,32167,8388,513834,672126
6704,5685,58127,26130,6944,215112,333868
4427,4722,61870,25315,6815,214832,332776
6315,5870,35058,24741,7592,236274,330553
4574,4611,995092,52667,6314,234624,1347399
6593,5685,55488,23407,6870,253344,365979
5667,5426,128767,34185,8963,238749,471442
6630,5741,241360,63796,6611,221952,561552
4482,4685,57197,27704,7129,407560,541071
6630,5500,63607,46129,8093,416224,561571
6353,5407,59127,24019,7277,214872,333073
4630,4759,57981,23667,6537,218425,364590
6167,5426,38798,43889,6296,239886,355609
5815,5537,60448,32074,9185,216217,344053
5464,4963,61487,23870,6815,280529,434553
6612,5463,239692,32499,8185,214843,522553
5871,5166,246175,26482,7463,259266,600496
6093,5518,33475,24185,6796,371449,516589
5723,5426,54773,24814,5926,295392,411313
11223,8407,55016,61203,6500,233261,424516
6223,5333,62147,24760,6981,215074,339332
8982,7185,63131,51759,5888,234590,387072
5667,4852,58651,22463,6574,218273,335628
9260,7277,94487,24685,6870,212827,370572
6556,5722,229377,22925,6223,217732,506756
7556,6371,1503760,24389,6796,303655,1872064
4890,4963,60862,23130,6703,522097,637626
6038,5500,54846,34870,8519,240948,365442
4556,4722,75422,63666,6575,238983,410664
9445,7667,40350,26482,7055,229611,357647
7148,5667,58833,33223,7407,267442,395571
5907,5278,56577,63370,6463,240736,397294
9389,7037,123300,33796,8371,310975,507608
5927,5315,312727,27167,7129,242418,637960
6945,5685,34620,25204,6944,317952,415831
5705,5388,57289,31759,8407,532857,690922
6075,5370,56457,33000,8592,242338,367276
5334,5092,56404,24425,7037,215984,332535
8982,7149,37183,32685,8629,235093,379017
6370,5334,54796,66814,6519,209758,367127
9093,6778,57724,28093,7000,256737,380258
5890,5370,268410,26445,6833,275790,637515
6463,5537,245302,61425,6278,243789,584534
5445,5185,31657,24777,6500,307824,400498
9241,7148,101288,33888,8334,626875,806495
6371,5240,60290,61574,6444,233968,392516
8741,7408,42236,29370,6389,252706,363109
5260,4852,60164,41018,4741,256760,410516
6834,5611,58370,33167,8407,241610,371795
9723,6888,87613,61073,6482,252274,475256
6112,5315,200169,33574,8703,240403,511590
8704,7278,429318,28500,7815,403918,903606
4704,4519,55785,33574,9407,529323,654033
8575,6981,56250,25667,7222,216211,335702
7186,6037,58419,65536,6593,238598,433387
7000,5797,24235,34111,8815,237318,333331
5926,5223,57219,27351,7686,239334,361776
9741,6963,56499,25574,7833,233518,390794
6352,5482,185648,33852,9185,241868,501034
8908,6944,241428,25111,7685,277476,582811
5371,4797,32782,25685,6945,387603,505738
6723,5852,588467,24426,7222,467119,1118124
9205,7592,57787,24166,6667,499580,621423
4852,4667,54603,33667,8703,241506,362887
6685,5648,95957,28315,6944,255912,414293
4482,4593,59829,31315,8648,216780,340683
5945,5556,62776,26555,6926,215871,340887
10408,7611,232259,70500,7907,209202,552867
5705,5203,303242,25593,7277,241459,603441
5075,4888,762335,51221,8778,416604,1278030
7371,6203,61618,27037,6092,370621,497312
4871,5037,55175,25963,7148,252564,399849
6408,5463,10288,28519,6759,220470,292554
4667,4778,59382,51907,6519,241504,383423
6612,5629,58996,66277,6630,236447,395368
4815,4760,103238,23703,6371,262926,420590
5482,5203,190907,27463,7703,258128,545793
7019,5649,390518,39463,9852,372014,867607
5815,5500,47578,25685,7000,290476,399720
5242,5074,54024,24000,6648,253918,397961
6426,5556,60674,24981,6889,252602,372034
5111,4852,59325,23370,6555,255563,369646
6223,5556,48919,33981,10297,215579,369498
6779,5611,57162,23907,6296,254133,369498
4612,4907,129256,32797,10129,242427,475220
6482,5537,306091,68611,7370,216869,625997
5963,5630,54038,27408,7259,381625,500941
8241,6760,58336,35037,9241,374587,546016
6945,5815,56802,26426,7166,216345,334480
6722,5426,56563,32852,8259,244287,370035
6205,5240,41140,61147,6426,240304,409554
6205,5407,63067,33130,8129,215302,347387
4852,4648,61699,26870,7259,332929,509478
6149,5518,246034,63073,6426,213927,556034
4815,4834,245257,23908,6537,262924,597460
7130,5833,37242,27056,7426,371255,475793
5204,4963,53744,32296,8704,243588,397627
6278,5463,59302,61685,6259,235604,389720
4778,4722,23267,25759,6815,244972,325498
6519,5888,54417,52833,6611,244082,385442
4648,4704,57641,63351,6519,249950,438053
6408,5555,96402,23963,6389,299355,453942
6426,5722,220682,24426,7129,279779,594941
6241,5444,348646,33907,8945,462405,884476
5538,5277,47835,44518,6241,425126,562793
6149,5407,56448,34036,7649,244495,372739
10426,8148,55579,25556,6796,217882,340423
6149,5444,36526,32648,8648,246121,353258
8797,7222,63120,75555,7500,260322,437294
5630,5241,62474,24370,6315,218765,342016
9353,7500,123846,26667,7481,361336,551090
5223,5037,239403,33796,8944,332797,669070
6241,5611,55259,61277,6389,381258,536145
9427,7388,60649,31963,8500,430200,577015
7297,5685,60262,23481,6352,219718,342165
9797,7074,54690,32111,8426,244252,371572
4889,5352,58211,22852,6629,255232,402868
6537,5556,54601,61037,6926,216082,365923
7408,5667,59696,25444,6574,298358,454238
6519,5500,184346,32759,8315,244152,497034
5537,4760,238421,24260,6259,263742,561219
9816,7685,23943,28685,7667,354554,450109
4611,4685,57779,23703,5297,351922,499997
6352,5574,52762,32870,9574,244255,369016
9556,7166,57042,64074,6630,240900,436627
6260,5537,40858,23241,6370,229362,326998
7000,5833,56750,28555,7686,221100,345535
8945,6981,93993,62036,6185,243765,436516
5631,5370,205975,34704,8703,240856,518701
8834,7185,574383,63518,6000,344852,1041327
15612,4685,32128,43944,5908,494368,646700
5852,5945,54982,35148,7851,242461,368164
6019,5500,53836,60667,6148,237144,387869
10537,7500,34487,32888,8297,236993,346239
6075,5130,60414,22518,6574,255973,406387
6705,5592,56009,32370,8463,281341,405813
6130,5482,117788,62611,6277,235525,485423
6611,5482,27735,31574,8463,357151,454942
5574,5037,50200,24871,6833,391668,537015
6241,5352,59554,31870,8500,486572,614681
4815,5056,57685,31408,7999,237387,393090
5834,5389,53817,23426,6315,219625,330091
4463,4611,32486,54759,8537,235587,355387
6556,5834,58117,28685,8408,221288,343961
4371,4574,67398,23925,7223,219323,376017
6389,5574,153140,22703,6889,282784,492719
6408,5352,366882,79703,6222,236893,738922
6463,5426,25719,33685,9259,300428,399275
4390,4666,52128,25167,5962,350148,484331
5796,5500,48334,32481,8296,246313,361923
4519,4592,35836,63777,6593,236570,401164
6556,5333,56504,24000,7500,258809,373961
5778,5556,60839,61648,6370,226141,417942
6482,5537,92508,26852,7574,287527,441812
6112,5370,308732,33240,7778,270747,647311
5594,5240,385807,41056,6666,309671,789607
6389,5518,46015,33055,8926,495223,610737
4612,4685,54609,24111,7222,220019,366091
6408,5518,56760,61666,6185,235128,386794
6223,5592,58206,24444,7019,214033,330368
4612,4648,54282,28426,7963,249568,400054
6686,5574,56117,22074,7019,303973,416831
4500,4445,243729,155721,6093,273304,719866
6556,5333,214251,33259,8888,300007,583700
4649,4592,31161,24981,7241,367337,469553
6259,5334,53977,31537,8611,532001,653570
5352,4982,51276,33110,8167,245500,397368
6075,5426,49370,24814,7315,217443,327054
4852,4686,33390,30945,8314,307108,404387
6779,5740,61986,53685,6537,317086,466664
5186,4685,62710,33814,8463,298029,428016
5741,5444,213970,24704,7222,322842,598144
4797,4611,366879,56000,6870,240451,731404
8130,6556,27086,63870,6667,352393,483942
4667,4593,58736,24852,5463,295706,428516
6593,5593,57738,64315,7314,360815,518941
4649,4666,39148,52796,6241,243813,366146
6519,5537,40817,51092,6260,239292,364350
5019,4648,61411,61963,6444,217476,407035
6371,5740,91654,33296,8519,353843,543404
5704,5259,299877,79500,6426,243231,655033
5297,5037,728228,67037,5963,337302,1203085
14667,4592,42457,25000,7259,402745,546330
5927,5352,48884,34685,7944,244707,363313
6296,5723,248811,88518,6148,440574,813699
10945,8333,33037,61204,6499,241684,376498
5407,5056,57131,34981,7704,258811,418942
6667,5500,51707,23611,6593,219291,328405
6075,5500,120357,23685,6426,221715,433368
6815,5611,280988,22593,6426,221472,559441
5593,5315,54454,30556,8722,380450,504090
9815,7463,58660,28611,7741,532337,659756
5334,4797,57106,28333,8315,216059,334573
4463,4611,82868,31851,8834,239982,387812
6593,5777,40389,63536,6834,237610,378997
9593,7426,30797,32445,8333,337015,462497
6722,5704,55948,25370,7000,363939,480108
5222,4797,253949,27222,7907,217085,566756
6556,5593,242340,22907,6222,267602,566108
5093,4926,29250,25092,7389,393544,508423
6370,5871,50474,47278,8315,421930,554645
5037,4722,49440,25296,7130,220799,327313
5649,5277,25238,24352,6296,234427,316554
4889,4667,57295,29815,8148,339462,469775
6926,5889,59631,63592,6370,317256,503423
5575,5185,628352,33129,8482,318661,1017809
4723,4630,219634,23981,7204,238270,513164
5927,5166,331951,61907,6222,455526,901495
6519,5388,44176,32315,8667,548487,661144
5556,5370,51937,33982,7759,685854,809291
4834,4481,53662,23351,6760,222392,364590
6297,5333,26664,32222,8556,243983,337924
4778,4593,60924,61778,4685,247296,400146
5852,5315,57538,32704,8277,253905,413090
6260,5463,115132,24148,6167,321124,493979
5630,5129,451577,61482,6351,347733,912716
6389,5537,55748,24537,6093,426508,543626
5149,5166,57824,31463,8926,440321,575756
6278,5556,297547,31500,8351,322672,690422
6630,5740,50995,23685,6704,221485,330312
4667,4630,34238,31388,8352,310390,408220
5741,5241,56684,60129,6352,284665,444830
6723,5519,54630,33796,9000,243794,368128
5964,5259,278761,22982,7518,264569,603238
10167,7704,259522,32315,8500,246289,580570
5075,4648,57396,25018,6871,394990,525571
6852,5500,56250,30222,5482,292452,416312
6611,5759,54011,33389,8222,246987,369868
4686,4759,36717,29648,7704,251855,384683
6575,5685,1535841,33148,8389,328092,1936230
4778,5111,56832,25667,6777,255722,404312
6296,5445,90463,25019,6333,255405,404553
4389,4667,188705,26426,7093,345198,620163
6241,5630,280429,22834,6388,449067,804958
6334,5351,41970,33445,8944,506471,618126
6370,5704,49824,26074,7814,365804,481404
10241,7426,50863,32092,9278,246895,372794
5705,5240,45050,67111,6815,243226,423850
6463,5667,55219,26074,7407,315075,431997
5631,5185,53350,31463,8166,220760,343313
9445,7315,109000,23981,7223,248923,420887
5667,5185,304039,31129,8370,374921,773940
6574,5519,30912,39055,6593,298197,406479
10130,7629,463264,33333,8593,372713,927050
6982,5778,53620,23666,7537,220490,333702
5815,5371,52473,31407,8000,240932,361331
9927,7111,33124,66073,4982,255448,392572
5389,5148,58737,31574,9111,230132,389757
6556,5370,56369,24592,7278,246074,362053
5445,5074,271259,31537,9092,301405,641330
9926,7500,315890,57778,6148,286458,699366
6778,5611,25875,33611,8408,396678,510238
6816,5629,48247,23945,6018,922470,1031809
6130,5555,50546,64851,6130,244305,428312
6426,5370,39326,23907,6278,222654,319035
5519,5463,58068,53981,6278,244467,391257
9556,7814,55108,22444,6370,224762,340535
5741,5204,88183,23888,6926,222186,402497
6630,5593,227888,24037,6815,258349,544071
5667,5260,676202,32778,7648,308440,1055050
8389,7056,37541,23704,6666,305105,407498
6279,5592,53655,35296,8000,246010,404239
7223,5852,52878,62315,6444,245638,395776
5759,5797,30436,33648,8389,249655,383646
6333,5500,58828,22611,6481,256449,371849
5352,5296,55070,62296,6222,238540,387683
5964,5555,117628,34851,8556,279296,467127
4963,4889,259295,61778,6370,220035,608515
6852,5389,26595,24667,6629,391514,479071
4889,4537,51764,31888,8908,525122,679070
6833,5630,54951,24074,6277,222252,337016
4834,4574,18842,31925,8278,250120,368128
6463,5426,33344,63703,4945,247136,376387
4482,4575,54345,24555,6112,220152,367091
7037,5704,56329,32982,8499,247484,374109
5926,5889,235774,22815,6093,219500,511200
4649,4740,356295,31926,8685,250091,705940
7148,6056,22372,27093,7481,1183121,1273085
5001,4981,48652,47389,8055,383901,554256
7371,6129,53802,24556,8407,218752,335016
4538,4611,3342,22944,6500,239138,298295
10296,7686,34454,30648,7019,274691,380312
6778,5944,49568,60814,6519,231282,378960
9667,7037,81977,33092,8222,346873,502182
5259,4686,939678,24129,7093,235074,1230770
6315,5278,417460,62815,6185,367942,920605
7797,6370,38020,23537,6648,303663,405053
5815,5241,57226,33240,7686,247383,371072
5260,4833,32006,64111,6259,243326,371331
5130,4908,38230,29388,8204,225546,361609
6815,5926,52214,23444,6833,258155,369109
5130,5185,52271,61574,6556,238301,383275
5371,4981,114940,24592,6870,219151,390664
5186,4796,282071,32833,9259,220779,570312
5574,5056,32370,27592,7222,328332,424627
4982,4704,50835,23629,7297,509643,616330
5241,5093,51355,25537,7333,221384,333368
9723,8259,66247,22370,6889,216233,344943
5445,4982,31766,70296,5741,244843,378016
4945,4741,51676,78167,8685,221655,388702
10426,7371,51178,25796,7204,256449,408646
7463,6074,327383,27352,7314,254670,646811
9630,7648,235163,32222,8722,256797,565441
5056,4926,28685,28574,8389,309035,422646
6723,5796,49094,64240,6371,452273,602904
9259,7352,52929,33334,9851,245366,409108
8241,5555,25321,27148,7222,249345,337979
6982,5889,54785,31000,8555,311639,434497
4778,4926,54787,23130,7092,349915,515534
6167,5445,82270,27445,7685,461726,606719
5167,4815,299086,31852,8926,239411,603682
5945,5204,2135172,24055,7056,266740,2497245
6927,4796,42740,32111,8703,295444,409979
4871,4944,49668,25963,7555,362293,498571
5778,5278,53651,31704,8537,252106,374257
9779,7425,23654,62277,6852,244308,369831
5427,4926,58174,25092,5889,280417,398239
9556,7352,53843,62166,6444,239026,431016
7390,5685,110918,34037,8685,327061,511442
8445,7185,275846,24555,6871,224614,563275
4668,4926,55922,32889,10241,514055,675441
6705,5703,48629,43555,7204,436128,564793
4519,4778,51649,24722,6203,220405,330942
9260,7259,21633,25518,6759,267162,355535
8982,7389,34894,28241,7759,248123,350998
4556,4815,51618,22796,6371,225361,365035
7130,5796,52657,26204,7167,247544,364461
10445,7278,206584,22833,6445,225302,530756
6649,5703,354142,65629,6352,219114,672885
4575,4629,27997,23389,6630,427982,536942
9353,7370,51665,24611,6371,300221,417090
5278,4963,49223,25796,7463,221220,363535
8463,6075,48484,65592,6519,247199,435757
6889,6000,40042,23241,5444,246457,343220
5890,5315,51673,62278,6129,248806,430109
6537,5760,86231,26185,6925,273619,420183
5389,4778,191936,23000,6185,225802,475442
10760,7685,301789,23982,6851,371114,774866
6574,5723,43163,23518,6611,295446,400683
10019,7352,47536,22499,6426,345592,455831
5408,5130,48130,24759,6852,259146,398165
6889,5870,42336,33889,8982,249736,365368
10334,7741,56745,41852,6370,248345,421683
6333,5649,49858,27407,6704,255566,369220
9797,7185,106268,23888,6667,239971,409701
4890,4852,243843,31666,8334,243024,553201
9797,7333,29217,23277,6649,316948,410794
6852,5630,48422,24481,6797,500630,611681
9982,7388,50832,24741,7518,265982,380627
5908,5167,45945,24055,6815,260720,367757
9611,7630,41521,20889,5667,279143,415849
7611,6185,59560,33241,8500,241068,371886
5593,5204,51191,24593,7259,260862,405164
6538,5666,139823,33222,9685,247638,457886
4853,4685,357435,24370,6889,269858,682719
5981,5500,23273,26870,7148,331781,419053
5093,4945,47237,23537,9722,334575,498386
5575,5037,56053,24019,7000,223222,335609
4982,4796,55278,62926,6741,240516,424923
7019,6019,53335,51019,5574,244922,384591
5685,5297,46356,63037,6259,241123,417442
6556,5888,90488,26278,6685,266714,418182
5241,5185,234433,35278,9389,236619,542182
5186,5204,708525,25167,6778,320116,1107012
11037,7833,29013,25130,7148,314929,414127
6408,5334,49977,61759,6519,314057,474220
7205,6148,73461,34129,9796,246037,396128
9333,7075,26277,27037,6926,262480,354535
5259,4889,57354,24426,6018,221756,334461
6222,5482,51004,23111,6315,288364,395460
4852,4648,114932,24166,6815,260288,430182
5686,5185,310062,23222,6556,243842,643774
7019,5907,48010,31334,8888,380747,500497
5130,4778,49586,27018,7297,417188,525923
5741,5185,47589,31889,8629,250540,364516
4871,4666,48591,61444,6833,239575,380183
5278,4963,52148,25574,6889,221368,365423
6982,5889,57465,32296,8278,222774,349332
4815,4889,48689,24574,6815,233902,338035
5926,5297,171412,32926,8908,276288,552756
6797,5833,258285,25130,6963,232675,553182
10093,7833,21584,33185,9111,333099,453627
6630,5574,51068,23759,6074,522614,633015
9297,7389,47199,31555,8500,222688,341850
5371,4852,34701,27370,7500,220075,318720
8797,7185,37018,31815,8648,248313,357220
6852,5389,57261,25352,7296,223663,345165
8963,7149,78966,25648,7371,223124,365924
5260,4759,272709,23555,7019,226751,554423
5649,5092,28046,22481,7296,319268,405202
5278,4871,44269,24685,6963,301432,424035
7760,5963,48752,34167,9907,247209,369072
4963,5019,52995,24130,7222,222225,330572
6019,5092,41609,32463,8259,248464,356868
4815,4741,90462,63166,6667,248128,432849
5722,5297,55983,25629,7352,295367,410201
5000,4982,111114,33018,8093,267957,444534
5019,4982,315337,52593,6666,249067,684126
7556,6408,49841,33777,9482,345749,471331
4926,4593,53435,45519,6685,472820,639200
6907,5908,21604,25593,7074,354893,435053
5982,5389,37532,26741,7481,223281,355109
6501,5593,30090,55370,8740,241557,362739
4556,4593,56611,70129,7037,231925,389480
5297,4833,61798,61981,6500,242127,397350
4519,4555,199392,32222,8907,248051,547145
7130,5944,344893,78685,6389,241418,699236
5612,5351,24601,33092,8778,334083,465127
6741,6000,45806,25537,6111,301970,409683
5519,5296,44141,65130,7129,245987,423775
7982,5574,51458,28352,7537,368817,540849
5131,4981,51719,77759,5926,244446,439220
6556,5648,48073,33537,9130,240906,358405
5426,5223,74778,24408,6778,371496,516460
6927,5629,167466,24815,7444,241532,471109
10612,7944,248189,31389,8741,243585,599922
