38778,24092,193373,139778,9296,238513,669496
14481,11445,204175,117463,8629,136452,528015
8963,7722,155421,73537,13111,140817,447849
8037,7445,215260,67407,14796,286663,635200
8463,7037,208524,119111,15630,197194,573941
8963,7481,181808,77722,12759,380263,686884
4926,5333,724759,47963,11852,289254,1108975
9037,7611,373189,62945,8000,413694,892772
3908,4814,595566,37518,9167,218152,901291
7334,6481,188311,71870,11445,380556,686422
8704,7648,200408,112223,18593,124551,498830
5296,5630,237118,77741,16278,317433,677292
3908,4907,496272,49593,12833,167502,780570
8630,7407,195888,49019,14185,295442,591848
6408,6203,180560,33204,8741,366918,655052
5797,6129,220491,77093,23241,184932,585923
5130,5740,315868,52037,11926,157277,591700
5574,5741,201687,38074,9685,221199,547497
4685,5482,171211,35204,10518,289897,544978
3686,4926,180975,27815,8074,289596,537090
8889,8129,256037,27945,8203,185590,511700
5222,5352,131561,77111,8500,214677,461979
3500,4981,163566,37241,10463,204339,480534
6093,6000,171738,27278,7592,149630,387609
5648,5519,237929,52129,7871,156161,485256
4112,4907,325638,31556,9389,196988,589812
4741,5204,185495,98445,7703,171650,506146
14500,4815,147852,26649,7037,214274,434424
3945,5129,213525,27222,8167,148158,423572
4241,4944,371512,37333,12908,187410,656903
5778,6296,153424,26630,7537,174814,394072
3685,4982,172077,44149,7740,326957,616978
5648,5778,178657,27037,8074,241581,484442
3352,4870,352996,36760,12315,171185,601182
5148,5500,353058,25722,7796,197291,611849
3722,4834,237636,25111,8112,215934,526627
5611,5908,179030,31760,7703,228986,479571
3648,4908,247647,50556,5500,173979,505534
4463,5612,331227,24851,8186,174844,566516
3908,4963,192547,67833,5852,186913,480979
4445,5185,179645,27481,8463,213464,478757
9592,7519,689170,27315,8148,200621,998938
6185,6222,349527,74648,5759,380043,839513
3889,4667,202309,29685,8482,191521,461571
8629,7463,143482,43629,7556,317164,546145
3352,4834,180931,30944,8241,247270,529775
5852,6092,345808,28092,7038,159022,574089
8760,7166,412387,46204,5963,1047623,1608435
50630,5666,576079,27759,7963,224046,960847
6408,6130,172915,40019,10296,161841,433757
5833,5760,235162,67389,7389,231408,573182
4352,5222,353927,27019,9537,147014,582608
5612,5648,156061,69686,6592,206658,470331
4185,5297,204419,38500,8574,158319,458960
5574,5537,201795,53093,6944,160740,453979
3722,4778,380393,30260,8240,169085,640644
5500,5463,206916,71982,6833,182470,499071
3926,5018,172756,90352,8000,317796,650552
5223,5648,178835,30148,18833,244977,503868
3611,4907,350322,47315,5408,149452,596737
5074,5352,399661,31055,9000,309613,781402
3593,4759,154166,26407,7130,186961,404609
10056,7481,167098,27055,7056,189771,427350
3352,4852,238307,25944,8019,267783,601701
5722,5852,320516,38093,9574,217591,614959
3704,4852,200465,25186,7851,173236,452850
5204,5574,173415,56870,7278,181879,449701
3222,4945,210439,30333,9278,245947,524719
9093,7648,448927,66111,6592,151940,799662
6130,6000,910414,39945,6444,143987,1132512
4148,5241,173085,39018,6204,380004,625829
8278,6926,177220,28593,17685,183555,440609
3612,5055,326670,38186,11907,188734,595219
8038,7407,351102,26389,8203,266858,724385
6315,5759,153606,105871,7648,327464,626403
7797,7222,178316,24370,7407,918308,1163827
3222,4815,239969,52926,7037,151047,496108
6333,6074,324290,49926,6185,163189,576885
3482,4926,185776,27611,6426,223462,472794
8223,7352,188356,40907,6815,304826,573608
6001,5796,204769,40815,9277,150192,468757
5981,5648,302849,28167,24370,224315,611385
3667,5315,171057,72445,6685,181403,478238
5482,5481,171433,31278,8722,411434,651755
3427,4888,181920,68464,6611,182244,505423
5407,5445,339314,28667,7630,182719,588978
5093,5574,136319,26074,7834,172437,388609
5333,5556,147399,26259,8056,289376,502275
3426,4870,172757,25703,6648,192242,445516
5129,5463,227633,26722,7981,159514,451812
9056,7388,354213,53574,8704,151432,619793
5130,5722,191347,42259,6963,208225,479756
3574,4889,171241,26352,7703,149128,400127
5185,5444,202321,50241,6741,180973,470182
3426,5092,310141,26408,7444,189615,563293
8407,7593,151868,42815,6556,162184,399516
5834,5500,167410,50463,4667,457474,712922
8241,7666,177824,26482,16185,208155,464108
4241,5018,361348,98815,7797,158277,657403
9037,7907,478928,27352,7870,330845,898272
6315,5944,150729,44315,6852,258379,514756
8203,7056,169123,32093,7055,176653,419867
4129,4871,235054,25519,8074,243035,575589
5389,6797,523301,35593,9889,299434,902440
3815,4851,189103,25981,7500,185359,456330
5426,5444,173145,27093,8018,168261,407534
3130,4796,203354,25204,7426,243050,508608
8833,7204,380045,27018,9686,237025,709422
5685,5667,151938,45908,7167,159244,396997
7889,7352,172036,27871,8037,180516,422960
3278,4685,181746,52352,6574,209215,509960
5260,5666,293418,49612,6759,306652,689885
5778,5796,162702,50370,6482,197666,463831
5426,5815,144669,29871,6870,228402,440664
4371,5111,170304,25834,6852,225970,478349
5778,5463,241476,26334,7592,157262,460071
4315,5148,404760,26019,8129,339754,840495
5074,5667,178506,26944,8056,178047,423442
3482,4926,170381,36260,9926,228671,474757
8926,7167,195572,51778,7093,165351,455035
5666,5760,375745,28888,7982,152159,595941
3574,4963,823640,27685,7963,286724,1177030
8185,7222,161422,46426,6907,151891,418016
5981,5852,171020,26537,7593,153126,391442
8314,7037,302693,34611,11111,324619,704810
4722,5111,130179,29056,7815,174133,371442
5167,5777,145907,41000,5148,166832,390164
3629,4778,174875,28556,8074,323973,560052
4352,5130,234140,38444,9167,188080,500331
9018,7149,370664,26537,7648,151666,608219
6074,5908,182854,40129,6908,195791,458053
4185,4945,172841,29259,8278,360507,638311
5500,5407,203587,25852,7815,123726,388534
3593,4907,347760,24296,6685,177311,599885
5111,5537,148616,35537,10315,164511,389497
5518,5519,168103,42852,5167,179727,426534
4129,5093,216368,25852,8018,304092,580441
4778,5222,269170,48833,6278,825064,1181475
8796,7944,346398,24722,7834,150821,598385
5574,5759,148625,39871,7889,180502,407627
4926,5407,173834,51797,6537,375662,670292
5519,5592,227396,28629,7871,150546,443757
4056,5407,343142,65481,6371,309409,787310
5611,5741,150332,29407,8185,188907,407275
4944,6000,160189,27797,7666,231883,464886
3945,5240,203843,26556,7481,263099,567738
6000,5777,148608,36703,10241,285631,535034
5074,5574,152020,25037,7501,178033,410479
5482,5444,164544,26704,8352,163824,394128
3630,4963,176846,25870,7815,260318,521312
5130,5500,313370,39241,8685,405792,829218
5481,5834,348986,70556,7278,152584,618496
3630,4833,151788,42722,6149,158895,387109
4648,5555,169886,50167,6222,175168,431256
3240,4889,242818,24889,7963,267679,573793
11889,7685,317435,27203,15093,237081,684719
4814,5297,152143,40074,6759,181892,410479
3277,4778,204926,50093,6204,380107,669459
8333,7352,197932,25370,8019,154695,418831
3130,4593,384085,38778,4852,357113,809422
4666,5445,153035,29092,8500,181963,401720
3204,4851,1515433,47963,6518,1302829,2906464
8074,7833,145861,26426,8000,203637,433905
6111,6333,329830,25963,8074,446369,842458
7889,7203,351909,25260,7796,262421,679699
3649,4833,148969,24815,7704,182288,392980
9112,7462,209327,53426,6760,385206,724274
5944,5945,225406,27426,7907,150036,439923
5389,5537,417986,27222,8019,228843,735940
5444,5889,167825,39166,9556,160359,409257
7629,6760,699145,68241,6926,530088,1339103
4463,5222,209280,28092,22148,173700,482515
5611,5759,298582,26055,7889,255026,642459
4704,5537,155346,36092,9963,167671,416516
13889,4500,153907,44556,6944,346035,586756
4018,4926,173079,39463,9352,201696,470515
5129,5482,356807,26722,7648,221319,662996
9777,7704,143201,65334,7240,231000,518867
5278,5482,147688,25907,7889,262680,497479
5223,5518,170564,64852,7315,260859,565108
5074,5537,1139701,49407,6926,642955,1874341
8222,7722,318686,26926,8000,237681,650866
5000,5296,186858,39500,6871,238787,514423
46093,4629,155623,25648,7574,165764,427424
8185,7019,193424,66130,7055,193999,508590
5130,5351,358708,39000,9963,291177,729051
8463,7241,147879,25000,7463,180433,396720
5648,5741,164255,30407,7723,161854,396553
9222,6944,169446,24426,8000,137219,392108
5815,5796,265062,51112,7463,154194,527738
8203,7722,531439,28223,7703,325871,963568
5093,5500,144999,45203,6778,166629,393702
4112,5703,170116,26963,8555,202790,456757
5185,5445,230565,25778,7833,267932,560497
3704,4981,395812,45778,7426,152777,631385
8259,7352,152539,36222,9723,173421,406405
3500,5037,173600,25685,8204,204323,459515
5370,5537,196106,66426,7352,147058,448090
5926,5889,357778,29333,8000,145571,588108
5167,5389,145060,40760,7000,178844,401850
4167,4981,167177,41852,5260,157635,418479
5075,5222,167442,27259,7574,150686,381128
3482,4852,276595,37648,9834,219290,608737
5574,5519,343675,37223,8666,221432,673515
5630,5648,305236,24278,7889,314649,682848
4315,5204,173260,63796,7185,252923,550867
4426,5148,225099,39111,8889,202972,503034
3815,5278,323734,26630,7518,282874,684608
5611,6074,188554,25889,8111,240481,518238
9722,7722,176782,28296,7963,151050,417942
5649,5666,199435,37445,9815,145692,420257
3611,5260,127736,27741,7759,329020,522793
9204,7685,148723,25501,8333,178774,397035
3963,4945,167025,25667,7907,157973,404164
5852,5611,168605,52982,10259,914685,1179216
5667,5944,256944,28796,7704,255127,592867
5278,5407,349468,38482,9204,192547,618311
4056,5185,148102,44241,5315,169914,397553
9204,7222,175034,27852,8260,157149,420942
5667,5629,229706,49982,7278,181735,500145
3797,5018,323008,32259,9426,258211,663311
5500,5574,198976,45259,7519,411186,694773
8685,7648,175204,29296,8000,149128,396664
3760,4999,199636,65963,6981,167122,469090
8037,6926,442882,29593,8111,192818,724589
5186,5463,196497,48723,6907,194370,477627
3426,5000,171669,24945,8370,151125,399849
5037,5389,168046,50370,9833,187212,446016
3501,4888,422107,45112,6444,160797,664348
8834,7518,121019,42408,6333,160405,365906
3908,4907,144229,26963,9222,267269,510090
5408,5833,174030,66371,6370,270800,545794
3704,5111,230202,50907,6612,171332,503775
5000,5371,401615,27019,7759,172677,639737
3519,4814,210399,45703,6797,153691,468219
9407,7871,175311,29592,8019,422092,703848
5278,5574,197909,67667,6759,158051,462757
8167,6871,321933,27463,8389,199897,591960
3260,4777,967922,41315,6648,168627,1228789
5389,5611,162407,25722,8000,159462,386165
6334,6259,180171,65945,6389,232418,517460
3592,4723,347714,26352,7815,336614,747143
9426,7704,415201,51723,6500,271183,815051
5722,5834,183835,25334,7963,170106,420368
8760,7166,207249,29482,9018,381563,660071
3889,4796,611903,25278,7778,369146,1081957
5278,5593,221537,54797,6888,226608,540497
3371,4703,162024,36889,10463,176844,414998
8741,7074,170826,26297,8037,168616,409702
5982,5685,193331,51723,6889,241091,561571
5833,5444,369467,27037,8037,421195,856161
8426,7555,146805,27871,7778,176692,411794
13852,4537,148959,26778,7611,324057,542405
4555,5019,177853,25852,7703,149497,386960
5500,5574,342118,43797,6611,159082,581867
3426,5167,349512,49778,6203,182170,623774
4630,5166,205166,31315,6777,221721,495923
9352,7537,177393,50815,6871,184123,475442
6186,5833,237010,48704,6685,240246,567127
9760,6759,384071,27426,7963,147944,603349
4149,5351,215743,69074,6334,201384,524368
8352,7334,173377,25204,8037,208453,450905
5111,5408,194253,23611,7778,254577,512941
7963,7018,343315,37056,11259,171515,596848
4630,5352,151560,26352,8037,178863,394776
3981,4982,164510,43815,6611,148451,391479
4445,5315,175830,29482,22926,179222,436702
3445,4833,349207,37815,10037,436955,880902
6111,6037,347213,49685,6815,191284,638570
8963,7445,151495,73648,8371,158280,428220
5203,5574,173390,39352,5648,186275,454182
5296,5704,220857,30963,8426,258380,546959
4797,5241,397419,84204,7555,777240,1297178
3130,4945,183813,27388,7445,250517,520960
9093,7518,185393,42148,7500,168642,440757
4926,5444,196509,27001,7592,280451,539201
3741,4778,336959,39297,8889,367906,777940
4408,5333,152631,41982,6759,160163,390813
3463,4741,163543,27241,6796,165899,392460
9000,7185,174123,53445,6611,978166,1281659
6241,6130,208462,28314,8241,283128,563349
7926,7389,810210,68815,6537,176099,1096994
4055,4945,208769,28611,7111,203062,500052
8481,7000,165330,30778,6871,187908,427127
8574,6963,223077,25426,7851,289754,615589
6185,6000,357305,27333,6148,215211,641441
9445,8055,153310,25425,8019,214614,438090
3519,5148,176296,39278,9148,431792,717292
5593,5722,190376,26167,7592,294103,547516
3592,5111,340030,22426,6944,230986,664422
5629,5537,148646,25704,7648,177019,390220
3556,4833,160429,25704,7777,169514,392572
8593,6963,166619,25260,8426,260007,529553
5482,5555,322255,38241,9222,290093,689070
8389,7204,351242,28148,7611,247032,667960
3574,5000,149747,71019,7333,420212,693811
5723,5463,173863,52741,7370,158171,423146
3778,5056,227702,29982,8426,262905,591645
5074,7074,397134,41574,6445,159862,637015
3371,5111,182917,26166,7241,266340,512997
9593,7741,170644,38130,8722,168113,440350
5408,5629,195650,52741,6870,160311,448109
8981,7148,360008,25630,7703,177564,606237
3963,4944,145013,37018,11186,160559,397924
13889,4370,151759,64037,6685,156813,417183
4075,4740,168746,27907,8167,261326,518664
8371,7018,244510,37889,9167,179339,521145
5148,5778,344997,28760,7777,265944,677255
3278,4814,909653,36481,10130,238470,1240881
5222,5371,172341,50574,6907,190231,450516
3907,4945,227198,28334,8203,249873,577311
5111,5685,316315,38574,9130,146941,538737
3296,4741,166728,26333,7648,164437,394405
9704,8148,168122,66871,6722,149968,444368
5426,5629,609647,55667,6019,325495,1028049
3463,4759,343040,36889,9945,189474,631403
5333,5463,153472,26333,8019,173545,392498
3556,5056,162606,28759,7389,161503,404146
5370,5500,171242,64704,7037,268366,539626
3223,4888,348100,39537,9352,401007,825088
9315,7352,417142,26537,7481,151058,637774
3371,4685,152388,39166,8611,260351,523275
5574,5870,171560,51685,7056,339011,597552
3204,4777,237158,26704,23778,174247,490775
8482,6851,471238,46148,6667,166610,726237
3685,4981,183169,39574,6333,207774,497663
5389,5629,174896,28167,7259,193583,434775
3297,4704,195420,67296,6982,148318,446831
8389,7000,275685,52092,7185,210738,581885
3612,4999,151728,30907,8074,168697,403924
5481,5778,163473,26241,7222,158543,386645
3352,4778,173941,49945,6833,252371,512590
9296,7667,340336,28537,7723,458010,888310
5518,5612,348452,25408,7704,273913,685866
3444,4722,153273,25611,8019,193132,423756
5519,5555,175334,50500,6870,401255,662700
3537,4981,229858,26981,8130,265528,593848
6352,5444,367531,35240,12834,178244,625478
3334,4870,156072,28667,9111,201759,424794
8685,7370,170818,41538,7296,320456,573756
8908,7740,188065,29963,7889,291432,551108
3537,4796,345848,37037,10667,265278,712922
4759,5574,842521,25667,7648,396323,1303103
3629,4963,159174,29111,8555,157936,383905
8759,7185,173401,25204,7796,254578,520978
4871,5259,337129,25000,7611,153053,552590
3889,4907,348505,52055,5982,180603,616663
8667,7518,183065,25649,7592,171673,443775
6482,6148,179422,49741,7315,987329,1255308
4889,5500,227780,28445,8074,241106,550127
5019,6518,413397,40926,8963,249969,744644
3685,5019,196883,26371,7944,202207,479220
5093,5259,172648,42555,6778,151795,404220
4575,5333,198524,28370,7982,238992,516942
5389,5537,280103,49519,7074,182893,550756
3759,5482,151275,28778,8148,170519,403775
5389,5463,157928,43075,6926,148569,387609
3759,4963,173323,29241,25555,211471,493015
3222,5019,331736,38426,9278,367815,772310
4944,5445,348056,28408,14796,166051,605348
6260,5833,199321,98815,7648,162102,499627
4186,5111,175511,30352,7130,220652,461757
4963,5389,227628,26204,7981,267573,558238
3592,4741,381115,28556,7518,150122,596404
9278,7889,185935,47593,7518,156618,435590
5278,5222,172274,26778,7870,187095,425664
8926,7129,189872,66574,6759,362347,661996
7963,7055,292266,29501,6833,175656,537756
4870,5259,151401,40926,6889,160060,388757
4259,5093,167332,28593,7926,194424,429090
8093,6944,168597,50834,7611,156197,437294
6297,6018,251936,28519,7778,286968,639200
7037,6945,1127314,66963,7000,408288,1640806
5037,5537,204280,27278,8667,219328,524108
5945,5741,171100,68852,7000,403933,680867
5056,5370,306643,26648,8186,199446,570645
5093,5388,854354,28389,8129,322177,1279178
5852,5667,180505,24723,7722,203825,448109
5074,5370,172233,42982,6963,382356,632607
5759,5667,188220,26963,8055,195111,446794
4333,5333,343596,50482,7167,178141,627496
5815,6019,153490,28833,7834,171267,393757
4259,5167,165625,26055,8019,171947,416608
5185,5741,177168,24944,10852,235145,480201
4463,5074,328284,42093,5555,349915,752310
4112,5389,232474,27334,7314,215912,511609
4297,5537,208998,70685,7037,151536,490405
4371,5055,172319,44611,9408,147345,402850
4204,5241,224176,50685,7148,241210,566293
6889,5908,394200,27945,7240,172963,636293
4185,5018,154632,65778,7018,224533,534052
4852,5574,177248,39648,9093,393897,647460
3722,4815,197624,27833,8037,267022,542756
5574,5907,286056,50685,7055,203646,602626
10149,8055,153338,28463,7426,241122,489590
4908,5537,161862,28352,7963,303894,566052
5667,5518,169275,50852,7148,206723,466368
8926,7740,263355,26907,7889,230032,598811
4944,5630,415471,25056,7889,368709,865309
5315,5611,173828,25223,7889,260835,569441
5000,5315,178037,27760,6592,188387,431868
5111,5648,220136,38944,9148,160048,455108
4260,5111,346141,62185,7444,206485,664645
5778,5741,207331,27778,7815,236499,517219
4074,5148,175022,86649,7703,311993,642293
5204,5408,189823,26593,7518,250192,503034
4371,5278,355014,29111,6500,179519,600034
4574,5074,149001,26352,7666,174868,387405
4000,5185,157414,25593,7870,166955,386202
4056,5185,246123,67575,7500,186559,547590
5797,5889,413703,25796,7018,883123,1363363
4018,4982,348078,50149,7296,246658,713977
5056,5500,205880,25407,7722,193636,462646
4112,5222,176515,49037,7204,174371,436424
5019,5593,218835,28185,8204,148921,432591
3908,5203,404601,56537,5241,185340,692756
5629,5648,173180,26703,8352,281244,521108
3760,4888,168759,37685,9112,276367,530682
4463,5278,195376,27296,8222,185752,448405
9482,7926,287474,36870,9704,336948,722163
5482,5833,1223907,65500,7630,159010,1486547
4963,5389,157947,28815,6778,159273,399906
5297,5444,166601,51926,7185,647135,906088
8278,7259,691811,28278,7944,321257,1084623
5167,5351,423390,43037,5408,382438,881198
4834,5463,173450,25852,7759,191140,428572
4592,4963,171030,68167,7222,331078,603792
4019,5037,224980,39111,9093,151814,485849
5759,5907,327356,48334,7259,200085,617385
9092,8278,221435,37370,9667,183618,502626
4981,5519,173199,26908,7963,167502,405256
4648,5241,191686,36963,9352,144978,413442
9167,7203,359563,24889,7722,175194,603756
4889,5297,469198,40666,7074,283372,852977
8833,7630,149499,27537,8037,169054,406405
5741,5871,173967,51500,6982,258474,520516
5129,5778,248566,29296,8204,206209,525959
9204,7445,363552,44297,6944,283869,768107
5667,5833,179595,28704,8000,233143,480960
5167,5667,172322,41630,9463,420007,692515
5352,5759,216013,25500,7722,123466,403460
9370,8704,372778,68000,7630,161773,667088
5074,5666,151969,40703,7352,239363,472515
8130,7259,373159,28556,7481,169652,663440
5297,5555,190294,28593,8185,239740,522275
8334,7351,358615,26352,7296,154234,582626
4407,5389,136971,46000,7408,155656,391516
5444,5723,153976,42463,7019,148799,383535
4037,4907,169371,28149,24740,213256,465404
8981,7389,272470,48277,6852,147473,527330
5260,6518,348845,28278,6648,177226,592923
6648,5722,179702,51834,6500,191221,462608
9575,7870,208263,40908,7703,294252,586756
4352,5370,881770,30444,8038,224223,1206882
6000,5926,380237,36223,12704,190221,652682
8130,7314,156354,39555,7056,188829,426849
7815,7074,172322,26796,7426,192509,435053
5703,5667,190512,29482,8037,246707,508552
8186,7314,269407,37445,8852,185979,535368
4352,5352,747821,25944,7278,310080,1158105
6203,6037,152307,24907,7871,423079,637274
4167,5296,175960,35963,10019,212519,465812
8629,7908,241576,67964,7222,224605,626348
4667,5259,428027,73500,8018,266580,806921
7556,6981,154309,28019,8148,272929,510756
5945,5944,217575,27166,7926,263293,547738
8481,7389,217098,37667,9148,166511,463904
5648,5518,391512,41130,5518,183374,670737
5315,5537,154627,25723,8074,198148,418590
8093,7241,168836,32759,9093,409252,653626
4092,5241,190601,29463,8945,193748,453386
8481,7445,387329,46500,7759,231648,724921
5759,6074,760169,30926,12648,355917,1192641
4112,5296,163321,43445,7055,145177,405387
5093,5500,172974,29204,6333,174949,413257
3870,5315,321795,27778,8056,146072,533404
8186,7277,117226,41186,7185,159827,376443
5445,5500,1740809,29259,8389,211550,2024248
6611,6629,174238,68111,7555,385130,664922
5241,5592,223465,30630,8315,287180,605256
6334,5778,391711,35741,7778,158525,626423
8260,7203,180124,26463,7167,283484,544590
5630,5518,173888,26704,8371,148924,388849
4982,5518,191950,55389,6204,204159,488794
8297,7277,1062531,27574,7148,203944,1334604
6056,6222,366165,38926,10037,140314,583942
5074,5685,154095,27797,7277,171662,391664
4019,5092,178675,53426,6778,166452,433053
4463,5425,244218,29481,8111,274965,598848
6186,6074,334852,38000,9315,142700,555423
4518,5389,170488,25463,7555,351824,584885
4000,5259,172197,35926,10722,397541,677922
5741,5796,215443,27259,7778,249128,532293
9482,8185,384245,31704,9444,390399,849551
4019,5167,170379,35296,8593,255248,522720
5612,5851,171607,27167,7574,148150,385313
4038,5277,189983,28963,7704,269125,550460
4630,5333,281803,39297,9759,173157,550201
6314,5963,137142,43667,7500,156949,377201
8555,8000,152110,26834,7648,187702,411534
9111,7093,171523,51185,7407,169512,453572
5648,5408,247769,27333,7611,280506,595200
9000,7074,346479,50167,7592,303851,741440
4315,5074,203131,56723,6685,266124,564644
8759,7593,204211,51537,7611,295360,592144
3870,5056,223013,50130,7148,231058,562071
6444,6000,315408,50074,7093,153793,559256
9759,7685,154876,67630,5259,293381,572274
5944,5778,178937,41000,5907,412856,671162
8908,7425,182998,49482,6907,240092,531275
5649,5870,277207,30018,8056,256919,604627
9185,7130,142045,43296,6815,841838,1070234
5129,5982,162995,43241,6981,147059,407608
10130,8129,634854,33704,8018,277159,1016550
4778,5463,251117,55074,8204,261639,620552
6333,5889,415364,41000,4981,319187,824384
4629,5334,151072,69593,6704,333146,590663
8204,7130,210041,27481,8241,363696,676459
5315,5334,756177,50203,6537,348039,1194753
8259,7704,140273,38482,10148,300797,547089
5777,5797,152538,26074,7889,246922,475608
5130,5500,175377,37389,10037,280101,561367
4852,5352,191531,65870,6686,190318,502497
5278,5370,306611,39500,8667,150534,535349
4703,5111,472728,27555,8445,381878,956994
5593,5482,151861,43056,6518,151637,383702
5130,5666,169219,28963,11667,180057,438609
6000,5611,242669,49704,6519,242327,596867
4667,5759,332174,28426,8075,221155,636681
5963,5852,155124,36241,10055,292966,550256
4963,5593,213370,41223,6888,295071,587478
8981,7445,206116,27685,7704,151159,444608
5444,5482,389900,41722,6371,163262,634552
7963,7037,153498,32092,8352,202741,430683
4908,5555,172003,38130,8889,154698,419961
5389,5519,186416,25889,7444,240137,514294
4519,5500,375107,24278,7611,203074,655885
5315,5333,129631,34833,10815,199238,404683
4537,5555,149414,30315,7611,399138,616811
9111,7444,174475,51278,7037,223597,492127
5538,5759,239165,38260,8851,194128,512683
8759,8000,416764,55074,6796,416546,929457
4056,4982,155064,40056,7000,177507,409943
8944,7482,170144,28148,8278,145502,387609
4093,5055,223928,65963,6426,204884,532219
9556,7574,391878,30722,8463,1185538,1651583
6296,6000,290513,66223,6759,171576,573275
9018,7037,218018,41019,6222,877235,1226900
7519,6907,1185637,30185,7870,228948,1487362
3871,5259,378455,53519,6351,273467,776403
6278,5926,143163,28741,7889,170501,382998
5074,5723,155909,42315,6667,145755,397313
5370,5500,175767,29815,8500,189119,434219
4630,5259,440292,36166,9963,324982,841384
4852,5722,438520,25111,7055,176477,676978
4018,5037,152284,58722,7852,186121,452423
5593,5500,159881,38982,11426,152783,396553
9111,7537,207276,26241,8093,285924,562515
3907,5056,382541,29444,8296,153160,603441
7797,7222,156360,47797,8259,310266,557349
3926,4796,174125,28963,7815,144984,386294
7815,7241,185019,49574,7093,152033,427423
3612,4963,278747,28093,7796,239323,619460
6167,5981,452013,64055,7186,337426,913772
8519,7851,147314,62056,6518,314517,576904
5018,5556,168985,67964,6944,295678,569867
8574,7204,234973,30666,8963,264450,600311
5759,5926,880221,39537,8870,480234,1457547
5629,5611,151428,26760,7055,307569,548367
5370,5667,173322,50500,7426,330582,590052
4185,5241,219272,40778,9722,188966,485219
5240,5519,385500,30445,8259,156718,612700
3723,4815,156208,46241,7278,240196,489516
6093,6000,179288,29056,7648,145709,393757
3759,4926,189127,50722,6704,265963,566052
4908,5444,406948,43148,6222,1180284,1668602
3537,4852,1200381,28055,7833,377925,1640175
4685,5426,149754,26093,7907,168874,398424
6130,5667,172630,29593,7351,176275,416368
3574,5129,244543,27741,7704,155621,495145
5852,5630,345456,38889,9815,201633,656348
4852,5167,148368,43186,7092,497702,727829
3834,4907,173152,54000,6333,169994,432257
4519,5130,227583,30204,6759,175099,485720
5982,5556,380496,44000,6593,159555,621812
3630,4777,153705,29519,7667,225533,462127
47611,4703,143526,36111,10185,164047,426034
4722,5519,183104,27760,7203,1825013,2073747
3759,4944,331389,28741,8185,199460,595515
4889,5555,132004,27667,7815,173994,387257
5945,5592,152251,68593,7037,166913,425850
4371,5259,175793,30241,6870,211334,452738
3260,4907,318243,26241,8222,147495,544738
5852,5834,392952,29963,9741,144044,608015
3815,4851,148754,25556,7203,191448,401016
4833,5574,167204,30907,7815,327682,582792
5389,5334,209135,26574,7648,180011,451664
4556,5111,401993,42685,7204,276132,757329
3852,5167,162757,62963,5463,293295,567293
5445,5518,170670,43481,4723,423437,672070
4408,5518,181713,29351,7945,279340,525794
4037,5148,415126,43778,6870,254166,772995
4889,5259,143890,36611,10611,160312,380128
3389,5037,150525,26907,8704,166140,397109
5648,5611,174364,50889,6555,399652,659848
3556,4945,245535,27815,7722,291017,626719
6555,5445,370467,63778,6333,212622,697051
5574,5666,179751,37203,10204,214766,474886
9926,8129,175719,28592,9611,209242,478330
5556,5277,210095,49926,6481,207162,508775
8093,7407,406119,50796,6556,167655,681459
5371,5426,170734,51445,6704,219299,480442
8685,7519,171647,36611,9685,159258,428201
5203,5334,180949,49259,6371,171381,441219
8407,7260,310306,38223,8851,346041,750144
5278,5593,1151666,29092,7389,239234,1459455
9167,7685,149336,43592,6445,155458,407942
5593,5482,175989,26852,8463,156860,398739
5463,6075,237031,29667,8315,157651,481127
5130,5370,326538,25129,7741,162756,553886
9778,7833,154524,35445,9611,266973,525849
4908,5981,205511,54482,6593,357818,687237
6092,5741,211924,30963,8407,234166,518348
9888,7352,301282,49648,6444,163197,575644
5297,5667,254342,27574,7741,269913,591886
8760,7722,176866,29963,8166,385223,633293
6111,5926,189186,24259,8686,167626,422701
8926,7389,356377,70204,6759,365100,831958
5074,5630,370808,38278,9667,142595,588034
4815,5796,149925,30185,8352,169499,388794
3704,4999,174579,50703,6649,249344,534663
4908,5592,244732,28537,8056,270079,578775
3704,5074,419034,35370,9871,303220,826717
6444,6222,153447,42018,6445,175033,409534
5056,5777,209767,39556,9463,306045,592293
3630,4889,213124,28315,8740,271133,575812
4593,5278,332907,69278,6722,358403,793181
3889,5222,153561,36518,8148,250308,530312
5167,5555,170547,25797,8407,426820,659014
4315,5185,181072,36944,9222,154630,442720
6037,6037,352596,30167,8148,169494,592163
5130,5518,137397,43741,6667,159305,392424
5185,5500,149328,29501,7537,167465,383979
4537,5296,169297,51852,6648,244312,501201
3704,5037,243376,38648,8871,142843,458534
4389,5259,431623,40519,5055,208892,732977
5574,5556,155220,35945,10055,204129,435924
10352,8203,177689,29871,8518,308475,559756
4574,5445,145397,28852,8945,180729,393627
4259,5111,973461,28611,7982,317809,1358251
4352,5093,145149,42482,10018,164849,391035
3945,5092,172655,43389,5296,314972,563941
8815,7426,182383,48037,6500,245207,543016
5222,5519,356795,33371,8889,158404,588663
3759,4889,146615,44426,6408,154975,381794
8667,7425,149029,64704,6314,262228,553885
7556,6000,167274,29722,6093,266463,526608
9667,7741,240261,39000,9667,208865,532330
5371,6370,1103824,51760,6407,288519,1495954
5741,5926,146754,59981,6260,150762,396646
8926,7223,174611,27055,7352,150146,410331
5611,5500,206042,27852,8130,237992,511663
8759,7574,293789,27870,7352,247689,628218
5037,5370,180220,36278,9722,238315,496071
8686,7796,169188,42130,5574,157272,427627
5241,5463,179157,27685,7796,270063,516997
9352,7796,378792,70778,6518,256889,751125
9037,8074,352538,39482,9815,214995,653663
4685,5815,150228,69019,6407,419731,692681
5777,5667,169363,66852,6871,387633,660922
8852,7371,237017,28463,7463,265313,609756
5389,5555,666024,66222,6759,175305,962161
4871,5555,149658,33815,9296,244340,467276
4333,5222,208756,46315,6648,316408,603959
3667,5000,208964,38315,9222,193181,496516
5908,5907,372341,31740,9667,342396,787070
4019,5315,172105,67185,6889,192855,469590
9222,7778,170147,28759,7926,149610,410757
5352,5426,177171,68241,7352,386473,669404
8186,7314,400900,36333,10093,236745,719089
4111,5186,136107,41352,7537,160464,390053
7444,6889,145614,40759,5574,162551,389516
4019,4925,339731,28463,7815,239432,684089
8537,7778,231032,36611,9333,146318,456442
3852,5055,408742,40111,7092,146255,646403
5555,5723,150801,29760,7203,176197,396368
7612,6759,204844,42241,7093,346652,668571
5519,5629,207535,29426,8222,239129,514812
3815,4926,325522,48333,6482,385547,794810
8815,7166,148528,27814,8093,190823,410572
3778,4926,171680,27741,7000,168762,419479
5722,5611,176075,37445,8778,225403,477404
3796,5074,489914,51001,6740,282470,859217
7908,7148,350049,30370,8149,247984,705367
5407,5260,146368,39352,9130,158944,384849
8259,6963,170967,35833,6556,198660,465238
8518,7537,237640,27759,7741,282968,595830
8963,7852,331923,26593,8037,268110,694274
5019,5426,171465,55389,6185,187421,468109
6408,5870,200896,34815,10241,385211,662200
4463,5129,209013,26055,7463,263170,537626
8259,7074,375982,34444,9741,151386,622200
5611,5815,148746,25129,7908,203956,418812
8815,7722,168214,42982,5444,396357,648293
5519,6055,173905,39741,8759,182167,453275
5445,5685,263002,29889,8630,243513,575849
4314,5093,147915,43630,7130,156693,385905
8851,7612,149235,30074,7741,168744,391664
4000,5130,170074,51241,7055,143609,418164
5944,5871,247617,29055,12574,179140,500738
3814,6149,844901,64297,6666,384776,1332196
9519,7963,173720,49185,6834,189258,456053
5723,5925,177337,25908,8240,229272,508516
6260,5870,208768,26889,8130,253840,531386
9537,7592,385922,35834,10018,209019,693755
5426,5407,152260,52723,6704,202626,446423
9222,7629,338637,29037,7982,289341,702681
5223,5333,182956,27445,8130,265614,539275
9167,7611,312981,27148,8315,212386,597126
5334,6055,122838,26759,7945,173956,364535
9611,7592,143325,44833,5204,158784,389571
4500,5204,174533,34741,7834,169649,415090
4963,5315,236187,65001,6629,149643,491072
8741,7667,140118,48723,6648,330082,563256
9259,7204,153364,37223,9407,189466,442164
7223,6407,169963,29722,8481,148369,393572
8204,7204,204190,66037,6593,754785,1068383
6167,5888,379419,29463,8370,428244,911828
5741,5741,152256,35260,10314,163575,394572
8778,7611,169280,41075,6814,435771,708181
5444,5574,175379,26222,7704,149323,387127
4611,5204,283533,29703,17741,215539,598256
8519,7870,125112,27203,8019,172497,369072
5778,5852,149931,44686,6444,171362,405349
8204,7370,173715,28186,8463,148301,393479
4371,5259,231295,71019,6907,153684,493442
4630,5278,340856,30740,6500,183641,609497
8555,7408,155027,37908,10722,297321,561774
5093,5574,175996,40074,6518,401482,654811
8630,7759,202557,50019,6314,180959,475238
4704,5240,325378,32519,8296,235785,646626
6574,6203,153828,42111,6981,159782,396960
9408,7370,165833,62815,6666,410757,700144
5574,5685,178357,28759,8333,251697,499442
8018,7167,360695,52038,6981,241134,716792
5055,5704,141460,28407,7648,170983,380942
8500,7240,152280,43223,5185,188458,442293
5833,5815,170804,27555,8334,239601,479071
9112,7314,227625,29185,7481,204058,504034
5907,5926,393815,39167,9037,394661,901420
5685,5667,691784,28315,7463,304876,1065031
4037,5444,172863,26963,7982,149227,387127
9204,7815,197720,52333,5556,201314,493849
5611,5722,316782,36944,10074,245012,642682
8315,7204,147601,64556,6592,176212,430535
4166,5297,173829,40796,6148,415575,683829
6037,5778,177834,30666,14760,183182,437701
5185,5815,854138,30574,8592,586891,1526862
5982,5815,187882,50259,6445,237652,536479
5075,5314,146777,67278,6888,406702,675830
5408,5426,176615,26055,6686,199308,439127
4574,5297,235306,27351,7352,156007,487720
5611,5315,407459,38426,9334,151055,637274
4111,5204,159113,68426,5129,260144,522349
4722,5222,176544,28149,7777,146899,388794
4464,5555,214605,52760,6851,193670,511609
6426,5833,326185,25945,8259,240404,634163
3685,5037,160987,64870,6296,236845,507145
5203,5537,170159,26741,7889,449300,683477
4130,5259,182238,38222,9834,160630,416275
5112,5463,373447,43130,5407,212549,664941
4260,5092,352212,39204,9352,142433,568497
4166,5056,146291,31185,8241,158836,389997
5852,5723,174259,65834,7203,370959,647515
4186,5148,241080,31240,25426,220899,601163
4760,5388,342679,70129,7408,383909,865625
5556,5759,159832,64833,5389,212110,473609
3944,5260,180836,31463,8630,158920,424738
5537,5445,209287,26574,8092,140674,413313
4334,5314,379756,40130,6944,178389,634608
5111,5741,153186,28852,8241,308940,530219
4222,5426,175969,54667,6945,390286,659236
4518,5389,182957,38685,9722,183745,467219
7759,6908,342628,28723,8870,162979,577663
4074,5019,131726,42871,6796,160160,372646
8963,7796,142751,51556,6462,284618,557867
5611,5704,173959,28852,7519,209315,450979
4537,5574,235372,51075,6629,155532,493589
6389,5352,369582,33963,7574,221655,665681
8315,7666,154624,38611,6463,176652,428812
46963,4778,158222,68537,6556,383978,686144
4592,5241,206246,37519,9000,866766,1169160
4926,5537,766123,26482,7518,172427,1005365
9444,7500,146368,30315,8500,169760,391183
4575,5296,169040,24629,7556,440327,671756
8796,7555,171472,50241,6537,163748,443867
5796,5852,310903,39704,8907,207594,600218
7796,7315,799039,63815,6500,287565,1226807
5259,5537,144876,25537,8167,194659,404905
5371,5870,168160,34796,10185,196764,460201
5427,5333,230295,29018,8019,186424,482090
5723,4926,422448,59593,6426,244288,802885
8685,7556,156490,34723,10296,198303,457405
5370,5630,175848,27574,8093,183742,425942
5889,5648,200557,52611,6907,179496,472330
8815,7408,387470,28852,7926,225414,685756
4241,5241,150660,26889,7315,227689,443146
7667,6981,168851,25408,7481,177443,430516
7074,6148,178764,39444,8908,142400,400664
5833,6056,347177,34426,9204,153523,576682
6871,6685,116348,26130,7630,177390,375831
6093,5814,155669,69556,5815,177125,440016
5000,5593,170563,56833,8908,210267,490923
5500,5593,241328,29167,22703,177299,500812
4352,5370,326185,39760,9240,192145,616329
5463,5592,156468,25167,6667,241085,459608
4426,5149,172307,26185,8204,152338,390387
5685,5908,206016,26481,7574,243574,539404
5241,6611,353133,24926,7778,153252,587996
5611,5463,152416,46481,7537,154360,391609
4370,5296,558978,26871,8129,157777,781403
4593,5593,179167,51352,7945,160996,430331
4426,5074,287377,36963,9981,175139,536238
4130,5167,127956,28925,8352,171450,382146
6760,5759,151443,50259,7407,212111,453331
4389,5093,170208,27537,8055,220512,455887
4852,5296,795363,50037,7352,312427,1194216
3778,5241,331904,27185,14148,195982,623663
6130,5908,1215281,42889,8741,1286092,2586485
4111,5426,351730,30611,7796,238822,660830
9278,7833,199550,28759,8371,272928,572941
4722,5315,377148,36130,9870,152404,606737
8019,6926,156745,43741,7297,155289,397609
4537,5241,170899,61630,6519,324116,627108
6408,6278,171145,26759,7852,252685,515090
4500,5277,404392,52964,6574,207696,715051
5426,5630,356453,52204,5685,181321,625793
4241,5389,152476,25426,8000,172763,403980
5685,5389,171389,49148,7334,285274,541460
4111,5167,247969,27667,11537,235861,553293
9241,7926,378160,50370,6926,374021,843069
4796,5278,171090,53482,7148,222574,485923
8259,7204,172781,42130,7019,339400,628570
6000,5981,204231,28649,7611,259617,530830
8666,6871,402366,67889,7741,191037,738106
5426,5482,176297,37685,9945,185459,441664
8186,7370,161747,69926,6778,401138,692719
5667,5759,169160,38945,9185,165801,412498
4834,5370,265240,26556,7648,236127,599238
5166,5389,886117,40463,6926,180636,1147234
8112,7388,148806,50408,6389,250265,525960
5445,5759,172052,39630,7796,233038,482961
4722,5889,231743,30519,8259,239865,565219
8759,7408,388378,62667,6629,327599,819551
4426,5778,1283719,66963,7574,295642,1718027
5555,5704,172870,28278,7796,146110,387609
9778,8222,198542,50112,7185,160048,453961
5907,5871,375326,59259,6796,159652,634219
8129,7389,147572,27278,7555,171927,388738
4315,5092,169207,40574,6907,161458,408794
8445,7203,180416,30130,7889,972947,1227141
4500,5685,318107,30352,8352,217186,603367
4778,5500,121852,45555,6834,158627,364220
9574,7389,176117,41129,4834,181362,458145
6000,6093,178178,39685,8963,161394,420924
4611,5278,235998,29260,8611,247591,584849
5445,5667,380374,41056,6407,385121,841533
4186,5389,155990,51908,6777,217674,461924
5241,5463,172033,36741,9537,292797,538904
4130,4889,200946,28759,8000,250644,540719
5018,5815,292414,38704,9204,174768,546996
9166,7908,153604,26741,7704,174856,399719
3963,4963,170665,45260,7148,361053,609441
4575,5259,178875,40018,9574,226012,486035
8445,7259,285177,29871,7259,186024,543757
4204,5296,129052,36685,9908,163520,385664
6204,6166,142836,36463,8722,227866,468941
5130,5629,177267,50982,6648,375192,641718
8204,7370,226995,28722,8222,257169,554460
4075,5148,448389,53167,6648,238847,787866
5722,5982,158912,35167,9834,233492,473275
9129,7260,175733,27740,7556,201098,448645
4389,5426,203979,27630,7759,255703,526275
8574,7277,369985,59890,6092,343473,847495
5889,5907,146583,45648,7130,157878,390276
8741,7833,159607,40352,4981,145466,385554
4408,4814,173038,38537,15667,186941,461479
5667,5407,423414,46723,6944,219267,753848
9278,7648,876384,39093,10259,288035,1287030
5260,5574,151776,50870,6649,212850,455627
9055,7593,167745,34240,7223,188252,433867
4056,5000,230713,38055,9223,220506,528034
8575,7389,332644,51741,6722,188019,614978
3907,5056,151816,27889,8222,257107,495164
6130,5926,174118,42870,6556,161305,418090
8167,7240,200050,49204,6389,230021,553645
5944,6093,372833,73185,7037,272996,755847
3704,5074,226968,35222,10222,231029,534867
8945,7925,159214,26908,7574,162969,393294
4315,5296,167756,52519,7167,226444,517497
6333,6093,326595,38482,8778,155216,561793
5834,5574,1139788,50481,6593,147130,1392344
5648,5944,145439,62334,6741,160317,406256
4389,5241,171834,39315,5500,186293,433924
9167,7481,222895,39556,9481,142195,446812
4371,5481,402178,26556,7870,396632,863403
8093,6962,155591,41833,6871,157389,396479
7741,6426,169151,27278,7741,147383,402349
6370,5852,194435,52018,6926,161711,447793
4815,5499,495793,37556,9778,169592,741755
5259,5574,892206,33352,9871,227027,1193974
4074,5130,209858,26463,8000,183250,456182
4056,5092,175938,30093,8537,211708,477831
8852,6926,248684,25222,8463,244572,586811
4315,5296,121764,24296,7889,177068,376405
5574,5723,153120,28797,8129,226544,447424
4389,5259,168663,65982,6666,186223,456756
4574,5259,240095,42315,10037,148421,466997
4075,5092,404193,38741,5241,155766,648793
7592,6852,151180,34092,9649,230781,460793
4444,5389,172370,39648,9519,297534,581348
6000,5574,292728,44019,7259,174528,550405
4148,4907,316511,29407,6871,232078,615811
10204,7759,622684,30204,8240,312792,1023402
8241,6926,162114,42241,6685,148032,393776
4315,5055,170805,31018,8241,246470,510737
7759,7241,282588,54371,9185,157705,539719
5666,5556,126852,26871,7740,173572,368146
8815,7518,177043,54223,7092,203344,478275
3833,6037,151141,38815,9648,192153,453349
5222,5537,228165,65148,6556,205239,536960
9723,7333,876320,37593,10129,178340,1155253
6389,6130,152546,30574,7648,175767,399479
5037,5482,149847,42297,7148,259779,502497
5481,5426,202187,27111,8648,145923,411701
5167,5667,371248,34537,8944,158564,602793
4555,5204,158605,25333,7945,175467,396960
4352,5407,1148520,65482,7055,429138,1718249
5481,5426,257560,67371,6148,433639,793939
4000,5148,257547,39463,8871,159839,490997
4482,5648,342701,29592,8241,227351,652274
5592,5296,147614,26389,7981,248773,514367
4556,5426,172359,38167,8555,183657,450146
5481,5334,227309,25500,7519,243169,556311
4315,5167,402297,30259,8000,164348,650052
5260,5518,152653,52278,7445,267325,511238
4037,5167,174029,37463,9648,421245,668200
4148,5241,200479,50667,7481,196778,484386
4500,4944,360226,32408,7814,347419,808551
5815,5759,152934,41334,7111,158582,390924
4426,5370,166236,41130,5722,435946,696033
5278,5500,173778,28722,8075,261014,524756
4241,5204,267228,69204,7945,201731,592089
7704,7703,341957,50463,7296,226206,683644
4908,5500,153387,38574,9908,228758,483424
5667,5685,1081191,32204,9370,312801,1511528
4556,5129,232547,52352,6907,151062,473442
9593,8129,449368,53037,7037,232128,779125
4944,5593,153279,26463,7667,243366,497830
5648,5982,169100,27148,7722,177694,412998
5315,5426,196956,69204,7186,180558,486423
8574,7074,361389,26537,8148,149016,582071
8593,7037,677932,41333,7056,185433,963420
6093,6129,161973,25741,8148,225395,453016
5056,5630,177663,28723,8055,212204,459887
9166,8149,705244,25222,7871,291397,1068956
4963,5259,428898,23963,7870,418246,941421
5945,5852,148513,48333,7334,231299,491257
9334,7314,173353,39222,8778,207812,486775
5370,5500,232043,50611,7204,179065,501775
9463,7278,339622,32778,7426,144911,576460
5203,5815,156739,75130,6907,165611,436590
8907,7963,169152,41741,7018,160939,416275
5777,5926,199620,41167,9852,226896,543533
5778,5611,285440,28426,7778,238131,589423
3889,5093,152908,42019,6944,160405,392831
8019,7592,158303,28981,7445,159306,405701
5537,5463,175197,50926,7056,207171,496312
8185,7241,249351,29204,7722,145461,463479
4167,5315,3527845,49611,6981,238189,3885904
5463,3519,385054,27630,7666,202350,652922
4833,5093,168663,49500,7018,174390,446590
5389,5630,229169,28204,7481,265050,563182
8889,8982,392563,44315,5759,319136,831699
6112,5851,145958,37796,10019,160262,387091
8982,7388,172870,27945,7907,344664,621811
5630,5741,196857,51185,7055,178937,466979
8481,7389,344863,25889,7481,227986,639533
4592,5315,155979,40759,7185,159538,395108
10093,6222,960764,30445,8388,204507,1250993
5537,5463,178656,26111,22352,193489,458738
4334,5185,281514,50407,7315,210890,584552
4260,5185,1915115,28852,8500,162224,2170358
9038,7870,148765,39389,7037,281010,522720
4408,5203,180438,28963,7889,191486,465701
8778,7500,219832,28611,7815,228351,521220
5500,5148,1101136,38666,10037,144228,1368455
8648,7611,474658,66537,7519,329040,920828
4093,5055,176626,38148,8759,402797,653422
4371,5481,200427,25908,7852,242995,543701
8926,8000,337118,34259,10852,416674,835550
6444,6167,694846,64093,6982,300480,1096271
7370,6963,159240,34815,9926,439423,676033
4648,5297,174375,50037,7203,184938,456646
4574,5741,254510,32278,9000,249801,575293
10259,7130,340238,37315,9166,175222,617089
7667,7130,174076,26648,7352,276736,544590
7352,6852,170192,31112,7388,146935,405516
5593,5537,227994,51630,7297,250205,568182
4370,5371,394667,27759,8241,143588,621015
5314,5667,150635,64445,7055,173604,428979
9315,7704,176844,26685,7704,150950,399183
3666,4926,199313,51185,7000,174574,461849
8630,7203,382819,28537,8685,253937,745347
5408,5426,144082,36204,9981,166545,389220
7963,7204,156588,26037,8315,169521,394701
6686,5925,170927,52667,7630,244126,508738
8186,7037,248099,32389,8296,1387687,1752546
5630,5796,126048,35741,9574,163357,366387
4667,5315,180147,65629,5982,238221,531831
6482,6277,175467,37926,8722,385937,637978
4593,5167,221176,29463,8629,287377,576386
8778,7130,380459,36945,9870,291722,787403
5519,5870,154705,79056,6834,954917,1230252
9074,7204,227303,34723,9796,211397,542238
5296,5389,331587,28130,7741,231798,630774
8019,7314,441167,36278,10333,408810,944569
5389,5907,150764,27000,7797,177437,395961
9185,7426,154510,44889,5852,407209,646719
4944,5352,176201,39444,9500,142890,429849
5241,5463,858411,28037,7648,313637,1238419
4111,5093,142489,28759,7815,300323,511756
8223,7277,152551,42463,7259,176447,414331
5370,5611,176945,26111,7463,151905,392756
4778,5685,224987,50945,7555,238584,552645
4277,4982,399141,26796,7852,370651,831476
4185,5148,145572,35389,9759,175926,411683
6000,5982,179299,42426,7056,401382,659848
4834,5296,198323,39241,9074,225970,524886
4611,5278,367551,28871,8092,159538,594478
3482,4815,170964,28315,8537,180922,436331
6260,6203,157710,29538,7851,160381,387850
5185,5445,1107587,60352,6556,183367,1403584
5315,5759,150795,24908,7852,212702,426683
4296,5296,1240247,25315,7648,215652,1519694
9759,8222,147565,41038,7685,260506,505664
5389,5667,169422,26352,7537,151002,386720
7833,7278,217706,51518,7148,173755,484108
4648,5186,348600,30000,8259,218637,650404
5315,5315,152217,64666,7426,184744,440942
8426,7092,171222,28037,7870,186573,446793
5556,5333,200580,28611,7666,147604,412887
4593,5407,309585,35907,10519,204708,588774
4000,5074,152220,41722,7204,159982,406127
13852,4500,148799,26889,8055,364402,617996
4630,5482,173508,50259,7278,156897,419276
8685,7037,248125,33778,9167,274871,627533
4389,5555,119945,44278,7407,156220,373368
5241,5574,145098,63741,6278,277973,572904
4352,5056,219789,64944,7408,188800,522830
5037,5537,221017,27222,7556,251035,560126
4408,5111,347004,36796,8981,423195,877143
5130,5352,148824,43463,5481,272211,502423
8852,7870,178903,28538,6759,389241,635385
4407,5445,191427,37185,8852,168904,452108
6389,6000,517859,40185,7037,305284,905957
9000,7555,149716,26537,8130,176615,414590
13389,4593,155499,40037,7055,284980,521904
4111,5297,242819,30389,8537,190511,502923
10648,6889,251028,28408,8185,265783,588496
5815,5889,907461,36871,9537,209698,1195197
3445,4888,178077,66241,7333,190421,491553
8908,7240,175563,39149,8870,164564,441757
5944,5945,220661,28963,8370,158614,446590
3407,5149,322666,25186,7926,242088,637830
5445,5667,156672,66370,6982,201529,463831
8722,8037,176270,30556,7852,421670,706292
5593,5555,198757,49630,7500,163500,450460
5907,5723,315892,47444,5741,165716,584978
5296,5278,156230,41834,7166,159934,395220
4334,5148,170013,66334,6926,380667,652293
8574,7111,1297151,26871,8407,276525,1645453
4185,5056,264599,65759,7093,238027,606608
8278,7333,124975,28537,7722,175838,372350
3426,4796,148869,25463,7407,296277,540682
5963,5648,169559,30408,6574,146975,386238
7537,7352,219565,67871,7203,147470,478164
8648,7334,390867,29092,7537,173796,645459
5537,5704,153261,48370,7019,283718,546460
8926,7760,174655,32704,9611,149694,402980
4019,5241,194438,66315,6944,265762,595108
5222,5648,369259,28704,7815,169904,606607
4037,5074,152856,39723,6759,165104,395220
8500,7296,202048,31815,8203,281043,592015
5815,6037,171016,50889,6796,153538,414646
6426,5685,346911,63407,7019,347918,795810
4482,5018,359583,35574,9981,149581,601589
5315,5482,148031,39130,6796,244762,490683
4944,5371,172111,55537,6222,179553,443293
3889,5111,1216100,31000,8149,223631,1507102
4426,5204,403215,43871,6426,438668,938088
5481,5537,150350,30222,8000,233759,545404
4796,5278,173281,64056,6629,177587,451664
4038,5370,193638,29945,8111,147600,406220
4056,5166,299848,64000,6667,381685,799625
5519,5574,149038,36982,9944,161627,388276
4649,5203,157155,28482,7777,164418,387813
3982,4944,171530,64315,6575,419354,687144
4037,5019,347758,28908,7852,158775,572423
3741,5000,351615,50649,6518,269177,717422
5926,6111,142121,65815,6592,254340,502978
9944,8185,169756,48797,6389,150593,430516
5296,5407,232206,28778,11611,199014,503811
8260,7129,415786,39130,6907,213766,770070
5149,5685,158846,28389,8185,170170,413128
13870,4296,2418172,41481,6334,278683,2829317
4148,4185,200875,29723,15815,164974,440016
6296,6278,363159,35611,9889,147337,587792
4408,5259,1146259,26519,7722,235511,1442974
4278,4907,164077,41241,6537,163347,421405
6019,6000,176730,30259,7037,183805,430775
4501,5333,324347,40278,6704,406740,839255
5371,5370,342649,29519,8129,248255,681404
4963,5333,155432,35944,9612,179862,410442
4278,5148,169974,34667,7685,185672,446775
5482,5574,219202,28315,8463,268202,554479
3963,4889,317707,27482,7407,245585,652718
4945,5463,2073902,37685,9778,267621,2432560
5667,5870,172682,46222,7018,326020,580275
4148,5296,192168,37667,9333,231941,497219
4148,5130,392118,45704,6685,165878,638793
4186,5277,976607,29185,7908,203275,1263493
5314,5556,155332,24723,7666,461479,677403
4130,5185,248041,66667,6760,209473,559830
3907,4982,254343,29278,7778,168598,490386
9686,7518,335127,50278,6444,164148,592682
4407,5186,328613,27352,7352,183161,577423
8704,7574,173101,51333,6370,285230,584553
6464,5870,222476,29537,8148,167170,456979
4000,5112,408963,37982,8851,217144,703237
8778,7611,170061,28185,7852,260714,504108
4037,5074,547882,29093,8870,165354,797532
5852,5796,184609,66704,7259,156519,446535
3778,4778,341929,27408,7870,166216,573238
8760,7722,138804,47112,7500,155489,403109
14852,4722,149385,39722,6667,293149,564330
5037,5241,179926,49093,6741,234533,503756
8537,7148,242785,32852,8129,253694,571293
3982,4833,123104,40315,7074,162061,377332
5463,5648,148628,83519,6426,190795,461553
6722,5870,176189,28426,7889,195364,460330
5148,5426,222639,27760,7500,251765,542108
8759,7204,387052,36000,10241,170370,639033
4111,4982,154835,27463,7426,214681,433961
5149,5555,170637,37685,8889,175194,422405
3537,4833,190494,27352,7426,278058,557552
4593,5185,363574,27666,8223,169533,598367
3686,4796,152245,45334,7222,158086,409405
14870,5130,149010,27019,8166,149210,373016
4315,5111,173998,48889,7185,184407,464053
5277,5445,409670,27814,7815,288011,789643
4593,5333,977306,35593,10111,336760,1388159
3852,5037,153643,63907,7056,181225,435701
9704,7685,208149,70352,6833,245293,565164
5037,5426,219246,49741,7278,246009,567478
5907,5870,384142,28037,8148,412835,865495
9667,8296,151035,34982,10111,210111,464776
13760,4574,167503,27167,7759,283975,525979
10871,6851,195065,26037,12982,185747,457053
4982,5277,287663,50593,7166,173409,549793
9556,7611,151538,27018,7371,314385,536978
4889,5185,154414,42463,5889,157047,389461
4685,5259,176345,30963,8463,263523,508830
4019,5037,379777,42055,6982,288774,743996
4556,5296,424801,30056,8204,423990,948458
6055,5815,150195,34981,8889,281358,509404
8889,7685,210626,25593,7574,190908,470608
5038,5259,218039,25148,7241,244421,540071
5778,5704,413415,43111,7334,186673,683422
8944,7741,165827,26297,7685,274077,521978
5704,5389,169407,26037,7333,382627,615015
4593,5111,189338,49241,7278,218677,495016
8722,7222,335585,25556,7500,150097,555163
4834,5241,153682,30204,8148,171241,392980
4815,5407,161411,43555,6982,158328,400109
3389,4926,176842,28333,6759,273711,540423
4445,5241,286588,49629,7037,208705,581090
3685,4982,906761,28093,8148,192454,1163734
4055,4945,154746,24167,8296,231640,464793
5889,5851,175790,51370,7352,347430,613033
8648,7481,215554,25834,7851,271332,591626
4871,6500,390485,43167,7204,387898,858514
4482,5351,150935,36945,10167,164081,408109
13907,4685,153200,39796,6982,403223,640052
4260,5351,285558,27407,8167,198976,550553
8723,7037,339451,29945,8315,1301223,1711453
4056,5166,139735,41148,7222,160245,392646
14149,4629,147518,29000,8148,152925,375998
4649,5111,169171,28389,6518,197549,446831
5111,5389,243918,38426,9241,255412,603978
4593,5222,1130129,51574,7444,250271,1480269
13093,4185,166928,28741,7778,208606,448701
4315,5314,174119,50056,7111,268693,530163
8834,7092,222273,27389,20592,241743,547978
4870,5389,570149,35371,10222,259568,955439
4703,5334,150301,46241,6741,284862,517904
3537,5166,173826,41945,5462,166839,415756
4519,5167,192497,27056,7944,149130,423850
5908,5740,275633,36778,8945,147197,499183
9592,7593,1136640,50334,7185,156611,1406973
5259,5334,154143,25371,7759,296965,515127
8407,7315,184557,38759,8111,248682,529349
5611,5352,248766,31982,8037,261564,602830
5000,5574,888754,26185,8982,220739,1191697
5241,5444,144036,52518,7408,290813,550589
4666,5593,169689,28593,8278,172753,425682
5093,5333,220454,50870,5741,191636,500534
8889,7389,331385,27019,8463,183815,587145
4629,5445,152020,36389,9796,181422,410701
8463,7519,168988,26241,7963,203768,443609
3778,5148,191087,33166,11297,179540,441757
4963,5611,353426,25315,7704,178830,595515
3389,4815,151486,45685,7130,158493,392090
9389,7833,154233,26537,7870,172543,397387
3537,4833,173719,29167,7111,150557,390127
8704,7204,249891,25075,18463,180679,508831
5019,5092,331249,38241,9982,200877,630182
6185,5908,154995,33907,6500,258502,507312
4500,5296,712705,28371,8241,199659,995161
5426,5537,215043,52148,5963,172121,475793
4519,5259,345882,27389,8203,351503,760959
3945,5240,149720,35241,10482,199814,442442
49352,4425,146115,24667,7870,321179,600515
4833,5463,190268,49963,7278,191340,481812
5074,5333,278959,30074,8130,252167,597181
3852,5241,600687,49241,7334,189659,876181
4556,5185,156025,40482,5166,163899,396091
9500,7222,170753,30130,8203,148819,393757
4259,5000,249221,51797,7148,716198,1060475
4630,5351,344542,47852,7130,163325,592700
3482,4889,172213,85389,6759,202488,519793
4296,5037,171330,30686,8907,156020,395812
4277,4815,214762,28574,8000,255865,548645
6241,5981,388526,36204,9741,326451,795125
3982,5037,151050,27352,8129,201745,416220
4278,5111,173426,26055,7612,150683,402942
5722,5667,188227,52741,6130,171418,450238
3889,4926,326363,27852,8092,148931,538904
4426,5278,146238,30722,8482,171834,386646
3963,4945,155354,45871,7518,166606,422535
5722,5537,177397,37334,9889,151823,404664
3593,4870,250995,29926,8352,256631,597923
4778,5908,419519,42686,7240,157440,673441
5741,5481,151506,53389,6630,252880,519904
9611,7796,173789,70000,7297,173060,479552
5240,5426,216406,28945,8407,258017,540608
4612,5018,383245,29611,7945,148955,601756
8926,7945,145212,42760,7055,285933,541812
5315,5482,174940,35426,8037,157780,407980
4204,5111,191724,49870,7278,234551,513404
8389,6999,333693,32407,8186,151137,577330
5815,5962,155050,27241,7833,176541,400053
8093,7277,1187928,27037,7722,184787,1442584
4760,5629,166616,24500,7778,215956,457164
5185,5426,146473,23926,7463,215617,423886
4741,5463,590961,44092,7426,169238,857847
5370,5408,178650,52482,6630,258013,577571
5018,5482,212674,36056,11759,324248,627477
4093,5074,219309,28574,8204,289354,575941
8926,7074,966724,28297,8037,191546,1229567
4297,5166,220413,26019,7500,203140,502812
14371,4833,145011,25296,7482,164524,380776
4871,5018,190942,54519,7556,194277,478646
8315,7240,271781,31056,8389,245623,627033
5519,6000,432842,26352,7834,329115,828829
3796,4963,158959,64389,6926,398723,689496
5259,5500,175872,24722,7926,165182,400868
3945,4981,246896,25148,7574,251083,595460
5389,5389,333956,29241,8093,260317,659978
3481,5149,146146,35760,9944,193147,414479
9149,7629,207356,62519,7574,308400,620738
3722,4685,216047,30037,8111,268432,585941
6704,5426,394700,41260,5796,182536,675681
8278,7666,176076,26963,7982,268495,537089
5926,6129,177971,44648,6944,429656,708422
5389,5593,187549,30334,8370,261892,545849
4981,5408,356111,38222,9074,143312,592496
5167,5371,141301,41500,7222,158623,378517
4407,5093,152695,32186,8463,167154,390535
8778,7055,174831,26500,7685,408611,650756
4389,5315,244429,24500,7611,208439,533034
5704,7278,414416,62630,6703,343339,860458
8093,7222,164532,34704,9741,242224,501905
5130,5500,170149,32463,7370,145479,385702
4278,5481,215562,64704,7185,148973,481701
5111,5297,350641,26481,7889,231948,700737
4815,5370,147220,47760,7037,255610,500571
5111,5407,168874,42815,5537,272994,519441
4426,5240,188065,38518,9352,144100,428293
4870,5371,275107,29204,8203,264871,663922
4667,5296,662206,35074,9722,185271,937661
5222,5519,154617,47278,5889,357046,596311
9315,7777,177216,39222,8834,403891,699588
5185,5445,247832,48611,7537,861550,1197493
4667,5389,922728,37296,9926,361746,1377714
5204,5722,176417,53612,6629,252525,544942
4296,5093,169589,62556,8018,260834,543886
5204,5574,223372,64871,7240,253921,625903
4204,5093,351007,29649,8092,157304,592182
5240,5556,185698,26259,8186,187355,437738
4481,5371,165999,38389,9500,378201,654681
5315,5555,183432,25574,8129,266585,538663
9370,7686,342492,29537,7796,165357,581830
5500,5797,830406,43500,7815,167124,1081364
8074,7296,152466,56296,6260,278327,563681
5740,5482,169693,37538,9740,236156,482293
3963,5148,241866,49870,6908,226094,587515
5204,5389,328649,28185,7389,185033,577978
3389,4982,158469,63833,6926,179084,437720
8519,7074,167881,27149,7703,168746,406257
3630,4778,219017,49926,6963,211424,547404
5445,5463,433578,51852,6389,232862,777940
8130,7574,171602,64315,7056,230599,543812
44685,4389,148626,28908,8037,234186,488590
3445,5074,182427,38537,9334,231458,491386
8278,7018,351230,29278,7889,150470,573311
6148,6093,148512,29370,8482,277596,508978
5555,5723,149869,28370,9093,175462,395460
8686,6963,169078,29408,7389,251270,506664
5426,5445,242047,40000,9056,150117,472146
8704,7000,406164,41741,5852,275535,764588
4537,5222,157651,47889,5092,404624,646607
9445,8129,534120,59260,7111,163968,801551
3667,4889,219569,38741,9666,231521,564590
6204,5944,415760,26185,6926,174311,670940
8037,7500,148394,24593,7518,180381,413164
44407,4315,142845,24315,7833,331689,572626
3852,4833,187072,51426,7167,190703,476942
5464,5611,645189,31074,8463,504748,1240364
9055,7963,352491,30944,9037,242858,670051
3908,5018,152162,30667,8074,170058,406479
5333,5686,173352,51056,7426,153774,416998
3612,4981,319636,28037,7834,275749,662497
8241,7426,447050,42240,7556,177132,727089
5574,5426,150202,54093,7167,189295,432683
4018,4482,170059,50501,7388,144939,418553
5111,5352,220824,27667,23685,233932,537645
8741,7148,325719,64222,6963,236648,703792
5130,5537,157316,28260,7815,280736,504831
3611,4889,176470,25574,8241,199323,439053
9556,7444,176383,26797,7592,280244,555978
8352,7315,351630,37518,9167,155311,603978
6019,5888,447099,26944,8426,338841,866273
5241,5500,158473,34704,8963,191951,424813
4445,5185,171312,28741,7093,179333,415091
4833,5185,245688,26963,8037,276402,598774
6278,6426,442860,42371,6537,276783,804977
9278,7463,173495,25389,8259,279614,548942
5037,5741,168797,37796,8648,247182,493571
8148,7074,214635,24575,8426,263287,558422
5759,5556,339122,68223,7481,283429,728662
7963,6833,151683,31723,8129,175778,401220
4593,5277,175689,45852,5759,284364,548849
5630,5778,182620,40333,9704,208507,472331
8612,7444,357033,40908,5629,180927,620404
4685,5148,135927,40500,7315,160330,373035
4649,5333,397637,31407,8056,330877,798385
4222,5223,170252,47352,6926,228911,494905
5814,5834,239610,30019,7388,268406,574459
4167,5074,383709,34833,9963,336009,829199
5334,5611,150695,40222,7000,252765,481942
3592,5037,175090,65778,6407,174242,473534
9148,7833,200003,30944,8074,269477,581126
5315,5444,365045,28574,8241,175322,626681
9334,7703,153976,24963,7778,178503,401831
3852,4833,173741,43222,6889,384959,668811
5278,5593,179375,25815,8056,157844,398239
4074,5148,269956,37907,8852,225153,595182
8148,7223,130627,24981,7500,181038,395905
5222,5519,144873,30944,8871,171495,387998
8241,6944,171009,54537,6926,392599,690978
5056,5278,249051,39722,9722,231816,559367
4037,4981,339094,49167,6629,173644,613255
4889,5463,164136,84592,6463,198473,486145
8981,7611,178049,27370,7908,207727,456905
4074,4926,211535,28704,7889,184980,478367
5908,5333,384264,35778,10166,319399,779144
3648,4704,150046,44370,7223,160451,391109
9519,7482,175236,27501,7740,149354,395832
6575,6203,186632,50574,6759,173496,450887
8407,6760,290618,25481,7519,246563,616348
5778,5704,2305165,26093,9278,255967,2631578
7297,7370,146851,43000,6760,348479,576830
5093,5426,176801,55593,9537,175770,449572
8167,6944,232085,49703,6611,169061,507867
5537,6556,397386,26019,7518,381202,841514
3982,5111,173928,35371,8463,254291,541442
5074,5648,208452,25297,7518,418914,691348
8722,7352,200476,50371,7092,166558,460164
3612,4962,175408,34556,9833,203460,469127
5371,5648,147913,67370,6482,823544,1077253
3426,4833,173844,36204,8370,379764,626441
9038,7574,171775,48926,6685,168482,431794
5834,5722,340244,33982,9593,398139,845569
5574,5797,355305,37333,8704,159599,590349
4056,5074,146792,40259,4963,165947,388591
8408,7277,173224,26000,8833,223515,466516
5278,5463,285858,50019,6315,214397,600385
5667,5704,1186958,72278,7685,293681,1590602
4759,5333,410203,37371,8574,173534,660811
8518,7426,173597,27074,8037,153290,414479
5278,5500,204157,68852,7149,193839,505830
7908,7222,379016,32166,9037,153778,608145
4870,5371,148872,65519,6926,213606,487553
13629,4426,151545,40148,8889,393563,665181
4537,5408,176031,48648,6537,224652,487534
8278,7148,351741,35537,10093,164348,612330
5222,5555,353339,28760,7814,237417,659496
8259,7315,145862,63797,5222,191820,462349
5519,5611,168645,65574,6519,211222,505497
5278,5537,239614,39574,9019,146087,465312
8074,7185,325416,31593,15593,191562,598478
4555,5167,157625,28944,8260,168317,410275
5778,5704,176445,40555,6797,413421,669552
8740,7426,207414,31574,15685,165510,455127
4500,5185,383234,36852,8907,288429,746162
7944,7278,155776,27370,7815,176222,402146
4834,5444,173633,30797,8074,149883,394165
8185,7055,178121,51629,5612,166747,436405
4611,5352,366126,37519,8407,164352,607737
8148,7352,125760,26389,7704,178626,390516
6315,5963,154599,53019,6870,270157,539034
4389,5240,172309,35537,10204,213170,479923
5278,5481,404166,26204,8185,331348,801829
4630,5296,361468,50074,7037,146158,594052
4297,5333,152714,44852,7092,180192,431442
46982,4574,169960,41278,6407,396907,683552
4408,5574,212965,30500,16297,266087,555368
3982,5074,339026,67556,6389,176340,617700
4185,5334,156957,63167,6481,252114,519942
5592,5778,173315,28000,7889,196238,436127
4444,5352,181802,50370,6426,192344,477923
5370,5297,332307,28574,7722,165412,563960
4074,5037,947610,40297,6555,284049,1308974
9315,7648,149541,48296,6204,193568,433461
4352,5185,173286,32056,7852,245970,499164
6315,5685,233459,27166,8019,142706,441275
4112,4925,415539,36037,10741,258235,749755
8575,7463,148228,42741,7167,190991,424757
4556,5111,205141,72426,6408,147078,462572
8796,6852,199536,49889,6500,168202,459516
3611,4963,387319,67352,6834,369176,859217
7963,7074,146157,25704,7611,182989,413460
5944,5778,172570,42500,6445,312482,563737
4167,5055,178965,49426,6148,157330,437331
5278,5500,360118,28315,7463,190526,625700
3593,4833,357421,50500,6555,183243,627052
8111,7445,147406,28926,7778,192591,411553
5834,5778,172690,66166,6797,257121,547923
5555,5852,245844,40519,10092,150987,479108
8037,8203,365350,28241,7870,196480,653125
5241,5629,153540,42296,7149,177587,412850
8685,6778,170082,27407,8093,151082,391294
4889,5630,209235,52612,6740,183244,482960
8130,6833,302445,51037,6278,154459,565830
5519,5370,156802,30130,7518,173455,400331
8296,7259,168585,39278,6463,145320,394201
4463,5296,141517,28833,7667,318721,542830
5556,5592,332282,43296,6389,276511,686515
5297,5703,525806,31926,9074,337448,970976
5463,5556,144699,29185,8834,241464,457238
8833,7556,176112,26148,6389,181145,425757
4389,5037,234562,52112,6926,233175,589645
5500,5426,414197,27445,7778,184058,664311
3408,4981,347203,39834,6851,170813,593904
8537,7759,173190,31185,8204,190475,437942
5723,5740,201677,27018,7852,259784,542386
5815,5686,1150776,37167,10074,199956,1429455
4555,5463,148984,40722,6815,163273,391090
8648,7389,166618,29297,8574,145842,401757
5352,5667,176846,25871,7333,250688,493220
8500,7130,347778,37333,9093,151015,579793
4315,5334,132449,41519,6703,161864,389461
5630,5889,147399,28852,7463,176413,392998
8482,6981,166238,66667,6945,158666,434331
8093,6870,230151,49371,6815,194235,514423
4482,5240,370120,29593,7722,200654,638737
8204,8074,153125,42111,6833,159336,397535
5260,5481,200779,39222,4815,287477,596071
6426,6000,204376,30630,7611,193176,468941
8593,7296,393308,37630,6796,297891,771236
4167,4778,155443,37166,9926,161926,393257
5315,5759,169652,40037,6556,147216,394461
3593,4963,179101,28834,7704,255321,527386
4574,5259,327960,36703,10797,173148,578200
3741,4908,610669,29870,8871,460768,1157068
5982,5833,150896,53148,6482,240638,504738
4519,5370,183790,71630,7019,382595,671200
4907,5370,236666,29315,8667,259923,576515
5389,5629,422154,56407,8685,227306,746959
9851,8260,173176,24241,8019,274042,555996
5333,5426,177960,30759,8760,303388,551274
8277,7149,199039,65241,7037,257124,563848
4389,5055,393157,28796,7259,238840,698959
8333,7259,144773,40407,6704,165577,392053
5389,5407,171852,29574,8056,446922,684792
3963,4778,175320,37759,9260,148992,398961
8204,7167,323307,66815,6593,414039,878218
6111,5963,900796,26203,7704,261401,1250844
9092,7871,237188,35926,10037,257827,602237
5130,5389,170342,25055,8426,206915,465109
5297,5870,240292,63815,6463,152076,493053
4204,5277,406020,39612,6148,370382,852162
8630,7130,152228,35223,10203,289750,533905
5334,5352,172826,25723,7703,149727,388183
7777,6889,201332,30537,8445,204184,475812
4722,5222,303597,25333,7760,181400,564274
5593,5481,152991,28870,7908,175692,398257
8241,7333,165181,27408,7222,156409,391220
4963,5333,176021,26889,8463,243125,536849
5018,5445,276952,37296,9241,237767,589478
3629,4908,127716,42352,7259,161819,366516
4259,5074,153870,27648,7760,173424,409090
6130,5722,173097,29445,8389,174178,416812
4037,5037,239844,50519,6537,256097,581608
4259,5111,414461,28796,6982,169869,648422
4555,5297,153336,35722,9518,179125,424682
49240,4722,160805,42148,4945,160248,441571
4296,5167,208958,33444,24222,170318,467849
9889,7759,354167,27686,8074,176218,619478
5537,5704,157709,44315,7019,156325,396461
4129,5278,171696,26278,7500,337838,602626
5500,5685,179998,38686,9611,235721,521793
4871,5315,333429,39964,7629,443473,871181
5093,5667,1496437,38778,10000,183997,1759305
4797,5129,144866,25260,7555,1066571,1270789
4241,5166,170705,49778,6741,378347,665940
5555,5834,307673,31112,8407,422711,802180
9000,7500,400401,68463,6148,290668,833291
5056,5518,168888,35982,9796,243961,490016
8370,7408,176449,26740,8112,180141,446701
5426,5667,207713,28093,8185,282450,582867
5296,5630,910758,36222,9222,294457,1283196
9778,7278,165335,26574,7834,329902,565367
4333,5056,168655,27037,8204,150527,399497
5797,5759,174050,53537,7130,151614,416905
4259,5000,282926,49296,6278,184108,553293
9574,7760,343635,28296,8056,283972,699885
7297,7111,146233,40888,6556,228857,472535
5907,5963,173498,54907,6223,215796,483719
8815,7074,232837,27370,8019,151901,454442
5203,5426,397694,28963,8167,147877,632866
5685,5722,154644,68185,7056,236890,499645
8500,7630,168371,37315,11592,410589,661293
4296,5426,207932,27945,7722,295268,569534
8222,6926,377493,40741,5259,148707,612052
5500,5463,153794,32130,9463,165555,407405
14389,4963,148466,27945,7944,295827,517108
3870,5000,176769,39500,9463,221470,477590
8666,7612,387070,41963,5167,206629,705755
5241,5722,352669,27129,7908,222568,661237
6093,5981,146767,65241,8055,199657,451368
4444,5260,171697,53408,8851,271633,534089
8278,6963,230999,35963,9130,241701,550219
4426,5148,325061,52055,6926,217455,642700
5537,5889,148584,40389,6111,178099,404701
5538,5648,179571,27926,7907,202482,449757
3833,5333,207577,50500,6741,242235,589626
4834,5407,396175,40426,6759,180211,669552
5500,5537,153588,28907,7704,171466,392128
4204,5166,171038,43222,6611,414441,662385
4649,5333,364061,30537,8500,277416,736274
4537,5222,354382,37259,8834,202448,632052
4352,5000,133516,27519,8129,175149,390201
5629,5741,144392,59760,6814,182939,424516
4296,5223,172804,31834,8278,146952,405868
5241,5407,233348,65592,7463,221427,580237
4334,5333,852651,31259,8444,193825,1114846
4556,5185,160414,24166,7778,270083,558849
4611,5463,180531,28185,7741,493502,738144
3704,5130,206628,26945,8000,151313,422276
9667,7425,369450,61111,6592,391750,863569
4926,5519,154342,24612,7666,178563,396535
8593,7296,160700,43463,7871,389074,669126
6167,5889,177409,30945,21148,233199,495423
3833,5186,272674,26333,16778,170860,516497
8389,7518,132939,42074,7204,162040,379831
3667,5000,151407,28019,7648,170220,402387
5926,5926,169690,51426,7056,210140,492645
8464,7333,237233,29592,8426,259709,602812
5222,6667,405646,24074,7833,161832,630977
5518,5685,169707,66315,7092,236810,511849
3945,4944,176305,28907,8074,395729,634496
4537,5204,199180,28667,8166,238206,519108
5778,5666,354464,25778,7926,150755,571737
9278,8203,153654,44704,7259,159011,400627
4963,5278,167363,25630,7944,427763,677311
5759,5834,173627,38741,9334,146999,399924
8555,7463,337467,24593,7907,378455,781551
4241,5166,355806,65148,7241,222968,681700
8908,7500,146366,42463,4963,267168,497683
5315,5389,175649,40167,8852,252366,509608
8167,7037,230266,29556,8296,264342,564293
4037,4907,1777312,26186,7703,634841,2513911
5833,5056,170517,27389,8222,225406,486163
8926,7444,249468,27426,7796,323214,679181
5111,5389,202714,26870,7907,209229,479330
8315,7444,295719,38963,9315,183667,561478
6667,6907,148002,43778,7408,159940,393035
6056,5981,174082,27834,7666,151564,394128
8445,7388,167810,28444,7945,243762,495571
5723,5777,146852,37482,9870,902771,1132031
4907,6000,348228,27074,7519,245583,734884
5223,5148,148270,25518,7852,314709,526090
4074,5148,206738,57612,7222,230443,543459
9388,8334,223373,29519,8000,151105,467386
7611,6778,387657,65870,6389,158543,655589
8074,7333,149440,28315,7648,217836,437738
5334,5407,174593,41889,6186,166682,422813
8278,7019,195839,28093,7370,276269,539812
4963,5648,407012,40241,6389,197040,698181
5833,5908,152443,28777,7797,175573,398590
9185,7815,160356,26870,7723,159919,407424
5352,5482,174676,28981,8648,244470,488053
8463,7260,340811,37648,9241,171611,595312
4444,5260,129001,25185,7352,180089,388016
5963,6185,141822,28944,8149,297249,511608
8815,8000,173105,37926,7445,238003,518405
5407,5519,229796,26333,8241,287330,580645
3964,5092,400079,28371,8204,146602,629330
8370,7593,154565,32926,7908,166802,397183
4833,5482,170219,27685,8315,152001,389183
8852,7093,199354,25704,7889,263457,545127
6278,6093,403879,39907,7611,192895,677645
4222,5185,147921,34704,9666,171003,408905
5871,5759,165611,24630,8018,371941,601237
8611,7315,175709,52852,7445,146473,418220
4074,4944,370660,26518,6889,280411,715199
8148,7278,441776,35537,9037,182368,721847
5389,6055,637505,42444,6797,279138,1036420
7833,7481,177268,48723,7185,349377,615700
3463,4907,237478,49111,6685,155316,492571
5518,6963,331854,28092,7926,147162,547330
3537,4907,147433,64333,6389,245861,514719
8686,7740,173160,27112,8000,285966,562330
5241,5593,201480,37185,10074,148203,427350
8500,6777,371357,42148,6556,161547,616811
3463,4889,147343,75852,7093,230191,523442
5352,5482,163941,34333,9556,226093,464831
6149,5962,176336,27778,17000,176921,444109
5593,5407,315508,69000,6815,180433,602682
4518,5259,351366,26259,7704,149150,595515
5278,5592,144500,61722,6982,401293,645848
9278,7537,208098,50389,6481,301288,600978
5259,5648,237066,27575,25685,172912,512089
5500,5630,322646,66611,6537,279498,731088
5352,5519,149873,31259,7722,266828,508812
4667,5574,172008,50352,6204,272507,546108
5056,5426,206958,28407,23982,167613,457312
4056,5203,374594,39370,9445,437142,905439
5204,5703,144302,26186,7852,177862,388109
23074,6037,147104,45445,6778,171375,418868
4741,5463,169757,27963,8149,149851,386794
8241,7037,269448,49241,6537,186604,562904
5648,5834,128860,29241,7871,171544,369109
4297,5315,1714166,65074,6611,178878,2012192
5963,5759,176798,61982,6259,151885,428405
3944,5334,241581,30518,6741,257527,566422
9630,8129,394995,25129,8056,332390,795569
4296,5278,155851,27500,6759,249572,492700
5667,5722,172523,36630,9297,414750,664497
8333,7371,193436,67444,6871,228709,547830
5611,5704,371849,31148,8815,165314,608922
7315,6981,148354,41797,6537,165088,397497
8352,7445,157452,26315,7518,422878,647645
5296,5926,195532,49926,6574,243780,552867
5222,5463,361575,36611,8370,214015,650589
4296,5130,1005488,26019,7685,234893,1333881
5149,5462,146585,30741,8352,170746,385572
3593,5074,222775,64352,6871,175610,517738
6055,5871,231003,29259,17056,175920,485349
4537,5204,345546,49982,6851,201580,665459
4444,5204,496255,36982,10426,183759,773699
5778,5907,172983,66000,6630,360421,632237
3685,5186,200098,37241,9111,186343,458664
4000,5111,316494,29833,10093,207133,611349
5592,6093,153387,31760,8666,169203,394534
4278,5111,163893,75574,7445,373751,682533
5389,5481,171102,26352,7556,262580,496405
3852,5352,294515,31315,7593,184074,546090
4352,5296,873763,36111,11445,258989,1209178
3593,4852,181322,68759,6963,196712,493868
6055,6037,171087,27111,8278,202929,441182
4055,5260,225351,28093,8333,194942,505367
5704,7166,353858,26000,8796,151195,572293
4001,5314,150603,69463,6926,237969,516886
9648,7723,176701,39296,9167,382573,643348
4093,5093,200521,51111,7074,189680,510923
5407,5833,369824,42592,6260,323746,771903
3741,4741,147124,36056,10148,165169,387294
9000,7630,156167,39722,6556,324589,572219
5092,5500,174821,28611,7889,265880,532515
8519,7222,335030,48833,5741,310095,733829
3444,5222,349554,50686,7000,194257,645533
5574,5500,152485,82556,7740,164939,440775
8667,7389,168953,30649,7277,194600,454090
4963,5519,143273,28612,8185,300390,534923
8167,7518,396020,25093,7685,171180,645792
5260,5426,148099,52111,7296,225602,467368
8500,7426,178715,25834,7241,150930,398127
6111,5944,196351,52260,9796,250331,542145
8352,7037,312264,35352,6926,226788,655015
5574,5889,153269,44685,7315,159303,397498
9445,7555,298053,26667,8000,230481,656682
4796,5482,196872,53704,8611,250458,540478
8389,7167,327008,41074,7037,329988,772014
5555,5648,532088,28500,7982,345110,948253
8222,7519,178629,34556,9555,272201,555163
4852,5315,170616,49501,7000,146177,420405
5278,5463,232751,25519,7666,281746,604367
4611,5389,412757,66000,6574,301016,847032
4944,5426,158336,57760,7814,259365,537311
8130,7462,173139,40111,6111,289174,542052
5315,5482,195088,50555,6315,166336,450405
8611,7444,286501,29982,7129,175904,535145
3981,4834,156413,27797,8185,172640,394035
5722,5556,157919,27759,7185,162172,387886
8222,6926,170887,52037,5667,228369,492293
4111,4926,325967,26130,7389,215826,627126
9111,7426,481658,49982,6426,333281,908162
3555,4871,148348,28907,7760,289667,505256
8037,6852,172242,28371,6870,153959,410627
6093,6018,226359,27000,7796,169509,460553
4981,5649,399290,29889,8241,153724,638792
5389,5611,155851,50759,6889,196258,440516
4611,5315,171597,29649,8000,181585,420850
4315,5333,195307,64685,6370,390301,682959
4389,5278,294683,30240,7315,174926,536886
3852,4889,158539,40204,6407,162514,412868
5797,5574,161156,73055,6500,315322,585571
4760,5055,431959,52926,6963,300574,833014
5296,5667,340741,36074,11334,350347,766866
3834,5018,346803,26592,7500,265379,725366
4740,5352,146104,41352,6870,269338,504811
5667,5500,176387,29296,8167,182518,427109
4370,5185,229726,27796,7741,245031,537330
3852,5259,350861,36982,7481,193876,619552
9241,7870,199126,25926,7778,374111,644663
3741,4888,188946,67222,6926,209626,524941
8130,7333,196470,29000,8129,175121,479386
6334,5870,315068,30945,7055,756537,1144364
9204,7777,149277,46018,6593,157536,395535
5093,5815,168337,29797,8296,147012,398831
5352,5555,173825,66130,6500,204450,530108
4407,5352,365127,26148,7963,238240,683866
5333,5556,350520,49760,6667,247364,706792
4241,5148,146822,36389,8685,191620,428127
5204,5629,168939,31945,8000,170522,410424
4111,5204,225740,39815,9371,263163,568663
8685,7334,392005,44093,5426,152694,629941
4259,5037,152640,26111,8019,307561,536330
5648,5667,175756,42056,5018,316722,568571
4352,5185,195669,37556,9222,147588,418220
8148,7130,393693,65427,5425,215728,735292
5148,5537,150680,42500,6519,163818,395016
8852,7204,158204,26518,6889,174294,400701
4426,5445,173784,25074,7759,247028,497627
5463,5389,338308,37574,8963,147781,562941
4000,5166,127721,24555,8038,176388,383312
5222,5482,139411,60630,6759,246901,524534
4296,5315,166787,25092,8537,256414,498774
5259,5778,230774,29815,8444,155687,452016
3981,5037,337706,36852,10444,147236,592089
5389,5871,155543,28686,7981,186454,409442
4167,5000,170531,68389,7444,843759,1135031
5167,5704,203851,26981,22259,264183,549534
8796,7222,392969,41555,9889,202176,681644
4630,5222,153029,28740,8167,176618,397146
9260,7888,150886,43019,5129,176983,429998
5371,5555,166299,40852,9555,154403,399813
5667,5777,335601,43982,5314,346914,795940
5093,5444,628088,28167,7852,340610,1052772
9426,7889,188333,48982,6592,202090,482756
5389,5296,174728,30852,8629,174122,419905
8630,6777,221326,50426,6704,247208,586274
4648,5352,342053,48001,6222,267572,694570
8389,7370,160670,53759,6426,229587,485404
4389,5352,179064,43018,6482,147878,406960
8463,6982,190329,39907,9315,145576,437516
6204,5926,312131,27518,7537,286069,662922
4297,5407,146599,27074,7593,177121,404979
14000,4537,150882,41630,6500,157301,394405
5686,5777,175351,29796,9723,273331,520794
8667,7463,251023,48537,6500,188344,547349
5760,5777,344269,29278,7648,263376,698255
4666,5315,173404,34426,10148,230612,491367
5204,5463,171502,29092,8556,217125,456238
4352,5204,222414,28667,7926,156657,443035
4463,5297,339420,54926,9537,195632,631219
9093,7482,157481,51166,7241,188368,440331
3556,4592,171283,36407,10093,414325,657200
5074,5741,193121,29352,8389,247320,506238
3426,4778,367850,44537,6407,158499,604386
4185,5130,149688,30389,8018,170347,388720
9908,7722,150730,44371,7185,175841,414498
4278,5278,172143,26092,7649,153058,390072
8186,6944,244834,51056,5018,179386,534794
6444,5871,121135,36482,10166,168752,382183
3482,4852,139400,29074,9500,220912,454090
9074,7778,172535,38833,9945,157703,424146
7481,6704,206077,27371,8667,238826,516867
9408,7111,397602,26259,8352,188616,676348
7093,6815,182736,24426,7538,209446,458720
4333,5296,177409,27167,7981,187626,431293
8815,7111,189636,24852,8259,281565,575441
5741,5907,278013,27463,7778,1854382,2202876
8056,6851,628186,38240,9760,170624,881421
4685,5482,157467,25796,7815,165920,402998
5222,5612,170009,69760,7666,206321,484775
3871,5111,346349,30833,7926,179833,594497
8352,7426,122872,27111,7111,177589,385294
5648,5649,146266,53149,6611,238971,499664
7888,7149,174401,28093,7685,149430,394331
4278,5074,223574,51222,6982,219682,564052
5519,5740,328136,50574,6092,201806,621033
10074,7815,152418,54111,6408,213190,482664
5389,5371,175053,43518,6278,320277,576312
9018,7389,189559,49704,6278,219420,500645
4130,5148,302601,48852,6463,202210,590126
8926,7500,1141886,30074,16185,167143,1392084
6407,5945,157000,37315,10278,158330,397442
9111,7518,171451,27130,7666,196140,438905
8574,7148,246049,51352,6704,188411,527608
5278,5370,338666,29259,8259,262516,691774
5389,5537,148875,34944,10167,260290,485738
9445,7500,175583,25796,7649,213617,496220
6037,5908,223644,51241,6796,180779,498886
8055,7778,390669,41278,5925,360716,831143
4889,5407,147563,36574,9944,254324,491034
5537,5574,171901,25648,8037,185263,423201
9278,7778,189499,24981,7612,242183,498627
4611,5149,283097,36611,9093,145492,501997
8574,7296,133621,30204,8296,172395,380220
4111,5241,165515,45667,7463,309463,589626
6445,5944,307540,43852,7259,182309,575423
8704,7537,317545,30889,7260,199266,592552
6056,5945,424106,50870,5649,389592,933143
5741,5592,201353,37500,8537,190386,470868
4648,5222,169395,25648,8056,185566,417887
4833,5315,221808,49963,6833,199708,530238
5908,5648,1087185,30852,7796,690693,1849730
4111,5037,128726,24870,6852,233439,439053
5500,5241,170250,34926,10889,377358,620867
4093,5222,215884,51019,6333,191150,512293
5241,5426,390575,62389,4722,252883,742144
3852,5074,146265,41556,6648,161510,383849
5037,5537,156771,31908,8111,162393,405183
5315,5388,172184,51908,6778,154462,415664
3981,5185,343783,29111,7278,167288,576570
4000,4963,121380,41370,6148,163656,376757
5296,5648,147367,50296,6630,266371,503126
3945,4907,173113,48500,6334,147495,403683
4278,5370,232878,29019,10907,246527,561552
6074,6223,331790,26686,6981,170188,567108
4055,5148,152093,41222,6907,155962,402386
5815,5667,178486,28463,7889,146789,393461
4741,5241,195103,49019,6722,166209,446553
4723,5259,284535,26351,7315,265758,631978
5815,5722,1161320,65759,6130,150542,1416362
4277,5130,158971,28371,7463,159378,401164
5482,5907,176218,24981,8426,244743,508812
4926,5370,251556,30130,8370,265996,600200
5500,5704,422432,37630,9870,448840,950976
4371,5315,154437,29833,7908,194338,416831
4593,5056,205720,71871,5518,388479,733107
5352,5703,217541,28111,8352,240623,523923
3981,5074,404732,68908,4815,250652,812180
4648,5426,152404,38314,10093,204020,453534
5315,5592,440465,48482,6481,298086,824995
4019,4963,191007,38889,8981,153732,418331
4315,5111,353976,30889,8444,162817,600552
5519,5574,156314,27056,7981,173739,396665
3963,5259,163856,41093,6704,163215,403294
4667,5389,170288,48018,6149,157450,427535
5334,5629,260571,30908,6667,184074,513460
4259,5056,347373,50741,6703,172716,606533
4075,5037,157507,41185,7463,238231,486183
5352,5537,150383,36630,9185,213466,440479
3741,4870,228000,49815,6574,219238,554478
4537,5315,323413,29574,7982,148565,555719
5371,5926,151696,36092,10241,231746,461738
4056,5055,172498,26815,7648,148315,400461
5240,5630,184262,52149,6741,230234,503608
4111,5129,295028,38000,9944,143674,547182
5130,5407,143218,39629,6482,164558,384590
3685,5333,156186,43852,6426,156108,390924
5037,5629,175933,28296,7648,240621,497275
5148,5500,246234,49908,6759,164374,497275
4056,5185,116165,28185,7389,174629,371202
5037,5426,174707,45278,6556,195512,452423
4704,5259,173620,38445,8815,396005,643422
4389,5149,219663,49500,6722,163649,485090
5519,5352,306872,27426,7685,257624,657645
4722,5204,150859,35093,9666,161806,403109
13352,4629,148494,29445,8926,206596,431571
4352,5425,187852,28852,7870,257016,546182
5222,5389,391561,35908,10092,217824,685533
4944,5463,149529,45611,6870,156821,405164
13185,4333,150238,30260,8500,144889,371386
4593,5148,174484,51556,6907,153403,434257
5129,5519,715379,28000,7778,418873,1200882
4204,5351,330107,25444,8167,158372,568978
4852,5630,151852,62889,4778,1073621,1326363
4259,5334,174468,37371,8796,434009,681626
4352,5278,221233,65482,6667,230448,566663
5185,5426,363499,37463,8407,413756,851162
4130,4907,153763,52445,7018,239438,504553
4463,5407,174879,37538,10314,421636,706533
5501,5722,184459,65315,6926,149353,437072
4186,4981,363131,67760,6333,367549,865681
5167,5481,147655,26926,7629,173751,386516
4371,5574,341068,29204,9018,179410,604330
5296,5519,172758,64352,6722,310368,582459
4000,4815,330208,69871,6629,246344,678107
4852,5500,345825,38518,9556,191672,636274
5371,5611,155385,43834,6870,169909,407016
4185,5241,174539,28630,7722,222921,475368
5445,5352,2212919,64389,6445,473083,2790281
3537,5166,167958,28055,7426,243429,527811
4945,5555,151000,36574,10000,207109,452553
5352,5463,173413,29482,8851,181882,423591
4093,5240,191159,27908,7574,239894,493405
3926,4907,294646,28112,7981,240517,612163
5445,5741,137762,26944,7463,176384,380054
3833,5148,154249,26741,7426,169601,385961
4426,5352,171884,69481,7260,180687,470052
5685,5629,338372,69611,6315,146847,592700
3963,5315,343562,50389,6685,162694,608219
5333,5445,157956,38981,9482,175412,413016
3685,5093,171424,49908,6648,172962,428498
4685,5500,219782,30167,8481,247345,549664
5223,6500,393343,28685,8555,191987,653422
4260,5222,148144,28389,7574,197817,411665
4037,5185,169372,69130,7000,363347,661533
5333,5593,195285,30092,12019,235897,504590
3944,5074,848329,64000,6574,283183,1230567
4333,5204,148369,27204,7852,174573,404683
5444,5649,159523,27296,8334,158178,383238
4167,5130,168843,50574,6741,160765,416498
4130,5259,243719,26000,8167,225704,551515
5556,5519,118780,28537,8037,172736,358758
4519,5185,171952,46741,6463,192990,466942
5296,5685,213736,27815,7333,254428,566478
4723,5222,232111,26222,6149,256515,591237
5278,5593,324172,27852,7204,187343,579053
11482,8944,821068,55000,6723,238795,1184271
5111,5370,174295,29463,7537,146740,404257
5612,5666,189781,50223,6759,181179,458350
4871,5148,360453,58556,6444,163895,620663
8889,8019,421218,27537,7686,340165,833070
3963,5111,161242,41130,6241,151237,404683
5741,6018,172470,25925,7223,242824,502775
4556,5222,247994,27055,7519,250503,565312
7982,7333,333147,39186,9500,161516,574608
4444,5204,154152,69204,5259,188382,447404
8149,6944,173510,38055,8723,154210,426276
6037,5852,217941,25445,8185,3835665,4120754
3871,5167,366215,54759,9000,312614,797996
5296,5797,148692,24352,7648,215490,428664
5444,5852,177494,25630,7833,156597,397738
5167,5333,247148,64871,6777,213886,598978
5334,5518,385302,47685,7019,233565,727052
4778,5296,132436,65926,6723,227042,474775
5222,5352,151794,27056,7888,214019,431775
4537,5370,171614,30852,7296,185717,425368
3982,5277,1413400,26500,16982,238386,1758471
5704,5815,172754,27834,7870,175428,415516
4019,5037,218186,26296,7889,223385,504090
5333,5778,141172,27000,7389,252955,472830
5630,5851,141086,37370,10574,804854,1028735
4260,5203,302499,25278,8000,124147,486146
4111,5112,172429,24648,8000,259309,530682
5463,5981,175565,23759,7667,151785,392831
9055,7926,174866,29908,8018,149113,396608
4278,5074,295780,53389,7074,168569,572201
8112,7722,137784,27908,7500,172176,380294
4333,5222,365309,49074,6371,2518933,2970334
6741,7426,517056,27944,7389,182607,769348
5686,5611,254319,51685,6463,162845,525423
6482,6296,712604,49870,4667,294279,1094124
5111,5519,154311,72167,6500,261926,525034
4333,5204,213225,43259,6759,441975,751107
5593,5722,215582,30056,8352,276229,559960
5500,5796,389773,46167,4888,384538,888272
5241,5519,156314,35908,8741,252608,484497
3907,5167,170172,26278,8389,407676,638274
5056,5592,184418,50778,5352,202116,485367
5500,5463,297276,29648,17037,164092,538442
4482,5481,147911,40278,6852,161161,386739
9018,7593,150286,27204,6778,173193,409960
5315,5482,169180,38556,10185,244298,494923
8686,7277,243372,49611,6667,221996,579293
5018,5463,347026,28555,10667,248545,666422
8222,7259,172327,65796,6982,226689,552737
6963,6759,167499,31204,8815,198424,440942
8056,6963,211763,50667,8148,160734,481923
6223,5981,349602,49130,6389,340393,775366
4834,5389,151163,29759,7500,203409,437424
13407,4333,154002,40871,6537,376828,614311
4518,5185,190137,28704,7222,166268,424460
9129,7352,351402,35796,9945,183076,616144
7889,7074,148240,27408,7426,200405,433757
5481,5723,150930,42019,6630,160011,391386
5204,5333,178010,28834,7352,937038,1197215
5389,5667,245756,50889,6630,201018,535312
4019,5074,446670,43351,6149,168159,693311
5148,5741,150563,28260,7351,261656,489701
5703,5945,170013,31648,6686,146947,387405
4130,4981,215778,65815,6723,3066313,3416721
4834,4537,701214,39796,8963,153651,933606
3834,5185,1505884,31056,9259,317327,1891600
4537,5518,364314,27481,8259,267905,709181
5575,5814,182337,70556,6796,162327,454572
4167,5277,273713,27593,7648,195821,531089
4629,5334,145977,28981,8019,171317,400127
5889,5834,151593,42982,6907,158701,393035
4185,5074,168951,26797,6592,261157,503608
5241,5630,240734,36463,8963,148226,461164
4593,5352,371869,65612,6666,323756,794329
4223,5092,152560,68797,6537,203956,473738
5352,5722,168991,66556,6222,167062,440627
4445,5555,226053,27759,11537,182019,495016
5963,5407,377577,54722,6741,157531,627329
4000,5222,159397,30740,8889,221268,467682
5093,5389,171754,40944,6482,144633,395480
3834,4852,197999,29130,6741,231257,586034
4815,5518,288913,25648,11334,224120,580052
3667,5055,144196,40408,6759,161080,397257
5741,5814,155739,26981,7796,209297,432293
3889,4834,171503,25592,10945,186587,422146
4093,5185,330879,53797,6555,410320,847310
5371,5388,373478,29555,8315,216112,657478
4389,4981,174093,43593,6352,261163,514237
10463,7871,172858,28555,7741,351342,594775
3945,5574,216030,37352,8982,147282,439942
8093,6852,381647,62500,6889,320126,802773
5259,5407,150171,39241,6555,272605,501182
8759,7574,173343,29481,10037,146193,411090
5945,6407,178089,50482,6537,262945,555923
5204,5963,293501,29112,8259,210698,588441
5407,5759,911435,43296,6574,159707,1151345
4240,5482,149272,60537,6703,280133,526682
9574,7518,297944,28445,8500,275608,715329
4574,5148,331061,39963,6648,421101,829995
8019,7241,1256049,36148,10260,238997,1588250
5870,5852,566498,33574,9630,233238,875699
5018,5741,2048581,38704,8629,433257,2561615
6871,6944,369749,29778,7630,172636,612923
4352,5278,378458,26722,7871,148335,591627
7944,7574,150278,67704,7241,176460,436034
6129,5649,172820,30333,7889,430361,670514
4666,4963,181011,25667,8037,153468,394979
4611,5370,349128,54519,6741,174294,616052
8352,7537,489411,37167,9630,207158,779051
4241,5259,332879,26519,8389,200173,598070
5093,5537,176811,52370,6593,356241,619071
4314,5352,238946,30704,8611,155274,464997
9926,7315,336581,49759,6593,235174,689811
4630,5185,151457,39777,6519,168375,397239
8648,7296,175962,29222,7426,172147,438034
6648,5926,210690,26555,8389,244512,524404
9241,8370,339899,28926,6500,204283,625663
5278,5222,171404,36407,11297,249908,499719
4908,5537,170076,48333,5334,361550,612534
4685,5963,186952,39870,9908,224249,492164
8575,7166,269717,29944,16297,174039,541831
6000,6019,135296,34759,10148,163684,377794
8222,7333,227839,49833,6778,251029,570904
4445,5370,175696,35481,9667,150691,418775
5556,5814,235016,27038,7666,225259,524571
4111,4945,333688,68796,6482,269233,707588
9075,7648,634176,31703,8686,206133,936402
5500,5537,169495,27778,6592,151114,387349
8370,7370,455854,26500,7666,301828,828180
3982,5092,303932,64482,6722,166028,588830
5352,5334,153530,65944,5056,230004,486794
4222,5315,165554,26092,8241,149722,380424
8481,7352,175782,64870,6630,371844,673366
5389,5574,406787,52685,6778,934797,1434658
8111,7018,515145,35852,9945,311646,908013
5908,6426,151520,28852,7666,181737,401942
4760,5203,169415,27740,6908,221916,454775
4611,5241,248457,28185,7722,148041,459201
5389,4981,432407,27426,7130,235366,733032
4463,5093,1410007,35130,9666,165039,1650694
8463,7426,421492,64704,7240,176412,722921
6112,6000,209311,30445,7907,155149,435720
8722,7352,318947,27241,8204,434548,823217
4371,5185,148026,45797,6629,261582,527479
5482,5722,170198,24445,7685,178670,412609
4111,4981,185723,66833,6926,221386,532960
8204,7166,350580,64371,6870,308342,796810
5093,5667,147103,25722,7111,175265,387350
8149,7703,148961,27037,9537,170889,391887
3796,5000,169689,68185,7000,349697,654348
5833,5760,247508,27834,7889,146248,460719
8796,7223,408459,24944,7685,150167,627830
5908,5629,155335,43296,5111,213571,467072
5667,5592,174544,26666,8037,194103,435053
3926,5074,212475,50611,6260,161189,460516
9926,6944,308610,38297,9981,182609,573441
4889,5537,156467,42760,7092,176161,428887
14092,4500,156639,28241,7759,326469,558182
7315,6759,188886,49240,6686,214111,492868
4833,5481,316873,25852,6648,171069,550867
9130,7907,354693,30148,8334,145896,593145
5537,5963,148235,40240,6797,172281,400683
8463,7500,670482,27593,8166,226013,967957
4222,5352,240561,27019,8000,253121,582756
9463,8500,406918,36926,8926,274800,796810
5407,5852,149553,26056,6944,257926,472182
3833,5037,210355,43592,6649,383549,704366
5037,5500,208897,38648,8852,143267,426608
3648,5074,952145,39908,6518,278940,1307622
8500,7408,150852,42130,6055,158812,392720
6241,5963,174006,34278,8981,161066,427035
5741,5685,166123,69889,5203,201209,475701
4759,5260,278035,30074,6593,249739,632237
5555,5593,129189,37129,9760,163827,371590
4075,5203,150676,29074,7963,171544,387332
5000,5574,170737,27666,7112,196723,451775
5296,5444,236557,27426,7908,157977,457127
4389,5074,424914,36760,9666,177804,678181
4296,4982,154530,48204,6963,160245,414775
5463,5796,1137038,46834,7074,171176,1393955
4796,5074,215301,28296,18074,172993,463571
4611,5315,432770,34629,10037,227226,787440
5019,6000,891350,40407,6667,165143,1151197
5185,5481,174280,27889,8815,147663,389035
4407,5630,183711,68149,6703,358878,644626
3871,5481,318514,29981,8185,378131,795237
5259,5704,351297,28055,7963,187700,607570
9778,7759,149672,34648,9612,192529,439516
5019,5333,173492,52334,6833,160339,422294
5074,5315,242553,27926,8333,264055,586219
5112,5722,347244,50130,6574,153586,589534
8167,7259,143657,80463,6315,177803,442498
4852,5315,175643,28241,8019,147095,390294
7556,6759,204112,37963,9370,203200,508701
5574,5797,377766,41333,5407,379100,833440
4389,5278,151456,36000,10574,216616,445423
8926,7667,994111,42260,6851,169623,1248937
4741,5926,179763,32222,17111,229364,523256
5575,5759,341232,45611,7259,204024,629849
4500,5574,918924,26055,7963,223996,1208048
8871,7888,147724,34963,8834,164070,407646
5296,5648,139915,24833,8426,321175,523238
5463,5759,236068,24945,7778,181632,497719
5537,5759,390630,28926,8074,183108,642478
4222,5130,156486,26278,7796,305696,560293
5148,5315,348492,27352,7463,255800,669700
3852,4871,247960,61037,8185,169963,546719
5667,5555,705522,27371,7815,308842,1080919
4204,4944,688454,25889,8444,202393,969439
5519,5759,189439,51704,6760,619648,900069
4426,5167,192593,26963,7777,270145,527312
9297,7537,262154,66000,6722,148732,519534
5370,5352,127641,25185,7926,177135,367590
4259,5000,147017,30111,8111,188222,403924
8111,7055,172430,51166,7038,181827,450275
9204,7981,233509,27093,7592,252044,570867
5833,5815,398644,41315,8889,284573,764032
5204,5556,157908,43963,6704,238070,501238
8981,7667,175933,27518,8148,147473,397164
5500,5482,206179,66481,6926,203911,527164
5611,5704,305721,36723,9129,145072,525886
4889,5388,157894,43629,6945,156549,411516
5760,5796,170250,27908,8981,146470,385017
5056,5463,178960,50389,7463,217778,497331
5185,5612,305261,27630,7981,217735,588700
4538,5259,136433,41778,7463,159342,390720
5463,5611,151457,29408,8407,234040,455608
4260,4852,175666,60074,9334,288219,558997
4481,5519,237153,26556,7907,264510,579700
6222,5297,1378568,36463,9352,237885,1742342
4445,5241,147812,41259,7093,261018,500220
5315,5444,171836,37315,8667,369568,615811
4259,5222,459787,28241,8370,421134,947513
4630,5593,364070,62389,7203,409777,869847
4444,5241,158927,25648,6537,232404,490534
5741,5815,171543,43037,7204,267342,522256
3834,5018,186049,29481,8186,147875,431276
5074,5333,362314,24259,7408,176886,601644
3926,4908,355911,50649,5518,237270,731422
5185,5778,148769,37129,9908,302710,538941
5260,5574,174329,25611,6649,172723,409091
4463,5167,242039,28833,8037,121033,426609
3945,6000,395489,24815,8148,179174,654645
5612,5722,152790,27648,7815,249818,489849
4463,5315,204962,36463,8037,295572,606070
5203,5482,205134,24815,7741,170104,436312
4889,5351,385104,69796,6759,288393,788310
5537,5592,175942,67426,7370,192575,474645
4445,5296,173781,69981,6426,407531,688682
9537,7611,176804,51241,6963,152545,440442
5704,5556,342199,29129,8482,396945,808255
7926,7111,346760,28389,7778,270254,686829
3945,4907,147098,26315,8037,174196,399942
5259,5611,167955,68001,7555,199449,473108
4074,5148,250072,27723,8222,174388,522126
5260,5740,326819,24759,8278,263696,654645
9722,7593,150861,27185,8241,262025,507534
5278,5630,176477,36611,10926,294464,584330
5667,5685,204557,70148,7556,197533,511868
4389,5371,322303,48500,6778,146916,571793
5260,5407,176623,29130,7370,282782,528053
3814,4871,169610,44389,7148,355238,601774
4982,5499,186208,49389,6945,154364,443516
5259,5500,373047,37963,10685,186727,638440
4537,5278,129755,26111,8037,174983,385349
13630,4278,133428,43944,6945,452142,672589
4056,5185,171248,35945,10148,148361,391683
4481,5296,1500183,25815,8407,216715,1801637
5296,5537,322834,51685,7389,735401,1149030
4537,5222,161172,55556,7611,191900,456442
43852,4518,218807,35519,10074,323152,697348
4574,5260,210145,25204,8074,244870,518405
8926,8797,368744,36241,8629,160753,629478
5149,5518,545287,33815,9852,300115,929421
5074,5352,171180,41686,7148,304872,555052
8259,7352,172278,48834,6944,155294,417701
4759,5333,369673,39501,9000,260359,745144
5555,5778,352067,26611,8112,252354,671736
8074,7500,147128,37408,8555,256870,485497
5630,5722,165782,23815,7759,156827,401720
5870,5871,228602,31333,8315,145396,442386
5426,4889,411645,40333,7019,163444,653700
7889,7463,162946,52500,6352,264014,554978
5259,5759,176044,39908,9166,170324,427571
7815,7222,205957,49204,6833,231263,549682
5241,5870,405351,64352,6908,168478,693959
5537,5481,158116,28574,8093,171937,397182
4981,5296,168807,40092,5352,161432,406756
8482,7444,175368,30018,25945,174297,440831
5037,5370,265262,67630,6870,202735,596107
8408,7703,136786,28093,7907,172972,397961
5575,5870,150828,43352,6185,157781,390387
5629,5537,172760,27722,8870,148109,404701
5018,5482,235931,28723,7925,240010,540811
4259,6223,319381,38889,9445,145856,574737
4908,5629,152479,44037,6797,168074,401924
4686,5240,179411,30500,8630,321642,566312
5037,5537,445528,44963,6777,300246,862050
5203,5667,320477,47797,6370,379426,781495
4297,5203,152816,29834,7926,174848,411368
13649,4444,149729,66203,6575,156546,416405
4130,4981,176604,27408,7555,239116,476701
4519,5240,323833,37129,8871,423589,853662
5444,5593,2608287,64982,6926,883710,3597535
3556,11592,344682,36963,9611,598276,1027735
9315,7889,199904,40019,6611,166279,448924
5370,5519,233779,69019,6593,191143,544719
5963,5778,152359,28370,7537,173528,395294
4593,5019,156142,43407,6574,172726,407535
4686,5259,175481,28981,7500,147684,405146
5666,5445,199264,29907,8482,250899,517904
4241,4981,296474,27111,7648,263467,636089
5167,5555,157405,41574,6833,169519,406109
3741,5018,174929,39371,6370,352068,598182
4759,5574,181712,28148,8223,256618,502238
4148,5111,290384,36648,10278,193816,572681
5352,5759,127352,41889,6648,161442,367572
4314,5241,146580,29482,8111,199492,427793
5055,5426,169586,34833,10204,214653,457793
4112,5111,230665,29203,8111,264443,572016
6018,5667,379689,26260,7666,212604,658348
3833,5148,161398,52426,6704,227321,529793
4963,5611,178255,38278,8982,299927,587626
5166,5686,203482,54371,5500,218681,534700
4444,5093,386414,29000,7778,169138,639681
5537,5426,675828,50111,6519,188592,951161
4204,5241,362944,26944,7667,174053,617719
5000,5426,176820,48944,6797,156789,420239
4055,4926,350325,27408,7296,155079,567793
4389,5296,435961,28703,8426,585089,1089827
3815,5018,523337,66796,6537,173863,818292
5574,5723,171174,30241,8629,857653,1100790
3797,5129,244106,25889,22426,174336,494701
4611,5389,172259,67390,7648,227719,516238
5129,5556,311376,37629,10056,374175,764236
4426,5112,171362,26500,7704,204487,438739
4315,5037,206812,37222,9500,212333,513478
5389,5407,396356,65611,6445,237381,737977
4167,5185,667102,37148,10056,301503,1061494
5241,5537,783701,25037,8315,187756,1036309
4000,4963,173167,29445,8222,241700,505126
5074,5648,2330141,50908,6555,349325,2783225
5019,4537,723698,27370,7649,514535,1304771
4611,5222,236092,48889,6407,192832,514293
4056,5000,173911,28556,7351,229568,479664
5167,5481,233880,50056,6666,154581,475756
3537,4834,327200,39833,9519,198129,599904
4371,5278,898077,49722,6889,228046,1225882
5426,5463,178600,39018,8556,344193,597978
4167,5074,206290,49741,6870,162559,454627
4038,4870,379129,41445,6500,161719,632312
5629,5815,150986,29908,8111,171160,392701
4445,5000,169010,42259,6556,385653,650645
5111,5241,175886,30944,17204,182463,436201
5074,5260,287225,57111,9481,218735,602052
4445,5278,127841,27018,7537,176176,385035
4963,5518,142588,58203,6834,228262,466182
3611,5000,170333,28241,6889,194460,428442
4667,5537,239598,48945,6407,229621,567182
5222,5500,326771,25074,7407,267559,680274
4389,5222,150220,26148,7204,218666,447442
46055,4481,162412,24814,7149,184105,449201
4000,5167,208453,61982,6333,188599,506386
5130,5315,339329,28075,7222,194093,599793
4222,5333,153779,38111,5963,165756,408794
4963,5519,165062,29518,7760,149695,382942
3704,5204,171771,59241,5907,157393,422664
5092,5389,341351,25260,8351,159461,584478
5371,5481,937562,62574,5759,196635,1233086
4277,5130,150547,25944,8056,268339,482108
4130,4963,174848,37112,7185,424925,703663
5741,5703,223799,25185,7093,182939,468238
4167,5407,1045732,25944,7815,362519,1471566
4019,5130,878366,25778,6944,353089,1292215
4371,5203,146074,24352,7741,318034,525627
4222,5296,201098,26204,7185,190307,470571
6019,5667,370696,24667,7666,167412,602590
8537,8148,148683,26630,7129,175704,394053
5223,5463,164873,25074,8241,156254,402035
5889,5759,166823,24500,7130,267452,496664
5759,6037,269440,26852,7426,268131,619848
5408,5611,1145299,33852,9945,153767,1372344
4315,5259,147099,41185,7056,169418,393646
7963,7315,172696,28241,7352,212968,473182
5204,5389,229980,63666,6667,197554,581459
4630,5296,433523,34222,8722,164622,685515
5166,5260,148416,27223,7074,196210,410182
11889,9203,173645,42870,6111,330501,591978
4167,5241,204538,30167,8500,246792,521053
4815,5241,372600,40500,6111,375321,824273
8111,7426,150994,25852,7463,174689,410590
14814,4463,152092,39260,6314,388868,624218
4963,5241,179282,36112,8555,147697,434535
5445,5555,2066126,26981,7982,209972,2343005
5075,5759,346293,26556,7852,171407,599608
5074,5426,152724,51500,6075,196032,436460
4870,5482,177322,50204,7278,189656,472645
5426,5333,232366,25296,7000,124503,416627
4723,5259,416279,24314,7519,223440,720811
5093,5518,597247,65241,6500,215470,914958
3945,5037,174122,29019,8092,248505,541590
5444,6259,346536,26907,7278,220350,648329
5222,5500,440374,23463,7593,267658,769995
4926,5296,154565,42574,6296,160841,395887
23575,6351,144255,29167,7500,171317,418072
5240,5556,172353,65685,6130,150274,424664
4648,5482,378192,25981,7556,171471,613737
9186,7648,1025217,23778,6796,392812,1486233
4685,5278,151758,23945,7907,248739,481516
5871,5814,172301,34796,8463,151327,399461
4963,5426,230695,65167,6555,203543,548423
5593,5425,433016,34296,8815,188555,697125
4777,5371,154039,53666,6482,262014,519071
5278,5482,180562,34649,10148,147527,405183
4352,4833,197124,26148,7241,151226,407035
4630,5463,372240,22889,6852,419032,847958
3871,5111,147209,38666,6389,165234,402017
5796,5926,161622,25315,7611,185228,411886
3574,4741,170609,65092,6334,150741,419998
4648,5055,346170,51260,6685,146327,596922
5500,5741,1158510,31815,6056,156963,1384288
4352,5278,153254,67019,6277,226484,482238
4371,5222,173278,35630,10629,149627,414738
5427,5611,223802,62000,6259,153121,475257
4186,5111,388215,29278,7315,148559,624404
5370,5334,180646,48648,6482,249406,569626
4797,5333,169652,26796,7630,150031,385035
9722,7463,186417,27537,7518,170193,446294
5685,5630,300589,34574,8944,2678171,3052519
6482,6870,271854,50408,6462,285198,644682
4556,5388,165063,64667,6148,259842,544256
5630,5962,171902,48611,6018,157782,415053
4278,5019,342629,75630,7426,312033,765255
4907,5574,343394,50093,6111,201010,649755
5463,5407,154418,32944,10297,182080,409979
4240,5056,995499,38703,6112,153012,1238122
5185,5500,226206,28482,7277,167088,457293
5075,4963,340397,63926,5851,161304,601034
5056,5630,155105,28334,7555,308077,568164
5185,5611,177852,38333,6408,425496,677366
9296,7593,188209,27759,7538,245713,540904
4926,5426,369363,24445,6888,837797,1271122
8055,7556,141720,33037,9574,166463,386349
5408,5666,159689,38778,6703,177384,429479
5463,5407,175694,37445,8796,183693,434609
4648,5500,331496,33222,7056,140168,557608
5500,5667,118649,25574,7407,176979,359053
4760,5889,146321,57537,6111,189195,445664
5333,5518,168049,65500,6426,298671,566015
4315,5037,230813,26389,7148,207628,499274
4463,5352,408746,40111,6055,406250,922625
5259,5593,152750,26055,7371,182655,400053
4166,5111,174015,37186,6055,417907,660681
4241,5352,200428,30055,7223,272550,552145
5185,5593,370248,38315,6315,160545,605552
4667,5222,151216,26037,7389,175763,390350
4185,5185,161889,27463,7592,179684,421738
5240,5593,169894,65870,7000,176197,449886
4093,4926,350714,40778,6019,145967,571663
4889,5723,124589,26482,7093,175741,380295
5371,5537,149484,47518,5945,274161,530127
4333,5463,175323,24593,6000,170156,422534
5204,5408,223717,25889,7333,162188,447276
4260,6500,389186,38000,7093,154014,635534
5278,5389,154320,23723,7481,291436,529515
4778,5445,169752,27389,7703,151172,401813
5389,5463,195609,51204,5148,238407,520404
4463,5111,372967,24148,7500,151326,601089
5148,5408,153712,37500,6056,161026,388738
3685,5074,162126,60963,6537,771961,1030624
4796,5500,175464,61945,5982,217310,504349
5278,5537,328340,38704,4389,370951,769810
4056,5037,344642,26148,7074,162707,566293
4092,5093,151610,42537,4593,203943,450090
5407,5648,170782,28630,6519,239770,478163
3889,5148,224325,24685,7038,248005,556979
4518,5389,391127,28500,7796,149981,625070
5575,5629,164465,43926,5056,248051,505609
4315,5260,241989,36296,9334,240359,558275
9666,8223,186679,24945,8555,124745,400146
5445,5574,316352,64018,6148,410347,825625
4778,5518,150246,34667,9185,165289,405535
5296,5278,160066,37871,4740,163173,397146
9574,7815,171905,35482,9481,195167,470238
4945,5444,361504,46092,6667,199363,645496
7759,7352,342028,63852,6351,390320,835588
5426,5648,181681,26055,7167,208465,470108
5315,5666,172557,34222,11241,210737,459516
4000,5259,227025,64093,6259,238546,590404
5352,5445,318438,37018,8463,156504,581775
5055,5778,147702,26408,7370,243462,455627
4018,5074,177134,41056,5944,281289,566015
5167,5574,194010,29815,7870,248247,508738
4259,4889,312774,32649,9481,149278,529608
4519,5148,151891,27518,7722,174774,391516
4426,5240,160008,36426,8666,145306,395942
5574,5611,171161,25852,7333,240948,473479
4111,5093,255722,25389,7203,162517,495775
5204,5315,120801,23481,7130,177734,359516
4852,5500,148862,66778,6666,182765,453997
5092,5315,174701,36445,8203,192741,443590
4000,4945,226854,48537,6204,262531,625071
4501,5277,124008,25148,7426,229435,433053
5278,5463,148439,34723,7592,190892,412924
4037,4796,169908,41278,6185,414070,691218
5019,5537,192913,37204,8296,249380,517330
3741,4963,292586,62296,6167,219763,632923
4649,5500,149720,34093,9426,165573,404406
5370,5463,159152,60167,6740,317456,570737
4277,5186,623935,62723,6055,154615,876402
4667,5037,254052,27666,7482,294834,640367
4371,5203,1132670,26908,7481,288433,1498677
5260,5648,921601,23796,7167,216651,1200475
4019,5074,176086,31574,6352,201930,463738
5148,5259,227184,66500,6315,252609,580681
3685,4815,402449,63167,6000,294527,835365
4278,5334,155732,41500,6037,167358,415979
46962,4741,148701,63759,6130,432832,721236
4074,5111,191428,26593,7629,256810,523515
5426,5649,372174,60463,6426,422228,890421
4333,5149,152086,62186,6259,251021,500719
3963,5000,169055,36260,8370,145202,387053
4185,5093,170672,24352,7370,261844,507738
5148,5407,337752,41037,6093,416428,830569
4148,5019,345164,27908,7704,259850,683181
5111,5630,142318,32018,9315,197587,411386
4111,4796,168453,58537,6371,175822,436960
4593,5315,220143,68019,6370,212076,536701
3722,5019,310112,24074,7056,155736,542534
5593,5685,164173,62537,6185,236028,500775
4445,5259,175326,25871,7389,151115,388683
4612,5333,189480,25093,6814,210296,479072
5371,5611,287115,48482,6203,205345,657311
4463,5445,156472,29222,7833,173211,412275
5186,5444,164626,64093,5926,316352,578830
3963,5167,169742,35408,9296,180589,441572
5074,5371,190303,25704,7481,430489,685718
3981,5000,353328,64945,6222,158909,611737
4223,5315,149221,43889,5722,211665,457961
5408,5389,167653,27333,6963,347436,577515
3982,4963,223732,24889,6741,200987,482053
4556,5277,448313,33852,9574,241220,764977
10148,8889,151447,27111,7574,175810,400182
4482,5315,624268,25685,7463,204097,891625
8667,7555,181236,63426,4926,224873,524145
5519,5815,371963,25575,7148,152162,589145
7907,7130,147598,61963,6167,700970,967383
5259,5630,157807,24537,7352,381115,598774
4630,5630,180275,48945,6315,201184,486146
5408,5389,248929,24500,7093,227456,537497
5408,5518,117935,38055,6056,165637,375313
5315,5704,142329,23963,7759,205910,412609
4037,5204,167964,27907,7648,186200,417849
4703,5223,219006,24648,7241,269805,564330
5352,5426,398049,59445,6389,281909,831810
4463,5426,149629,42685,6315,240295,491572
13667,4315,156430,26667,9055,147994,392664
4704,4926,195584,27722,6667,260543,519090
4055,5130,309404,34371,9074,150185,528108
4426,5296,889726,23981,7871,206582,1177900
5759,5833,155675,41018,5445,153101,387164
4500,5463,170402,27389,15907,179837,442053
5426,5463,334537,27481,8723,149811,552052
4259,5352,452136,65870,6630,297230,850532
4389,5334,154677,35593,7851,208617,452016
5371,5740,174535,24981,7278,152075,389220
4685,5315,217929,62185,6185,210365,539719
5296,5371,333990,46370,5834,159025,575182
4315,5297,149032,29185,7778,191243,406683
4278,5241,171945,24778,7537,162904,412424
5408,5388,744637,61167,5982,348411,1192827
4056,5074,320290,28592,6389,150097,533682
4297,5333,152072,29186,9481,172240,408146
5278,5815,154503,37834,5944,372530,599441
4463,5074,175491,26129,6945,258692,510164
4926,5166,247830,60574,5852,213093,558256
5629,5149,363890,24278,7148,191865,630755
4871,5592,152822,33630,9111,183472,425312
44389,4555,221958,22759,7278,225706,546793
4408,5222,220759,33611,8315,201590,512183
5426,6611,354302,47055,6686,937561,1379900
3685,4945,167362,38796,6056,245931,510516
10685,8759,172720,37703,8834,165908,440812
5666,5630,189502,27556,6907,247329,500089
4685,4926,375138,41685,4593,177840,641366
5352,5649,143494,35204,9667,163077,382406
4648,5167,157259,38982,6111,289645,557534
5352,5389,173913,36408,8833,157270,404368
3870,4852,247548,28408,7648,244300,553682
3371,5778,115794,26426,8000,178130,358258
9611,8518,165411,63297,4685,290049,577422
5537,5630,206231,27592,8963,363988,636978
7852,7167,212366,47870,14797,214705,524256
4556,5093,316705,36240,9167,148162,538516
8556,7778,151895,26259,7167,220787,441387
5926,5926,169474,38778,4593,143356,389183
7685,6945,184110,25277,6982,209110,457238
4463,5407,367024,24000,7833,360269,807384
5852,5778,144658,40815,6185,163525,387794
8833,7704,148830,39537,5648,163390,410368
5075,5222,168650,33537,7593,190347,448220
8444,7167,247285,26852,7982,265581,596311
5575,5666,424310,32259,9000,156761,653034
4889,5296,180148,65556,6333,221534,503923
5278,5852,175542,36852,8241,185696,453109
5593,6000,221048,26000,7166,265801,574330
4926,5315,384424,31870,8741,157517,629941
5352,5555,149151,41574,6148,168958,396349
4648,5444,171583,28000,7278,149452,386127
4315,5352,187958,65482,6278,151539,440535
4352,5167,368501,60500,6092,145570,625459
5463,5889,995693,63519,5815,485464,1584362
4019,5148,681383,34592,9297,291018,1080753
4908,5463,171591,61463,6481,155425,425479
4074,4889,318818,29556,7759,147067,531256
4871,5593,360620,62426,6130,393560,850162
3833,5000,153478,37241,6074,208483,453238
5852,5908,204131,25519,5851,156756,424683
4129,4982,217507,27630,7685,140509,418553
5000,5333,322587,23648,13111,225484,648588
5352,5500,156407,39926,6259,189925,423535
4056,5333,896173,26037,7593,343134,1337437
5222,5741,188788,27870,8112,240246,519238
5167,5426,355164,61796,6445,160573,632737
5500,5444,149613,27667,7389,175384,390590
4518,5333,154712,27185,7334,170638,405553
4889,5426,173069,24000,7019,263835,497368
4185,4944,248093,24778,6722,193590,499312
4537,5314,409821,24611,7889,157732,632459
4074,5352,156288,43556,6204,287856,540922
5834,5888,173202,36796,8186,177777,429016
3741,4797,221595,63352,6112,189641,557571
4555,5093,401731,26426,7500,267876,745625
5389,5722,147162,61574,6500,224483,471849
10667,8500,172316,36518,8371,166533,438460
5149,5629,187247,26130,7093,172417,421905
4555,5334,368475,37407,5945,391890,833421
7852,7333,151758,28593,8092,171518,395035
5333,5611,160875,37926,6370,150438,387498
8907,7519,173398,27778,6815,169655,414257
4907,5296,496442,25611,7370,188592,749366
8870,7796,437614,33444,8352,258086,808162
6278,6018,184433,24519,7481,199842,448979
4149,5129,170809,70167,6463,163281,457701
5185,5445,222240,27222,7574,258424,570089
7796,7537,398135,34334,8259,228528,721996
7870,7333,1343588,25889,7555,237329,1649638
4277,5056,250312,26667,7796,236481,581978
5592,5741,185077,62259,6259,154088,438775
3926,5074,356472,26148,7185,205118,624886
9333,7778,481551,26908,7722,364407,918513
5686,5777,151908,25037,7278,176572,407850
5593,5537,174154,51778,6148,163510,426961
4537,5408,283771,29037,6963,220040,568904
4741,5444,1165445,62556,6055,181880,1464491
5685,5630,170540,38889,5704,258345,504330
4277,5093,170787,35537,7722,150304,410423
5074,5333,147459,62241,6370,185539,432534
4464,5074,395668,67019,7018,210328,727181
5111,5389,183525,32426,9296,221250,477997
3815,5092,169420,26241,8833,169152,401497
5056,5574,185777,65481,6186,148813,436627
4148,4963,294227,28130,6037,262473,632663
5574,5963,361547,62815,6093,271633,733144
4185,5148,1718315,35315,9260,241303,2081599
4889,5315,169594,48167,6278,173273,445294
5296,5463,245600,32167,8870,243656,584052
4333,5333,1195071,35204,10426,218143,1502954
5185,5426,156296,43593,6130,154979,391164
4278,5130,168005,30908,6481,175511,409405
4426,5185,215214,36537,7500,161265,446904
4370,5371,332757,63130,6333,372868,801477
4204,5130,146577,28167,7462,191514,402813
4611,5074,169471,40315,6000,407710,670551
5908,6111,721181,61427,6074,232515,1106105
4574,5259,352353,30630,8000,307550,759681
5167,5370,146618,41055,6056,163362,386794
4296,5130,155956,38444,6111,156894,386942
4371,4981,171591,36741,9037,147481,426405
5389,5408,249670,27945,7463,253604,567441
3963,5037,988011,32167,8963,292721,1371529
5352,5778,168181,25889,7648,256612,504256
5260,5500,168853,25241,7167,244199,477349
3666,5352,220063,25907,7537,287268,582774
5278,5537,390624,32981,9278,348353,809643
3685,4871,148129,43537,6037,263498,511441
4667,5407,175746,33852,10611,195622,464016
5629,5648,182807,25871,7703,162247,407571
3852,4944,291720,35222,8389,229129,613182
5852,5704,672985,50500,6482,200417,961569
4833,5463,158527,29537,8111,160027,386479
4222,5149,169994,48593,6463,222836,489460
5149,5537,249352,26315,7796,252867,565053
4186,5166,119580,32907,9278,166048,355924
4463,5333,170678,64000,4704,229264,511608
5315,5444,177795,28574,7574,227369,560885
4538,5314,219689,49648,6797,240067,559016
4944,5445,356583,35704,8241,210283,640774
4204,5167,151366,25815,7314,183651,414146
13426,4370,146483,40222,6204,149126,394923
4629,5111,199970,28130,10537,249879,518589
4408,5129,358013,38759,6482,165280,597589
4389,5223,152850,26649,7259,175351,391517
3926,4981,159542,38593,6777,147383,397294
5833,5315,174121,26630,6074,228043,466016
3760,4944,251534,23556,7759,244870,579942
4759,5426,922819,25685,7315,246415,1246844
5352,5555,173675,24055,7260,256674,493090
4037,5111,666681,66778,7185,307146,1091938
5093,5555,217500,38112,8407,144942,435720
4130,5018,326932,22796,6315,274843,674996
5000,5315,158048,64777,6741,190487,451794
8167,7130,175534,29667,8000,164760,412257
4944,5593,189299,50519,5537,192272,486071
5056,5518,293953,28260,6277,176155,534553
7852,7834,146958,33296,9667,167169,391998
4852,5518,151982,38371,5185,158219,401238
5203,5297,321617,31908,8944,194157,588478
4408,5314,361827,62889,6593,189410,667848
5297,5537,424888,25981,7389,282163,773959
5204,5982,155078,26129,7260,208142,428924
9981,8519,166083,25463,6278,153618,389349
5575,5870,217663,26315,7407,188946,491072
6426,5611,368114,36759,7981,399845,843236
4167,5166,151230,67037,6833,170880,425109
5074,5130,173697,26093,7630,151059,404164
5352,6222,189314,49315,6537,164368,440923
4407,5241,375654,61870,6815,201713,694755
5056,5445,136639,34760,9944,184266,396461
4241,5074,151423,26778,7185,171094,385128
5649,5851,167318,65407,6834,185513,474905
5204,5463,249471,26537,6889,256951,595404
4796,5112,342680,66722,6852,194483,666200
5000,5240,179260,35482,9351,188238,442145
4723,5389,173153,49723,6963,340620,597738
3833,5185,218475,26407,7648,257616,551923
5167,5537,415980,33889,9315,207034,698015
3833,5093,154484,30982,8093,251919,522441
4704,5389,175527,38667,5259,381265,662237
5296,5537,183700,27481,7297,178390,425220
4278,5130,299909,33333,9815,152384,542479
5352,5389,367248,24018,7278,289915,721070
3870,4852,155160,39074,6741,157689,385997
4796,5074,179721,28704,6500,230776,487238
5185,5574,247579,34944,8796,198048,517274
4240,5093,902789,62482,6592,196834,1214937
4963,5444,200238,33241,9148,198945,473923
10018,8463,176299,25574,7518,148996,395794
5463,5185,215285,62019,6333,395378,741125
5259,5352,320069,29000,7593,218798,629200
4704,5000,152537,33000,9407,198591,439757
13982,4389,121968,37389,6333,278289,520238
4870,5426,184048,66759,7093,227227,515941
4685,5278,293294,27704,6926,220943,597330
5333,5500,495782,35778,9500,356102,928309
3722,5130,149619,66093,5630,423006,670589
4963,5685,175532,65334,6870,205225,494830
5296,5537,249797,26852,6871,249773,580941
4778,5333,949267,48500,6741,213152,1260918
5148,5389,174363,49334,6074,214948,528200
4574,5278,211776,40075,6629,299035,625756
5500,5463,212226,26241,7167,151938,425775
4241,5000,383714,35018,9130,417207,908162
5556,5740,175367,26704,7351,269242,510738
4389,5648,175279,34963,8389,281718,561941
5111,5518,183063,27111,7537,161232,407682
4111,5019,273179,30611,8408,255169,630052
5111,5389,136628,23926,7815,177814,377127
3834,5129,152376,44629,5389,289418,561368
5297,5740,170399,33741,9463,224673,482497
5185,5519,239293,27889,8204,150537,454257
4260,5204,417614,33833,9352,162067,667756
5038,5444,165063,50871,6222,252897,504886
4407,5482,212791,31611,9111,161725,444905
4240,5148,209075,24667,7574,165034,433478
4093,4907,455303,25389,7185,218471,747885
5741,5796,151122,23334,6944,224709,437998
3778,5074,2449540,50186,6833,279351,2818910
4000,5296,317596,40241,7167,180363,575144
9500,8259,350028,26555,7130,173802,593978
4001,5018,139885,27629,7408,175261,379128
4444,5204,149445,43223,6981,388403,614478
3944,5000,614452,34945,9055,203543,891643
9185,7815,234253,26278,7574,218355,521793
4296,5204,359703,50370,6556,162812,615274
4963,5444,764858,27778,7574,173655,1008327
9555,7704,201806,38611,6593,383246,664570
4593,5204,213570,25371,6944,151483,445757
6518,6000,370503,26796,8296,361493,797439
4112,4851,152878,32797,9166,292823,517627
9426,7814,171847,38166,5482,382409,666903
5611,5685,179556,25574,8037,150850,392609
4351,5130,413006,64130,6518,251527,775569
5204,5204,846604,28037,7815,228408,1140531
4204,5222,158164,39389,6556,152704,387461
8797,7407,171818,24259,6185,218625,455701
4278,5093,289471,26130,6241,152933,519997
5445,5426,412459,23574,7648,189945,667052
8500,7167,172834,23981,7222,245219,484830
5482,5981,168747,33574,9834,142436,387350
8741,7055,207901,63370,6760,299262,652478
5592,5537,377092,27463,7185,147109,592644
9056,7500,153577,24760,7370,177439,398498
4796,5352,173620,29038,7888,148841,391498
8593,7537,175385,24352,7315,273519,537942
5500,5722,298372,26315,6352,209032,590681
6204,5944,128007,26722,7760,273861,481497
4982,5537,147642,33944,9000,163393,384035
4407,5333,165259,26667,6722,190424,418942
8944,7648,1089340,24778,7222,153394,1328122
5296,5685,415307,41852,7056,399762,895254
8112,7148,153108,34130,8907,279111,510460
5204,5685,178947,24574,7686,150606,393868
8092,6889,207582,63297,6370,328211,671885
5593,5704,386199,30018,7963,167668,624478
8204,7037,153907,22223,7722,178220,396276
4223,5370,634599,26111,7130,178507,892792
5241,5722,247734,67463,7204,312855,664274
4260,5222,274072,25333,7500,262036,632941
5000,5463,136429,38612,6925,162828,375702
3963,5111,151379,29630,7852,169785,388720
8445,7537,172569,24889,6260,173020,428498
4963,5537,239612,62241,6796,152293,492497
8593,7407,408526,57778,6259,432006,957124
4871,5407,152586,38723,6944,179486,408998
8759,6889,206943,27908,9481,167777,447368
4259,5056,215059,49278,7426,154178,456182
8001,7111,427973,34574,9444,225671,757329
6648,6297,151533,25260,7944,263630,493794
5722,6130,169483,42000,6593,279958,571237
4574,5426,181600,47130,6796,221824,488386
9130,7278,356939,27852,8833,271113,723403
4648,5241,499445,49926,6815,389105,977124
8982,7389,148135,26889,8166,197715,434090
5481,5852,172548,25055,6093,216524,452016
5204,5333,243961,66315,6926,158555,507442
8148,7611,416578,27556,8222,176659,663848
4259,5278,147397,23908,7574,177323,401868
5556,5778,168958,62204,6629,188040,457238
5667,6037,221075,27000,7241,149756,433887
4000,5111,376451,24185,7130,299193,790125
4519,5352,145807,33241,8111,260375,477423
4148,5204,170498,37482,6630,293832,573460
5797,5592,185652,25593,7352,1901409,2152951
5000,5333,268343,34537,8352,259339,643959
5222,5593,911961,22759,7759,218033,1192512
4889,5222,151891,38037,5481,166663,407294
5074,5370,175711,33963,9148,196361,443516
4074,5056,237494,66593,7277,176170,547330
4815,5537,325981,25204,7574,151201,572775
5556,5667,638709,27148,7685,315933,1020420
4204,5240,554733,61945,6593,210224,897235
5018,5482,221534,37759,9315,167278,464293
3926,4796,313485,63463,6796,168142,580960
5019,5537,162693,26092,8037,271360,512164
4963,5444,170828,27908,7870,150207,386812
4037,5185,188834,23167,7481,165887,412053
4074,5056,370617,52722,6389,187972,662830
5481,5519,401919,44315,8500,277595,764181
4426,5445,152812,34889,8222,162371,403831
5019,5315,169151,22852,7426,255568,483461
4259,5074,238380,26444,7574,124415,422349
4593,5630,857793,23537,7315,192589,1129309
5166,5352,153631,26741,7370,227682,445164
4426,5148,165358,56870,7037,159066,416997
4037,5018,211234,26612,7222,163337,454034
5240,5630,433814,32500,9667,249959,809624
4796,5481,148264,26018,7556,184623,413016
48722,4389,139621,41463,6593,180266,440350
4797,5259,179959,62112,6555,163316,441498
4204,5203,297669,30185,6723,185346,549015
4260,5425,132748,34963,9463,166287,391053
5389,6037,146235,44963,5648,161577,389905
4130,5129,174926,34778,9185,178442,423646
4889,5259,481377,48611,6815,548580,1132512
5278,5537,411474,33944,8241,163282,647848
4463,5426,164572,51481,6296,246926,499090
46166,4389,165355,35852,8556,1274932,1554583
10186,8129,201934,62575,6574,179859,489868
8186,7296,583811,26167,7000,342072,995235
5500,5723,156445,32333,9463,167960,413313
14167,4889,144450,26593,7926,409064,624385
4871,5370,180271,34740,8260,153301,424164
5149,5851,324147,24556,7148,152424,540627
4796,5500,1525896,39333,6871,295890,1897600
4223,5426,732269,25352,7593,235558,1079346
4667,5314,172885,27389,8074,263242,513460
5778,5889,249150,23926,6777,265329,598978
4315,5130,360044,60778,6778,367895,856477
4833,5519,151919,34852,9612,206003,432238
4407,5223,208610,24833,7704,338516,606496
5130,5333,206394,34981,8945,188622,489312
5463,5352,294677,49889,6722,232412,622237
4500,5149,155756,34426,9463,166482,395405
4926,5648,167835,29167,7889,167310,418349
5315,5500,183952,24556,8000,287304,532923
4371,5055,352366,66000,5852,402777,872569
5055,5389,1160280,37482,7741,208267,1443232
4111,5241,149301,61649,5963,296139,573830
5129,5389,170604,65481,6778,346819,617718
3796,5167,239442,37593,8167,181332,491460
4815,5518,324763,34963,8259,153605,552682
9241,8296,151120,63222,7296,229193,523145
5463,5519,172829,28389,7444,148854,390165
8222,7148,201631,62278,6685,162459,467404
4630,5166,398600,56630,5777,210119,719255
5278,5481,154086,40759,6797,162430,394905
3982,5111,172054,40130,6426,434701,683311
8870,7593,171708,28278,7222,242826,519830
5352,5370,341084,33149,10907,184672,600237
5556,5796,124848,25352,7130,178539,383072
5259,5426,144706,38815,6296,163200,383813
3815,4981,170137,29278,6852,195324,448868
5333,5426,343754,25574,7315,259409,667292
3778,5426,330833,23260,10796,226682,618404
5111,5426,158339,48574,5907,243122,499627
5333,5723,177621,34278,9185,363560,617348
3852,5130,204516,25981,7630,263314,550090
5333,5611,370744,28926,6297,154623,591033
4870,5408,802731,30538,6777,322651,1228289
5222,5482,171458,27278,7518,169670,407479
4093,5111,181593,26926,7148,253941,521367
5148,5537,366599,36241,8222,258805,715792
5611,5537,354215,27148,7093,251522,669218
3852,5204,146257,35796,8278,168074,403257
5518,5630,169430,24574,7444,262716,518478
4852,5315,236342,25815,6685,237988,548812
5278,6315,368607,25593,6259,173149,604682
4333,5241,152094,70352,5648,186366,443812
4352,5297,174043,35834,8074,408526,687682
5296,5648,208401,23760,7537,238688,507256
3907,4778,297740,34870,10186,236423,630774
5000,5407,151375,40963,6926,162641,408423
13852,4296,150992,28870,7148,148840,390109
4741,5204,174108,24204,7333,210426,444350
3908,4870,365206,24186,7000,189475,613941
4629,5593,387471,27537,11148,322747,788995
5556,5407,149643,24185,7259,199059,410664
4260,5000,166426,24796,6241,191868,418516
4222,4963,232284,25185,7315,174751,485127
5259,5741,319085,23204,6667,221467,598737
4074,5148,149368,25056,7074,266222,488830
5259,5407,171763,31926,9074,166272,408960
4000,5185,203453,66852,6630,196396,514645
5130,5444,383052,24074,7204,366388,808736
3611,4926,153538,32907,9463,250682,523423
4870,5445,170969,26111,7556,320472,589607
5166,5574,789662,32426,9055,203685,1064993
4463,5352,366481,55518,6537,194016,652163
4333,5241,445504,34075,9463,346175,899402
4944,5463,149787,41463,7111,245137,475182
3630,4981,170219,26444,7111,224501,479053
4519,5278,237705,65408,6426,177347,540553
5222,5389,456841,26482,7778,996446,1519843
4482,5148,151586,33426,9445,183966,408257
4056,5018,174704,26018,7093,153905,406609
5593,5648,222005,49315,6167,223047,531071
4093,5111,304066,24908,7074,259152,636682
5019,5667,157330,39130,6241,164482,398072
3685,5093,172243,28963,7815,151199,388498
4926,5611,178989,23686,7963,247544,501404
5185,5482,291754,64574,6445,265760,655978
4371,5018,134982,34945,9314,165905,390387
5315,5518,148506,38982,4777,177955,400646
3852,5389,166622,32111,9389,151542,388368
10037,8333,228295,51167,6129,236314,608348
4426,5148,365578,34871,10555,191252,649978
5649,5870,156879,25223,7426,270099,492405
7981,7334,168403,33130,8777,409742,653237
4537,5445,207519,28001,7888,256311,543701
5315,5444,356878,60481,6445,162545,617811
5296,6037,152642,26000,7278,175208,391683
4092,5297,167332,42889,6241,413571,655940
3982,5092,185486,49149,6092,206641,509553
5648,5481,367122,26500,8611,264282,697810
3908,5296,354238,50352,6167,232684,724293
4834,5592,149021,35111,10204,247828,485386
5481,5463,173008,27407,8371,202471,443441
4241,4981,236810,27815,8000,267983,581997
5204,6555,325852,35463,8130,153367,552608
3852,5019,145912,63315,6834,184085,427813
4481,5222,200548,27445,7537,761909,1027734
3852,4889,210590,34908,8685,180148,480534
5666,5686,402837,36777,6352,171826,649903
4277,5278,153490,40648,4574,254415,495774
5297,5518,168625,66408,6574,382760,652348
4019,4907,172612,35889,8037,206682,449090
4722,5907,346933,60556,6222,152934,614089
5259,5797,351678,62593,6185,182559,633830
4204,5092,150129,77481,6222,229629,492590
4278,5148,351579,32537,9278,168510,607441
5111,5500,230269,47982,6703,213340,530293
3963,4834,321144,34908,8204,225240,622386
4482,5426,149798,25463,7537,309014,532793
5482,5962,170082,28389,8129,213546,451923
4278,5056,208420,25981,7241,198392,489553
5537,5667,387759,33018,9389,179200,638126
3963,5204,154560,43908,6389,161104,394535
4352,5241,171140,26759,7537,158895,392942
4093,4963,178090,49741,6259,218611,493164
5945,5796,291799,28204,7259,233086,591848
3704,4981,124582,26722,7760,165545,352664
4648,5426,146180,61056,6148,245965,502312
5371,5426,170741,52796,8352,177423,439387
3963,5075,234820,48037,5963,167269,483516
4148,4963,334030,25167,13630,145152,563960
5148,5482,147350,54852,7611,236610,526164
5055,5445,177096,40167,6222,406863,692422
5093,5333,205564,31463,7982,246081,519663
3963,5018,426163,24908,7778,251981,790606
4556,5241,171908,26315,6963,295626,544590
5463,5519,167525,23389,7074,157399,386146
3944,5019,181919,63389,6611,400873,712829
5130,5537,323684,35389,9889,379941,776885
3926,5370,1153877,29149,7000,199337,1436566
5019,5500,145010,50963,6148,215451,448053
3944,4889,166867,48649,5963,232093,530812
5037,5592,237429,26333,7611,223643,550552
6149,5426,429230,32667,9518,172914,675015
4333,5204,159180,28074,7500,238521,461905
4019,5259,174592,68501,4740,182942,476905
5334,5315,229320,57278,8352,220473,545960
3741,5055,329474,29963,8185,164597,559626
4204,5315,151479,41537,6241,161963,406202
5297,5463,330929,48834,6314,302845,719256
4019,5074,179638,27111,7444,255359,496071
4148,5056,347347,24815,7463,179131,604404
5352,5723,876909,31075,10463,219620,1169253
4018,4852,147414,40629,6389,162677,384812
4703,5686,168271,26444,7463,392689,656551
5222,5519,231776,25111,7000,151851,442553
4112,4944,386171,35204,8426,355713,811459
3648,5074,168991,39297,6240,247488,503164
5185,5611,179237,33426,10223,353426,606885
10833,8945,195612,49927,6462,208977,561978
4630,5055,400397,66482,6648,215673,732014
5445,5592,150902,29074,7722,174041,394165
9334,8000,166221,24538,6222,183554,417517
4926,5278,183783,62037,7185,208677,515830
8111,7444,360789,25167,9462,210653,660051
5611,5741,352349,35778,8204,151295,579441
8685,7519,144521,38407,5315,273772,497793
4315,5018,176119,36704,8056,193359,462145
5407,5648,241032,27204,20296,176114,495386
5426,5963,325963,35815,9148,151886,571348
5519,5593,153968,64037,7019,179621,436535
7889,7074,170844,34871,9944,174468,426349
9481,7722,193424,26038,7388,153093,415442
4371,5166,503375,32574,10204,359527,937439
7260,7037,153731,41481,6852,159693,397368
8093,6962,163126,30019,8092,148706,384498
4926,5388,176002,35629,8315,161330,409256
4611,5482,394692,40371,5425,211026,770922
4648,5278,128734,33686,8722,164079,383257
6667,5981,148184,89538,6370,232628,530849
4296,5149,145467,33907,8223,271918,491071
9000,8240,361566,31648,8815,244356,705514
4463,5129,343053,61463,6574,242759,684014
8871,7370,151854,26500,7259,736252,958847
5815,5703,177082,25019,6944,195360,434905
4778,5426,201476,23833,6778,211243,470479
4778,5203,328316,58796,6852,190644,613478
4759,5463,151209,35352,9092,165678,394090
9130,7666,159215,27741,7796,157932,389535
5463,5926,171627,36482,10185,147241,395850
7852,6981,347782,34037,9037,177789,620496
6796,5834,128175,42092,7019,161175,370683
4778,5444,147384,27982,7852,309465,523423
8870,7741,173631,40444,9093,292700,585237
5389,5648,232654,24445,7648,227102,521422
5130,5352,439252,64371,7352,177521,735644
5315,5519,161813,33019,9277,233759,491923
8352,7555,173634,28204,7296,148661,392738
5611,5871,203602,48759,6685,157599,447849
4797,5296,376126,27482,7648,303795,778125
5259,5426,153798,22926,7074,178496,393720
9186,7814,160674,39945,5092,148602,407572
5926,5982,171142,25259,7741,144430,377924
4907,5611,344870,44130,5241,151793,593793
5296,5426,894488,25352,6666,226117,1201807
8741,7778,151325,64111,6537,207598,518664
4889,5389,168645,25648,5593,198093,429349
7889,7166,229003,64648,6704,158087,492441
6518,5204,379194,29796,8130,225302,698347
8760,7703,150106,37815,7019,165040,412664
5889,5722,171297,39167,6315,402459,649459
4519,5203,205580,27667,7426,269602,573923
5426,5814,288308,50111,6500,210967,612163
9037,7555,142424,35426,9111,164445,387516
4111,5130,747245,26612,7722,474025,1287937
7926,7259,168268,26315,7685,296192,569663
5537,5518,312663,21944,5963,189612,561330
3926,5370,116502,27111,7148,179663,373739
4981,5408,152469,43259,5297,213213,445738
8648,7278,170808,36593,8111,209430,460664
4203,5204,225870,61148,6463,209442,555941
8815,7389,318893,28686,7277,261048,673978
6074,5871,149028,38796,6649,181210,422757
14500,4926,144997,48407,6500,156242,397127
8352,7463,192650,31741,8574,154681,440257
5666,5723,291544,65482,6370,150397,546108
5463,5500,175253,48649,6463,221577,484423
8296,7463,167926,30297,7333,156461,396720
4352,5111,180876,61722,6019,328657,638496
5371,5648,349307,27111,7037,169430,584348
4870,5723,123960,24871,7722,180667,383664
5555,5648,143411,38167,5981,164402,384035
4278,5129,167342,47148,6000,167101,418275
8166,7260,230217,28760,15648,233909,577811
5685,5556,425409,63870,6296,229217,779847
8481,7371,147728,52241,6148,265973,507460
4093,5259,164419,33352,11019,195226,434739
8241,7074,194146,62389,6130,160314,458238
5889,5963,349153,27833,7037,148252,565164
8408,7666,927678,26370,7797,257037,1255493
5074,5111,171107,41278,6334,423759,669700
4666,5315,181687,26222,7000,250163,495441
8740,7537,394749,52852,5981,200766,690607
4314,5241,1207200,35519,8111,160569,1440565
4833,5556,155184,65204,6185,168499,426312
8481,7074,166820,43963,8259,215641,503663
6500,5778,222399,28167,7203,242080,556219
7593,7037,357072,29148,7889,214702,642608
4630,5426,162113,66371,7370,913454,1181882
8815,7592,280471,27778,7778,305784,711014
5407,5593,201476,23463,7611,165651,429701
8426,7222,344168,36944,8278,158792,583701
4815,5500,145617,40852,6370,162122,386461
9426,7556,156529,65593,6222,153487,435127
6278,5870,172369,25204,7574,287313,522905
4297,5074,268726,36648,8982,206826,585016
5371,5703,345843,64074,6556,228857,717348
8297,7740,148459,48889,6296,188206,442720
5315,5574,171872,62129,6000,394051,663756
9074,7240,231452,25666,7019,242305,541330
4352,6000,391679,40037,6259,293817,760662
9000,7482,433333,28037,7555,359403,865847
5704,5796,173060,25370,7426,152845,406053
5518,5648,207084,26963,20741,240284,526478
4389,5185,374682,40204,6389,389146,871476
5037,5704,152354,35796,9278,164051,392498
3963,5018,163637,25260,7185,155101,379312
5074,5648,172865,28018,7704,236929,492145
5519,5611,339630,34500,9148,360718,771626
4148,4926,348191,25518,7371,179435,613903
5297,5555,149196,33296,9019,212061,434516
4889,5463,170664,27259,6222,190056,427719
9704,7982,220743,26260,7666,197513,487294
5241,5833,399398,36019,8240,147173,629904
3814,5223,155551,66889,5370,244631,525293
8148,7315,174408,27482,7889,202719,466942
6574,5926,196358,26000,7611,168954,429238
5426,5685,870198,34908,8407,219091,1175067
5037,5537,149036,26537,7500,175906,389109
4333,5352,163486,46518,7296,364086,642163
4945,5315,172676,35666,8908,160285,405239
4500,4982,317830,38870,6871,156555,550608
9630,7833,121965,28055,7482,172811,383461
5167,5425,710009,38296,6556,272874,1059605
5019,5667,171938,47241,6778,229466,519886
5148,5333,235926,28222,20222,199498,514330
4296,5037,349227,33315,6741,194621,613163
5241,5648,154066,23074,6889,318969,546201
5334,5537,172163,36241,8315,168927,416239
4056,5166,199892,65519,6925,159217,460368
4315,4982,317027,26703,10889,184618,567627
4500,5222,151940,23444,7463,180170,408924
5760,5611,168611,38445,6574,146775,392702
4093,5111,175450,24370,7945,155696,408849
4963,5408,339845,60648,6370,396780,831347
3685,5111,480962,43778,4796,196757,772681
5019,5518,149874,35759,8908,207438,432868
4259,5185,170769,58222,6111,380025,676126
5037,5426,222441,64092,6167,153872,477386
3981,5112,331575,28945,7259,149032,545478
5185,5815,153359,38389,6092,191380,419887
3907,4796,171068,27833,7260,175874,426942
5611,5463,192702,49482,6167,166220,445441
3834,5185,372671,35297,8370,143400,589590
5074,5593,139787,24296,6889,225062,445257
13889,4481,147053,41370,5852,416092,680163
4630,5222,174021,48574,6074,158236,416035
4018,5074,290767,29389,6426,243600,599885
9148,8130,339013,36778,8759,160873,600385
5741,5685,151222,48111,6204,182960,420386
3945,5148,179153,62685,6445,199585,500571
8426,7037,366659,28481,7463,289504,739236
7611,6981,349221,49055,5945,212942,652070
4111,5315,153003,35574,9315,262346,491534
8148,7297,175990,27055,8241,319877,599904
5963,5871,196347,34741,8574,189780,462887
8019,7278,412982,52963,6500,234310,777959
4981,5445,147413,32185,9204,169325,389794
8649,7925,154456,25482,7426,175171,399720
6315,5963,170128,26852,7778,241555,492720
5407,5519,349152,38130,4981,165048,588737
4815,5370,122787,26370,7204,177933,379294
5149,5537,146014,37389,6037,260279,479720
4056,5092,176224,24945,7389,196088,452053
5055,5519,223433,27611,7852,260897,548682
3870,5037,391791,24500,7759,154669,606681
5129,5685,148426,49481,6352,218850,472645
14074,4574,152561,68704,4907,194863,470905
4630,5204,197566,37907,9185,157284,429627
4204,5037,367108,26204,8352,152092,581682
4592,5463,154243,43371,6093,159310,392460
4074,5278,162396,38001,8444,146638,399423
5611,5574,175829,47574,6370,175355,437368
3889,4852,265927,36092,8945,188219,524757
4463,5074,916137,25833,8222,206949,1202493
5037,5389,145251,53834,6167,267208,529959
4481,5537,169387,60704,6426,395535,693681
5148,5445,222336,63278,6241,198123,519645
4444,5186,385620,28259,7852,185247,655922
5148,5445,159199,32130,7982,208668,438257
4592,5519,168631,40833,6463,341996,619515
5278,5463,194081,36537,8203,148640,415590
7704,6944,353235,27574,7111,149910,571645
4481,5500,152129,39074,6111,165425,392794
4871,5259,257375,26426,7759,285714,620589
5426,5833,696678,60796,6500,321927,1117993
4000,5203,253645,27612,7426,152241,466941
4685,5815,342614,61778,6037,153197,597719
9426,8370,153119,37093,5926,161453,395461
4444,5426,171013,26778,6074,224299,457293
4389,5222,223352,49074,5889,222719,530793
4666,5223,399876,37741,6000,152194,644996
6277,6074,143030,26407,7426,243172,452015
4852,5463,168701,37704,5963,395721,635348
4333,5204,152781,26037,7241,211606,426053
4444,4963,368898,24759,7741,175173,606959
8741,7759,142273,26649,7518,176984,389646
4481,5278,159204,23963,6797,347162,563163
4722,5185,172506,63241,6371,153250,424831
3778,4796,367105,26352,7963,219040,648052
4130,5074,341499,35185,8667,256849,670959
9537,8074,167338,39481,4722,258308,513034
4611,5444,169547,40426,10185,191877,443516
9185,7593,221663,47333,7815,166890,498404
6018,5926,408187,36204,8426,268179,793828
4574,5333,148822,26315,7537,185824,399738
8612,7814,174365,28759,9185,148689,396165
4518,5352,199370,68074,6500,154628,459386
8315,7426,368153,29371,6740,170732,625996
5593,5685,153307,38778,6555,165228,395961
7704,7555,161294,25722,7185,188612,418127
5574,5630,175002,48667,6556,194754,488794
5260,5685,325082,26296,8278,280155,669348
4018,5130,345162,24463,7241,191316,594255
5370,5593,177000,33352,9055,202312,470645
5555,5649,171190,25426,6389,153641,387535
4629,5278,226326,63741,6871,151837,495367
5130,5500,359609,26834,6926,196350,629293
4093,5203,154504,23426,6796,252050,489275
5352,5740,174732,35722,8148,186970,454831
5518,5482,190310,27648,7852,263020,518182
3723,5055,421095,34240,8760,206716,718904
5297,5444,151581,41222,6834,162491,394109
4000,5111,161845,30574,7926,152783,381627
4445,5518,174203,24315,7592,276035,510219
3871,4870,151134,25315,7278,204937,432887
5519,5685,354214,62648,6667,210134,663978
3926,5185,158460,24148,6630,238649,467757
5186,5574,152168,61538,6685,274569,526794
3704,5000,236563,37056,9352,221230,554812
5093,5574,447513,33352,9686,239593,796181
5278,5500,148222,23870,7593,210257,420146
4593,5203,170135,39871,6370,296103,574015
5315,5408,196047,36334,9000,242005,512034
3870,4963,359387,29426,7481,147166,571330
4223,5092,153300,40426,6722,163976,393591
3871,5241,161341,27778,7685,157193,399313
5389,5537,166866,27352,7351,264558,494812
3815,5092,278686,34167,9648,154163,502701
4444,5371,340284,26333,7056,269471,686274
5352,5519,153919,28018,7186,310430,568590
4444,5389,174239,49945,6944,223036,498219
5574,5407,222338,51018,7130,172919,486164
9944,8000,407843,26908,7815,388596,865809
4315,5389,175903,32556,9685,296945,544830
5074,5593,168372,26555,7945,178626,411220
4555,5334,196211,49740,6871,154861,454182
5611,5611,365865,38352,6463,157150,598404
4333,5241,144536,26259,7149,175017,381405
4204,5000,158689,42371,5148,173234,424738
5222,5574,174177,49723,6481,164580,425757
4056,5074,338553,27074,7592,149555,567978
5352,5519,151521,24148,7259,300977,515609
3834,5018,145175,63500,6704,176508,419590
4556,5407,748756,36907,6796,182425,1021105
5519,5482,233092,28593,10815,241182,544831
4093,5870,315655,26463,8000,235138,626756
5149,5388,148974,60834,6185,213653,460312
4056,4963,173646,33870,8963,357517,599478
4259,5667,595578,24389,11926,187768,866680
5000,5463,286750,49092,6297,222672,648163
4445,5259,157773,24093,7482,176465,411331
13389,4314,534132,26741,7333,287623,895606
4315,5222,175322,22592,7834,199102,459442
5092,5241,341272,21740,6889,160855,560311
3944,4963,123814,26055,7315,177129,361979
4408,5352,150522,23111,7278,289641,501053
4185,5019,176306,72518,4537,200025,494571
5463,5481,221052,25630,7611,234630,517848
4000,4907,399262,50630,6259,381548,863106
4278,5370,156952,23426,7111,221009,453479
45962,4482,148365,60000,6537,320984,603811
3760,5222,195129,64667,6352,372848,699996
5019,5333,407617,34649,9462,198509,680534
4389,5481,151548,25426,7370,178358,393535
9426,8129,152164,40501,5981,163482,415294
5241,5704,173280,26500,19760,195772,446238
4463,5111,343398,39981,5760,154913,574348
8093,7629,574774,26500,7963,177592,821736
4296,4871,151148,25056,7889,269237,495164
5760,5740,171062,33315,6629,147140,389387
4056,5055,219067,25871,7037,154356,436757
8500,8537,327314,62963,6407,218887,686959
5185,5407,157523,51111,7259,235327,481478
5537,5926,171380,34926,10389,175099,438868
5148,5259,187163,62223,5852,221093,508053
4223,4963,1199041,28889,7518,265321,1584565
4982,5592,139082,39351,5945,167732,397683
5685,5519,154457,29518,8519,164430,388498
4278,5315,171851,49556,6315,193368,468849
5648,5611,252246,28518,7315,250566,592459
4815,5240,353659,34260,8907,198097,644737
4907,5185,151460,38093,6185,199427,424812
9240,8074,293189,34018,8870,306920,679829
4130,5055,142767,25074,7074,214398,418460
7370,6722,322866,26389,6629,180409,568422
3796,4944,145834,26870,7834,193757,402423
7075,6500,172265,39129,6148,352399,640256
5500,5389,193992,49704,5685,225097,505441
7111,6722,297054,28778,6407,235554,601385
5315,5389,142281,40167,5963,166401,383738
4648,5111,157046,41408,5796,150674,401238
5260,5351,168644,47723,5889,153761,406498
7629,6685,278706,27963,7407,184107,530941
4759,5333,122470,37907,5963,165103,361349
7760,6907,147086,51926,5852,156338,412554
5593,5278,171277,27389,7907,398775,635219
9000,7333,211153,62426,6167,224270,539534
4463,5167,392714,58648,6241,322874,809199
8222,6759,155497,63574,6296,237519,530793
4926,5204,171428,37444,4334,428290,668274
3741,4889,190748,25500,7574,256305,541978
4556,5037,313735,58352,6259,204965,612663
3444,4760,154147,42352,6574,159258,390183
7593,6852,158153,28297,7370,178548,405757
5259,5482,171936,25074,21167,204894,451905
4148,5000,340924,40333,6204,155832,570867
3907,4833,127948,38815,5981,163699,381405
5296,5500,150786,58797,6389,161785,407924
3352,4704,169180,50167,6371,359242,610775
7926,7185,215297,26482,7074,1817043,2099747
3223,4999,322322,25203,14463,245398,684348
4833,5333,174308,34630,9592,242394,491052
8204,7408,168350,26667,7815,448016,704330
5408,5278,190930,35851,8612,195808,459294
4000,5092,385251,39130,6352,244115,704329
7741,6888,619812,25667,7519,234627,975846
4704,5296,1226967,64315,6167,148043,1475029
6852,6722,331285,28278,8093,226267,625793
4093,4889,341105,24296,7315,171503,571071
4297,5037,1965633,25722,7389,269872,2296987
3686,4740,155079,70834,4796,233437,563368
4185,5037,165510,41334,9537,189635,433868
3667,4722,226979,25870,7130,242111,530312
7723,6685,390206,25889,7019,177623,633645
3519,4815,155786,63000,6277,176416,427961
4778,5167,169384,25537,8074,150781,384406
7981,6834,180278,49518,6019,231404,501923
3982,4666,294340,26666,6260,246694,602960
8852,7130,132122,32833,9389,167043,392776
13797,4740,145517,27926,7333,147963,366387
4389,5204,169337,62500,6037,321771,586460
8852,7222,246361,27481,8556,251376,594515
4648,5315,439256,27685,8037,290277,803588
5407,5741,168668,39926,6407,244922,511571
4074,4852,207543,37167,8241,384064,683922
4981,5315,225716,25204,7333,250540,536422
9056,6574,392518,38074,6482,152293,640219
4741,5185,145949,27203,7463,283864,494756
4667,5241,168602,37593,8388,165100,425368
4741,4888,192738,67333,6593,156760,451923
4056,4759,310762,49574,5759,221031,663867
7297,6555,146193,28500,7074,172583,404442
13056,4185,149180,41222,6463,403854,634645
3907,4685,173982,27463,5796,180276,433368
4685,5093,264116,49556,6408,154880,503127
4130,5166,180011,39519,5907,191080,460997
4797,5055,153609,50056,6296,159889,398702
3593,4592,167929,61704,5944,180865,443164
3482,4648,232619,25889,19482,175655,496293
4870,5389,398144,39834,6370,142742,616404
3630,4778,171204,35186,8055,256830,546812
5204,5148,446692,28741,8444,288082,814570
5019,5148,189252,23908,7407,199653,446738
4222,4741,359684,32445,7777,153054,579645
4074,4944,144023,38037,6352,164605,380664
3555,4649,155212,37649,4185,172600,432960
5222,5315,172848,29667,7018,203724,443830
4537,5223,284983,61685,5889,263309,695496
4464,5148,347989,26277,6037,235100,660774
4723,5129,155883,32463,8222,249041,474812
3575,4852,172128,25241,6593,197813,447831
4722,4982,221227,65815,6592,157530,480664
3852,4648,391418,26167,7815,418836,868699
4260,5074,152886,33574,8148,265648,500571
4796,5056,174669,24315,7444,286439,518700
3870,4944,191694,61777,6389,142786,431312
3703,4926,361477,71796,6630,337685,835310
4797,5129,921225,67352,6407,203861,1227753
3370,4723,162246,25778,7407,158048,379738
4074,5055,175400,62445,6241,392911,696144
4852,5296,254294,27204,7704,245665,562144
3667,4870,906024,22889,7314,182063,1162660
4537,5019,156601,35537,6056,209507,436331
3741,4703,168274,24611,6685,244798,483238
4722,5055,218094,24908,7444,181737,458960
3537,4593,333896,25851,6056,197027,589071
4704,5426,179549,34204,8703,261541,526015
4722,5093,170813,42556,6555,358443,604478
3852,4648,189560,27685,6926,246437,510145
4870,5167,419455,26481,7574,184801,667774
4038,5055,141200,23797,6907,178798,395517
12611,4204,144613,39352,6722,408884,632571
3315,4777,174008,36204,9592,211157,454719
4685,5371,250698,64019,6722,213224,576830
4574,5093,118110,28426,7463,171869,355128
3815,4889,145116,38852,6518,863359,1081734
3463,4612,170473,31963,9037,186654,441868
4834,5259,219553,63167,6556,175814,493812
3519,4667,401151,58908,6426,245084,787848
4463,5055,151638,68630,6111,260822,525071
4945,5315,169273,38852,6703,436409,679441
3592,4760,188871,28815,7185,255144,519589
4463,5111,306340,49296,6760,200731,592219
4296,4982,155697,26740,6982,174357,408979
12426,4111,152850,41371,6574,415868,650515
3945,4815,175930,26481,6093,179957,415220
4593,5537,249213,24223,7314,217451,548738
4722,5093,117107,34722,8926,165021,354979
3870,4926,152205,27130,6741,174477,387794
3778,4852,175211,62240,7130,354693,623293
4259,4982,218179,28833,7926,263300,558349
5204,5185,336203,49556,7426,163219,585330
3722,4852,154523,66667,6241,244529,510404
12574,4148,149307,32944,10093,184450,411849
3945,4741,188015,25463,7741,235500,503109
4889,5074,338281,35685,8426,399326,807884
3519,4722,448342,64907,7038,321245,868051
4444,5204,150550,34408,7889,162077,399368
4741,5111,166685,27093,24296,188720,434923
3630,4740,244432,36926,10167,221306,537774
3741,5019,331270,62852,7186,230873,672459
4908,5000,152165,28296,9574,169852,388850
3463,4704,172114,23130,7444,153476,382775
4148,5000,405158,23074,7259,290338,765736
4944,5204,431719,64963,7055,202963,736162
3667,4833,165816,23908,7074,260848,523182
4852,5074,178266,40426,7000,366138,617534
3907,4982,187401,35629,8297,232448,515608
9796,8019,352925,68278,6629,333959,829736
4500,5204,142985,24889,7593,177382,382868
7574,7074,149380,24519,7370,175062,389720
3926,4778,166922,64649,6907,372148,668422
4741,5130,248280,37666,8445,146254,467886
8593,7111,332434,62389,6851,268803,705237
8000,6944,152957,42908,6222,248262,519608
4982,5296,175037,28074,7741,149442,389887
3463,4778,212876,59722,6222,210992,517497
3574,4592,347641,25685,6778,151708,559663
7834,7129,176535,61556,5796,181555,458683
5389,5555,171911,24685,7722,169717,403183
3870,4797,181804,49352,6741,163989,428220
4370,4797,358681,29777,7056,157871,581145
3852,4833,146279,26463,6981,176386,382257
3834,4889,151469,42000,6407,155455,384183
7834,7074,171530,47611,7074,166505,443535
5889,5482,248795,27648,6926,258294,595404
4426,5315,419097,37445,6500,152177,661274
4778,5074,171324,51833,5926,217914,476108
4166,5111,202108,27037,8093,358611,662348
4815,5148,212094,35167,8241,154051,436405
3574,4630,377878,38963,5222,371691,817569
4481,4945,147846,33685,9055,244448,473997
5037,5352,177295,61204,6278,312979,583663
3741,5408,194393,61538,6389,210066,501627
8371,6981,360992,27241,7574,147894,593682
5148,5463,149145,26704,7222,176390,387850
4389,4944,156465,44241,6797,174921,411331
7630,6555,173675,48519,6666,844319,1106753
4741,5241,247514,26777,7167,151206,462461
8778,7000,329241,65611,6667,195773,666200
5223,5278,151487,40981,6167,203714,431887
3723,4851,170308,26926,6148,226320,482016
8074,6926,208757,24908,7222,238295,540219
5223,5370,385763,37222,6389,294992,752514
7389,6870,146324,46629,6056,266951,497849
3778,5167,173736,32241,9259,144039,386627
4555,5223,339001,25500,7630,244347,644811
3426,4723,360821,39482,6130,164637,597256
4074,4833,1009088,26852,7074,235145,1308473
8223,7926,143665,28334,8055,160092,375109
3685,4648,171449,26445,6555,207716,438849
4000,4796,245269,35704,10111,205024,521719
3371,4777,336183,35574,8074,235573,642941
8648,7444,152262,41704,6740,177477,430534
5815,5648,171582,27148,7334,148712,387387
8111,6593,209957,25741,7648,248132,548034
4574,5111,374075,24759,7370,152478,603941
5519,5500,151116,67056,6500,179418,435016
7907,6834,170362,35556,8185,344634,590219
4519,5074,184553,48296,6148,220926,488942
7149,6240,269041,36537,8370,178068,542275
4908,5278,139249,28648,7870,174175,378461
3981,4834,150458,27519,7481,164892,378553
8926,7352,165057,61666,6408,376792,643663
5019,5315,253914,26981,12426,183232,524627
4870,5389,337623,25593,7296,255466,652885
4018,5019,146017,39222,6167,190036,425923
4778,5074,199689,49667,8019,309011,592756
3537,4592,214565,36130,8630,157006,439497
4796,5241,382700,33667,8074,161648,631422
4778,5241,217279,27871,7833,212643,493923
3908,4685,173285,38222,6352,362989,605515
4001,4814,185476,35815,8333,147393,435665
4852,5296,355944,29112,7500,163089,584719
3555,4852,685451,26222,7093,214229,959735
4333,5056,145954,24778,7889,177210,400645
5056,5259,169127,63796,6593,186148,455312
3611,4741,251484,26593,6814,261846,586515
4704,5222,347175,49982,6537,154710,587293
3463,4777,145940,49648,5667,180095,407886
3944,4834,386260,50000,6352,357124,827310
3278,4703,218247,37259,8723,146862,469034
5426,5278,306271,61240,6519,311762,712903
3667,4741,152646,50667,6185,240684,530386
4722,5074,517597,42185,6130,264879,872272
4778,5111,708288,27871,7611,369779,1141697
3741,4852,150477,34630,10426,165261,405294
4833,5259,617040,25926,7740,215882,895050
3871,4926,148802,43167,4630,168361,393127
7259,6796,172327,25834,6185,198689,435534
4167,5092,240259,24611,7111,247128,562108
4889,5426,327894,35982,8463,151436,550682
3944,4834,153158,24000,7296,213043,425071
4111,4963,205052,38926,6259,368759,643459
3759,4574,212465,34482,8129,233273,527534
5111,5129,381768,28389,8018,164600,611959
3556,4777,151939,65408,6278,182225,449090
12481,4037,148297,27666,9000,174369,395794
4000,5000,180913,64981,6167,219084,536923
4500,5166,362104,25574,7630,318836,755662
4945,5352,144553,24833,7000,179260,388591
9333,7408,148077,57574,6389,285346,531626
4278,5463,178675,63278,6204,198563,509590
4982,5352,248699,26852,7926,217650,553053
4352,5019,448779,25445,7203,574752,1085809
3927,4851,156081,62481,4593,190195,439572
3704,5000,580086,38908,6666,275316,928309
3741,4982,211795,47333,5704,194721,504257
5315,5389,307134,29556,23629,233474,630441
3889,4870,179602,25093,7277,215322,453664
4482,5111,167311,34648,10074,195168,454738
4907,5223,144927,26185,7389,317051,524738
3685,4667,378656,24574,7667,204285,660367
4667,5092,141457,42167,6593,160837,379627
3814,4834,148629,30389,7463,826198,1040457
4148,4833,168153,64889,6408,216751,497386
5037,5315,248343,30723,24648,165820,497904
3852,4722,452053,38148,4834,166091,688403
3649,4685,176021,26889,7426,330475,599608
5093,5426,174434,37685,8741,157360,407016
3352,4537,211717,23519,7222,266020,557052
4760,5074,332445,26852,6333,197941,611015
4870,5315,152987,27574,7167,269769,486756
3722,4963,175604,41185,6537,350745,632848
4944,5130,191646,28797,10759,192203,452257
3389,4629,275467,64167,6056,177530,548923
4203,4982,640028,39352,5815,166615,896809
4796,5260,152607,28574,7500,167224,385053
3982,4944,170372,62648,6815,330181,594886
3760,4629,245970,36723,8666,221046,550034
5019,5240,348476,38315,6500,269409,735181
4334,4907,151666,25852,7296,218499,450683
4944,5241,206930,34001,9259,355751,632496
3797,4722,207417,26482,7463,195932,462405
3648,4667,358015,37852,6130,426757,852791
4555,4834,153520,34519,6241,195384,435201
4815,5129,174193,39760,4370,281563,526849
3297,4796,178883,37056,8667,146799,394998
6148,5482,283222,48852,6130,192256,563886
3852,4908,123894,33426,9129,169549,365776
4852,5314,148178,26648,7463,176302,387960
3722,4685,164868,33741,8648,152500,418553
5982,5648,233559,34500,9926,275012,581534
3704,5055,331805,34500,8519,197080,597033
3352,4593,149124,63686,6259,257502,536867
5389,5482,1077281,26944,6982,298914,1438788
3686,4703,173655,26296,7778,328435,561942
3667,4611,303660,26593,7259,206133,592867
5130,5592,179462,32815,9870,276850,529330
3612,4703,175189,24871,7296,150013,402313
4982,5518,179176,49686,6537,154840,419331
3444,4759,353256,28723,7592,172741,588718
4389,5259,127687,39463,6315,162163,363128
3148,4408,148247,28112,7129,364638,583052
5259,5685,168402,31759,9315,153282,391479
3334,4611,241444,62296,6241,189127,555386
4871,5166,419839,25148,7278,240657,721959
3519,4685,148769,31852,7667,173784,406905
44000,4389,166275,24315,7815,158037,422961
3592,4667,210299,22815,7370,284661,577015
4296,4945,293434,26370,8038,252951,605978
3500,4612,156772,33037,9056,174336,417183
5259,5870,166816,42055,6963,162016,407794
3463,4537,177524,28056,7426,280546,545367
4315,4944,392086,36834,8703,178633,643181
3315,4741,139275,29908,8204,171259,374627
4649,5314,146004,44148,6667,446492,692052
5333,5611,176787,34630,11852,210155,463590
3185,4574,244274,49371,6333,207779,545663
4630,7000,374150,36814,8334,379438,827088
4667,5240,147470,40019,6203,160047,399461
4629,5074,202216,29038,7592,381318,646033
4148,4833,214555,35204,8759,213850,501330
9593,8370,373820,38685,6019,159010,613738
4278,5093,150509,26630,7019,193358,422331
12982,4407,149034,26148,6778,149927,369943
7296,6982,177743,27463,7870,256902,516719
4833,5167,356897,39481,5982,352006,783273
8963,7500,349458,26797,7333,215372,631645
4574,5055,143537,24111,6315,861624,1066142
8407,7260,703321,33241,9037,222636,1020179
5019,5574,237733,27000,7408,242060,567349
4889,5963,325165,63481,6815,157536,602682
4963,5167,175077,49611,6018,235976,497071
8908,7592,176083,63926,6204,176118,457442
4815,5000,207422,25500,7055,268298,565905
5500,5500,312890,25723,7333,153903,528238
4834,5500,156839,39093,6130,161139,409609
12833,4204,154493,28945,7537,146634,374350
8352,6963,171314,61963,6148,161888,435479
4000,4574,340523,27241,7574,342140,752811
5204,5574,354936,35055,8649,161597,588349
3296,4741,147330,40889,4981,162002,397757
4926,5055,167558,28204,6481,177033,407868
3093,4407,245711,26093,7667,180397,484220
5630,5851,346625,26851,7445,269094,677422
2945,4518,180555,23871,7574,291219,554478
3982,5055,208024,51444,6871,316065,643922
5685,5741,218195,47260,6648,250634,555422
9592,7093,329553,27630,7278,156332,557552
3130,4722,150558,25056,7315,176662,387424
7204,6889,168378,41167,6278,321322,580237
5333,5537,191718,28703,6038,175058,431738
3074,4593,356668,36351,6482,384032,841977
4815,5370,930915,25260,6870,225115,1217493
3055,4704,146659,32223,9889,164801,380497
5574,5852,173924,26648,7037,279277,528904
5334,5259,246170,26315,23278,172864,497960
4167,5093,147249,33223,9463,221155,438405
3148,4555,144385,45611,6278,183094,405479
4260,5000,175075,66593,6815,184218,474627
5148,5296,208785,48000,6148,202398,494478
3093,4593,300531,28851,7093,274540,654663
4778,5296,152777,38723,6092,172943,400831
9130,7370,1043395,27056,6963,255986,1380196
4704,5259,176788,35722,8222,153340,400535
4667,5259,348182,26611,7482,168148,595941
4649,5222,353929,64352,6407,213327,669997
7944,6889,151045,27185,8389,293397,537923
4611,5315,169439,61259,6204,198669,475182
4852,5463,241537,26389,7241,263533,569682
7685,6778,435154,36259,5945,257934,781773
4574,5000,148419,43222,5796,186802,412202
7981,6611,200813,48833,6074,335907,621996
4222,5222,207374,29481,7685,290901,573922
5297,5426,377638,61982,6407,408986,885958
7389,7074,159569,66223,4962,225947,501737
4648,5241,171186,62297,6129,333015,601775
6981,6593,169469,36056,8148,161621,405275
4889,5093,357956,24963,6463,312169,754940
7685,6889,347573,63537,6519,214182,699681
5260,5407,149467,50093,6259,261530,499275
7759,6797,165843,62574,5852,372098,637293
3408,4555,237071,27481,7389,268056,602145
4982,5407,323151,48555,4778,176939,585682
8518,6963,168711,26408,6629,252694,522774
4703,5111,176161,63797,6296,175614,452034
7389,6907,204907,23686,7185,245090,512460
3834,4629,384061,22519,7259,365101,803199
3204,4593,157788,39055,5945,166450,400702
5926,5685,168460,29500,7723,150241,403831
5112,5389,178336,23703,10630,140458,379628
4537,5315,419953,65241,6537,328135,848884
3593,4740,439126,27259,7204,387869,923624
5056,5277,145038,41130,6740,161146,382664
3982,4741,171080,26555,6963,149548,381183
4704,5222,238808,50315,6407,182690,525016
4927,5240,328610,26185,6889,292183,681034
3130,4556,150188,62093,6222,181735,445887
4723,5092,170398,33315,9685,213303,455424
3519,4481,206978,48574,5833,199909,517460
4500,5500,148890,36574,8741,181386,421998
4741,5148,171266,26463,6723,269583,526164
3704,4907,170587,40370,6278,397632,674293
4797,5185,178258,29519,7796,247517,492183
8222,6963,337505,35629,8278,158622,590978
4685,5093,490103,49945,6092,346762,935772
3204,4370,150219,36741,8074,230315,477386
8167,7481,174114,61981,6334,277642,554219
5056,5241,231915,35074,8093,152675,455924
2871,4463,387125,40870,6611,384945,842755
3722,4797,149074,35444,9185,177239,417720
7186,6388,170747,28592,8519,423750,661756
3112,4518,203511,34704,8481,259134,568534
8000,7371,355868,39204,6574,320127,755477
3018,4574,151837,26389,7759,183069,399701
4019,5092,169972,29241,9111,147952,387387
2926,4426,179921,61185,6630,165298,464738
8482,7074,286742,48222,7000,157644,540127
8075,6592,138988,27056,6888,176177,436553
19629,5463,130956,43038,6370,146671,375201
3222,4445,175906,25555,6778,152073,407516
5389,5389,232485,68500,6963,200734,586200
5260,5963,394028,62204,6852,168208,662404
8334,7407,153237,26259,7000,189168,410590
3630,4315,262298,39463,6723,174013,528516
5408,5537,725656,30723,9148,364151,1160753
2834,4518,413106,66815,4981,252538,789181
5000,5389,147574,67111,6889,207146,457294
2981,4352,171949,34352,8445,288325,561978
4833,5185,175715,26352,7629,267968,504330
3000,4852,343183,39963,5130,293443,708959
8278,6981,351411,36704,8463,147327,610256
4870,5297,143193,60296,6241,290304,527923
8463,7704,165810,62981,6556,173595,443460
2908,4592,149575,27055,6945,227719,457183
5537,5111,319933,35888,8149,233805,625145
3037,4741,149122,61278,6556,184041,428127
8315,7093,168479,33223,10703,407184,652107
5408,5796,198097,26148,7148,151272,412276
7500,6334,302176,35611,8963,148969,558608
5538,5351,153700,25333,7167,179835,397424
7537,6982,165668,38537,6833,297237,573534
4889,5241,174859,26963,7018,245731,505479
4629,5167,277494,50537,6945,147114,511960
8056,6889,121332,26111,6963,178944,366165
4185,4963,142449,43926,6518,158845,396979
4852,5148,173733,25240,7667,152284,403146
7704,6259,230682,49815,6797,158222,494905
4852,5185,459800,35370,8389,219030,783737
4741,5203,148267,40537,5408,215471,439071
7908,6981,180328,28389,8333,198633,480442
4408,5018,207278,27722,8148,276034,548960
7963,6685,349932,25685,7704,151250,567830
4574,4870,149085,25556,7241,178579,389368
8093,7240,161720,46204,6945,425183,673052
4945,5370,180337,27111,7592,271476,513645
3555,4556,328602,63296,6926,163099,590645
7648,6963,129088,35908,9611,163873,390053
14556,4796,195205,26796,7575,184403,452090
4722,5167,172969,63186,6814,983024,1251974
3703,4611,596828,29148,7556,208112,867865
4074,4833,354888,63186,6500,218348,683403
5500,5259,164079,51092,6019,249715,539978
4333,4981,173862,37963,8426,275080,555200
4593,5130,198107,48426,7315,232112,514683
3463,4574,145521,33574,9092,166089,399239
4666,5037,158971,29648,7222,170361,394108
3352,4629,170939,39370,6686,149336,394497
8704,6907,140351,26352,7037,361331,605959
4963,5259,344784,34296,8630,162454,579108
5093,5130,532752,26815,7685,278409,876884
7889,6889,147479,48704,6000,185111,419868
3945,4796,168059,25611,5963,209791,457702
5408,5241,232175,24500,7666,221545,516460
9389,6333,444978,51166,6204,245555,782144
4463,4796,144630,34260,9204,213904,449349
4870,5315,171821,46611,7370,388380,640792
4519,5240,206864,36815,8722,155430,433646
3796,4686,359498,27056,7852,151090,589534
4741,5037,154763,27722,7982,175031,393646
4407,5037,168972,37612,5222,419246,656385
3518,4815,172255,28519,7852,242760,490645
4593,5148,320057,63927,6481,182439,600867
4334,4963,121210,29111,7889,173269,376109
4907,5093,145419,22686,6963,282966,487349
3148,4593,171018,62889,7111,172498,440979
8519,7055,236857,25352,16315,245511,557423
3204,4537,377269,25038,7037,187337,641681
5092,5278,149923,34574,8871,252037,496515
5222,5056,168706,23648,7352,154662,384387
8315,6703,196379,65944,6963,215378,542478
4260,4907,320754,27371,13278,218890,629237
5204,5204,171092,48223,6592,350793,607348
3908,4777,175598,23741,6723,156010,407220
4648,5019,182807,25704,7555,178690,421331
4315,4833,301702,29389,6407,197555,563700
8112,7055,121929,25352,7037,183662,372332
4167,4537,144490,42389,7204,171933,410424
5222,5148,168792,25982,6166,208150,438182
4611,5297,452242,26889,7889,289123,805440
3148,4519,367933,56629,6704,417655,907791
4686,5296,148364,31389,7203,211227,426480
4759,5241,594944,39074,6889,291829,974217
4463,5018,200227,27667,7389,151160,412775
3315,4778,298139,36260,8704,148894,550979
4444,5241,148385,40408,6796,162168,385923
3352,4796,168576,30204,8259,178367,429294
4648,4963,170896,62667,6741,207027,475775
3185,4426,343643,25351,8000,153355,556070
5000,5260,923594,41963,6537,172621,1173493
2889,4278,147709,28241,7333,405473,645515
5074,5389,167807,33537,9741,180413,419072
3241,4630,234664,63370,6797,205832,571812
4666,5945,365503,36333,8038,223418,662662
3019,4425,163768,50889,6481,237915,521071
5018,5204,183403,25444,7630,206317,451257
4963,5334,199019,26556,7314,271460,545664
4815,5056,307784,62648,6889,261064,715848
4445,4796,152012,34703,9204,165190,405183
12426,4093,150128,25648,7352,312202,529127
4093,4907,172763,33815,8426,291067,544145
4500,5018,299473,56759,6685,279709,668366
3870,4908,354144,36741,8797,146518,570052
3611,4741,152724,38277,6834,218681,464423
4833,5149,173266,34759,8019,176990,421849
3537,4667,235531,24630,7629,246429,576553
4704,5352,966204,63593,6630,196510,1263289
8908,7296,171394,29592,7704,252270,529608
4352,5149,196602,25315,7834,219135,477220
3445,4537,199571,62500,6944,215778,522497
4593,5037,323207,30796,7389,209975,601571
8963,7278,148082,38685,6649,166323,394202
5518,5352,164717,27000,7111,156577,385942
7611,6630,404390,63222,6463,273476,797384
4815,5149,347357,25575,7037,206490,615015
4593,4926,126529,39593,6407,162821,381609
5001,5166,142961,38037,6463,906922,1126105
8223,7018,175855,26834,7203,233513,505590
4574,5019,231490,23963,6963,213600,506108
7426,6537,363922,33092,10704,167778,607978
4519,4667,181723,60796,7482,223700,535942
4741,5315,178007,35074,10222,174250,426294
3111,4685,205771,26167,7426,252152,542348
4926,5426,423629,32222,9352,223497,727514
4852,5314,157282,38926,6815,162012,394368
3722,4426,167158,27019,7111,156044,402257
4759,5260,168793,65259,6704,158630,427701
3389,4760,346428,30222,7871,409400,817718
4741,5037,347360,35296,8334,170914,609052
4944,5148,154883,59538,6463,187818,437053
4148,4481,168482,62944,6537,409700,673181
3426,4630,233024,30444,7778,260066,593126
5574,5315,395770,40834,6315,146448,618700
4907,4852,157590,40296,5204,245981,490145
4630,4945,172965,37538,8722,145643,392943
3667,4852,198045,28852,7315,120453,413350
4741,5111,368681,56537,6167,334796,792292
3389,4537,147149,26648,7796,177109,383998
4537,5167,169747,38241,6759,150325,393109
3019,4407,171919,25334,7018,226005,473905
5204,5370,1235482,48297,6778,242194,1562787
3315,5037,348115,23833,7204,143697,581385
4518,5204,150806,28389,7963,270562,486960
3019,4463,166329,23389,7333,190965,411109
4814,5186,236946,22592,8908,271976,582033
4741,7407,377822,26537,7482,197507,639718
3278,4685,154346,27741,6277,219337,455683
4648,5129,720649,33278,9519,303345,1095067
3963,4926,346190,41056,7259,179418,618608
4538,4888,306696,28408,6018,251986,627312
3649,4685,1996334,24926,7815,182727,2256339
4704,5277,170577,25611,7796,155014,387275
4704,5185,171452,68797,6889,148712,423794
3519,4981,350644,56185,6333,375075,812459
3666,4723,352630,63537,6796,178292,648070
5130,5204,151302,26166,7649,262788,500183
4130,5148,169752,25333,6704,200171,447849
4741,5093,232683,62556,6815,143036,473460
3685,4519,325930,28370,13204,241344,635256
3815,4833,147361,63815,6407,251896,532071
5278,5296,177774,34445,10092,175095,426590
4426,4908,202260,25297,7000,247903,507849
3426,4741,362044,24093,7870,152564,590312
4815,5370,155697,39760,6759,162652,393553
4648,5074,164647,25426,7111,158536,400812
4611,4926,168727,64315,6296,355548,628589
3352,4556,263880,37908,8870,175635,529701
4667,5204,126663,27574,7204,175020,364998
4260,5018,141132,39796,6834,257717,476146
9334,8240,170360,27240,6889,258360,512571
5223,5129,228458,65852,7111,186725,519053
7723,6888,351964,36204,7518,176348,604960
5055,4815,183487,27074,6870,183271,446571
4667,5277,168974,35278,8981,168117,409479
3796,4741,196368,29056,7703,260000,517701
3852,4814,374041,26667,8333,292418,760106
4704,5111,181305,64408,6444,178341,458979
3352,4759,163366,25166,7741,163540,406146
4612,5148,172074,65038,6148,213607,486757
3000,4592,355729,26445,8740,265971,719125
4926,5352,128826,42259,6426,159246,365331
4908,5240,145962,39833,7723,160277,400054
4963,5444,916376,26945,7426,242895,1222363
3278,4778,231343,63500,5870,161488,505257
5370,4852,400867,61537,6093,384054,879032
2982,4463,157631,33741,9611,252310,515256
4574,5185,173470,41704,6371,163379,413386
5056,5259,198679,26482,7185,266169,524830
3519,4833,311241,33611,9315,154627,553904
5055,5426,150449,27482,7852,177104,393849
8777,7315,153955,39333,4760,432856,682051
4463,5278,171257,35703,8167,246093,490090
8704,6796,270522,23555,6093,177235,511331
5092,5260,526694,22500,7648,311430,896902
3907,4630,153884,44555,6556,198799,450701
4926,5185,169593,24352,10389,244460,500923
4741,5148,237969,65000,6426,167010,504738
3296,4815,408660,64278,6129,422280,926605
4315,5000,153443,38630,6000,149462,376998
4518,4704,203578,61796,5852,370696,666570
3574,5074,197417,34870,8426,152581,417164
4241,4704,368404,36333,8111,179019,625089
3426,4981,146594,24704,7074,180608,386757
8685,7296,154600,38648,5926,161398,412220
5556,5722,166808,35982,8759,226115,468609
3167,4926,366129,39352,6148,184904,631441
8056,8111,408320,40055,6019,405749,925736
5167,5296,148121,36167,9704,162636,385628
3222,4444,165553,62592,6445,409795,702681
4537,5130,228428,36648,8815,223828,523608
3333,4686,461767,29296,7667,193840,720440
8741,6870,149032,26741,7944,279632,531941
4760,5148,170741,26148,7241,241534,476701
7464,6611,189061,24629,7130,241325,517979
5370,5389,418511,50815,6037,262929,768440
8315,6629,146776,41333,6611,164167,410719
5000,5240,160615,40629,6074,828584,1065734
4315,5093,171953,37537,9222,143267,420887
4982,5166,312996,27870,7815,225371,604663
8704,7556,348853,24426,15222,162940,585608
4593,5055,177470,32278,8907,278843,526645
7389,6722,171641,22315,6481,175690,407905
3723,4777,228221,61315,6352,163239,503312
5167,5389,342819,23926,6519,210195,614237
8055,7074,148306,62222,6000,206322,455608
3741,4722,169737,25926,7112,418740,646811
7185,6574,190428,49259,4778,205884,482905
4482,5129,371841,24371,7074,180970,612108
4555,4852,1223478,63185,6074,1102620,2426041
3463,4555,162074,24166,7556,185591,406590
7982,6981,235283,28426,8019,248862,568534
5519,5370,284196,23074,11408,215282,563201
3092,4648,528721,24518,7074,339923,927309
8407,7407,173707,49352,6000,224883,487497
3334,4722,165582,64093,7778,141489,422776
5055,5371,235513,26908,20148,184132,497293
7518,6704,387816,38648,4833,297588,793384
4537,5056,149135,66389,5982,168806,418220
3648,4667,206437,41741,5777,274171,555570
8000,6574,189702,27666,7871,271017,553348
5685,5704,296097,49870,6093,218696,611460
4870,5297,147601,27574,7519,174137,384720
4426,5000,160348,40389,6037,168446,403405
3667,4611,185872,27074,6463,280773,553256
4111,4963,997823,23834,7111,198817,1254918
3371,4722,348253,62852,7111,227706,685719
5093,5241,177684,26667,7296,226646,487534
4259,4833,169246,50555,6297,146104,399627
3222,4389,231732,29037,7852,242617,559626
4074,5259,404164,36630,8222,284721,775014
5130,5500,144021,39407,6037,175848,396257
8500,6778,166044,28741,8019,212934,448794
3870,4482,198180,36759,8889,233799,539163
5092,5223,137463,25870,7241,194961,394090
4778,5148,147839,24722,7186,179455,387276
3685,4722,620475,24389,7148,179372,876143
4926,5278,175071,26667,7222,266944,526978
4149,5018,337318,23686,7240,168549,564349
3167,5000,121878,40649,6370,162378,375405
5037,5223,147569,51167,6259,186243,420257
3204,4648,170001,34296,6037,213219,452035
8797,6926,224469,24815,7667,253842,569738
5130,5296,426790,22834,7185,181317,667867
7574,7241,152462,63981,6222,256091,524293
5185,5778,175096,25260,7092,193809,432275
7556,6611,192065,48704,6278,236450,538330
4074,4907,380405,30259,7833,181407,628941
7685,7093,145872,23167,7351,183645,411775
5092,5408,159433,40870,6908,349249,583922
4111,4981,176902,25500,6371,208132,470775
5407,5759,248074,27241,7389,158572,469330
4259,4833,2307269,37426,8148,182865,2565151
7185,6574,140585,23907,7407,273006,477497
4796,5167,167701,29055,6389,190686,422516
4334,5018,222966,34704,8389,151031,444109
8000,6371,392638,32611,9389,147969,614997
4296,4741,146513,30352,5945,227447,453608
7981,7112,172833,34204,9074,328719,575348
3963,4815,194432,25833,7833,1812149,2067599
4204,4852,366271,59204,6092,293577,749977
3148,4500,151128,33574,9037,166944,386257
4296,4815,157874,23278,7407,169994,387275
7833,6648,171769,64981,6797,202025,479071
3297,4555,341700,36482,8222,164538,578571
7667,7166,412077,39740,6797,434418,925495
4444,4907,142563,50130,6500,243435,471201
3260,4629,175624,33574,7241,400743,642589
8667,7130,368388,26760,7851,262367,739626
4741,5148,381931,25759,7519,187491,630626
3185,4815,169454,25352,7278,262339,530589
6166,6000,169516,24537,7092,198686,430775
3241,4426,198946,64963,6852,151829,448405
4426,5074,285637,27371,7463,152304,518330
5092,5148,141847,35037,9204,167595,381997
3834,4778,158870,43222,4871,340274,571516
3778,4537,177006,27814,12667,189474,433072
4667,4852,311215,24296,8852,170449,559682
5148,6167,343072,28648,8000,263869,671978
3464,4500,178632,33130,8945,243457,502331
4759,5204,166546,64389,6426,198562,466479
8556,6926,221848,26222,7444,249594,560979
4871,4963,395631,41055,6593,329420,801144
7333,6778,154303,24925,7778,209547,449886
5203,5334,174493,63945,6185,178596,469330
7463,6445,188832,26796,7630,207073,481387
4760,5222,360597,36074,8500,398898,830755
4685,5204,146917,25889,7574,178507,387701
7870,7000,151960,33296,8297,395851,620311
4149,4888,170373,25407,7315,267903,511442
5185,5555,332064,28166,7556,159100,555608
3963,4648,120476,43648,6556,160448,376813
5093,5167,201925,26889,7297,193386,458276
4408,4926,169690,65297,4907,328066,627275
4426,5093,284307,34556,9481,148227,504146
3963,4703,319517,23944,7278,273665,649218
4759,4778,157077,56352,7963,215402,495460
4574,5148,165471,22148,7686,219452,442905
3333,4537,191884,60926,6315,254224,564330
4075,4814,361224,38555,5889,435605,866625
3185,4315,151080,53037,7055,149418,387757
9019,8129,150382,39556,6333,159931,392035
3037,4315,726907,26555,7426,180569,980142
4741,5222,250523,48444,6148,179920,569182
8408,7611,832177,31963,8834,207279,1134938
6871,6667,170236,32389,8945,225057,469553
3408,4648,175612,57537,6112,380050,665404
5334,5314,223674,37370,8704,221935,520386
3037,4463,420402,67111,6704,176983,697533
2777,4426,151462,38593,6278,252757,509182
5148,5815,175949,28260,7685,194270,436090
3000,4389,195640,50389,6445,158357,438072
7907,7037,332683,27037,7389,330461,762180
4907,5445,151854,33426,8963,166607,389887
3297,4426,157637,59926,6371,156545,423813
4686,5129,174902,51741,6778,197614,459590
3149,4518,327889,70112,5944,295255,753255
7926,6908,392450,24093,7037,171083,627811
5870,5278,150326,65852,6222,241801,494941
7611,6926,173350,35833,8167,355573,637626
5389,5630,223170,26037,7759,245346,533812
8093,6574,407194,51945,6352,250097,771700
4445,5130,175254,33704,9334,260594,507609
7537,6630,167760,28167,7537,150590,387294
4000,4908,191488,26074,7278,248231,501108
7500,6500,272679,36537,8148,152874,500793
3538,4722,627148,41000,6722,170366,889403
5796,5963,153282,26741,7167,176919,394035
3556,4556,161380,24870,7315,248636,505442
5315,5222,249886,26352,8315,257444,594423
5444,5519,574484,23648,6926,302566,950124
4741,5296,151804,40704,6296,169639,396479
3908,4907,166994,47667,5907,159522,409053
8593,6611,140814,27112,7777,290479,510442
3981,4889,146542,38852,6074,189104,424757
5278,5482,150807,27166,7519,276764,513831
4204,4796,174887,35444,8000,792071,1039994
8315,7000,180373,24519,7370,239605,508849
4167,4963,292657,34037,8778,155655,520146
7556,7074,143551,39741,6259,166003,390369
4575,4777,156649,30408,8277,166683,444146
9038,7481,172432,50945,6203,230380,541331
4778,5167,340604,26685,7500,169856,575812
4056,4833,119720,38537,6186,168796,418720
8518,7463,146726,40945,5777,258457,504441
4667,5648,168158,25389,6148,174766,458979
8112,7407,215922,64519,6370,187816,514553
4093,4796,366706,35592,10334,358049,838977
7685,7000,146433,36908,6203,279954,512108
4223,4611,174883,37703,4130,418743,661459
4333,5185,190407,35611,8778,247331,530293
8370,7222,344654,26722,7648,151177,571200
7315,6315,879567,61611,5926,213241,1215919
4667,5222,153275,26704,8074,173889,393776
4037,5037,166169,35778,8629,152848,388720
3833,4686,247674,49686,6555,165749,499182
4185,5019,336791,32704,8445,228204,680755
4463,5111,154130,33296,8056,268867,495793
3204,4796,207580,51092,6778,299121,592089
4852,5203,219197,36148,8648,226634,556348
8297,7240,691685,47852,6667,336512,1124568
4741,5092,153689,38352,6389,227623,480256
8630,7851,173435,28223,7444,151915,402498
4240,4723,187755,26926,7796,238557,509497
8445,7129,271761,65019,7222,212440,596238
3186,4407,137784,26352,7278,176010,376702
4315,5111,154216,27148,7908,167652,438646
8352,7185,1057741,62260,6667,176028,1341807
7555,6834,328449,26037,7389,245362,675292
5241,6185,414122,43074,6704,143708,638034
4389,5185,151812,45555,6408,219871,452905
7315,6833,173799,51889,6741,172940,437350
4222,4889,222174,27556,7055,272230,569052
5148,5981,438903,39852,6574,230667,768625
4019,4870,174148,34889,9000,262850,508775
8908,6981,173079,28760,8222,151789,413794
5037,5111,186270,63074,6685,152765,439793
7370,6723,358072,26944,7148,164499,589015
4222,4852,143429,25259,7093,178939,399109
13000,4296,147175,39593,6870,356581,586885
7796,6759,173440,48945,6425,156929,419312
4204,4944,248445,27741,7722,189811,503515
10037,6481,413452,38018,8630,146156,660366
5352,5741,148826,24963,7000,231023,441090
4037,5130,173035,29167,6463,223351,479497
4833,5130,217004,36907,8815,316974,606126
3112,4796,394732,40926,6852,400467,900866
4648,5056,177403,35112,9370,174464,424831
3482,4833,174558,24777,7741,153163,388239
8315,6685,181285,27296,7686,260323,508108
3334,4833,311439,24500,6148,220928,630330
5297,5629,982631,33815,9167,578637,1637435
3352,4667,154264,24963,7277,168068,382350
7760,6537,169343,64612,6981,170061,478368
4722,5223,245108,27889,7500,168481,475794
3093,4537,347799,34834,8481,160494,597182
4611,5130,173119,65852,6592,228267,503312
3407,4704,171162,36500,8370,389872,632811
8426,6814,208556,28834,8574,261182,567144
6075,5722,349302,33056,9722,146824,586738
4982,5278,180770,50852,6907,257801,551701
4630,5129,172776,27093,8185,203777,441294
8370,7093,958598,30703,24426,236914,1306603
4278,4982,363343,33703,7834,167672,601478
7722,7074,408386,47870,5037,278444,772810
4315,4611,153501,57556,6481,305181,582922
5259,5537,172618,26389,7408,250953,508886
4982,5222,248771,26278,6908,164855,473016
3723,4722,1694854,33167,9074,172764,1957285
4777,5167,151764,41352,5426,312233,537571
3056,4722,171399,48574,6592,168562,422349
8426,6833,215571,28333,7723,241092,523830
3333,4871,403058,25556,8129,173512,653163
5075,5481,184841,49315,6778,205323,475794
3445,4703,172884,27333,7667,152448,387924
8056,6814,181223,64055,6908,232867,543312
5129,5482,348876,26852,7518,151843,565459
7778,7370,129400,38241,6852,167098,393146
5167,5241,151460,68945,6222,330518,585756
7185,6648,171985,62593,6555,357808,629422
4167,5018,251101,39074,9038,164321,509793
4796,6296,390385,24945,7314,216204,699347
4111,4889,174389,62464,6759,421273,694458
7963,6814,178710,25612,6833,214750,458552
4538,4944,214512,34352,8666,221023,508294
7426,6500,383944,40556,6555,333237,796811
6963,6648,151356,48185,6537,193160,452867
5371,5481,176028,27278,7981,178063,420609
7648,6648,179071,64148,6259,154001,436516
3315,4704,361854,59518,5889,163920,618848
7611,6723,289248,26352,7074,324803,680293
3093,4500,151735,40333,6148,146800,388183
5130,5444,174833,28093,6759,168905,424553
7667,6426,244209,25167,7666,204085,531349
4815,5148,118806,24704,6889,179025,358294
6000,5574,167516,40111,6315,259333,504886
7907,6704,1282561,36148,8685,146709,1504695
4055,4648,219712,25815,6611,129342,409349
8593,6296,396107,51055,6241,188741,695496
5111,5685,152316,27000,6778,254719,491219
4963,5389,173821,39111,6352,279880,528071
3796,4907,194290,37092,8815,221504,524423
4981,5296,365036,28685,7500,154850,585126
4722,5204,147170,39852,6445,167753,389387
3333,4778,160435,27593,7444,165137,386479
4186,4963,171959,50463,6889,157205,416980
8296,6630,245798,25741,7444,155200,465016
4315,4815,606656,34796,8889,215265,892699
4370,4556,153197,25815,7297,212096,425220
3889,4722,165943,27704,6500,269091,495904
3074,4463,221061,25074,7389,270825,573145
4019,4796,321029,34537,8963,151116,539923
3630,4408,160237,66908,7111,242704,505238
8833,7408,171076,67611,6630,288679,565274
3093,4518,196231,62037,6481,226804,542812
4574,4945,413476,24908,7315,232593,705978
3185,4519,153704,26629,7426,176461,389516
3982,4814,158006,23092,7908,163992,379794
3149,4740,166345,25981,6741,285894,511590
8408,6759,235109,35815,8278,154444,483090
7018,5982,372022,52056,5537,163881,625163
4796,5093,854232,38111,8315,293390,1222844
3112,4666,222422,27333,7871,209834,513757
5277,5241,214316,27426,7222,227163,527645
4908,5148,990360,23500,7463,323576,1375677
8797,7592,166531,32759,10482,245022,489238
3481,4667,174813,65445,6944,159962,432645
4444,4760,182115,26815,7074,154475,396497
3333,4815,280676,36223,9370,148062,497793
4334,4944,140089,25760,7148,179909,382258
8130,6685,145595,41259,5278,165422,389998
3111,4445,173100,27389,7759,151490,386794
7685,6370,243884,35518,9037,163225,500293
5611,5555,470760,64185,7352,225977,798328
2907,4389,157005,39519,4907,157882,418905
5092,5204,171177,24148,6241,299079,528774
7852,6537,211738,27074,7371,254870,556645
5112,5500,358558,32667,9796,154475,585923
7408,7092,151120,24944,7445,187860,404239
4444,4741,171162,65574,7056,147706,436571
5315,5297,196223,28518,6259,244460,552775
4945,5037,364432,24019,8351,176454,601515
3463,4630,951513,22685,7204,182350,1224549
4926,5334,155628,39518,6815,153722,384295
4352,4926,169060,28111,6592,206216,449424
4907,5574,286213,22704,6297,157469,501719
3222,4630,805498,38926,6814,151219,1045661
4815,5148,170835,25000,7167,264162,516886
4741,5278,210803,33426,7963,304564,582349
3685,4833,212291,23296,7519,273688,557034
4870,5167,332166,27074,6445,189367,582848
3685,4685,156005,28092,6074,279012,508830
4648,5204,173917,42389,5500,397690,646441
4574,5037,184090,35889,8111,158889,411627
3482,4777,339781,34019,9111,381307,788070
3686,4796,1169362,48981,6871,147204,1417640
5926,5926,147254,59222,6630,346094,588533
3945,4740,454761,26222,7018,204718,719755
3741,4778,769451,24723,7351,311080,1159123
5056,5259,328549,63148,6759,207263,634534
3167,4537,153313,69389,4815,220333,475313
9129,7667,179726,35574,8222,372438,663125
4945,5444,211416,24075,7685,136877,406498
3056,4777,332385,50038,8166,421481,869828
4537,5241,150260,24204,7241,221181,431109
5241,5129,166044,63778,6815,383249,649274
8463,7203,178179,35074,8519,234003,486886
4223,4814,159610,23778,7315,189573,425257
5185,5204,128041,38889,6686,166753,370757
7963,7000,145214,25037,7315,434375,644645
5000,5278,169589,61723,7055,163335,430109
4018,4797,244317,25852,7185,256680,584959
4407,5000,334804,35500,8593,179174,584089
3018,4667,154013,48185,7222,235689,473645
8111,7259,176019,64074,6741,318570,597478
3037,4481,211061,36204,8111,210418,554256
4408,5129,437252,38834,6777,250689,761218
3055,4426,170924,28000,8204,215000,477330
4370,4889,169540,37444,9686,164717,409127
3093,4555,186546,25315,7111,164730,412109
8260,6981,379348,46778,6333,173186,639071
4537,5056,141852,23241,7334,178886,379739
3667,4741,146802,27371,7148,172473,379868
4314,4704,165141,65760,6926,151319,418108
8611,6797,250739,26426,6463,277868,595275
3593,4537,430874,26389,7426,186325,677551
4444,5111,174028,42593,7203,399913,649736
3426,4518,168793,27833,9037,231205,494460
4149,5037,213131,49204,6667,164366,460238
3315,4648,320823,25370,5852,171767,549497
3815,4833,150309,26445,7833,187448,400961
8796,7389,379167,38648,6556,183515,641941
3889,4851,187376,47333,6759,260289,528608
3555,4556,410140,51074,6834,208263,733903
4112,4925,1157203,26408,7593,261936,1478325
3223,4518,146151,25481,7945,177588,384498
8389,6741,170026,50908,5407,223601,486720
7556,6277,247477,37778,9407,186595,530904
6185,5759,149149,48611,6907,188924,424053
3427,4703,123617,29259,8519,170233,360147
8741,6963,172918,63278,6963,178986,455719
5259,5537,163535,27334,7444,290758,521515
3259,5092,384560,38852,6741,164400,627477
4037,4944,162917,27740,7963,230896,456571
3000,4500,171422,41555,5537,342983,584422
4074,4926,178390,36093,8426,150903,420923
5963,5759,299118,49297,6592,191305,592830
8482,7333,356531,26463,7204,264002,723403
5111,5389,146555,32203,7926,165703,381479
5056,5241,165375,27518,10852,186030,419776
7463,6834,245010,23703,8871,135265,441924
4130,4741,1144887,29556,6093,203307,1431177
5148,5389,152669,26889,7852,223810,440238
4130,4871,173359,54463,6945,354988,617682
8426,7351,202773,37611,8667,238206,534941
4537,5092,375760,40648,6408,305828,756532
8074,6685,150876,33944,9186,165566,394516
4389,4871,174473,30611,9426,387671,627497
4593,5370,183331,62482,6704,200444,480812
3260,4518,389485,26204,7407,274271,773440
4111,4982,928658,33537,8704,212612,1210919
3223,4611,147199,25444,7593,180836,406979
5574,5444,169705,28167,6648,195941,431886
8352,6852,230062,35963,9981,167917,475090
3629,4408,527901,31611,9093,187798,784069
7889,7389,186351,63870,6871,334220,625404
4797,5241,204800,26722,6982,198993,466109
3352,4500,216528,25241,7426,255895,554923
4426,5092,302701,23796,7333,271796,631700
3518,4593,166335,22852,7463,271014,519348
4426,4908,170507,40000,6889,425007,667422
2889,4426,182735,48203,6371,200929,465701
8611,7037,501130,29278,8000,438179,1025049
5648,5667,259801,24074,7130,213158,534089
4500,5074,151825,27112,6981,173747,405238
4889,5185,620943,22852,6796,359625,1039512
3704,4870,242818,23056,7926,154679,453886
4666,5352,371305,27037,7482,186765,622107
8852,7185,159939,23778,7167,282372,519385
5463,5463,202778,34204,9426,248293,525756
7555,6667,206932,24074,7333,267788,561034
4815,5148,356437,26686,7333,151392,570107
4185,4945,147016,27834,7092,279962,526941
13722,4500,147374,41630,7222,403585,634552
3574,4741,185083,26685,7112,259617,541164
4852,5129,300904,51000,8537,364740,751625
3296,4667,406594,59852,6760,434492,935198
4630,5555,154951,23945,7074,285287,514312
5037,5481,165105,28352,7778,243318,496756
4445,4963,242536,35537,8333,177832,489460
3555,4852,329653,22908,7907,144714,563237
5037,5370,171992,31926,8907,245061,487404
3407,4963,522109,22667,13407,193387,804514
5093,5574,208743,63686,7111,328383,636700
8445,6944,378064,66796,6574,329469,812162
4852,5296,147198,32889,9296,178874,397590
8315,7167,169907,65704,6500,298922,606404
4704,5167,177246,35667,8296,255121,561645
4445,5018,364660,44407,6685,156930,601663
9000,6963,612869,27444,6945,288218,987716
4167,5037,145540,26297,7722,176124,384313
8593,6741,169342,63259,6852,225544,498312
4537,4926,235847,27315,7296,148854,479164
13259,4685,317001,34741,8815,196958,592515
4500,5074,623674,26222,7056,212969,899142
3611,4648,183382,33667,8815,233837,512441
4519,5185,991815,26963,24204,235881,1306659
3741,4500,386393,38537,6815,401472,892661
5018,5149,149842,28538,7870,171322,386294
4167,5037,171737,61352,7018,151187,438183
4685,5130,192261,27370,10222,200792,458941
3148,4574,276896,26408,7407,257545,630292
4759,4981,137791,25000,7463,177596,376534
3204,4574,152222,65796,5963,393552,641255
4648,5093,170357,64741,6555,391658,659737
3222,4519,236714,25074,7889,171561,485867
6038,5425,412795,52352,6333,152183,653367
4574,5130,149613,73445,5537,209958,479312
4704,5037,176564,35037,9370,270248,516904
3407,4889,206921,27852,7241,263243,534089
8648,6889,373316,36482,8296,168847,637774
4741,5260,175339,24722,7408,254565,530460
5019,5407,171141,26889,7593,199208,434535
7908,6352,175869,23685,6833,232592,484998
5222,5204,396485,33056,9259,232825,702181
7630,7074,351917,24963,7592,255691,698422
4685,5148,148404,34203,11704,292353,516237
8223,6629,168372,25630,6574,201811,435479
3852,4593,240637,26315,7648,162823,484442
5519,5648,406346,33315,10315,153632,634238
3167,4574,167203,44648,5519,223091,489868
8778,8241,168875,26111,7796,171975,427664
4741,5093,219954,51426,6667,199117,505905
3092,4482,881517,26981,7445,313865,1289381
4797,5203,148799,25352,5963,249625,457886
3666,4778,173064,25722,7111,155157,389146
8167,7370,174143,25111,7112,250521,493127
3149,4555,295723,29537,7352,244422,639293
6797,6722,348321,37296,9111,148491,574238
6074,5407,149715,24000,7092,313227,525034
7741,6629,1057574,26815,7574,246122,1383325
5185,5519,435207,23834,7259,179789,691996
7537,6982,402694,45482,5426,358652,877643
4778,5148,177774,34333,8056,257353,507812
8148,7037,173575,39574,6574,275996,526385
4575,5277,205303,23093,7296,241139,507590
7630,6463,315790,49463,6500,158892,582404
5093,5500,152721,25222,7649,230091,444405
4112,4777,167338,33889,9037,392733,662274
4870,4963,176343,47556,6703,166822,425942
4203,5056,348090,25222,7129,365481,773791
7833,7482,349002,35574,8482,149142,573237
4222,4907,144137,67926,6834,404822,653199
7611,7352,168809,24852,6278,194632,449478
5296,5260,231370,25685,7148,239979,556441
4518,4982,404394,24574,7352,153047,653422
5389,5223,148103,44944,6834,245949,498498
4667,5000,204368,27926,7203,328148,596774
8426,7575,206669,23408,7555,194587,484998
5278,5444,378194,40834,6777,168414,624737
8000,7445,155865,28278,7500,175244,400183
4167,5129,167686,64982,6833,148645,432794
5148,5130,176061,27611,6630,233214,496515
4037,4796,336123,38019,6444,153208,562645
7760,6963,638666,48759,6130,196291,933828
4723,5092,145763,30556,7611,191587,405609
7870,6593,171805,26408,6500,173729,410275
4111,4871,239774,23648,6870,266408,578404
5167,5241,407632,26203,7723,159975,630052
4130,4925,193989,43519,6703,172250,445534
8001,7037,199531,24833,7704,155392,421850
4852,5092,205648,62870,6204,348330,650681
7686,6370,311579,28130,7278,255824,647219
5333,5519,153473,32667,9166,260987,486367
3463,4852,168423,60908,6333,988255,1250919
7907,6797,796800,62648,5926,322285,1237141
4723,5314,341675,33037,7945,260617,671330
8500,7500,346958,64185,6204,289352,739440
5297,5463,155537,33519,7722,168386,411683
5167,5166,170636,27555,6963,150955,384905
4463,4907,246512,25889,24981,199060,545460
4500,5352,955463,22889,7352,229567,1244530
3463,4630,168429,64870,4741,229586,496201
8259,7315,168620,35371,8129,352988,633793
6241,6130,204681,25166,7778,174224,441349
3593,4778,308687,22314,7297,248439,611701
3259,4574,152600,32778,9481,167880,423405
5685,5852,168735,32203,9500,287541,525867
3019,4630,177184,62852,6389,153128,427535
8055,6852,303486,31778,8537,403935,812125
5334,5463,354417,49149,6240,154950,594219
2908,4500,143867,61648,5908,391073,660737
4778,5370,174336,48240,6223,218773,476219
3519,4944,245730,26945,21796,177101,499812
8445,6740,403680,41019,4630,429851,911087
3185,4519,172999,34852,7982,231608,507663
12926,4444,150042,26889,7667,178141,399034
3260,4666,203456,65370,6463,178894,482849
7648,6444,349647,28759,7685,192943,617200
3297,4629,176855,34297,9277,232995,513812
5037,5093,169509,42592,4926,390951,636034
7704,6741,169606,36648,8389,216465,462090
3260,4500,299501,26704,6388,155163,514997
7389,7074,430859,25740,7223,218989,735292
4982,5463,140845,23315,6852,183245,383795
3167,4444,170851,64593,6037,215406,517349
4926,5093,229856,24426,7629,218623,507053
3592,4778,355732,27871,6648,189264,605996
3426,4649,151625,36204,11371,252889,480423
8186,7129,170891,26611,7074,889936,1146234
5223,5407,202452,23926,8389,203120,465294
3055,4574,398606,64167,5944,166465,681737
4815,5408,175869,52834,6667,188831,474423
5889,5667,166949,25278,8130,165900,396961
3296,4648,173807,25648,6963,136303,368405
7871,6407,393368,32556,9241,257942,749644
4445,5037,510318,62574,6149,301546,908569
3723,4481,151564,26278,8296,262619,497183
4389,4908,172772,25075,5907,241206,472164
3352,4648,242241,25722,8426,152682,454904
8741,6981,410192,24667,9296,162583,640996
4333,4944,159345,24296,5982,229949,449034
7740,6797,172998,34648,8389,363609,651736
5870,5482,201781,50278,6796,244012,533497
3686,4796,360824,29500,7593,155117,581164
7908,7167,154496,41740,6519,164465,400554
3037,4426,169465,40241,6481,388106,649589
5315,5055,176118,28241,7204,260434,499275
3185,4575,355031,40389,6463,164872,594404
8389,7000,344241,25537,6870,140979,583534
4778,5204,148856,40315,6593,268492,495609
7778,6481,175306,37241,8222,212432,465553
3056,4444,233183,27055,7704,122371,448090
4667,5130,321225,64740,6500,372456,792662
5834,5444,154712,46518,6593,174564,413128
8426,7019,170513,27130,7574,153096,391942
4037,4852,200685,24611,6704,251089,546904
5259,5500,837692,25575,8389,176079,1077216
4538,5092,1983830,25296,7241,262398,2318191
4518,5111,167665,33185,9371,148926,387053
3815,4944,174077,24852,7019,249568,495941
4833,5167,259101,25445,7370,160285,477941
4148,4926,412181,33463,10278,186907,670477
3074,4556,148001,40963,6833,166071,387609
4351,4945,174062,29296,6556,179269,416590
2926,4463,232827,36555,8297,152744,453886
3852,4611,486222,38704,4852,213385,771922
8741,7055,150004,34500,9167,164346,391331
4315,5019,167250,26444,8297,251543,482590
7314,6167,199626,24519,7648,166020,445275
5630,5481,371058,39519,6389,361826,809218
7649,6555,148619,28926,7629,227361,444239
4278,5074,165494,35667,8518,340003,577922
7426,6537,170889,34907,9148,150165,394905
3927,4481,338339,43074,6037,395008,809292
7555,7019,350529,37093,8611,185115,633977
5296,5667,148664,38704,4685,175648,397738
5167,5056,172262,30481,6759,231088,484405
4630,5018,235972,61963,6277,217230,571997
4130,4908,735107,51889,8500,382052,1236604
4723,5092,148686,64222,6278,232497,481979
8241,7129,170302,29464,8444,148566,391775
3685,4889,202863,48834,6204,203837,489719
7426,6482,417036,51722,6408,242478,775885
5149,5518,147541,26222,7574,179161,389517
3296,4926,168546,23797,7703,160544,406127
5444,5574,169423,26555,7333,198483,429479
3240,4297,344761,23389,7685,435586,870421
5203,5648,345897,25870,7222,208564,615255
2778,4482,142734,34630,10574,297189,548127
4834,5222,169629,65370,6593,317423,585941
5055,5259,232135,26018,7686,1850205,2186635
4834,5444,320622,63018,6167,186153,635793
4315,4889,154534,33741,9500,171204,414220
4722,5333,172021,24463,7426,153866,385960
4037,4667,198675,29314,7389,238693,499053
3334,4592,375977,32296,9334,153557,613608
4945,5351,169056,65186,6685,196034,487312
4537,5315,166117,26389,7278,175362,404646
3315,4611,170252,26944,7315,272653,540238
5129,5260,351480,34259,8667,278886,724218
4889,5148,349448,67890,6462,154493,624719
4834,5370,152861,58537,6111,228377,496775
4296,4852,169126,26722,7426,159854,407850
4704,4944,232354,62352,6240,336810,664941
4000,4834,320581,25500,6777,227120,626404
4667,5166,146216,35667,9204,275040,516534
4296,4852,168814,26740,7408,176462,425812
4482,4889,200726,68093,6759,192901,519664
4167,4759,381918,61759,6037,374670,882643
5019,5278,152626,65074,6204,242204,516534
4704,5241,164946,40278,4518,362180,632144
4889,5018,174378,39759,8889,219842,494182
4130,4944,343625,27259,7704,195779,619033
4834,5296,120685,24815,7148,177887,358665
3760,4870,148746,65334,6777,255363,503572
4204,4815,172640,37278,8093,235375,482905
9204,7166,226479,26797,7111,257314,587663
5389,5445,400281,23796,7741,197030,659348
3426,4648,157378,25834,6981,271434,522515
41760,4259,159181,35666,8500,145040,413368
3019,4500,200353,64241,6833,161015,460220
8759,6908,372192,27333,7000,149583,591145
5444,5297,154900,24611,7500,176820,410442
12685,4444,297962,24667,7111,246387,633885
4352,4926,170097,22166,7037,176327,422646
4574,5370,344695,39000,6408,380819,798051
3797,4611,346460,36814,8630,158963,575571
3870,4907,150539,49685,5871,247977,492534
4981,5445,172618,31759,7204,218860,479960
4111,4926,233513,28185,8148,262355,573497
5463,5167,144629,62408,6388,184684,426887
3982,4778,155097,50519,6092,240863,479849
3352,4537,171566,35389,8371,171339,411887
3667,4870,389739,26722,7889,274165,727940
8944,7667,320818,64055,6426,157753,584126
3297,4592,153582,26445,7315,176323,391813
7963,6629,158625,58944,6371,356909,611348
3352,4500,170334,23222,7537,203053,427961
4500,5185,339229,58944,6056,275082,709200
3222,4426,346086,36000,10111,147411,562589
4093,4926,154405,42630,6685,202407,435738
8223,7092,165782,25777,7852,153958,386683
3185,4648,235176,23741,7074,244802,562219
9555,6371,387403,36871,8685,402906,901550
5556,5704,149649,32574,7889,211200,431461
2963,4888,173692,28000,8852,147917,403386
4815,5018,195587,67741,6555,214041,512664
3463,4685,403315,27888,7593,169719,636459
7926,6944,153227,38334,6092,168660,399794
7334,6537,168010,61518,6482,417449,704515
4870,5037,171793,25667,7741,270389,528145
4500,5129,291799,33760,11444,193828,586181
5278,5408,351619,27241,7259,143378,557460
3500,4871,149865,32870,9333,276725,530331
4722,5093,169537,31555,7112,184386,421553
3037,4426,230302,25982,7037,164029,450961
4704,5074,448437,32167,9426,249688,779996
4612,5203,333998,26593,7352,321701,719144
3518,5075,167984,45908,6685,400900,679848
4537,5204,206342,26148,7167,244877,514423
8722,6981,370181,51741,6148,168223,631533
3241,4611,150260,27333,7537,194497,407183
7778,7111,158970,37722,5926,155028,390461
2963,4481,176641,26278,7352,244078,514978
5482,5574,146239,32463,9093,306258,548849
8148,7000,341079,24278,6852,148788,573719
4556,5148,143472,40463,4704,220543,460645
7537,6296,170589,37464,8277,803461,1067679
4556,5241,223557,47408,4685,187051,490886
2982,4685,341322,47611,6149,159007,579923
3167,4685,147809,31592,6334,157633,370961
8037,7000,167537,38203,5982,311090,588645
5241,5611,196079,31056,8407,251474,541868
7444,6500,307677,32075,9333,198504,578033
3037,4444,155609,28426,7722,171204,406349
4982,5407,162003,28463,8148,151736,379405
5685,5778,170823,65093,6592,240656,514312
8222,6537,282643,49982,8315,172575,546589
4019,4740,474650,25592,7297,295235,862865
4870,5241,146765,26482,10796,263399,498071
4908,5259,167474,24611,6000,187172,413238
3389,4666,227054,25926,7297,165684,449627
4075,4870,418671,33111,9148,267899,755552
3407,4852,156805,52686,6352,207321,449497
4223,5000,171496,34648,10926,184594,431905
8537,6778,188186,35204,8259,163348,427164
3926,5407,294211,64704,6778,213174,606626
3389,4518,164401,29037,7223,235948,485960
4445,4852,161703,34870,8093,147813,379535
3223,4741,164282,25852,7537,275955,500701
8796,6778,258880,26741,13278,185987,518330
4352,4982,1100128,25112,7500,175900,1336437
3463,5037,146484,34611,9648,261217,502682
7537,6648,172193,60093,6685,237008,544126
5667,5574,229236,27426,7629,242595,534923
3074,4593,315463,34722,8537,154145,557237
4352,4963,995081,23852,6944,334967,1389603
5056,5556,172307,24333,7315,155987,388665
3352,4592,1055871,24759,6963,161400,1274900
4760,5148,506689,64315,6667,199973,805681
3204,4444,429232,27593,8222,314523,841477
5092,5408,168551,40982,5814,165373,409886
2833,4704,167372,26277,7482,172885,397757
4704,4926,340747,39463,4852,164064,576941
3185,4759,124142,39500,5796,163746,377646
5111,5407,146814,51667,6333,245091,502330
4575,5055,171616,32629,7611,165161,408424
8778,6852,216065,25963,7074,249784,557238
4592,5149,322330,26444,7685,265092,664125
5334,5537,147187,50315,6111,175273,409572
7482,6963,173896,38019,6333,165435,416091
4130,5167,199679,26278,7333,253410,539775
8019,6555,379815,32519,9148,282681,737922
3426,4741,155246,23685,6981,179734,393201
8296,7148,155326,39593,5981,173061,407220
3000,4315,167960,36537,8574,242333,516237
5333,5463,279577,48612,6166,221420,606959
4926,5315,428805,34593,9000,354134,854884
3481,4445,153365,55519,6778,229076,495090
8649,6944,167890,25370,6852,155664,407498
5167,5352,224154,22112,7166,213195,495127
5000,5185,398031,23741,7129,161448,638126
5111,5129,148221,51852,6759,232425,490552
4148,4889,170337,35556,10222,336586,589182
5056,5185,195824,65908,6537,213432,512108
7648,7667,423737,24167,7389,1172105,1663546
7481,6537,144261,38463,6278,166644,404683
41797,4277,604009,26203,7149,252449,957125
8056,7222,166624,23018,7463,258078,486979
6796,6648,253852,34926,8777,152924,480219
5889,5389,908840,40167,6537,163987,1183401
5296,5519,149676,38241,5260,173746,396071
4833,4963,172201,36056,8277,858923,1105549
7667,7796,470355,37056,6296,299307,849199
4259,5444,315638,49723,5814,164007,564459
7259,7111,150976,52871,7111,262280,558830
5389,5296,169297,64389,6685,149498,418775
3833,4685,199747,48592,6223,219417,528459
4278,4944,360141,38648,5741,165800,598181
3537,4574,146702,28778,7852,173370,384442
7945,7370,155430,39185,6167,154142,387998
4074,5093,167416,49037,6000,156563,407220
8148,6870,365997,27518,7167,330036,776106
5926,5778,342428,24796,6963,174069,579330
7371,6630,147117,38019,7592,285935,535053
4297,4870,163586,27426,6556,265374,491812
7371,6778,222073,26555,7463,217165,518108
5167,5370,314801,24593,7018,166511,540034
4574,5130,152380,42444,6630,183506,414720
7944,7297,175589,42482,6407,340185,595793
4574,5278,198743,26018,7186,199161,457331
4055,4852,306934,48241,6130,315710,704033
7870,6982,142791,49129,5778,189818,438368
13352,4500,147537,27296,6889,149443,367942
3741,4685,170727,63371,6037,150325,436682
4870,5204,284622,25926,7500,400096,746014
7722,7167,342350,62019,5963,160887,624256
4666,5241,142336,25093,7667,230254,435367
7796,7093,170786,48945,6185,209229,467627
3629,5056,229514,25944,7834,149576,471682
4833,5204,388075,35148,8556,148236,608589
3130,4481,235044,51777,6278,190028,510478
8648,7519,171975,35352,8203,439003,708107
4852,5037,194832,24667,7648,209110,465979
7796,6871,307208,27166,7834,148826,523997
3019,4240,155214,38574,6518,164248,407701
4648,5185,159052,29204,7500,155705,379424
2981,4334,1136078,61722,5796,370654,1602954
8074,6945,249229,26408,7685,268637,583441
5537,5685,124198,43389,6370,159023,362498
6574,6167,130518,38185,6093,166610,373443
4167,5019,168616,34981,8204,427491,664682
4241,5260,220547,27408,7777,123099,438979
5555,5500,390443,38426,4833,439201,900883
3741,5074,149891,26704,6518,264532,475090
3500,5167,178082,40815,6056,422340,705700
4982,5463,192458,22907,7019,185354,435016
3593,4685,386131,55481,6130,221180,709626
4852,5093,151913,29111,7685,170789,387609
3889,4833,168548,41537,6241,161635,405405
4259,4833,173795,24870,8019,257036,515163
4075,4814,339078,39723,5796,399047,808311
3852,4870,350806,29519,14222,245505,679552
4796,5426,147718,51241,6074,253983,535589
4371,5167,175223,25222,7056,291607,534831
4667,5277,225248,61500,6037,182750,505682
8075,7000,411457,45815,6074,210279,725737
4593,5148,156869,43667,6056,232146,469886
8575,7444,173431,35055,9797,437195,693071
4333,5148,194659,26315,7314,161210,455182
7019,6296,355887,41092,6259,295592,728792
3407,4667,145909,26926,8167,175422,384571
8333,7167,152989,27407,7445,169194,391053
5296,5463,174606,26130,7018,262744,501256
8778,7092,245945,25296,7037,250886,598515
5445,7203,570544,25074,7204,222044,856699
4686,5222,155140,33797,7907,234246,459590
5501,5481,172387,25518,6204,152537,386887
8518,7278,220133,25093,7185,252401,563015
4519,4870,374824,23723,7148,163765,597867
4241,5000,143792,65796,6630,182891,426368
4185,4889,170797,37019,8315,973788,1214548
3593,4833,198766,48852,6074,193194,474368
8481,7148,336864,36426,8519,351057,765088
4260,5148,141554,29685,7945,173351,381739
8815,7333,150671,34889,9555,176327,424349
6407,5556,170584,35870,7889,207043,450738
4148,5092,300405,29852,6259,149130,529941
4907,5222,121150,40148,6575,164162,362349
7834,7185,146563,50519,6833,158138,394961
4870,5148,171976,48019,6000,269780,557737
5870,5130,233130,26907,20593,175349,486664
4204,5074,329783,35074,9778,167732,567830
4112,4962,143196,24593,7018,196636,399479
3407,4667,167331,39352,6389,380128,651978
5797,5500,192521,30093,7741,254901,513923
3759,4463,341953,24889,7537,180025,580663
3833,5018,1147424,36944,8852,151884,1392788
5130,5296,163260,23333,7204,187367,409571
3870,4685,170784,50445,6352,163399,418682
3759,4630,313271,27222,7185,178319,569367
4889,5167,614296,38814,5982,167514,854940
3908,4926,149670,36000,6019,193846,412831
3630,4500,174398,34296,4778,219136,481590
4222,4963,226441,64278,6185,399278,721459
3389,4722,370983,29130,7704,380030,846495
5203,5371,149062,33223,8314,256972,526367
4352,5056,173401,36574,6130,344854,622571
5926,5944,185778,36018,8482,178276,437146
3963,4907,1842398,27203,6667,256627,2181339
4259,4796,146992,38426,6352,164913,384257
3963,5149,157330,26259,7574,164149,382368
3964,4833,171002,26352,7297,260550,506701
5204,5389,261027,35944,9056,151267,483979
3870,4815,344199,49630,6259,265519,693977
4000,4704,148593,28500,8944,224220,457645
5019,5370,164136,47796,7704,167529,416868
3574,4722,220196,25889,7797,251652,555404
4370,4963,143554,23870,7278,209667,412424
3315,4722,175467,31611,8352,204994,463127
5074,5537,169565,23685,7370,154619,384183
4315,5074,189459,27481,7185,157188,406683
4518,5241,303576,34389,9740,152422,525812
4223,4777,148803,25741,7407,174621,401128
12833,4389,148345,40982,5352,374632,602848
3815,4759,172147,36482,8648,185035,447571
4741,5148,249449,49278,6852,220936,555349
3574,5667,118546,29500,7556,171507,355572
8963,8185,145738,41981,5741,187816,433794
4611,5222,165095,62463,6426,170792,434831
8482,7000,215674,47074,6463,238341,563645
4945,5037,387495,28741,7111,382389,835051
8204,7166,143685,36926,6556,184442,406701
4500,5185,175080,26481,7963,166844,406127
8704,7334,182918,62741,5814,200042,507535
4741,5037,344961,27222,7704,156295,565719
8259,7111,619634,63704,6444,187417,931605
5723,5574,155897,35685,9648,159156,390109
4352,4834,167106,63222,6204,188521,453220
4574,5074,247390,28778,7852,234088,575052
4222,5037,125451,32407,9130,166566,378627
4833,5223,149178,54833,6167,148338,386812
4074,4870,359907,39315,6092,173146,606256
3537,4630,224022,28500,7334,263252,563163
4926,4963,329881,63148,5722,152487,580182
3482,4611,147885,75963,5871,227130,504997
4148,5130,169705,32426,10037,426217,662996
3574,4778,197433,27926,8167,281452,569385
4408,5074,363568,64167,6333,156428,618885
4092,4759,154926,26907,7260,208072,423775
3555,4871,148208,40889,6074,279733,535756
5482,5592,172955,48982,5815,156839,415498
3834,4833,710554,27000,7370,169330,958495
4611,5167,341670,50259,6296,219734,650200
8500,7371,175415,50612,6296,217878,505609
4741,5111,177735,26612,7722,150466,408016
5001,5166,222408,62630,6352,206755,530979
7871,8055,304229,27926,7648,178324,550090
4463,5019,155900,61333,6093,191616,443553
5093,5648,176443,39277,6074,435128,705422
5259,5315,191559,25352,6870,198939,449608
4037,4926,346621,33778,10185,175450,593367
3926,4778,140570,26351,8426,174410,377127
3667,4759,155946,36982,6037,420199,643737
3907,4685,176007,34963,8722,195528,463312
5426,5444,243976,62889,6166,247670,589571
3315,4611,344796,26741,8963,149904,575108
5019,5130,147597,32203,9500,192420,411757
8611,7222,164399,61982,6074,206561,487034
4796,5167,224312,28111,7222,244833,530515
4240,5019,317447,34500,8815,198420,585070
5075,5444,148249,49240,6167,206971,439646
3352,5000,176125,24166,6945,373409,604534
4037,4982,192407,60315,6389,152238,458590
5630,5814,368673,24482,6907,233305,663478
4241,5222,147289,33000,9556,166265,384887
8741,6944,606907,32426,8629,222385,920921
5260,5574,168003,25593,15518,190772,430424
7112,6685,240953,28926,7870,231711,539849
3926,4722,1142813,24074,6148,194106,1396029
8407,7037,172224,25277,7019,170867,427460
5056,5444,168914,52537,6482,196583,455423
8186,7018,219123,26167,6963,259929,545497
3204,4759,219370,33685,9074,205554,513201
5315,5407,149208,25055,7519,307937,519034
3278,4555,175658,24389,7297,163265,396757
5815,5630,594145,23778,6074,348960,1004902
8500,7333,360336,26926,7759,175309,604608
3389,4722,1162399,64778,6518,375611,1636120
6500,6296,157717,24852,7481,185059,405313
3481,4556,167796,27740,19630,182720,423979
4741,5389,249079,24315,7130,274473,585904
7981,7259,429678,25982,7241,457909,960587
4167,4556,174460,32945,9148,209759,453183
4185,4944,172670,71852,6574,356790,632644
3556,4518,220712,27075,7000,293636,600626
4555,5074,390385,32741,8852,450684,908624
3704,4611,151630,39186,6314,302830,525682
3592,4630,174895,28241,8241,147010,402886
5593,5648,196734,25037,15389,188208,455387
3352,4759,354203,41129,5112,425255,849662
4204,5185,149874,35741,9315,162346,403257
5703,5667,150305,25019,7241,159081,371831
3167,4592,170348,66056,7093,144983,414331
4778,5296,338650,28834,7555,171588,574941
3222,4371,334211,61111,6148,252192,705774
4092,4871,149938,25741,7629,207893,418256
3334,4592,170592,32389,9037,178628,416609
3297,4518,221783,63130,5981,222659,564849
4426,5333,443418,33315,9500,268114,782717
3112,4777,1257592,27574,8315,189048,1507843
4166,5037,173429,39796,6500,342383,622348
5537,5574,188119,27852,7796,242267,497534
8741,7148,349996,27666,7500,155687,574553
3964,4685,140870,24241,7037,177683,378424
8426,6926,146450,46704,5204,351583,592997
5464,5407,179067,34629,8871,205449,455461
3370,4704,767203,26889,7667,211754,1056735
4833,5278,170763,25000,7407,249642,505793
5333,5667,146527,37741,6296,224692,444127
3685,4908,168088,31259,5612,147853,379553
4167,4963,221520,63778,6926,195792,529349
5111,6222,354378,25963,7092,148361,565256
4241,4926,150141,48945,6574,196189,429572
3556,4629,175425,26222,8352,146425,382868
4241,5204,187616,63166,6630,242122,538757
5130,5185,358529,26574,7222,147153,567960
3370,4500,241904,46371,6574,1148550,1484695
4945,4963,151539,26241,6814,169052,382776
3371,4685,178637,63352,6500,224601,521701
8093,7055,242291,26889,7204,291558,613534
5037,5314,118426,39334,7111,162739,356905
3130,4722,148783,49463,5907,176437,440886
4685,5130,168548,30796,10204,224357,485719
5500,5740,216887,26148,7278,290721,585200
5204,5370,390930,35315,9352,281918,744422
3111,4593,146953,33018,8889,305915,545460
4501,5185,177680,40612,5222,421889,670756
3037,4389,186742,27407,7148,187775,453219
5333,5482,360025,38185,6519,149268,583163
2834,4592,915606,27445,8055,280517,1283974
5055,5519,149832,25463,8093,170073,399701
4982,5370,167060,64611,6908,176049,444405
3093,4481,252269,27574,7797,237135,565126
4759,5093,330422,25741,7185,1288420,1677342
2926,4352,140020,24815,8426,268051,487775
4297,5315,199248,43315,6481,290175,580053
5055,5315,219328,25870,7222,294040,601570
4185,4833,381093,36111,8037,358403,841828
4555,5204,149486,25445,7204,190881,401108
3464,4555,172177,40037,6574,269117,532405
4871,5315,750980,34592,8871,1596913,2433579
5093,5463,470966,38278,6833,163900,709977
2963,4593,135471,63537,4870,241508,494275
4500,5315,149736,31926,7889,167040,402109
4871,5333,167519,49037,6686,260774,537034
4222,5019,251024,25556,7407,272343,595960
5482,5093,416808,33796,8500,456149,943273
3000,4389,152017,42759,6704,320091,582182
4815,5241,202522,36945,8277,365234,639034
4426,5333,214157,23908,7204,264321,556274
5222,5019,356681,31852,10371,142945,570089
4370,5111,161150,24592,7389,258755,481126
9166,7908,168636,39723,6259,389397,670959
5129,5223,184734,59778,6093,210596,491793
7260,6629,279944,29241,8037,251108,598312
4333,4852,139005,23629,6982,178882,393664
5074,5333,157769,60964,6277,370098,624663
8760,7148,173034,61833,6574,171205,465979
4593,5426,277965,46982,5666,195106,558404
7871,7111,419656,28611,7000,172007,660904
3500,4963,144921,41055,6352,253688,497405
8315,6870,207019,35611,8704,354737,638107
3000,4537,216728,63389,6648,148992,479756
5389,5500,346123,26185,7759,195597,606015
2871,4740,144405,29408,7481,263944,496590
7908,7074,168966,24148,7074,154236,388294
5889,5667,181564,25852,6908,172211,414665
2907,4445,334144,23222,7074,154871,544922
4611,5000,144742,43167,6981,157256,398405
5630,5518,148062,25222,6704,185065,395183
3463,4519,171623,27648,16741,224022,484368
4833,5185,247777,62537,6815,255497,603978
8056,7500,331615,25000,8204,150844,546441
4907,5371,151528,33722,7889,212044,435275
7963,6963,168515,23834,7314,154057,386183
4092,5074,471336,49760,6777,344919,900957
4926,5481,331693,52686,8481,392043,846384
5444,5593,148235,67593,6648,222632,475090
3667,4944,168981,34926,9760,321460,570700
5278,5222,182913,23537,6815,126696,366757
3204,4648,319992,32315,9500,198578,586533
5130,5518,709703,23518,7630,181551,969272
4981,5500,147707,40574,6852,160143,384850
3611,4667,174897,32500,7685,216082,482942
4445,5148,246458,35963,8908,148687,498368
5297,5481,405242,26056,7315,319309,787496
3278,4630,173117,44426,6648,288176,574349
4852,5296,201178,44686,6370,297004,575570
3092,4352,217813,62890,6740,149462,462441
4796,5500,417634,23704,6204,300769,788329
5056,5185,148546,42964,5037,270302,495109
3648,4815,169181,23945,7074,153001,397997
4703,5185,191854,27148,7704,185070,437590
4556,5426,281414,22334,6870,168027,505053
3389,4703,133809,34593,9333,166115,369609
4167,4981,151963,24777,7704,174850,404183
5037,5204,172393,67297,7444,341233,614496
4056,4944,255492,27482,7426,178672,494868
3186,4388,484258,23148,7333,391775,950069
4944,5445,153039,25093,7018,266273,481701
8408,7685,167545,54093,7166,427581,689367
3222,4722,212662,65056,6833,217724,554274
7759,6630,330056,31445,6481,183126,601682
5167,5426,145931,64074,7037,334084,581571
3092,4352,178123,36148,9370,330875,590681
5056,5241,183720,63685,6815,203907,508979
5334,5537,357782,38500,5092,163123,616015
4759,5204,140027,34445,8851,165582,379164
8241,7037,144014,28908,8240,188836,403498
4426,5389,168501,61630,6611,881455,1148586
7259,6556,238803,29037,7796,148843,474923
4982,5222,348161,50500,7111,171577,608441
7630,6833,147147,46593,6667,189406,422850
4538,5037,211800,51889,6574,347177,644441
7241,6574,205547,35555,8593,148099,462238
5241,5389,315219,25389,6111,218370,598459
7574,6722,172855,24592,7037,276921,514719
3612,4574,169267,39555,6204,347285,597719
5056,5556,185216,26908,6796,282132,528331
2833,4519,330000,32315,9148,335736,730329
2926,4463,557432,50186,6444,318285,976384
5260,5352,149307,27741,7666,446004,658423
3074,4797,166460,34408,8796,252277,513497
5833,5797,243114,63815,6296,187235,530793
3000,4722,1140529,36445,8148,223388,1448047
5185,5389,145588,23333,7574,177243,382386
3093,4574,170445,49167,6093,361866,626423
4556,5055,213729,23833,7185,280806,554793
9556,7093,378438,37778,4926,158039,613867
3889,4907,147406,72667,6537,235961,489552
3667,4814,169319,33148,11019,352493,589756
4037,4963,184954,23889,7315,237525,494553
6037,5648,352552,22426,7463,453313,866439
9037,7148,1017782,39481,11334,161896,1265196
4926,5000,156489,25556,7426,174972,393887
7130,6388,165402,61130,6222,306373,579700
5241,5500,245074,24388,7093,248756,553034
3538,4907,479839,48741,6167,360951,924791
6315,6445,151417,25741,7074,218691,469868
5538,5518,178590,33074,9908,165111,416350
4944,5370,218540,28130,15833,179569,489441
5000,5463,375471,35315,8482,346246,792847
3333,4611,150273,49426,6148,205910,469960
4537,5296,176427,32963,10370,176497,443979
5092,5315,179321,25278,7592,218640,457830
4000,4944,351105,38092,5778,346929,769866
8871,7611,436129,28666,7908,434384,942421
3963,4944,147800,38204,6074,162031,397349
5352,6000,175712,28852,6704,210822,452460
4814,4963,250830,48037,6204,157390,490497
4537,5222,341891,28111,11834,180291,590404
3148,4908,148655,49222,6667,207194,437738
4222,5166,171439,25815,7240,150319,400608
6018,5537,212037,62074,6148,188313,498886
3037,4481,333153,25112,7648,178603,589348
5000,5334,152861,28001,8148,199265,417683
3185,4537,169442,24055,7167,153556,380053
4907,5334,184891,66796,6612,211291,498219
3370,4408,332267,27278,8481,155026,566811
5297,5463,138494,41889,6037,150763,366387
3166,4445,149852,27944,8037,171480,382553
4611,5296,168858,25537,6370,182214,428293
5222,5130,245122,26037,7315,269652,575033
3037,4555,114961,39148,6315,164815,367757
5130,4944,148263,25852,7500,210846,420979
3259,4834,209157,25278,7407,188026,456775
4667,5166,214792,24908,7074,288279,560793
3296,4630,366724,25370,7352,151254,593533
5334,5481,158359,65722,5056,210638,469220
2907,4370,167568,26463,7444,204616,462904
4944,5426,245740,26481,7556,151461,476756
5204,4963,1196007,23314,7371,252577,1533084
4278,5185,140954,25149,6685,177007,377517
3500,4575,150885,39333,7352,375611,596886
3926,4963,174520,48019,6481,378754,653366
5222,5278,245545,27481,6945,262396,569052
3297,4500,119031,25370,7112,177892,372406
4537,5075,170536,75963,5815,205220,486035
3445,4703,196450,40537,8815,204881,490220
4685,5223,220807,24500,16018,189802,479534
5408,5444,207127,35223,8926,257573,549534
4741,5222,150966,67389,6463,223865,478627
9074,7852,167508,40130,6982,177989,427368
4370,5111,180218,29055,7723,262020,507793
7407,6630,270167,35667,8722,167571,534089
4852,5185,351654,62649,6759,190379,641848
8241,7314,142345,61037,6389,330652,571663
4167,4888,173258,24278,6982,275517,522534
5296,5222,238467,26074,8334,252233,556163
8648,8722,321140,36278,7759,151820,550904
3555,4945,149089,40444,7056,171631,406886
7148,6537,175076,28611,8370,178626,423590
3352,4574,222841,28666,12389,197342,522664
6926,6389,298402,26704,8889,166428,531497
7407,6722,149703,25278,7093,204202,436386
5092,5149,171134,44000,5259,382936,631570
8408,7148,173954,24315,7630,171024,408961
2797,4407,354868,45926,5296,155944,589015
8056,7611,130132,35538,9907,161736,389739
5315,5926,143026,23352,7315,194416,398109
3056,4463,168087,63427,6796,317983,591015
4870,5259,238260,28760,7740,149664,451608
7741,6556,385913,66167,6685,155379,666108
4777,5149,153381,26945,7240,293338,510756
8574,7185,564147,27111,7834,176440,809106
4889,5186,209707,25648,7130,286160,559034
8870,6649,307638,25593,7185,293358,681015
4871,5222,173311,23796,7093,229483,464035
7722,6833,169261,25981,8019,150626,386349
4408,5240,184026,65240,7315,242935,539108
4741,5185,353957,23630,7370,151892,582201
6945,6888,582500,49149,7092,199051,869736
4389,4833,149523,24389,7574,176549,387479
8149,7074,166769,62833,6871,195913,501646
5352,5241,490794,25944,7223,278386,833755
8612,7407,404910,61259,6852,373307,879440
3815,4611,145952,41945,5407,259082,514349
5075,5203,165736,37777,8389,173096,413739
3296,4408,213777,24297,7778,292645,589663
8278,7000,370117,33055,8482,295008,753014
5371,5351,152733,23574,7241,178765,393220
7778,6982,167775,39111,5278,144611,389720
5648,5796,175485,28908,8240,167439,427627
5111,5167,350564,36723,6666,145803,569589
8223,7000,350829,26704,7407,165093,615200
4908,5185,152353,32703,9612,237737,460923
4185,5130,175377,26500,6463,215713,452590
8056,6870,236864,24074,7278,246207,545905
4408,4759,328351,22870,6815,248497,646274
5667,5388,146190,38111,5278,221345,440034
3352,4815,166232,36222,8185,275118,543960
4852,5111,209145,62667,6500,177315,484127
3408,4407,301410,25018,7463,153236,511553
3297,4518,153619,74666,6778,264119,526701
5093,5796,168772,41759,5593,321984,599182
5241,5481,176130,35981,8352,146776,393461
3222,4556,339413,28852,8240,192325,615533
5203,5278,131973,38630,6963,163340,370238
3260,4555,914647,25426,7167,177050,1152568
4130,5148,174855,48926,6796,423049,678589
3093,4463,243545,26556,7759,149730,472386
5148,5482,334273,63593,6592,291593,723422
2926,4500,144779,31852,8925,222535,434220
4130,4852,208506,25222,7852,158677,426942
3037,4759,205752,27167,7593,215448,480367
3833,4778,742759,34852,9518,148569,997179
5333,5593,143781,25149,7592,195753,401923
2870,4389,171898,43130,7259,365728,647848
5297,5425,177793,36092,8630,762035,1011383
3055,4445,310150,23555,6278,172403,537904
3760,4907,1155713,63630,7000,206815,1461195
6537,6204,147531,25852,7185,194300,405350
4575,5666,168981,63370,6760,211516,501775
7871,6611,230042,24537,7592,162252,455794
4907,4871,429918,41037,5019,250688,767551
5315,5593,157349,24166,6352,256297,522757
4870,5130,175391,32463,9000,144088,389924
3574,4685,203897,62222,6482,169452,468571
4037,4592,326977,25982,7740,355705,775773
5093,5240,155815,26149,6889,258719,476701
4037,4815,171209,24000,7482,189121,418609
4519,4926,177455,26130,7537,216060,476127
5222,5148,307387,35204,8167,180369,559533
3927,4851,776968,26056,6740,810783,1651232
3852,4963,145397,42241,7019,374654,627644
5407,5167,174995,24649,6444,171854,407219
3703,4834,233057,62574,6870,244310,572941
3871,5926,320988,25870,7352,169638,549553
3537,4815,172586,38593,5481,283263,561108
5463,5222,173351,23926,7092,151777,386479
3111,4722,210912,63593,6666,234493,540645
3648,4796,361770,24944,7797,373892,796328
5500,5240,741813,49630,6630,371828,1217770
5482,5722,168706,66352,7166,355958,625404
4371,4963,183452,35778,9555,251082,521053
4778,4982,279846,26185,5963,190836,530942
3982,4926,357870,24723,7389,170811,589200
9148,7222,142339,32611,9093,270399,511960
3907,4907,164344,24149,7648,254598,479571
7463,6666,834499,26463,7371,221087,1161641
5704,5925,321374,34222,8204,185308,579533
4092,4648,167750,23166,7334,257914,493404
4926,5444,171570,31833,8834,219094,461664
7815,6833,198038,26889,7648,252107,542126
4074,4889,378747,43185,5593,322230,776662
8889,7222,149826,34037,9445,165430,431997
5370,5648,168499,39370,5241,380276,626329
4000,4703,179393,37223,8629,231012,496700
5241,5185,309676,32574,6723,145468,525886
9055,7000,125534,26240,7760,175113,367979
3630,4741,140798,26852,7352,174477,377591
6741,6407,167785,24759,7186,253193,482349
5222,5759,236365,36445,8463,148021,455794
4463,5148,381093,24444,7704,153052,595997
3389,4667,160023,20926,6667,287011,503145
4278,4833,802086,25796,7704,709479,1575602
7907,7222,583017,35704,8148,151775,848791
5741,5778,374151,25037,7389,158290,595385
3537,4759,177193,27649,7389,239396,490812
4982,5500,167439,34500,8371,147540,386720
3537,4685,176093,50167,5482,235756,496960
8389,7148,297655,27407,7982,166583,533164
3093,4667,436604,61908,6555,305484,870588
5130,5259,144535,27074,7019,174092,382942
8611,7148,171689,50556,7944,296271,592756
5000,5278,240435,26518,7037,263655,592404
7241,7278,335274,66315,7148,905403,1348511
3500,4704,147742,38166,9093,175959,398868
7148,6778,168822,61870,6833,176935,473330
5352,5833,204827,27667,7648,263763,531775
3074,4518,357093,26963,7370,220719,638496
5778,5482,156837,24593,7445,178252,430331
13112,4463,148213,43037,7112,392708,625626
4000,4759,176701,25574,7204,803682,1073975
4704,5296,487521,25019,7481,341066,890291
3833,4648,354027,64796,6649,225969,678125
3723,4592,152532,28759,7834,181392,414109
5074,5333,167760,23055,7333,193109,418201
4574,5093,231432,62926,5314,223992,551219
3371,4666,1545477,27056,7407,238328,1869675
4537,5018,150461,64556,6592,218981,467886
3296,4537,174892,26296,7352,150828,403460
5463,5389,205065,26889,7574,241321,511646
8204,7093,294273,65704,6611,165779,567701
6796,6482,156149,27352,7352,172367,393794
4464,4981,167395,66112,6537,386193,654515
7370,6685,168827,25019,7833,243189,491849
5185,5315,265332,25926,7222,253906,582033
8074,6963,121393,23704,7759,177938,363683
4593,5222,141380,44074,8111,288377,520516
4889,5389,175459,27204,6296,228131,513849
4074,4982,234576,37166,8704,147977,488108
5129,5297,323378,23815,7407,270803,678385
4222,4907,149439,31222,8889,191115,409553
7278,6888,170871,25259,7407,188646,457201
4926,5277,200320,26315,7445,163437,427423
7148,6500,373215,31129,9093,166393,611311
4167,4945,149330,44075,7055,159556,421757
41296,4185,142652,24148,7500,175217,415257
7927,6648,166841,49186,7352,164767,457850
4778,5389,354607,34074,9074,351408,775052
4037,4963,347741,26019,7352,151440,559385
7426,6814,542026,32259,9056,166840,782328
3889,4704,175271,61704,6685,171412,461646
5204,5388,236018,29388,7852,257239,582867
4074,4926,418208,24500,7093,188065,677477
3889,4611,154973,49926,6592,266432,505516
9037,6852,179645,42277,6945,153335,435590
5740,5778,743244,26389,7778,268898,1099234
4241,5055,423212,37352,6629,257192,752736
7538,6759,149883,26759,7296,174504,391739
4722,5574,167944,25796,7574,171388,402868
7648,6796,172301,27037,7760,324492,571422
4777,5223,343529,26167,7407,160856,568181
8426,7019,719646,24223,7185,181977,969235
4186,4870,142262,62130,7203,247810,501498
6870,6593,175045,34833,6426,150249,398553
3926,4797,230032,66981,6926,176706,508997
8111,7241,414297,40482,6241,171532,665571
3648,4889,162209,79389,6315,194621,481312
5667,5463,173882,37389,8889,173449,423035
3870,4834,200035,61296,6389,191925,487849
8907,7648,371912,57778,5963,193047,664385
4741,4982,151620,33592,9593,262025,485979
8593,6926,161995,27260,7889,366389,594571
3482,4777,173261,35130,8277,178163,458757
5685,5704,341896,59167,6241,374858,810940
5185,5315,347587,63407,6537,168632,615719
8963,6852,153295,97667,6074,178480,494238
4518,5093,166523,62111,5982,210196,473923
8148,6871,234732,25963,6945,242468,541460
3982,4703,868665,50445,6129,221069,1174697
8333,7130,150335,36352,9093,159477,388535
5056,5259,176415,26685,7519,149453,389109
3833,4908,201661,65093,6444,197095,552034
4129,4871,338759,27445,6759,373477,771162
3426,4778,675932,67074,6537,183970,960050
4537,4871,166659,25629,7871,155950,385887
8111,6926,173091,26370,7815,269962,535867
4112,4907,359670,40556,4944,179530,610997
4018,4926,121694,28259,7815,175563,360164
4186,4814,149663,23777,7463,178336,388591
9444,7426,139242,49000,6463,166090,395998
3611,4759,239321,26019,7704,168009,466552
9130,6815,321012,62333,6537,384446,805681
3222,4556,151720,47797,5963,198314,467275
5796,6019,170041,28074,7241,149049,384498
5093,5259,195399,25167,7537,200599,477498
5204,5537,321127,23666,6167,155778,536109
4148,5037,153873,42352,6296,161348,390942
3574,4612,168211,27555,7463,151639,415702
5667,5352,165439,62426,6185,152522,415461
4166,4889,358908,26296,7444,220200,668310
5019,5388,132394,37463,6019,165604,370239
3907,4649,145714,24259,7482,174191,378201
3259,4722,166165,64333,6093,168963,451775
5149,5444,237503,27630,7518,258828,559905
3056,4426,408101,39315,6148,162395,641608
4500,5111,155588,25667,7037,285224,502312
2871,4648,169926,34260,9296,148479,389220
8130,7352,196469,24759,7204,244695,520794
5482,5611,425012,22593,6666,220058,725570
4982,4796,150554,41463,6407,159630,387276
6926,6685,163560,53463,7111,375955,629182
3648,4945,170990,48204,5926,166785,455534
5444,5389,284515,26130,6444,171057,518941
7371,6870,481410,33740,9463,366400,924884
4185,5037,151581,53000,6019,249712,490127
7722,6815,171550,37833,8574,199207,449609
3519,4741,398666,62278,6444,439347,968809
5407,5760,409468,25222,7889,170713,646033
7519,6629,152196,32907,6389,199099,459497
8185,6556,150775,25666,6315,284482,522201
5278,5351,198984,64630,6500,213847,523978
5315,5519,323101,38148,5518,168045,563997
3815,5037,147477,38352,6259,173207,391943
3759,4945,172000,24037,7278,170609,435701
5112,5370,166950,25778,7241,214362,436609
4241,4815,338086,42444,4685,294596,725941
5000,5185,166998,48130,5704,200647,449868
3592,4963,213467,28463,7315,181031,476182
5871,5240,168454,62944,6315,394321,658608
3167,4537,236533,46260,6592,233853,572016
4593,5204,401649,28056,7593,170068,655200
5260,5666,168099,39149,6333,279657,548441
4167,5018,172642,34982,10203,182208,430368
8926,7259,196388,25407,7074,248758,535867
4259,4741,346542,24426,7092,224400,630756
8093,7389,151936,41852,6722,159599,393757
5056,5222,163812,36666,6741,174575,409850
4519,5185,170928,26481,7389,160496,391146
3777,4704,363230,37760,6259,208970,642644
4704,5296,193402,25778,7093,202503,458590
8352,6981,174593,27685,8130,261608,540589
5889,5574,169320,25148,5945,200548,432312
7611,6667,223585,24481,6871,265949,551793
3519,4778,404572,25148,7630,162961,628256
8204,6833,151652,42166,6334,185735,419146
5926,5352,177286,28426,7297,213211,469572
5481,5704,202755,36777,8760,204520,480404
3555,4815,373112,26463,6926,172218,605274
4074,4889,152765,25371,7870,176140,424590
5315,5518,160531,26907,7074,155579,379109
3852,4759,470555,41277,6686,188107,772995
5000,5500,285263,24538,6333,1162394,1509436
3537,4574,351417,62445,6426,150783,636348
5167,5482,142200,30388,8704,271631,482553
3314,4537,169187,61926,6408,312624,608181
5352,5444,239452,27129,22223,199341,517163
4722,5260,400531,33278,8019,175187,680404
4870,5371,175462,25778,8056,244405,481904
3796,4704,148912,33389,6315,183882,400942
9055,7185,189029,24297,7426,226838,480904
4722,5056,342775,24945,6851,428609,833421
7315,6907,145725,34259,9315,166162,387590
3611,5000,164304,43574,7000,317545,558237
7592,6630,173217,27334,15555,194354,443386
4593,5370,259704,26112,7463,248144,567274
3203,4556,347543,26945,7296,266694,700070
4222,4741,152863,36333,9260,272152,498719
8315,7241,207906,26685,6315,184332,458368
4241,4852,230170,25000,7778,182012,510979
7277,5741,396991,26648,7112,187394,648311
4037,4796,163274,68315,5389,215983,481664
8333,7112,170575,34889,10389,414847,663070
4019,5018,202859,64093,6759,205953,508590
8648,6870,366291,34111,8315,161113,627107
5667,5833,148647,25445,7741,175183,387016
5481,5167,161116,37574,6944,410140,676811
4777,5389,173455,48611,6370,221951,500534
4093,4907,319053,29204,9463,161944,581737
5093,5574,119557,41297,6796,164181,376146
5685,5778,146452,54833,6315,147046,388201
3927,4833,171939,48463,7074,182614,440146
4500,5093,233111,38259,9186,145034,450868
3407,4593,427895,38185,6371,208026,723922
5352,5482,172048,32648,9185,281597,551830
4648,5204,669388,26611,7796,182459,915235
3463,4741,198948,62574,6722,170235,465997
4093,5055,373991,29482,7907,166599,605682
3222,4723,156977,25481,7426,173614,389665
4056,5074,168298,39703,5389,325366,563442
3111,4389,180914,26241,7092,242361,494682
6019,5592,337438,22037,7575,179873,576793
4463,5111,519185,33259,9018,182145,772736
3130,4796,153134,26518,7686,254382,468442
4185,4963,172658,49518,8074,165136,441367
5815,5500,618293,27408,7074,335923,1016975
3630,4666,357114,51111,7463,232049,686237
5056,5185,148767,25167,7203,228454,438683
3223,4703,172828,24296,6871,152244,381943
4445,5148,196833,26945,7685,288441,545442
3334,4518,354672,25871,7444,169547,601126
5185,5241,157492,24389,7129,177802,397405
4315,5130,161849,42111,7260,422609,694181
4870,5093,172410,25130,7056,187587,419109
3759,4852,342879,35315,8648,173636,587404
4463,5129,1135257,23630,6185,195291,1388214
3241,4519,151130,38611,5204,181497,420405
5037,5185,170913,24149,6537,180176,411497
8796,7481,217105,65481,6574,148375,491238
4815,5871,399165,64278,7074,257423,785292
5111,5297,159392,33667,9259,353271,628441
7445,6389,552343,36371,10537,431558,1064828
4315,5315,140978,32685,9222,388778,619700
7204,6611,316057,24815,6537,215828,597200
9148,7240,136359,25741,7389,190546,403886
4259,4908,162068,59629,6723,429891,687959
5037,5555,172129,67038,7222,146553,422071
3648,4611,327672,25463,7407,212566,632459
4370,5019,349899,50926,7149,207504,643015
3167,4574,1212110,40074,8741,159418,1466417
7482,6574,892060,61370,7371,1369667,2365487
3852,5148,1090584,35407,9482,529480,1731971
5037,5148,380162,27352,8278,147279,591959
3797,4740,165408,42889,6648,274627,516553
4000,4778,173654,33055,8963,425028,665126
4018,4926,196197,34518,8463,149542,447738
5315,5240,499388,26630,7518,308756,895069
8148,7574,173263,63463,6649,233493,510701
3408,4870,164657,69630,6056,395172,682219
5538,5407,173255,34167,8778,932108,1176771
4760,5240,349558,63981,7149,219161,686552
4944,5278,345877,29000,8075,264877,702384
4944,5241,146420,32055,9093,299244,517497
6296,5944,174907,28018,6908,148425,388090
4667,4833,227986,63167,6760,688452,1032142
5222,5241,414918,28592,8056,292670,799069
4722,5204,149312,26666,7093,286926,498442
3760,4981,178428,40834,6315,375512,625423
4000,4833,193619,35593,8407,147120,408738
3315,4389,363180,56260,6518,389685,874384
5555,5537,148260,28611,7333,171091,385053
3185,5019,160227,23278,7445,390287,606904
8611,7241,172326,63777,6649,297559,584645
5648,5278,361442,39389,8426,199832,646477
7574,6759,377319,47907,6852,318918,801847
7426,6463,174008,29797,8944,208248,454960
5370,5500,165718,28389,6704,267501,509349
6333,6185,229316,23963,8000,334347,633829
8092,8000,331081,26871,7018,260490,695162
6852,6426,150845,33667,10259,272763,499904
4648,5111,177443,32149,9222,355442,601978
7593,6778,186800,25278,6796,296141,574590
5371,5481,345103,27537,7815,147653,558534
8574,7241,2822799,41611,6926,296812,3214611
5630,5074,612597,24685,6556,298786,974605
4130,5074,455453,38407,6722,194099,740552
5260,5648,254031,24167,6889,154299,466942
4686,5444,340982,27037,8648,178515,581682
3796,4649,148745,53019,6815,201159,435849
4574,5019,169566,53445,7018,329912,596941
5408,5518,785610,27407,7574,356773,1209715
8574,7593,142540,33352,9814,257865,498608
4537,5260,146008,41278,7018,184897,408757
8222,6870,171514,28611,7556,209409,469534
5296,5278,198426,28223,8185,148960,410794
4704,5315,304451,48981,6871,201471,608700
5019,5277,145456,40871,6926,160856,384183
8259,7204,152480,29278,7685,167759,408701
5148,5111,167448,62723,7204,330455,607385
5426,5574,323751,26796,7056,147876,539071
7056,6556,422219,38703,6611,150370,667978
5056,5500,156576,30203,7000,174497,397683
4815,5518,174544,28797,7055,201528,460349
5130,5185,224401,27926,7112,253336,542793
8704,6926,389944,35370,9482,165182,632682
6704,6889,146819,24723,7296,348714,559460
4870,5297,175843,25500,7778,150673,388164
4926,5185,190664,23537,7370,166519,435034
5185,5241,421651,34148,9222,180567,674607
4185,5000,155545,41185,6889,160268,391442
4259,4889,161180,27889,7759,157540,382090
4278,5018,168001,63611,6463,236330,513645
5185,5334,340117,73926,7315,390174,839014
3926,4945,347381,49667,6945,247281,678107
3741,4888,153406,48704,6222,241777,489719
4963,5111,172467,26981,7630,232716,468720
3648,4555,227435,26704,7111,206692,515589
5241,5241,442793,32944,9519,226907,744478
8593,7500,178594,26759,7426,224829,495182
5241,5463,514451,25519,7389,275877,864810
4796,5149,194493,23796,7130,220893,475738
9074,6815,341203,26537,7259,152146,578404
4778,5018,152356,25519,7500,176697,392831
8686,7277,150547,24111,7352,172359,388220
4630,5092,165497,66426,6945,228556,503960
4963,5148,1098486,25278,7592,225433,1388436
8612,7092,338249,35593,9314,151897,587590
4797,4944,175421,64630,6740,202614,478979
7759,6982,168481,28445,7592,181628,418461
4445,5129,223524,26834,7500,272195,560830
8463,8074,393567,33149,8574,167614,655219
5204,5241,156127,26241,6445,195092,414109
8889,7167,165077,24074,7426,154069,384517
5556,5592,198009,50000,6667,182266,485423
5055,5130,424255,50778,6611,281685,806291
4463,4778,170946,61352,6481,278996,548182
7796,6834,160728,37241,8685,170751,410201
4778,5240,167142,26778,7574,287596,529460
5241,5148,338444,25833,7260,174423,574701
4019,5018,343375,65426,7167,192732,647274
4945,4926,148768,26241,9019,340654,566034
6037,5722,169330,56278,6611,212334,477201
7945,7074,218724,27648,7186,270458,581497
5611,5204,424637,33223,9685,177062,674626
7555,6760,162512,27963,7778,246633,476775
5074,5500,181204,43759,5167,421292,677255
4037,5222,193190,37538,8944,144270,408664
4018,4593,320011,30259,6204,183375,584867
5667,5648,142220,36370,9204,163408,381943
3945,5129,157355,25889,7833,162236,380813
3926,4871,167286,26370,7408,241044,493109
4074,4871,335032,32482,8574,160094,563256
3407,4796,347538,25889,7519,297921,730236
4445,5203,156840,66777,7315,333213,592626
3389,4667,212585,28278,8037,435429,743885
6148,5796,217684,35574,8241,188591,478441
4352,4833,375819,39871,6833,367343,815643
8334,7426,146694,32741,9444,201637,424461
3685,4648,168255,38926,6500,322131,594811
5333,5704,194557,37741,8555,846344,1117734
8389,7055,278119,27407,8000,300100,666515
4740,5019,428365,28426,7907,345297,841106
8204,6851,154000,39129,6593,158869,391849
5092,5408,169653,29092,20389,180938,428238
4278,4796,254826,36648,8611,151302,513571
5648,5444,122071,26537,7315,174890,359923
3315,4667,176039,43908,5203,225884,479608
8834,7333,167545,36130,8055,147712,411350
5204,5203,225384,63426,6686,246594,598256
8537,6611,393130,35945,8222,164440,635792
3760,4592,157895,28222,7185,208400,428424
5519,5629,169585,35667,10111,388745,653348
5575,5963,184109,25870,7111,182666,427683
3834,4796,342392,34167,10148,389622,800810
4574,5000,145935,44518,7223,156248,381813
3093,4556,167810,27130,7741,152280,400035
5389,5296,165724,26074,7426,150089,375553
2982,4389,251710,66630,6685,271564,637330
5074,5296,462809,25796,7112,399926,924957
4963,5241,175536,33982,7555,299480,545071
3518,4612,179115,25315,7685,152068,391423
4518,4963,221806,63612,6796,310875,627959
3389,4611,430090,49630,7407,228610,776829
5481,5500,213225,22851,7575,239994,513682
4315,5277,166897,31796,10796,178065,432905
4889,5037,193679,62556,6482,228354,544534
4537,4982,382352,56981,9760,196255,673255
3704,4574,517858,27703,7760,318174,921439
4371,5055,156326,38278,6074,160413,388554
3167,4574,168534,28000,8093,263537,509515
5241,5277,249078,34685,8444,198124,520812
8574,7408,333046,23926,7185,164636,561034
3648,4500,149347,43037,4908,202798,426645
4611,5352,209464,30074,7814,252571,528163
3667,4907,224359,48240,6130,193324,559571
5482,5277,347198,32111,7889,144318,559941
3167,4796,176202,47723,6166,215851,485553
5445,5499,172542,37074,8333,352696,597663
4074,5111,192306,24241,7741,141895,424979
4870,4852,363589,28278,7408,147555,574756
3908,5000,149427,40260,6185,163126,385998
3556,4555,157915,26796,7000,154583,372220
4648,5352,167216,25148,7908,267669,508015
5334,5148,331704,38389,6537,168237,573664
3093,4667,124282,35500,9186,163733,375869
5037,5278,172437,27555,8056,221913,459201
3945,4592,208701,35482,9185,161834,441868
5315,5537,220965,66760,7185,156143,480719
3149,4648,323082,50982,6722,190859,622904
7222,6389,164291,77445,6574,246557,528274
8778,7352,178074,35575,8388,318034,606867
5129,5297,185598,27778,8371,177343,429442
7203,6630,352327,34796,8278,284725,736699
4759,5222,145406,28092,7612,171073,414312
12963,4111,151263,26222,7408,150253,372294
8426,6796,168047,25055,7074,125452,391627
5000,5148,246052,24704,6926,164371,469164
4667,5259,568373,24870,7260,318195,948439
8315,7185,179136,48463,7019,203009,471367
4556,4870,178623,36426,8260,433224,716922
5500,5444,252629,27260,7537,222238,540941
8167,7111,1248266,64704,6556,1165497,2520800
3722,5241,204529,34777,9463,172580,449645
8389,6963,166275,54593,6574,159000,439294
5278,5629,190058,50278,6834,160884,437164
3333,4778,385656,37389,6500,169637,643237
4796,5056,901144,27352,7667,268126,1235122
8371,7685,146111,32426,9370,167035,407405
4833,5241,168413,26981,23056,173344,420756
3260,4629,355438,34259,9000,201041,644126
4982,5055,567740,27463,7351,192349,824162
3297,4555,173244,66463,5538,217030,513127
7463,6963,283435,24352,6907,230840,577997
3240,4593,224107,50667,6778,221241,563515
6019,5055,390650,24185,7241,369401,820755
7482,7185,145173,32112,8166,287250,532368
7630,6463,172586,24018,7852,212930,449683
3889,4815,201573,22352,7315,293609,578478
5241,5426,365949,42945,6704,375842,818125
3352,4537,150491,27815,7815,171081,384498
8074,7167,149700,38463,6778,162186,408053
5704,5444,167780,29111,12759,179700,419442
3389,4666,273526,51982,6870,216601,609663
5241,5667,343383,26260,8203,213539,621959
7815,7000,153166,22982,7444,220720,437331
3833,4593,171875,28852,7241,166141,404757
5611,5704,216344,49982,7074,259115,562201
3685,4760,382331,25463,7889,149369,611311
7130,6500,845912,62722,6482,176693,1156790
4648,5167,177101,26055,7722,147045,385757
3944,4815,191477,48518,6723,155465,428923
4315,5037,408298,49556,5851,188458,699145
5352,5444,519377,35112,9277,319877,962420
4630,5333,151086,25963,7111,172190,384628
3167,4352,252443,64000,6630,556218,908699
8222,7389,238615,32260,8537,286640,626163
4518,5445,422010,32481,8130,163764,655440
3778,4870,173552,65537,7426,192224,466590
7518,6926,211224,27445,7333,317736,607052
6759,5630,211489,27648,7370,234083,509812
3482,4796,322995,24944,6945,266613,650423
8000,7019,145110,25778,7445,229924,461350
5389,5611,166875,34148,10112,176974,418164
5667,5444,192233,63204,7167,151616,461201
4814,5019,459720,26037,6889,317516,840958
7482,7056,143558,24481,7797,176124,403017
5148,5148,152694,40963,7333,370396,611089
4444,5093,171698,36408,8667,196021,442460
7685,6796,238612,49185,6519,164126,490756
4870,5760,332469,37574,8370,257009,676718
5093,5166,144549,27592,7482,219227,427442
4389,5481,168295,67111,7037,276147,546200
8852,7037,219318,29519,21203,232123,536978
4352,4871,399528,34537,9593,229486,720330
5167,5463,152255,25574,6889,225669,439794
3574,4982,295724,26185,7815,213069,571275
7833,6778,139581,25352,6852,193787,415053
5000,5223,347012,41037,7093,385668,808829
7796,7055,151796,36741,10870,157462,390219
5759,5352,150523,37407,6704,163030,388460
7908,6852,169714,32240,8463,233191,477498
3981,5019,246978,28241,9185,272926,585885
8278,7018,333836,26612,7407,287938,689626
7481,6871,151508,21185,6222,218397,459719
44666,4926,169828,26315,7093,149355,420479
3926,4982,216611,65149,5463,203867,520516
7500,6778,376524,36704,9852,153361,609682
3389,4667,154566,37056,6815,241783,468757
7297,6833,332683,30112,8333,307461,734848
5518,5834,187522,25426,7185,181550,434238
8241,7315,383083,33111,9889,270190,730070
3223,4333,146440,40945,7018,160428,380554
4278,5185,153760,70537,6241,414458,670496
3074,4389,170969,35352,8722,150473,393627
8167,6796,244013,62796,6741,247336,608756
5945,6777,170758,32500,9167,318313,563793
8296,7056,143671,49315,6778,205641,438720
4574,5407,171899,34333,7593,168821,428219
5371,5481,215552,64815,7482,691571,1010106
4389,5426,397058,28167,6871,168975,646441
8389,7000,171360,62389,6611,201675,499590
4185,4981,172976,25482,7944,175763,410923
8074,6926,181815,64574,6667,244071,542867
5723,5463,408450,33907,9167,255564,739774
8630,7389,810660,40574,6945,271111,1185642
4649,5222,151164,29852,8555,173982,409054
6389,5315,164817,26408,13815,182365,421127
7907,6796,236398,36278,9018,250600,592848
4500,5056,1190664,40926,6796,404363,1702194
4871,5111,167371,34018,7871,252644,492034
8500,7296,167303,24870,7371,196343,447201
4889,5000,215234,61519,6722,329966,640700
8222,6926,345536,43889,7537,186812,624607
4852,5500,146559,69704,7037,254012,515719
5296,5444,176565,58760,6518,415505,687755
7352,6760,179348,67685,7037,153705,457664
4592,5241,361132,27093,8185,158957,584978
7240,6704,126081,64482,6870,171935,406775
5222,5500,157716,25408,7759,161485,382905
8075,6759,170370,61370,6685,366812,636774
5056,5444,247357,26796,7463,270659,596441
6315,5574,333993,35629,8334,147578,556460
7870,6981,173609,42444,6926,202037,457867
4815,5481,172281,29111,8000,146625,385350
4148,5019,216267,28148,7611,243452,523775
8167,7667,340940,27833,6778,173779,583256
4574,5278,151982,33778,9500,164534,387813
3630,4778,177135,40260,5240,405454,652645
4037,4944,185549,36981,8315,144375,401997
8037,7185,518092,27092,7241,364607,952235
4037,4833,209374,40352,6407,171513,455941
3889,4815,151287,29889,9592,165156,384220
8260,7277,168200,64834,6777,345149,659552
6278,5796,249594,26426,7667,273162,612811
4592,5352,373267,40018,6797,286081,735440
4000,4667,154123,26093,7648,227800,462331
5315,5388,171851,26408,6481,188295,421960
4593,5537,216245,24815,7204,154622,429442
3167,4463,362825,23908,6981,187208,606071
3870,5130,153996,62889,7075,174593,445404
13278,4333,151336,25204,7055,177607,396924
3889,5111,184564,26778,7814,277027,521405
3463,4630,380828,50704,6444,266316,744921
5055,5556,2028504,24000,7222,193687,2282709
3315,4648,152487,42278,7259,408750,634182
3852,5129,174252,48407,6537,163857,421016
3408,4555,245739,24796,7519,198351,521682
5352,5629,347356,26759,7519,125456,536626
9130,7870,147694,63186,6518,220581,474109
3129,4500,169644,37148,8908,290186,531108
7667,7167,204871,28852,8148,287589,560627
3575,4703,397859,26759,7241,258822,728959
5482,5592,142771,25723,7611,310207,518182
7945,7074,171073,25463,8277,151907,407516
5130,5018,184301,66685,6889,155604,442071
3611,4722,1159401,24685,7834,196035,1431714
4815,5204,142607,24445,7463,178501,382016
3130,4574,151465,42000,6574,446031,673071
8759,7333,179600,36593,8407,414823,672274
3463,4426,239754,60926,6870,180484,548978
4944,5056,885316,28908,7685,210825,1164030
9222,7167,166634,39371,6759,250640,533293
5241,5278,171992,50278,6759,164080,423461
7593,6667,211386,25945,7629,1945305,2222913
3852,4593,282632,26204,7241,497529,842329
5407,5685,146620,24666,7074,175564,383164
3407,4685,171051,24723,8592,151706,381720
4278,4889,183426,63797,6611,160367,459090
5704,5315,310210,24593,7981,247860,674848
4167,4833,560476,26092,7741,296242,918365
3315,4463,153424,51519,6166,148889,403238
5093,5092,168949,65500,6407,150512,419627
4574,5407,325695,26130,7407,363764,751847
3055,4463,429071,57463,6278,261888,805939
4352,5111,147539,33426,9166,273885,491442
3482,4500,174322,24056,7833,152083,383869
4074,5037,215587,64481,6408,151484,485034
5722,5426,330389,25778,6574,178367,570515
4296,5167,157153,37111,6555,180864,409571
3241,4481,204400,61833,6463,296949,627385
4982,5148,186164,28759,8333,239130,489182
3130,4500,319410,49315,6167,378400,776625
4592,5204,149693,27908,7278,174471,404979
5352,5556,153791,38241,6333,158263,385813
4333,4796,174241,26797,6111,179571,430997
4981,5334,246506,64185,6222,160899,506682
3982,5000,336604,26907,8019,292984,704774
5408,5611,145516,37426,6130,192944,415590
9315,7518,206319,27148,9722,176161,470664
5037,5241,213342,60649,6203,395154,705144
7278,6741,384589,29444,7297,174833,647682
4963,5296,169687,60981,6111,294940,574941
4371,4870,225303,24685,6908,226157,512294
7222,6759,185031,24648,6778,275559,550237
7889,6445,378740,70037,6019,177626,667311
7592,7130,136116,32592,9630,166493,395386
5371,5185,148473,24889,7203,176599,387554
7982,6889,167886,30037,8852,283778,550034
5260,5351,787856,38796,6371,287064,1159790
5204,5333,339175,25759,14056,184470,595552
8334,6778,149087,26759,7463,233947,470701
5000,5315,207241,25704,8851,359534,628959
4666,5426,210228,25408,7611,268399,553978
4926,5130,332271,25166,5982,190985,582719
3815,5222,154813,25778,6167,266147,492683
4889,4981,175355,25815,8648,149810,387590
3815,4851,182898,25315,6889,281581,582941
8241,6814,401441,50352,6074,241518,731755
3834,5018,406280,38037,8666,274606,767811
5056,5370,146358,24408,7185,180584,388257
6500,6815,170660,50556,6685,192689,453072
3945,5056,247054,25685,7408,243479,564368
4833,5037,328820,62222,6093,180325,606533
4260,4981,171862,23352,7389,222802,473090
5500,5463,164423,33574,10148,205575,506312
4222,4907,210910,62389,6222,152977,480015
4833,5056,372304,28574,7815,147859,584218
3685,4704,153883,37111,6371,264651,490053
4074,5056,176259,40889,5963,340201,623774
5037,5111,190228,25870,7278,264862,515479
3686,4666,355956,24870,7815,163338,577590
4574,4796,126572,35926,6333,194482,408257
5352,5481,222207,37648,6315,163124,458182
4389,5148,172416,25426,5982,181433,430609
4778,5129,243885,27889,8314,248409,579719
4370,5074,421001,33537,9463,244514,751458
4592,5130,283969,40797,6907,283120,690144
4481,4852,179197,26833,7241,147894,388609
3982,4907,210332,26852,7167,200536,491701
5963,5092,382875,40130,4703,426324,882050
3797,4907,214343,34833,9352,175821,473831
5148,5259,1051498,66593,6463,905860,2061728
3796,4945,179557,35241,8185,205940,454330
3982,4889,297303,60037,6426,369359,791959
4926,5296,664755,50018,5852,190870,941143
3574,4722,149314,28667,7667,258350,492441
4426,4871,174505,62666,5926,366640,633052
3704,4907,237621,26501,7481,150302,479960
5055,6426,425202,34426,8352,212702,710162
4056,4963,152428,39778,6130,160977,404924
4666,4963,207934,27241,7722,401655,670959
4074,4685,217476,61204,5945,173446,485182
4204,5185,316037,25371,10241,177551,556478
3926,4908,157709,62926,6111,198307,463553
5222,5611,175104,23389,7111,153265,387923
3759,4704,189757,31111,12537,180185,441386
3518,4537,348597,24241,7463,189604,613533
4963,5593,952214,36259,6278,196779,1220289
3889,4833,149756,28222,7444,379816,629774
4963,5074,169797,32574,9630,173274,411756
4277,4889,244544,61167,6370,375230,746458
4556,5074,387124,29277,8130,146725,598626
3759,4704,149017,38445,6537,263609,483979
4037,4926,208838,37203,8371,285196,598607
5074,5259,210899,25778,7370,269135,541034
3611,4593,385923,39444,4889,170592,627181
4148,4981,156540,28759,7500,199514,437886
12778,4259,156360,25759,7204,158268,383368
3723,4777,178551,25185,7204,172632,408868
4222,4704,244778,34166,9445,209441,539997
5167,5259,1266674,25260,7185,255094,1584398
3667,4648,145733,25185,7963,172654,394905
4796,5185,172313,64000,6278,150240,421442
3981,4649,243836,27889,7815,244327,565034
4870,5222,327769,35092,8704,151247,549496
3963,4685,214755,47445,6111,371908,665811
3797,4759,171353,48592,6019,363440,613682
4352,4908,208432,35019,8629,141066,453165
5297,5407,340901,70445,5185,221391,692256
4129,4889,219295,35519,9185,223036,514386
3611,4723,174208,25703,7426,151568,403794
5241,5185,178047,65611,6926,159655,439831
4982,5648,371886,28407,8408,215425,652682
3964,4944,928781,33649,9814,257786,1292956
5297,5351,153378,42908,6685,221342,455109
3704,4852,168031,26296,6408,189392,419387
9778,8704,241166,49297,6555,223849,558904
3630,4889,403061,26611,7722,343286,810569
7555,7074,154029,61760,6111,201246,455460
5426,5241,205942,48518,5815,241759,567645
5407,5537,204633,64833,5963,206272,511201
3945,4926,305175,26981,7686,265191,654441
4593,4907,174421,61037,6574,232299,537127
5630,5333,172445,31852,9315,143941,386868
3704,4833,183080,34297,9055,170140,421942
4315,4982,354752,56926,7556,295465,739681
4260,5055,863500,29889,7870,281938,1224271
5408,5352,148967,68981,7426,232068,487461
3482,4741,168842,35223,9185,152136,410109
4889,5241,237755,67723,7185,220519,611089
4426,4852,409854,37592,8389,155476,638459
3760,4907,153026,31055,7260,224157,462590
4963,5056,173790,25852,7704,151189,388091
3741,4629,146907,24926,8389,202998,410034
4593,5352,320523,65519,6315,855302,1293955
5074,5223,149880,24889,7148,203654,414905
3704,4889,174960,40648,6315,154945,405072
3704,4648,191188,24926,7741,228050,492238
4908,5055,314083,61389,5963,358468,765903
4389,5222,492496,23963,7778,396128,966050
4537,5037,187908,27611,7815,193627,444701
3630,4741,159709,49278,6222,158585,400869
4056,4648,242271,25703,7371,240874,569552
4111,5000,198776,33852,9222,317980,597608
4852,5185,149114,24519,7648,220791,430590
3982,4852,206620,36352,5944,348673,656682
4648,5019,208922,27778,7426,240834,536516
3796,4778,381206,26314,7667,171310,630811
5000,5203,149877,23945,7092,205306,414368
3777,4871,167956,41037,6556,387336,627551
4334,5166,175907,35648,8518,231702,502831
4500,4926,265097,61704,6074,179548,541497
3759,4759,124529,26000,7852,211358,398738
9167,8129,151590,72648,6593,173556,440460
3704,4388,166058,63278,6315,215569,526330
4352,4907,234656,36796,8556,150119,456479
3389,4686,414402,66648,6297,240056,776329
4093,4888,150093,26407,7593,293145,505423
3612,4740,206135,26667,7593,320232,588053
8314,7315,198196,24352,6945,255301,516515
3463,4500,379813,25537,7334,158628,619441
5834,5963,148225,64222,6575,186346,436720
3740,4778,170472,26222,7741,149193,398849
4963,5222,174422,24648,7111,191039,424683
3463,4741,319094,32277,10537,179422,569367
7741,7055,127914,25704,7759,173955,404257
5482,5555,145345,22389,6963,182209,386646
3426,4648,716593,62240,6260,180457,1010661
4871,5000,240041,24482,7426,206881,505775
3518,4593,324750,61149,6092,191765,628052
8167,7037,150237,24630,7148,212464,445442
43463,4351,161429,40963,5889,309513,581719
3852,5019,206581,25297,7574,225638,517034
8518,6908,334568,53464,7888,268594,695996
5538,5462,802483,24056,6222,245085,1108661
8778,7185,164375,63667,6074,198937,486127
5334,5574,171455,28759,8426,212042,451072
8259,7704,1166666,33352,10426,197881,1462640
4630,5352,929097,25685,7444,239489,1254882
7297,6592,147527,26037,8148,275749,490646
4889,5315,177569,52204,6537,187854,453238
4963,5148,248112,37278,9278,185440,529515
5185,6555,408081,39204,6630,172841,656996
4056,4852,159141,36185,4407,261486,502849
4871,5074,172869,34481,9148,427572,671885
3778,4667,210800,27315,7482,142308,412850
4630,5037,425065,40963,4834,240226,773496
5611,5611,148663,35704,9000,289390,538923
4926,5314,170002,26241,7666,322977,554256
3870,4870,179452,34037,8574,171620,438960
4926,5388,303346,31167,6908,213169,606922
4741,5167,352351,35926,8056,159848,582478
3908,4851,149246,24944,6963,288252,509182
5000,5352,167806,27741,6593,152913,384294
3519,4574,246960,25278,7352,270203,599552
4260,5092,407318,24315,7222,388492,872180
4815,5167,166860,50907,6222,202045,454350
4001,4833,202958,41315,6574,306520,582793
7075,6611,198482,36037,8092,239127,526053
5092,5463,404784,39575,6092,185712,666014
4093,5074,152326,45519,6129,216801,447757
4407,4963,1001537,28167,7592,223160,1303825
4852,5167,183670,25834,7537,267049,536553
4352,4815,350102,40426,6129,278672,735348
4648,5370,129718,35760,9296,163150,365998
3648,4963,145094,39037,4481,166756,383942
4537,4685,167766,25741,6611,179288,408313
8666,7723,229641,29945,7722,250263,551348
3333,4648,503167,41092,6019,279569,872161
4611,5185,230246,49407,5648,206048,521349
7907,7037,206214,59574,6296,352838,657033
3704,4815,207126,52797,6333,151575,444424
4074,5056,312465,49037,5741,166365,561015
4166,4667,153045,26148,7074,175138,387923
4167,4889,167421,25444,7093,150707,379813
7815,7111,165796,26797,8000,223034,454849
3592,4611,364340,63037,6240,182602,643348
7019,6555,131844,26519,7333,175061,390368
6019,5796,147535,38278,5963,175500,398128
4593,5111,165003,27963,6667,261457,524312
4778,5129,240139,51074,6278,162933,489090
3796,4778,347644,26352,7167,257167,666589
8260,7203,149094,23333,7149,251848,486683
5241,5370,185081,24815,7759,400953,647330
8574,6963,196678,50574,4760,174874,497774
6444,5241,367925,38963,8871,288774,735977
8222,7037,149282,38333,6482,164086,391146
4537,5111,169991,26649,7092,149951,382720
8037,7260,169904,65426,6018,336148,615089
4630,5277,310262,27222,7796,148458,524275
9019,7444,627268,63685,6315,211282,965439
4834,5314,143587,29926,7630,172855,383572
8148,6981,172241,63889,6315,382052,689551
5352,5648,237505,37871,8833,202825,515089
4278,5296,345974,26797,6481,197078,605015
4333,5185,148164,27112,7370,217037,427423
4314,5019,174521,65278,6704,183198,457793
3426,4981,179268,26296,7426,169786,412016
8278,7166,340959,26111,8833,177446,586885
3908,5037,151537,24685,7371,176349,388146
8500,7278,161080,33166,8019,158325,396090
4000,4722,171400,24501,7203,244282,497571
4408,5055,1230168,26611,7629,202361,1494103
3852,4944,434523,22667,7445,232250,723218
3797,4870,144824,32426,9500,168230,384183
7592,6926,171071,26740,6075,189279,425794
4148,4685,234854,25741,7851,163200,457182
3741,4870,323174,35519,8130,154730,546367
3778,4944,169865,42222,6500,232318,478868
8167,7296,173870,34426,9833,176591,445794
5778,5833,202246,26352,7852,246621,511719
3852,4815,391400,31518,8982,263318,735144
5111,5370,149497,26519,7852,282852,496367
3704,4833,169707,31666,9037,145273,384165
7815,6704,170156,25667,6778,245785,479275
3277,4556,346217,69334,7278,151001,618292
5000,5241,127981,43093,6778,159572,367701
8500,7185,149599,37092,6797,173455,418683
4926,5222,169252,27945,6722,232634,465905
3759,4833,231573,61889,6315,190647,519386
7852,8000,398819,29074,7537,153400,642792
5223,5481,174231,43648,6260,218136,472257
3944,5241,176422,37629,8315,349483,599404
8222,7148,192520,24908,7777,200237,456793
5981,6056,396803,50704,7167,244414,743125
5222,5574,147438,34000,9630,200393,420553
4352,4889,168925,40629,6389,416479,659015
4037,4870,172301,36370,8537,147197,424108
5296,5315,321917,26223,8166,142265,527737
4685,5204,417516,26259,7815,369220,865810
12963,3945,129502,27259,7260,171680,370850
4352,5037,329490,43278,6463,178766,586071
4074,5037,228050,26630,7130,151466,471201
5834,5018,460334,52019,6444,189384,736978
4037,4945,151913,28815,6703,306010,559942
4926,5277,173141,25926,6852,151524,386868
3927,4796,198738,65112,4981,234703,552682
4556,5574,954005,26777,7112,1136019,2155432
8926,7777,151787,23907,6630,176896,394275
4111,4759,173940,38964,6203,392686,636330
4427,4907,180630,27167,6889,256644,499775
8186,7185,346618,37778,5944,162638,586552
4537,4981,953347,51611,5797,190794,1229770
4556,4982,149109,26167,6759,175407,386961
6926,6519,166560,62796,6111,404288,704607
5519,5759,233251,25944,8037,207414,528683
7611,8426,361553,25629,6297,220610,648644
4370,4852,149873,23740,6648,221052,430590
7741,6685,173767,33222,10852,476804,744718
5222,5389,203494,23889,7704,155707,420886
7760,6703,288463,62037,6260,375977,798755
4926,5222,147561,64592,5074,219382,518626
5001,5499,164418,23482,7037,184450,409035
7685,6945,170201,35074,8407,245019,505423
5259,5296,328467,60907,6463,170105,597756
7111,7111,347805,24167,7371,215987,624756
4315,5333,152162,65037,6463,172151,424090
4426,5074,167075,24463,8407,160183,389924
8352,6777,221173,61852,6778,223824,548515
3871,4685,335549,23666,5889,156985,548330
4370,5130,145072,42834,5129,178555,399405
3408,4574,170707,28537,8297,182086,415516
4148,4778,202898,60630,6407,217525,517053
8593,6907,398460,50555,6426,212926,702552
3611,4815,144224,33333,9315,177996,392923
7556,7037,544656,28500,7648,428301,1057957
5444,5871,172253,34389,9074,151708,395035
4000,4963,298685,25296,5982,245941,605256
7981,6852,125486,26075,7592,175012,385961
5148,5445,144510,23222,7296,263302,468312
3519,4926,171664,63055,6630,151908,439313
4796,5204,233910,28889,7444,1962744,2264727
8667,7278,388730,23778,7778,153525,613978
5260,5185,182550,27352,7241,209484,456905
8408,7037,297019,32889,9778,226403,611701
5519,5500,202543,65944,6278,167140,471461
4852,4981,384827,66296,5852,334039,818514
8685,7371,147349,34260,9704,173851,398701
4129,5019,165522,23926,7389,343178,599052
4963,5314,174306,34981,8334,150840,397053
7148,6667,260959,26333,7556,267593,614904
5074,5389,1129800,62666,6389,201137,1432603
7740,6982,142044,35352,9296,388379,605996
4296,5037,173846,49889,7889,304633,564423
6982,6574,231777,25500,7111,266942,561534
4908,4907,362764,29167,6371,189084,634089
5130,5241,159065,34111,9537,218173,507349
4963,5204,170978,64722,6889,149649,421090
4112,5055,207873,26111,6519,263957,545775
5018,5185,318008,48945,5982,353413,752681
4074,5019,153235,25000,7000,230633,462794
12889,4204,149130,35944,8408,168220,398276
3723,4722,174894,49519,6574,221770,479942
3611,4741,302641,27593,7685,223541,611200
4278,5148,350813,25778,7074,264739,674329
3556,4777,143670,26037,7426,269161,485608
5000,5222,166453,65834,6333,390321,655255
3723,4759,237459,27092,7204,243909,556553
4408,5000,148797,62796,6019,192645,438220
4370,4834,1207953,27222,7241,183316,1452677
3686,4888,174716,38722,6148,425040,668589
3611,4926,199887,26889,7445,251998,523793
5315,5111,375412,33445,8296,168048,613849
3686,4852,153954,25259,7167,176766,390665
3908,4926,163607,40352,6352,401907,636700
3741,4630,186187,47852,6185,208718,487516
5426,5444,374471,31592,7575,264969,709033
3537,4648,120235,38519,6537,165689,373757
39334,4259,182278,29203,7889,206146,487331
4297,5240,173506,25889,6500,228103,475368
4667,5129,225955,24723,6888,262413,571756
4166,4741,372535,23667,6444,159906,606867
4629,5056,146132,23037,7352,262921,497719
4426,4925,172194,35519,8148,142174,402979
4630,4777,200347,24315,7148,257095,539256
4148,4852,375168,26685,7574,176088,646144
4704,5037,149135,22963,7667,180751,388016
3648,4667,164548,22296,7037,203746,424905
4334,5055,173777,26722,7518,249684,499646
5222,5333,340356,42297,5241,331639,746718
3926,4926,351546,38038,8722,156579,599330
4852,5296,141811,38408,4777,282131,495942
4333,5093,168002,49685,5944,192052,463720
4815,5074,230785,35426,8444,168083,468942
3630,4778,395994,29408,8537,152280,621978
7537,7149,148999,63556,6055,180721,433553
9112,7444,175338,25278,7519,170048,413868
4612,5000,198695,64315,5982,297449,628941
5167,5537,372072,35870,8408,162461,617089
8093,7629,149151,25371,7425,177014,411479
5000,5166,163657,44037,6370,305711,547941
7074,6963,173421,32759,8296,248021,516997
5463,5407,144815,36334,8611,181849,402312
4093,5055,1007823,62185,6296,429354,1534343
3926,4982,149363,26537,9000,256356,481127
5464,5462,169573,50629,6760,199888,457257
4556,5000,224189,63204,6741,211400,534479
4538,4592,378084,27074,8074,220709,680089
5130,5500,154959,40852,6352,262705,507109
4612,5055,170668,25463,7537,196182,428442
3703,4982,199099,27445,8222,240046,526904
4111,4926,402124,40352,6203,177188,653792
3648,4704,226666,28833,6981,259072,561182
5167,5277,160894,38722,4815,176974,410275
3963,4870,170436,48463,6278,221746,487386
4796,4926,285478,52149,8426,216221,612977
4222,5000,117928,41315,6537,161144,372035
4944,5037,143064,25629,7222,176676,381238
3704,4741,167087,28574,8445,148318,396998
4648,5185,227315,50148,6185,202720,563719
4167,4852,318376,35963,8648,168399,578090
4777,5075,150344,39611,5926,207987,432423
3685,4629,174072,40204,6315,147407,395053
4241,4852,198133,29630,7407,247309,523053
4944,5093,371657,65778,6426,381727,851513
4092,4871,154847,24815,7389,175465,406997
4649,5185,161205,26203,7686,165033,387943
3630,4982,167376,64575,5407,212139,476127
4203,5037,287809,50018,8241,330706,735421
4963,5111,348314,25352,7426,242497,676663
4185,4889,154078,46037,6445,207049,441127
3796,4704,174361,35593,6148,411542,652125
4074,4611,227460,24870,7315,263426,586126
5371,5463,448947,32889,9240,222975,765644
4426,4963,144118,25222,7112,195286,399905
3760,5018,171031,41649,6685,356706,634793
4852,5222,602111,25852,6297,243512,907772
3796,4760,327061,31611,6241,239657,644256
4649,5000,147510,23852,7611,177839,385202
3482,4685,162849,26889,6982,160815,383924
4667,5055,170040,25186,7092,254402,497775
4982,4907,338398,26814,7019,175118,575534
4019,4777,431607,66278,6722,273833,807310
3593,4778,187408,24352,7537,262830,522127
5315,5426,177006,70519,4907,197991,502516
4333,5149,227419,24574,7703,207838,493182
3703,4834,502203,25277,6963,294830,904513
3944,4852,148967,44019,4888,291883,516830
3834,5055,179380,35074,7963,297988,580423
5223,5666,192922,24075,7611,227223,479961
3556,4833,312021,61055,6315,190884,599145
9833,8222,1200102,34723,9129,234630,1549083
5463,5315,160698,38315,5852,149541,385405
7408,6537,173277,25667,13630,231572,497553
5352,5314,320339,38111,6056,345472,738662
7889,7240,342733,46741,6037,214727,657200
5001,5222,143608,32241,9481,239204,481887
4537,5111,177743,27704,5944,196180,455349
4852,5074,223563,27075,7222,163174,447127
3759,5111,331329,35315,9741,145557,579663
4926,5537,154038,40111,4870,260312,510275
4722,5130,168950,24500,7278,205381,454127
4944,5112,201529,50241,6222,228560,538441
4075,4907,393850,27426,9260,217664,695052
4741,5185,150096,39019,6130,163846,387850
4611,5000,161120,38408,6092,153119,387201
5167,5370,171959,26019,7314,270576,539441
5018,5167,360539,32537,9167,192846,623663
4463,4982,111062,29222,6871,176991,368683
5296,5370,148920,37741,6055,274689,498552
3759,4797,431203,28130,7203,306422,799884
4297,5037,232893,27037,7889,215159,512127
8834,7259,331677,62630,6185,198282,646108
5056,5241,176775,34463,9629,244852,496331
8463,6963,169187,27074,7408,436160,670940
3833,4759,193508,37444,8667,199305,466182
8018,6889,310143,28722,6945,187502,566756
3778,4963,175426,34019,9074,326997,590571
5259,5556,157950,25148,7315,167307,388442
8408,6870,167141,25555,7408,243431,502220
4778,5037,894314,22833,7315,312716,1267363
7704,7018,338448,35593,8407,152401,587163
5186,5555,147935,40981,5223,242785,465924
4092,5037,171626,36592,8334,231205,476923
7519,6741,217519,26797,8148,169348,452498
3778,4907,413581,49223,6370,246063,776107
5148,5426,149734,28167,7796,218505,433942
6056,5833,172703,27314,7889,148722,403127
4722,5185,189023,26371,7555,162086,412146
3797,4648,323751,34370,6407,216376,608886
9963,7852,834795,39981,6111,179033,1114420
4778,5185,159058,29111,7315,162774,387887
7648,6629,166563,62426,6075,187823,455275
4574,5241,295124,34130,7593,215242,599830
4926,5260,336500,67111,6407,148460,586941
3796,4834,143782,62427,6037,148381,389516
7704,6777,169974,36093,4981,204487,448238
4074,5204,224627,25704,7389,219666,518830
5908,5314,330300,33537,10037,147512,548478
3945,4648,156860,37297,6963,252989,482516
7630,6796,171940,27666,7834,147817,387646
5111,5241,191778,65501,6426,166848,459868
8037,7593,283025,37092,8482,149639,510238
4908,4926,138270,25149,6889,229652,459275
5796,5445,159295,25481,7704,870995,1094253
3926,4889,168856,24833,6704,268290,493961
4371,5185,251528,23722,7074,201395,532312
5204,6407,337812,36018,8815,151037,562349
3574,4944,147224,42630,6185,265070,510904
4482,5055,175045,33203,10315,215601,462738
3815,4759,219938,63426,6760,207651,536404
5204,5852,911649,29074,7759,462158,1443140
4204,4963,328098,33611,8722,167010,582867
4760,5111,171418,24907,8389,150228,382683
3500,4685,198072,24351,7463,247371,501516
3592,4815,381355,52352,6444,176808,643422
4056,4981,146841,40982,6611,159990,398849
4926,5093,156939,65223,6314,319224,574145
3593,4870,175852,25352,13111,239183,515979
4723,5148,337691,26852,7556,408452,806440
4019,4981,346549,24166,7075,192096,618330
4648,5148,151980,39463,6241,172129,399571
4537,5075,175670,24055,7315,153828,405091
4926,5129,226139,49611,6204,156692,466682
4092,4908,410626,24444,7000,371814,838384
3592,4723,146149,61389,6259,190478,450849
5204,5333,170136,23834,7426,181898,412035
3963,4834,197864,27555,8334,195966,455442
3629,4667,381889,38555,6056,261533,727384
4963,5203,142135,27351,7408,177345,382423
3981,4889,159510,38204,5870,150710,399442
4908,5018,166571,27241,6945,251056,503016
4241,4926,261299,25666,6834,265568,600645
5148,5130,1148324,37649,8981,158908,1382733
4204,4815,150921,25888,6834,228743,440220
3759,5093,167926,38352,7444,159294,417442
4685,5019,222209,67667,6463,155436,481127
3685,4575,405418,39889,5834,145318,622311
4037,5111,182035,27778,7000,261944,519127
5000,5223,170873,37519,6537,168235,412239
3926,4926,189638,48686,5963,164859,436775
3537,4759,368959,28186,7388,176038,624478
5019,5222,152279,39704,6389,163904,391387
3685,4889,166711,36759,5944,346676,580386
4389,5333,173290,26963,22278,210671,473145
4907,5204,275370,49037,6037,849716,1209234
3574,4500,634635,27315,7704,182545,878773
3426,4649,146306,38703,4685,176155,409646
4537,4981,168090,34648,10796,213501,455349
3611,4760,219817,25389,7370,154569,431331
4018,5556,379211,32926,10537,187748,657311
5037,5204,157198,36352,6222,308632,589904
4093,4870,172556,28629,7500,176535,413646
9315,8111,190080,62704,6037,355824,648904
4278,4685,315455,36371,6222,365873,783421
5259,5500,136275,27074,7982,175519,375923
4722,5111,159392,57093,6129,338457,586885
4537,5130,169305,25241,7037,267470,510960
5222,5296,250607,25630,7370,1166237,1482195
4111,4963,354408,24463,7556,319439,745680
4704,5241,160080,21871,6277,226862,444572
4037,4741,165196,35334,7907,182153,419146
7630,7167,219146,25389,7204,251980,559793
3982,4740,343857,35148,7593,181862,613626
5574,5463,155269,49130,6222,284413,526071
4445,5111,168292,35130,8167,323556,560386
4185,4926,186131,66297,6704,159088,465423
4851,5167,400786,26277,7056,274488,759662
4166,4945,146623,67482,6111,225003,472478
4538,5148,163518,34444,7778,175257,425257
4907,5111,165153,48315,6574,157641,406608
3426,4574,276677,32667,9519,170005,512978
4241,4926,818739,27204,7408,1379543,2298765
4852,5129,144633,32129,9148,195903,410312
4019,4851,345805,25963,7889,320858,729477
3685,4667,224643,22945,6981,250095,545256
4796,5074,386742,39389,6463,277236,735718
3833,4667,149506,23537,7944,211992,436368
4389,5111,170085,39186,6018,316745,556978
4463,5092,197165,35315,8704,188110,476701
4648,5018,1152525,49037,6204,201171,1437714
4019,5000,147713,32092,9186,169803,405202
4649,5129,156200,24389,7463,427926,642163
3445,4889,181557,32593,9555,208829,456757
4797,5111,366007,48389,6556,150952,600571
3630,4722,540180,38000,6129,304315,950957
5074,5519,149555,27000,8203,191406,405276
4093,5148,172338,29037,6111,234197,482590
4704,4889,219807,25963,6814,169710,448165
4074,5018,332924,66277,6445,176629,629718
4741,5130,177058,28370,7000,197569,471424
4148,4963,170064,37203,6630,142157,401942
5482,5203,187236,27148,7260,178558,427442
4408,4889,368019,38648,6407,407087,879014
4815,5186,146394,27130,7518,173900,383424
4055,5019,155474,26000,8666,164358,382553
3704,4704,168849,63852,6945,150907,416664
3982,4796,275152,62407,5834,367492,769292
4963,5222,471972,27037,7241,313893,849495
3704,4759,147255,24852,8389,238446,446516
3926,4723,170760,66871,6574,165200,456090
5074,5296,220396,27426,7444,247398,530811
3445,5000,393419,35260,9259,154614,624163
4241,5019,150110,44222,4759,255684,494627
5166,5445,170523,35185,9352,318029,559422
4092,4908,190510,23481,7611,125025,404701
4797,5074,393830,42408,6222,257869,776718
3723,4815,144687,33778,8815,166069,397794
4778,5018,288323,24278,7555,278470,647922
4074,4944,170384,27537,7796,267373,504349
4000,4963,284685,23889,6352,237200,601700
4092,4871,399820,63630,6259,151657,652996
3944,4797,154103,24796,6945,231542,452942
4204,4815,174886,53519,6129,347518,607737
3963,5167,221596,24703,7686,259382,541145
3352,4518,347639,37185,8204,387190,805699
4129,4630,165366,31592,8686,225927,463367
4056,4611,183482,24852,7537,255904,501923
3352,4592,201451,25611,7037,228010,538793
3981,4852,285105,23518,7074,175596,516311
3611,4796,442722,38574,9778,318847,843032
4649,5185,153430,42518,6574,152661,386683
2963,4556,173139,26241,6167,179303,413831
4185,5019,245570,60648,6371,154704,498238
3334,4333,1156115,30574,8315,149803,1376937
4166,4723,206896,61259,6241,173379,478886
4037,5037,170290,27426,7223,176651,412664
3259,4426,222926,61315,6314,197664,537849
4445,4592,444413,49297,6222,244101,770440
3815,4703,149251,60908,6037,261376,533311
7722,7056,178775,25555,7945,148389,397849
4203,4704,187762,25389,7741,218050,465052
3055,4389,364824,25907,7370,175488,601366
3778,4722,925163,42297,6648,189681,1191882
3130,4333,157260,29592,7537,161627,382775
8092,7074,169247,23593,7055,128122,359572
3111,4408,341215,22760,6796,164374,562293
8315,7518,119462,26333,6833,176389,382868
7722,6982,156615,22741,7333,195901,416387
3630,4481,168065,28093,6185,265155,531664
5092,5722,216867,23963,7278,156964,434960
7981,6871,406057,33315,9445,272641,766403
5038,5259,703063,26260,7555,307949,1075753
3185,4352,173031,23870,7186,150596,381109
6500,6055,192166,64926,6445,249294,555737
5223,5389,308857,48537,5907,326528,716404
3204,4426,392881,26352,7055,315078,792884
4908,5129,155146,25333,7407,194668,410424
4259,4759,170114,24537,6982,262957,514293
4556,4963,315378,26519,6944,155471,551719
5778,6000,761645,31315,5796,194276,1023495
4315,4852,271333,24723,6796,249126,604015
8704,7296,207599,34203,7815,367398,683218
4796,5204,213696,24149,7185,167468,438831
4167,4889,321850,35649,10000,153998,551071
8630,7833,149411,23852,7352,185698,400887
3463,5000,171731,42556,6963,410284,690737
5555,5556,578941,27333,7611,308554,951790
3371,4648,284742,62223,6703,152107,533479
8667,7315,135821,26315,7833,177344,381239
3556,4889,160456,60963,6426,309744,596738
5371,5426,171591,22556,6889,128351,356461
3482,4648,249838,50537,6666,200067,534978
10148,6741,410121,28760,7481,146801,663144
5148,5204,150219,28945,7426,304130,518479
3944,4926,171947,62852,6629,197996,490645
5092,5167,215045,35463,8037,206119,490978
3797,4555,391032,26019,7056,177149,628238
3555,4778,149741,64500,6741,210330,550959
8630,7222,172783,27463,7556,195658,437442
4556,4963,185881,26426,7259,161098,405831
3740,4834,349535,35074,8741,408923,826291
3889,4760,145040,26018,7463,177643,382887
3204,4481,153027,39834,7092,157527,385590
8278,6926,171162,25593,6037,302705,537868
3778,4871,225501,61759,18852,351310,702793
8314,8426,116192,35833,9482,164825,380312
5760,5852,147715,22593,6963,224041,432016
3649,4611,172795,35222,8204,143647,387517
8278,6666,211634,27889,8630,214604,495386
2982,4351,419955,24222,7297,203689,697922
5203,5556,144274,25259,7075,321556,586478
8241,6907,166724,32889,10223,157995,400720
4704,5204,187859,51370,6815,201861,496423
5167,5259,379087,38963,5149,180761,635811
8092,7019,591982,33315,9111,213865,881235
7352,7037,146616,38519,7037,414232,671015
5000,5315,174936,48778,6537,219746,480497
7982,6907,241498,28722,7759,271611,580849
4204,4630,366151,38111,6760,287233,741385
5148,5296,174453,51870,6334,213859,476015
3111,4593,204476,35964,6814,412797,683829
6981,6815,212779,26351,7334,272163,564015
6111,5481,410322,33426,9666,181879,666570
2852,4444,155178,25741,6593,218782,451257
47093,4111,141999,58389,6463,145073,421905
3130,4426,193578,65000,7815,164586,489275
4907,5241,368713,22797,8092,162858,607978
5260,5240,162570,49352,6630,230723,478164
3482,4796,162020,24945,7185,162015,382739
4315,5111,170081,25871,7389,287805,516849
3092,4611,284550,47908,6648,396446,793273
5074,5278,344889,50685,6519,217366,649052
3001,4555,150708,26945,8833,267808,505516
4482,5148,201899,63241,6352,189302,504386
4982,5740,212294,25278,7426,189389,461905
3593,4759,389522,37259,5667,169160,630145
2889,4852,170471,26555,6963,321656,562330
5555,5611,176477,40722,6574,153392,408127
3093,4556,368000,48056,5796,342662,791459
4723,5333,358451,70278,6129,424211,905866
5056,5315,142955,41111,6371,149505,368961
4297,4944,151591,39537,6426,160462,385609
3185,4407,173708,26148,6629,178161,445367
4945,5277,241547,26574,8092,214748,517997
3037,4426,881794,39870,6259,165941,1136716
4944,5426,362909,47093,6185,351383,798013
3130,4519,177858,28871,8037,256472,521368
4815,5334,209604,26519,6685,209133,500294
5111,5204,994908,33611,9297,175195,1241437
3926,4722,141838,25222,7241,177919,379146
4463,5407,171899,25019,7407,152692,402664
5704,5389,186423,24222,7222,201001,446794
3500,4723,409206,33148,9389,256160,787811
4444,5167,143470,23167,7630,177823,397905
4927,5314,153087,40501,5203,373650,598590
4001,4907,175259,49260,6203,216572,475220
3223,4537,246450,36870,8704,145492,496016
5278,5463,344363,63037,6093,400539,840995
3408,4611,154868,34000,9074,190593,415646
7315,6463,169318,27722,7704,176624,431090
5297,5463,214379,63445,6148,233358,546275
3315,4445,387718,25593,8277,150742,615497
6519,6611,151371,63463,6074,238052,507719
9167,7777,177081,25722,7333,186473,449645
5111,5481,182197,50593,6259,207893,478571
8575,7296,265517,37834,8778,143405,488627
5519,5611,127393,60574,6500,196160,420387
3426,4833,152565,34593,9093,158506,381201
4611,5112,166700,29907,7685,280575,524682
5870,5519,243539,65815,6352,235846,582367
3630,4555,336471,28018,7741,212656,609422
3111,4463,149939,40389,6000,161114,401312
5389,5648,169167,27963,7648,831216,1067105
3518,4408,215746,27315,7759,160992,436405
4500,5537,385974,41278,4444,180171,640107
3222,4575,157238,34518,8834,249833,490034
47888,4500,141781,61612,6407,149180,429645
2815,4408,193378,63204,6186,186692,525794
4538,5203,358959,26556,7888,345056,764181
3019,4685,147593,33389,9352,165368,399591
5223,5426,145820,26482,7722,174696,384128
2963,4444,170826,67130,6759,236264,531515
4685,5019,248980,36148,9352,855384,1176308
2945,4426,415504,27019,7074,160659,670256
5500,5444,157843,64963,6352,214191,474126
8463,7500,172200,26389,7407,148131,388590
4333,4759,210521,66129,6334,150421,477460
5296,5222,388193,25926,7315,286766,737625
7685,6741,144568,32352,9129,166838,403108
12629,4241,147129,41204,6370,430886,659626
4426,5037,181339,26444,7389,151271,412887
4741,5056,363195,37945,6000,162430,597312
4259,5000,145034,38445,5741,165260,383368
7778,6944,151762,61981,6056,387031,638126
4148,5037,167119,62445,5944,181600,455571
5370,5315,247292,26963,7074,262409,573960
7463,6963,421112,25426,7019,174662,661515
7167,6482,152598,28815,7722,214547,455720
5241,5370,166178,54852,6944,197005,479312
7629,6778,208498,37149,8759,145629,463756
4500,5037,413967,51297,6500,168251,670941
7926,6814,145583,62538,5907,186451,453367
5019,5093,176496,27833,7611,147983,389054
3519,4796,193779,48907,6223,259958,537552
7574,6963,380804,34926,8203,208249,664515
3426,4815,442827,24834,7240,315502,842347
7037,6815,145499,27797,7426,173461,421016
5167,5259,167893,24760,5926,191567,420627
6907,6630,239862,25611,7148,164951,467905
3204,4426,505423,35333,9001,274997,884865
5130,5407,166854,92889,7500,182995,480997
7814,7426,200712,32019,9111,343599,629311
5630,5815,208661,25648,7259,272169,541627
3407,4296,845113,27796,8575,291306,1214289
5685,5575,175524,22963,7148,405268,641885
3092,4519,174270,65500,6723,318133,587904
4871,4963,177349,67612,6537,234128,525979
5278,5389,279170,26593,7592,248308,588960
3445,4778,134008,40019,6222,162378,368906
4222,5074,153403,27519,7648,170224,386294
3130,4593,164630,62352,6130,189867,465275
5407,5259,242859,35870,8574,152232,466701
3445,4759,333513,23944,7241,129725,518701
4278,5111,172277,38963,4926,303609,558997
5074,5278,169171,36648,8352,413492,654163
4222,4963,212695,25482,7481,158729,463312
6093,5055,344905,28018,7500,185352,595756
3186,4814,155947,39537,6500,178125,405850
4241,5130,168081,27500,7093,148324,378535
3111,4593,185531,49982,6704,154818,440220
5055,5204,354611,67426,5982,351162,805680
2982,4388,552044,32037,9148,377284,998976
4296,5111,151011,26833,7760,473707,705662
5241,5482,172757,63037,6500,222166,493942
3629,4556,238984,27445,7870,148013,480349
4630,6074,412064,42019,6741,149820,640144
4815,5370,153347,26056,6870,340872,554830
3740,4741,210186,22426,7056,444680,709310
4630,5166,208284,49908,6444,266157,576126
5074,5426,382845,34926,8741,339187,792736
3148,4611,164980,24667,7759,243462,490108
4630,5259,155745,22463,7240,190735,404220
3204,4629,148306,40519,6870,161729,400609
5296,5315,330571,29555,7945,181555,578404
3426,4555,1305560,62296,6797,182912,1583602
4723,4944,148044,31722,8945,162176,395535
4815,5111,171420,25315,6148,263614,495719
3648,4704,244648,63500,6537,963400,1302419
4463,5444,920248,27426,7778,216338,1219197
5075,5203,144733,65870,6760,199024,446257
3259,4426,171849,37500,8222,183723,445404
4648,6241,209466,61833,6556,180346,487571
3704,4741,300971,26278,7185,153563,513201
3185,4500,148810,39334,6611,192132,430201
5055,5297,172056,27574,7796,184442,421220
3722,4574,179932,26815,7852,162381,401313
5592,5926,292864,32963,10296,150356,547108
4778,5204,358165,62889,6926,150757,607256
3630,4611,150300,27704,7833,419937,664089
4685,5167,169805,31796,9519,163081,400257
3611,4685,242367,61944,6723,189223,578404
4574,5407,330280,25741,7407,263606,656940
9612,7907,152414,31908,9629,191213,420739
3148,4574,210179,23926,7222,340225,614293
7667,6648,202574,61315,6981,240275,543923
3463,4760,387264,23704,7185,301416,775625
4981,5222,148899,31574,8889,290562,509145
8427,7129,170331,36592,5074,145983,391387
4629,5037,180225,31926,7870,239217,489163
7204,6722,384472,24240,7537,290043,738552
3444,4556,1122071,30907,6185,186792,1373214
7315,6796,147426,22926,8130,170682,417497
6018,5723,173709,25870,6371,276380,515682
7241,6667,240104,37185,9444,258412,575682
3537,4666,337221,64185,7000,157036,608885
5186,5259,146170,23981,7760,272401,503905
7852,6815,679195,23981,7130,268984,1046864
4926,5296,208626,63630,6555,245131,553923
3278,4574,326464,27797,7277,176199,581404
4611,5259,188674,34518,8834,188009,448405
3260,4759,172919,59760,6444,162504,429331
8000,6963,183888,25648,7259,244906,519404
5555,5630,313671,26871,7296,836063,1230326
5185,5463,1213364,63019,6555,167554,1479713
4112,4926,147663,26574,7685,422926,629015
3482,4777,168891,34000,9630,214069,450942
5001,5074,234507,27649,7907,198101,514979
4778,5203,400181,42148,7259,322334,810069
4167,4925,153204,26482,6907,216979,431534
3241,4518,164709,30759,6371,204548,450571
4778,5130,210844,25241,7074,191635,461238
3093,4370,321165,23815,6833,263554,659034
4556,5203,147374,24833,6871,177013,384683
3648,4833,172861,40204,6981,350322,594756
5019,5556,179662,36555,8797,167428,419109
3555,4778,351705,40185,7019,347142,782958
5112,5314,434118,36797,8148,439988,950198
3093,4463,154252,24963,7204,376226,597719
4926,5408,172702,32148,9296,149703,390165
3482,4537,237060,27778,7370,169512,465831
5204,6407,506140,36500,6593,194929,792569
5333,5519,163774,27685,6685,250538,478182
3111,4426,178483,38000,6982,326847,584404
4759,5278,209544,25704,7389,264342,532978
3148,4333,383828,61056,6408,347259,822310
3167,4333,153852,22352,7241,277738,509775
4981,5426,173765,39778,6685,414509,660570
3148,4463,186047,23908,7389,269023,536311
4759,4981,276257,35204,8519,149573,495071
3518,4648,913671,38519,6593,167563,1152604
4537,5093,609454,28092,7686,325874,1018143
5315,5463,169532,24982,7315,248169,504275
4389,5019,240075,25703,6982,162311,460942
3130,4648,329562,36852,10481,256324,672311
5111,5370,170604,41167,5445,204615,451442
3093,4593,180165,36074,8019,368646,622886
4186,5222,204467,24815,7240,181975,464424
5037,5186,306546,27297,7629,254191,649145
4167,4888,154626,23685,6963,178965,408516
4722,5241,217928,63667,7259,214180,555682
4389,5426,183248,37241,9000,145490,433627
5018,5130,362994,57389,6278,164150,620385
3667,4888,135870,63315,6370,308739,541534
8278,7722,154246,43703,6093,282603,533330
5093,5167,171751,61852,6463,247968,546164
5463,5611,242756,27389,7408,277795,597404
4648,5000,336077,64778,6592,238512,698366
5370,5593,150786,36000,9944,215897,459590
44741,4130,162754,38871,6629,165484,442350
3278,4555,212741,26112,7740,256090,542349
4852,5167,381988,38148,6389,355119,807903
3130,4518,164678,47186,7129,237190,505164
4852,5630,171998,27000,7444,154741,408350
5296,5519,173874,25000,7352,173290,407257
2945,4518,397417,32056,9370,245487,722255
4704,5074,437385,62927,6296,307924,842792
3056,4667,148649,25241,7296,174497,381480
4852,5130,167692,65259,6185,167861,454127
5074,5297,237790,28426,8315,291502,593034
3093,4463,806167,27481,8260,196900,1080920
4908,5277,144801,23870,7593,229252,434535
4741,5667,176010,66240,6649,164617,442498
2926,4592,213627,36000,8815,146389,427571
4278,4833,148447,26241,8018,192551,420609
5037,5315,145507,49908,6463,1103355,1335196
2926,4426,172958,26426,8203,148189,398924
4593,5278,175240,62186,5870,153664,424887
3111,4500,303413,26982,6592,151288,532571
4685,5519,355974,50500,6167,152633,596959
9370,7426,144239,38463,5796,172519,396312
3538,4796,166207,34167,9277,140032,407998
4741,5500,320898,38555,6019,416542,808810
3018,4482,412329,32482,7815,179463,658385
5297,5703,581169,27019,8351,211642,876199
5185,5537,175155,23500,7241,154213,390016
3129,4649,204734,62092,6334,153337,453127
4834,5203,356907,40722,5723,403718,832903
2814,4334,147134,33333,9185,182846,415238
5203,5093,168880,60722,6945,334542,597404
2852,4463,188015,49204,6278,173890,443683
4612,5111,345428,26315,6667,150698,574830
5185,5815,132026,24130,7296,176731,370979
3333,4556,143235,32278,8055,168319,395479
4741,5241,171499,23167,6093,248164,476886
2797,4481,243413,27092,7649,250473,577923
4370,5408,410807,42074,4871,169429,672459
4703,5408,173442,25111,6630,297388,531422
3037,4463,175910,32574,9963,417957,693848
4685,5296,207027,33815,8185,190804,466090
3277,4630,383903,22278,7111,449666,887883
3185,4333,151834,37926,6389,171497,410831
5408,5463,170247,24463,7389,431601,661200
3129,4408,181159,34334,8185,238875,512145
4870,5370,359518,39667,5981,172590,605403
3408,4629,136652,33611,9241,165939,371665
4167,4963,143583,66667,6593,144785,406479
5260,5444,172830,61592,5834,154538,423590
4204,4981,502984,24334,7389,193974,756070
3426,4666,417027,37796,6111,143100,630200
3907,5149,167253,55704,7352,244355,514201
5130,5500,199869,48204,6241,351404,632033
3240,4667,210172,24648,7648,150270,450201
4851,5186,334103,49074,6278,146097,564070
3112,4648,151164,51333,6241,211093,479220
4704,5277,169114,23852,7148,395605,660978
5019,5166,175064,25574,7556,163767,398850
4444,4908,397384,33870,9686,216037,703218
4870,4981,445798,24667,7240,301180,807939
3111,4500,147302,41685,4778,162418,398572
4889,5166,167104,25371,8092,240690,470719
3166,4482,238757,27667,7741,237110,561219
4592,6204,393060,24407,7370,146974,625570
5055,5315,156917,23370,7241,229655,446664
3444,4667,203885,33518,9019,323686,628737
4685,5204,199853,25130,7259,165534,424072
3167,4629,385971,50241,6722,150600,630607
3296,4686,156642,63777,5149,239892,526793
5167,5204,170091,25575,7203,159536,391961
5426,5241,174689,25352,7019,164956,419108
4945,5259,345807,24222,7093,161597,567516
4149,5055,352238,23482,7018,296888,704774
3111,4389,144151,52611,6407,151218,379924
4482,5000,165656,67037,6556,300859,575553
5204,5278,339736,25592,6963,183983,584497
4667,5166,116463,23722,7463,322220,508941
4537,5111,140858,26166,7112,394657,598793
3371,4722,170159,38760,6074,157320,398776
4648,5685,201647,27148,6944,153167,434738
5186,5407,333541,37648,9759,351196,758774
4259,5149,151397,23148,5797,249396,457368
2907,4519,171533,33370,9185,441908,700774
4834,5222,1008596,22833,7167,285063,1354474
2852,4500,326285,64778,6426,407377,827755
4241,5111,353956,36667,8834,150465,579144
9648,8296,155110,40260,4555,194184,430201
3926,4944,172394,25703,8056,151660,385757
3167,4574,233214,63574,5889,226598,580275
8167,7981,392701,31389,8426,423183,888087
3537,4649,575854,25223,7574,241696,901810
8000,7112,200989,25944,7463,304619,597201
4667,5408,200939,36666,8611,268781,545127
7852,6778,873631,62797,6555,307880,1282548
3370,4445,142116,28111,7093,181937,386479
4444,5167,169400,38352,5389,373485,621052
9129,7223,173757,27166,7037,248037,515849
4463,4833,327448,33611,10093,193456,593311
7130,6629,915251,61926,6889,218261,1247771
5685,5574,151810,26352,7797,334223,564441
4296,5148,174242,32278,6685,219311,460608
3723,4703,231803,24741,7722,165602,474942
4648,6334,402771,25556,9296,174929,641922
3537,4351,148573,25019,7037,301906,535126
4945,5426,175911,26445,7278,150697,389739
3371,4481,205695,23185,7556,280265,568812
4203,5037,317756,65315,7167,157963,575107
3593,4667,152520,26222,7778,174755,404609
5482,5759,164804,27629,8130,154713,385405
3278,4648,174254,47982,5129,176670,429905
4334,5185,349259,36797,8518,145275,584460
4889,5259,836080,62890,7037,242357,1177604
3167,4537,148714,35074,8222,219154,456627
4722,5334,168219,25593,6389,244555,473238
3130,4426,233151,23833,6667,144884,431424
4518,6241,337268,64444,6778,228766,666237
3000,4463,148625,69407,6204,185206,455016
5333,5204,177297,27759,7778,885474,1128975
3186,4370,204765,25556,7167,263509,552682
4574,5167,316234,32722,10018,160263,544367
2982,4463,152035,24685,7574,177593,405813
13537,4556,147485,41093,5574,270067,498497
3018,4445,175731,35463,8259,252544,523126
4796,5278,281515,63778,6463,399832,810588
5204,5408,1128929,25000,7741,318802,1534121
4611,5389,346674,38630,6685,181619,601774
3871,5074,173938,31537,7926,351392,589071
4019,4852,237369,63149,6592,239090,573256
3111,4908,352023,28019,7778,146584,578571
5463,5685,152214,65667,6870,171228,425868
4445,5277,168016,27241,7629,148279,397350
5185,5037,199577,27092,6685,253995,540163
4167,5055,304212,36574,9575,150729,547034
4889,5333,155199,39481,6778,161225,391979
3519,4611,168796,25667,7426,451774,678052
3982,4926,177450,34945,8629,161529,407572
3389,4315,350122,39538,4981,165744,605422
4982,5259,1202778,26519,7296,224195,1489159
3630,4704,150874,64666,6556,325215,573960
4296,5093,172972,28185,20074,190914,458479
5186,5463,233144,23759,7815,263649,555645
3426,4778,405520,28463,7333,172717,640737
3111,4537,152414,21463,5963,230491,453386
47962,4408,152383,37037,8463,155430,423923
3130,4462,202444,67648,6834,165757,468645
4908,5518,299338,26297,7722,157122,516294
2778,4426,151325,33055,9519,166877,386479
3982,4963,166645,23611,7259,412185,655626
5427,5277,172540,63129,6834,147384,419405
3074,4445,344545,24148,7259,383580,817310
4760,5148,347810,34888,8463,235705,653441
3019,4352,147370,68371,6759,196849,444461
4723,5148,167616,64538,6907,178214,463998
4908,5370,237437,49019,6537,155301,476590
3481,4685,400665,60778,6722,302016,806865
4907,5259,152503,34389,9297,206753,431923
2944,4593,177231,27092,7278,148212,385701
5055,5537,197848,64907,6612,205446,505497
8833,7278,363964,25185,8204,833380,1266029
2981,4630,703693,49963,6574,200302,987846
8240,7389,161382,36686,8426,178726,436571
5481,5389,169536,47093,6777,194240,449793
8241,7130,249578,34445,7963,198937,545275
4796,5185,353714,25185,7149,263560,706625
7926,6722,147552,35630,8241,202705,427942
7981,6834,173557,25741,6148,151644,391312
8259,6630,225119,50166,6741,201341,523941
3519,4778,321791,36463,8444,177595,571201
8037,6685,150370,29760,8722,184016,405998
3075,4481,169190,40130,6537,369325,609645
7352,6482,198269,35778,8297,240949,541386
5649,5648,381201,79075,6463,213460,728941
7167,6870,144781,26259,7426,175569,404664
15685,5315,144472,42852,5426,384914,617515
7315,6796,168570,35759,8833,260947,534349
4834,4926,270667,50186,6759,250255,611367
7611,7185,116284,39444,6445,162214,356942
3408,4963,150178,48371,6814,152357,385072
4463,5019,170665,62093,8259,346683,614460
3518,4760,237837,48556,6537,154697,475349
8870,6667,364102,27574,8112,155783,589311
2833,4426,171515,39500,6833,283557,552552
5056,5519,168742,25796,7612,150533,382776
7278,6648,201137,63982,6889,307396,628163
5871,5667,337846,25889,7185,150651,552460
3593,4889,154888,42000,6815,159702,407498
4870,5408,165134,24870,6908,183678,409942
3296,4649,254547,38778,6148,179450,505442
5241,5463,299609,34259,6982,483849,853570
3426,4648,350651,25408,6851,180976,588108
4241,5148,143156,52926,9556,253878,503108
5518,5315,164162,23833,6074,193743,416867
4408,4759,225167,26001,6907,181015,465072
3445,4740,886452,23908,7370,299282,1266085
4407,5056,150567,19537,7648,184616,389609
3037,4593,170905,48778,6519,332905,622385
5352,5445,195448,35407,8186,152179,418739
4260,4963,377546,40556,6185,314097,798125
4741,5074,145237,34815,9370,164576,383924
3222,4574,166317,25388,7797,448865,672422
4074,5111,179155,34667,8833,252194,536849
5259,5574,337828,41333,6296,443298,856513
4518,5093,346666,36260,8833,204423,622163
3371,4777,143357,27981,8982,315307,541349
5278,5445,173010,49963,6166,220099,501146
4926,5167,228756,48426,5760,174092,485442
3204,4444,354818,35445,6685,342344,774922
5037,5463,155841,25315,6241,206323,423220
3556,4463,174050,36481,8704,339539,594219
5074,5074,199963,49982,5074,175182,458794
3167,4592,296413,29315,16056,273935,660959
4667,5222,147233,32556,9315,168320,385146
3426,4666,164257,26260,8055,409351,632163
4741,5462,171096,62538,6426,239549,508293
3371,4666,282213,23833,7371,267561,621589
5111,5389,115236,32833,9334,220002,406590
3130,4445,143260,33167,9000,177274,388646
4315,5037,174099,25000,6407,199232,449090
5149,5277,224883,26296,7648,123745,408998
3297,4666,319703,65352,6445,370329,819199
4612,5000,160819,26537,8241,270678,494423
3500,4500,318103,23852,7074,402578,778459
4129,5204,203719,34648,8963,169538,442497
3204,4518,347503,22852,6963,191327,616645
5240,5667,155193,38518,6149,164434,394183
3148,4500,166143,37722,4704,360187,604237
4649,5240,170963,37408,8907,145942,388702
3260,4703,253876,28130,7815,196806,531331
4666,5093,344993,61315,6166,169911,610774
3592,4815,151053,28482,7000,199500,431053
4889,5148,181577,27741,7537,264679,511719
3112,4518,229231,62630,6185,159914,483738
5370,5426,377533,27648,7760,369888,809236
2982,4574,175001,27074,7685,299626,548145
45389,4296,150859,33741,8537,174769,437220
2852,4333,196808,25463,6815,218967,493867
4796,5000,369222,34741,9574,162664,604497
3149,4481,153541,26500,7222,175772,388794
5018,5519,162213,41130,4981,375210,644978
5000,5278,175496,24019,8000,209057,442923
3333,4463,344354,38760,4759,412012,823495
4315,5129,346249,24963,7463,153970,558441
2945,4741,154605,52389,6518,156226,395887
4334,5074,173184,61371,6444,218183,498386
5500,5370,234135,28797,22463,243417,558293
2981,4519,409529,40149,6333,168170,667292
4630,5259,154738,27963,7482,170408,389461
3056,4611,168336,25722,6760,152328,378590
4426,5185,202638,25056,7296,289192,549867
2945,4370,333533,63926,7000,400203,863458
4963,5407,146334,34445,8759,164997,383516
2760,4462,163969,24223,7315,162158,382739
4371,5314,167882,23630,6981,296227,535071
5092,5352,341555,27111,7611,161683,567885
3019,4370,344949,22815,7555,211807,633515
5278,5241,146009,41204,5222,808763,1032790
2908,4500,183015,49759,6333,208909,497331
5037,5389,231705,37056,8463,146551,483534
4815,5259,374989,26759,8500,149212,588015
3685,4981,156254,40481,5982,257873,510700
4130,5148,168536,26426,7852,149425,398868
5074,5407,196116,62926,5871,177400,471627
2870,4574,374122,58093,6463,266614,742606
4759,5297,149126,33963,9149,166945,388109
2889,4463,186410,25556,7204,184069,428720
4797,5315,170822,50741,6463,222915,478720
3445,4389,346236,38352,6851,162576,597960
5186,5759,118500,26741,7241,173775,356258
3315,4500,145895,61463,6500,281936,574923
5352,5796,177660,25703,7000,230524,471942
10093,8333,222295,28463,7944,271980,565664
3555,4908,400726,27556,7574,175455,639107
8037,6926,159194,42722,5426,242414,517386
13741,4667,154644,25481,6815,150373,375905
8833,7148,190020,65334,6740,214681,511885
3148,4870,370082,28907,7778,154526,605033
5018,5797,153234,40926,6630,159893,389868
3352,4537,168369,25945,7667,149443,379220
7555,7000,169338,61945,6481,141808,429979
4871,5277,325807,26963,7278,203153,593256
7593,7037,385812,24686,7222,496571,948421
3297,4555,151817,37889,6797,163254,386424
5630,5796,171675,34426,7518,257416,502386
3371,4629,227032,35833,8334,197132,492108
3463,4537,400074,40056,6685,357939,828088
3463,4833,151487,34056,8926,308084,558126
8241,6926,164289,27574,8092,194635,428183
3333,4630,208387,24518,7593,278517,574478
9000,6944,149355,25463,7352,175476,392071
3037,4352,154842,65740,6019,246044,500904
4389,5278,166718,39166,5241,149021,388035
3074,4445,175482,25833,7315,278922,511756
3556,4704,352080,41241,6445,160971,604274
5852,5741,131382,38759,6426,162912,369387
3630,4463,144461,63112,5963,156387,413461
4852,5297,227634,63703,6667,161845,488072
3334,4574,236602,26482,16574,205839,511979
3778,4926,362923,60037,6852,354906,816662
7593,6852,255650,26296,7908,294309,625997
3333,4667,204100,39426,6815,277415,554108
4575,4889,197550,36796,8852,175114,444665
3389,4296,329130,26963,7333,401458,790625
3056,4407,152339,24278,7500,178474,392479
4185,4889,160974,42518,6815,152228,395646
7556,6629,168368,25908,7704,286647,547553
4611,5223,300169,62056,6574,347826,742718
3315,4759,357787,26833,12000,180043,602756
4945,4907,140736,56982,7130,281890,517572
8778,6926,167482,25352,7260,162923,415017
7204,6889,219432,61334,7055,179491,499942
4481,5482,321679,27222,15055,249485,642848
8352,6963,147443,62852,6629,173333,444905
4889,5370,170837,26704,8204,158364,394664
7685,6685,199769,48037,6778,167377,454257
4538,4981,320515,28222,7704,150149,533997
3723,4592,151909,38204,6630,164774,404554
13241,4370,148822,68130,5704,382359,642052
8093,6814,170883,35278,8871,173059,438553
5055,5463,318963,39130,6759,352144,745403
4815,5166,346709,30501,8500,236305,652052
7574,7056,150473,66704,5000,266468,547256
4241,5037,167756,32760,11870,160741,402127
7797,6425,214411,49407,6611,246494,549923
4926,5444,396342,29741,8037,159840,628478
4389,5260,144309,62963,7186,256928,498627
3834,4518,169741,28315,8297,149627,382054
4074,4852,1126674,25260,7685,198243,1421843
5852,5537,144993,39797,6685,169468,393831
9334,7259,140183,37852,6667,166240,386183
3481,4482,358800,26556,8315,231399,685774
4944,5297,185712,29538,7388,287544,591922
4797,5129,323423,26981,7722,279889,663663
3407,4759,1244727,66352,7370,205820,1584602
4907,5389,148951,51556,6407,151732,387609
4389,5074,172882,24964,5981,192448,425738
8575,6833,213240,37593,8518,190146,499442
5000,5241,394839,39518,6982,419323,888328
4167,4981,153992,34592,9204,172654,415386
44703,4148,149627,40000,6556,364296,628829
7852,6944,185836,36593,8185,207625,469701
4092,4760,366915,27130,7259,157804,585996
4463,5056,148717,29037,9907,171466,387757
8074,6963,160722,37926,6648,166387,405275
3592,4649,173894,26056,7185,260232,516960
4760,5204,342752,25259,6833,176282,579127
3575,4629,135424,39667,6778,163055,370850
4593,5148,149651,85130,5778,166549,436609
8667,6778,166342,25463,6185,281655,548997
5555,5519,223181,23389,7426,126946,409164
7722,6611,320020,64334,6833,167532,591404
3148,4797,149840,23907,7167,292213,512034
5130,5259,179735,39703,6575,333540,586775
6186,5981,195981,36815,9018,213276,505534
4815,5389,359264,65019,6722,289935,747570
3944,4815,146547,26037,7574,177858,384442
3723,4851,167275,41352,7055,371926,630089
8333,7185,172706,48852,6352,824103,1086401
4445,5074,319526,27371,7666,154008,538441
7574,6871,140846,24315,7037,200985,424683
5463,5666,145482,25833,7278,294071,504200
7315,6963,172191,29148,6741,153307,392998
4278,4852,232085,24574,7741,271060,565238
9815,6222,336498,25075,6444,163869,583201
5075,5611,165077,50648,6926,206550,515979
4278,5037,195842,28296,7444,274248,534867
7945,6333,196662,50334,6370,244798,556275
4370,4871,298686,36593,9907,826918,1219233
5093,5315,141747,28537,7148,178047,385702
8019,6907,150364,41111,5352,162857,392961
4315,5333,176332,25852,7889,268387,542274
4740,5223,334763,32575,9092,177011,581959
4666,5241,402251,40963,6667,302559,793458
4797,5111,152366,69612,4759,248241,505219
8166,6297,166483,25074,7704,155626,404794
4796,5074,225008,22907,7500,200064,481904
4185,4926,321105,28278,7371,268501,653829
7518,7019,144592,25296,7760,251645,461534
3889,4870,175468,25389,6926,152160,404386
4963,5055,189178,66629,7241,156857,450256
7629,6815,338072,24797,7611,215332,654811
4908,5222,663133,64704,6519,184157,946828
4389,5037,159305,23629,6982,183582,402424
8352,6481,169736,35519,9111,151669,417757
4740,5037,248112,34223,9666,159923,477886
4074,4889,124783,41482,7037,161492,379220
4667,5277,173623,25074,7408,206615,441238
3833,4723,173646,27704,6611,181703,417998
8185,6685,222911,48723,6574,157512,467867
4074,4907,389362,60389,6074,144339,646274
5204,5370,154645,62426,6537,188705,443442
8426,6963,175594,34241,9407,148681,418942
4630,5296,191582,61241,6592,237731,528349
7704,6778,186827,33111,8852,259374,548423
4648,5185,136333,26074,7333,230980,448812
5296,5148,154597,38149,6555,154401,382812
3741,4574,170325,30630,15167,167524,411850
7907,6722,241924,36240,9130,190018,507941
3926,4889,901875,49278,6852,376747,1379511
5593,5444,265749,34464,9518,320044,659941
4185,4741,170402,31074,6556,197132,433738
8074,6519,211963,25704,6704,256219,547756
4760,5203,396192,28666,7334,172508,633108
4000,4926,149604,66797,5351,195950,445794
8166,6649,171368,24871,6907,374535,649051
5000,5334,191485,35333,8648,219587,485275
7760,6296,368935,39260,5129,267542,736292
4278,5074,152033,24000,7723,177742,390183
8167,7370,148798,60574,6630,280644,527608
5333,5556,188544,25240,6778,253657,516497
5277,5297,247123,27204,7241,198114,506811
4611,4982,342740,36407,8982,148849,563274
3759,4723,151356,50259,7093,197178,452701
4927,5333,174288,35926,8185,291876,536738
3371,4444,220886,63148,6741,206389,548497
4704,5278,386373,42445,8444,275160,739422
3370,4537,151582,41574,6574,172805,400294
8574,6907,167310,30426,7778,356039,593515
4352,4945,193500,49389,6629,209312,486516
3240,4723,345191,26685,7945,178842,584848
3833,4722,455049,61463,6574,412927,965549
7592,6759,692685,26037,7018,174163,932346
3000,4611,173985,64555,6556,417770,687996
7981,7056,249546,27111,7815,264117,618237
5538,5555,1636277,51500,6555,209157,1932786
2815,4648,151260,32204,9574,177200,414108
5352,5445,166747,49259,7093,260805,551405
5278,5314,210513,26777,7556,197559,469738
3685,4815,412407,24259,7037,196441,684292
4852,5315,152930,46537,6556,153123,387720
4703,5167,174788,27740,8575,147488,403812
4741,5148,198627,61981,7130,347833,642589
3723,4611,375669,23407,7223,177012,613812
3463,4759,575601,26926,7944,318042,990364
5185,5260,162031,25093,7611,163577,389313
8500,6833,172278,21556,5963,164238,414720
4759,5204,252098,49444,6667,232695,638070
4759,5315,360474,25908,7611,325410,784773
4056,4796,152776,64204,5148,174074,442979
5241,5370,171929,28037,8148,149625,386979
3797,4648,217953,64611,6648,160322,475886
4296,5019,400255,25759,7315,166130,644959
4982,5389,158056,22371,6777,279997,518164
4667,5167,171728,38297,5333,301861,544868
8149,7222,184030,37926,8556,157226,439757
5018,5019,312221,59556,7018,275886,684051
7760,6740,134041,34297,9296,202512,413313
4240,4667,154195,27481,8852,166600,384257
5148,5463,165515,64019,7092,170112,435275
3185,4723,286335,24389,7926,217161,623867
4222,4685,429601,58074,6204,199525,720829
3667,4630,178513,43018,6815,231892,488924
8185,7463,177537,26963,7129,170813,416071
3685,4908,217616,25074,6907,203437,481219
7963,6482,412918,32982,8241,300151,824273
5500,5741,148312,41500,6685,197704,426368
5685,5259,170855,28611,7519,186383,425645
7482,6426,184193,62352,6371,182526,467164
3667,4666,279847,25982,7370,255261,618218
4556,4963,146426,33556,9315,167756,385238
3426,4666,156358,38556,6630,164769,391979
4019,4759,438697,29963,7797,169928,676441
8389,7407,247369,23537,7056,284498,623311
4259,4944,118189,22723,7129,180809,356164
3574,4500,147843,44981,6723,156896,382035
4130,4592,167163,60315,6259,323723,585089
8629,7463,213650,27260,7500,259476,540256
3111,4445,336007,32334,9407,825819,1230030
7407,6760,162253,24444,7241,287096,548571
5611,5556,172110,24611,6926,341905,573108
3148,4500,273079,32760,9389,250658,626237
4741,5315,351140,35222,8315,145597,568923
3408,4593,402868,45944,5315,279313,785385
8500,7185,149503,67907,6463,306976,585256
5166,5778,179008,28056,6555,213434,476256
5074,5315,243088,24963,7352,229724,532830
3537,4815,354112,25111,7241,272921,699607
4630,5167,150172,42259,6074,163881,392276
8074,6777,167141,62445,6778,339818,640422
4704,5129,218813,36130,8630,233573,547626
4629,5148,390579,44740,7223,152474,643792
4907,5315,150879,27093,7426,264896,501219
4389,5092,172237,34296,8223,347908,589922
8019,6629,186409,62222,6556,145644,435016
6889,6649,285488,26148,7148,218324,589738
5037,5148,930143,39111,6667,182331,1187474
4889,5204,155147,29018,8167,168795,390961
7982,6796,167708,50315,6667,341695,596645
3648,4704,247288,27000,7111,205283,534386
4926,5259,333979,35204,8241,243388,647848
5278,5130,173724,40889,6482,237254,488294
7426,6574,200156,28445,7814,382285,683200
5185,5333,214199,34703,8593,181984,469775
8741,6685,300241,62223,6592,400847,801329
4871,5222,149172,26463,8056,182363,395757
7870,6852,869550,27315,7925,298333,1249122
5112,5444,183665,63555,6482,161184,444757
3870,4908,368411,50092,6130,244548,698755
9611,7389,135990,42870,6593,160434,381127
4778,5314,151366,38649,6352,164391,389998
8371,6926,169130,25686,6111,179200,467683
7111,6370,245470,29870,8648,252361,591866
4018,4871,336512,34685,8389,153077,562441
8129,6945,144739,24241,7167,181832,391368
3685,4815,265634,23834,7814,223289,564997
5296,5648,212992,26907,7611,164007,439109
4074,5315,398312,52815,9130,265924,753626
4741,5111,157225,23370,6759,223440,438850
3981,4871,169581,35722,8260,280637,520774
3556,4704,188105,64760,7166,162151,448868
3833,5000,411260,27148,7611,152107,627181
8240,7037,140561,38871,6740,164141,383812
4148,4833,160770,37556,6481,150747,382849
3333,4593,168516,26685,20593,177426,419312
4204,4814,242929,37186,8629,148272,461756
3630,4555,389750,23556,5944,394579,840884
3611,4685,153422,24685,6722,267947,493627
5907,5667,170112,51389,6722,146867,405683
3259,4611,219229,27555,7519,263805,545534
8796,6778,383734,34315,8500,143670,604181
2871,4667,144887,48778,6167,255443,515646
5574,5611,173801,26944,7778,149901,388368
5352,5203,192251,61500,6166,207932,510737
5241,5389,351571,27370,7167,159500,574756
3334,4759,1181134,55537,6722,152840,1444196
13000,4185,143526,27500,9037,155361,370794
4593,5074,165753,49556,6482,155725,422979
4686,4981,244815,36426,8333,177701,493238
4056,4926,148004,25538,7055,224400,452183
4592,5241,148566,22167,5870,192747,397849
3723,4833,204257,50222,6074,354480,641663
8167,7000,207984,36667,8685,233754,545275
4518,5093,382694,60018,6537,416746,912365
5389,5592,150143,33223,9166,247429,500663
4537,5018,174649,60426,6130,321607,587792
3963,4648,176747,33611,10037,188547,434905
4167,4833,330882,25889,7093,224633,622978
3667,4685,132369,26537,7333,178796,428498
8111,7648,397764,24944,7019,206529,676088
4426,5000,176120,23630,5944,201767,438905
3722,4704,242015,26074,7296,165835,466831
7426,6703,412225,23537,7389,175457,676181
8593,7611,168896,65963,5315,230619,512886
4556,4944,176068,27667,7370,148523,391127
3648,4759,218907,51926,4796,227572,554570
10186,7185,328912,54667,7259,159159,591701
4167,4944,151492,71278,5926,214135,473682
3167,4500,165126,35760,8666,371852,605422
3630,4667,189539,26908,6889,247217,518146
8389,7259,321360,34296,9260,205914,611107
3037,4463,141513,33315,9389,169892,431146
8056,7481,142927,25463,7777,174998,390906
4000,4945,169357,31148,7574,186752,446386
8778,7537,236863,35371,7833,198393,514756
5963,5149,340368,50408,6370,245979,731718
6945,6259,154893,28889,7611,231160,454609
4111,4722,169879,49204,5870,155711,407460
4871,5037,210774,30000,7222,166520,445739
7723,7981,329076,48130,6092,370402,825366
7204,6611,155914,27074,7704,234417,459516
7926,6889,164660,27389,7945,149745,382683
4815,5130,182165,26241,6982,261702,506553
7334,6518,306375,35278,7926,334714,716848
4575,5333,1466994,25000,7093,294606,1824323
6945,6796,144626,23945,6796,154872,380591
6241,5814,170743,24889,6426,191440,424868
4371,5018,242156,37574,8723,194063,542960
5092,5315,2007591,64538,6889,203784,2371690
5055,5297,149722,25907,6556,175720,403886
4741,5148,392636,28482,8888,176861,635645
3686,4889,216159,26481,7371,268078,568331
4926,5111,356646,30464,7370,181035,603422
3537,4667,951449,25686,7407,264562,1312956
5186,5426,168342,25814,7426,160878,393202
7852,7019,178773,66019,6333,222520,506868
4574,4889,312872,24352,7555,244625,651459
5112,5277,378174,25796,8482,280341,723274
3685,4741,151234,41815,6370,154098,381868
7518,6815,169351,26963,6407,207166,442886
3703,4630,366005,67092,6315,247399,749403
4908,5278,419769,35519,9129,323763,815829
3537,4649,169792,23556,7370,245038,474257
7703,6797,172928,28814,8815,146829,407960
4981,5241,211063,63982,6537,209749,570182
4907,5334,388976,24815,7444,404797,886106
4685,5260,154666,33093,9204,267645,494571
3611,4611,168116,24704,7593,450417,675792
4556,5129,183585,21982,7277,148247,386590
3222,4482,347775,28593,8019,201387,632033
5111,5315,130669,32834,9222,167643,370757
3889,5130,148897,41463,6463,315544,537071
4389,5111,171810,34352,9241,150224,390923
3278,4537,245668,26870,7315,254607,573497
5797,5407,399525,39482,5963,326340,798533
4000,5000,179864,38981,4537,214634,479108
43629,4241,165462,37333,5537,364554,636330
3556,4777,682413,35111,9093,521561,1277955
8778,7148,315436,61444,6241,376615,791736
4167,4982,145940,26000,7778,297834,517386
5519,5204,175205,31963,7389,443865,685941
3870,4778,185748,24963,7815,253490,513885
4759,5019,376587,31778,9166,258761,752903
4093,4870,141333,28148,7907,174647,397035
4407,5222,290487,64352,6241,291009,680088
3593,4555,336511,35093,9648,180912,590015
8518,7112,233034,63000,6297,207573,555848
4592,5426,848430,26315,7297,275563,1187585
4889,5500,145064,25889,6407,173731,396905
4463,5037,198829,64037,6203,322965,624274
4389,4981,212242,37018,8926,242552,540849
4944,5130,364932,28593,7704,147268,577015
4963,5519,172715,25814,7612,254023,490238
8981,7519,165702,28000,7352,169684,422275
4611,5074,180893,65426,6741,158993,440108
5018,5111,369139,61630,6315,377097,843606
8611,7056,353478,34741,8203,154390,582460
4241,4685,150020,37852,5055,173959,411979
5444,5111,171489,26315,7518,238657,474349
4759,5315,242161,48111,6074,166910,510182
4796,5167,885556,33834,8963,213492,1170234
4352,5185,163968,26315,7519,234603,460127
4148,5074,207140,33259,11259,330672,606977
4037,5037,210627,63444,6371,229777,549700
4871,5092,377096,28203,9037,292623,732755
3778,4907,150804,61241,6130,187267,433016
4278,4796,174587,28075,7481,176355,431220
4759,5241,182630,61945,5796,320311,596923
3649,4796,354302,25852,6685,188713,602367
4260,4944,1181791,50723,5907,194441,1475788
4945,5185,147257,35907,8334,161407,380942
4371,5037,168299,61186,6074,853768,1118864
3574,4852,241416,26704,7537,151785,473534
4685,5166,412978,32593,8389,155870,638774
3333,4704,184519,25038,7296,160626,403645
4260,5129,171322,27148,7704,151398,402202
4870,5037,213976,61296,6352,211707,571849
4167,5074,389333,40370,6000,173053,652756
4797,5092,650784,40592,6167,262322,1009902
4426,4834,386029,26148,7407,202653,650293
3870,4685,186312,62333,6093,207611,514293
4222,4796,378892,35407,5815,190864,636366
3852,4981,1215158,25093,6963,156389,1448325
5018,5352,146902,26982,9203,167745,379386
3889,4852,165018,25556,20018,225942,484478
4259,4889,241431,37056,8963,224751,537626
3556,4685,410252,46500,5204,418613,937865
5075,5444,153313,34018,9000,228833,475683
4426,5037,166948,47389,5926,213512,461627
3703,4797,210990,36518,8463,243341,538996
4926,5204,383811,26685,7611,174316,621201
4204,4926,153038,63074,5796,181626,450183
12555,4260,147691,27611,7482,149158,367868
3723,5222,178623,26074,7278,165171,422516
4666,5037,381000,33129,9037,248756,748662
4611,5055,563135,43593,6629,288083,929439
3575,4648,154454,24537,7296,187303,399998
3982,5000,167922,61352,6222,313760,615293
5074,5278,249632,27982,19518,244106,592756
4185,5241,353211,60871,6204,297173,742810
4334,4981,151939,24204,7685,201781,431165
4834,5037,205333,26278,7259,322830,588127
3852,4648,209746,34759,8426,151733,429201
4204,4759,409548,54556,6148,178096,697977
5037,5463,154034,24612,6796,197093,429127
9278,8074,168336,26056,7629,154588,393738
7426,6500,176138,63056,6481,152304,447553
5093,5185,217125,72056,6352,164409,486201
4685,5037,357372,35259,8648,235847,663811
4278,5000,145617,26130,7166,176085,382183
4444,4871,167752,65574,6259,176708,443590
4518,4982,240387,47852,6112,157406,496812
5241,5370,329042,36500,8611,776118,1176734
4167,4944,378640,26481,7297,286152,739237
4555,5037,166793,61556,5944,156427,418442
4075,4814,213428,30945,8296,234014,530534
4741,5185,347156,35000,8074,188045,606515
4074,4760,157327,41741,6518,267892,513682
4500,5074,173147,28149,8111,188387,425682
3944,4982,176356,49223,14018,225344,493163
4500,5093,311974,36240,8241,147486,548497
8760,7592,124479,26945,7777,176038,387202
5111,5667,147910,26759,8741,173217,386553
4981,5149,172119,25463,7444,251971,488960
7833,6630,233662,35852,10111,204520,515904
4055,4797,330167,63834,6240,427569,855698
8166,7056,165173,51426,6518,224380,492941
5148,5259,165123,32889,10500,141338,382034
8259,6907,217554,25871,11222,190573,478145
4667,6056,408208,63778,6481,246251,778700
3889,4759,148657,71038,6296,212247,465590
4908,5092,168108,24351,7445,153539,400091
5463,5500,176187,62204,6333,216570,538645
4352,4963,344619,23889,7333,165212,568979
3796,4796,134494,23111,7741,178819,371071
4297,4944,144074,28407,7704,171091,380035
4056,5074,173467,23574,6889,212401,462497
5074,5111,249992,25130,24537,172320,501219
3501,4740,355072,50315,6722,227999,688774
4630,5166,148910,24611,7519,194606,404257
4037,4666,170194,33611,10148,195064,455164
4964,5037,389180,61241,6796,209556,696811
3426,4741,311649,26704,6333,177959,567997
5000,5129,154488,28389,7777,236881,478923
5075,5111,166770,22648,7463,173654,399665
3537,4593,178961,63722,6370,150296,445423
5093,5296,351189,29963,7407,152178,570978
3519,4703,949622,24167,7370,541110,1551658
4203,4963,144848,26778,7111,173669,380220
3389,4537,166260,23389,7482,276348,512145
5056,5296,238025,36593,8685,148805,458534
4037,4889,1120181,50444,6426,182515,1405862
4889,5056,148091,65686,4852,244942,493423
3686,4851,168783,49796,6093,369825,660071
4889,5185,203491,47056,5055,223765,560607
4241,4852,437090,34129,9075,233313,796440
3945,4796,175613,25038,7777,216255,452201
4019,4796,175563,22704,7111,199305,449571
5333,5130,180272,32223,7759,230947,529960
4537,5019,353759,36019,9222,152293,579793
4278,5018,356265,23575,7259,248879,677255
4981,5186,151825,28297,7148,191987,408386
3555,4871,166646,23426,7203,251722,498238
4370,5130,243096,35240,10463,232920,547515
3667,4907,903103,23389,7370,347575,1325807
5018,5204,163440,32611,8982,233946,467701
3463,4648,173409,27796,8296,149682,385479
4426,5037,208229,24259,7444,246861,527163
4778,4944,378975,26334,7092,164263,604830
3649,4963,161850,20963,6241,244999,460998
3574,4629,175079,32685,8296,419603,693625
4703,5130,180158,23518,7111,244655,482182
3630,4593,311274,27741,6334,178500,549942
4223,5148,124335,25722,6982,176811,379146
4556,5148,149544,43630,7426,188101,416979
3945,4833,988533,26278,6871,494310,1559954
4482,4870,238389,34556,8666,152887,460516
3704,4851,373876,55760,7611,308471,804014
4666,5019,172288,43241,6482,225764,499145
4537,5074,174498,33278,10759,200889,447720
4389,5407,206855,26056,7574,153587,439757
5037,5259,360046,32704,10537,186802,625811
3722,5186,149717,26185,7797,176706,387776
4740,5297,170593,24704,7055,182127,413219
4241,5297,1560527,39574,6482,176203,1829175
4649,5518,284919,28704,6648,177023,526812
4130,4870,142184,24778,7685,175463,394720
4537,5333,151245,57704,6185,159901,403238
4000,4648,170473,23370,7259,181655,407664
4463,4982,242311,24241,7333,167001,484682
4722,6407,339484,35000,8648,205958,616552
4167,4778,148562,64667,8130,231583,492831
4704,4981,170587,65907,6612,182410,453220
3704,4796,206537,37241,8481,203257,480386
3926,4722,294153,48945,6407,165640,542015
4334,5296,154899,25371,7870,172914,406720
12908,4240,148701,22371,7722,155038,370035
3519,4777,175188,63556,6056,151013,440201
4481,5185,333009,38167,5833,434913,837513
4204,5074,350403,23815,7277,163724,570997
3870,4537,145834,39593,6000,163775,381497
3870,4852,167784,48333,6093,148158,414960
4796,5093,236678,29333,7982,238485,539441
3333,5445,322147,36648,7741,159683,571330
4759,5130,154633,39815,6407,160069,389683
3834,5092,165972,29797,7778,200803,431887
3796,4759,208830,61833,6185,235483,562830
4389,5037,368557,28575,6870,148717,598848
4834,5222,208322,63852,6296,175749,483294
3704,4926,171105,26333,7130,1056647,1289993
4112,5037,177314,25648,7500,273016,523627
4944,5185,299487,58241,5648,342176,731495
3908,4944,351974,36870,8222,222986,645608
3963,4852,143849,41407,6611,182482,400701
3926,4611,172725,27259,7723,155384,391776
10481,8519,221563,63334,6648,151267,480052
3908,4852,421958,50741,6167,268592,778829
8871,6740,143667,32148,9500,212072,431831
4018,4759,523025,62075,6518,384969,1003179
7667,7203,202808,26259,7241,246930,514923
3407,4741,379758,58370,5797,287182,758014
6889,6630,149910,26389,7408,281586,531904
5481,5426,167713,63370,5945,350802,615422
3111,4778,174181,64185,5685,179095,475090
4963,5241,293576,26037,12389,190014,550979
5519,5277,128007,25241,7204,303842,530275
4666,5149,147141,24352,7000,173856,380442
4334,5166,165333,25741,6518,208758,453590
4408,4962,241487,23944,7500,217659,516497
3777,4723,328991,34352,8500,172172,572681
8907,7111,174942,62370,6815,229315,530571
4482,5111,175669,24926,7259,150589,386924
4463,5407,216304,27630,19722,175082,468478
7333,7852,311365,33334,9648,153595,539404
4574,5204,150000,23833,7296,242313,452979
7907,7074,164024,28334,8037,149937,401572
5426,5593,176141,25722,7370,254746,515960
4482,5018,308183,36463,12426,218314,604163
8648,7241,496189,39667,7111,290250,868773
4741,5259,149916,59408,6481,205415,537793
4907,5315,169440,31297,9333,147910,387276
8482,7055,225724,24704,7351,201274,511720
5889,6315,204636,32444,9204,208380,486330
4315,5278,149752,29908,6833,271745,509349
4741,5462,167388,26037,7722,170240,400571
3908,4666,203116,24944,6908,155011,447775
5593,5333,328843,56445,7037,307190,726755
3963,5019,155459,39204,6574,161742,408738
12537,4129,152465,26241,7445,345309,564645
3907,4834,178729,35519,8481,198268,445590
4148,5074,262439,59667,6296,213818,582849
4704,5315,351537,29074,7926,212793,627608
3834,4722,294746,34259,9186,283953,650311
8667,7277,169807,63056,6407,356634,629033
4019,4833,245979,28167,11185,410035,756700
5185,5537,365800,63241,6333,208734,722144
4611,4870,151694,33870,9370,213675,436053
4111,4908,169902,62723,6241,169872,522645
4000,4907,204149,26111,6926,171979,434886
3889,4814,408303,40204,6333,168101,666866
5112,5185,149400,38482,5796,166597,390387
3296,4667,167998,58426,6611,306369,562793
4389,4925,182541,36686,9407,144494,434145
5186,5277,344251,26241,8129,174858,583534
3704,4907,119922,26741,7907,177354,375424
4704,5130,146909,62444,6611,240348,533423
4500,5148,169340,34167,9130,150046,421812
4593,5093,231605,26685,7223,256669,573516
4129,5426,403074,24685,6871,331514,791273
3371,4611,148227,25518,7556,184900,409683
41055,4315,160918,26519,6963,159932,417942
4240,5019,202775,63574,6463,164185,466775
8556,7278,378669,25926,7760,175697,639256
5148,5556,151267,50778,6482,195600,432794
4130,4815,176309,35000,10000,175003,457553
8963,7240,177168,61777,6130,208312,509404
4723,4926,432117,34741,9019,431932,951699
5722,5592,348660,29204,8852,246299,685736
4408,4648,150924,40444,4723,172092,395664
5334,5166,172541,31019,7740,413641,685089
5074,5259,235472,47482,6019,194339,512997
4148,4963,398089,26797,7685,159148,638108
4796,5204,148483,25222,6741,259107,517015
4352,5129,349711,32667,9148,203545,625348
3834,5185,266938,28167,8111,169818,499868
3667,4759,411389,42240,6611,184886,689366
4908,5352,996876,26389,7315,193783,1252623
4019,4981,168288,37685,5834,356042,593126
3852,5000,179145,26944,7741,254204,509182
4982,5315,278169,60889,6259,219809,594163
3852,4685,140897,25667,7018,175453,375572
4130,4852,148032,23111,7259,182226,399831
4463,5222,170352,63185,6093,187793,459793
4240,4834,241654,26204,7222,151288,453682
6796,6630,399604,38445,6129,429039,903699
4556,5074,149350,27129,7334,206648,418813
10667,8611,175578,25315,7203,153902,404368
7944,6889,197472,25426,7463,271562,558793
4481,4963,368867,34481,9723,177352,620311
7574,6889,165204,24741,7445,254977,506904
4259,5037,167155,26926,8389,153862,385720
7741,6518,163809,26685,6815,240818,484127
6241,5629,314074,24926,7333,153979,534071
8000,7055,346301,25223,6778,268695,678144
5185,5463,150917,25833,7926,232266,464404
5500,5519,165311,65686,6907,380740,646367
4945,5278,231298,25019,7000,227458,517886
3815,4685,320397,65000,6463,149896,570312
8760,7462,148069,40667,5185,177966,406498
3129,4612,167574,25166,7278,162313,390201
7389,6908,195579,26778,8056,250510,549590
5575,5555,310919,25444,7574,241838,614071
3371,4722,125813,34000,8926,204351,420239
13408,4426,149114,42426,5111,301790,533034
5186,5203,174805,29074,7889,239045,477979
4222,4908,272477,47963,6185,191668,545515
4296,5000,128482,39408,5685,164016,366553
8037,6907,762915,26204,7889,202264,1050568
5537,5500,609550,37611,6056,153167,837440
7186,6537,223295,26629,8463,204425,493331
4611,4852,438486,64982,6037,759951,1298455
4186,5240,143232,50834,7166,161415,407739
5426,5592,181238,43167,6370,314796,572256
3796,4982,214057,28871,11777,180551,482441
5111,5148,322767,33445,10018,168674,563441
4019,4796,149883,69797,6055,232077,484701
4278,5481,165796,72723,6611,306571,611422
4704,5278,171375,50074,5000,175382,431072
3686,4852,382381,35389,9630,266225,744626
4796,5408,343535,48352,6814,193203,643107
5315,5296,150244,33278,9370,246791,469053
4241,4852,172397,25907,6649,208063,440553
4149,4926,234810,26074,7574,180798,474349
3649,4629,456094,51334,6426,251901,805033
5463,5203,147488,25019,7370,184344,393979
4370,4796,170438,23944,6963,154746,384664
4148,4852,204591,63463,6426,217480,532978
5092,5130,398893,26260,6185,177047,637515
4593,5093,149916,33075,9277,166007,386461
3926,4685,167367,38944,6222,325408,597145
5112,5462,173632,36074,8907,222903,468942
3426,4611,299822,32445,6870,234822,629070
4426,5093,348643,35222,8556,147706,599553
5037,5130,152425,37149,5277,258813,531219
3944,5019,169134,51667,8000,215826,484775
4777,5149,236269,26834,7648,268931,566015
4185,5129,344387,25741,6833,159573,564181
4148,4889,149466,27777,7315,190625,402479
5074,5111,171286,40185,6537,290341,534478
4000,4833,198254,27982,7574,240687,514571
4592,5093,285649,35278,8759,149256,504034
4093,4815,145673,26703,7519,859766,1085087
5056,5148,261048,61649,6129,310837,668459
4074,5074,178535,28186,18037,211740,463553
4241,4833,374486,41000,4833,188881,636663
4148,4871,352750,29130,7759,264190,704737
4223,5037,144144,32129,10167,285575,512497
4944,5297,173723,36223,4796,164126,408275
3852,4518,235748,28019,7926,246712,557867
4871,5055,317828,37963,8574,146762,536275
4186,5129,160148,65759,4852,192813,451572
3556,4759,169801,28296,8704,407677,637885
3611,4833,202622,61981,6185,190506,499941
5074,5167,395535,34389,9277,276980,798625
4037,4852,151021,38592,6500,164977,405405
12685,4130,150415,29685,7760,368303,589052
3685,4871,174476,26926,7389,140707,407886
4722,5000,353371,25926,7537,292218,721570
4186,4907,124969,39426,6444,161215,363498
3463,4648,140678,25111,7204,177154,380720
4000,5130,177424,43037,8667,183332,443386
8538,6740,220189,30778,7907,262253,604034
8148,6852,384472,35667,8315,409912,871069
3241,4981,143089,31463,9185,214779,426127
7889,7019,176853,24296,7408,211848,464183
5556,5574,198933,26740,7574,258046,520571
3575,4629,342365,35018,9945,148188,578942
4648,5204,153258,24408,7333,176943,390572
5278,5203,164394,43351,5649,329825,569089
3630,4537,181824,26501,21814,257932,514627
4352,4945,147126,33074,10352,203149,439442
5092,5574,135632,24260,6981,178237,375590
3167,4537,1197917,44167,6889,264425,1576602
5222,5056,1822924,26333,7630,568228,2459652
8333,7315,224111,23686,7074,414070,701126
4445,5352,159838,28000,7704,173400,397628
7833,7111,731494,24648,7574,412277,1209993
4149,4685,169775,26241,7648,168834,400924
4574,4889,196281,65852,7149,156994,472164
5556,6018,346028,25278,7444,402579,814810
7611,6500,147199,23723,7111,177169,391627
3741,4833,164945,41686,6944,164645,407720
4593,4926,174414,27204,7463,262490,520757
8148,7371,344901,29111,7389,172929,593923
3630,4889,349554,25593,7630,188997,597200
4649,5333,184152,55760,7648,217252,544386
8741,7740,172084,35760,10777,211636,495923
4352,5130,235052,27537,7574,242167,539164
3592,5612,322650,28741,7889,232457,643959
4001,4944,148193,29333,7889,188046,405072
5148,5259,177235,30185,7278,432706,717070
8241,7222,191537,78463,7704,164479,529757
7982,6944,377525,25685,7204,161009,608052
3833,4908,153418,26574,7426,175413,397201
8111,7019,156960,25797,7759,453813,698718
8463,7574,170336,79760,7389,141013,432738
4574,5074,312009,26444,7630,221340,599681
3148,4500,126514,24666,6908,180188,421201
8519,7240,145760,51334,7333,168108,413905
4574,5129,177155,30000,7167,265102,556608
8407,7148,223549,27408,8000,140078,432201
3889,4407,322832,25000,7112,205183,629218
8685,7444,170597,54574,7315,219049,493867
5075,5351,169528,25778,7574,153989,411498
8537,7259,1044517,31407,8426,160346,1285011
3760,4907,399614,24333,7556,288215,771848
5074,5500,150989,27518,7371,174639,393627
3370,4778,166198,72074,6871,405872,697737
8463,7278,169277,29482,8000,233850,495534
4149,5055,368061,28130,7500,283472,719459
3796,4722,346437,26741,7407,816686,1221734
3796,4704,145627,25018,6871,206963,439719
8741,7296,168355,32315,12741,165309,419109
3704,4741,233675,76759,7371,136711,480516
4167,4797,395384,28778,7722,433129,933088
8055,7204,147260,27667,7611,194312,416479
4056,5092,174599,25278,6833,210880,470682
7871,6963,185085,25945,7129,152635,403776
3760,4666,372129,37259,8574,147665,596552
4611,5315,148170,27612,7166,174124,389090
3629,4945,161935,37555,6278,424376,697421
8389,7352,168978,28130,7500,212816,451868
4278,4870,367354,54778,7315,146087,606645
4315,5056,1197676,30981,8222,160168,1427992
3222,4667,154568,51259,7389,163800,413719
4537,5296,1110927,26371,7370,227843,1423565
4111,4907,224598,78926,7463,205084,541534
3704,4778,353066,23574,6796,176635,586052
4074,4796,151849,29556,8222,169797,390849
3667,4685,174447,28648,7796,146681,387201
4056,4944,196360,26055,7482,184138,444386
7111,6463,361218,25796,7018,401834,827180
3944,4871,145185,53926,7482,146849,383534
3870,4593,169487,32574,7056,347861,581756
4037,4871,175122,77389,7796,151542,437960
3223,4592,393258,26037,6871,253238,716978
5019,5037,423893,48945,7500,424823,932310
4296,5019,218083,53259,7149,157729,468090
3574,4426,2857372,30592,6908,154943,3074667
3648,4685,207688,25722,7259,213958,485108
2889,4389,320581,26019,7000,122638,501034
7852,7130,146697,52000,7482,191670,435035
4371,5000,173406,32056,8722,365868,608867
7463,6611,194931,77074,7278,142345,451831
3167,4703,352233,27056,7389,369263,785032
4315,4963,150997,31352,7759,170186,392424
6686,6314,160392,39722,7278,152606,395906
3259,4574,205174,25408,7537,243156,558144
4407,5019,310662,54333,5648,150798,552108
3315,4963,127297,27463,7222,171072,362832
3982,4592,147858,30944,7667,198696,416516
4426,5111,173196,29130,7500,239709,500849
4092,4778,236202,30981,8204,244869,545737
3666,4741,326189,26167,7481,206308,594626
4389,4667,149120,42259,6500,176082,405905
3241,4685,170533,25574,7111,151872,382609
3611,4723,196593,27945,7092,149960,410646
4870,5389,379470,43648,7223,432988,892976
4019,4926,150752,29574,7185,172783,391961
3055,4519,162850,49075,6703,346313,589348
4074,4815,172930,26000,6963,247104,530237
3851,4982,365621,47908,5444,269967,719718
3629,4482,343145,78519,7351,142056,595700
3963,4481,148169,25648,5963,222181,431849
2981,4408,176063,33278,12592,182379,434275
3944,4778,227846,25297,6926,200632,488515
7667,8629,396556,34445,8000,155088,629033
3463,4796,153431,29112,6907,215585,431386
3629,4926,173233,65908,6444,167802,441960
7796,7019,194035,24888,7149,151926,447571
7463,6870,309170,23259,6371,177160,549756
3167,4556,151305,26944,7556,176489,406943
5574,5334,155403,24314,7408,983405,1197641
3612,4481,171816,24185,7370,201460,430146
4260,5037,331710,36574,8482,282656,688107
6871,7185,336104,63741,7130,159688,624182
5648,5445,144276,24574,7444,204426,411997
7297,6778,207522,65778,6204,160530,496627
4796,5241,976974,25074,7167,206389,1244215
7093,6462,310405,25148,7407,330000,704625
4315,5056,215594,24648,7538,207847,495553
5907,5500,399952,65278,6630,176414,678607
4204,4907,194217,29666,8704,260207,534775
5204,5389,345611,38908,6314,313107,731737
4445,5444,142561,28833,8000,173734,398424
12833,4278,150807,42222,6722,412671,646644
4481,5204,167034,28778,7648,270241,512256
5203,5223,318688,25445,7203,151753,531848
4093,5982,114767,26482,7333,175268,352535
3685,4741,151513,23519,8389,306631,543441
4371,5018,173094,29907,6389,148793,385683
3315,4593,229432,65352,6944,380323,741792
5019,5278,314252,27371,7444,290836,693256
8667,6962,150314,27666,7204,272406,541052
4926,5463,167540,60538,7389,332455,596107
7148,6685,190750,30889,7556,126155,385887
3852,4574,282996,28519,7592,138298,481182
3148,4685,151224,26056,7629,175737,387701
4907,5408,156562,44500,7167,361545,607441
5574,5722,171864,77704,7519,179522,467386
7963,6852,249685,27388,7389,233053,570422
4796,5667,123597,32482,8111,166252,360905
8704,6778,150584,40889,7185,160673,432276
5148,5389,171682,29463,7704,236889,484719
7963,6926,222354,24667,7574,160606,448849
6852,6148,162026,29723,7889,391784,661663
5722,5870,176940,26370,7500,280225,546552
5408,5592,172760,64426,5871,318848,591182
10130,7482,182765,30667,7296,203288,480220
5907,5704,358512,25129,7111,153356,575070
4722,5407,1992817,26612,7407,194948,2267542
5112,5574,156466,28723,7055,161235,383220
4315,5185,356158,25815,7240,225950,661774
9315,7796,242811,27260,7481,267908,595534
5444,5722,891448,28389,7500,213046,1171234
5167,5370,524712,55740,7241,261099,913013
5278,5611,172382,32278,14167,173671,424923
8426,7500,212629,26555,7426,181183,461386
3945,5019,326338,28722,7815,197658,607738
5426,5667,153880,26593,7426,325839,547312
7834,7463,175348,35093,8241,330166,581608
3778,4796,190373,24018,6963,184607,431905
6019,5944,340341,65019,6482,149266,611182
5722,5760,135587,24074,7111,179244,379165
8797,7389,149592,26130,7519,176312,410683
5426,5537,169024,50019,6426,164621,424164
7926,7092,244808,24259,7074,256467,564552
4333,5037,340332,26056,7389,272498,698755
8926,7056,153873,28482,6037,185828,410609
5463,5722,170954,30851,20797,247822,501386
4445,5037,235514,25370,6982,168668,466442
8129,7482,394557,28704,8092,153384,625274
3982,5018,154007,23518,6982,173102,387257
8296,6537,181272,28074,6944,178930,429571
5111,5778,193277,24481,6852,181499,433979
4038,5314,379450,67870,5815,172751,654682
4407,5482,145380,28037,7685,173247,384849
3722,5112,166144,29649,8981,149723,383702
8223,7259,171095,77148,7426,142477,429665
4759,5185,506842,28407,7445,392838,967364
8241,7296,445903,71648,6426,247093,819162
6870,6315,156648,24667,6056,202349,423183
3778,4907,175654,30666,7482,260547,536682
5167,5685,227326,26240,7426,251746,541737
3612,4814,383054,25907,7075,356941,809903
5556,5593,154743,28815,6797,168976,390683
5815,5982,313601,30741,7945,375301,795848
5259,5815,206644,82111,7222,140743,463997
4778,5352,361612,92038,5870,290846,812144
4945,5296,148506,27649,7370,809247,1023550
4185,5611,156438,51704,7537,369040,612756
4352,5296,166573,25870,6797,152351,412220
5389,5796,247671,77445,7296,143215,503682
3612,4666,1558865,31166,8130,324735,1968007
5185,5556,145311,25759,8037,186020,395386
3611,4926,173539,31278,7166,262884,518385
5130,5629,225971,27352,7722,208268,497997
3908,4963,400217,30870,7463,164817,647015
5464,5499,161204,24981,6297,228498,451850
5240,5815,176505,25056,7537,175752,415701
3593,5037,191436,26352,7259,132302,382350
4945,5555,317609,29185,7704,265443,662311
6074,6185,1178246,58352,7407,164135,1438232
4352,5278,156138,29352,7389,455913,695385
5519,5778,170365,25482,7185,159836,390979
4111,5185,352353,47111,7260,167384,618719
5574,5648,1194657,62111,5815,302797,1593806
3315,5111,148734,25741,6240,184468,393720
5241,5593,169091,34203,6797,171277,427238
5796,5723,214985,29593,7500,200789,481201
3463,5148,421436,55203,7130,272412,810254
5130,5426,148700,30444,7982,178316,412349
44630,4704,148113,27889,6351,170996,421979
4963,5426,188674,33037,8167,881523,1174882
5241,5630,407050,24611,7037,251075,720181
3704,5000,146555,24833,7259,176999,383590
5018,5723,153967,25612,7389,371084,607015
5259,5686,176065,81093,7315,122728,414701
4407,5037,250294,26537,6944,123723,455052
4964,6518,401577,24389,7574,446862,909588
4223,5055,1049621,76649,7629,196427,1411455
4500,5593,602514,32000,8074,168111,841180
3630,4926,222834,28333,7259,178442,483201
5704,6648,412562,72908,6074,163379,687478
3500,4852,154326,75463,7371,167041,431423
5037,5704,173442,27408,6815,193036,431331
3500,4722,190059,28389,7204,130291,383498
9685,7797,352824,25704,7240,168914,591293
3352,4685,211218,28093,7277,199391,475275
9444,8408,166353,48982,6444,196329,456145
3260,4666,169470,24834,6907,143899,406035
6092,5630,244975,24982,7148,152763,458719
5296,6889,117684,52778,7556,148406,373257
5260,5555,155171,46723,7037,261826,501442
4649,5277,177362,25389,7186,124376,361109
7649,7055,217145,31334,8148,173852,462183
4445,5055,408577,62371,7000,218437,738125
5370,5685,155786,29630,7685,211601,435201
4686,4907,165791,24722,7389,155818,387424
5074,5852,190778,31722,8185,220034,518015
7260,6870,285358,25296,7445,142232,492275
4241,5556,148140,25926,6926,179154,405776
6056,5889,150220,34963,8407,162148,388702
4185,5093,173151,40352,5759,120699,400609
5389,5574,252694,28593,7482,138081,454534
5315,5611,402108,23722,6889,335351,815718
5574,5519,153668,56296,7389,204755,453090
4575,5277,184396,25963,7074,142602,389813
4611,5444,217031,28741,7426,276818,586607
4611,4981,331852,31166,8093,202442,623274
5834,5759,176115,24982,6741,267548,558145
4907,5296,169807,56703,7556,405727,666848
4408,4981,189701,26666,7297,121575,371850
4444,5149,276595,28240,7482,250328,604293
5519,5574,1042343,33629,7371,326537,1455973
4352,5260,1302700,25445,7203,155717,1537306
5445,5685,170444,24611,7130,219794,453868
9666,7630,238395,79352,7407,189917,566978
5278,5463,339455,25760,6981,199060,604182
7944,7537,165554,81352,6833,223981,534552
5112,5499,170485,29519,7407,275735,526053
5352,5500,214768,27741,7444,141267,419072
4278,5222,316348,25056,6981,134502,511960
8222,7426,155742,76222,7204,238274,526182
5333,5537,173247,47037,7760,359786,617626
8370,7148,195494,29296,7759,126820,391090
4426,5389,343536,24055,7167,153961,575293
5185,5704,138041,27481,7222,176013,378294
3760,4944,166047,28111,7278,156692,387776
8704,7352,173404,28407,7945,214204,475164
5334,5352,247687,26945,7000,246772,559831
9685,7648,435268,24481,7296,212951,716422
4204,5278,147198,56259,7685,178726,436257
5649,5574,170592,33889,6259,205646,447220
4370,5185,218450,26870,7778,156381,438256
10759,7574,305974,25889,7278,227875,602459
5796,5926,156071,24371,7370,268833,520404
5852,5814,312782,52000,7185,168419,572311
3852,5352,189193,25223,7259,204822,455034
8907,7445,326088,53852,7074,176890,599385
4167,5241,145241,26075,7666,175071,384665
9685,7833,151081,90852,6574,354916,658977
5834,5870,175549,80055,7111,133542,426664
8667,7370,412462,29426,7500,231627,739348
5704,5592,342060,27000,7278,208214,629459
8907,7593,154954,29222,7519,176895,403849
4426,5259,213459,27074,7667,162853,456386
5833,5685,210299,27240,7260,255365,533626
10185,7408,311230,31889,8333,174360,581663
5315,5759,142031,28093,7703,868778,1078475
4667,5537,168722,24333,7204,190350,437868
5019,5370,184135,25889,6925,142567,386164
4611,5130,404529,25408,7370,236967,722274
8796,8112,450201,76019,7148,369497,941106
5667,5870,154355,49222,7167,154050,397035
4685,5278,167878,29741,7796,225397,460941
9000,7463,241292,26833,7445,243112,552275
4204,5240,1191429,27037,7741,164822,1420158
4796,5352,149358,31444,7685,211973,431219
8963,7648,221752,26852,7037,153727,457886
6296,5815,208887,25426,7185,134629,406108
4796,5130,390078,28518,8945,167011,626996
8167,7166,144361,26352,7723,294136,509090
4074,5315,175422,57759,7278,277445,579422
5611,5444,185761,57075,7722,210644,490775
4000,4889,364619,26981,7333,431488,859940
8130,7481,591513,27908,7315,236963,933217
5204,5759,149537,24111,7315,180757,394257
8722,7278,170079,34537,7629,172234,418312
5834,6037,242751,26852,7611,189820,519979
5593,5814,332683,25333,6815,218092,634570
4982,5333,173003,52592,7834,219457,505294
4963,5612,213119,26389,7370,167156,445053
4870,5407,217162,28945,7740,140281,455071
5982,5648,313093,23667,7092,251200,648552
5000,5389,158765,77444,7315,240769,514923
4241,5352,182863,42926,6166,334652,592626
4667,5314,352703,30166,7963,345812,783199
5537,5907,364152,24241,7037,319492,744051
3926,5056,459787,28019,6889,429466,968254
4852,5703,158848,53074,7704,336334,583182
4556,5537,176279,29408,7555,128330,402665
5037,5445,247192,25185,7167,142175,448553
4018,5148,1774720,75481,7241,183880,2072691
9019,7889,151925,25870,6926,229573,449627
4629,5334,179560,24685,7463,145160,387905
7667,6926,219251,29926,8148,160431,469645
5852,6074,375960,24037,8149,152388,591719
4648,5204,147094,31760,7074,170292,401905
13760,4444,152841,24167,7093,153786,375517
4389,5186,186272,76908,7555,145133,479831
5000,5556,377797,25574,7907,203348,645367
4445,5185,2706567,30314,7871,178861,2954576
7389,7555,180233,27760,7592,186154,437127
5611,5815,172646,28000,6889,216000,455257
8000,6870,237726,25518,7334,136160,437886
5926,5518,600843,27834,7870,205022,893680
6000,6241,156532,26815,7408,202057,425164
4648,5278,211242,26018,7722,453162,746644
5500,5704,212044,33741,7463,215120,496238
5093,5666,364142,62445,7278,149817,630348
5185,5796,147703,30574,7648,218647,435534
4834,5204,176782,25907,7019,416380,687959
5314,5315,189547,77093,7463,126858,428497
3981,4926,366497,30204,9056,223388,657551
4889,5555,446725,26167,7352,456140,968068
3852,4982,158230,50074,7018,403841,664923
5537,5908,175938,30982,7870,137819,380646
4704,5407,239815,26019,7315,125442,427646
8982,7759,324894,28575,7555,120714,550256
5759,5908,217270,28130,7518,193801,479349
5223,5370,189276,24314,7649,814977,1082179
5185,5519,212318,81129,7667,139753,470719
8185,8092,393009,30186,7370,235876,713977
5222,5556,150310,25519,6963,178743,393831
9148,7741,175001,26500,7426,145127,390442
5148,5796,182692,34556,7666,239084,528904
5278,5759,365956,26630,7241,222114,655440
8907,7574,624370,27074,7723,238402,957013
5574,5796,149264,29611,7926,172753,392257
8074,7111,317473,78704,7519,162171,619404
5685,5685,241052,28834,7537,203519,512793
9037,7463,408706,46463,7334,433251,929810
4445,5500,149118,26630,6259,207213,419683
8223,6944,217865,28056,6222,434705,740348
6240,5963,682983,55852,7463,143105,922679
6019,6240,368895,29074,7556,205453,662422
5389,5759,152511,26703,7723,269005,563941
5260,5500,175256,45186,6685,304184,559349
3852,5463,185318,76593,7240,153865,478646
5963,5796,334231,25334,6851,358450,753570
4592,5371,143162,30074,7518,172040,382757
4092,5000,163075,27056,7148,174497,402905
8907,7686,168839,80834,7314,131344,421831
4797,5129,245790,29944,7482,205245,520553
8111,7408,455054,28278,6611,243515,790514
4741,5333,151189,33463,7741,175475,399109
9093,7296,175954,31148,7149,181988,449479
6240,5797,213181,26278,7074,173557,450571
4593,5148,402187,67908,7166,176846,702237
5315,5555,151619,74240,7408,228416,514793
5259,5741,169809,26388,7167,150763,402442
5371,5351,185278,26981,7463,159350,407090
4630,5074,363727,43056,7593,156806,623163
5352,5722,401678,28685,7426,366688,837310
4666,5463,159368,37759,7574,151742,386923
4445,5037,172521,28907,7278,238162,533923
4556,5278,243804,28963,7389,147452,453387
4389,5426,1193682,25796,7204,211865,1467510
4444,5260,144926,57000,7667,261459,501219
9186,7907,181524,25519,7426,146510,397091
4352,5130,216196,30667,7722,221042,507664
7871,7129,378517,25686,7129,186405,649830
6371,6018,154782,24759,7704,179790,399128
4389,5241,877751,27408,7148,200816,1158919
5259,5630,176033,25685,7445,247297,509775
4556,5241,295316,27889,7241,118718,510664
5186,5314,2046122,53389,7389,192365,2351987
4685,5334,150790,32185,8315,167300,404498
5222,5389,170314,30519,7907,158258,395738
4112,5000,243690,26963,7407,180104,488109
8833,7482,323769,27334,6740,279449,707403
5593,5537,167163,24945,7370,278334,510256
7889,7037,181428,72352,5889,424068,734125
5778,5666,211249,29297,7481,121045,396683
5167,5555,354755,29092,7352,168706,589960
8666,7889,147186,26500,7055,186646,405720
8667,7444,172265,27870,7223,152529,412534
6055,5852,631494,36000,10481,755480,1464658
9166,8241,318665,39519,10259,143165,550145
5371,5648,354356,26814,7001,143381,596071
6370,6223,153397,28797,6259,325507,547330
7463,6963,175940,31297,7629,152447,399164
4203,5278,241687,26759,7130,237514,554552
6648,6408,328359,28166,7741,130638,524479
4889,5537,174049,23834,7685,223689,472423
47426,4518,163222,59759,6611,155573,456849
4500,5241,213986,26759,7611,206549,503034
5519,5537,530585,24240,7315,854296,1449788
4259,5074,142904,29445,7815,315111,525312
5055,5667,468169,34612,9537,837230,1398547
6019,6111,181507,27445,7259,216175,463238
8019,6852,299161,26371,7888,237280,602330
4018,5093,741853,26945,7444,216660,1037494
5611,5815,150691,41611,7129,337492,566126
3796,5130,538623,53444,7630,156669,802421
5722,5852,214702,25759,7648,246944,525571
3870,5908,429318,25741,7537,432491,940439
5352,5592,666417,29575,8111,275614,1032234
6056,6000,216070,42722,6037,322760,651422
5074,5500,206890,24556,6759,144626,410386
4185,5074,433433,53111,6408,210229,753755
4685,5352,170734,28148,7575,281540,517775
4278,5204,173295,25648,7778,151647,403498
5519,5555,177782,24741,7426,125475,363090
4278,5148,372880,161797,6259,293800,880273
4908,5315,876535,27018,6574,248384,1236882
4537,5278,153095,47037,7259,148255,385739
4186,5148,168081,30445,7352,139731,405739
5334,5389,237568,27167,7833,124374,424683
4241,5407,694131,25537,7185,353419,1126938
5167,5444,150265,25629,6167,288455,555552
4648,5259,223159,85500,7797,297930,641329
4074,4944,207980,32500,8277,190482,464812
4537,5278,383948,51685,6371,147585,635015
5963,5833,155712,30389,7297,187545,413535
3981,5093,178662,52352,5741,359445,622237
4778,5593,176649,25425,7112,170497,406683
4408,4981,341859,56870,7186,380840,848070
5315,5667,358753,30370,7630,182614,607997
4444,5407,146406,25112,7388,175685,399590
5185,5148,165912,37611,6370,132457,369516
4223,5129,240769,26482,7129,780910,1082994
4148,5241,445330,65667,4981,181444,744588
5259,5611,166335,34389,8408,294254,535793
3944,5315,175600,53278,7259,340860,602959
4870,5593,211512,31278,8315,198096,475978
4000,5055,334704,26648,7852,126997,521552
4352,5518,156598,28037,6907,233900,476108
48352,4703,758364,26963,6945,389629,1257789
4019,5240,573591,29556,7759,205553,857717
5426,5760,285836,29500,7315,156383,507701
4834,5296,137175,52278,7388,150231,377405
3982,5074,158013,29371,6444,170447,409646
5296,5408,165278,32945,7370,143979,378553
10334,7685,229321,26537,7037,172917,488923
5149,6759,425123,66741,7704,237835,818718
5001,5555,151054,75259,7334,262535,527405
9093,7389,178171,26444,7315,185197,433628
4981,5648,206510,29629,8037,139063,412849
7629,6834,380644,41704,6815,303425,799754
5537,5592,151095,31777,7556,241051,486589
7612,7259,170525,72871,6981,321749,604349
5852,5796,176883,27555,7000,197393,438756
4704,4926,328611,33611,7704,174256,573164
4555,5500,1908879,25797,7370,276312,2245839
3703,4945,147362,67389,6130,330356,611348
5537,6037,174627,67945,7111,249352,527849
4500,5148,250744,25278,13740,219458,538719
3870,6204,987121,39981,5667,166965,1231122
9704,7722,1164904,27889,7741,290494,1545102
5389,5703,204705,38796,6648,618365,897735
5000,5426,205617,27852,7741,161695,448294
5166,5426,381401,25056,6944,414798,859069
8166,7167,148572,33056,9370,185667,411645
4889,5463,168726,23926,7592,362956,592756
8815,7537,172157,64333,6982,1226538,1522102
5408,5611,344552,30963,7630,394610,808033
8593,7444,973263,24574,7500,223767,1264160
6055,5871,151414,25537,7055,178103,394108
4685,5352,1395219,41926,6630,394881,1901045
5389,5611,235648,27388,7334,250090,573886
5185,5444,328839,51074,6574,154566,587200
5037,5333,153918,41500,4926,888039,1120012
4240,5112,1293369,26019,6370,470527,1825841
4685,5278,205077,29814,8260,265179,535904
3870,4907,403083,36815,9537,165969,659940
5166,5611,143995,27463,8074,229318,439145
5556,5574,170278,23426,7185,161646,394924
4260,5166,176654,64926,5611,209862,498645
5611,5334,277140,37167,8741,216134,592052
4630,5259,127480,32648,9222,166797,365313
4111,5129,143467,28500,8204,174772,398997
5463,5370,174065,67519,6611,333432,614682
4075,5166,246848,30482,20648,180908,508164
3926,5000,341335,63352,6704,206143,659293
5500,5537,169043,35630,8111,220361,464756
3723,5092,176809,64166,6519,382910,656441
4259,5222,211999,36445,8315,146887,433182
9778,8000,332875,30519,7074,186733,594978
3908,5185,149639,32723,9259,206284,428794
9037,7463,165423,25185,7722,153761,404405
5889,5796,179021,50314,6797,227754,521867
8612,7444,344675,24981,7611,449858,861144
4037,5278,2027757,38556,7870,164118,2268764
7555,7278,147630,24537,7037,220164,453664
5834,5740,172987,28500,8148,147771,392239
7704,6851,229234,66018,6611,158246,494164
5740,5723,416646,23889,7074,175517,654551
3982,5111,149225,64389,7741,170254,420702
9000,7648,171083,27407,7852,146971,388479
4296,5037,209459,25241,7463,265001,538904
8556,7185,144464,36463,8926,174978,415128
5852,6260,178710,25074,7241,268935,535905
4889,5297,170012,34426,9351,142505,387776
9075,7333,172758,64870,7371,166239,446313
4259,5407,340764,24704,7055,214548,635755
5259,5612,2383866,42481,5149,167803,2630040
3704,5204,660349,26778,7519,289978,1015661
9574,8167,173150,34296,6815,171255,423905
6185,5852,231304,25352,7333,136879,429849
3926,5500,354125,62500,6981,231298,686200
8463,7555,155593,26574,7815,294367,545237
4907,5500,170969,62407,6833,178845,448442
3963,5222,207529,26001,7407,151302,418590
4574,5092,292313,61611,6704,240036,633903
9185,7907,167874,27370,6834,292142,531071
4464,5148,171397,28148,8685,169638,407702
4204,5499,180866,67723,7018,154484,438942
4408,5222,317094,25704,7555,148848,544664
6334,6074,353988,63630,6592,229194,711978
9945,8555,151734,61500,6556,175838,433776
3926,4963,174128,50315,6796,224369,486571
9240,7630,236097,25537,7148,270511,616533
5852,5815,410454,24315,7130,426781,901606
3963,5222,155237,33815,10518,163669,392775
5963,6055,172706,24685,7037,171033,423516
5537,5611,208304,28278,7166,269712,570756
5056,5500,321309,32648,10889,179891,592237
5259,5389,153259,39666,6926,162665,393886
4019,5074,169653,25018,7371,152030,382350
4815,5537,176066,66574,6778,226820,505979
3463,4870,406072,34019,9722,268665,770440
9445,7666,125484,40667,6574,162366,387776
5944,5926,619676,29981,7945,272504,964624
7741,7000,170588,28815,23222,298039,568997
5297,5574,143408,25240,7241,387996,596923
8315,7167,325858,26093,7555,226490,640978
5759,5833,168734,23333,8667,272116,528293
5204,5889,202813,50556,6685,362442,653626
8963,7667,208244,26648,24074,232123,526830
4297,5370,402288,35129,9371,288523,800274
5926,5833,147774,42093,6852,161872,389813
4797,5796,170261,39741,5463,170774,415942
3686,5018,176766,37056,8815,172879,421646
4593,5426,337290,29612,7666,148892,568886
5852,5703,819853,25926,7185,528325,1414510
8852,8223,141745,33074,9167,203456,423868
3944,4963,171621,26389,6185,230395,496182
5741,5777,228127,36722,8908,242370,559719
5778,6907,404004,26222,7037,164290,633682
4407,5667,155045,32592,8871,282008,516589
3871,4833,184162,35703,8056,366113,620163
5908,5796,200685,26056,7167,266348,550830
7667,6963,374543,28074,8074,173120,618552
4186,5148,617253,33259,9204,310037,1023568
4908,5592,169257,44408,5574,351017,632959
6723,5888,170708,25852,7240,229550,462979
4111,5037,270231,34482,8537,154618,513849
6037,6000,348200,25167,7555,208464,626348
4889,5519,144094,30648,7870,182200,410757
5945,5722,168877,62259,6537,169862,468868
5055,5445,231623,25315,7407,172689,484867
5278,5648,781019,28445,7629,273864,1121957
4037,5537,152283,29741,6740,304067,546034
5204,5741,203176,26797,8907,190043,477516
5612,5370,206978,63167,6519,203222,536275
4852,5500,323410,62389,6407,348308,801681
5463,5592,157415,35408,9333,162972,396738
3685,4926,555866,30630,9092,440832,1067346
9852,7815,694983,26426,7648,399511,1166845
4556,5777,347451,26407,7426,185991,598163
8833,7722,117511,25297,7611,177672,379516
6129,5834,145368,24315,7389,281481,491701
9741,7463,175114,65167,6834,435511,718144
4760,5148,237842,26092,7575,255043,580812
8963,7259,350793,38852,8111,176352,626774
6093,5815,155371,25093,6981,218312,437850
5444,5815,199988,60574,6278,283398,589700
5481,5500,171919,65167,6704,311781,587904
4926,5407,358740,26575,7185,212293,652830
5593,5611,150948,26075,7444,177494,394164
4074,5407,168251,62889,5629,366320,629218
4703,5611,175701,63611,6778,241667,517997
3593,4981,277558,27296,11815,273198,643978
4741,5519,129137,26074,7389,175842,384239
6260,6000,144457,24000,7574,195263,403331
3759,4834,170111,61518,6500,320479,595793
6185,6278,230024,23722,7741,179010,470571
3759,4834,411400,41555,5352,448817,934643
5167,5833,176609,34018,9352,274185,524071
3500,4759,173985,24222,7463,149235,381868
4926,5667,201545,29019,7759,224489,509182
6112,5963,307310,35889,10222,186853,569571
4648,5611,151575,24760,7037,176719,389461
3907,5500,169525,24556,7278,158658,405498
5519,5444,173623,64001,6833,223207,498349
3389,4945,352647,66945,6388,420144,871995
4555,5574,467987,39333,6778,360268,940402
5463,5611,148047,38277,6482,166303,389627
5075,5259,173237,47593,6185,150038,422479
5500,5592,247114,56555,7667,143495,486423
3574,4870,337971,27259,6482,177452,596163
5278,5685,323421,26926,7592,194002,581682
4352,5518,169204,38889,6704,1025159,1303492
5149,5185,203746,24444,7371,217899,507146
4797,5352,363066,26871,7666,151227,594349
5222,5500,150609,26277,6908,175019,390701
3685,5000,168262,44945,6388,167791,415405
4482,5407,182101,26296,7574,285896,528923
3963,4852,284551,63093,6129,321593,713422
5667,5870,345557,28148,8463,224736,634237
3611,4870,143099,36296,9500,165492,382220
4555,5445,377345,24704,7389,283243,736181
5612,5592,231147,36408,10388,147166,453220
3704,4999,379597,39519,6537,415435,901550
5277,5649,148842,29593,7389,179322,395516
4074,4926,204996,27370,9426,419130,686866
4926,5777,205669,62000,6481,180940,485923
3760,4981,325656,57944,5945,191507,614108
3611,4907,152679,26574,7278,176893,407423
15093,4815,145388,40352,6482,352163,581386
3723,4926,177579,22981,6797,143474,378443
9778,8259,335215,37259,6667,403540,821533
3759,4889,347924,36296,8333,177833,596589
5741,5833,151577,65370,6834,220828,472442
8352,7370,168379,25370,7871,205563,460923
6222,6426,232569,29797,7888,156132,456108
3686,4870,326668,22592,7445,124033,505646
6130,5574,157468,38538,6518,179788,415405
9204,7889,171641,25370,7241,217449,459886
4241,5055,206999,62778,6222,142703,463590
6444,6797,335856,29037,7759,173789,579311
3612,5018,154435,42056,6111,161692,393091
5167,5407,172904,23704,7481,156224,407572
5889,6130,172538,26722,7352,207219,442646
4148,4982,369211,69444,5926,166730,640163
3778,4759,575995,64796,6241,192537,887699
5926,6019,146684,49778,5944,173628,407905
4463,5500,172468,48833,6333,362066,660681
5593,5778,225306,25260,6870,247913,557164
4945,5370,406387,32703,9426,439886,934828
6907,6574,152540,25778,7722,277254,497960
4314,5204,172841,26037,7389,203638,469719
5815,5982,367958,25908,7185,259667,715607
5074,5537,350630,34445,10018,177589,639867
5852,6019,154080,41870,6611,161381,395276
4260,5203,1796700,27667,8722,265381,2128358
3463,4981,182628,62815,5944,312851,588811
4370,5204,272263,26981,20982,183197,571089
5667,5926,946974,25555,7222,395648,1407974
4074,5000,153329,52019,6074,255853,496590
3167,4759,175927,48074,5963,389977,680663
5908,5796,236711,49463,5704,182230,505349
3352,5018,457791,33981,9482,395963,926180
4852,5574,155351,40185,6463,159221,391090
3334,4759,168615,39667,6019,165789,444368
5629,5593,199677,27055,7408,152376,415627
3445,4778,374886,39963,6370,425683,876847
9408,8481,149910,33518,9241,165940,394813
3889,5000,167174,24741,7315,363915,591719
8870,7333,174273,63778,6426,356242,669459
5686,5926,269833,36889,8686,177459,525923
8574,7574,117487,40574,6167,160214,359498
5630,5592,146770,31963,8500,270616,501664
5426,5815,170220,23759,12945,185777,423146
4352,5222,228337,25370,7111,183068,470868
3926,5166,381287,36297,8259,293431,756143
3223,4815,148458,46037,6389,206650,434776
4871,5389,205334,40797,6666,337996,652682
5704,6259,198822,27241,7148,251527,540108
4704,5204,540179,38334,6278,317463,943513
5092,5445,146776,39186,5611,164369,387868
9796,7556,158652,25556,7352,163215,407738
5426,5370,174603,50611,6222,221673,506053
8889,7389,258386,26704,7018,215426,542182
5981,5723,123687,34444,9426,164237,363350
4278,5074,140692,23667,7185,179268,379164
4130,5018,331347,40000,6259,326983,732866
3796,5111,188167,25592,7241,234275,497626
5889,5815,315154,34185,8555,153769,540497
4352,5296,175529,61482,6463,884871,1157919
3556,4926,176405,34796,9907,407258,689292
5556,6018,198837,22963,7352,258531,542867
4686,5314,335028,52352,6148,422023,842736
3167,4574,161810,34482,8889,165910,418183
6371,5926,160964,29537,8222,157312,387998
4685,5500,174376,67204,6834,162713,461441
5852,5630,344531,26314,7426,375391,783014
4407,5241,809352,28037,7352,187605,1060864
4297,4777,152319,23130,7870,230568,461849
5556,5611,169769,24722,10926,188599,424627
4167,5148,240219,50352,6148,235852,573108
5426,5592,408336,27186,7518,158661,632089
4389,5222,174415,37945,6092,262360,509830
3926,5019,184475,37815,8241,398261,654311
4130,5129,202815,49574,5241,264867,563923
5908,5889,368024,25666,7908,148769,581960
4130,5037,144881,23148,7278,179469,384165
3833,5148,165165,29074,7889,152778,401220
5704,5426,173299,26796,7167,262661,498275
3370,4833,346176,32629,9649,166969,584774
9445,7963,339459,23648,7926,209112,654089
5648,5778,177278,50945,5963,217793,483534
4129,4871,172876,64889,6389,344694,617811
8149,7407,219141,46889,4389,933167,1238901
3870,5038,315295,37203,8889,184869,612978
5556,6074,150615,38334,6018,188438,414461
5777,5834,178805,38871,6037,398228,685922
5482,5759,195459,27778,7519,169483,429016
4759,5500,311761,61130,5796,181365,591070
8778,7518,1373862,34111,8704,178703,1630602
4240,5111,1247701,26000,14222,382105,1699082
3981,5093,378981,62352,6093,223848,710329
8593,7407,247098,25537,7037,125252,439035
4963,5204,120844,33870,9500,169173,380517
6445,6185,177256,22704,7130,264240,504849
8518,7389,169855,63407,6111,151180,442090
5389,5593,226175,25203,7241,270415,559775
4593,5093,416847,62611,5908,244926,798662
5148,5611,159500,25538,7388,283756,508626
8537,7352,171487,38797,6148,293657,578774
5926,6056,191826,35722,8760,196615,462368
4204,4963,385573,52129,6963,168776,657478
5296,5704,538078,25556,7241,204065,806477
5185,5722,162269,63204,6092,386117,645589
4963,5648,174237,66092,6834,147797,425664
4574,5093,348427,25704,7704,174161,584737
4130,5500,129951,26760,7796,175084,385183
5704,5703,155179,40037,6352,270837,526163
4537,5223,177443,23648,6186,237424,486942
5389,5537,228616,61870,6204,348269,673070
3815,4926,431622,33314,9223,192281,696014
9556,7944,150960,27556,7907,286074,531812
4204,5019,171891,39111,5926,371513,617793
8093,7074,190916,26129,7685,265489,538479
5852,6000,326180,35834,10148,341111,745477
7871,7370,151260,24185,7500,178201,394905
4352,5074,162599,37074,6241,409898,663626
5111,5426,168937,36482,8574,147950,388517
4260,5148,314146,30593,8241,146054,528923
8945,7481,611709,65889,6815,356193,1092994
5815,5908,177398,49722,5852,221155,487238
8129,7334,172199,67297,4537,168409,448164
5667,5870,223391,28037,6963,244347,569238
5556,6481,334952,64815,6055,187508,624848
5704,5666,160605,36185,9908,207893,447405
8796,7723,773000,25815,7667,225364,1099660
5129,5352,194746,63574,6037,189900,485960
8278,6962,359066,25426,8834,178153,626533
6019,5889,154497,38129,6000,167612,397850
5148,5741,161428,26463,7389,160736,402201
5260,5703,168471,48648,6019,249267,503775
4537,5259,314847,25074,7519,152465,528867
5000,5741,347093,26945,7926,180774,591460
4056,5370,155191,22593,6870,233640,467016
5574,5592,174974,32630,12093,409115,656848
4852,5259,231516,27797,7537,245851,555663
5111,6018,357356,63222,6222,377862,836347
8963,7814,152861,26963,7445,217748,460238
5148,5370,171089,25722,7111,188798,427516
8815,7315,190408,36426,8352,151626,420461
4297,5037,323785,63537,6185,365211,787681
9241,7481,149419,34871,9407,163597,411275
14352,4611,150610,26204,7815,170851,395720
8704,7222,172079,63000,5852,262992,536553
5889,6129,257825,28611,8000,256561,579700
4445,5166,128941,33056,7426,163890,361554
4592,5260,146298,25685,7315,293847,502737
4500,5314,171230,58723,9222,210804,532534
4704,5241,235309,28926,19426,182336,496349
3889,5333,347315,50852,6741,368143,833143
5871,6204,170616,62019,6796,233140,504183
4185,5222,176437,36722,8445,157783,407923
4556,5426,196775,62352,6500,218740,525367
5389,5482,448781,34482,9241,166233,690107
4185,5074,152879,25537,7593,178582,409664
5129,5352,159625,38574,4593,185187,418201
4278,4945,176667,24204,7037,238589,498164
4722,5241,300766,51241,6463,289415,718385
5482,6130,131178,25518,7112,177912,389035
4760,5203,147777,63833,6630,974179,1225567
4167,5074,175245,24519,6518,154179,389017
4593,5148,229047,28481,7759,167655,480016
5796,5741,319274,35482,8481,150112,542219
4204,5148,144928,26148,7204,223199,431239
4259,5241,170581,41945,6352,163805,411646
4482,5352,195420,26222,7056,181614,437535
4129,5037,386352,39278,6130,190107,665885
5834,5981,156209,26463,7315,177252,399350
3760,5185,168955,38482,4463,147098,386739
4297,5074,171738,26889,6889,284537,516868
3834,4926,986079,27426,8222,192618,1259456
5575,5777,143953,24259,7445,196693,402979
4297,5222,146680,23223,7463,198280,404350
4259,5408,169371,31593,6777,213164,469349
5518,5334,225839,36630,8982,215861,541349
4519,5481,452549,50315,6185,229243,779495
5148,5407,145017,32574,9352,269999,488719
4056,5241,171503,39445,6630,407288,672181
5537,5630,196565,27907,7445,252524,513886
3760,4963,368663,38130,5889,386906,824662
4963,5352,150150,34185,9148,166867,390498
3889,5074,160952,28926,8222,162417,405461
5519,5740,169457,24538,7592,192282,422905
3908,4759,331518,23963,6463,363755,751311
4815,5296,423857,66852,6426,275398,835217
5667,5796,175714,24630,6463,258691,497905
3870,5185,147275,34908,9037,307388,564885
5352,5444,635689,26871,8351,356639,1058716
3926,5148,360249,29112,6111,188340,629015
5167,5408,152217,25241,7666,239169,455609
3889,5167,177075,35037,8907,319219,602589
5370,5871,190858,24222,7389,258639,536571
10741,8574,355123,59481,6408,283687,775514
5093,5351,148110,23944,7371,179351,390016
7778,6982,153337,42185,6815,153272,390146
4167,5241,165601,23612,7351,125878,351776
9092,7352,249885,49297,6203,157835,499978
5945,5592,122687,25352,7648,178071,380665
6000,5741,148247,52037,6463,205343,443979
4741,5222,174994,37130,8241,157263,423590
5389,5463,226111,24574,7407,263424,574997
4666,5130,312857,23241,7240,250992,632440
5166,5667,170658,32093,9093,286079,552089
4630,5315,167552,22204,7556,210630,438090
4241,5130,193910,61685,6278,202179,514793
4426,5093,330489,48760,5870,309525,720274
3593,5056,153828,37870,5945,166225,407572
5852,5667,158259,27537,7297,312663,535034
4241,5111,175357,61130,6278,202121,497145
4815,5351,336512,33870,9019,291373,698940
3741,5000,347054,62481,6093,181554,642478
5481,5852,152263,48685,6834,243179,483293
3722,5167,176972,50389,4759,175840,438664
9686,8055,214774,35926,8333,250279,582219
6278,5759,394558,42370,6352,178420,656589
9481,8500,177433,28222,7667,284953,574200
5611,5574,176105,35963,8092,399355,648607
3944,4982,194703,24648,7148,297461,586774
5240,5482,313412,27260,6666,190159,568682
4037,5186,153880,32741,9314,167211,409627
5278,5481,177052,24667,7352,197630,437886
3778,4889,167446,64982,6537,849010,1119234
8500,7833,246842,26352,7463,251266,619534
5777,5760,439995,38926,6296,275445,825643
5648,5574,176667,51630,6685,246590,537849
4833,5352,208320,52186,6203,156640,472627
5407,5630,228881,25778,7537,243560,534256
4537,5389,341498,27667,21667,184350,626163
5093,5333,154207,23537,7278,207495,423535
9945,8407,168842,26167,7611,410247,682940
5148,5389,144903,24945,7315,178243,385313
4778,5370,312038,29426,6204,196847,575330
8185,7167,143747,25019,6611,178473,388998
5203,5723,156252,40852,6889,153819,405553
6000,5834,171813,26834,6148,225239,461516
4575,5129,248282,37056,9222,242882,567756
8333,7574,417789,40648,4944,309263,839365
5389,5574,143349,35352,8111,279982,499164
5223,5759,207706,25111,7648,200829,473164
8482,7814,214027,65018,6445,150248,471997
4130,5222,318606,26871,7537,266686,683015
5574,5592,152241,51593,6648,207405,448719
3834,5148,176672,61945,6537,165436,441016
10204,7481,187141,23907,10500,216191,472868
5834,5722,345720,23019,7055,414109,820662
9852,8259,142781,31963,9166,170180,391683
4297,5148,157416,25703,7371,340340,558941
10055,7315,168014,63963,6241,191650,499886
6148,5667,246482,36426,8223,168199,489367
4463,5130,972823,61685,6130,179743,1265215
5667,5611,142993,34296,9204,256745,476071
4000,5426,170425,28370,6370,176722,412442
8963,7944,216875,36444,8593,148641,443534
5666,6037,391344,41352,6759,148357,627033
4130,5259,594109,29019,7851,224591,900569
5834,5611,172242,36500,8408,381605,628719
4444,5426,190878,26185,7074,234638,511664
5185,5352,313902,59333,7074,406445,814069
4018,5167,149426,34611,9222,153276,375183
8092,7278,149561,26463,7778,423380,640811
8852,7740,170733,65426,6482,270931,582348
5556,5629,146294,36741,8148,198796,420720
4149,5037,430911,39685,6333,164752,687848
5407,5630,153879,33055,9426,164675,395127
8834,7277,325552,27592,7778,318167,716163
7945,6926,220223,28963,8555,204182,518886
6074,5537,349025,32686,11722,339582,762070
5426,5593,154289,25426,7278,223005,443313
8556,7370,175054,35815,8389,380350,632830
5408,5740,187152,27815,7278,161309,415146
9370,7871,361158,33555,9704,249097,690496
4870,5519,146274,26537,7426,174575,386423
9907,7482,147983,41667,6722,159755,393497
5093,5352,166637,25740,7186,267471,521071
8907,7241,246365,26944,6871,253595,603904
5852,6944,420185,32075,9296,148552,646978
9574,7592,168839,25574,7667,225677,465053
4056,5259,207436,35241,7945,193986,506886
5297,5463,216978,23926,7260,126685,402776
4444,5093,382707,22667,7611,327492,801217
5019,5352,151230,41574,6482,170156,399961
4037,5389,175551,29926,7815,423797,666904
8241,7333,185742,65870,6482,213107,540071
5222,5592,392951,24537,7630,193268,652459
8223,7074,143474,26796,7371,174653,387424
3926,4963,162832,24111,7611,199888,439572
5519,5722,168522,25371,7092,137420,367461
6426,6130,248917,23815,7037,191654,501016
4796,5204,705127,24278,6833,269700,1069012
5537,5463,156798,62889,6203,265514,522348
4149,5203,164804,35907,7704,227490,485942
5093,5629,220661,27518,7760,260336,544330
4111,4815,317796,26333,7833,271719,674996
4629,5167,154060,39630,6445,169289,398220
3982,5148,176621,42352,6278,313449,564275
4537,5278,351127,26852,7481,227925,661978
6185,6019,422614,32592,8963,196734,694144
3852,5019,149489,38870,6704,163675,402961
5167,5537,719125,25871,7426,300535,1083864
3963,5129,171556,26908,21037,174590,422775
4833,5556,245469,26759,7574,179380,487608
3944,5111,333716,37037,8648,148059,587348
5149,5574,148331,41445,6222,178388,405072
4222,4760,172133,62759,6871,291659,558775
4537,5333,222509,26574,7315,278340,562348
3964,4981,338293,52129,8148,179853,629312
5667,5593,172908,24501,7296,253125,541553
4908,5370,173488,23408,6703,153473,388127
4277,5056,196235,63740,6630,201503,544756
4463,5334,349518,24611,6352,162090,572127
3537,5092,158116,28778,7685,250641,485478
5648,5648,153306,23630,6222,178488,392812
4111,5074,171682,56426,7315,152908,416460
4555,5315,246558,25704,6185,163365,487460
6093,5407,340638,36426,8685,210173,623626
4444,5352,146884,31370,8204,188077,403886
3741,4982,171907,69241,5148,196423,506460
5075,5499,216562,35500,8407,148307,436683
3611,4889,388641,24222,6445,153725,601089
5018,5630,153424,29481,7778,199611,420756
3797,5018,168541,41463,4741,298567,538979
4334,5092,195546,35685,8723,168785,457294
5611,5833,1617314,28722,7093,299841,1986877
9296,7630,488039,24944,7574,412085,969253
4223,5129,202099,32445,10185,245713,532386
5500,5481,173272,26037,5963,200263,435793
4056,5222,249092,24685,7722,163221,476479
9019,7666,415098,64352,6222,294768,813884
4944,5352,175991,43371,5111,237802,494071
7796,6908,996961,24908,7500,223975,1305826
5759,5797,372280,23259,7167,206457,642145
8926,7259,363249,27370,8686,176470,611681
4185,5260,147735,22315,6314,264114,501664
5222,5667,175240,42704,6815,315108,569274
3611,4797,202598,27000,7278,223954,514423
9592,7445,324011,38852,5963,302114,705070
5815,5814,835092,33815,9148,146254,1055827
4037,5186,153910,60963,6241,328123,574590
4334,5388,176898,52778,6518,180100,445961
3944,5445,257310,27148,15908,170187,515682
5685,5982,117260,27278,7574,176497,361238
9297,7685,149562,23018,7037,195788,411776
4259,5093,169456,28537,6241,149412,397294
5518,5519,216925,25370,7241,233646,511700
4001,5074,390356,22611,7334,197769,665589
8444,7574,147510,41222,6500,180914,411053
6315,6371,174829,28482,7444,150131,393239
4055,4982,188687,50111,5056,175958,448479
4907,5408,232304,25555,7130,398674,694551
3704,5000,150587,25778,7111,178189,406331
6148,6093,156259,23574,7426,168924,388072
4944,5482,172727,26445,7629,131197,365146
3963,4889,244807,24741,7167,152875,454294
4166,4982,335572,62315,6333,151777,601792
5815,5852,146911,69666,5815,210106,464257
3889,5000,206416,56092,6926,302785,632885
5296,5352,214699,24926,6870,184169,459367
3963,5000,343742,38482,7555,186033,604497
5278,5537,184284,24907,7278,261620,522867
5908,5796,175512,25593,7481,178486,418368
5093,5240,183073,23074,6722,167185,407886
4333,5167,291893,25778,7278,241844,651607
4444,5352,135861,24000,7556,181044,377942
4148,5204,154792,42408,6852,834571,1084771
5537,5518,681651,26482,7574,243492,991309
3870,5185,243563,62167,6000,153508,493404
4297,5463,422605,26686,7500,314556,831884
5315,5500,145721,38000,6019,181072,403053
4389,5037,168542,27926,7593,149456,382090
4796,5389,218992,62463,6093,239060,556108
4278,5092,347961,28445,6111,186999,613644
5630,5704,153429,34907,9574,192162,422405
3871,5037,169786,26444,7296,187953,419720
5000,5574,183292,35055,8093,154151,408924
3740,4852,359538,44834,6852,149254,606385
5463,5592,142117,24963,7000,177529,382053
4519,5351,151253,41500,4611,162801,405683
5111,5278,174980,48463,5722,174184,432682
4093,5092,245004,61074,5908,164159,505460
4167,5926,423362,27778,6981,187079,674200
3889,4982,179070,65093,6166,237834,529219
5426,5518,213428,24315,6833,378199,650737
4537,5611,214951,26130,6611,262842,552682
4834,5444,388809,68260,6741,409981,902495
4556,5259,156555,40371,6926,184053,433942
13518,4408,148986,26315,8148,151863,391516
9741,7999,173326,24907,7093,210320,451664
5407,5537,271609,25148,7166,163222,495126
4648,5259,798948,59186,7463,237563,1186882
4463,4982,152489,41815,5315,387785,657867
5981,5685,177514,24333,7130,155966,398590
8612,7592,238075,48722,5259,196293,524608
4648,5167,120320,24130,7704,231714,414405
7982,7296,149919,58463,5055,181301,446720
5611,5722,199887,37649,8240,348499,622867
4833,5704,213430,47740,6723,167660,482701
5001,5425,388158,34648,9075,173375,653867
8519,7537,159625,62390,6666,210483,474831
4834,5240,703762,34074,9112,319380,1129346
5352,5278,183451,23426,7278,137769,379831
4314,5167,337772,33870,8038,145150,569515
4963,5426,461500,23167,7704,341791,864366
3889,5148,151209,42055,6556,388566,617200
8000,7537,174121,32630,9370,190340,460645
5186,5518,240442,64481,6556,150370,496405
8019,7777,325281,25519,7518,153791,565571
5352,5685,173471,49352,6815,176341,437109
5741,6037,167420,46556,6370,204892,480404
9130,7407,214964,37666,9075,183608,479479
4222,5167,344506,25351,5926,155936,576552
5686,5963,147900,29092,8278,264523,502460
5796,5963,174257,38334,6500,164499,416516
9130,7722,174059,27130,7222,197531,440220
4777,5241,406176,32297,9481,215913,753551
5000,5574,589904,25574,7797,196961,853458
8796,8093,145871,38945,5907,404792,630737
4518,5241,166970,34722,8500,153824,394386
8537,7056,241938,62797,6018,358206,723366
6630,6259,386278,34333,10093,214404,700385
5000,5741,148505,37370,4796,212105,451424
5334,5481,172399,34982,8296,189321,439905
8944,7593,216682,28555,21093,183186,504645
5167,6278,400058,24926,7463,213901,680348
7926,7740,153119,26982,7889,211249,433645
4426,5278,175513,66278,5852,352113,661218
5148,5296,187075,63889,6537,216774,556719
4945,5537,171653,27204,7500,370232,621478
5371,5685,916975,34111,9463,204851,1198215
9074,7703,151350,65630,4722,220796,492182
5185,5445,172021,34556,9204,186679,431386
4796,5426,241064,62741,6037,236469,588904
5055,5778,420237,37815,5704,430239,925754
8629,7426,145279,33093,9203,171868,394146
5129,5241,180859,23092,7426,154066,396238
8259,6945,211623,28796,8056,282226,589108
8723,7222,497055,61000,6130,187162,787162
4907,5389,249745,32630,9037,701582,1025660
8074,7055,171103,26000,7944,411968,686681
5982,5889,184755,49797,6500,193371,466220
5519,6018,312743,28686,7629,228069,624571
5001,5333,2360123,67630,6315,160213,2627541
7333,7593,151272,23778,7185,172281,404849
5111,5259,171556,27796,6315,199146,439479
8630,6907,233450,35667,7889,180417,491016
5982,5759,326345,26278,6944,255670,670756
8611,7333,151998,26092,7667,205500,426201
5445,5685,207003,43797,6426,343085,629274
9704,7777,205250,26593,7851,165675,438590
4648,5111,364088,33038,10277,349704,785069
9056,7574,152593,24315,7352,179164,415572
14759,4778,149413,41297,6463,301916,537719
8963,7185,178252,35389,8389,151394,407071
4704,5259,345666,36722,6019,296256,723737
5519,5611,460171,34111,9389,314380,852532
9463,7537,143695,25018,7297,467968,697607
5260,5333,174959,61482,6204,213241,487553
8426,7203,242002,25926,7667,251347,560978
5260,5666,330915,23445,7185,156119,548775
7593,7222,162198,42407,5019,251244,530812
5592,6019,175037,34351,9297,177220,448238
8537,7481,552414,23704,7777,698913,1335640
5556,5759,358622,38149,6814,150023,585793
7907,7556,156127,38833,9371,219074,458164
4111,5334,172558,28074,8778,147810,402183
5352,5444,177490,60482,6463,154026,429349
4241,4963,390440,49000,6260,180407,656496
9222,7723,351593,27278,7963,158366,616052
5852,5482,149728,35926,8445,172917,398443
4037,5260,172993,23481,6204,212838,462220
5334,5296,244147,26796,8093,257109,591904
8481,7259,369097,25241,6056,191733,627792
6074,5945,171268,23537,7112,277543,511312
4204,5204,210126,64685,6445,318463,625941
4685,5463,208705,68297,7167,155106,485423
5593,5537,387822,38167,6630,325951,787292
4001,5148,155012,63463,6186,170503,422924
4500,5223,173351,26574,7630,150702,389350
8611,7389,174098,49092,5167,186603,450553
4630,5296,387622,24852,7407,176060,626607
8222,7148,139645,32797,7500,166982,399201
5889,5814,152318,49870,7334,148569,390294
4130,5277,175027,48834,5814,204138,480960
5260,5907,243088,39167,9148,201057,521590
4333,6241,609242,27315,7185,177216,866773
5222,5815,155191,62519,6314,220603,524645
4741,5277,176901,28629,7815,193135,452719
5296,5389,208925,26740,7315,269906,541349
4889,5129,342541,51019,7167,216510,700273
4778,5334,151027,40611,6297,304302,548868
5370,5389,174070,28111,7019,149539,389016
4481,5222,192576,25796,7371,213014,465367
4000,5074,300451,52371,6500,313489,732162
5555,5445,1201718,26963,7500,151459,1419195
3926,4926,162703,50185,6333,255776,556348
5130,5222,174301,28037,7686,263511,501442
3963,4760,241954,48649,4611,225523,561775
5481,5630,1119444,36055,9574,147679,1340196
4574,5278,149484,67093,6056,186735,457479
5519,5722,168249,34537,8185,187045,428979
4185,5315,213532,26834,7814,242299,521460
9333,8093,146167,38981,6148,193776,422608
5129,5445,166691,24611,7074,275362,504941
8612,7592,168604,35352,8481,390800,635774
4630,5259,146665,48148,6371,294054,533312
5963,5815,351837,29778,8333,152752,576959
7852,7370,1737568,26760,7092,222495,2050136
5501,5407,143737,35481,8426,1430735,1650824
4666,5574,172372,52426,6889,224848,487886
8852,7408,243229,27315,16814,196176,520071
5241,5481,370828,69574,4796,193761,702959
5685,5722,151981,46593,6444,374053,608811
3833,5149,178226,63260,5222,195696,493571
9518,7222,202492,26222,6871,164228,434145
5611,5426,371090,39074,6018,319332,764588
3760,5129,150614,27518,7667,228625,458257
43111,5037,145305,26278,8629,174416,423516
4056,5204,188494,61704,6500,171966,457720
4981,5296,274686,37759,9037,241256,613348
5704,5685,829488,38667,6056,164524,1070734
4167,5222,147992,24037,7648,176191,401331
5241,5407,166109,34056,8759,151129,388035
3722,4963,239226,27407,7630,265974,591533
5148,5685,415232,33629,8185,167580,670736
5259,5519,174810,76260,6314,224409,513330
3871,5055,178798,42722,6518,366440,619885
4500,5407,213007,27519,7000,259379,533941
3722,4982,384549,39871,6926,439112,915754
5389,5815,1184890,25445,7500,300453,1551584
10148,8667,165726,37964,4648,151882,398405
4556,5537,180213,26000,7223,154728,400498
8000,6796,327183,24259,7481,153426,546478
4574,5352,510540,24482,6889,305621,915847
5722,6018,144878,39074,6760,161842,385534
8370,7648,172050,30315,7000,183226,427497
5537,5759,241222,36519,8741,223108,565552
5519,5889,360339,49482,6389,343748,791496
8426,7426,153826,25796,7500,236468,458127
4389,5185,490017,28093,7685,304811,861217
8074,7352,213874,22481,7333,166180,462793
5685,6019,383805,38889,6167,348208,809366
8074,7019,144699,34574,9445,219002,442868
4630,5371,172964,24518,7685,188052,422942
4834,5685,177081,34555,8185,153807,420554
5778,5833,350068,40944,6260,328742,755051
4427,5388,355574,35092,8223,150256,575108
4167,5296,148875,29333,7611,185716,400257
3870,4908,167602,65593,6204,290579,590237
5407,5760,245126,25926,7778,243444,552200
3796,5112,1134096,61223,6074,306098,1532417
4704,5463,141303,45575,6352,251175,486053
5334,5555,205865,37630,8426,150151,433350
4278,5148,206315,24667,7333,165942,430424
4685,4982,431894,50593,6315,201231,741662
5278,5778,152159,32592,9630,170043,395054
4759,5296,169961,25741,7611,151722,400960
5037,5426,176503,25277,8186,190828,429719
4149,5370,348194,36111,8315,345691,764403
4111,5500,355885,65555,6389,205834,663237
4148,5352,152371,24278,6926,187349,416387
5333,5426,175895,47315,6222,205066,465108
4333,5185,247345,24686,7278,254670,585663
4759,5352,961778,23000,7278,199511,1220993
3963,5074,169263,52112,6518,261975,517608
4333,5074,175528,67241,6722,154803,451330
5333,5407,206052,25778,7167,125353,394312
9075,7666,327502,28038,5870,198568,621386
5186,5592,149748,25204,7056,215657,430813
9000,7445,167142,33778,9648,313225,558349
4852,5093,373259,24926,7111,290033,748941
8537,7667,295172,67871,7203,350768,789236
5741,5889,1165290,45241,8685,197627,1448010
4407,5241,153294,33537,8037,860737,1086290
5501,5740,172448,26203,6408,248105,484683
3926,4926,243675,24129,7815,265692,594015
4629,5074,408866,34056,10500,177241,660181
4519,5278,153352,26685,7519,235811,467868
5777,5852,174543,23334,7518,161936,399256
4129,4963,209456,63852,6722,217041,547589
4796,5371,384054,25963,7722,423256,902828
5370,5500,210374,33297,9222,230123,569719
4963,5296,172491,23852,7092,442321,673774
3834,5111,189107,64056,6666,218501,528182
4370,5186,351779,33223,7814,309587,728866
3945,4907,616934,64019,6777,178617,912828
5871,5611,151087,39370,5796,164060,391628
4685,5482,176018,49500,6074,146776,408035
4241,5093,243060,26296,7445,189807,493219
5278,5334,321825,28945,7685,205041,614812
5519,5629,158627,62482,6833,229741,490127
3926,5204,206521,36093,9203,149180,447442
5315,5389,202860,26167,7277,163712,429127
3833,4815,404847,33704,8926,189334,664940
4833,5444,174390,25148,6963,219108,456404
7796,7370,166858,27556,7778,153714,408497
5592,5593,172474,65260,5203,176746,450367
4796,5611,354295,24593,7018,809772,1225937
8111,7278,350338,63407,5945,161233,631515
5204,5500,152453,28167,8130,255247,475923
4611,5315,176496,23407,6019,203760,439293
4018,4963,244724,24926,6982,210477,532904
5370,5667,332618,63982,6574,200063,657218
4907,5426,161605,23593,7407,283244,506015
4352,5333,673834,27611,7518,292883,1043568
5259,5463,380746,48055,6241,199973,665403
4833,6463,349659,36074,8352,381263,803291
3759,5000,151331,40926,4555,272093,509312
5685,5667,171428,26575,7518,355994,590404
4334,5259,172322,62760,6185,219860,525145
5612,5388,323255,28518,7945,211761,601997
4704,5278,153611,24685,7389,258997,487757
5463,5389,147968,23445,6963,186196,394609
4204,5148,169474,22982,5722,194227,421516
4667,5444,239591,62278,6259,225258,596867
6056,5278,354818,34315,11093,185678,625793
4056,5278,170434,52593,6500,198322,479386
5092,5445,177607,50278,6222,412259,674199
3796,5260,205038,62371,6018,207811,558904
4482,5352,309581,50648,5870,147231,560071
5834,5777,150753,24648,7334,203171,419016
9741,8111,163851,36926,6000,441774,704959
5351,5389,180857,35852,9240,157253,411108
4796,5408,325343,28537,8130,167376,575237
5148,5389,834535,63889,6334,493641,1429417
4037,4963,147650,33241,7537,169811,388331
8204,7370,172360,48945,5944,166471,428868
5518,5463,232421,48148,5926,167410,484275
4685,5445,385796,36926,7871,156070,617033
4555,5611,179191,28407,7426,270177,540385
4722,5407,176196,41297,6315,378467,630589
3833,5093,205090,26241,7148,153648,438164
6037,5944,361115,35500,8334,310251,744551
4075,5426,171564,26815,7518,244674,502627
4926,5574,168514,34371,8870,179743,421183
3834,5037,180834,27649,7259,262792,532275
4426,5111,299599,49574,6778,205768,590941
4037,5130,1160570,36204,4777,194200,1423455
4778,5278,144906,27611,7815,176499,402850
5741,5777,833265,25945,7093,232747,1131401
3593,5055,240881,36889,8185,230691,552960
5167,5315,407645,24982,7222,450442,921921
4426,5278,150798,26500,7871,207477,421720
4223,4963,174100,33111,9037,214786,483238
4741,5278,204550,26018,7278,248169,513627
3815,4999,401982,32389,9019,205551,692829
5297,5426,158135,23370,6889,179455,399091
3704,5074,170177,33963,7611,150654,390238
4315,5333,175164,26945,6648,244963,480590
3944,4778,315985,36315,7796,177605,585515
5611,5648,122453,24574,7222,177286,362572
4556,5296,151440,49019,6092,151836,404442
5352,5371,173278,46445,6389,416865,671145
4001,5111,237043,24371,7574,154139,449276
4537,5296,440309,61889,4908,275390,845921
5278,5778,162832,34407,8815,262758,500664
4074,5129,172579,27277,8167,148994,385831
4852,5519,205713,52982,4851,173525,467572
3945,4889,393423,36148,8685,238147,757237
4870,5167,150132,25796,7130,229680,441368
3982,5296,172267,56500,5778,421859,683015
4371,5129,171643,62130,6222,189318,470979
6055,5926,362778,35945,5870,257348,694274
3630,5018,895433,35481,8500,205561,1189030
5611,5463,148677,27722,7519,177135,392497
4112,4777,169591,51389,6796,179537,435276
4518,5445,238892,27926,7685,283679,585737
3611,4963,142119,26945,7296,274063,489626
5371,5444,169255,23222,6852,225946,457405
3556,5093,177389,26167,7370,150386,388961
4315,5074,202025,24185,7297,190769,451627
3704,5018,392716,51019,6129,266336,784866
5537,5796,152758,23482,7685,179092,412960
9612,7963,161615,68092,6926,839749,1130290
5241,5463,171658,26240,7463,187785,422127
4426,5445,348237,37611,6482,161722,599626
5482,5833,356002,25482,7278,161180,579460
3945,5555,150785,26408,8963,184120,400220
9278,7593,167994,62222,6408,296113,601015
5371,5759,235870,35852,8482,160479,474368
8056,7389,337450,24592,6297,151917,555201
4111,5204,149695,62945,6500,191079,456923
5352,5685,170183,34629,10908,378073,623533
4130,5129,206133,62167,6444,143365,449868
9778,7593,420657,27648,7630,312208,823144
5593,5704,154958,34481,9371,162891,394443
9519,7518,160501,25407,7074,161275,391257
4037,5148,177432,27815,7426,267362,542849
5389,5444,285771,35371,9130,153207,515479
9148,7482,121220,25075,7148,178999,367868
6333,5963,151763,40667,7445,268456,500923
3629,5186,171638,34834,9278,195821,441238
8796,7445,226552,65463,6759,325092,691737
5500,5908,375983,26093,7926,390938,831144
7666,7111,156600,38982,6815,166287,402794
3833,5074,172828,28889,7944,148115,402646
5352,5500,663982,65741,6426,240846,1033494
8352,7166,334654,49796,4519,177213,619459
5370,5389,149362,35741,9370,164136,390664
7815,7518,167923,42167,6574,352796,602700
4519,5296,174781,26518,7852,246143,486868
8926,7371,436694,32389,10000,309468,826496
5649,6259,353384,27593,7537,239797,657145
4093,5389,145815,32741,10111,298349,553571
4889,5240,170969,49148,9371,162047,423071
9056,7666,225364,26778,7777,259764,554423
4981,5371,404147,41815,5166,417719,929920
5833,6000,152115,24407,7815,230735,446645
3870,5167,171064,38334,6296,358895,635274
5370,5445,201922,24426,7055,154335,416664
4352,5167,299465,60796,6148,171292,566979
5297,5481,155729,28371,7889,173268,395739
4278,5037,167864,24778,7463,353410,579033
4260,5185,173925,49315,6500,163498,438665
5963,5982,276375,28093,6370,235307,581441
9000,7926,126640,38537,6074,163469,388553
5148,5463,147997,51204,5982,162315,399646
7537,7130,169336,65185,6889,396734,705848
5648,5685,234434,27852,6926,179841,478071
5074,5481,396181,62463,6167,152871,665940
5352,5482,173037,42352,5630,233423,534053
5278,5278,172690,37760,8463,295472,576960
5371,5518,194974,25167,6982,164782,423294
8593,7518,353221,24741,8426,150165,571275
4482,5333,152393,26389,7444,176402,393368
8649,7296,162620,40908,6407,170581,416257
5408,5481,174163,35944,8334,169205,415479
4722,5389,260150,29611,7148,282884,611941
4260,5370,414433,33963,9056,432191,921291
9056,7611,172253,24389,7426,195800,454794
6278,6092,171092,35852,9167,187406,438516
7685,6796,227005,24389,7203,270715,562811
7574,6482,375010,26722,7500,149727,593774
4204,5129,154516,20648,6111,310111,521182
4185,5093,168447,33592,8963,152607,391572
3852,5130,203582,66407,6630,874837,1195549
6907,6019,379458,28593,7296,172724,622867
8945,7777,148186,37907,6315,164998,393664
4630,5296,171395,25407,7019,186751,421016
4315,5370,165326,24667,7222,174098,401479
8611,7334,311572,26407,7167,151869,549349
6111,5648,353726,50537,5352,182826,623367
4463,5407,147972,24185,7426,179582,389923
8426,7556,173181,57074,6704,366075,635256
4722,5222,156501,25037,6741,175867,410719
5964,6000,381507,28240,8000,149453,603404
3833,5167,146234,43667,6555,202819,429275
5722,6093,203425,42389,6611,355053,635700
3926,4907,202134,36834,8463,147567,442701
6814,6408,295343,34704,8759,257987,628718
7981,7778,149034,27852,7481,179020,415016
5315,5685,166761,41130,5019,428975,671811
3741,4982,178674,29759,18334,174749,447313
5167,5537,286328,31463,9445,155280,511497
3482,4870,130389,25593,6944,179035,371554
9074,8074,149487,26926,7408,313825,535534
3649,4759,172770,26778,13148,191913,452424
5926,6092,237017,62889,6629,427609,765903
8963,8426,3023991,27760,21148,325193,3451369
4815,4500,142012,25574,7315,199227,406127
9944,8241,173810,25389,7148,154558,398405
8092,7019,200908,25130,7741,201366,470404
8685,7037,342859,24055,7130,208730,638811
5833,5833,295809,25926,7352,198151,560367
8759,7574,160017,42593,5426,280924,522923
4963,5278,175486,28574,7241,277326,534016
5666,5649,303861,23741,6315,226635,594811
7963,7148,868109,62204,6611,183588,1169901
5833,5778,145131,28297,7500,562012,776810
4760,5222,170378,38796,7815,181268,429257
8352,6982,201457,25500,7204,326539,592960
5445,7074,420945,34185,9370,186033,699552
5612,5796,174894,27222,7537,274733,515238
4537,5241,171548,34352,10111,188561,433442
5093,5667,195460,24723,7518,184667,459979
5481,5352,349892,35797,8203,142420,566348
4296,5186,149008,27037,7389,201637,415831
9111,8000,157866,41593,5370,418982,658996
3963,5148,655132,33370,9056,259381,1008717
8019,7444,335636,22908,7481,355249,788458
5722,5908,361512,48593,6463,157095,606015
3555,4778,153091,24315,7130,282758,529145
5167,5407,170745,31926,7871,201104,442590
3500,4870,228029,27814,7834,254246,545775
11334,6981,449997,49223,6333,228517,771774
3371,4815,153094,39611,6908,219662,465961
5500,5630,166600,32889,9388,197528,461164
8704,6963,195124,27074,7500,248725,547534
5037,5297,303111,35111,10167,157330,533219
3241,4611,148616,32778,8963,172030,391831
8889,7666,158363,39981,6741,154784,396220
6186,5870,176201,27982,15629,177852,445498
5519,5722,310226,31759,9074,145438,527516
4389,5111,127360,24870,7723,176619,384387
5537,5574,150254,48593,6204,266224,525534
4722,5185,168279,51185,8444,187942,467627
5574,5463,226192,26092,7500,218380,510701
9259,6833,320716,64370,6519,215299,690273
4723,5537,156961,25463,7130,307906,538997
5333,5500,180115,28259,7889,279975,524034
4222,5019,200231,26038,6870,281488,561404
5314,5445,405830,34685,9482,191314,690125
8889,7389,2071265,24463,7629,200333,2339764
4945,5389,164729,44167,5074,414230,676681
5445,5611,167660,35704,8019,183948,427812
8130,7166,337481,41501,4574,360088,797032
5129,5500,348913,35722,8908,148788,573441
8037,7185,174881,51445,6555,247839,528997
4926,5741,168164,69574,4593,167370,439683
5037,5482,376336,27667,7463,185419,642071
5056,5389,151527,41740,6167,163916,393757
4297,5148,167717,24796,7612,274928,505016
8166,7204,727002,37259,6204,296251,1145011
4463,5370,204321,27074,7593,259602,542460
6055,5852,415623,81519,7481,213095,772458
4426,5296,154499,27981,7537,260462,491997
5260,5463,170096,39833,6519,148253,394794
4852,5463,178750,26870,21723,262710,521127
8926,7037,341682,24000,6685,182463,607367
5259,5408,418854,25740,7686,470751,955902
8704,7333,144841,50592,6260,156676,393165
4370,5278,167494,64537,6481,408651,709329
5334,5518,237907,38500,9297,201793,515571
3981,4871,345931,49796,6463,147121,578774
8612,7629,153973,27186,7889,185172,427035
5204,5278,172201,64222,5982,410628,682571
8000,7166,194373,36186,8518,244550,544237
4574,5241,315971,66315,6148,205674,657330
5630,5667,146698,26112,7314,179337,392480
8129,7241,157297,29944,8297,167182,415923
5315,5722,168080,62185,7185,153196,420923
4260,5166,342401,26704,6777,159726,583404
5111,5463,347369,60759,5908,237609,704237
4519,5148,142207,33926,7889,224512,456627
5278,5592,164769,24592,5926,158693,384442
3981,5149,233977,25963,8370,165483,464460
8630,7037,887095,23315,7426,313749,1338085
4704,5222,146525,35278,6315,174472,409720
5685,5815,174105,28870,7815,150652,394997
8277,7000,194259,25611,7519,251738,511960
5444,5741,393542,27704,7204,281824,767273
4723,5444,150677,25333,7111,176470,405665
5667,5333,161645,36982,6500,153871,389850
4426,5352,656410,28001,7592,307546,1029568
3778,5074,343601,60630,6018,332247,771977
4667,5222,350958,36908,8629,177187,623552
5667,5722,179296,50797,6092,260905,579941
4204,5000,175190,50871,4704,168677,428146
3815,5019,223381,29408,7333,233931,545664
4796,5389,387036,36092,8926,156665,618552
3593,5222,161466,50759,6463,231883,527256
4777,5278,177768,42945,6574,289988,578941
5666,5926,204237,24907,7889,180854,447015
4537,5315,356779,40000,6056,372068,836236
5167,5351,143340,23834,7426,180306,385775
4537,5074,160919,67371,6574,279540,576941
5463,5481,175221,51130,6315,182795,448127
9629,7278,336357,38722,8426,409842,861532
5333,5574,345325,61908,6185,144635,590330
8130,7593,150848,41111,4241,215908,504831
5111,5463,175817,29297,6389,176717,434887
5371,5463,225137,35074,8389,248212,572701
4667,5278,384884,23333,7445,155205,617293
5204,5407,152722,29167,7704,257738,479256
9149,7407,169561,24148,6796,154678,410479
5760,5740,191808,63833,4982,173412,467424
8871,7241,319442,28074,7223,265479,681811
4963,5426,155318,38407,6426,165439,413386
5463,5537,159342,27222,7130,187859,412127
4815,5241,168810,62963,6074,152780,435887
5203,5445,285742,25315,6314,188015,535626
4371,5018,343248,26055,7815,171694,579830
8852,7722,167716,53111,6333,228004,503886
5204,5444,169092,66463,6352,158572,432627
9148,7371,217763,26500,7000,253067,566367
4815,5611,403825,35648,9259,184023,680292
5519,5555,150941,25834,6833,235112,450701
4722,5260,166724,34092,10019,825270,1069179
9537,7778,416434,24481,6852,314191,798606
4445,5148,367217,27704,8074,169891,603386
9500,7518,136315,41648,6574,164961,387072
5778,5851,168117,23852,7666,159567,392608
8630,7000,166807,60963,6389,157579,426905
3575,4851,340628,24944,7445,417312,816181
5093,5685,425096,40426,5445,156455,659626
8852,7481,177749,40963,4667,264803,579663
4464,5037,173736,37389,8426,195057,444831
8537,6814,227150,27074,7648,272496,584163
6352,6074,315599,50889,6482,210619,674181
4964,5203,154438,33129,9649,165171,392072
4092,5315,174202,58852,6056,352868,617996
4278,5277,193579,36370,8796,243345,513108
8667,6907,309621,30945,6388,225172,626107
5834,5981,150497,41426,6018,166261,397628
8408,7240,153632,57685,6037,325995,614256
5278,5592,175026,63111,6111,164898,441016
7981,6815,278328,27204,7203,198003,544311
4871,5833,123111,25093,7796,178183,381813
5278,5759,148357,25907,7426,222067,434682
3908,5092,165122,50333,8574,166098,419368
9371,7092,219387,24889,7463,267814,558256
7556,6537,379226,35963,8222,372899,860680
5630,5667,144063,43149,6333,171267,396128
4982,5352,170402,28315,8630,350631,625478
5259,5555,193260,63204,6093,164719,459849
8389,6963,340155,25259,8944,224435,635145
4130,5037,177400,23204,7037,292393,531608
8204,7222,152129,28018,7408,170147,409387
5260,5444,174486,65074,6815,195178,472016
3981,5037,346362,23315,6351,154414,577385
5222,5426,130255,39093,6389,164835,370886
3482,5148,151613,23852,6833,224681,436183
8297,7148,695693,60630,6482,319337,1132864
5056,5481,228031,23371,7204,162781,449627
3870,4797,352777,37167,8019,177996,623570
5112,5555,144579,23334,7518,291307,522979
8537,7518,170641,33351,11019,180895,431238
3612,4889,197775,64315,7166,318240,647367
5426,5648,301410,48667,6537,193105,580459
6185,6167,140897,33093,9129,167323,398498
5000,5352,158254,25185,7426,198855,421386
9000,7093,170167,23408,7296,285922,549423
5074,5537,248784,34870,8093,153491,493404
5389,6203,354364,23556,5870,203374,624478
4759,5056,145368,28611,7982,240018,452405
8556,7333,204226,25759,5834,179604,472016
5833,5630,224676,24629,7371,250432,537330
3852,5037,313552,36000,8204,278463,701422
5389,5555,154705,67964,7037,214866,497108
5611,5852,175710,24482,7037,154769,393072
4037,4963,193346,27926,7944,158875,413090
4408,5167,366684,36167,8408,165663,629886
5259,5741,146801,26222,7259,163994,377220
9500,7704,150121,27482,8370,170432,393331
7296,6908,171756,66148,6611,156982,436034
4871,4814,319818,27185,7260,187938,572960
9074,8445,390304,26574,7408,149229,610459
3574,4686,149717,50703,6500,198781,433627
5371,5703,167593,24056,6870,173553,402702
3593,4963,226098,26000,7056,283731,596497
4649,4963,153733,34352,8944,300301,526220
3574,5259,154647,44129,6389,267740,524997
9389,7685,169800,28185,7185,179865,421960
3500,4704,203916,24704,8426,173673,435757
5074,5352,366348,60389,6056,319740,816366
6167,6222,868633,62426,6203,878931,1849619
4203,5111,159044,26389,6611,177436,417145
5333,5834,171771,48093,6111,160837,417201
4260,5148,289018,23833,7278,271738,620663
3944,4704,347894,28518,8093,204084,614181
4685,5333,149029,22426,7574,191303,417183
5556,5574,171330,27908,6000,234074,493238
9592,7426,215466,25500,6907,221698,523534
5166,5556,396045,25945,6889,175951,636570
8426,7482,170902,25074,7593,279076,543090
4666,5352,174630,23944,6871,439588,706644
5481,5519,190450,64889,6685,258825,551441
4759,5130,306733,62815,6408,171615,595515
5370,5389,2406521,23834,6815,265055,2736262
7667,7315,167522,27389,7555,302013,564238
5056,5481,176972,62611,6241,202748,490886
5778,5537,311088,26723,8370,424870,799847
4185,5166,424613,38000,6000,153551,650700
4481,5186,152043,42834,6129,186065,437312
5556,6037,172030,31926,6334,191133,432627
4148,5185,220518,36944,9130,147035,473941
6111,5500,324227,24148,5519,194121,578922
4352,5130,154176,34037,9315,194969,421220
4074,5092,170979,66463,6574,157426,429571
4185,5241,193409,27038,7907,135236,390072
3537,4630,282211,62352,5704,155822,551367
5555,5834,138179,27704,7445,174411,378646
4296,5222,158500,42241,5926,430126,682959
5408,5278,244672,34555,8963,353732,669182
4111,5278,605548,61278,6000,343464,1062086
5241,5259,423832,33129,7741,188590,683903
3556,4870,204022,56037,6722,198013,541775
4963,5611,178361,49889,6463,397135,694774
5352,5537,224589,25222,7259,275001,587942
4370,5556,326298,62203,6260,145217,585385
5463,5426,151469,28297,7185,210676,430479
10056,7666,168438,29759,6723,185208,427275
4149,5222,192239,53297,7407,226869,544294
5593,5685,303264,49111,5908,324787,713200
4871,5407,561511,24741,7629,206263,846366
5519,5407,155756,39574,6074,371130,601460
4611,5278,173928,36148,8889,217902,464182
3797,4926,349026,57148,6260,209173,656478
4389,5222,122050,25093,7444,178782,363091
5241,5944,171889,52778,6500,242256,506497
9371,7759,178487,67018,5185,218640,530997
4740,5204,220011,36537,8537,205820,498849
4481,5019,394609,40315,6629,146480,618996
8149,7481,154096,44500,6315,268105,543553
6092,5926,172805,25685,7537,436951,674792
8185,7204,185644,62741,6629,154780,444183
3500,5000,365983,67223,7666,321587,822607
5259,5611,147636,41926,6241,162065,388720
3352,4797,158752,38315,4370,152690,383554
8074,7111,166703,28315,19574,239628,513738
5537,5667,341097,37000,6222,149807,581941
5851,6037,123251,26148,7352,180099,368868
4130,4944,152793,63334,5926,184575,451164
5482,5703,171521,53259,8204,309013,570367
5315,5685,217675,24629,7704,124879,437664
5130,5370,401217,33130,9815,165742,640478
4167,5111,150222,24018,7186,281386,523941
14241,4333,174875,27760,7833,264029,534589
4815,5519,192399,24371,7185,926909,1219993
5334,5537,364035,27240,7537,155444,584830
3723,5037,450577,64667,6667,328658,879736
4852,5426,162693,24111,7426,167194,390775
3370,4815,174829,48592,6130,158614,431553
5593,5740,297205,26278,7130,232866,595922
3648,4852,162580,23259,7371,234065,456590
4796,5611,149456,61704,4741,202374,472738
5426,5574,168647,40963,9852,187406,486257
4723,5315,940820,23093,8555,313506,1358678
5130,5389,438510,32537,8889,278596,814699
4648,5149,150718,27852,7630,203223,439572
5222,5426,175798,41278,6556,386124,639052
4148,5185,194193,26389,7537,266601,535645
5111,5296,361050,34408,8333,149725,583330
3963,5055,145741,25074,7907,179721,385979
4426,5204,156098,41852,6185,153845,386369
4315,4963,168288,27648,15575,209468,469775
5278,5352,335164,41889,6556,144092,557608
3815,5426,343151,25648,7056,257697,674552
5204,5574,145545,33130,8481,188212,405812
3833,4741,171958,23796,6371,273668,505386
9555,7778,214741,28075,8055,277311,590663
5315,5629,421192,65686,6333,260859,797255
5592,5556,152696,26408,7630,207523,425516
4815,5056,173683,22538,6944,396905,626534
5371,5759,189023,62889,6148,244308,533497
3722,4815,300972,28778,6445,177654,558515
5463,5519,153385,25130,7444,175242,392091
3611,4648,163427,39630,6445,145625,384090
4982,5389,175174,27703,7352,215046,475590
5796,5722,244513,61741,6055,236929,580293
3759,4908,462648,48630,6555,322440,869217
4278,5093,346116,36093,9722,322620,743052
3944,5426,170807,61037,6222,272505,536163
4037,5166,232664,36741,8778,234611,542200
9315,7592,386948,37889,5111,176271,659292
5889,5741,152008,34352,9592,199860,427387
4982,5537,175735,25630,7611,333243,604571
5203,5611,191482,48964,6203,258219,537219
9019,7111,214654,26408,7315,266120,576312
5074,5481,1160107,29055,7982,268052,1519380
8685,7500,154257,22834,7463,174870,414442
5685,5556,2183748,26482,7407,199515,2448726
4926,5593,333176,23185,7352,194691,610849
5389,5519,333959,23056,6722,193945,605978
5056,5518,152039,64055,6315,174385,428609
8518,7389,199322,24370,7149,151546,417701
5056,5407,215661,29667,7518,195207,475275
5500,5648,404945,36852,8444,220144,701348
3741,4981,155487,25740,7315,196549,429720
49796,4740,148233,25241,7352,202320,457052
3352,4741,188812,65315,6981,216241,546164
5444,5352,356762,28093,7259,295456,715625
5019,5425,933880,33667,9667,237835,1258604
5148,5389,151958,24000,7315,473723,685774
3685,5019,173722,65241,6241,199904,495331
5074,5555,243839,36093,8574,186806,525811
5555,6445,376345,57889,5963,344243,813514
3796,4759,172609,24445,6704,266610,511515
4444,5315,204800,49722,5982,410048,732236
5278,5537,218731,24204,7018,151229,428627
4148,7556,331311,32148,9426,155593,578089
5482,5463,154908,22408,6907,182608,398128
3834,5185,173692,63167,5981,412971,684589
10296,8130,179030,35704,8537,152282,411368
3389,4722,411074,52296,6870,236200,767995
5481,5741,1169488,41019,6648,263466,1513010
3445,4592,161955,28870,7185,162951,389572
8278,7537,161627,63870,6167,252185,543368
5815,5518,318762,25908,7092,356253,736533
3686,4722,379842,29370,5704,175025,624719
4389,5185,175884,44592,5093,310280,565367
9000,7685,174333,36834,8185,169405,443423
6834,6018,427488,28222,7704,360230,868514
4315,5389,414826,45426,4741,182984,684422
4278,5481,153443,52852,7407,150241,401979
4241,5463,173133,36500,7889,899897,1151827
3852,5018,185454,29703,7704,244507,532589
9760,7796,289885,31000,7518,162724,529682
3981,5130,149019,25149,7426,178515,392146
6241,6148,153747,37167,7408,166583,401516
3815,4926,173679,32000,7537,254189,550238
4741,5167,242795,26204,7167,124480,427313
3722,4833,941062,25500,6648,206061,1211345
3964,5092,153769,35630,7944,195914,430702
4667,5407,181089,29778,7315,185112,439220
3370,4889,219280,26019,6759,123959,400812
4297,5055,405434,135723,6018,294394,906939
8204,7129,162532,27333,7723,264724,501979
8889,7945,178444,89574,7260,371755,681496
5130,5203,188228,78093,8444,142159,443053
3926,5018,281937,27574,6963,179671,521108
4463,5426,1196648,25130,6926,154214,1412547
3593,4685,159466,47704,8629,299087,579219
7111,6926,169360,32630,7907,125286,365386
4260,5203,245052,28352,7277,252168,578367
5500,5815,333650,26185,7259,122663,517534
4444,5278,152192,40944,6408,261564,489849
3333,4926,195586,62000,7611,299615,592552
8981,7482,211536,26166,7278,140425,417849
3833,5333,349412,58889,7278,786748,1228567
3555,4760,146417,29129,7186,261784,475127
8611,7445,169033,26537,7111,149687,387035
5926,5649,181520,29352,7759,257070,521201
6278,6278,355563,25408,7259,405265,825643
8223,7222,357217,77074,7297,143927,617608
4519,5129,157167,35185,7963,158035,388517
7833,7148,724692,32537,7444,307802,1108290
4537,4944,430752,28148,7315,225170,738180
5871,6092,420998,42871,7259,153313,659237
8704,7333,164188,25648,6945,228476,508330
5500,5463,210471,27500,7612,279173,588274
5760,5815,211921,27574,7574,253817,557275
4945,5389,333575,31482,7889,232680,652663
5482,5537,150562,26166,7278,230825,444813
4259,5185,167808,28593,6667,150893,384701
8500,7444,180091,78630,7315,140925,439423
4167,5092,371801,43019,6315,183880,650496
5649,5926,140602,28555,7741,173988,383220
8963,7759,149571,56629,7389,419963,686977
5315,5463,175020,30149,7111,207958,451220
7519,6740,241452,26167,7241,198823,504812
4777,5167,870996,28741,7778,220367,1158734
8204,8389,171962,26389,8074,252683,507719
5648,5611,221357,25000,7760,432231,718440
8148,7260,209733,77277,7334,151079,477386
4278,5241,405813,49981,6500,153498,646219
7686,7407,149336,25519,7574,267013,483238
5556,5388,179009,49667,6463,268081,532127
7982,7351,188922,31148,8185,135280,430405
6037,6315,354483,51222,6648,366476,808662
3685,5167,144209,55501,7240,145900,381294
5500,5852,160511,41426,6537,321060,592626
6037,6111,171776,29815,7518,184018,422627
4167,5148,340893,24370,7260,163677,565145
3648,5333,347177,25981,7426,194672,600126
4445,5277,157441,77852,7278,204760,491645
6333,6074,178187,27612,7666,174292,421090
4259,5111,222526,29130,7666,262434,575552
4685,5111,396495,37333,8871,172612,643903
3815,5093,175351,28722,7334,244498,498034
5945,6167,173430,24741,7723,987191,1223419
4129,5223,529566,78463,7001,284076,928809
3667,4944,360813,39500,8908,153073,589571
4796,5537,397374,22629,7556,333622,829217
5889,6315,149489,31741,7111,169731,389776
4093,5055,165254,33463,7649,123910,391275
5426,5630,244352,26797,7481,216534,517145
4167,5389,332914,26018,7000,189602,585423
9037,7797,155956,23629,7223,278874,502794
3704,4722,186832,38500,9704,415220,679145
9334,7592,204189,25297,7055,254919,562423
6111,5871,374583,28760,7852,149653,592997
3519,4796,182126,66611,6815,172242,490275
5555,5537,177243,28759,7371,148199,392423
3611,4834,184099,24538,7092,125806,369202
9833,7685,349495,36814,8463,172225,603441
5907,5630,138425,24130,7222,176591,378905
8556,7296,146412,62352,6519,237585,500942
5963,5908,177065,26463,7149,149783,393702
9093,7778,231478,61649,6370,187815,522979
5074,5518,427948,77093,6148,207918,749403
4149,5129,149731,32833,9463,174916,395091
4444,5223,172050,26908,7648,202947,474145
5889,6018,211408,68204,6389,174293,491737
4185,5278,1538027,25778,7167,539053,2140709
3463,5111,200845,22351,7278,228745,538737
4444,5149,178035,33241,9463,279591,523904
4037,5130,186929,25278,7241,280567,554108
4686,5351,336010,27667,7796,149321,549738
3574,4963,706479,41500,7055,1474768,2297653
6333,6315,149168,34352,8315,167144,391109
3518,4797,168766,27500,12111,180861,417312
4444,5519,249568,49259,6630,237095,584792
5834,6889,585092,26834,7796,204847,856718
3297,4777,177357,22481,7537,251123,519534
5408,5426,170750,54186,6037,826780,1089272
3481,5019,208719,25741,7167,172334,439442
5797,5981,356762,45223,5944,313789,751181
3704,5333,181712,25944,7482,253285,508997
5908,5741,175198,37778,6500,356631,606923
9704,7981,178612,61907,6686,393514,710829
5148,5648,312488,29629,7834,211120,591015
3908,4981,1131902,63648,6482,153997,1385973
8334,7389,143757,26519,8111,354776,566367
6037,6037,177781,33685,9408,150809,435701
6075,6092,241306,25500,7666,239729,547368
9833,7574,324145,33815,8388,228260,632848
9167,7389,151131,48667,7407,261588,555201
4963,5370,206896,39815,6481,151343,469497
6203,5945,206290,25685,7945,219688,490423
10334,7592,376389,42204,6000,329440,824625
5426,5407,149449,33686,9074,184604,408775
8166,7278,167806,63093,6482,161321,432812
4852,5426,180867,36871,8129,201149,490349
5111,5685,332040,29222,8111,149494,568070
8130,7074,124859,42019,6370,160213,367387
4908,5537,146198,26852,7204,176225,387628
7777,7278,174056,65185,6445,399625,712551
6278,6351,238580,26593,7759,126436,429571
4389,5241,403585,55908,6055,328780,821162
3963,5111,168794,33741,7593,242647,534793
4870,5241,177429,39056,5926,294864,543626
3519,4852,674658,34574,10019,222706,1024013
4852,5426,1932111,61352,6296,236210,2280654
5981,5982,147890,32407,8426,257941,478015
3518,4926,171081,25389,7592,429638,658477
4370,5593,179512,35370,8445,179078,429293
3908,5074,297573,62778,6445,354552,746755
4574,5296,358486,25371,7389,246528,681922
6000,6260,159880,39370,6426,190099,427461
4389,4963,151441,27797,7611,274093,489090
3611,4926,245299,28889,8204,258716,594015
4703,5297,176581,38278,9519,227175,480441
3315,4759,180291,50611,6686,226743,503775
6056,5833,203630,33148,7630,370774,644033
3130,4648,213598,52407,5908,171973,471571
4630,5444,378197,35944,10296,154171,608885
3204,4852,152812,21889,7352,173815,400276
14315,4796,149448,44092,6686,151457,390016
4167,5148,186879,27445,7629,158619,445868
5797,5722,297292,26093,6296,229167,645626
4371,5314,590891,25778,6870,296567,944272
3278,4815,152636,58389,5778,403971,667459
6055,5723,169771,53796,6519,161189,423182
5148,5463,281018,25185,7259,203498,547330
3667,4963,414727,26148,7519,454212,932198
4186,5222,157621,21518,6519,272635,501294
6037,5907,173367,22649,6537,198612,433757
3278,4981,213724,23352,7204,247902,533311
5556,5574,343582,36555,7667,178359,596645
4574,5389,179217,25296,7426,244207,485720
3796,4926,170703,26501,8259,150516,383609
4185,5186,179597,66482,6500,201233,497497
5870,5797,366437,24315,7518,186763,627774
7630,7166,359165,48037,5907,237906,685107
3796,5259,154948,24407,7519,180569,450978
9093,7352,230990,61926,6463,360061,695311
6833,6963,237718,28092,7871,862294,1169234
7982,7241,424853,32945,9370,268309,795126
8907,8093,153506,40482,6926,173917,419757
4000,5204,210290,24407,7444,269671,539645
4648,5223,207387,34611,8408,204480,536997
8815,7222,381875,41481,6426,331899,795847
4222,5148,176028,33630,9945,279839,555960
8777,7445,167867,38852,6148,374426,622311
4408,4962,177688,25185,7370,249662,509386
8759,7056,169878,24555,7686,273360,559719
4685,5574,133013,29037,8130,178967,437109
8797,7759,145296,40407,6204,162035,397480
4204,4944,174598,25648,6815,208233,441775
4500,5352,240881,22777,6945,129783,430108
3185,5019,414646,22741,6740,454331,947106
9055,8019,148669,40889,6445,191550,430960
4723,5148,171323,30241,8278,165952,459609
8741,7388,206163,68389,6870,150224,475090
7444,6926,382761,29648,7056,144199,601830
4944,5482,153728,31963,7370,213603,441497
3667,5055,168179,36833,8315,382059,674496
8982,7333,177591,24334,7407,254703,500609
4093,5056,359337,25723,8611,150640,627071
8815,8241,136065,41833,7185,165193,394276
4259,5759,152034,24537,7277,170539,387664
3667,5185,168909,62556,6333,187052,457201
3741,5667,238636,24538,7629,222749,575812
11537,7334,394939,57148,6111,477482,974291
5852,5870,157407,35926,9334,181294,419220
3611,4889,208098,37574,6000,288010,564960
5019,5537,209492,23963,7593,212931,486220
4352,5241,389535,61926,6500,365534,851792
7167,7315,148039,39334,6241,167439,394572
3407,4796,556287,28371,7259,212690,832069
5019,5500,185828,63926,6185,271021,561238
4056,5000,318075,25796,7463,169959,551645
3574,4778,451970,62259,6352,429340,979272
4260,4852,152492,57945,6093,189819,435720
8685,7666,167165,35019,9759,168148,414090
3852,4796,237856,24444,6945,238233,537793
8056,7333,374602,37500,6074,159432,629607
4259,4796,154663,28963,7815,247242,503960
7593,6685,173168,43686,6148,394032,648237
4038,5259,532582,33240,9278,194525,816459
5852,5870,380199,40037,6000,151039,612682
3352,5130,156258,29260,7759,171684,394387
8797,7370,168709,39444,6296,287030,534442
3500,4704,179529,26833,7148,161210,442609
5908,6055,329109,26130,6851,158778,554164
8389,7389,119725,41722,6333,160866,363868
5944,6241,150767,67612,6203,170083,443071
6278,6167,171421,63315,6129,161595,436146
8074,7463,232408,26667,7092,214386,533127
5426,5778,436765,33297,8796,277860,790606
9074,7370,154197,25500,7444,200561,423294
5240,5463,170573,39592,6204,166685,450719
5722,5852,215670,29130,20889,217827,538126
4463,5241,390584,25259,7537,215876,670163
9408,7870,151977,23463,7482,177928,397831
4908,5444,173687,48593,6981,406365,664293
8259,7519,178266,24741,7444,245676,525886
6259,5889,287124,64926,6815,372538,762236
8370,7297,349481,29741,8314,143887,563404
3148,5000,145523,37000,8482,162400,399590
5759,5889,172344,64463,6870,408708,682996
8130,7074,233275,46797,6648,266555,623460
5593,5704,389873,29130,7296,200308,657830
3778,4740,363453,24167,7537,360506,785329
9222,7334,169643,31333,11648,395094,639348
5796,5871,206445,65629,6815,213608,534941
6018,5834,314320,29908,6352,166139,548496
4037,5093,156437,32907,9278,176931,405998
8426,7537,166664,42075,5277,154037,403034
4870,5556,179077,26315,7704,256253,500330
8185,6889,146676,33018,8630,313858,588311
4889,5223,146255,39037,6592,171725,395109
8334,7463,151538,23741,7518,248311,479757
6611,5815,1066842,48352,6630,210520,1364733
5575,5500,234790,26426,7018,150448,487720
6537,5630,411092,38871,6370,165867,655941
9259,7944,148857,25463,7463,173567,391275
4352,5278,204195,29574,7834,166561,456553
6092,5741,212423,49167,4907,184926,482830
4129,5223,386484,23944,8686,144604,593570
8704,7815,151785,27334,7092,172657,429350
14352,4759,156273,27685,6778,164670,394276
4074,5482,180778,50204,5389,173960,476460
5648,5537,290006,35667,9519,149324,513516
4574,5129,122604,23815,7352,177264,360460
8796,7482,139942,65408,5241,252740,553219
5352,5611,173540,24204,6463,226550,475071
6074,5815,236972,62296,6778,200025,559571
4500,5223,611367,27926,7963,224276,901773
8926,7537,153224,38296,6278,188459,440461
5797,5703,172229,28278,7926,190787,430776
4926,5185,214605,62426,6426,329669,641830
7760,7166,382648,25889,7555,157961,615052
4056,5055,162245,63593,6778,239548,522423
5630,5833,170325,29592,8037,147655,386220
3648,4611,181904,62334,7092,208112,489441
8074,7278,281595,28148,6315,231642,581885
5018,5223,1617622,25444,7815,317033,1998636
3592,5334,148883,25371,7555,176874,386423
4500,5203,168630,61445,6925,152498,420330
9148,7611,240654,24018,7241,246695,552422
4074,4760,410900,39111,5722,144411,629737
8963,7648,155980,51611,6444,205056,474720
6704,6296,182374,56630,5277,168124,445183
5130,5722,487528,27241,7870,341078,929384
5815,5796,375626,33278,9092,257148,705829
4074,5092,153557,57148,7408,244255,505793
5555,5815,168914,58889,6778,1080115,1344177
5037,5444,174883,36185,8407,250245,497163
3315,4889,350906,27945,8352,189775,604071
4538,5185,1171951,31185,6092,187764,1425733
3297,4722,141973,35685,8278,165729,397628
5611,5889,169311,64889,7019,408222,677996
4481,5260,236872,26056,7592,221051,543312
5445,5574,409545,33019,8907,502875,983050
4537,5260,177179,62037,6704,209318,484294
3834,4759,179055,25741,7352,148479,387646
4241,5222,208913,29537,7907,257159,530127
3463,4796,381881,39815,6667,291003,744069
3333,4537,155627,28186,7963,171704,409960
14944,4871,146355,41055,6982,340679,571737
3167,4741,184212,27056,7204,255007,535127
5444,5667,354459,37666,6074,345667,771828
3204,4777,144816,25148,7445,176164,380664
5185,5704,150339,25889,8371,172399,386349
3611,4685,173382,49815,6241,146449,403497
4815,5759,242369,26871,7296,266183,570071
3630,4833,412097,26037,7241,342509,816681
4260,5574,178232,24240,7019,266265,517071
6093,5925,170219,26371,7259,152149,387442
4334,5222,207650,65259,6834,193402,502145
3223,4611,386933,25297,7315,161673,608793
3722,4741,149531,63834,6277,184430,451108
14759,4852,149111,36148,9518,285090,516904
3352,4815,178783,27426,7778,268751,534664
5092,5556,312085,36518,8204,313022,696922
3815,4741,2029057,72204,6741,177947,2353394
5797,6185,149688,64278,6389,165383,416942
4741,5204,173323,62315,5870,846911,1134197
5648,5778,496940,27445,7259,305462,868699
4000,5037,410761,37814,6352,382346,862754
4426,4982,165691,51037,5908,274824,525942
3167,4648,164678,28037,7093,196449,455794
5797,5814,200851,25018,7297,181517,444164
3481,4963,403375,23500,7297,207139,669440
4575,5240,175139,24926,6926,262618,512534
5629,5871,166459,37371,8426,144964,388294
4537,5222,170928,24111,7685,165219,394961
3314,4760,357137,25778,7389,240192,672292
5537,6037,126272,23222,7389,181226,370701
3575,4648,146555,45130,6648,159276,384832
4833,5352,169190,26704,14111,228733,482830
5648,5944,234289,34926,8463,153301,459571
4259,5352,335498,24907,12759,210258,612385
3296,4778,151484,38074,6074,164514,404645
53129,4944,150916,25519,7389,353562,614422
9574,9037,199199,34852,8704,151576,431238
4686,5129,288149,49852,6093,250070,624978
8870,7723,148802,34852,9241,164732,392905
4463,5074,170771,23944,6926,403319,632052
3740,5056,171702,34315,8630,148888,390979
8278,7333,341578,61075,6648,333065,774810
3426,4797,351046,34593,8389,150765,569127
4852,5315,148885,41203,6871,275038,503571
8852,7315,172353,44519,8518,205644,517682
4204,5204,233914,62852,6074,233712,566793
8407,7389,330365,27926,7703,214503,649699
6426,6222,177685,23889,7018,220406,461923
3870,5093,173097,43834,6129,357399,648218
5574,5908,205473,26796,6797,264412,532608
3315,4851,294757,35482,8500,150629,517867
8056,7519,153132,24278,6815,179680,398517
3389,4851,167990,37907,6093,408414,663088
5963,5778,707182,28574,7852,316867,1095605
8167,7074,341409,38852,4907,163903,600164
5352,5686,147894,25704,7167,336398,549220
3426,4630,151678,27056,7796,194634,415887
8297,7463,174757,64593,6667,379942,658830
6241,5889,231874,36797,8481,248475,575608
9038,6314,401417,39723,6259,162524,646441
4704,5018,148293,27148,7611,172335,401812
5945,6259,167946,26630,7555,221940,457534
8222,7204,196692,24426,7334,254804,536534
5593,5630,316253,24648,5834,194150,572367
3889,5093,158869,35297,9222,162739,393683
4704,5370,168060,43167,7019,423528,669533
3427,4907,180510,27334,7518,203265,447183
8518,7926,540665,26630,7518,202238,812254
3278,4759,347392,25778,7278,163308,568386
5611,5352,149934,43315,5092,299545,529330
3444,4722,167829,24981,7278,190040,419053
8278,7352,229538,23574,7259,225145,541479
3648,4592,407488,42204,4870,335656,816791
7556,7093,151418,95556,5685,362874,648997
5351,5500,172517,30630,8222,155907,398442
3908,5130,210411,60907,6000,249512,558590
9593,7352,374361,26945,7148,194283,638571
4519,5259,152293,26703,6815,287168,503683
8871,7592,164483,49963,5704,360032,649682
6740,6241,177285,63889,6426,231323,513256
3759,5296,358161,26982,7148,236372,678403
3334,4944,378389,64037,6111,528680,1008495
9260,7889,150763,27260,7611,190604,412461
5667,5870,168436,27148,6334,190006,443516
6611,6371,224460,24500,7259,228037,514719
4649,5370,408262,58593,6056,191826,712089
9130,7851,155564,33574,9130,272026,506960
5074,5445,155013,70871,6555,1020461,1279622
5000,5575,200185,27241,7296,261830,524146
4241,4981,387988,42759,4833,262509,750347
4778,5370,154512,33426,9129,161431,389146
3537,4815,167350,23815,7555,449554,676848
8944,7593,173744,34574,8556,161791,412090
5130,5315,345139,40759,6741,160783,584719
9056,7648,924072,25629,7889,229292,1223901
3908,4944,149464,22278,7074,222571,466090
6111,6019,165488,31130,9463,201787,440812
9019,6815,223882,25204,8130,198892,489312
3556,4741,360721,58482,6389,199126,671015
8241,7518,157338,26408,7111,172845,398553
5852,5704,174324,39815,6537,415801,667904
8797,7481,223182,24260,16315,189630,510127
6352,6092,371040,39223,6259,427566,877402
9148,7796,152749,36537,5852,166508,397553
4945,5444,165050,29667,7889,148725,398201
5556,6204,180111,49815,4537,238312,526294
4667,5204,278135,25741,7333,292046,648922
5222,5741,518104,22815,7056,180928,759218
4352,5685,146424,37018,4648,166111,385053
9463,7297,169318,61111,6056,198568,471961
4575,5148,240786,34593,24371,215210,546479
9944,8389,363737,33056,8129,194778,637496
3815,5222,152501,25870,6741,239145,454293
9148,7222,167840,25649,7463,169250,440812
6445,6611,282493,24241,7889,219911,572404
8222,7111,1546595,29371,8203,192525,1811675
5963,5648,152449,48185,7389,153105,409294
14352,4907,151899,26556,6944,194358,418664
4630,5444,176200,65056,6833,302593,581515
9130,7296,250465,27463,7167,261883,597145
5555,5815,118767,26926,7630,175564,361553
8815,7926,175680,24055,7186,236077,503923
4982,5407,178093,69407,6704,196553,490553
5778,5703,228117,37945,8722,183621,490682
10408,7203,343012,60778,6629,321985,800699
5555,5889,151609,40648,9593,207037,441293
8575,7740,175763,38907,6556,327660,582664
4945,5407,197750,37241,8537,149100,423220
9148,7296,365737,38352,5500,163464,614256
5167,5259,933688,26296,7686,176935,1175271
5001,5481,164988,63630,6815,295194,557868
3852,5130,169790,25296,6704,257689,513257
4870,5463,340203,23593,7074,193812,636663
6204,6296,128041,41575,7166,160827,369424
4223,5000,150880,26222,8370,208062,422813
3556,4963,172533,61426,6500,217945,540904
4556,5277,234058,25870,7371,259958,553997
3389,4963,323711,35111,8612,235747,629070
3167,4648,148865,40426,6666,160244,384183
4519,5741,170222,26055,7778,203739,438794
3482,4852,206172,23611,7167,263065,552608
4612,5203,380530,63778,6722,146041,625849
3333,4945,156219,38482,6611,164241,393164
4593,5352,169688,61815,6130,261605,561294
6074,6148,173694,36851,9352,204174,456719
9759,7889,250329,50093,6740,164354,528663
5334,5814,346002,24648,7741,161847,571256
8222,7111,142914,50129,6445,183862,417905
3945,4870,264771,53389,7093,193170,547664
8315,6963,228276,27297,7370,241535,573219
5815,6037,401264,58871,6907,163121,663700
8926,7648,180028,26407,6982,296450,570533
5740,5926,176164,35703,8130,166760,419053
3371,4759,203817,26741,7018,272625,562034
4926,5408,371637,33815,8667,151989,595164
3315,4741,149809,62667,6815,174447,420850
4778,5167,162259,27370,7796,164184,392794
9074,7686,169060,63408,6981,168345,463016
6833,6260,144084,28019,7759,327412,543034
8963,7389,344628,63018,6630,149610,598515
4519,5574,147059,37944,6278,244976,466868
9092,7371,173675,25555,7037,222415,465978
3740,4723,234477,25240,7260,249353,545941
9371,7148,390908,25001,7444,152366,611256
3481,4741,158210,41204,5185,350472,579478
5037,5871,173085,27019,7500,184671,422664
3463,4908,200758,25907,7556,161554,424109
8759,7648,355320,22907,7278,154289,575052
4537,5370,148380,26130,7500,175840,387960
8760,7351,156126,24760,7796,170909,412590
6445,6074,168502,51648,5611,221477,480220
3241,5037,331656,25982,7648,149230,543553
8481,7537,116809,26556,7629,174615,360201
3445,4926,145110,40426,6741,366831,619460
5704,6000,173449,36482,8203,223622,495516
8371,6944,221825,48778,6556,191468,532404
5444,5889,400868,34334,8426,145091,631237
7575,7203,177762,24538,7740,261606,527164
5593,5907,179268,39648,6518,312137,600793
5556,5870,195366,24093,7277,208299,463905
4500,5148,369298,64574,7185,359124,826977
4019,5130,154691,41648,6574,158992,389313
4222,5500,560216,23649,7351,270187,890587
3926,4963,179832,62037,6500,169036,446368
4370,5426,365616,27777,7426,261770,704199
5926,6333,131509,32556,9981,167452,374683
3945,4833,157867,42870,5463,229372,477053
5444,5778,172020,31259,6908,174366,414997
4667,5296,230507,29093,7518,264527,558404
3481,4870,194865,23759,7148,254855,509441
3592,4908,145666,25667,7018,203498,429905
47445,5037,148523,43037,5519,294529,562978
8889,7592,1707940,23685,7371,219234,1993933
5075,5518,389257,33426,9296,226203,687441
3908,5259,144725,38852,6778,162902,381239
4426,5129,162823,25278,7315,397118,620570
8000,7407,169199,36204,8944,176058,423479
4611,5056,297889,29186,6574,149533,513090
3963,5463,342488,62815,6907,159731,618108
6092,6148,141790,55574,6037,149023,385460
3407,4852,170517,24445,11351,185444,438923
5648,5685,231523,24722,7056,191345,486886
10204,7833,368435,25704,7111,149895,587959
5629,5556,150940,38889,6649,190853,419108
8518,7389,170761,26833,6871,193810,452978
5871,6018,197600,63055,6463,293249,592941
8629,7093,368087,25370,7704,388168,822199
4760,5426,146332,32926,9278,167758,404017
14556,4611,152301,40815,6629,425103,665367
7870,7556,174140,35926,8815,144839,431553
5815,5815,292035,30166,6593,156888,516090
4315,5204,117465,38389,6537,162348,354943
7963,7592,174545,24704,7371,236674,529200
4482,5370,170069,33852,11630,362779,639534
6166,6148,222353,62870,6519,193052,511274
4722,5222,315321,28519,8111,148046,530959
8240,7852,1019143,25019,7296,195776,1282863
4760,5185,171498,25482,7037,210944,440016
8741,8166,209115,24037,6630,269586,569497
4834,5240,370843,33408,9018,164413,608608
8093,7130,1224090,54093,6574,312807,1665268
6185,6260,161242,43018,7019,299477,540238
4408,5296,174025,48463,6611,339657,610737
3871,5333,725458,29167,7389,210055,1002957
4574,5204,174907,24500,7055,287461,523349
3259,4871,148023,55370,6741,193826,453831
7593,6666,208603,26389,6315,870261,1146549
4074,5111,233905,54685,7648,254815,580089
3926,6203,319484,30112,13389,244530,682588
4500,5241,158156,32796,9444,259342,488719
3982,5000,173791,47055,6722,279929,533404
4444,5389,190834,28518,6908,151331,443405
6501,6351,357895,39778,4722,290324,720293
3926,4963,2401886,86667,6093,164283,2688132
4148,5371,171887,39981,6185,157556,404146
3463,5019,172911,27370,6907,160791,393257
4463,5111,251306,37777,9112,146006,504738
6240,5908,340237,51204,6314,242426,698014
4593,5204,145853,27222,6685,193349,420424
6204,5982,175340,57055,5908,292675,560479
3908,5351,225550,28000,7407,183096,469238
3870,4926,322537,35129,8278,171090,584126
5722,6092,178949,49575,6425,217456,505071
4463,5092,169807,28148,7870,192988,427979
4130,5019,194237,61926,6500,210075,535645
5666,5834,366465,29371,7722,172383,607385
3611,4703,143990,24314,6852,178750,381775
5093,5741,158328,38018,6334,444316,674904
3723,4796,174944,36056,8833,168757,413572
4204,5111,338357,39574,4704,164658,594811
7112,5740,339400,25038,7555,897926,1300104
3926,4611,151128,65407,4760,242684,495349
9204,7796,205448,37815,8371,277734,563349
4777,5574,223843,61204,6166,313340,631088
3593,4926,410107,28426,9407,262537,764014
4797,5500,176279,31333,9019,222959,468424
3741,5018,171562,67149,6814,172936,445942
4259,5167,738198,28222,7963,309907,1128178
6592,6204,144480,38926,6593,290202,513515
3796,5074,152764,27907,7611,172846,388738
4389,5185,157825,25481,7408,195877,414924
3667,4907,170404,27278,6834,243759,489868
5963,5963,389021,34092,8834,244382,708940
9074,7796,410730,65834,7074,360024,880939
3518,4815,142791,26000,7315,288965,494237
7686,7222,170629,64797,6518,206275,482349
3334,4759,231728,27759,7870,253325,582553
5759,5908,395696,32241,9667,166726,635459
3352,4685,154646,40093,6518,264037,516330
9222,7667,170855,26852,7629,168402,428034
5833,5722,193435,26778,7500,257044,540145
8574,7056,308514,23852,6204,184297,558053
3241,4852,153667,33871,9000,167478,426127
5611,5815,157173,44203,5019,162325,399923
3407,4667,169049,25407,6852,254115,507071
8241,7352,246276,50038,4666,261813,631626
5333,6074,121801,33130,9351,167513,364127
8463,7778,144102,36649,6000,183192,405109
6408,6018,171830,35519,8111,246241,495016
8574,7129,220521,23333,7334,281235,583867
6074,5852,396674,41093,6093,450394,927457
9741,7222,152643,33055,9334,235540,466405
5500,5537,179130,43537,6667,356459,613589
4000,5204,198875,24612,7592,160030,416775
4370,5296,377586,63611,7352,194466,688755
6056,6166,146498,41315,7000,162148,388683
3870,5204,325448,25722,7426,200290,588682
3612,4722,176027,62500,6315,171285,462664
5741,5833,325681,31148,7611,145298,540867
3389,4815,346149,67501,6703,202569,703200
4667,5241,149210,25555,7315,201936,412553
3926,4852,171900,25963,6445,153041,385146
4075,5111,579314,26908,6870,282328,942976
5871,6092,350264,67260,6666,165270,620589
3148,4778,153324,26075,7074,191173,442664
5278,5629,166923,40092,6482,397277,638552
4463,5240,196299,37407,8500,148459,417442
3203,4852,359971,64259,6260,437320,893328
4389,5297,152272,34426,9333,165096,426109
14815,4851,148019,24944,7408,429219,646403
3907,4963,176024,34667,8537,197825,442886
3093,4722,338178,31111,7611,165227,586108
7500,5519,341035,66203,6574,230258,676663
3167,4704,154614,50537,5926,253568,516479
4778,5260,171878,29352,6704,195785,433109
3167,4759,224588,25908,7000,224613,546905
5926,5926,396001,23611,7167,174051,632107
3555,4834,180691,23370,6630,197121,435793
4408,5166,175290,27537,7389,149708,389183
3185,4778,191999,65500,5259,219110,521330
5648,5926,372005,24129,6408,154862,587793
4167,5259,151584,38463,6481,163600,424924
5130,5741,156163,23093,7074,198371,414591
3778,5185,173242,27352,7037,240348,474108
3500,4833,250767,36185,10315,145805,467497
4241,5222,117865,25037,6963,177670,355924
3667,4833,146685,50555,6519,232479,479756
5630,5981,174469,26666,7704,220789,483183
4093,5185,226752,49444,6278,164931,475868
3982,5259,381517,27166,6963,151314,594997
4241,5111,175040,64167,6333,309642,600885
5796,6055,180138,29112,7592,357618,602996
4797,5111,196884,27759,8260,278224,538349
3649,4889,326334,71389,6315,304254,768403
5464,5703,149136,38981,6500,163085,388072
5166,5741,155919,25315,7907,372652,624366
5092,5889,181814,63333,6630,834624,1118438
4037,4982,274300,28815,6593,196085,533941
4426,5130,127398,35463,9352,165303,366424
3371,4778,152644,27630,8203,209224,460720
5408,5648,171724,67666,6667,370587,644459
4574,5111,221526,47167,5852,183656,504904
5278,5519,380624,28148,9407,396372,842662
3296,4796,143000,41092,6130,161869,380794
10037,8445,173560,27130,7796,149901,413146
5259,5593,189121,26648,7297,239542,516941
5352,5222,366294,24186,7426,179258,624589
5130,5629,153299,43112,6500,157310,390794
4759,5371,157471,26278,7926,382081,601589
3722,4704,177106,61037,6537,294705,599237
5445,5537,246278,37593,8259,147034,466720
3389,4871,416321,27334,6648,291100,766033
4649,5611,151807,24500,7056,251616,479238
5592,5797,173794,33426,10630,194944,443645
3685,5129,220375,64092,6667,150586,469719
4649,5277,394343,27741,7426,163042,623256
8889,7778,175626,29519,7833,251168,501127
3889,4926,176390,35204,8093,316421,563608
8222,7148,184303,64630,6463,235879,561737
6371,6000,304290,25204,7278,252206,646126
9444,7167,140295,27019,7722,174203,385442
3185,4592,157413,43222,6018,317104,585552
5500,5778,169769,36612,8777,212228,456349
3204,4648,336572,28278,7722,222314,643423
5407,6463,484911,24981,7519,371065,981883
9204,8074,167916,33833,9315,249693,544701
5963,5981,173903,32241,6277,146874,395720
3629,4667,222612,51370,6667,226996,584718
4907,5241,345766,29907,8019,218953,633089
3278,4907,152734,23278,7777,283820,499182
5333,5871,555406,27315,7278,2035782,2661281
7500,8129,1966341,24482,7648,179443,2214098
4315,5241,290805,64630,6815,247394,641293
7185,6870,356515,63260,6074,223777,684866
4093,4926,163927,26630,8185,157386,384406
7408,6981,173285,23074,7222,155843,391350
4352,4907,252457,67704,6482,154947,510886
4704,5259,765464,25556,7907,162346,992939
8277,7593,157468,28481,7519,253455,483237
4019,5130,173269,29426,5907,197488,436776
8018,6908,215941,26834,7574,265555,586107
7481,6908,385984,22852,7185,161698,615293
8259,7074,156323,63315,6315,217822,501182
6130,5518,179014,23926,7129,295780,539016
9351,7612,182315,48333,4482,177793,466164
6389,5815,309598,22871,11000,203805,580737
8482,7722,894365,28740,8038,200128,1166623
4630,5148,161961,38315,6000,148907,401609
6130,6204,175855,24760,7833,246642,510442
4833,5315,335917,41388,6130,161691,590607
5352,5815,953219,27686,7407,215477,1294881
4370,5204,152446,24129,7426,267052,493386
5537,5685,203637,58370,5982,400952,698589
4518,5259,217439,23518,7167,198800,498349
5907,5575,300666,27111,7444,150405,513997
4112,5000,155949,62166,6019,193659,448424
8464,7796,169806,24982,7444,205765,463053
5444,5500,294220,41888,6426,178982,555941
8185,7148,798671,26833,7815,398433,1268307
9519,8481,145971,38611,6000,164990,393665
4889,5481,161236,67778,6907,347835,611867
4926,5278,174370,25204,11778,204071,444775
4648,5037,366136,69260,5851,174713,647033
9074,7945,337178,26333,8482,223225,651070
5944,5963,173054,50148,5704,226147,488349
10093,7722,149614,53149,8926,400381,684459
5611,5611,218101,60852,6056,221525,538904
8945,7704,135384,25297,7352,222131,426368
5408,5759,160612,31186,6796,232552,464275
8444,7426,234192,33167,9889,200027,512460
4371,5185,199790,24296,7445,278985,555775
6352,6074,276370,64611,6370,195701,597756
4648,5204,144560,25315,7203,175975,398757
5389,5537,151324,28278,8593,170080,390386
8852,7407,166534,61889,6056,178926,450109
6666,6074,248225,25945,7703,180310,495738
8926,7297,377971,33130,6796,146081,599349
5593,5740,176736,38352,6777,240133,507515
6203,5945,174592,52556,6148,356311,626033
4519,5389,219376,28074,6944,259899,579108
5296,5482,391085,38778,5926,150522,617663
4352,5445,173516,27167,8037,261962,521997
5074,5463,172170,31963,9296,364771,605663
4574,5352,188120,63555,6148,218174,517441
5797,5666,361811,24334,7370,196945,621515
4537,5259,410576,53519,6037,486696,1002642
5241,5704,153580,33593,8130,161343,386813
4371,5000,172160,48037,6185,362707,651885
5389,5648,250555,37445,8796,184794,511312
4963,5463,378579,31778,6907,482379,931680
9204,8351,150714,28333,7648,242803,466719
4148,5000,153793,39630,6667,269444,540738
8500,7444,212373,26778,7555,152477,432905
3908,5241,363008,32926,10037,254858,723700
5963,6204,152643,27074,7500,209355,430313
7889,7074,172500,34314,9130,294312,542311
5889,5833,182579,50575,14185,208714,502071
5537,5815,281029,28315,7833,187394,533682
4278,5148,157313,61352,6092,193759,449164
7852,7259,145892,28037,7574,172125,404646
5945,5407,171046,63500,6129,151915,425646
8740,7408,543830,25370,7130,343127,954068
5056,5630,391779,25185,7926,152829,626737
5555,5686,154265,41741,4685,272972,530589
4852,5296,177345,25889,7167,150430,392534
9333,7389,203018,61259,6296,155295,464386
5629,5519,362301,27648,7667,150251,594589
5981,5649,180509,50297,6203,243617,560978
5241,5740,174034,27130,7167,314833,586404
5074,5686,190520,49556,5944,183829,460923
4741,5185,360878,27852,7741,187822,630478
5111,5555,138995,39500,6333,164818,396627
5519,5518,151537,24852,6963,180461,394516
4426,5240,169913,35630,8333,208011,450923
4278,5092,248067,35833,8259,213987,534163
5074,4945,344183,62611,6778,374627,850051
6056,6000,148854,25001,7277,222069,436034
5407,5204,173972,49018,7130,164619,440757
5222,5426,217514,29722,7648,240391,523552
4370,5260,416760,32186,8907,180532,683589
5112,5666,151025,49630,6296,254028,540923
4870,5260,170937,40649,6722,318244,563589
4407,5167,191313,36019,8518,194129,456849
4686,5111,314097,30111,6778,165770,563256
5296,5611,144676,40112,6796,162433,386535
4778,5166,444164,27556,7351,362887,872458
4630,5240,177595,65352,6648,358976,635237
4130,5111,250600,49519,6593,242489,614386
5704,5667,856348,26481,7963,222553,1148938
10166,7815,151444,48000,6556,181831,425330
5111,5667,171486,27482,5907,199770,436034
4666,5186,212807,36963,8703,149043,433756
4389,5056,162738,42630,6352,284944,526942
8926,7611,149411,26963,6981,229347,468275
14593,4703,152101,41426,6519,155026,395313
8260,7240,794293,27926,7686,289515,1176216
5148,5278,385186,62185,6241,253847,750384
5741,6000,680248,27759,8037,220247,969643
4519,5444,157956,37278,5852,161634,408350
5130,5648,175184,24111,6926,244702,505590
5093,5574,286448,57260,6759,276085,674959
4815,4907,333325,25889,7333,243450,652589
5908,5889,159774,31037,7907,233723,464016
5204,5741,212076,24444,7111,376180,683070
5389,5649,213229,51371,6333,208730,512386
8611,8648,367087,24315,6574,154299,590015
4592,5426,175259,29037,7982,212683,473386
45814,4667,144209,41111,6333,161011,423367
4482,5185,189362,62945,5963,144172,432998
5407,5593,370664,28686,8203,171092,626200
5741,5741,1212801,32908,9129,155042,1441195
4333,5241,152508,37760,5203,174286,399424
4389,5092,175384,48463,5741,194910,469201
5389,5593,245074,28834,7852,232070,543312
3834,5000,1183175,38111,6037,143021,1398770
4518,5223,144715,46593,6129,254449,495719
5333,5463,172295,25371,6370,155462,389627
4315,5148,218207,26593,6963,272882,571052
6093,5407,412195,25685,7704,222171,701014
8982,7907,154256,33463,9518,849572,1099494
5407,5426,174613,26407,7334,186311,426571
7612,7259,178155,23778,7185,229787,499164
4927,5481,355883,24926,8482,176872,618275
5463,5537,139240,41797,6759,160128,378257
4333,5056,162949,24333,7667,163641,389460
8519,7277,174122,49778,6593,315208,577849
5352,5648,869721,24852,7296,195310,1128716
8740,7649,142910,27166,8000,342717,557107
5278,5426,151804,42445,6592,258304,504701
5796,5759,210977,25296,7648,974794,1248252
4222,5222,219464,65759,6704,174237,496663
8592,7241,392525,23852,7667,178027,653626
5297,5537,150937,26204,7555,206931,423831
8574,7685,172351,34833,9519,390924,640848
4333,5223,189003,26334,7074,257049,521997
5259,5389,316695,60944,5111,315931,727570
4352,5333,1214017,41519,6981,310622,1602509
7129,6612,147279,24000,6315,194015,420979
5092,5426,170841,36259,9222,146991,392294
7556,7019,237883,27629,7389,270892,600756
4686,5259,419333,24074,7408,170274,667645
5574,5630,153412,63352,6722,268066,547385
4722,5167,175751,25408,7092,152099,406109
5019,5426,209534,61575,6555,207778,537720
4537,4963,381929,24445,7185,450084,910439
5260,5555,148397,39630,6907,188916,414202
4501,5203,173273,29500,8241,164243,404961
5685,5889,187204,62723,7907,160997,468534
5334,6074,365247,58722,6019,389433,847903
4723,5351,669513,64463,6241,181186,951106
4093,5018,158406,24444,8149,171499,407739
5352,5630,175522,29297,6148,194512,436257
4796,5426,242065,37574,8945,146228,462349
4241,5204,333441,49963,6667,174018,609701
5426,5870,151372,33463,8889,254089,526645
4852,5574,178618,39463,6556,433823,686367
4204,5389,216049,48167,6463,156633,472553
4889,5297,387092,27315,7352,156645,608738
4389,5111,178709,61167,6481,188937,464886
4648,5278,177158,27370,7741,148432,406868
5259,5519,183182,61926,6278,873015,1156493
4445,5093,838485,29241,7703,197990,1103475
4463,5593,144507,38149,6370,165046,399979
5333,5574,151051,27963,7222,174318,391627
4186,5092,173500,62834,5963,293478,561627
4370,5370,215340,59759,5981,253065,577570
6389,5593,413234,27296,9074,154485,636293
4371,4944,153424,27297,7333,172481,389035
4185,5074,211374,59593,5815,425103,747903
5333,5426,208195,23351,7612,146155,413720
4167,5259,335663,65481,5982,235907,697273
4519,5463,156612,28148,7667,182311,404590
3760,5185,172784,38241,6296,371138,613960
4407,5278,189568,27889,7630,244188,500719
9648,7852,149166,33259,9204,211128,456405
5870,5778,869728,41112,5981,173450,1121512
4445,5444,149028,25926,6889,413783,657126
5037,5185,169164,48611,6167,193741,447127
4056,5000,243576,25612,7425,160588,466571
9630,7574,356971,50056,7315,220821,692903
5111,5352,172199,40500,4592,268466,527830
5186,5574,172963,35944,8130,325552,571849
4093,5129,209858,61648,6111,196955,504349
8537,7037,345437,50667,5908,422743,857476
5315,5760,160497,24686,6389,236888,493146
5500,5370,171170,40167,4852,174864,422516
4778,5333,179065,24500,7537,208451,448109
7778,7037,344107,23926,6982,396184,823255
14314,4649,120538,39185,5907,165108,369423
4519,5352,535933,29426,8074,232340,835625
4723,5407,172753,30444,7223,243374,500127
4815,5630,243907,27370,7630,239905,565682
7815,7685,404505,23723,7611,198880,674367
9352,8000,147806,24093,7741,282580,520979
4759,5222,174478,34223,9815,213778,462701
5037,5444,775059,32760,8426,354322,1203122
8667,7722,312786,24111,5629,240341,619663
4482,5296,157921,27111,7574,228392,452183
8259,7445,177296,24148,7241,234016,477812
5315,5611,178802,26666,7538,215473,462590
8667,7426,305956,25500,6574,217300,603534
6370,6334,124368,26444,7667,256704,471219
8797,7259,148151,47704,7463,151217,389609
5593,5611,174490,26963,7500,390747,662644
5186,5611,239792,25500,7537,1032274,1337252
9500,7241,406761,44666,6556,308438,836143
5519,5685,149358,37575,8907,158121,386442
8575,7314,172086,27649,7629,149782,393294
5222,5222,212240,24407,7038,128480,401442
5352,5500,437542,50630,5852,231898,775570
8851,7649,152028,32907,9500,166674,396145
4815,5500,171830,26555,7963,150316,388553
9000,7500,174465,49130,6389,163847,429442
5222,5648,354490,27370,7000,161322,598904
5963,5963,132124,38963,6204,163763,372590
4278,5111,147500,27703,7204,168313,381164
10130,7777,173154,63167,6537,310565,623904
5112,5500,245288,25630,6796,205894,515238
8982,7741,379202,35185,9648,213239,710274
5204,5444,165985,41593,5592,243717,508312
5315,5407,176287,28222,7815,424098,663774
5759,6111,209755,34760,8703,267742,587811
5463,5555,143187,29388,7519,227904,439071
5019,5518,959305,34111,8963,166133,1200364
4093,4926,175882,42167,6796,366874,617386
4370,5278,183147,27945,7537,252905,514275
5593,5666,349468,32037,8796,311917,731014
3889,5241,1133123,34796,8204,144110,1380511
5129,5574,145441,53297,6074,145742,382220
4056,4926,165668,66204,6556,168403,457942
5277,5760,241933,26648,6926,266212,594922
5297,5574,397050,32204,10500,186538,656515
4148,5037,150426,49148,6963,205924,441053
4555,5222,208691,39185,5130,176270,477404
5741,5611,204474,27259,7834,168079,436924
4037,4945,312220,61537,6611,219591,677737
4482,5370,151966,34296,9056,183365,408590
3593,4907,177712,38000,5149,436913,702589
5260,5518,180311,26981,7667,263575,508220
4444,4926,345631,38500,6297,319457,735847
4481,5334,479710,23649,7240,317859,899735
5259,5463,150845,36908,5129,302226,550589
4611,5092,175388,34722,9556,146591,432219
5574,5481,233671,30871,9000,191678,496256
9723,7722,388343,34426,8297,392022,858847
4722,5167,150033,62038,6926,230611,480886
7648,6722,176169,26945,7926,148514,409998
5574,5796,211249,24111,7407,241342,514775
9555,7093,376328,40815,6574,146076,605552
4963,5555,151315,34852,6555,166961,390905
8926,7426,168005,30315,8130,145900,404757
5352,5518,181066,64871,6611,336171,618144
4426,5259,354942,27482,7666,184666,620329
4963,5574,129466,41333,6278,162588,369553
4037,5148,149860,27945,7574,172175,387164
9037,7630,174069,63834,6833,252724,531071
4371,5018,356372,25074,7389,203310,639904
5259,5630,671007,26167,7500,321746,1098105
4389,5111,153660,62703,6612,181893,435331
8815,8055,208258,25574,7149,162535,457831
5759,5592,206560,48371,6981,164493,457886
5796,6241,367936,26907,7445,202912,636552
4611,5370,155478,38297,6592,182039,428608
5352,5444,173354,27334,7870,194348,434294
4630,5277,179045,61981,6593,217897,530090
5482,5833,284921,28241,6277,177336,527775
3907,5297,136870,38777,6334,164220,374794
4611,5574,145672,28815,8592,179474,392349
4278,4962,169585,69500,6889,162117,436645
4630,5166,247757,27056,15500,245573,578589
6222,6093,338521,48815,6667,362103,785717
4149,5129,150027,24889,6870,220879,451035
5129,5482,205903,33685,9148,374631,651514
4315,5148,207686,61482,6500,152330,474016
4982,5463,391673,50334,6592,222934,703552
3796,4889,151919,32167,9463,195856,419127
4685,5463,173888,39741,6629,352998,600441
3797,4907,186763,28093,7463,149957,399146
3685,4834,337084,34092,9074,143969,553960
9704,7741,550423,27666,7889,304535,961920
6296,6056,151594,64852,6778,171644,427257
5001,5537,173914,25685,6167,153750,406165
5074,5463,236346,63667,6426,150799,489756
8704,7944,451667,23685,7500,226700,769885
4759,5297,171449,32204,9426,233918,477757
4611,5574,204307,37203,6537,346635,623811
8704,7592,198739,27407,7371,206314,489090
5722,5963,317318,63093,6518,393992,810958
5000,5648,154138,27204,7296,248100,480849
5370,5500,171570,22722,7092,346891,576422
4334,5055,366242,33167,9278,212050,672256
4908,5407,329377,39056,6981,782320,1188567
4056,5129,355716,35778,8463,194707,643052
5555,5926,144591,37056,5037,233221,451923
4166,5260,174522,49833,6445,212604,507626
5334,5648,241768,26352,7482,267765,599423
5852,5648,1148128,29148,7871,204364,1443510
5444,5630,146094,24408,6777,223404,433368
9056,7778,169266,34130,10444,176843,442942
5259,5482,209920,25963,7333,244800,519664
9241,7426,140148,25963,7333,484275,696089
5334,5555,151764,24649,6926,179270,395368
9333,8111,163603,43408,7167,285708,560034
4741,5333,178868,25926,6722,148853,388979
7944,6945,262095,25834,7981,212346,567570
6000,5926,126823,39463,6722,161027,366980
8074,7611,145051,26722,7222,230706,443960
5074,5630,174759,54482,8500,381662,669181
5241,5500,238487,62630,6797,220379,580145
4703,5278,430716,24963,7667,194002,703403
5259,5593,158146,33834,7944,242610,475293
5834,6185,172892,50037,6519,413492,706959
5426,5815,209861,29704,7963,248506,548942
5519,5555,311552,25815,8056,255241,646404
4945,5685,148705,39352,6796,190885,415553
4481,5426,171452,57000,6074,382841,646181
9759,7778,176142,66815,6797,202447,502701
5389,5371,343092,25722,6408,208608,615719
8889,7574,809081,28074,7444,645171,1527288
5277,5612,141084,23944,7667,179099,396942
5037,5611,173720,70666,7001,179907,492645
4796,5333,236688,24463,7389,279865,590422
5481,6648,436194,67686,4703,208802,771236
4538,5203,167995,33056,8259,211688,465035
5111,5666,722206,38648,7259,162826,961179
4130,5185,208099,24759,7741,145658,418294
9389,8092,374605,23593,8444,178577,641848
5278,5666,158869,40944,6926,160018,398905
8407,7630,166596,63241,6555,405623,695607
6796,6315,177935,36926,9519,176377,435053
7796,7222,267274,63649,6833,215463,601793
5685,5666,601929,34315,9259,209752,886550
5019,5852,144506,37093,6778,166583,387127
8592,7260,172827,31000,6926,201726,447664
3834,4944,548556,27703,7778,349032,980680
5296,5926,405117,23759,6944,400731,867421
8426,7648,149084,26408,7148,221043,460275
7334,6222,165978,42927,7018,393740,640311
4740,5260,208002,27741,7370,167088,459664
5667,5796,338620,49259,6593,173655,603219
9074,7908,147291,26333,7260,174558,408979
14297,4888,151556,41241,8685,392015,630997
4796,5389,177839,27278,7796,293102,559404
9426,7519,357697,32611,9407,165559,601182
3612,4833,123887,47759,6741,198888,407313
9240,8556,150244,32908,9240,173791,404201
5815,5648,177990,63019,6574,356395,669866
6556,6666,230626,26426,7315,152594,447701
4314,5093,396631,36315,7982,314568,816402
5500,6223,157303,40204,6722,221176,457072
3870,4963,171475,30686,8203,342281,620385
5759,5871,374555,41907,6667,177126,631811
3797,5129,381042,27686,7351,161307,614515
5333,5685,652178,38574,6574,190354,918791
3667,4981,172349,25556,7240,191612,446571
8852,7241,174465,25000,7112,243920,488109
9722,8037,315545,39686,7537,294117,690959
4815,5426,136347,26777,7112,173558,375072
8222,7686,959779,40075,6666,172528,1214475
4685,5185,173154,25574,6130,205603,441016
8037,7129,226697,66241,6666,147949,482608
3723,5074,323998,47185,6500,196628,622219
3760,4722,150077,41593,6019,210586,437757
8185,7315,169361,27167,8666,435210,708774
6907,6759,198922,36574,8704,149150,424849
4389,5296,834669,62501,6500,185213,1119660
9130,7704,146951,26981,7426,173343,390331
3870,4926,170031,22222,7296,331855,591830
6018,5982,171406,62297,6648,841883,1115530
6167,5962,344635,28796,8593,158547,606441
5426,5648,136380,39667,6426,161099,373775
4112,5055,148886,27870,7093,170964,400313
6315,6241,173335,67612,6703,174329,456257
9166,7426,232397,25482,7314,150083,448201
3315,5148,411162,93167,6648,222519,762515
8222,7315,144907,34315,9074,193701,416182
6000,5926,174413,25759,8223,148251,423998
6518,6500,208197,25351,7630,262616,534960
3740,5056,313165,26074,7093,292516,691384
5112,5629,150689,23629,7741,275716,502738
5630,5778,167823,41648,5556,327284,570052
3741,4926,280959,25074,7611,212630,554775
4741,5352,321334,32741,9519,197458,592441
8852,7741,1124305,27778,7648,250724,1444436
3722,5408,161438,49759,5908,398502,642145
5130,5444,175092,23981,5778,156221,410812
6426,6129,227283,67592,7149,146807,482015
8463,7481,399918,28370,7741,368429,838902
3703,5075,146718,33241,9630,164464,398886
5611,5870,172743,24519,7555,207533,443793
3186,4796,203656,63167,7222,150712,453646
8296,7093,310680,28055,18000,175039,568033
7223,6963,150722,34463,9481,163387,390720
3852,5037,170431,27389,7389,148418,398368
6055,6037,196233,67760,7111,210838,537145
8408,7018,327573,25777,8019,165813,562534
6371,5907,121503,26297,7648,213865,402517
8241,7315,148583,40129,6908,168507,399239
4426,5037,177273,46815,8500,396482,655181
4907,5463,776577,26481,7648,316417,1157789
3574,4852,354914,41426,7185,294749,726959
4556,5481,150642,27203,7037,289634,503238
3351,4815,175332,28075,8370,143666,420627
7704,6129,206412,25333,7686,247752,522589
10538,7463,351806,38389,8185,405078,841033
7797,7037,151052,28426,7556,172242,393720
4130,5241,170502,39296,9537,394680,674811
5871,6018,175804,65241,6963,181453,455924
3759,4797,297606,26240,7723,193372,554497
8297,7518,127833,39019,7055,162647,373480
8667,7500,144338,49741,6389,186474,421701
4241,5259,172215,51444,8426,217116,481534
8092,7352,226998,28445,8425,284999,619866
6463,6203,367634,50907,6963,153641,612330
5741,5982,161527,49870,6241,264748,548905
5611,5796,177088,25556,7296,401556,639922
4704,5482,205464,35055,8315,249774,541812
5519,5815,372359,62611,6426,279600,748626
3519,4870,152605,23796,7518,178783,407165
13834,4759,149406,56352,6982,155202,406868
3759,5167,184170,25297,7389,249882,529422
5723,5870,257899,61611,6611,152821,510238
3371,4963,351015,23260,7037,151314,556775
5112,5907,154261,36130,6685,231051,489905
3537,4833,188526,29537,7537,394249,679940
6018,5852,224698,23019,7093,166410,450349
3297,4704,406463,26222,7000,180774,645663
4648,5333,150098,64019,7000,240843,491311
3556,4962,205030,26463,7185,198857,464831
4481,5185,204480,23944,7722,183222,465423
5741,5907,310411,25537,7222,267549,640367
3334,4926,172545,33297,9148,246896,502905
5241,5555,166551,26630,7407,188836,420238
3611,4926,168168,65241,6574,159219,445683
5741,5519,1264971,48797,6111,195686,1546565
3463,4945,484808,25982,7463,396278,941643
5037,5500,147925,25574,7666,292166,515738
5500,5908,167430,64500,6259,317919,584571
3815,5055,241103,26852,15555,234358,557941
5389,6814,320386,49426,6037,157537,564793
4667,5407,148243,24333,7445,228958,439960
9389,7666,171434,34611,9778,397063,681477
5444,5815,201365,64852,6314,209392,536700
9685,7352,310407,25149,6611,224478,602830
4981,5371,153505,63278,6129,268233,522293
8630,7351,166344,40778,5778,372467,618478
4352,5129,185405,29167,6870,149556,417923
5908,5685,329985,37389,5926,354400,756311
5000,5204,357972,25148,7371,269931,725385
5426,6018,146162,65574,6130,371224,617348
4630,5481,173260,64038,6148,189033,475831
5314,5426,234803,25259,7223,193842,488719
3611,6093,342456,25463,7593,253854,656366
3592,4685,155443,23519,7093,262517,496608
3537,4871,174818,26297,7129,152791,389850
5426,5778,196954,25259,7204,232228,510794
4481,5093,298126,37833,8723,194518,604959
6130,6074,155539,40981,6852,160793,396665
3908,5074,170304,41166,7241,334304,622386
5667,5593,171568,30833,7815,249244,488498
3760,5018,331944,39408,6667,145571,551719
4371,5277,134394,28537,6871,172456,370554
3444,5037,343270,39426,6778,164301,598422
5556,6037,174497,30111,7204,216445,453775
3667,5055,231577,62538,6740,142550,487701
5482,5407,402324,66056,6444,295116,797922
3815,4907,166717,41612,6629,263687,532941
5037,5537,175130,27278,7833,310034,547478
9370,9407,191507,35333,8371,842339,1117327
7555,7334,323586,56111,6555,398650,851235
5741,5741,150498,24649,7666,176981,390480
4037,5463,166004,65130,6630,387084,686052
5222,5407,171121,62111,6667,151895,423590
8556,7574,254571,26778,7222,250278,573775
3686,4925,347558,36148,8260,223012,644274
9463,7834,156192,65445,6592,186046,450424
5889,5778,172290,29315,8778,164337,405572
3556,4944,228963,27148,7667,159609,448646
4352,5518,401154,24056,7018,185713,664348
5815,5777,146826,40055,7223,187968,412738
3833,4907,173368,26908,7703,175741,411331
4427,5277,196392,49408,13814,243272,531664
3241,4815,298656,23797,6870,236896,591293
3555,4722,147070,33203,8297,277650,517367
8556,7556,161204,37574,5204,178015,454553
5907,5815,175339,36334,8500,146566,398849
9685,7556,248882,61204,6852,228151,581367
3667,5018,127443,39055,6686,161999,364553
8333,7852,149041,24704,7222,190216,443368
6019,6055,171491,60093,6426,305006,573386
3555,4834,230015,36629,8278,147631,482830
5278,5685,370428,28426,8222,148458,585589
3667,5130,158155,64370,7204,238990,520849
9093,7814,167346,26352,7426,149671,387349
3445,4925,200463,26148,7537,253387,550052
5759,6037,304802,26333,7093,248362,615645
3667,4981,938419,25167,7482,176740,1177030
8852,7667,157905,24518,7648,169520,396369
5889,5815,177206,67260,7055,147513,461571
5945,5648,341842,24963,7815,336431,775403
5037,5630,349069,35000,8982,140020,560182
3963,5259,147686,39944,5296,174350,411812
5389,5704,179728,47407,6408,316120,577478
3519,4907,152308,34759,8667,183431,407424
4963,5315,328962,28167,19685,318516,765089
5445,5592,186337,24352,7482,232419,481553
4519,5222,165935,26185,7797,151414,397201
5704,5981,200700,64519,6777,157594,460664
4371,5000,381761,52834,5944,423197,911236
5130,5629,172063,48778,5870,231935,491812
5945,6000,169734,26686,7537,152467,387887
5148,5352,169962,61982,6130,154498,423720
4556,5518,400024,51482,6092,216509,714181
5463,5740,134862,33093,9574,167340,375405
4537,5204,142386,23722,7333,281408,496664
4833,5408,177928,39259,4482,196069,447479
4389,5259,230268,24111,9593,186081,477646
4777,5297,387551,36389,8407,317445,811532
5463,5871,159778,42500,6629,183350,425368
4889,5204,173302,25963,8056,306250,576645
6297,5703,198400,34167,8556,158264,429627
8167,6926,300924,27741,6555,190388,575663
5463,5648,145356,35407,9241,263345,537589
5203,5260,163064,43297,5018,149730,391942
4723,5185,181459,30537,8037,168390,422350
4611,5278,332576,26814,7297,307439,740514
7574,6871,341340,24982,7203,272156,678866
4130,5055,147383,49833,5963,198078,448627
5797,5722,178833,55389,5814,167221,438720
4019,5240,226875,26019,7278,197715,484293
4574,5334,1266308,37112,8426,203293,1545102
3667,4870,148256,65501,6685,207408,469553
5556,5759,176336,24222,7334,179902,420516
3870,5000,195064,22556,7259,184193,435275
4296,5278,347532,63019,6352,418222,896532
6240,6445,150796,24056,7833,163813,378590
4593,5370,163024,23297,7518,165604,389553
4204,5130,175955,49500,6519,203467,483312
5556,5592,349054,47667,5759,189258,631496
4463,5241,575875,34870,9389,240546,902921
5649,5592,144879,23778,7741,232637,440998
4296,5278,170774,30722,8204,156650,411090
5056,5259,223983,50778,6704,163459,475072
3760,5333,346174,50778,8351,159194,592237
4704,5278,149327,64185,6056,246040,506961
5370,5908,172610,27907,8223,201739,506478
4426,5074,197709,29222,7963,252863,515182
4556,5204,291658,35463,8574,224413,603108
6185,5722,156145,28167,7444,174649,398275
4481,5241,163799,43759,6611,154959,414275
5277,5519,171471,26722,7185,206453,439627
4129,4889,317773,34482,10463,398315,786680
4649,5351,432723,63334,4963,422438,970698
5259,5481,146043,33241,8092,177956,396979
4204,5241,172215,60148,6148,349245,656886
5667,5537,223535,24315,7352,172721,457720
5278,6334,403392,42093,4963,226548,726459
5722,5408,157990,34907,7945,301377,535219
4630,5648,178107,39574,5926,388686,674441
5167,5648,194983,36870,8722,176645,445849
4222,5186,388025,36945,6352,227655,722903
5611,5796,151068,34259,9297,165708,391312
4075,5111,163313,38556,4611,145999,398220
5315,5296,315876,38537,5703,281492,713107
4649,5259,260603,30796,15722,201617,537645
4204,5426,346478,36352,9648,167741,607404
5352,5519,152761,42408,6018,167811,399702
3907,4815,167026,67056,6592,262119,529237
10259,8315,220846,27445,6907,239151,567052
5185,6315,330815,35019,9611,146681,550534
5500,5481,165691,63704,6352,173455,439442
4056,5259,176585,63593,5907,177098,471109
5741,5537,199813,27074,7518,188018,451071
4593,5315,543652,48648,6037,257584,886977
4445,5444,151527,31241,8556,168915,407479
14833,4760,146329,39500,6574,147706,379498
4889,5260,173667,28649,15000,222662,470646
4370,4945,304099,48889,6093,174675,561923
4463,5278,901198,29686,8055,182832,1151419
4481,5463,148277,38407,6093,173999,397368
9797,7722,206338,28259,7593,208048,509979
4907,5556,225084,24222,7593,254894,544756
8908,7666,383405,26167,7574,188406,657126
5982,6259,147613,24223,7463,281939,495145
7796,7408,168767,25592,7482,206267,441868
5037,5093,201068,23463,7611,163300,423923
4500,5334,288333,36000,9019,148478,507793
4778,5518,149654,32111,8833,166604,386220
4074,5167,162529,41852,6926,146524,386443
4797,5074,170998,26500,7204,188407,442831
6056,5944,343448,24130,6963,166123,571700
4333,5148,118842,27111,7871,175600,374590
5408,5685,144347,37871,6333,282853,502942
4259,5185,168760,51371,8537,179552,437016
4815,5407,221155,48500,6722,245490,551460
4297,5111,374846,36407,8222,165873,631367
6019,5815,152036,25592,7648,200295,418664
3723,4962,929895,53889,6315,146006,1163679
4796,5334,202639,26037,6963,254839,533404
5315,5482,343589,46093,6444,308999,732903
4222,5241,152354,41833,6315,158440,403720
5463,5759,158730,25611,7407,461841,683718
4148,5463,173402,35408,8592,203855,484534
5241,5629,250056,49519,6259,164904,501423
4945,5388,126987,26945,7629,321770,527497
9963,7981,210937,32833,9315,167727,474497
5130,5648,172776,29000,6463,202074,442090
8260,7240,1164283,28815,8760,220912,1458232
4148,5204,406268,23204,6722,191209,672496
5593,5593,158310,43167,6426,263501,503775
3630,5222,171223,34019,9870,193960,438887
8666,7482,184025,63963,6296,168510,491238
5408,5667,379716,32352,9018,275113,743126
5926,5889,152110,26796,8019,175647,395054
3889,5500,158893,66685,4834,438473,715737
5130,5537,176454,25481,6926,279229,544126
4945,5259,249608,62296,6482,160778,509293
4926,4870,347355,60204,5851,228364,721385
4482,5055,155675,66389,5611,230823,487831
3944,5130,174494,24000,7186,178725,428146
5686,5555,221111,26482,7963,120738,404387
5278,4926,328801,62112,6629,411657,857087
5093,5518,151511,26852,7315,248246,485460
5296,5278,175424,24629,7223,177685,415535
3963,4926,190614,25649,8314,161865,412090
4704,5000,276583,23203,7112,229025,562775
3889,5111,146847,23741,7611,176336,399868
14574,4685,148353,41963,6667,404532,637811
4426,5426,176358,37093,9111,145436,428886
4741,5333,273716,62500,6000,225595,619904
4722,5222,121999,34444,9334,165592,360090
3741,4889,150948,41648,6482,852490,1096308
5278,5278,175250,48852,5834,281117,539108
4333,4870,224016,29333,7630,212500,522071
4963,5796,320984,49593,6037,181902,590923
9907,8130,152155,27574,7371,200657,425071
5222,5574,173198,25111,7667,186948,424627
8056,6981,184037,62074,6463,152257,440701
4389,5093,833358,27926,7426,211358,1109216
4815,5352,308677,33297,9185,167560,547682
4260,5296,160387,27333,7667,161574,385795
4500,5223,170910,24333,7241,246087,480905
8648,7278,244379,34185,8612,153525,474942
4389,5185,493162,39130,6704,314017,883698
8444,7389,175982,26704,7963,221756,469256
4426,5149,171784,23926,5944,237602,492923
8518,7426,218142,26870,7741,178986,484497
6112,5926,365776,25334,7722,151535,584127
8740,7667,178319,27315,7426,253474,524774
5389,5333,175787,23926,7278,155322,393997
4352,5204,194496,25815,7222,286593,568830
4612,5259,277706,24240,7445,272661,609312
4296,4908,464211,25945,7148,405839,948180
5778,5834,155512,23704,7148,196689,414424
4204,5148,170888,25260,6833,279553,508997
4000,4908,250542,36334,10185,236436,587293
4611,5315,882049,27667,7259,186907,1148826
5741,5722,158646,35500,6944,163315,395239
4149,5240,171207,66574,6574,147458,421090
4111,5222,225934,48389,6111,221100,578589
4481,5260,395236,28611,7741,147742,626459
5463,5556,154982,63389,5889,173682,429183
4278,5389,168802,27167,8593,147936,381794
4111,4870,195382,64223,6389,354392,645311
4260,5129,330147,28352,7482,202886,597534
3963,4963,152059,38019,6074,166179,407775
6111,5703,155084,28926,7518,193100,416164
4037,4852,172774,23907,7000,266112,520997
5019,5333,248761,27037,7260,205606,516719
5167,5074,371767,36314,7908,235711,694033
5408,5722,146827,48389,6315,254985,509016
4240,5204,172185,65574,6556,148498,422405
4019,5241,225709,48944,5815,848303,1157716
4445,5333,575493,27592,7463,316484,971735
5352,5537,153831,25185,7018,233612,450368
4722,5222,171281,40463,6296,431660,676163
4185,5334,196230,47797,5907,249137,544460
5260,5389,355347,27370,7538,149445,570608
4759,5797,150630,39815,6333,163442,406590
14518,4630,148062,28055,8130,148732,372646
3703,4815,165697,26815,7555,244468,506811
5334,5222,248239,24815,7556,227202,536368
4981,5463,116560,25907,7185,177976,372590
5148,5556,144268,46278,4870,184433,411942
4426,5223,178625,25871,7537,222094,463275
4648,5611,219280,50074,6407,238884,558311
5260,5444,381193,33796,8963,391599,843607
4092,5149,151105,40092,6315,191708,419053
8037,7241,169129,25389,7537,196591,449479
4982,5537,189542,34667,8500,198770,460331
4796,5278,362437,39926,6555,155356,593404
4815,5537,1207573,27260,7333,160733,1449510
5556,5741,158577,41629,4908,156032,392165
4315,4944,169120,24611,7148,249508,477145
4537,5056,279180,53908,8537,206668,661404
4278,5407,904132,39111,6111,185492,1180567
5482,5833,176413,53445,6981,186159,454923
4334,5463,556253,35463,7055,308075,982032
4686,5333,220887,63871,6407,194721,515701
4204,5000,388652,28130,7944,293418,778181
6074,5870,156213,41074,6426,177267,415053
10241,7944,371590,28166,8000,181704,626497
4000,5167,189575,48352,6445,220606,527441
5537,5759,296896,26649,6111,183100,544904
4297,5444,156346,26407,7371,176226,398072
8463,7370,155444,39741,6630,156887,410053
5148,5574,171283,26148,21278,208177,457608
5760,5740,790271,26037,7463,318001,1174234
8129,7797,373905,30389,6278,193461,658848
5666,5667,150225,66537,6778,187069,443164
10018,7871,185100,28445,7481,145823,403460
5519,5389,214643,23815,7445,165354,443016
8908,8925,370446,25407,7463,186366,627033
5797,6148,176617,23389,7574,227325,466331
4889,5463,169234,24667,7333,152987,385258
8723,7963,188313,66685,7148,229962,540812
6185,5704,328874,25185,7612,233788,629274
4982,6333,153305,23167,7130,177118,393072
9685,8241,146107,29556,8037,195576,416275
5574,5611,181594,23500,7241,254255,511867
5574,5704,248859,25944,6741,255471,590904
4796,6463,423495,36685,8741,161835,679163
9241,7703,149611,45574,5222,419830,672829
5871,5814,182764,26019,6130,200863,449312
9074,6926,210751,23889,7222,208932,485368
5223,5259,395590,26704,6796,178610,653885
5463,5574,145521,63574,6741,240328,534849
4333,5112,174526,24537,7278,320507,564978
5370,5741,187532,61815,6870,161447,450497
8093,7166,282779,24352,7425,259552,632218
5296,5722,149506,40426,6667,162455,391220
5259,6037,156789,28945,7574,163727,405849
5723,5592,172480,61926,6685,160036,432035
4648,5408,354467,53889,5815,249992,694959
4333,5278,345120,37130,8797,146653,563330
4593,5240,593016,24926,7018,213832,867736
4667,5315,177816,32759,9926,169052,418961
4334,5166,221007,62612,6666,199231,520831
10612,7759,358753,36482,8426,314409,754700
4056,5056,155425,49074,6481,242665,483664
7907,7186,170412,41018,5389,308585,555126
4666,5537,193159,31907,26426,190672,473608
8148,7259,367720,25148,7871,175665,629107
5759,5759,945912,61259,6611,203378,1271307
4463,5389,245860,24556,7444,184693,493312
9056,7241,169921,28629,16241,179410,429442
4204,5333,246315,37019,9926,184107,527367
5555,5685,374544,63722,6537,385322,862865
4222,5204,151770,25519,7592,194320,410534
9482,8259,166961,61482,6000,208388,480757
5703,5685,224986,28537,14092,255586,594089
9093,7740,321658,24556,7611,126062,513812
4778,5352,144570,24074,7056,232094,452609
8537,7778,171964,26704,6926,177366,438108
5834,5870,184044,72871,7407,187750,485257
4778,5407,361605,24371,7722,195873,620144
4685,5574,1150372,36389,8407,142806,1402140
5518,5667,151264,38833,4945,165511,392331
4722,5315,168084,27704,13666,189766,446682
5334,5296,250090,66018,6241,207296,560441
3760,5240,341374,25648,7259,263419,689533
5204,5556,152582,23574,6926,269397,483331
4018,5426,172903,39111,5222,364631,614219
4463,5333,1297447,26537,6963,230229,1616305
5741,5944,406877,24611,7389,222119,692218
4649,5166,156697,51000,6629,187709,430961
4537,5259,172295,36870,8482,164796,429109
5612,5592,308985,27797,7629,315696,693200
9481,8000,150620,38852,6445,164118,413201
5278,5722,1206591,27129,7352,329234,1625157
4871,5537,153094,39907,6093,163830,394646
8815,7056,173599,30482,7703,200065,446868
4371,5185,263142,25870,6741,237151,563071
5370,5537,346629,24038,6814,267238,687163
5945,6000,148393,39223,6074,170845,396183
5167,5259,173455,26296,7556,234228,485164
5333,5686,213700,49186,5944,194259,494830
4704,5296,387374,61222,6574,248752,736181
8870,7833,167749,34815,8796,266415,539867
4778,5277,172829,40240,6297,387001,636144
8130,6963,186630,27000,7833,250016,521590
5630,5666,358488,35592,8463,155047,591385
9518,7537,596160,37797,5852,168631,844476
4500,5222,152850,30796,7908,166018,403072
5352,5704,171633,64315,5944,202068,496571
4741,5277,252083,26315,7723,147784,494775
5130,5407,330237,36815,9000,156241,560812
8740,7278,183446,39148,6407,370440,652440
5222,5649,175340,27537,7166,149973,391979
8407,7352,215197,23871,6981,261652,568941
5129,5574,388667,64092,6852,382792,871717
7722,7185,148301,37537,6148,235086,463201
5611,5741,173843,27074,7593,167414,423294
5963,5870,190905,47740,6945,163982,441071
5574,5611,306429,26592,7685,194809,567182
8592,7667,432860,40019,6000,307153,818847
5019,5148,152828,25389,7629,171337,388294
8204,7185,173241,62722,5982,170960,448534
4593,5388,251210,29000,7833,239584,582200
8074,7111,417049,61593,6000,281854,839477
5926,5777,146609,91371,6222,233573,533089
8500,7445,207873,37260,8555,178698,486997
5148,5445,311379,26519,7370,212506,591497
8926,8407,381607,39186,5037,811922,1275085
4333,5426,156242,27426,7593,240496,483497
8500,7130,171154,34371,9166,279250,538349
5445,5852,184993,25223,6907,243004,515071
8519,7518,325296,26426,8055,160535,556645
3722,5093,138152,40778,6611,162216,393368
5612,5611,150361,39112,5759,185229,413313
9537,7537,169145,28352,6592,179501,435627
5130,5555,331855,40296,5889,351771,759292
8111,7371,169489,25722,7870,334804,573126
6037,6092,147847,37148,5889,166429,390923
7723,7129,167945,28981,6260,203756,460350
5667,5740,214210,25926,7203,253270,533089
7426,6889,397455,26982,8222,289040,784921
5204,5444,157554,33018,9130,219926,450720
4722,5408,172299,40389,6796,385494,668681
5963,5759,186175,26482,7111,247637,522478
5037,5278,317903,68426,4778,194982,616885
4186,5185,145353,25259,7148,176367,398961
5111,5463,150377,28556,7703,173177,390368
4037,4833,172975,24500,7519,266374,523460
4630,5388,247796,25444,7278,225461,533960
5074,4852,381930,36056,8722,159085,632292
5500,5871,167658,23389,7222,264524,542738
4686,5277,167478,69315,6686,275129,546053
4814,5149,212057,48741,8130,163736,478145
5555,5537,389249,26871,7315,446949,899569
4592,5389,151124,32463,9167,265262,487812
4445,5074,170611,23926,7407,154406,401498
5092,5612,186320,49815,6463,154455,430238
9407,7574,380382,23556,7296,194207,658403
4889,5389,911703,35852,8444,168735,1157864
9166,7241,146003,38556,6407,459512,685681
5556,5482,441416,34537,10463,292301,811199
4186,5333,247996,23574,7315,191927,517294
5593,5870,418483,41018,4963,165903,662329
4797,5407,156321,25593,7444,191362,410646
4223,4907,176512,29296,8852,166060,408720
4629,5056,211480,23130,7259,166462,453497
5111,5426,334079,26370,6426,208251,604756
4963,5296,528992,34334,9129,167893,770903
4722,5297,169811,26371,7796,169594,419331
5352,5611,185465,65722,6649,214143,551441
4648,5278,535119,27908,7185,312375,912476
3814,4889,150847,33833,9370,165837,387294
4760,5463,150314,38297,4703,164980,404628
5389,5777,171709,63074,5649,151344,422608
4203,5019,333826,29741,8185,147541,548237
4297,5203,1107352,26296,7278,260159,1443566
5370,5833,148152,60870,6148,258105,508645
9019,8000,174694,27685,7352,193748,439757
4686,5481,213681,27166,7519,198243,474757
4593,5463,312427,35834,8759,152273,555923
5555,5630,152136,26185,7056,230676,447219
4760,5426,180585,38112,9203,365874,627052
4111,5278,1135315,52149,7555,252917,1532417
4944,5204,347282,29926,7278,145048,559737
4426,5055,140880,41556,6296,163007,397183
7686,7240,148830,27426,7556,265890,486350
9074,7871,172242,24963,5982,209218,450386
4649,5500,240026,26277,7723,235137,564590
7611,6926,326328,36667,8833,196335,634644
5630,5648,156314,41797,5203,261035,496404
9241,7944,179728,28000,7852,148715,400498
4667,5055,211955,28371,7537,256079,536497
8185,7389,383868,24815,7630,195498,662607
6463,6222,151966,25500,7037,187384,406608
7778,7055,713510,46018,6686,273039,1076086
6037,5741,178977,26833,6815,148799,393590
7704,7018,317965,25111,7203,153237,553552
5592,5871,1214953,38278,6481,383112,1673027
6611,6722,145901,26963,7222,188301,400812
5741,5963,176832,48685,6019,405090,665534
4574,5370,240968,28833,8556,265214,607885
6018,6241,375029,56685,6667,336892,806328
8334,7629,152237,64834,6407,184020,442961
4000,5019,173538,26204,6389,245477,503330
7685,6871,212155,27852,7945,1869035,2191636
5870,5889,415421,33055,9130,265908,781125
8444,6926,147222,49074,6222,244739,504182
5722,5945,174857,27055,7778,148826,390757
8092,7241,177159,35500,8278,152357,406775
4574,5259,355572,22593,7037,460590,892995
5704,5944,379022,51926,6704,303122,775292
8074,7037,146045,25371,8018,175860,390460
5148,5371,175236,47463,6018,149318,409220
7519,7092,241205,25555,7315,264774,599608
5278,5537,458636,32074,9019,252618,784218
8519,7092,147067,61000,6112,226059,488275
5907,6093,176943,29704,8166,189518,439608
7815,6944,206153,23463,7277,221901,518053
5130,5463,335732,27444,7130,206524,614774
7667,6907,174052,33574,9648,243983,495534
5704,5740,171576,41852,4852,331291,577997
4907,5445,180044,24537,7926,242194,485571
8223,7333,269920,27241,8296,250818,621145
4907,5389,1149872,23760,7092,275120,1487806
8760,7703,144616,33556,9296,168623,408979
6408,5981,173473,24797,6203,220895,459090
8426,7611,236405,34222,8315,151592,462645
5240,5260,334966,64185,6500,225623,677551
5278,5703,151916,25130,7314,256971,493201
4518,5371,163680,29037,6759,187966,432590
5148,5482,214130,23611,7019,263459,565201
4815,5130,340302,31241,7759,183676,609478
5796,5685,156160,32722,9278,169227,399442
5592,5778,173110,27185,7129,150092,387923
4685,5611,180208,64833,6778,205252,486867
4408,5111,900177,40167,5722,269297,1256474
5593,5611,173441,28463,7574,317704,558830
4463,5185,153261,23278,7463,172866,401886
4778,5518,170433,63019,6204,215360,533515
4241,5111,242476,38148,8315,146966,496775
5130,6019,375463,28463,9092,148275,592015
4537,5259,166561,42852,4722,266862,524923
4981,5463,179474,25129,7815,204358,446682
4407,5371,213497,23000,7074,220574,512608
5093,5240,396226,39648,6241,161993,633441
4204,5167,178897,23315,7407,247008,486497
3796,5056,178587,26723,7629,194243,435238
4407,5056,183001,24037,7129,219442,480219
5815,5870,298784,26056,6519,188768,551238
4518,5334,425808,33685,8630,423649,941624
9611,7981,148351,61074,6685,254758,507460
4982,5111,171541,26482,7481,179253,412239
4685,5185,241473,25537,7518,172136,478978
8686,7611,414367,56907,6112,157740,672145
4408,5296,170409,41760,4814,228978,523257
4963,5408,169396,36148,8241,434470,678811
8240,7223,207809,24722,6722,1426607,1699953
4982,5222,387852,59740,6223,284884,769514
8703,7611,148079,28278,6982,253863,474460
4463,5130,169232,41612,5055,300357,545219
9241,6926,172682,24648,7074,153223,390942
4759,5500,347670,41389,4666,183142,608255
9000,7611,348324,24444,7574,154155,588349
6204,6333,1399406,28037,7518,201011,1670528
7296,6982,213908,38092,6038,198367,489775
5093,5277,235840,27259,7482,151787,470997
5481,5852,323234,68130,6259,155263,584756
4667,5278,149165,33537,7981,193277,414090
6018,5759,206967,25445,6926,400788,668440
4537,5241,206601,64667,6704,235432,571219
3982,5018,972313,28407,7797,172921,1210623
4333,5278,174502,64722,6092,178311,472923
42352,5130,148785,27018,7408,267842,565904
4982,5537,181772,34592,8315,189818,464535
5296,5667,350722,28018,7741,149960,566459
4241,5185,129505,43574,6482,160956,388424
9037,7834,147936,61018,6130,234931,498756
5685,5760,167923,33796,9093,153278,393294
5167,5241,242317,63574,6074,214254,558682
9667,8277,377565,31537,10092,165266,638718
5370,5574,443273,61982,6148,208426,751921
8945,7092,201982,28223,7444,356218,661682
5037,5704,209413,25278,7204,163491,434164
4574,5333,308142,36592,10260,185003,570089
8703,7389,151776,39574,6426,162537,395090
6352,5870,172282,27129,7389,166809,406627
4037,5204,181768,26260,7611,206729,448553
4685,5278,354681,35371,8889,163055,607589
5667,6148,439631,62464,6555,432159,974994
3963,5055,146322,26463,7204,426323,667274
5148,5444,169957,66630,6019,414817,686736
3944,5333,242407,24482,7722,216627,540552
5111,6408,337820,47926,6203,193066,616737
3982,4944,168381,62574,4593,190469,484572
5574,5759,176257,29629,7945,208278,453645
3815,5019,211262,25666,7408,286883,572645
5500,5408,357379,35926,8481,435876,866069
4166,5260,151291,25407,6630,276206,501163
4944,5445,705076,27111,7426,187067,957346
3593,4852,183858,65500,6555,222584,559127
5037,5407,407327,63482,6055,204410,711551
4167,5167,148942,26111,7297,177166,403516
14333,4648,141430,23407,7334,156605,367072
4556,5204,169953,60926,5945,394635,692385
5129,5482,236570,24722,7204,830034,1126141
4297,5000,411002,42630,5888,312512,798126
4148,5185,174914,34482,7852,230564,488904
5203,5760,175530,24149,7407,153967,393590
4222,5408,205943,28223,8703,249869,536275
4223,5259,327357,70074,6222,322472,773811
5185,5352,153436,24685,7352,255894,493126
4796,5186,176145,33241,8222,381666,625682
4260,5499,181503,23185,7167,165051,403387
4538,5314,269434,61278,6463,218044,597015
5371,5685,357754,23241,7222,220316,637737
4297,5055,151945,57518,6519,259219,516997
5186,5389,175172,35333,9556,148677,399239
9259,7648,228290,62500,6500,151837,502108
4926,5389,342962,29278,7555,246239,658811
7982,7222,151670,32871,9481,274457,551090
4703,5556,208842,40908,5963,303932,621533
4963,5611,205015,25870,7315,132002,397794
3926,5111,408150,23426,5926,182531,650607
9130,8222,150803,69611,5926,172954,437738
5186,5962,173439,24685,7593,357706,626515
5871,5889,172258,35741,8796,151388,401183
8500,7611,369672,38963,6093,189732,639645
5574,5593,130269,25056,7926,174469,368813
4537,5352,146775,22444,7167,187779,410461
5741,5703,177243,50075,6074,311716,573478
4593,5204,239433,25482,7611,181212,498460
5092,5426,175828,28889,7871,240595,484200
3945,5241,605742,24870,6852,297790,1016550
5000,5537,203135,26389,7889,339621,639107
5426,5500,204251,35612,8703,177913,456608
4222,4963,381425,40222,6296,382256,836495
4092,4926,168263,34796,9537,278735,587607
4759,5130,172712,24649,7259,293636,525719
4426,5388,178978,34463,9185,180983,430219
4574,5148,354243,41889,6240,159940,593367
8833,7778,131099,34760,9092,164417,375775
4019,5093,147771,27667,7815,276800,489720
8704,7555,637352,33741,8926,302253,1032624
6352,6185,328431,26259,7389,223288,619404
7611,7056,685437,33796,10426,183206,946772
5630,5592,166349,45315,6667,240518,491534
8389,7408,175909,27056,7889,416827,695422
6130,5963,205545,35167,8703,169620,451979
8241,7315,372273,38537,4908,149038,599219
4648,5296,148593,37037,5963,162442,400498
13907,4408,151672,29555,8852,181678,409923
5056,5241,176066,67704,6556,222375,504275
8556,7537,360442,25778,7926,228257,660496
7944,6796,346782,35759,8260,152641,594996
6074,5871,145286,38630,4815,212044,433053
4778,5371,168921,24389,7760,242316,470794
5204,5296,236668,35278,8556,151218,478442
5611,5611,323174,49037,6167,201952,611385
4593,5296,151993,24963,7593,244689,477127
5297,5444,179295,33963,9908,407978,658904
4167,5055,207653,63592,5982,188807,509219
5130,5370,366825,34204,10241,455799,896069
4555,5889,156293,41982,6500,157964,410849
13574,4426,151632,26093,7444,174625,398164
5037,5222,172138,28944,8037,248342,499608
5148,5315,452532,23537,6889,263982,778847
4315,5277,879798,25926,7260,765025,1724027
5426,5555,150006,68611,4981,198585,453756
3963,5092,175011,51982,8352,205986,494719
5075,5574,234387,26796,7833,122204,419091
4000,4926,407818,39778,6334,343213,856828
5593,5889,151842,64296,6093,243988,497683
3963,5259,271237,27907,7574,183409,518756
4759,5260,206482,25593,6815,171070,437757
4130,5037,358748,64481,6185,149508,625700
5593,5574,310846,48963,5963,300446,696219
4019,5148,171388,26944,7575,167313,401942
4685,5389,177264,26796,7723,122364,395590
5630,5592,348048,23889,7537,374578,782607
4148,5019,357812,35815,8518,151426,600478
5649,5981,150447,39815,4851,165607,393350
5555,5834,175063,25593,7963,152564,409294
5241,5315,237402,23926,7259,191466,487775
4500,5019,327630,22944,7000,183904,591867
5167,5666,151024,40852,4926,244103,471442
4407,5500,176159,24093,7370,150932,389312
9445,8055,199572,29426,8019,254906,541664
5352,5537,320596,46537,9111,203716,612089
7759,6963,155675,26593,8074,175100,399590
5556,5703,170515,40574,6185,142058,390924
4741,5389,174760,27686,7685,260459,534793
5815,5815,405062,31723,9037,222267,699848
4185,5759,907680,38352,5741,175128,1173530
5426,5333,150906,29463,7834,175314,394275
4075,4926,169800,61723,5944,171197,437257
3704,5352,240269,27241,7167,225042,547145
5204,5982,382145,34204,8037,408942,861533
4148,5259,153558,44796,6556,210051,443645
5352,5648,174674,41037,5945,396637,680663
5130,5370,384903,25426,7130,194649,642274
4500,5037,379242,68315,7648,1023194,1504362
4149,5259,151172,34519,5759,270640,504053
13926,4704,145492,63519,5982,311152,562053
5148,5574,171331,24074,7333,227185,480404
5241,5259,348856,37130,4537,153752,575682
3926,5055,124583,43537,6130,239155,496108
4833,5463,588756,26148,7815,319757,972438
3833,5000,230168,34389,8815,152552,470368
5519,5778,238025,27945,8833,239916,548127
9130,8241,356697,25889,6389,292576,719403
4186,5351,175296,50537,6222,230424,493034
8037,7185,171245,36945,8000,281492,555996
5555,5815,200584,66037,6352,234283,539534
9648,6889,347905,27796,8518,147315,566960
4093,5037,151002,43408,6259,186199,415350
4815,5481,169971,28500,7370,152694,390516
9260,7425,174365,47815,6093,157929,422609
4315,4926,352759,66630,5870,301403,755903
5000,5685,407580,32944,9278,314101,794143
3685,5037,144899,25667,7648,253469,512515
4649,5277,171831,54315,8574,156908,422757
8611,7759,224615,24815,7074,164086,454793
3834,5055,359694,29056,6426,175839,599960
8482,7166,157218,32926,9537,170854,422035
47092,4963,155576,24703,7260,164848,425979
8704,7388,199377,65334,6778,158953,466016
5593,5556,383308,27371,7314,192688,639441
4223,5333,149406,24111,7630,213962,440442
47389,4833,141079,25759,6778,270382,563423
5000,5574,171028,22797,7537,164636,394331
3889,4889,324182,35852,10241,307258,709811
4926,5315,351225,65055,6500,157217,611219
9500,7778,147767,33833,9593,295878,536201
5685,5907,1012997,25926,7314,268496,1349936
7963,7111,226407,64964,6537,148626,483238
4852,5426,376450,27444,8278,388638,831384
8538,7333,153622,32574,8500,277394,537164
5852,5722,176220,41445,6222,396091,648478
4129,5519,205633,37204,8629,146309,423275
5000,5426,406583,41315,6203,202024,686107
4389,5166,173903,27352,7444,371427,624126
6222,6037,188187,64685,5185,232626,523627
3649,5092,175488,35370,8186,152584,397109
4703,5334,743846,61797,6222,294499,1171437
5444,5519,349739,26112,7814,233183,670107
4408,5314,144319,31741,8093,170364,400479
5241,5426,166898,62296,6056,330450,594274
4093,5129,236460,26833,8445,238908,574367
5759,5685,272299,32296,9278,175661,521478
3759,5223,185433,23741,7444,167028,412387
5296,5723,178105,40296,5889,406058,658292
3704,5056,207611,36703,8723,146331,458998
5630,5593,331876,47000,6111,221454,661163
4741,5371,148825,32130,9277,274320,494127
4315,5278,169645,39371,4648,157611,400053
4760,5296,181077,28481,14241,183976,437998
4667,5074,335676,33685,6278,143951,565997
6074,5685,119237,29111,7963,172854,360480
4500,5167,146427,62278,7296,194608,439812
3871,4944,172080,33426,9241,143436,384535
4575,5518,234901,27593,7703,2084678,2428579
5574,5667,356406,34463,8241,436348,863754
4185,5130,148356,63315,6111,172975,419497
4204,5056,171343,26907,7519,150192,401146
5037,5445,203385,28334,7555,245556,538275
5000,5537,367188,69926,6259,378641,849606
3982,5148,173767,27222,7407,212917,469757
5334,5555,166717,33315,9277,1022999,1264882
4612,5333,170148,62111,6426,199886,480849
4982,5333,306968,28130,7648,150288,523293
4167,5037,131289,38444,6185,164377,384924
4982,5462,145165,90685,6037,188981,461516
4389,5185,171299,48111,6037,371327,657144
4889,5296,234434,26408,6852,282710,637144
6630,5944,721460,35704,9240,278998,1114568
5204,5407,632798,24871,7463,204789,901310
4852,5482,174561,27408,8000,193269,434035
5575,6092,196808,24111,7130,166097,422998
4278,5296,361277,68667,6333,367533,864940
5371,5630,169689,65037,6648,243382,581923
4463,5482,167750,27259,7926,161692,395294
10148,8074,171941,65019,6222,204279,506460
4408,5092,309947,25407,7259,169551,557626
5407,5556,131044,26111,7593,174453,369923
4537,5148,147254,23963,7092,300651,509719
8500,7203,176093,31981,6315,228553,478108
5463,5574,230302,25333,8112,148603,439850
4796,5371,404992,33389,9111,147726,628441
9019,7740,154053,67037,5075,208444,471164
4575,5351,175540,24723,7148,300568,548682
5278,5870,200675,48741,4815,233452,519293
4296,5130,288069,23741,7278,155020,521145
6074,5944,178334,27982,7796,238497,485089
3815,5074,167506,38056,4667,144732,383035
4686,5444,168160,49574,6019,163967,434313
5296,5371,347906,25333,7611,447645,857254
4259,5445,345226,32556,11407,224437,640256
4426,5167,151305,28500,7445,200692,416775
4093,5185,174811,28056,6167,181223,433183
5334,5426,231205,27352,7444,244088,538738
3833,5519,401211,23278,7037,188692,667422
5333,5574,145550,26055,7019,270096,479830
3889,5204,173833,35389,10537,184572,432202
4723,5351,198598,27296,8982,148419,410942
3889,4889,376084,42667,5204,289707,773180
5648,5370,152535,34500,9203,164982,392497
3945,5092,169021,42945,4889,154939,399516
4408,5481,174990,49204,5852,209656,486479
5500,5574,270885,25537,14740,926627,1271696
3982,5074,534446,27111,7741,283734,894458
4852,5463,147728,24815,7426,249065,460275
7704,7703,173086,31315,6370,201819,447553
5204,5556,228165,51981,6500,217740,535886
4297,5166,403671,25297,6740,306677,802218
5445,5574,155250,39592,9371,273414,522219
4130,5019,174829,47186,7259,386222,642293
4945,5462,200724,37297,8667,141940,419164
9130,8222,364304,28352,7740,151453,589145
3926,4814,154383,25167,7222,175597,392331
8926,7704,158759,41518,6834,163572,424128
7445,7000,178227,28648,6537,237178,509257
9130,7371,251381,50277,6056,207616,551757
4093,5093,1175666,25611,8389,152566,1407603
5444,5852,138892,56870,6056,193958,427293
4352,4962,166490,27574,6500,178601,409775
8426,7204,234977,63185,6074,206928,578904
5222,5574,390409,26592,7760,296976,751273
5648,5722,170043,64260,6463,261417,533719
4667,5463,175826,35944,9834,180430,431423
5259,5537,196610,61666,6112,227331,522663
4130,4833,392264,32740,9112,267010,741829
5703,6019,150676,27759,7463,161933,379794
3908,5111,166755,26075,8981,156483,386572
5074,5186,169390,68056,6481,154848,428553
3926,4963,259488,48149,5833,175045,536274
5630,5667,444754,26240,7630,295260,807736
4019,5092,152778,24740,7130,223054,439516
9500,7500,214690,25759,7204,229696,513627
3778,4982,225306,24612,6981,247820,557664
8870,7704,397220,89463,6111,394830,940754
5649,5981,161762,49926,7241,234606,486609
9685,7815,171101,28833,6982,166989,410294
6315,5555,202995,50852,6223,219131,511293
4889,5574,907743,25426,7926,316490,1303863
5778,5666,147377,26611,7407,275232,489423
4333,5204,164363,24389,7482,161486,386553
4778,5389,175610,26814,7593,262129,499775
4185,5000,298596,34260,6870,217530,598496
5278,5611,349010,65352,6611,354948,803792
5259,5241,148700,33852,9111,272760,506719
5092,5463,178280,57852,6259,175255,447645
4260,5092,232822,27482,7777,150583,446146
4223,6037,320494,63611,6296,187336,625571
5370,5556,169184,49926,6297,237720,494571
3777,5093,182116,24981,7260,148104,390442
4352,5315,200880,23075,7944,248765,523015
5629,5537,298220,35611,8908,148666,520071
4074,4944,147947,26945,7629,178533,405719
6222,5649,162322,41704,5167,445969,685515
4444,5074,173921,37574,8982,204650,477237
5518,5686,342056,36204,6111,169681,584645
3852,5019,121746,34223,9000,167233,376702
5537,6148,144641,23259,7611,206005,413442
3889,5074,171165,48426,6185,371387,623033
4760,5333,234522,23760,7333,255067,547831
3815,4796,337343,34074,9093,149302,589756
5630,5704,154607,32833,8297,234371,461090
4593,5314,174650,34463,11815,192626,467016
6260,5666,198489,29074,7259,251453,541034
4574,5260,293401,35389,10111,177855,544201
3982,5315,148203,26574,7148,175758,402424
6074,5796,206598,42518,6760,285288,576052
9723,7833,174899,27296,6778,150451,396202
4593,5277,343368,24963,7167,179425,585737
8130,7555,652893,52463,6370,309416,1072142
6018,5519,147471,42463,4815,171378,399479
8852,7111,167088,26166,7334,150169,386553
4592,5352,229704,64334,6278,214440,579478
5334,5666,402951,24019,7166,179528,645108
3907,4889,145604,32315,9222,220672,437645
8778,7555,171110,64056,6240,177703,454738
5444,5741,193208,29555,7963,265345,540293
5686,5648,372732,23685,7093,177394,623423
8964,8037,147070,26389,7574,176631,394813
4963,5741,165946,43482,4907,328495,570108
5259,5630,169618,25204,7185,199250,430016
4223,4981,345217,37222,8500,163188,582330
4167,5055,670112,25500,7167,325290,1057476
8630,7630,148375,69537,6963,160326,421590
3982,5018,171306,53464,5018,172821,432923
7796,6945,222719,24815,7259,245519,560775
5204,5908,348503,26759,6426,151753,564460
4075,4926,181989,27074,6908,242600,511035
9112,7574,171735,44241,6648,391576,647385
4778,5426,195593,27093,7315,143090,405239
7944,6686,297413,62408,6889,205508,618774
6260,6185,141881,29149,7963,171246,383887
8944,7630,161850,39741,6315,163944,407757
5685,5482,175522,26111,7370,285679,523478
4352,5129,371565,61130,6037,182913,650903
5148,5408,488607,27908,7648,320554,874754
4500,5130,154983,36740,6000,248348,487645
5630,5592,177118,37426,8185,218843,472923
3908,4889,229994,23722,7815,183392,470683
4407,5426,346759,63926,6111,287144,765588
5278,5519,1006969,24130,7352,258097,1380678
4648,5093,171436,40166,6075,360245,604348
4574,5056,677702,34351,8630,167849,934124
5500,5593,341484,27852,7889,166938,575071
3907,5056,157471,24259,7333,178787,396201
4334,5370,160217,43037,6408,147095,402109
5019,5685,171760,26129,7519,179516,413794
3926,4945,255191,35111,8722,152510,496701
5445,5352,120251,41445,6444,162339,360924
4593,5222,152443,25481,7000,212426,443813
5315,5426,176281,62204,6204,370492,643718
4259,5241,228268,28908,7481,255784,585145
5074,5556,324366,49445,6259,165093,576200
5112,5481,150798,34981,9371,302366,540683
5203,5500,171155,26334,7833,212639,477127
4908,5481,194827,25667,7408,285669,541275
3686,4944,300370,26481,7667,261256,646349
4352,5222,153690,25463,6982,178085,392720
3871,4870,163066,41333,6407,279691,551090
5427,5462,177072,36037,8481,146760,396017
4537,5352,275632,61278,6055,243531,628163
5185,5334,1157991,36963,5037,164964,1396677
4130,5037,145347,27944,9204,235799,447313
4296,5112,168963,29074,5833,188701,438497
5519,5481,223654,25389,7037,191381,476664
3981,4926,401660,23519,7000,180262,638385
4537,5500,149331,65297,4611,173647,440608
44536,4667,152004,34241,8518,157605,421090
4333,5278,196176,23704,7185,228210,483442
3963,5037,360311,35389,7852,364444,828143
5426,5444,153779,42056,6944,160090,392738
4481,5167,163340,24722,7426,364379,620959
4963,5444,178346,62778,6148,328540,603033
4148,5111,190852,30796,8204,219794,478220
3833,5130,416949,61686,6000,952134,1466325
4574,5555,158195,39797,6222,256728,490978
3963,4926,176775,62204,6055,199889,484220
5148,5426,236595,27704,10944,174217,480052
4741,4870,385046,40629,6111,324710,782403
4333,5445,179698,27574,6963,232669,490108
5352,5611,171815,33407,9037,214812,551959
4722,5259,194339,26537,7741,190714,447016
4019,5074,360363,43760,6555,303892,774848
5296,5463,147609,26815,7815,311536,568237
4408,5240,159541,24092,7500,168291,389405
4056,5129,172676,25574,7148,270489,527534
4148,5019,320885,24241,7814,153501,534367
3945,6111,115482,42000,6445,164404,373850
5796,5852,152562,23926,6722,281880,497848
3667,5093,177827,50037,5926,281540,540608
4426,5408,220684,37982,8648,264516,596163
4982,5481,316301,27556,7907,290491,698385
4704,5629,174473,23037,7537,285654,520775
4185,5093,170737,35908,10000,297685,574867
5130,5407,195762,65037,6389,308939,604034
4000,4797,374878,28482,8111,169062,608423
4370,5500,153402,26963,7482,174910,408294
5149,5518,161204,42907,6889,149924,390739
4352,5204,169543,26666,7426,168344,399239
4871,5500,282863,27037,13148,199763,552479
4167,5296,128906,24259,7018,179352,384461
5759,5815,142392,38074,6000,193995,411275
4389,5056,170990,25500,6482,151859,384387
4000,4852,224051,50037,6352,201112,529941
5611,5407,321298,26111,16371,224328,620070
3685,5037,150562,34408,6500,184268,403719
4444,5334,172178,38723,5944,389836,633811
4093,5037,765260,26555,7685,175550,1018291
5611,5796,386653,61038,5981,235991,722699
4463,5185,148992,25518,7260,176228,403294
5185,5371,157256,24648,6167,177093,395942
4315,5111,171392,63000,5981,210162,511868
5130,5407,250620,24555,7241,198748,509849
5907,5926,453403,35815,6129,180501,708533
8038,7129,440742,24037,7500,299198,820311
5296,5537,178728,23592,7204,152881,393201
4982,5370,221326,27278,7778,243078,542460
5500,5426,916944,24500,7481,177957,1159345
5037,5556,147651,40667,6334,178475,418461
43815,4314,158917,24963,7278,169766,430442
4130,4889,195773,63630,6259,234520,582071
4741,5203,348317,37352,8518,342142,763144
3889,5370,365840,47834,4537,324989,808365
5630,6056,157771,33926,9259,184227,415942
4815,5426,173128,26426,15982,207591,471349
5260,5407,248486,34204,8074,206770,526238
5482,5129,345399,60612,6333,330319,791903
5093,5481,155015,36482,6000,261260,539015
5296,5667,173113,30704,6944,181625,423368
4592,5241,219711,23501,7277,219360,515608
5500,5149,333402,25574,7019,245112,664904
4685,5537,152963,33889,9204,210646,436220
4555,5167,178228,25129,8185,149493,406868
5167,5370,190807,65741,6334,157504,450682
3926,5093,363591,26296,7759,291850,736126
5092,5556,146281,65093,6148,208198,547015
4963,5482,165138,65426,6278,355488,619867
3649,5055,175125,25815,7760,314149,562664
11871,8722,237964,25445,7259,265940,611386
5185,5555,119285,24518,7204,177047,360146
8352,7092,169105,48982,6000,237837,497441
4444,5148,897575,23537,7444,326122,1322807
5389,5500,215856,25408,6944,209197,486256
4167,4981,366696,32037,8889,194708,649404
8371,7740,144090,24889,7518,222353,454923
14111,4463,150465,26241,7500,156533,380313
7889,7000,185378,65111,5278,198841,510830
5889,5963,371291,36167,9685,148020,613256
5667,5611,1918096,67927,6685,203020,2227728
4278,5537,498487,23760,7944,252582,864421
4944,5630,171955,26074,13186,190597,433442
8666,7686,240238,23889,7371,868736,1175048
4074,5518,341374,25889,7463,152197,556793
8278,8148,152879,43537,6982,150878,389220
5389,5519,166699,49223,7129,173576,446813
6204,6204,217316,27185,7741,234699,547404
5296,5722,340600,33018,12056,204027,623348
7815,7370,181679,27907,7630,213615,464701
4630,5333,168554,44038,6963,410182,659052
8186,7129,190319,27926,7389,167734,445609
5889,5778,355343,39112,7518,422170,854403
4778,5167,152293,27111,6982,175927,406350
5241,5389,163483,38704,6019,149292,387738
4574,5259,172212,27426,13444,180786,424794
8685,7778,248939,26204,7241,243983,561330
5519,5778,340222,36537,10204,184163,602756
8889,7630,154579,28519,8667,190196,417813
5371,5648,208381,57056,4889,226078,526979
4926,5111,225054,26463,7555,278777,563960
3889,5204,394726,27852,7240,159252,624441
4222,5130,174342,24167,7037,280562,547330
6444,5871,176421,27519,7315,150483,393646
4334,5092,186816,24260,7407,281811,563812
5259,5389,280118,27000,7463,321027,716607
5611,5870,143234,34815,9482,165393,384331
14926,4408,147795,24333,7463,155685,392220
4908,5500,178412,64666,6667,398714,676830
5630,5888,245288,27519,7722,291098,598848
4000,4889,378941,27000,6500,150611,591959
4407,5000,148780,24982,6500,184662,410757
5889,5760,169748,28444,6260,211823,448239
3963,5148,218939,28259,7593,223002,542108
5463,5445,897260,23334,7648,373194,1334844
3815,5056,580413,26408,7129,213267,873977
5926,5851,169752,23185,7148,155099,386979
4666,5704,186627,64075,5296,219925,520404
5407,5778,307115,50278,6000,340825,732366
4649,5333,148490,25241,7666,175934,386276
4333,5334,163736,37704,5981,149817,403683
5463,6037,221835,26130,6777,242848,528701
3704,4889,249451,26759,7500,169584,478960
4574,5334,943291,24352,6315,223349,1221308
3389,4925,159592,41333,6000,186962,458756
6296,5870,998803,23907,6926,802724,1866137
4648,5408,215658,36259,8667,160265,485608
5759,6000,409182,38889,6519,260999,770847
4611,5500,150169,24537,7555,191626,439682
14203,4649,152822,43481,6149,375044,621589
3870,4852,190754,23833,7667,124170,372905
4167,5278,351167,38092,6111,372125,829255
5685,5982,147116,24278,7759,174882,385016
4611,5111,154418,24389,6815,168783,418516
6593,6148,167127,28426,7204,224000,462627
9852,7926,236818,62945,6333,151568,494312
4130,5037,868473,26315,7111,274446,1228919
9204,7796,170996,42407,6186,249594,541108
5741,6185,174815,26667,7741,178534,419090
5537,5723,219154,27111,7612,205972,529534
5649,5907,334809,52166,9223,159929,587108
4278,5370,158351,43204,5074,162869,398035
3852,5222,174023,26167,7240,151957,404627
5667,6037,172880,27611,7648,400246,642589
9852,7796,258719,33945,10611,375221,750885
5501,5925,146669,26093,7370,212774,425887
7926,7277,152637,23500,7075,177416,394997
4945,5648,172031,24889,7222,279929,515090
8296,7519,240259,24945,7129,164812,489775
5815,5944,1431934,23908,7444,208038,1702953
4222,5204,145825,68833,5149,237542,505719
5278,5556,205516,36074,8074,392406,671052
4797,5370,213948,63222,6426,170772,484998
8408,7222,386713,25759,7315,189154,644293
5056,5481,152662,62926,6056,185798,455720
14203,4519,150093,29500,8056,174293,400497
5370,5352,194062,63092,5926,151436,464201
5259,5704,290827,46741,6370,426280,802014
8241,7648,359184,28148,7334,149627,578534
4964,5407,153948,37889,5760,170253,399165
8630,7519,167361,28259,10500,219248,461498
4444,5389,287812,26018,6556,150315,500071
4741,5241,420872,24463,8482,186512,670478
8556,7740,147156,35389,6278,164934,389683
4352,5111,178309,46778,5759,389058,648459
8185,7241,215240,29019,7296,252812,551552
6259,6352,319635,25833,7574,258695,665866
5556,5889,149936,25908,7093,239394,453905
4241,4759,169683,23630,7204,151963,380980
4111,5407,193670,65370,6667,148865,446478
8315,7222,362491,25055,7149,191839,621237
4389,5130,152532,39111,6185,160540,387109
3889,4815,155408,26574,7241,419496,634256
4259,5185,174359,62796,5870,221491,494719
8111,7222,238160,28445,7852,233300,555978
6500,7166,117888,25426,7167,175721,361646
8852,7333,138245,39278,6296,218030,439442
4445,5277,387566,27963,7593,218263,708681
5889,5851,218441,35556,8444,152038,443904
5556,5556,353113,29074,7222,203161,624589
9500,7574,151656,33296,9148,212287,442849
4445,4796,176087,41852,4759,387409,671255
5611,5889,190741,36389,8740,257442,551478
5148,5352,299431,62093,6574,826266,1240974
5556,5685,1219309,25852,8186,216145,1501140
3871,5018,155164,28241,8537,166186,385739
4593,5518,177874,49703,6500,181847,446923
9445,7222,240379,26685,7445,214303,522330
4167,5092,335144,24667,7333,145520,539108
4333,5593,150815,39778,6407,179942,406016
3611,4685,175043,45167,7093,206250,514608
4723,5315,216400,36519,8833,146986,435387
3871,4852,307258,28204,7907,256257,629275
8537,7926,155819,34000,8982,272011,530201
4648,5037,177306,41482,6796,383987,636255
4370,5093,186348,27185,7649,239852,515515
4797,5037,376983,31797,9185,276068,722755
3908,5092,135860,25055,6704,252157,444664
8426,7407,150235,22834,6833,180967,395738
4574,5296,172333,64278,6426,140553,412571
4148,5000,245061,28889,7889,253362,588404
9278,7889,356437,29796,6982,239263,717626
4908,5407,149590,29148,7315,276722,492979
4352,5371,170669,66686,6296,361253,630775
4185,5056,217027,22944,7630,182433,456516
3611,4667,408236,37778,4611,230871,708959
3926,5055,155816,24926,7500,221126,439016
9037,7333,172488,66500,6278,323064,602422
3611,4519,189974,37112,8426,222800,510664
8260,6907,297943,48649,6074,293386,683385
9796,8518,171245,24815,7870,217901,495349
6408,6203,634937,28037,7981,308003,1013920
4630,5388,175664,23574,7185,265130,526071
9371,7537,242798,25926,6926,163088,472831
5797,5555,448582,33667,8648,167692,689774
7889,7722,153457,81130,7759,239707,529830
6056,6111,176944,28426,7500,164517,411498
4908,5426,243357,71444,6963,143085,494997
5722,5667,353381,26167,7981,184078,621496
6056,5759,149590,65130,5926,278536,531997
4037,5074,228632,28241,7815,226587,519941
4778,5537,197619,62389,6074,206711,516571
5371,5555,369681,27296,7130,172649,607274
4241,5278,154223,25037,7611,175756,407905
13648,4408,150617,26333,7093,169195,392794
8981,8259,166549,22500,7241,211467,465219
5149,5500,250924,61111,6334,162646,511386
4760,5518,427449,23982,6648,157751,662052
5241,5370,175695,37870,6260,252061,551367
4759,5370,203015,30537,6741,409630,698033
5500,5648,212854,35445,8500,152458,439072
5500,5519,376026,58370,6130,173026,662644
5167,5444,152216,24186,7666,232189,446627
4778,5167,168351,38148,6167,408145,647719
5166,5612,186134,61686,5981,158289,442719
4482,5018,335863,29556,8685,340170,774385
6092,5852,146979,37611,6241,165501,387997
5500,5352,157096,25870,9444,181755,405146
4778,5277,172064,48741,6037,205396,473645
5611,5778,250366,26130,7981,149058,462294
4167,5426,531927,22538,7740,332086,958532
5112,5425,151692,60537,5815,243361,493146
4000,5148,174289,27389,7222,149802,388664
9871,7999,209777,61759,6519,168276,483701
4445,5037,308800,25037,6926,260307,664107
5408,5814,158806,22741,7833,882651,1105549
8722,7482,169255,34074,8630,149594,402942
5722,5611,179761,25000,7223,246866,491127
8611,7297,354952,41333,4815,165304,602089
4981,5648,138457,38834,5907,162782,377609
9574,7537,146481,24759,7130,176146,391701
4834,5352,231209,34129,10408,244769,574979
8296,7333,234641,60444,6204,155523,508960
6778,6111,353424,31556,7481,246202,694182
5130,5500,605114,34056,9296,201492,881402
9019,7407,172268,25000,8167,205304,445961
4500,5167,213217,24463,7111,209687,504015
5740,6037,412279,49686,6129,169736,668792
3908,4888,176729,24315,7074,287898,526886
9445,7889,172307,36686,9203,399281,687330
5704,5593,180757,65130,6981,156518,442498
9149,7574,358097,25333,7093,181677,613645
5426,5444,144361,38926,6149,164136,399998
5537,5907,155459,28519,7926,168224,392201
5315,5370,172724,62407,5815,209440,494552
5222,5278,316841,24907,7241,161249,540071
4426,7130,422717,33167,8796,149298,645423
5111,5426,152833,39722,6408,174109,403127
4389,5482,201912,27370,6186,179937,462868
5741,5722,210159,64870,6260,185005,497053
4926,5722,299312,25926,7685,148907,510774
9333,7222,152614,54834,8463,271179,535460
5296,5667,171268,39277,4797,148878,396850
8389,6981,183959,30703,15797,242687,520960
5445,5648,357445,33612,9055,390550,824829
4667,5352,1201397,43759,6408,366630,1690231
7611,6704,147011,39352,5852,168338,403238
7389,6685,172017,28815,7629,147463,394646
3981,5111,434542,24556,6981,222936,722162
4685,5352,402936,25222,7593,152375,670607
9370,8222,146256,60907,6463,213909,473867
5371,5704,181890,26945,8092,158404,409739
4926,5444,216341,63870,6704,222564,542719
4889,5333,343883,26982,7759,147762,563367
4296,5130,181981,27000,7148,183980,432571
4759,5352,366820,33963,10000,207176,652163
3759,4796,215788,25464,6462,200821,480312
4370,5556,309831,50592,6926,226870,628144
4611,5203,354652,25203,7130,282178,749180
4537,5241,156768,42000,6740,156231,395331
3797,4963,168013,49223,6203,147910,403387
3908,5055,247575,25426,7482,254014,587053
5259,5537,414655,35185,8278,326581,813440
8185,7389,154289,62593,6130,255633,518497
4259,4982,184072,33760,11018,394702,650385
4834,5222,213337,33222,8278,271308,579608
7945,7092,369029,27740,8315,177506,617534
3870,4945,154977,39204,6130,309723,563293
5056,5500,176446,28519,7018,153182,398387
8166,7149,188896,63703,6278,251120,569811
4685,5556,362291,64222,5963,271131,732922
8259,7315,145703,35018,9371,168406,410979
7945,7037,145153,25741,7000,180381,395998
8167,6963,168862,49056,7093,326912,584127
5777,5445,246590,33630,14203,237759,577274
5963,6740,472430,64130,6666,223752,822958
4648,5370,147749,44056,6463,183156,428793
5074,5519,201458,32241,6000,185761,455516
4055,5148,216927,24555,7241,282237,575755
5204,5370,365711,34463,10777,415082,855310
4111,5204,176697,63685,7167,231152,509220
9222,7592,171091,36945,8333,146277,415979
5334,5759,504412,23500,7370,356565,924902
8389,7444,319195,61167,6926,348375,768866
4019,5463,1022201,24630,7333,214532,1315900
5426,5408,150946,30074,7593,171866,390980
4018,5148,165878,24222,7204,270527,497589
8222,7074,234420,25945,6889,261299,576719
5482,5611,364537,49278,7592,373366,826181
4241,5204,267801,25426,7537,307140,672867
5111,5371,213417,33371,9611,283523,572312
8556,7870,206850,66611,6907,194519,538571
4833,5334,1047560,25555,7019,316265,1427603
5130,5833,148064,61333,6611,200212,448238
9334,8000,169588,24222,7444,439168,694515
5778,5704,183315,35093,8537,176682,433109
4092,5334,272321,48796,6796,221139,610422
5056,5444,361234,30037,7482,146985,577682
9166,7815,150110,39759,6833,163944,396775
5666,5871,178800,48278,6703,220938,485738
4241,5222,253065,28704,19759,181117,528182
5704,5537,476367,34686,9463,299609,868921
5056,5500,155446,27203,7204,191922,413183
8778,7092,171248,41760,6740,339583,635682
6092,5723,209920,27222,7444,245651,523182
8444,7223,412000,34259,9037,266311,778773
4963,5519,177968,29240,8056,283363,528645
3889,4981,172492,29111,7445,149376,386257
4537,5259,187090,26704,7944,293093,541923
3667,4926,290317,25630,7315,242494,606885
5982,6074,132841,34407,8778,167861,375498
3870,5000,149866,41148,5426,371075,596941
8797,7888,171538,56037,8593,166200,458405
5555,5796,238414,63111,6908,196250,536274
3963,5167,356160,48778,6759,211874,654052
8203,7389,149276,59093,5000,179536,427867
3574,4870,198448,25667,7278,876156,1151400
6296,5630,209250,61426,7056,163451,475201
8445,7370,379719,58018,6704,379906,891680
5204,5389,162205,34500,8612,268180,505664
8463,7685,171618,23871,7574,395822,632718
5704,5574,176383,34833,8093,180393,451109
5982,5685,302796,57278,6481,335015,730792
3519,4870,583173,25463,7833,333285,1014050
5204,5537,417011,48963,6185,1596477,2099173
3648,4703,172720,29259,16722,196464,442701
5148,5556,235688,50148,26537,254624,597052
3463,4815,416971,27908,7426,161339,638737
4130,5240,148180,43519,6352,186188,412997
3130,4722,173296,44278,8223,177923,452238
6075,5574,206024,25648,7334,165639,438572
8963,7685,394327,32648,9260,275724,820829
5278,5259,162684,20500,7203,267499,487405
4370,5278,171448,58482,6481,297771,596181
5908,5833,179324,67611,6741,221284,528794
8740,7241,373849,39037,6500,163740,635977
5685,5944,2326210,33093,7426,228497,2628355
6982,6666,150229,39612,6537,161787,407035
5166,5426,174494,28260,7074,196800,439312
4815,5315,250147,25500,7074,196905,506460
3537,5000,415024,64389,6389,307990,855736
5241,5556,174102,24852,7556,260487,498275
3741,5259,208608,32889,8815,164908,444942
8278,7296,200559,61870,6445,226049,565034
5408,5888,385231,32778,7889,164562,623459
8722,7741,152846,25149,7388,278336,534737
5148,5648,1234410,38445,6630,312228,1648787
9241,7815,343728,26611,7574,180954,595422
8537,6908,350530,40352,6796,360632,826014
5630,5703,1518057,28667,8000,332969,1962137
5149,5389,148725,61704,6759,232772,493331
5241,5389,169768,26186,7092,248303,529497
4482,5278,721663,26945,7407,285719,1084661
5519,5852,415131,67667,5537,344345,863125
9093,7222,147155,25500,6815,319879,548219
5000,5481,174957,32704,10926,161726,412646
8463,6796,203759,61426,6481,174369,480108
5074,5370,338746,29648,7759,854396,1276826
5185,5593,1025438,26259,7463,229184,1318900
5019,5259,169497,24723,7574,182723,430979
5297,5555,175781,28018,7019,248217,491053
8722,7148,335953,24371,8240,150748,554626
5037,5629,138606,41352,7037,160744,379368
8648,7241,151648,23852,6259,177664,394405
5648,5908,173339,62981,6574,213621,490201
8296,7186,239974,23259,7537,154264,457757
4315,5129,413462,36574,8445,151868,639329
5556,5666,150874,42445,6592,276179,508367
8797,7907,174491,30555,7574,149137,397517
4778,5593,208866,64000,6796,230057,540849
8129,6889,414724,24649,7666,181865,680236
6130,6018,152673,61815,6797,179361,434534
8481,7185,173142,27704,7519,275873,541904
5389,5611,183444,63222,6759,159702,445442
4111,5093,368671,61538,6277,149066,613922
4426,5222,141677,38519,6389,165321,399387
6037,5852,150441,36815,6500,181649,407183
3630,5111,174373,26888,6538,261716,530941
5259,5260,234896,62075,6870,205878,540682
3629,5056,413958,28741,8815,159890,638663
3297,5018,150074,36501,6333,201405,439942
5537,5871,204043,27574,8592,292584,561238
4167,5185,204993,24241,7555,202505,470090
9371,7315,378424,49352,6334,268052,738459
3796,5093,153689,43185,7444,177032,427998
5537,5537,314768,28111,7426,201858,584811
8852,7074,143885,38945,6129,310539,570886
5333,5667,352594,41537,5723,310160,741977
8722,7482,347803,24741,7722,189138,602830
3408,4926,151604,22649,6759,227578,437627
7852,7111,167573,64593,6185,242091,550738
5519,5500,234319,27648,8575,159214,458534
6371,5944,1273642,24186,7203,273238,1657287
5130,5407,147867,49519,6889,207926,446127
9204,7722,175095,42167,6722,164162,425127
4630,5167,213934,25926,8148,191471,466461
4963,5259,321921,33334,9685,215075,611515
9278,8074,153408,39111,5982,167590,402331
4185,5223,168264,27519,7889,150251,383961
8167,7074,169956,26278,7500,239319,475627
3815,4870,379221,35889,9277,199295,651607
4574,5759,124522,37260,9629,290013,491312
3296,4852,147750,33000,9000,172544,391312
8426,7111,175237,69222,5186,186223,470201
3260,4611,240538,27611,7297,275791,605386
4963,5445,404211,28500,8648,149285,620645
3074,4889,156179,41722,4796,173356,403145
4056,5277,206370,26648,7463,224294,494867
8963,7204,203208,26500,7445,173289,462035
6630,5981,379307,32241,9204,159337,612941
4778,5444,156719,40556,6426,161890,411831
46482,4537,139947,91481,6038,203957,514553
4426,5185,176119,26130,7648,123434,395238
6185,6297,348143,27722,7371,164242,579534
4908,5555,132056,24444,7112,179553,372905
3926,5185,147136,58000,6704,232028,484053
5463,5463,170234,26444,7148,280579,513701
3407,4852,239313,65426,6518,230425,571255
9241,7351,413134,26297,7463,279843,784477
4982,5296,156453,33630,9037,231655,459701
3833,5185,303089,41926,6778,299407,704347
5223,5389,213186,26908,7481,277329,569627
6333,5815,376729,35797,8241,146600,598978
3315,4871,154623,31278,9129,170819,410831
14296,4537,151611,39055,6500,294517,541701
4926,5167,175949,47092,6371,164974,424220
3833,4982,338899,24685,7500,151190,566848
5537,5574,352034,22815,7000,282295,721162
4778,5481,148873,57352,6333,272902,515256
3426,4815,187656,25407,7204,168360,415535
4444,5111,235014,48907,6482,213965,546071
5667,6111,330723,25148,7704,248810,645608
9352,7963,154061,34426,7963,211418,444257
3907,5296,175808,38815,6518,342782,593033
10000,7537,199183,36982,8574,148332,426719
5444,5482,312578,28296,6870,195049,574533
4000,5037,151046,35482,11166,208526,434368
4797,5481,171718,58537,6334,386518,650052
3481,5000,180464,36426,9278,148997,435071
6111,5871,320562,44889,7056,159304,563108
4371,5462,358161,33463,28611,221614,707811
5426,5852,150536,46297,6740,208721,442553
4981,5445,173819,51852,9074,160197,442145
5166,5611,233677,25204,7370,251228,571867
4426,5426,328145,25759,7556,261573,665477
5130,5259,153021,24630,7240,191625,406387
4463,5426,171971,23740,7167,244453,502238
4778,5148,206828,27296,7648,157873,425534
3945,4981,396797,33797,9092,183922,652459
3796,4945,178283,24648,6889,237566,498534
9796,7741,160900,26796,7167,169190,401923
5259,5463,174887,67297,5574,220554,500164
8111,7481,329726,26964,6814,427455,823958
4537,5148,354417,23445,7185,248024,660533
4352,5445,1001775,34722,8963,207162,1296622
6185,5889,173020,63018,7056,214051,488904
3852,4982,239692,27167,7685,211009,533257
5426,5611,331327,48204,6834,239706,679329
5408,5277,154907,25778,7203,213629,431720
4111,4908,170208,32389,9592,145123,385276
4074,5167,216399,23740,7352,271709,565200
6204,5814,333831,26852,6018,190685,591163
9519,8444,155410,27759,7722,176181,403849
3889,4759,171101,23407,7630,222990,489183
5519,5648,171995,25185,6796,182040,415276
4056,5185,299204,35667,8166,224515,630200
5314,5537,132913,24908,7000,179252,375183
3426,5074,146919,39981,5908,165413,387146
8796,7185,169758,24722,6704,202055,458256
5592,5519,242614,27667,21963,239938,585404
8389,7241,422639,36852,8241,208931,711144
3778,4944,158626,52759,5870,239169,518682
5334,5388,174353,65149,7315,174477,455442
6166,6686,206506,25093,7259,261454,570811
5426,5630,309568,34945,8833,152484,538108
9111,8149,153832,40093,7314,165092,419961
13685,4389,150838,28241,7870,175086,400016
3574,5518,176714,28500,7241,158376,398571
7944,7019,343256,36241,8222,156426,578645
3796,5389,910467,42481,7111,160564,1165974
5278,5759,147471,27518,7111,181972,395424
3259,4907,172014,61722,6556,271909,541515
8444,7352,226704,25815,7019,155941,466368
5241,5463,320302,34038,8425,217899,614293
8500,7352,160029,64797,6611,250727,542386
5871,5981,175294,37167,8389,311443,562071
4334,5240,202985,25871,7685,174587,441238
8741,6851,186824,32241,9148,225674,489238
4592,5297,159440,43185,6852,159502,400442
8778,7351,164668,26871,7389,160626,412794
6278,6093,173821,64260,6666,196621,476516
7963,7092,324865,26259,7519,337094,728496
3908,4926,358536,36185,8611,146572,610034
5055,5574,153412,38408,6666,200493,428886
3908,5278,175398,30889,8074,183488,446313
4963,5537,233293,24389,7296,175093,468442
3241,5000,325243,26222,7371,162605,566626
5129,5426,173008,25315,7315,335248,571293
3463,4888,200903,34444,9130,264058,567793
5074,5463,203926,65704,6926,165534,471756
3778,5056,339080,49000,6852,148768,573441
9519,7981,153104,39370,6630,165690,401813
5945,6000,166479,28852,7555,176037,412072
8593,6963,166300,24463,7222,176068,406980
4463,5482,261379,26463,7074,165988,491201
8167,7278,122718,23333,7685,182595,390035
6204,5778,155742,45629,6797,173385,413331
4981,5371,170877,24907,7667,160565,393405
3945,4889,234660,23519,6944,154948,466035
5204,5444,345685,26870,16648,205201,658385
4907,5408,158374,64038,6685,253363,525978
5074,5408,177213,27500,7519,159673,402072
4000,5037,204979,26907,7111,215853,480886
4870,5111,375818,37407,8667,211271,662477
3759,4889,151693,41130,6870,164194,409368
5592,5537,167402,33963,10371,181873,423960
4111,5241,174574,25297,7870,187905,422368
4556,5185,262673,34426,8463,178806,533090
5556,5444,437567,78389,7575,315594,867995
3777,4963,152628,26685,7111,309037,569570
7611,7112,176262,32611,10519,144291,397905
3482,5092,524510,24111,7333,308615,929846
5722,5574,352737,51611,6982,179797,623996
9685,8352,151020,24852,7203,220738,440942
3852,4759,182562,30130,7630,148232,414016
5297,5352,213882,66278,6741,204392,521886
3648,4778,380462,24759,9074,151257,593552
3574,4666,146431,26278,7277,276882,517311
5723,5611,275621,49407,6334,221931,584219
3648,4723,183496,27260,7537,256408,504108
9685,7648,320151,25685,7018,153810,543534
6612,6074,1136565,24148,10445,244537,1449159
3537,5056,149846,40297,6296,165726,391350
8612,7092,178019,25481,7482,276571,558738
5741,5648,234024,24945,7055,226566,522682
3723,5018,889976,25574,7648,197314,1164808
5333,5556,165349,39963,6112,276203,518349
3444,4815,204651,24315,7463,194846,460404
9186,7185,196953,60352,6167,156951,456146
3630,4814,314404,24055,6852,242168,630015
3815,5093,157834,40500,6019,150978,384331
6315,5908,165395,67648,6389,257676,543219
6019,5667,175752,37223,9314,148820,399480
3537,4889,268073,27223,6962,253350,627774
5611,5574,121337,25630,7371,176123,361849
5019,5500,150991,43500,6648,294506,527645
9296,7296,175016,35926,8037,170167,442405
5593,5666,233188,62945,6129,197365,532164
8074,6797,345582,33815,8944,141396,579423
5167,5222,147347,26240,7260,257003,469090
8371,7111,178667,24055,7167,148720,411442
5074,5371,202450,27111,7296,251270,519942
8852,6963,360845,29741,6425,199356,684774
5463,5519,152034,26889,7149,174685,407350
45889,4648,172781,44148,5111,196754,488830
4204,5148,175490,24204,7574,165174,403183
8444,7019,339792,37389,5871,317555,732736
5241,5481,460261,34278,8241,297493,842865
5037,5389,151711,44814,7760,210861,467516
6000,5759,172401,47908,7907,203856,463979
3686,5000,228851,65722,6463,160683,490035
4463,5278,344542,25203,8334,186918,598312
8722,7352,364140,61981,6204,317726,786292
4111,5222,587443,25203,7537,197294,847162
4241,5333,200354,28575,7740,262995,529627
9204,7000,375693,24241,7259,795782,1239697
3389,5037,149605,25334,7204,180521,392516
7944,7204,161963,25426,7352,168423,398960
4926,5370,170506,31278,8426,255121,493219
3389,4593,347011,36944,8482,188578,610200
8408,7370,337591,26389,7074,198313,602460
3278,4685,151633,24574,7537,204031,415164
4463,5185,173268,25908,6148,193415,428146
3556,4815,232921,36871,8870,149372,456386
10426,6926,395557,25186,7148,161106,643460
6074,6056,157914,66611,5037,249046,533849
5204,5537,178123,25592,7223,148300,406960
5463,5500,201258,67482,6648,190887,496868
4222,5297,379893,25908,7222,182770,624163
4204,5592,149454,28482,8963,173136,388127
4259,5241,165478,44371,4963,155723,401016
8796,7093,167298,25444,7519,291402,561219
5908,5815,263730,36222,8870,195453,534423
4038,5388,434903,24518,7112,395981,924014
5315,5371,153092,54667,9444,270053,517534
3408,4814,169172,49982,6315,175418,430738
8537,7092,223956,25074,7352,275689,564885
3204,4945,319998,47981,6056,165128,585071
6130,5907,147429,24722,7482,188717,402349
8704,7334,165638,28148,8296,151416,388480
3778,4944,202070,24519,6889,157650,420220
9112,7555,312464,48056,8074,230366,632737
3981,4945,152062,39555,6334,161732,405942
13944,4926,145327,29852,7555,146450,367813
3685,4981,171166,25092,7260,223072,456293
8722,7074,335579,27741,7278,158807,580960
5649,5592,122954,41574,6334,845077,1047828
3203,4723,647182,25982,7463,183682,910735
5241,5611,171317,64241,6129,345865,616700
3352,4593,238600,25889,7352,152897,452627
8926,7907,398402,35056,8556,162649,640570
3593,4759,153333,63445,6056,184553,452220
44945,4574,154431,29019,7815,164640,427146
8592,6982,200789,49926,5963,160079,467219
5241,5481,322110,31000,6555,228239,618978
3519,4722,151058,34223,9241,168865,392516
8185,7241,159194,27259,7648,167064,413738
5222,5759,166718,65796,7149,158890,430905
8851,7186,269501,27296,6148,179533,518071
3703,5075,131524,25297,7222,175288,384627
5815,5815,141734,23389,7555,179116,383776
6704,6000,172629,31203,5852,222221,477590
5278,5296,227115,64519,5945,233936,561515
4223,5018,402510,61612,6426,352596,849255
4797,5333,151848,37630,5889,187908,413201
3963,4871,173446,25463,7093,188106,424109
9407,7334,194026,50630,6074,203323,506312
5852,6185,306921,28389,6685,175780,549756
5018,5630,149944,34963,9667,165572,408460
5537,5537,163061,26166,8463,159771,388127
3648,4908,173529,63908,6092,400022,703107
5038,5296,333665,28833,8444,146703,547997
3667,5074,424911,27241,5833,362751,850050
4704,5481,149361,46500,6426,174008,405424
3611,4760,172884,28500,6019,193909,489497
4963,5259,311742,26296,7297,196662,571811
3611,5407,337192,65093,6759,227082,677459
5889,5630,159345,24130,7129,242208,463609
3296,4667,199702,49593,6167,332127,616181
8982,7352,201837,24093,7241,155160,442016
5704,5630,306621,47759,4723,167375,557571
3481,4908,1060424,23389,6926,212864,1349122
5259,5352,160928,66945,6555,149588,414331
3555,4667,175526,25093,6777,271212,530756
8574,7759,249939,23815,7556,255039,597274
5648,5704,345408,25259,6926,171256,576775
3463,5315,152209,33537,9407,241548,491738
4593,5092,174344,24704,6333,156580,391183
3649,5000,230701,52056,6481,252185,571201
9315,7593,344596,48167,6074,157548,591886
4685,5111,146860,27315,7241,310544,523126
8426,7352,175069,25519,7426,190076,450757
6463,5703,193094,23333,7019,239089,495960
9278,7648,292803,22407,7204,290842,645292
4611,5037,155623,27963,7444,177486,399053
8593,7315,157498,45130,5056,381923,622515
5000,5574,169986,23981,7593,152253,382146
3944,4926,305584,26389,6463,155710,523849
8611,7630,121904,23407,7444,179983,368183
3500,4778,147891,64574,4870,252884,522867
5037,5370,178156,36092,8223,278508,534719
8778,7481,223013,22685,7315,178614,464479
3741,4963,700241,22834,7241,309955,1066920
8815,7352,182172,61723,7074,166603,453702
5260,5537,172751,22982,7185,190116,423516
3593,4907,201183,49074,6019,158425,443849
8185,7278,406688,24778,7760,307343,782236
3519,4741,151397,38407,6186,164804,388813
4629,5315,162607,25037,7500,363408,585144
3296,4815,147223,32760,9222,300904,520886
8444,7093,247303,50629,6019,167991,527311
6333,6019,554902,25537,7481,298445,918828
3501,4740,179481,53574,6518,221480,491461
8074,6833,167597,39315,9556,204734,514182
5259,5463,222824,25871,7426,267042,551274
3648,4815,347534,26185,6685,902366,1311307
4407,4963,154113,22167,6148,271477,484441
9019,7241,168452,63796,6815,169175,443461
4296,5370,208347,24926,7296,216873,484238
3945,4963,372593,39648,6481,424606,869458
4370,5352,147728,25296,7296,178067,388164
3519,4703,163437,23889,6981,173710,397238
8871,7148,171831,63055,6278,189870,466664
3315,4666,351633,35704,9760,298159,724773
7926,6999,351658,61278,5981,278913,729236
3666,4611,145626,30963,8296,302057,540478
4870,5537,175205,61685,5907,173330,445645
3481,4722,233359,26889,7352,151139,443867
4315,5223,336086,62852,6129,392965,827551
8407,7500,158499,50944,6352,256369,543219
6260,6037,176763,36389,8426,335900,588441
9259,7667,184195,66555,6241,160729,453590
3797,5018,292738,25222,7482,257907,648145
5352,5611,151410,31833,9371,169607,392906
3334,4814,162341,22222,7204,198861,434979
5741,5722,174402,22870,7315,270132,531034
8500,7203,245500,24260,6981,263238,610774
5240,5537,117746,28389,7926,174604,358794
4019,4907,147733,43889,6389,230542,475664
5537,5426,168739,24352,10203,186445,420720
3556,4796,237485,62926,6241,252400,589830
9482,8741,390287,27055,7260,177931,658978
5518,5612,384440,23019,7462,286982,732829
3426,4722,451465,24370,7574,575937,1104494
5574,5592,188507,23370,7704,162565,410405
3222,4723,371030,23315,7056,454501,884680
9574,7370,149888,39222,6704,166944,398794
3130,4796,163727,30352,7777,157846,403387
5741,5611,169788,61722,7463,160469,431016
3166,4537,274219,25371,7037,253018,619163
7574,6908,417613,23352,7667,163531,647330
7204,6092,151415,55056,6518,220342,467460
7981,7389,170050,33482,6463,144448,390275
6167,5963,225833,63296,6667,198145,527090
7723,8148,330654,47907,6556,173824,594960
4296,5000,182548,26833,8185,233209,501923
5408,5444,172961,33685,10611,388054,636126
8277,7223,192910,61445,6296,188994,500663
6389,6129,389268,65019,6852,168321,665459
8834,7222,794071,62704,6055,162831,1061864
4555,5297,168630,27759,7815,163942,415257
5556,5537,171099,48704,6388,165270,422775
3982,4777,299883,49463,7778,385631,771551
7666,7185,422815,43907,5074,149571,656236
6203,5926,158875,24555,7149,227289,450941
7371,7129,173103,32537,10704,217117,515016
4741,5167,224015,48648,6019,166500,475923
7815,7500,317299,27444,7574,185939,571404
4722,5408,155155,37167,6074,229805,480979
8963,7370,171106,35074,9315,434446,718292
6093,5778,192648,25333,7167,153831,408239
5278,5518,282821,49870,6297,155010,525904
9019,7500,136010,27019,7389,174246,380979
4889,5148,159164,27537,6741,166352,405479
5963,5760,172540,66148,6426,156698,436127
9297,7259,257120,47240,5963,156804,503479
4426,5222,342940,25389,7111,304130,714199
8482,7018,153279,32852,7982,963936,1195160
5167,5574,172062,22352,6518,200380,432831
8574,7278,221271,48407,6260,155207,466312
5518,4945,377943,25815,6926,152998,592829
4870,5556,170226,62815,6130,245752,516404
8055,7056,175287,25500,7371,390635,631940
4426,4981,172108,62018,4667,173538,443423
8574,7407,359133,23611,7685,199438,645830
6185,6148,149915,23981,7315,177139,390572
3870,5037,325551,50500,6426,201187,663681
5408,5889,178592,31778,17741,160553,419683
5463,5648,249487,24185,7334,181381,490497
4277,5093,119214,27204,7556,173580,373275
5833,5963,170979,24408,8111,264111,500904
8797,7759,168947,32408,6519,201216,445646
4538,5185,224805,36500,9389,233470,568682
5630,5833,395588,42575,6611,271333,750366
7981,7648,150946,27315,7574,265552,486775
4111,5130,171191,33241,10037,318546,562256
9148,7482,189141,23315,7408,129356,383461
5834,5667,387573,38981,6982,171645,634034
4407,5389,158764,25278,7722,171771,394294
9056,7611,151343,28815,8722,166396,391054
4444,5241,169052,62648,6760,158945,426868
4277,5260,313835,46500,6556,205291,603496
8574,7518,118563,27537,7463,173398,362664
5149,5277,150476,63000,6426,240411,493201
6870,6759,170630,25444,6667,269535,506904
8334,7222,220450,26963,7666,182363,470072
5055,5297,410826,48037,6555,261911,757403
4277,5019,155220,27463,8074,214315,453127
48333,5074,152170,26167,7833,170662,429924
3538,4981,198360,48797,6074,256822,540516
9722,7723,667848,38630,9111,227664,1016235
5519,5666,147205,25018,7130,177108,387609
3500,4815,829082,26981,7926,303875,1231604
5482,5426,170382,62185,6334,161726,431442
3241,4796,265184,26315,21778,226313,570182
8981,7482,413338,34148,9537,439138,932939
3370,4741,157732,30944,7093,184581,424460
5537,5537,214293,28352,7944,234742,515886
3555,4982,228632,62740,6186,162273,489238
8667,6907,420453,23926,5870,277821,797107
5260,5500,687495,60926,6297,354683,1141086
3463,5037,174111,27926,7871,210757,468923
5204,5462,195543,23500,6870,183307,437664
3481,4889,341770,25111,7463,208412,612144
8834,7259,136516,23130,6981,182889,385313
3278,4889,159392,45556,4907,153550,407128
5778,5574,172971,25074,14519,180304,423794
3722,5000,298922,27796,7741,232723,628459
5222,5426,341334,68186,6315,153773,600718
3481,4982,145821,26037,7426,231917,440534
5241,5648,166086,45167,8277,380985,629570
3685,4704,222610,24259,7333,207888,510090
5278,5334,324504,33945,8870,197974,593571
3296,4870,150325,61259,6296,187859,434479
9112,7740,170238,36129,8426,371093,620182
3593,5037,195761,23704,7074,153996,426072
5555,5371,279915,33944,8167,151786,501571
6352,5982,146142,28630,7611,176078,390146
3574,4852,159778,40426,5000,376219,609904
8166,7297,175098,33833,9556,149974,435886
6056,5851,247289,34759,8204,153116,474312
8704,8241,1190703,53871,6481,383694,1669990
4037,4944,177800,42944,6278,249476,525108
5167,5648,170046,33129,9426,161101,404239
3796,4778,1063035,70370,6371,259031,1451510
8500,7537,319557,35296,8981,152552,567441
5223,5555,156506,37908,6426,219324,452664
8574,7167,171141,28723,8444,149857,394220
6334,6129,191554,49315,6148,158888,439349
8945,6778,368264,27351,7223,195455,650626
5371,5722,994326,63741,6019,178648,1275197
8241,7482,270830,27722,7463,299777,653996
5186,5685,289983,37797,6352,171754,537812
7592,6871,244266,26056,7704,199489,509608
4870,5093,783829,34463,9019,422774,1281363
5129,5500,177926,26685,7908,264849,507200
4093,5092,173228,31833,10630,143400,387183
4444,4963,225622,62223,6629,153857,476423
3945,4815,395331,25056,7370,305627,760903
8833,7463,148114,31593,8129,251606,512534
6296,5870,173027,22593,7296,176082,412701
8037,6982,187403,62685,6926,242353,535034
3574,4759,374779,23296,5963,237792,671459
8000,7223,574692,32982,9870,242636,917402
5611,5407,152790,22703,7482,182449,395701
3481,5093,169072,62186,6481,172684,437590
4500,5130,250652,30482,7963,183586,502960
8778,7204,392806,37315,6093,427651,899903
4148,5130,157366,27223,5926,306352,532034
4093,5111,176984,63259,6074,207866,506701
4482,5074,220322,47445,6074,195082,497664
3426,4630,357457,36815,8148,192521,624774
9889,7852,159629,60167,6259,246275,562867
4648,5315,173839,33777,9611,188215,434868
4241,5019,190992,23166,7723,134672,382035
4407,5130,298275,34130,9093,227480,600626
8889,7519,140632,22093,7704,182439,388294
4000,5296,155397,40556,4722,378470,604311
4334,5148,172958,49575,6129,890609,1151012
8463,7370,243556,28297,8037,259570,572978
3333,4778,438821,24908,9278,213304,714495
4908,5555,152957,39851,5704,181949,410165
3130,4852,173813,25370,6056,183425,417849
8833,6982,210319,68481,6741,220122,576589
6704,6037,405695,25815,7500,270560,742570
3445,4870,557868,33407,9389,316868,982865
5519,5704,148483,38945,7018,289125,516701
3037,4630,192285,25222,7815,181379,435146
8537,7092,301236,62296,6556,150687,556015
3278,4814,150889,29352,7963,171183,404664
5704,5889,154542,43630,6722,149085,385127
3685,5463,171918,29685,12278,208950,483960
5501,5592,318646,38537,6834,304257,696552
3722,5056,346096,27444,7593,165808,574404
8333,7444,354306,33444,9704,164525,614070
5204,5722,172773,29241,6629,250965,492701
7518,6945,213667,62834,6629,252681,569404
3722,4834,394154,61038,6796,429340,918495
3000,4648,154530,37482,6556,228078,455183
9315,8092,174406,25649,8055,152962,398757
6370,6074,197153,63426,6944,178271,477941
3982,5018,428918,73259,6371,228985,767366
9444,7797,148274,24389,7574,179353,396072
7740,6852,158613,49111,6000,144552,410201
6240,6074,175489,25871,7055,176787,416479
8315,7203,243680,24722,7297,248446,583793
4963,5519,332704,26240,8538,161515,576812
5537,5537,146746,23222,7204,214641,422386
4722,5389,205010,27889,6204,222079,492478
8223,6889,213738,36389,8963,234759,526627
4649,5018,400670,41704,6722,280029,760514
8777,7334,181730,34686,9352,193007,454849
5315,5629,173329,38648,6130,436889,683829
3926,4926,197112,48185,5760,175441,455979
9222,8019,343729,26981,7241,151231,565293
4481,5408,139400,38870,6908,161801,376627
3741,4981,155258,64667,5870,335387,589941
7963,7463,174152,62648,6408,383733,679551
6259,6037,245788,25796,6889,156580,468442
8204,6704,337571,25481,7871,806737,1210104
3907,4648,631485,25796,7185,341843,1070920
5371,5648,175377,25112,6018,192916,429757
3370,4945,219105,35259,8908,150225,440645
8760,6907,378889,23760,6740,181515,625682
3222,5019,145986,43612,6777,185956,426849
14241,4759,151011,27444,7648,196062,420683
5889,5667,183534,25667,7037,150593,400146
8333,6871,359540,23315,7204,194752,619274
4630,5166,152509,62296,6685,188693,440794
7907,7130,148366,26944,6926,185373,419368
6056,6092,174445,63963,6537,344218,618182
4723,5148,247654,26852,7370,255695,591034
4760,7166,361087,32463,9481,188559,624793
8963,7500,155480,65741,6574,255776,545145
4352,5352,173652,36592,7723,189475,437997
8000,6741,209620,27945,7629,265691,559367
5852,5778,406256,35870,8111,219444,717755
8111,7630,170113,50018,6648,198996,491793
4519,5370,175674,26185,7130,149824,389201
8889,6611,182531,63074,6759,355225,674996
5908,5852,332444,28167,7889,201089,603219
8944,7334,859729,33629,9760,284282,1224752
4889,5259,151473,26260,7315,175802,391497
4778,5426,176386,66704,6981,349758,662348
6056,6148,254207,25222,7130,265327,583071
4315,5278,121915,23963,7056,179823,380053
5371,5611,148662,38926,6685,191280,433702
9093,6963,171834,28556,8574,177682,423628
7815,6908,342728,25464,7611,202601,632886
5278,5703,411939,28555,7241,187965,668181
8334,7592,154425,27833,7408,297683,522238
4259,5463,172189,23500,7796,153809,401442
5352,5741,186528,22778,7241,201525,448146
5500,5851,320905,71278,5351,195222,644237
8592,7963,1068856,24759,7222,408414,1561713
5537,5500,152581,67019,7500,390841,647200
5222,5315,174142,23500,6241,269447,504682
8926,7685,240814,37352,8945,149146,470404
4852,5111,338746,24296,7463,287676,713607
4908,5425,156659,25037,6926,260580,478275
3926,5074,171275,34334,7685,173908,414998
4482,5370,221633,24759,7074,268920,564571
6611,5815,329009,66908,7129,289265,725626
4018,5241,154403,25611,7240,279743,546811
4685,5463,171001,26852,7351,169183,404108
3667,4870,198859,48463,6500,183491,464831
4167,4981,403087,34574,9907,275910,776347
9278,7741,127813,25667,7204,179610,393961
5889,5926,152763,40352,6704,162197,395868
8129,6963,171195,27296,6797,225154,464923
3944,4741,253404,62019,6463,154741,506312
11519,7296,401632,25796,7445,289011,759644
3703,4908,152451,23760,7222,194009,406905
3334,4629,205291,65278,6648,348594,651015
5296,5889,215944,26519,7074,256330,534256
3759,4704,391876,43240,6704,411434,881661
8593,7463,146881,34018,9334,211116,436646
4982,5574,175368,42019,7018,163463,419535
8371,7037,177484,36593,8537,148476,404294
4056,5222,360305,39408,6907,355135,790940
8777,7278,356237,35333,8259,249112,719607
6370,6149,150723,39074,6555,170442,398646
3556,5111,361747,35352,9037,269601,738403
5241,5592,243956,28667,8000,265115,575774
3519,5056,117794,24000,7371,178185,370535
5259,5741,167170,52556,6370,239975,497293
3630,4851,167991,41223,9907,243155,492645
8741,7074,209330,63796,6889,371648,685015
3556,4907,315521,24963,15759,171199,573275
5667,6056,148007,64315,6611,269953,545127
5464,6259,180661,28277,8834,356891,603312
3741,5166,241315,38963,6537,167423,482441
4871,5425,321080,25574,7648,168584,552812
3370,4797,1215272,63481,6575,400366,1714212
8167,6889,146034,37167,8426,163964,390350
4463,5315,172614,25111,6352,200087,434516
8019,7093,236971,65611,6686,210562,554553
4241,5166,335014,25797,7241,222204,646663
6334,5981,175168,37722,5111,257348,507738
3666,5056,203654,40908,7815,149009,431590
8667,7148,205290,35944,8648,154060,436553
3482,4796,312055,61018,6556,289479,729015
5908,6185,152485,27760,8018,198013,419572
8426,7611,176435,41056,5352,146099,404405
4333,4982,193126,26444,7630,264501,554812
5481,5852,282391,24185,7723,251883,595348
4074,5018,135989,38722,6686,162250,374257
5944,6111,151143,41611,5037,159392,406479
6074,5722,170722,62315,6334,347311,615163
3833,5000,246505,28556,7741,242491,576385
4685,5426,377715,35759,8056,174170,640756
5797,5629,154516,38926,6371,161241,392609
3667,5056,175854,27926,7482,225865,513775
5074,5481,216694,27092,7686,122470,435441
6685,5648,388663,25500,6944,174834,627903
4482,5222,161482,24537,7278,196534,436424
5222,5444,1238176,63222,22648,246649,1626898
4019,5055,189382,25963,7223,246800,513405
5426,5575,358387,33297,9129,153591,584812
4296,5222,139301,38815,6314,166087,379553
4129,5000,150232,28222,7982,170396,384868
4463,5056,169330,62185,5685,226094,505627
5593,5815,240946,26704,7555,212699,517127
4223,5018,338934,35981,8741,147915,596404
5427,5814,152198,42130,4870,195504,426628
4093,5259,346519,26500,7685,252441,694663
5037,5426,208042,28482,7963,212473,485275
3445,4703,391974,23167,7148,177430,645108
5018,5648,152516,25334,7278,230740,446608
5185,5796,176522,23000,7074,154124,391109
3704,4833,184509,25852,7148,255433,525849
4945,5352,357292,42000,6018,338167,806625
5630,5630,1128521,37093,8203,151805,1354696
3815,5056,156802,55019,6185,289065,535127
4722,5463,168308,35630,9222,194597,462294
5278,5481,238851,48092,7223,163461,488164
4389,5185,431875,25371,7629,264677,758051
3778,5037,182380,32074,9259,154229,424664
5630,5592,211330,49241,6685,148797,446738
4555,5352,225724,26297,19685,172458,490423
5315,5370,296323,27296,8037,168434,528793
4130,5037,179216,26000,7426,257189,552182
4870,5445,178333,24092,7204,196813,452923
5667,5926,183709,63537,6759,399991,683774
3963,5240,303937,35593,8055,406522,816143
5278,5759,1219000,39555,6482,150640,1446806
3833,5130,159077,25407,7519,286957,530960
5186,5907,170323,63408,6555,206082,488368
5593,5833,241959,25741,7037,178891,482572
4370,5241,354371,51000,6760,282550,759032
5260,5574,191617,26482,8555,156843,413702
4444,5389,209290,38611,5481,394744,677014
10112,7722,207128,24167,7185,155518,429831
4018,5241,310597,28759,7648,283603,678662
5574,5833,158454,34408,9278,229284,464553
8241,7445,172589,38574,5222,290889,540905
4778,5537,274484,24296,7241,242254,583701
5445,5574,288822,23185,6945,157841,524793
5926,5907,129383,23556,7166,178412,369849
4148,5167,159018,28222,7537,295053,531589
5519,5481,174950,23981,7260,277140,539997
4333,5278,243066,35204,9945,157801,506775
6000,5074,460572,65537,7241,229905,842402
4611,5370,152151,34760,9166,1191545,1431158
5092,5222,242009,25926,7574,419487,725829
4518,5760,220143,26519,7481,150502,465478
5833,5481,371131,40649,6666,389253,835828
4056,5277,179081,26241,6777,269621,510201
4723,5888,176660,38686,6851,397281,681182
5240,5315,189406,27759,7852,246277,499571
3982,5352,328374,24093,7167,171196,561830
9703,8371,130435,44408,6851,160396,379349
3315,4870,149885,27889,7185,172150,402108
5834,5574,167964,24704,7278,124404,352443
3260,4833,242063,25963,7241,191952,496257
8500,7426,351476,50797,8944,159761,605978
5815,5814,159982,42240,7130,269683,511460
9129,8149,177857,33963,10000,169751,427534
4519,5185,213214,25834,7796,262431,573053
6204,5778,310924,27815,6963,160795,538720
3482,4814,152800,61611,6852,179402,429609
9222,7889,168583,26777,7260,187378,443997
5426,5759,179903,26944,7408,162021,408701
9129,7056,498223,34149,9185,263179,840847
3629,4852,1731325,26537,7111,1003122,2816724
5445,4759,151289,23519,7296,289023,502368
3297,4685,169536,67815,7185,149425,422628
8296,7019,236856,26370,7593,264307,604607
5426,5666,1161105,33703,8723,190387,1424825
3666,5037,147367,39019,6592,197557,435071
5333,5649,330983,33352,8593,225568,629163
3852,4778,209193,24796,7278,202323,472905
8315,7537,307680,34148,8481,142096,559275
5278,5648,585741,61075,6500,284549,969069
3407,4778,173024,67870,6871,149418,443423
5352,5482,180362,62445,6389,152727,431924
3648,5075,356201,55926,6352,379034,857569
5111,5296,537615,24093,7240,325380,924902
3445,4703,148175,37926,6445,163360,385127
9555,7370,169125,29149,8555,175410,437701
5222,5352,246056,61852,6445,189329,556385
8463,7407,329044,26500,9092,194527,592478
3778,4982,152641,33555,9371,275615,534182
5889,5537,207425,38185,5463,371535,651570
6444,5834,206670,36149,8148,150956,431423
4352,4926,333787,48426,6815,156895,575960
9297,7852,157644,25482,7518,178094,406165
5075,5314,169169,28259,7778,169477,404961
3722,4833,188230,61333,7223,163045,449219
8704,7296,384384,24018,7204,266761,740107
5092,5611,134352,40167,6666,161702,372683
3704,5129,149450,67204,6500,302732,553293
8871,7092,170307,49037,6778,405726,699218
6056,6351,237757,27593,7537,260277,567367
8667,6889,326688,25741,7222,272049,664959
4296,5037,158953,21445,6352,268174,519830
5334,5703,174255,24370,6889,153836,390257
5667,5537,734372,63445,6592,288566,1127216
9463,7778,306988,32629,17704,160546,554423
4093,5000,145122,24334,7000,207282,413961
8426,7037,171221,39222,6149,339590,625663
6092,5945,183393,23889,7185,125568,369257
5092,5556,360491,49723,5852,279078,725162
4092,4926,374886,25537,6333,306962,788254
4685,5334,739392,61037,6204,294009,1129234
3907,5222,278156,29333,8556,206804,569719
5500,5815,246346,48944,6834,176428,511256
10796,7074,413815,38093,8759,653234,1151938
5093,5463,164024,51333,6056,264529,528534
5815,5537,172029,33056,9907,198783,445720
9204,7241,200886,26407,7019,271759,555682
5204,5556,312225,35204,8796,194753,582664
8593,7462,155898,39741,6481,165119,402183
4500,5167,178217,24500,7463,448890,688478
9055,7445,176093,33685,8574,156183,426664
5741,5481,316674,52129,6463,366989,772885
8537,6981,348716,36982,8481,185077,611978
5407,5778,147702,39574,6537,163685,407479
5666,5519,172430,32981,9019,141735,387757
8000,6944,235955,25592,7834,267302,598404
4870,5482,570960,28278,7981,276109,926976
5537,5741,168613,42259,6130,212773,462738
8241,7759,175360,35833,8389,303786,591849
5019,5389,205179,25389,7908,251058,521034
8407,6963,364130,33759,10167,184607,627144
4444,5370,158876,46204,6259,273529,515071
8555,7630,168566,26648,7500,364949,601070
4130,5166,179627,60260,6129,234074,522719
5704,5722,284355,28741,16685,251104,613756
8945,7537,123378,23945,7315,180897,388683
5555,5797,145273,59926,6185,144780,389238
8260,6907,175482,64760,6592,168793,508331
4444,5297,238376,26093,7018,224491,544534
5334,5277,154364,33666,9389,164505,391924
3852,5056,146350,25018,7315,186463,395368
8815,7093,203541,51648,6519,287788,616793
5241,5407,211399,25240,7408,252098,528108
8408,7018,299405,50111,5852,156000,545812
4167,5389,158465,28389,7518,853400,1093864
5389,5463,609582,40167,6093,180561,866903
4408,5296,178161,28111,7370,277281,521849
8574,6871,343907,36926,5611,155386,592182
5778,5463,440264,62575,6240,343175,884828
8296,7537,149659,58370,6260,238486,490034
5278,5722,177646,51740,8167,180408,450812
8686,7000,233410,26371,7148,286549,630367
6556,6166,340324,35537,9926,147247,563256
5463,5667,153051,65167,6537,168817,442942
5240,5315,174982,27056,7741,192534,433201
4315,5444,216525,25778,7703,187732,501589
5315,5204,378938,23315,7204,196262,635997
5167,5481,154276,22741,7463,179500,409683
13889,4371,151318,26130,7574,154735,377368
4074,5018,177528,23075,7314,258192,517034
4482,5204,367700,61667,6148,168574,649589
5518,5649,439872,64408,6518,385715,928550
4333,5204,147803,25075,7333,386804,592922
3871,4981,179902,48926,6074,213540,498979
4703,5315,249722,28037,11056,178960,516478
5796,6574,430191,37796,4519,175972,682570
9963,8055,149733,24518,7612,299838,554219
5333,5648,177720,26648,7426,149834,392331
4778,5740,201152,23926,7296,166791,431386
8278,6908,312934,24945,7407,288858,667793
4352,5463,155310,33018,9241,167799,394997
4815,5481,171168,57740,6167,424755,707199
5945,5852,180617,65667,6518,157103,441183
4537,5222,359994,24759,7371,173243,610848
5000,5444,978964,40481,6111,180956,1236604
4167,5129,148245,23982,6833,407881,621311
4482,5370,169639,61741,6000,384783,670681
6092,5445,241941,23352,6314,238630,565774
5389,5297,365706,61537,7037,161179,644645
5223,5555,675157,25407,7204,304263,1043716
3963,4945,176272,65611,6481,166263,465034
9055,7593,209296,25315,7148,295312,608904
5463,5741,411746,21648,7241,213935,685422
3426,4778,152158,61871,6074,176135,440368
5222,5370,171516,25463,7130,151871,386034
3852,5019,181614,48704,5963,231827,533516
5445,5481,324046,26241,6944,146711,534831
3500,4852,136532,40686,6203,162392,373387
3445,4722,152093,28352,8185,225682,466257
5444,5371,170821,61963,6667,374453,644922
8537,7537,227846,36685,8574,160578,485183
6222,5593,337684,61685,5963,357774,793699
8037,7092,175523,34704,9148,222382,475534
3667,5093,168676,48426,6426,167692,420924
7685,7333,206478,27593,7889,273112,574237
7408,6667,325131,35056,9796,203847,626830
5629,5797,151211,27333,8333,191380,409664
6186,5796,169624,43018,5945,155392,422127
5149,5426,171944,28129,7723,150276,386035
3760,5481,348617,34666,9315,160380,582367
4815,5167,136177,43500,6500,161265,376516
4315,5463,155053,23796,7056,195056,427627
5760,5666,172707,61481,6223,208642,528275
4667,5407,236675,28038,8333,147470,468016
5130,7370,366255,32944,10297,195630,636589
4407,5223,148241,24722,8278,176608,404257
5278,5500,177284,26592,8019,154658,396738
4111,5037,370660,62278,6519,475390,945661
3981,5019,365443,26889,8722,212627,680070
5556,5759,157930,23815,6963,176345,395664
4593,5259,171250,41334,6259,434357,699774
5148,5407,187052,25519,21278,238278,502700
3945,5185,262483,26241,7945,163199,485960
4667,5092,353045,23944,6723,882781,1293215
3444,4834,143716,27556,8351,175300,385090
9685,7703,175204,66370,6574,168498,452997
4241,5074,238042,25296,7426,152604,450405
3760,4833,1111920,35352,9278,208109,1390455
4889,5481,164183,65259,4871,255073,518719
3667,5037,171855,29963,9611,328494,567460
9148,7334,198379,24629,7297,251970,515812
4296,4796,361811,33352,8185,169316,602089
8741,7260,145519,23629,7500,181886,411146
14963,5018,149469,49871,6055,386546,630978
3815,4593,179919,38240,8575,247596,538108
5315,5519,265832,29074,8296,249147,580330
3685,4667,122430,25166,7723,175827,375090
5259,5630,144639,44944,6649,158673,385127
3463,4926,172663,25815,7408,206075,441294
8871,7203,224354,62223,6426,156347,485923
7667,6926,341822,29500,16797,205877,627922
3871,5463,156864,40000,6389,175059,408516
8500,7093,181833,24852,7185,184628,451275
5889,5741,205838,22926,7389,218159,510867
8185,7297,315862,30149,7018,201801,589774
4241,5074,154923,38685,6371,164037,393109
5649,5703,169448,25685,7407,389827,655663
5593,5870,174434,35760,8352,226155,498979
4630,5204,362792,38907,4704,227130,677330
5186,5592,133056,24001,7648,177886,372443
4259,5185,575637,48852,6518,228285,889106
4204,5370,886291,33148,10093,214906,1207752
5260,5648,235573,28277,7760,257239,559367
3445,4981,386301,24426,7722,216307,723533
5277,5593,154954,25963,7296,293062,524978
42629,4686,162811,23889,7630,174371,435349
4371,5148,201761,25852,7000,166014,427350
4055,4945,316137,65389,6167,206285,680792
4463,5333,159957,24130,7463,164929,387868
7703,7278,171092,40889,6297,354330,604941
4464,5574,213597,28130,6222,177585,456442
8537,7019,338307,27222,8019,147745,572774
5982,5944,2140150,26241,7185,212484,2417764
4370,5334,150188,42092,6426,169458,398164
8426,6814,166601,25241,6074,191675,424034
4315,5259,240977,63963,5963,205742,546867
9056,7574,357575,24852,6703,180014,604404
4297,5148,156487,61538,6296,272269,532608
8315,7259,179530,38889,5538,397336,689607
5981,5852,199425,25685,7482,244850,507701
5407,5630,366967,46574,6760,402027,849828
5001,5611,151787,39852,7000,160192,407646
14445,4740,149793,27778,7722,200964,424942
4074,5111,173372,37241,8889,243754,504848
5908,5499,332860,70926,5648,143860,584015
4445,5148,354624,26778,6759,286261,701070
5426,5760,150018,34722,7667,221794,444868
4074,5111,175690,62723,6629,266251,537182
3981,5111,229844,24371,7259,172764,481126
5759,5889,324313,23352,7315,190776,574904
5370,5334,152243,70482,6852,163531,423683
4185,5222,174916,24018,7704,169860,404627
4278,5352,201810,49074,6834,162094,449016
3963,4926,362964,32759,8871,381809,845939
5944,5982,226228,48538,6666,210213,524441
3722,4963,176216,35389,7611,788908,1036827
4444,5389,174666,23703,7741,172795,410164
9167,8129,630487,38907,6963,334119,1047272
4222,5167,356510,36759,8963,152228,583423
7500,7055,147034,74907,6815,240797,517034
6278,5629,169743,48870,8852,192866,452738
4796,5389,234637,27185,7037,252953,564848
5389,5556,363642,26593,7778,151650,580386
5148,5334,156036,23019,6500,288868,517571
5352,5518,354284,39963,7166,178214,609793
4186,5129,211103,47630,6482,155986,451535
9870,7797,367942,25315,7259,402849,838199
4093,5074,147651,32426,9222,185384,419979
5259,5630,170230,39389,5574,157064,404312
7667,7074,174625,25204,7444,245188,485053
5259,5556,271741,27926,12315,274051,651755
5575,5944,136154,39297,6407,161936,376850
8407,7426,151105,24981,7685,245782,497367
5167,5556,175517,60667,6574,385182,657441
8297,7426,226207,35278,8111,150049,472627
6259,5685,381640,60630,6426,431799,910698
4648,5278,157219,31833,9148,188613,434164
5407,5741,173502,23315,7685,190237,426127
4444,5222,202230,33981,8519,243286,519348
8703,7334,310476,60611,6630,357741,768328
5686,5833,150740,23389,7389,210906,442053
5723,5888,167006,62926,6777,350973,619849
8389,7204,176621,23538,7111,253412,493719
5241,5426,292442,50333,8111,154333,534738
5203,5463,1157802,49148,6722,230857,1488195
5556,5815,146286,33315,8704,185267,404387
4575,5314,171792,26833,6371,254335,542682
4648,5296,230446,29222,8000,154386,483405
5649,6148,167210,33778,8592,274287,516794
4260,5240,163031,21463,7092,171561,392831
4963,5685,175739,42371,7426,267331,522960
3796,4833,204282,48352,5000,185067,501960
4482,5092,403270,61259,5037,182431,682904
9685,7740,137886,22963,7778,222353,428219
4278,4963,167187,35889,5352,146237,385294
8722,7093,346692,23167,7741,176470,606200
6352,6371,340624,26722,8167,196206,605163
4130,5296,353019,25000,7129,246811,685237
5370,5611,773581,38426,6926,171858,1020864
3722,5130,179548,32389,7037,216394,463331
4500,5371,231923,48704,6426,155315,473405
8648,7537,443744,26056,7630,263492,777069
4259,5111,166713,50185,6055,247471,523941
8056,7277,171681,40796,6926,412501,685737
6130,5852,197889,26223,7092,225571,486831
3722,5000,309099,24223,6018,180972,548256
5259,5389,150678,26778,7482,175227,406497
14500,4759,149555,25851,7130,186351,410461
9074,8074,174986,23741,7000,270641,547404
5463,5537,344770,63278,5851,296431,740366
7852,7222,345497,65741,7167,203703,656996
4389,5352,150594,25093,6907,171459,400479
5426,5592,167360,62629,6593,166953,435108
3870,4963,231809,27667,8148,257466,554774
9260,7926,351185,67296,5056,194792,657811
7704,7185,148931,29093,7426,176382,395943
3981,5093,174103,26259,7537,151247,403257
5759,5796,198165,49333,5704,238592,547367
8575,7296,374300,24333,6833,172975,614330
6111,6000,157730,26500,7408,174434,398145
3945,4999,174125,36982,5241,143669,388535
4760,5296,183686,27556,10851,237886,490460
8537,7260,524766,38241,6389,282636,910032
4593,5333,2883018,26352,7333,214779,3181667
6074,4833,141056,22870,7741,215183,419701
7797,7277,176560,67556,6703,172086,471238
5166,5612,233657,25463,7834,149080,444053
4834,5666,360368,39518,5056,202981,636219
7574,7259,154595,20926,7481,171533,388535
5537,5833,600712,64334,7907,170098,877198
8093,7278,607680,25760,6203,276666,976884
4611,5352,367870,37278,8500,293366,749644
8537,7500,147727,40093,7019,837173,1069475
4500,5426,165881,26889,7870,416097,643607
4796,5408,174423,34371,8741,151703,396405
3927,5092,283170,61315,6648,160660,541775
8500,8204,337750,25592,7815,151877,577034
6241,6222,147088,29074,10574,295650,538589
5000,5463,169686,37389,7814,194997,441923
8500,7314,220951,26963,7445,270935,586533
5889,5055,330235,36370,10482,244947,654107
7852,7296,161406,25945,7037,205684,453127
5926,5925,174634,23445,7703,186753,426404
7444,6889,194658,25167,7203,268969,555700
5519,5722,299626,23704,7371,274888,648552
5704,5500,145076,24797,6925,177811,387017
8426,7463,157952,39740,5482,152509,408220
5815,5426,177624,24241,7759,288781,555034
5371,5722,296611,58704,6889,179997,587460
5277,5371,116709,35037,9277,165679,358275
8519,7759,149252,62074,6722,267949,539738
5315,5556,174757,34333,6019,169185,414757
5148,5871,227947,47408,6777,191254,522515
5277,5408,403472,25370,6963,179154,647144
8277,7352,147829,29074,7833,180410,417330
5444,5537,166427,25037,6945,151737,380294
5018,5630,200469,66000,6889,881580,1187789
8019,7148,376290,25463,7296,154336,597367
4611,5222,147036,37982,6962,161463,399331
5315,5759,163690,28370,7278,168623,400016
8204,7574,169509,61093,6667,337653,643478
5111,5426,264311,25037,7334,282907,634755
4704,5537,125724,32537,9482,167533,380405
5241,5593,996064,24278,7334,221613,1280252
7907,7148,145013,23574,7204,379299,592848
8222,7352,217722,35815,8222,151461,446571
5982,6314,399488,40666,6871,742117,1237937
5815,5630,149251,64685,6686,194672,447368
3815,5074,179054,29296,8074,161982,408702
8093,7185,196670,24796,7185,169717,430238
3889,5111,374546,26352,6963,173469,626423
5371,5685,154551,41093,7111,159076,393683
8037,7389,158001,26593,6926,165237,407701
5166,5223,168487,61445,6537,150195,419349
8149,7111,251604,26167,7204,150837,468942
6500,5963,411203,24593,7333,395218,885958
5371,5407,151541,22778,6963,194197,405701
4907,5241,173176,64389,6334,345246,619441
9241,7556,220163,37444,8649,166111,488238
6333,5593,394224,61982,6370,270494,765551
8111,7240,155693,42963,6315,163472,419682
5277,5667,170550,41074,6056,338058,598366
4814,5223,198240,37111,8297,168257,443053
8649,7092,279969,29333,7648,284713,655997
5500,6000,147825,34278,9167,166042,388627
5241,5482,167868,42555,6315,270240,541664
9740,7667,174781,28426,10130,270994,521071
4445,5463,329064,63926,6130,392468,818125
4889,5759,345255,37370,8704,255686,674403
4130,5055,153075,52315,6333,219979,462164
8407,7185,167933,25037,7778,186824,422442
5092,5611,221623,61149,6055,241615,562311
8630,8092,388184,38186,4518,388811,889143
6278,6333,159708,61778,4463,196252,453905
4648,5593,176991,36593,8648,318579,567571
4537,5204,196015,62778,6481,149168,444331
4963,5593,370428,27185,7482,167827,618645
6037,5741,147081,29667,7593,170120,386072
4574,5278,1235052,24481,6649,190772,1484158
4130,5278,174870,36778,8685,145961,426535
5444,5463,252431,23760,8000,164658,476978
4129,5074,433549,24037,6278,162410,654422
4500,5575,153812,23426,6815,308388,533553
5333,5593,174040,71074,5000,189921,470886
4555,5260,224601,26592,7038,285932,571478
3426,4945,345199,65982,6111,362888,839421
5741,5852,150501,24148,7426,201293,414387
5093,5667,172839,25852,8167,241046,477961
3797,5092,200216,63981,6352,158763,457609
4703,5537,380611,65944,6278,367514,847550
4056,5037,154171,38944,6093,167031,394572
4370,5352,163195,37759,6111,437672,691440
5852,5926,177311,37352,8741,145612,397349
4297,5407,260613,28463,7389,288087,616256
9297,8296,355804,34760,9463,149581,605997
5445,5574,152939,44555,6278,189374,424887
7871,6981,169482,27907,7315,147146,386109
5204,5611,225617,23092,7204,220288,503905
4760,5407,389197,37666,6074,361133,823162
8778,7445,151034,61797,5889,241536,530146
5982,5833,180725,32260,9351,176328,431368
9260,7629,190324,63389,6092,195674,519145
5648,5630,312977,26130,6388,186483,580904
5463,5556,152760,27259,6963,173867,390812
4334,5333,161266,41759,6389,151732,389887
4111,5204,165123,28574,7389,186004,433831
5889,5630,414555,32685,9167,201293,688885
4445,5407,1179247,25185,7352,225652,1467658
3871,5314,152214,40740,6593,178192,406127
4963,5426,174885,30870,8389,170835,430330
5778,5593,224483,61908,6018,321291,644256
9463,7630,346730,28315,7703,155341,590756
5056,5537,155735,61908,6352,899943,1155883
4908,5722,170722,31389,9741,348923,600108
5260,5518,194598,36278,8463,160622,431146
9111,7444,302567,63037,5833,216319,631422
4538,5203,142461,35037,9222,163426,381146
9815,7592,152652,24148,7333,174625,395275
6037,6166,170564,34149,8666,161730,404849
4222,5111,253570,63056,6296,244982,627996
8852,7648,420150,30704,7741,167809,661922
5315,5889,144988,57741,5944,277695,517646
4315,5111,170660,26278,7019,222560,455072
4482,5111,224480,26334,7055,269683,559164
9167,7370,340709,49703,8149,402972,835495
4093,5408,779714,40426,6315,383630,1243790
8481,7648,177719,27741,7018,146965,394627
4778,5463,188984,61037,6129,233495,533293
6537,5834,389322,44278,5797,210247,681996
4667,5574,147050,31926,9352,167651,385535
5186,5574,159740,24223,6814,163943,385017
3871,5000,171301,61482,6092,311899,616830
5907,6167,250548,27630,8037,262911,578737
4259,5185,124627,25760,7166,176093,378183
5500,5722,151207,23871,7203,192680,406424
3908,5185,173619,27612,5889,188026,442238
5074,5463,221273,35889,9982,145520,440330
3667,5074,399835,42815,6426,147310,625923
9722,8537,171229,26426,7574,218954,477515
5427,5629,171068,24777,7130,152671,386146
5666,5871,874963,27111,7537,202493,1158586
5186,5481,319097,29926,7148,198196,589349
8945,7685,922400,40389,6537,363129,1367603
4464,5407,160052,35685,9223,159982,410776
5334,5407,170465,61871,6055,169959,438627
4741,5463,253415,25370,7722,266638,583404
8518,7482,375976,28982,6870,356038,819680
5259,5704,151259,44093,6500,164146,396535
5130,5333,174135,62426,6111,206344,491423
4907,5315,288622,26852,7593,192115,548200
8555,10111,416517,60389,6093,202294,723829
3482,5129,157022,34685,9241,197717,428405
8093,7111,170119,26686,7407,183730,440831
5686,5611,188051,27481,7741,236761,515794
5556,5926,382927,35686,9463,292901,751403
3945,5018,149525,25352,7204,174380,401312
5518,5778,157345,44537,6445,153708,393109
5056,5648,171499,48722,6148,199314,471035
5389,5555,249005,26592,7111,151771,463719
3759,5297,340676,62352,6574,167931,631941
5445,5481,177386,52537,6148,221389,510738
5555,6000,173243,36519,7518,247995,495404
4129,5093,221526,26370,7463,273416,582292
4722,5223,333402,26241,7537,271112,665515
3686,5129,154870,23463,8075,284330,522794
8611,7834,170338,42500,6834,159196,414590
3426,4759,197011,26371,7074,156116,447905
6019,5889,325535,35685,8370,373109,772736
4908,6000,150336,25222,7112,176198,405591
14426,4593,149453,38593,4648,388654,617404
3797,4963,176125,35241,8426,259261,533923
4629,5334,292353,57852,6259,386605,770069
3241,4833,347378,35851,8334,149860,586904
6055,5852,157975,42556,6185,258967,520812
5148,5685,705111,38667,9444,310253,1113456
8630,7667,215467,50796,7315,208549,530590
5481,5519,411103,34203,8056,236800,721847
7963,7334,163793,24518,7574,248464,493609
14241,4444,181150,28852,8000,380106,637237
7648,7148,195008,63555,6630,234101,559423
5259,5870,354366,27092,7371,157594,594774
5667,5630,142426,27444,7871,176535,386443
7815,7537,158653,39019,5907,153011,408386
5296,5519,340955,27871,6741,288207,718829
5149,5666,248609,24112,7629,163981,491868
5148,5444,584504,26074,6908,262805,913865
8037,7166,146713,34277,9704,206174,431442
4444,5371,173791,25093,6130,217168,464775
5648,5685,226223,64223,6592,221052,573256
9278,7037,318655,25871,11444,270841,662663
3574,4834,146586,61407,6111,220671,486683
8148,7278,171813,27815,7926,182110,442590
5352,5592,189690,62407,6482,230270,520645
3352,4963,328565,48574,6167,333949,754440
5148,5629,1107629,25926,7574,324696,1498824
8426,7852,151150,40093,6055,374106,622385
5259,5463,170378,24797,7240,206601,440386
7778,6852,245643,26611,7796,243262,585330
6093,6351,564483,62222,6278,190716,855199
4518,5130,175691,78777,6278,203011,520163
5352,5463,172548,48130,6259,386541,640126
3944,5167,227664,27593,7741,290758,608774
4630,5315,404115,40018,6074,159864,640237
3704,4889,154916,50352,5018,239489,492109
50907,4759,144366,37797,4592,186854,448645
4667,5648,188335,27555,7686,268088,533127
5259,5537,390359,40444,6852,261730,754792
4500,5481,310049,28241,7482,376076,768792
5463,5574,153721,42352,4741,159166,390627
4666,5278,173523,26241,7389,261122,495515
4592,5482,246732,36333,8426,147025,465330
7815,7240,337460,28075,7629,260907,681866
5667,5704,155428,24778,7425,190904,409590
9908,8166,176471,44370,6593,345952,608997
4963,5537,336772,31463,7167,198539,605181
8371,7944,365982,36371,8203,417606,861347
4185,5370,155469,25981,7833,188234,423516
6130,5926,179381,49315,7852,264708,533756
4278,5093,188924,26870,6907,186222,435739
5815,5556,319540,31834,6851,188920,596182
5740,6093,143749,25926,7037,174879,383146
4556,5370,158310,42686,4907,164058,399183
4833,5408,175575,25537,6611,263033,513960
5314,5741,247970,37000,8741,158768,480849
4112,5425,117457,24870,7389,176357,371387
5852,5648,151277,67945,6463,240294,497979
4315,5426,206708,29074,6611,188104,459553
4556,5241,217491,24389,7556,224876,501757
3722,5056,323534,34519,9000,150851,564997
5815,5944,169817,62260,6352,184365,455905
9259,8037,168767,28537,9130,376507,618645
3852,5129,202791,49111,4797,204928,492071
8482,7018,351927,23685,9796,149126,586312
5852,5815,150764,26722,7371,173307,390775
8593,7777,149289,40500,6315,156746,389368
4019,5333,174535,62111,6093,161815,434553
8407,7260,246633,28592,7963,264882,608644
6556,5907,1115622,27926,7463,272407,1492454
6056,5889,168477,32518,9148,248484,490571
3834,5074,207020,26481,6445,159644,446053
5149,5314,220970,26241,7370,161769,443961
4148,5204,596698,34093,8888,330204,1033698
5185,5444,152296,25852,6962,176870,393423
4166,4982,172282,47444,6778,320882,573293
5611,5704,185824,35408,8185,171895,428386
4055,5111,331553,33444,8000,195222,596329
4815,5444,151576,27630,7407,172755,405960
5500,5685,153008,41611,6704,156138,388942
4351,5167,383032,26871,8407,171890,618663
4500,5111,307908,62111,6333,242385,647440
4259,5259,474303,34222,9574,357841,904995
4167,5129,949976,25593,7037,213276,1224641
3703,5000,174424,32278,7722,181056,424034
3963,4981,219504,49500,6148,203049,518349
7204,5963,321916,28889,6482,186765,578219
3981,5482,155921,37537,6204,163299,390886
4482,5296,178298,25907,7148,194941,456201
5315,5518,192507,61648,5963,401971,689422
4315,4851,362013,23241,6944,446353,865754
4185,5222,735315,32834,9611,209457,1015438
4518,5148,154949,40408,4629,155660,402942
5889,5852,177843,25259,6260,215358,455905
4038,5203,251182,62649,5833,261963,607275
4167,5111,350336,37222,9056,145420,602496
5723,5648,152933,68204,7500,143213,405202
4926,5148,171291,68444,6408,330428,638626
5241,5796,222815,25630,7481,152664,437238
5296,4907,323636,49407,6037,153417,578441
5463,5666,156807,28241,7852,221820,445590
4555,5334,177757,39722,6019,360424,610348
4833,5500,194133,26223,7388,246809,502590
4389,5148,335324,35834,8111,416986,856495
5926,5611,903701,24685,7500,234830,1202123
3963,4889,162704,22797,7185,171163,393979
9556,8129,168914,26556,7333,243713,481719
3741,4815,773365,24130,7315,315813,1173475
7703,7186,353721,26704,6333,153942,576256
5555,5537,151449,26852,6778,244178,475404
9260,7277,207529,43407,6389,316376,608534
4000,5204,220663,27575,7481,260222,567738
4797,5204,366502,38185,6241,279493,724885
8038,7277,149897,39444,6074,169583,400091
4315,5537,447273,28500,8018,282093,819606
9370,7815,343741,48149,6537,207014,678348
6167,6074,410525,50370,6185,216805,715367
4241,5333,152400,34963,9574,165320,392183
5111,5592,151720,42815,6426,155778,387368
3963,5074,173800,25778,6518,188902,422646
4537,5444,247565,61463,6259,191118,536015
3686,5000,867682,34463,9685,209533,1169919
6074,5926,170038,41908,4703,255885,505053
4074,5037,207470,37315,8185,389601,668292
4648,5241,216938,48148,6408,244059,556812
5315,5463,340944,34815,8259,140090,553867
4704,5166,154042,25555,7815,211919,429034
4111,5000,169825,23463,6778,471152,716570
5778,5574,185497,62870,6056,188612,474646
3889,4926,365688,54463,6851,281568,734107
4593,5445,659490,37018,6056,195930,944754
5519,5888,153902,49556,6204,147466,388109
4315,5296,175000,25519,10333,192164,432886
4148,5129,272099,25481,6722,199214,532367
4518,5204,339993,62981,6167,167244,623922
5518,5889,152627,25056,7296,173852,389368
4186,5055,178689,33407,10741,432604,680978
4129,5334,221564,50334,6166,171933,479589
4093,4815,310181,61889,5833,227445,645922
5481,5722,163150,28574,7796,249126,482089
3537,5203,175285,34259,9019,336101,579978
4574,5259,192309,25277,7741,242948,511552
5333,5574,394000,36629,9593,183793,654311
4055,5148,173709,64389,6500,206011,479423
4278,5314,153658,61612,6277,433376,681903
4241,5334,171496,26149,6981,225686,474313
5760,5648,246984,26000,6667,188420,497535
5500,4852,381323,54889,6592,382228,851958
4352,5296,154865,28204,8130,988757,1210178
4092,5185,344260,61574,6241,274773,750569
5778,5648,226821,25055,14204,240658,538053
5167,4944,319919,26815,7296,206430,587423
5111,5241,146405,22834,7981,177056,400202
14000,4574,151151,26463,7963,149680,373608
4204,5389,185638,23370,7260,164618,408349
4148,5129,367423,90166,5723,177129,680625
5463,5815,922540,41463,4907,259472,1312215
4741,5500,152970,24222,7778,420527,632460
3870,4981,172846,34852,9000,195819,438164
4315,5148,253962,61148,6111,227479,590959
5963,5833,118653,26926,7851,160994,345998
4203,5297,143047,64092,5926,239173,481108
4833,5519,175904,49500,7444,219316,504849
4611,5148,219484,50537,6149,190402,496053
4148,5056,318897,28296,12037,180470,567552
4055,5056,155717,47278,6018,208670,465812
5871,5925,176019,25204,7463,150535,390479
4389,5056,195339,61093,6222,340083,649811
5370,5667,365567,27852,7167,156670,589219
4037,5185,153072,40204,6370,161982,390220
4741,5352,158837,25814,7982,166439,388665
3777,4982,176398,26037,6203,171212,424571
5371,5777,248737,25426,7259,241483,553071
3852,5167,435742,48982,6759,404771,925069
4537,5334,184488,26889,7370,187436,437220
10259,8741,177271,27001,8425,145838,396275
4315,5000,219592,24870,7093,164017,442349
4629,5037,175116,33445,9518,163030,410442
4111,5185,157566,23518,7167,290654,510312
8260,7481,170553,34111,8185,391870,639126
3981,5185,186725,65296,6574,157533,446404
8797,7555,359268,26018,7519,149025,578145
5130,5648,150735,38334,6481,162985,390702
9703,7371,1311577,25870,7241,186821,1568676
4649,5222,166894,26482,7907,140919,371017
8945,7481,243678,61445,6629,399503,780644
6481,6000,353499,29370,6519,164276,588293
9611,7852,153652,44926,6759,163587,405887
4333,5463,174842,30889,7241,146044,403090
5611,5556,218088,28093,7463,245501,554904
9037,8741,386798,37537,6537,147087,631052
5056,5481,156174,24629,7204,199417,419127
8648,7444,171179,23389,7019,151356,388312
6648,5889,191073,62648,6815,158073,469127
5241,5315,299968,24870,7315,195973,558293
4667,5518,141547,38649,6611,162488,380350
8593,7741,152423,23518,6945,203537,422739
5482,5444,172725,48685,6463,155403,428998
5944,6037,243804,29241,7519,181915,492589
5149,4963,340865,23333,6834,274186,699274
8851,8037,177316,51463,5740,239590,524293
5315,5481,173469,49074,7241,358305,616033
5611,5648,211456,25314,6889,196024,487830
5166,5463,437277,39667,6592,205923,720699
4389,5537,174096,25630,7463,243864,503145
4908,5462,172102,26333,7760,194896,431405
3685,4908,190792,24815,6870,256464,521497
5630,5815,327168,26389,7685,168310,560701
8278,8074,1108916,42111,7074,158780,1354196
9759,7870,158476,28796,7796,266745,534534
5907,5704,173147,25537,7093,293794,557034
5222,6075,1021617,36722,8704,371726,1484621
13982,4537,324492,24907,6982,256319,673274
4574,5371,152497,70722,6315,221482,493905
5444,5926,170743,25259,5908,227199,486034
4759,5630,211600,24648,6815,162897,453330
5722,5760,387513,23741,7185,153483,605515
9038,7833,175482,64296,6982,215700,521312
4833,5871,169357,23426,7093,179807,411146
8315,6999,182919,48926,7056,227986,515089
5500,5648,356443,24111,7389,149850,573015
8000,7204,356726,27130,7166,206345,631256
6000,5945,153953,35000,12500,225766,459368
5130,5593,172699,63852,6649,315334,586330
4778,5111,241946,25334,7944,169977,472701
4759,5148,455489,38278,6667,293321,826014
9481,7760,150993,44556,6148,162245,401349
4482,5129,168796,64722,6907,205739,510812
6185,6186,219338,25111,7666,239308,526182
8241,8667,383418,26296,8574,263078,729681
5426,5537,149627,23185,7741,207630,420479
9259,7797,168650,23556,7370,179588,416035
4167,5204,183489,64630,6741,207767,515794
9334,7388,339125,25945,7129,182946,607571
5482,5574,136815,27222,7852,173183,377276
8630,7944,146191,24130,6167,178529,391165
4611,5074,173308,34055,9593,214375,480164
5185,5444,241591,23630,6833,218536,519256
3815,5019,415763,23019,7463,439398,914032
8852,7481,148398,32574,9056,277099,538052
6092,5815,184829,39186,7037,282093,542126
4241,5222,211798,36519,8259,148793,432424
5222,5315,399674,37463,5037,267433,780514
5574,5556,156938,34315,9481,189189,423072
8556,7388,226463,25315,7574,390441,685459
5000,5352,482283,65203,6630,368693,955513
8500,7240,331140,25223,7092,151228,550663
4593,5222,142663,41204,6685,158168,377313
5074,5296,150040,24703,7315,174347,387997
9204,7593,173711,61537,6797,170063,467294
5982,5796,241458,24204,7407,152114,458072
9222,7482,357112,28648,6778,194551,629663
4389,5278,150543,28500,7389,196955,428461
5723,5611,174733,23574,6408,186338,422553
5741,5444,349073,34185,8907,269424,693996
10018,8519,388393,25759,8482,279047,752329
5593,5555,153676,23630,7500,224673,441053
4648,5315,171644,35000,8315,166038,426479
5519,5388,184187,26593,7259,261662,510034
4167,5074,328804,33389,10315,433062,865773
5334,5463,952440,43074,6981,177127,1213086
8537,7482,162425,24722,7685,161314,408276
5389,5314,170024,49703,6704,199585,459997
8000,7111,243900,32037,8518,284913,635515
5056,5444,123664,40629,6593,159908,375479
5592,5537,149447,47278,6259,187329,422571
8537,7685,206452,27371,9407,167897,465608
5260,5333,214865,23112,7351,191373,464590
5444,5371,383111,24908,6944,188885,650440
5223,5425,156969,70260,5518,200881,463905
4796,5611,178419,26519,7759,147412,391424
8444,7297,179331,66297,7148,191073,479979
5611,5889,364504,36296,9889,162215,620867
5723,5722,906548,24296,7352,197094,1169123
8482,7259,149070,26037,7334,314334,532553
3685,5074,170780,24333,7130,254551,486275
9018,8000,228970,25556,6833,199361,495071
5574,5870,597884,23296,7111,472851,1135419
8649,7666,331074,34130,9129,216256,642534
6000,5463,174542,26222,7055,855582,1096253
5333,5908,214880,64501,7092,316894,631163
4037,5241,387109,27518,7519,157480,608200
4667,5852,153410,27426,7518,191644,411257
9667,7537,169008,66426,5963,148286,445572
6074,5907,184255,64592,6778,148169,438960
8148,7482,304093,25278,7370,219515,590960
4796,5667,984711,27130,7037,176911,1242289
5815,5685,150734,42704,7240,156172,387646
4407,5019,318350,26296,7612,181720,563682
8556,7592,236097,63907,7686,397325,738052
5334,5500,394324,28333,7612,146172,607071
5519,5870,154940,24204,7574,281742,498812
3871,5129,179743,25463,7092,185200,442720
6075,5981,209044,25537,7593,282601,582127
5167,5296,358772,25593,7148,151077,573460
3722,5000,171222,63555,6926,210535,504090
4611,5204,180264,34815,9685,361103,612311
3426,4982,180658,25426,7037,286246,562719
5703,5667,298738,26648,6575,187388,550071
4722,5685,648263,33963,8759,268621,1001531
5481,5445,150711,24945,7074,174971,387683
4444,5426,176791,69056,6907,178003,461275
9315,7888,232260,25630,7500,204200,504608
3871,5315,335709,63908,7056,147935,583997
9055,7723,155566,30075,7259,192542,422220
4055,4889,212202,52352,6593,291479,587904
5074,5926,217578,36463,8722,157790,453831
8260,7111,364472,63352,6556,161228,630738
3778,5277,172033,34093,9222,233002,476478
3833,4889,172353,23797,8185,161089,410090
6481,6093,175822,63463,6537,224379,556293
8185,7315,327013,28463,7889,145262,543016
5186,5500,268518,43185,6519,276756,639163
5352,5463,147894,28852,7555,168327,382646
4426,5407,167566,65185,6593,305468,572404
9186,7611,233812,27944,8223,267518,598515
4537,5407,323799,32149,10481,171494,568681
8500,7389,153638,24074,6704,305359,525886
4778,5130,207384,38592,5408,362853,643108
8260,7815,334482,39611,6593,163570,578812
5648,5722,387914,24963,7796,145731,597348
3926,4926,154326,27870,7871,217764,436145
4592,5686,460721,38426,6574,307681,844847
8370,7815,181263,25167,7092,121513,368349
4186,5092,356269,39741,7852,147246,581126
9186,7666,121848,39111,6556,160613,381276
6667,6092,154131,25686,6907,291144,532034
5556,5870,173970,34093,9148,148842,394035
3852,5129,239791,25481,7371,121059,418794
4741,5481,402796,33500,6556,219126,691051
3667,5018,154283,34111,9185,212030,438794
3223,4851,169233,28185,6093,188172,418702
4889,5648,207293,65908,6685,157167,468016
9074,9667,307503,25944,6370,178957,572589
6167,5925,154416,66722,6167,276174,537589
9370,7963,174014,62370,6408,371223,649033
5204,5537,182797,23074,7315,219497,481942
5723,5666,309729,49685,6018,231565,627811
4963,5463,141826,24760,7166,174876,380442
8723,7703,148925,38648,6741,182814,412609
4852,5518,173448,25574,6445,259290,496349
8796,7389,237472,27334,7944,186025,512478
5963,6871,407922,41797,6296,427479,914828
4408,5259,151594,26186,7185,269681,496516
5112,5518,206211,61963,6315,336730,640904
9074,7944,199383,24500,7149,197744,464423
5685,5797,930093,48575,6296,186510,1203660
8315,7130,151616,28907,7871,170511,410405
5519,5740,179214,37464,6018,407486,658663
4537,5481,188775,45371,6277,259056,529441
4371,5370,306392,25945,6074,263123,665867
5204,5519,892620,23852,7574,591408,1547714
3797,4944,148291,23001,7277,178281,385072
5463,5518,323057,39296,6259,267514,667663
3834,5055,245766,27944,7833,291269,626385
4463,6148,500346,33444,9963,366946,941939
3334,4944,153110,61685,6296,817403,1083346
5963,5889,178300,26741,7537,173216,417312
5186,5537,210157,24352,7259,218062,487664
4296,4908,395441,25963,8833,308277,781977
5389,5630,159891,24814,6352,297144,519553
4186,5333,175137,37518,8297,287064,555923
5111,5833,173698,25222,6982,163226,417034
5574,5445,356518,32037,8963,289607,742681
4444,5204,354061,49852,7203,215880,655755
3889,4981,154288,25575,6759,171987,386553
4704,5185,173238,65741,6889,210370,496904
5500,5648,243244,27944,7482,265160,599867
4481,5278,411305,33370,8463,152747,636385
3537,4741,147662,40630,5555,197929,436850
14130,4629,153094,26277,7389,148368,373776
3463,4926,216525,28074,7815,255416,561034
4629,5130,385493,39797,5314,350373,806662
3741,4963,156795,25259,7037,218666,451924
43537,4741,142355,40741,6815,177975,437034
3815,5240,186250,25686,6759,152544,397683
8259,7333,352663,27723,8574,152278,592459
5574,5852,882707,22944,7130,180324,1126604
9278,8445,142821,24612,9537,172379,386146
3778,4889,178457,30204,8444,158541,405313
8000,7037,230351,25574,6889,869901,1203456
6056,6074,369968,61241,6185,329101,795958
5629,6093,154473,72778,7445,313486,580070
7222,7074,180794,25111,7315,149167,395813
5148,5518,209670,50222,6185,257179,553348
4574,5074,343508,65889,5760,360505,837513
6093,5963,149624,23686,7351,209559,422683
3667,5037,630724,28259,8037,375881,1073142
5000,5389,167321,61185,6315,362916,628978
3926,4963,368789,27074,7519,232836,684125
5703,6111,1813021,34130,9518,204783,2092950
4685,5444,146467,23056,7092,375030,577737
4167,5352,171083,63908,6277,185711,456053
4982,5333,233941,23907,7574,264741,557534
3852,4908,422928,28500,7833,180624,683996
5889,5593,153988,64408,6148,232749,512275
9519,8037,181327,25112,7055,146559,414942
5111,5259,206500,60796,6167,256812,585052
5408,5833,380042,24704,8019,172991,632200
5278,5407,152992,25000,7574,174173,391368
9500,7500,162868,26389,7629,155057,405516
5371,5370,171614,25296,7056,171847,404239
5204,5944,304157,55426,6500,168100,579571
5481,5260,1151071,25741,6426,189309,1406714
7981,7426,150389,50389,6334,213460,454793
4537,5426,170525,26740,6445,177658,412794
8111,6945,239659,25871,7648,183541,523515
5408,5426,322295,23704,6666,165202,546108
5222,5722,176393,71315,6352,197697,482053
4982,5555,176676,24093,7130,151858,389868
4203,5204,202885,51778,23722,222649,554885
4482,5481,345169,38574,8315,368494,787440
4296,5259,148767,33055,8963,181435,419145
5852,5815,169550,61278,6537,362317,628275
4056,5222,177037,63704,6463,158331,435368
8518,7519,352209,25926,7833,256935,713940
5222,5611,147270,23352,6944,186062,395627
8703,7352,148127,46352,6315,246222,481830
5148,5667,176188,50982,8629,216069,515608
5889,5778,237619,65297,6481,201822,542312
4092,5315,890627,26685,7055,349644,1304844
8426,7518,152686,41741,6185,182738,436034
5593,5556,730099,23001,7611,266579,1079902
5426,5686,207048,27704,7611,247504,555571
5352,5315,301295,24630,7037,261275,623052
4408,5370,153541,25741,7148,176920,392591
5130,5352,169083,24500,6833,151693,382387
4352,4981,176571,64833,6519,159075,435201
3852,5074,338965,25260,7388,160403,576867
6018,5611,130100,32852,9482,167972,386942
5111,5537,146661,38815,6130,193336,416183
4685,5260,174647,28463,6630,242127,535108
4667,5555,230654,30537,8500,219158,539015
6056,5463,405733,35445,8759,162522,643663
4481,5093,154831,23370,7037,230223,445108
4352,5278,177299,26556,7463,177087,432942
5389,5482,209267,66371,6426,148100,461590
3870,5204,387533,24648,7629,164242,612089
4075,5018,156556,26537,7649,177052,396665
3889,5223,171358,40333,6296,304361,569034
5407,5741,172808,27167,7092,176746,412683
4167,5000,263091,24630,7130,245479,592552
4982,5518,1188710,25093,7666,207393,1458621
4056,5129,144269,37019,6259,164562,379757
4112,5092,176311,24352,6019,247612,483664
4370,4907,234521,48222,4667,259328,576959
4667,4796,366804,28167,7629,200323,650144
6315,6204,151327,61556,6130,173077,424479
4871,5500,174869,27704,7574,146980,403905
5278,5463,204061,50833,6093,172029,465257
3907,4852,380141,26926,7685,255244,710588
5130,5500,173757,26370,7222,262463,500553
3445,5000,170040,35481,8463,145736,388313
9593,8037,173860,60445,6259,189100,467405
5574,5852,304866,27500,7222,287519,655570
3555,5130,352445,25352,7667,162588,593737
5945,5833,149080,25667,6982,925487,1140346
5371,5407,178475,25259,7870,186894,429201
3630,4778,235646,51501,6944,209683,584645
4463,5241,364319,26908,7611,234399,662774
3482,4814,154436,63907,5871,181340,451794
5630,5592,173256,26444,7075,184964,424275
3797,4685,209669,36333,8704,185717,465942
4444,5241,299230,62500,6148,282229,714662
5667,5482,156179,33889,8870,165486,394795
4167,5074,169018,23223,7666,432904,658997
4907,5445,179171,34945,8537,149196,399034
3648,4944,325900,29519,7740,173449,563700
4704,5111,128961,39796,6519,163593,383961
6037,5963,156392,41537,5630,176106,412090
4389,5296,169990,28056,6352,152452,386998
4556,5259,236292,25130,7389,254538,550608
4352,5296,408260,28778,8019,159587,633459
4371,5148,158987,28445,6981,185473,426535
47111,4908,158789,40278,5019,302763,576441
4166,5074,204740,24648,7315,179517,441867
4815,5315,331078,46445,6296,405213,816143
3908,4963,151935,30130,7296,172711,406739
5593,5870,168812,41000,4778,357000,600238
4260,5037,178094,38000,8796,181811,433312
4722,5704,272637,26778,19815,192897,561182
5370,5778,1159367,30944,7445,203310,1464288
4556,5481,153167,64333,5056,253979,518590
5315,5592,175302,27111,6444,179196,417923
4259,5018,387067,37130,6092,298892,758458
4500,5334,404794,23944,7426,150388,617682
9426,8056,148669,61500,6297,201901,455738
4074,5055,168898,23777,7315,152990,399442
5926,5888,198125,27482,7982,167428,432867
8963,7370,308872,24704,7055,257014,669700
5000,5278,149765,33722,10352,216880,442127
7945,7314,162142,24018,7685,158468,387146
4074,4926,174017,64889,6426,184869,460516
8556,7889,344430,38686,5963,395120,817366
5463,6112,435102,60945,6555,368744,901180
3778,5445,147478,40277,6297,179538,401905
4685,5223,177835,25870,6315,176237,431942
5778,5926,235322,28445,7815,266526,567904
5093,4833,339513,23704,6759,192058,592108
4296,5370,155537,34019,9092,262720,490904
4222,5186,173764,23630,7352,215881,468775
5722,5686,197140,26556,7518,243820,503886
4296,5315,392980,33111,9852,234183,698811
4574,5556,155743,41723,6648,161032,409997
13611,4500,155527,39741,4481,324359,594570
4703,5556,179495,29500,21815,247798,510293
4018,4926,327946,33519,10166,140885,542571
3537,4723,355636,26407,7186,268304,708033
4852,5574,153271,24852,7740,285893,503738
9685,7982,167684,26241,5907,190499,443553
5889,5685,232319,35667,9074,257622,565534
3741,5093,325880,50500,6408,180394,618126
5759,5537,163460,52537,6685,240112,494108
3908,5018,172317,35815,8000,397420,639534
5297,5592,205063,25908,7037,245989,512571
3778,4981,375791,41445,4981,376223,823254
4038,5000,152851,25259,7741,174628,405628
14481,4704,154450,26963,7426,230455,490719
4907,5352,668956,23315,7408,301260,1032253
3889,5204,383998,25963,6370,214350,660552
4908,5370,122855,34204,9092,165995,377257
5740,6037,149398,46148,6019,216674,450738
4185,5259,171996,48648,8611,211224,492182
9778,8055,227020,23296,7760,258588,588460
5519,5667,363840,32352,6296,164897,601404
7907,7019,151123,66352,6944,199152,457942
4037,5463,172795,26037,6871,157777,394276
8222,7648,146412,62037,6315,174790,425738
5814,5834,381362,91148,5945,175245,685236
3963,5092,151089,25019,6870,177057,405164
6037,6277,163484,39519,6222,146533,387775
5370,5389,173915,49426,6167,210434,471794
9278,7685,338606,25889,7352,183983,609163
5889,5462,528853,36111,6111,294680,918809
4760,5537,150005,84593,5722,237307,508738
7630,7092,169511,37426,10056,162487,414979
5148,4852,235646,62815,6222,294314,660107
5667,5907,451596,34334,7963,237806,784514
5130,5426,160601,71426,6167,237062,520682
5648,5611,172477,29352,8352,144095,386905
8648,7556,192741,61630,5963,151200,446757
5630,5444,330933,28259,8259,179250,579459
9056,7999,162772,25907,7519,251411,496404
5889,5963,162777,34944,8537,153333,392776
8223,7296,169541,25278,7111,285919,548905
5167,5463,344065,23945,7426,167857,574589
8333,7611,344627,63074,6241,150574,616441
5537,5796,144428,26889,7741,201385,410886
4574,5223,169507,52630,8296,194972,473090
5611,5444,231180,63204,6408,381019,710477
4389,5204,403611,47741,7093,348865,837125
8907,7908,606580,40093,6092,186933,875569
4445,5166,183381,29315,7815,995575,1278030
5371,5759,197331,64574,6204,157259,458813
9741,7741,288725,25871,7130,252363,625311
5370,5574,174490,49834,6722,227489,536589
5130,5222,172495,28797,9407,147225,405183
5260,5444,182205,48648,6130,264237,557293
4389,5241,141062,26000,7259,203325,421720
5037,5407,145179,63722,5982,184541,429219
4481,4945,148239,34389,9648,197462,420145
8352,7352,655172,39278,5981,158953,893772
4111,5370,232010,25945,7444,205469,519941
5351,5463,400220,28704,7870,174573,640737
8075,7296,161632,39000,6444,265903,518720
5241,5407,203952,46000,7148,423655,709255
4352,5389,198809,60945,5945,230687,526923
8056,7148,298982,27592,7575,250885,678367
4371,5388,149413,24111,7426,176104,402442
14000,4556,153955,24593,7315,180153,405294
9649,7333,170646,62963,6519,197147,485812
5130,5407,284022,28481,17204,185068,565237
8166,7408,119675,23463,7482,178119,363275
4667,5500,150958,51852,5889,232280,471997
7889,7185,210168,76111,4889,190311,538516
4575,5240,233100,26277,7093,150139,462868
6074,5778,388420,23445,7240,162225,614089
4518,5241,178351,66537,6482,198424,491164
46944,4278,151931,26703,7019,164197,421386
4093,5130,197065,25019,6796,124525,378572
4648,5426,367330,40389,6112,410479,851347
4074,5204,152520,28334,7722,170514,404738
5592,6186,162118,23593,6759,322212,546552
9000,7833,173865,22852,7315,251077,514386
5352,5444,274149,35018,8852,157367,541275
5593,5796,732322,22777,7426,295469,1136327
4815,5296,158122,40000,6426,183783,434053
5241,5518,173628,54167,5814,400740,662681
4241,5278,227855,27556,7481,238920,528997
4926,5389,313565,34611,8019,152710,555960
5685,5611,154033,37148,6611,255761,485256
4167,5111,179520,29352,8259,300514,543497
4926,5537,408081,62167,6185,177211,683792
4000,5074,151734,54185,5889,148153,388683
4352,5333,158684,37389,6204,164314,412053
14426,4574,905691,37111,9482,274820,1318344
4186,5185,178213,63741,6185,337209,646200
5370,5444,285220,29889,8259,245537,648440
5074,5445,345002,24574,7167,236179,666441
5315,5704,151378,39389,4870,163120,389405
4222,5148,174921,26611,7167,150818,388794
4630,5407,228723,27852,7500,247256,563256
4296,5186,443098,22352,6333,260972,761107
4259,5093,160492,34074,8908,260468,505238
5778,5666,177350,40334,6703,393388,646255
4130,5130,195540,27259,7112,273864,544831
5500,5260,333212,29315,6611,186062,585738
3871,4889,152829,23314,7056,179132,390794
4259,5111,163872,42389,5352,148922,389053
4574,5426,177266,28796,21112,169305,445127
5796,5630,341735,33463,9222,167095,584293
3648,4815,121481,25666,6871,176054,373405
5481,5408,155189,45667,4963,164771,401942
4166,5037,170695,31501,6351,191192,427942
4333,5352,225182,36445,8518,266834,564274
4315,5148,393836,56500,6648,364271,847014
3944,5241,149748,27537,7500,243638,476719
14574,4704,152624,26685,7778,204670,448442
5019,5296,196852,23204,7129,247201,502719
4185,5278,340117,41278,6037,820338,1237067
4574,5482,145307,27630,7555,173857,399961
5703,5649,162442,39796,4778,152796,391534
4130,5185,168244,27982,7518,255105,522275
5556,5851,260010,26388,7426,264470,587460
4592,5074,251607,23723,7000,584350,896976
5167,5462,148483,51148,6111,216423,465349
5889,5648,402285,40111,6444,297100,776810
3926,5556,435402,23611,7352,177631,674496
9834,8296,383759,52037,6296,147108,713589
5445,5722,153801,27130,7426,244548,484109
6167,5870,172566,37833,6074,361913,607737
4037,5204,202071,27018,7093,284963,575645
4704,5352,377077,35685,8333,202587,669663
5593,5704,152415,25704,7222,176101,393035
5352,5667,161865,43148,7000,148244,406887
5111,5463,177797,27611,5981,185368,426627
4351,5204,252376,32408,10352,217824,564996
5038,5592,1636014,27149,7259,248845,1964915
5186,5518,207054,39129,6167,182240,485812
4593,5240,178152,27926,7741,147994,407553
5075,5407,228509,27111,7185,251562,557867
4612,5333,333366,25704,7537,241871,638663
10019,8092,180520,25241,7148,201181,452368
4500,5371,175043,33982,9963,158528,422683
6240,5963,197327,25445,6944,271781,557774
9019,7648,748389,35797,8166,152069,982069
6019,5593,151245,40574,6537,161771,392220
3945,5259,166806,33889,9426,152692,390961
4278,5130,176071,48963,6240,173612,452775
6333,5963,338614,36093,8407,163031,578904
4704,5018,353212,27908,15351,178989,607700
8630,7389,147161,31963,8500,205336,428386
4722,5444,169445,25445,6129,242997,476071
8389,7445,215302,25555,7167,122992,438331
6315,6037,417012,40778,6407,204670,701145
4648,5352,154072,28574,8241,277166,511905
5278,5408,172763,38463,6074,405863,654423
9111,8167,192601,23445,7352,228321,487886
5167,5296,298071,27092,7278,195445,555868
4944,5352,157187,23778,7833,176145,411238
14408,4685,150025,33426,9408,828987,1076031
4889,5408,704291,24574,7704,176407,943865
4482,5092,254555,64537,6593,252034,634978
5241,5537,120838,25333,7500,175160,376942
13760,4796,131973,53352,6389,326579,554164
4389,5129,176090,50204,4907,174223,435386
4463,5074,225836,37630,8333,143884,475905
5593,6019,338749,49370,6222,154785,579812
4334,5315,154957,29852,7889,197151,419220
4537,5389,169852,62648,6019,408940,708570
5612,5833,194006,61407,6037,330102,620349
4259,5019,314159,26019,6815,241726,674940
4537,5166,153128,41204,6130,160592,406386
5611,5796,161874,27148,7315,358382,583608
4537,5352,175583,34649,9148,205766,484905
4463,5148,329015,41500,6037,404110,841403
5204,5537,347261,36519,8666,183366,603552
4370,5185,152692,38834,4796,216861,442775
4482,5259,176123,25111,7167,178189,416072
4463,5167,228184,27649,8277,289535,596589
6649,5777,383894,25074,7352,158603,606552
4408,5277,153455,65037,6130,182524,436553
4241,5092,178386,36167,7908,334555,617830
5296,5389,193373,60352,6019,227661,519164
4075,4851,370120,26037,7037,156544,587719
4111,5167,151810,37870,6482,163614,404813
5407,5389,166982,23555,7056,160497,388571
4204,5000,174265,28778,22111,170584,424572
3982,5148,312011,64371,6518,185615,629330
4852,5315,165627,29945,6889,253055,485534
3908,5018,149096,35074,8278,217494,456720
5685,5908,208805,25648,6204,147266,420812
3963,5056,223626,50426,7148,209705,542627
5000,5445,339205,26019,7296,221865,624534
4000,5203,153026,64518,5149,235749,501108
5500,5704,739958,28537,8130,301313,1112216
9593,8537,185981,24129,7130,164313,417072
4407,5278,322394,26907,6352,149214,535700
7852,7018,863142,64981,6778,215111,1197974
5630,5870,161071,27093,7740,156742,385016
8055,7148,172336,61760,6574,207402,505330
4556,5537,296286,28537,7797,218692,594553
5685,5963,345181,64222,6944,175650,626756
8556,7815,145704,25148,7018,202368,432257
5314,5482,176691,49500,6778,383916,646662
7741,7537,216289,24204,7037,152467,433553
5260,5314,404425,36204,5333,162479,638960
5259,5611,162374,51371,6704,244475,548071
4555,5278,176324,35926,8389,386524,669385
5537,5759,189904,61518,6945,151205,442034
8056,6851,373447,46629,7593,273050,760607
4574,5463,149118,33444,9037,164399,401923
5593,5629,165679,36723,6314,144893,386201
4667,5203,175722,55370,7315,171239,456738
5519,5481,315043,31129,8593,196177,582090
4129,5241,127214,34130,9629,165933,366072
7574,6871,149219,24352,7722,219593,435146
4519,4740,212522,74574,5574,175920,535441
5370,6000,223453,25074,7352,180230,465145
5074,5278,393940,27259,8019,171445,643367
5259,5722,143741,23852,8074,231146,439201
9296,8259,170617,34982,8315,399657,647663
4296,5074,199604,26834,7370,280967,545126
7741,6963,407573,31981,8815,208738,704903
5501,5481,536171,65241,7074,299768,941699
8111,7315,162824,26148,7889,162303,392960
4555,5315,171811,27000,7352,157168,424497
5297,5481,269446,22649,7092,161811,488812
4130,5241,130840,38204,6518,163658,370054
7964,7129,146050,50907,6167,233781,485238
5259,5556,172796,36685,8204,184350,434349
7982,7074,213838,26426,7333,267215,547108
5982,5796,334233,34870,8926,151079,561479
8426,7444,156145,29408,7333,286093,548959
5834,5592,178021,64389,6908,303012,585404
8074,7444,187138,36037,8371,148249,412812
4537,5389,366162,39167,6185,401888,874161
5463,5685,150685,34426,9556,161201,388423
7556,7204,152209,24167,7463,426583,678589
5427,5425,171067,48741,6315,211375,468609
4389,4926,248499,23907,7185,145722,472294
5223,6592,446690,64370,6389,215917,798773
5982,6000,158676,23185,7407,228989,465387
5037,5759,173570,62482,6222,193112,467812
8741,7518,226595,29389,11500,179829,482756
5037,5426,403007,36723,7074,179229,660681
8389,7463,154327,26278,7333,206245,428960
4296,5148,170629,25982,7611,204257,437590
4315,5371,197097,23222,7167,204159,461405
8130,8056,355177,38278,4667,276689,744052
5907,5963,146294,23981,7093,177630,388664
8926,7963,150429,40222,4518,160347,392294
4315,5185,169471,23704,7333,154175,400553
5593,5574,248365,47445,13259,165317,505664
3889,5852,124537,33834,9555,165442,364424
9093,7722,152673,23389,8000,200677,438035
5760,5574,215400,61797,6296,209467,524349
4166,5074,526351,28778,8167,324570,934161
5055,5296,405968,37167,4555,358361,833328
3759,5260,169564,24500,7130,239914,471034
8037,7240,167330,38111,5963,433611,677274
6240,5945,189020,36759,8556,210181,493293
7815,6907,274267,61889,6055,167323,543200
4371,5296,152161,24426,7518,174893,389572
8574,7519,148962,36945,5833,375294,635145
6352,5759,173931,23815,7092,207900,444979
4889,5630,249862,60519,5889,201690,602664
5112,5518,1015166,66259,6204,196956,1319215
9389,7814,153392,25685,6334,306253,529311
4278,5203,173694,32259,10518,300378,578330
5759,6259,220292,30241,8574,286575,602589
5259,5667,397835,39074,6000,395586,869088
8871,7296,178617,24056,7259,211325,457164
4389,5222,171752,39167,6426,415429,661478
7630,6907,193221,27741,7352,258628,555812
5833,5704,369764,37648,5926,150770,597200
7944,7148,155287,26926,7334,172970,397368
3852,5037,166274,53259,6093,169742,441275
5612,5444,171668,25815,21000,175070,424831
4130,5037,249322,25092,7630,181694,508515
5130,5630,336383,35963,9074,204539,617237
8482,7740,171463,63926,4815,204831,515442
5018,5278,208209,34389,7129,367899,646885
8019,7037,216122,24240,8149,222727,502923
3870,5056,394701,22593,7500,383405,836717
9019,7278,147021,42667,6592,158236,390498
6037,5870,174620,29833,8111,154545,414794
5500,5907,200959,62315,6814,186854,489442
8722,7315,293649,26222,6852,239162,625015
4630,5204,153969,22889,7000,178991,407646
5259,5500,235864,62889,5981,182652,517627
4760,5389,177331,35797,9629,146166,429776
5000,5518,249930,63352,5926,205771,603089
4611,5315,366861,51667,9130,216875,675125
9408,7889,146681,43704,5148,185224,434627
5370,5574,175206,42593,8370,142033,416775
8111,7093,215896,48370,6186,164582,469423
4686,5518,346050,34852,7685,176317,610849
5501,5629,152889,25111,7574,195054,411628
4260,5222,170783,42963,6352,356769,644256
5296,5537,341493,28574,8019,223596,631663
4277,5000,365721,37759,5833,157295,596792
7833,7185,146022,26666,7371,172921,388016
5389,5740,154268,40111,5778,369729,600941
8185,7259,177107,48203,5797,361742,660385
5815,5944,245279,24704,7315,152089,461109
8148,7167,803600,38204,6259,183431,1066716
5408,5481,160697,28352,8074,210245,457868
5611,5592,175425,30704,5963,193128,438127
8407,7111,216875,49574,6333,199716,509145
5241,5555,347436,26963,7500,202246,702792
4741,5463,150514,25167,6982,195001,424405
14223,4463,148094,64889,6630,380031,669774
5037,5611,193341,35426,8611,146768,412090
4018,5149,411772,62296,4778,196316,703273
4445,5685,152555,28223,7666,170739,388961
4148,5389,153727,40204,6203,159141,404219
5481,5593,172807,28037,16870,212839,462256
3833,4815,250479,35167,8833,215463,561256
4426,5277,1074839,37852,6092,385375,1549324
5482,5685,157749,65019,6333,187804,447739
4075,4925,171644,28278,7815,191576,448627
5722,5778,221390,23352,7166,172312,454090
3740,4945,355340,27759,6093,243026,684107
4871,5148,603494,34593,9333,332389,1045235
5685,5741,179424,26204,8371,148036,392812
4463,5167,189004,65000,6463,168105,459164
9038,7962,343770,26148,7037,149505,562034
4574,5037,136644,31834,9203,168039,376201
8574,7482,148020,25463,8000,200052,417553
5093,5537,175544,61982,6685,179601,456405
7778,6852,160105,27370,7908,216633,465145
6074,6019,418981,38501,5018,272033,764255
4352,5204,156727,23834,7055,219474,436257
5167,5426,434067,26981,7852,280262,779570
3870,4945,227071,63556,6741,178499,552293
4500,5352,418892,24945,7722,200585,680329
4352,5185,186564,67463,6611,193192,506811
9278,7593,174328,24260,7407,313298,588664
5815,5852,636298,61297,6444,322344,1062013
9037,7370,371303,23574,7741,172249,610626
4222,4944,139438,27648,7667,173653,393053
13815,4574,154961,36704,6426,149444,387497
8556,7389,175430,25296,6907,224420,486275
5445,5666,249565,22260,7574,183358,491571
5297,4741,368422,37667,7926,233240,711052
5297,5555,157576,23111,7445,177959,397017
8815,7111,170211,134834,5463,317451,661015
5611,5852,250532,35000,7370,170651,496034
8297,7592,424612,63870,6963,226477,779940
4741,5537,152820,22926,7333,173382,387609
8760,7203,174715,32481,9574,418764,703182
6111,5870,187424,23833,7667,162741,412183
4186,5111,394466,63908,6796,214715,726367
5648,5556,565213,25463,7593,312522,944180
9204,7629,148607,37852,6296,328317,555034
4852,5834,174741,34260,9166,222886,484442
5333,5704,242543,28037,8000,240009,548052
3834,4981,1126014,35074,8759,192571,1392325
8889,7630,150739,41019,5759,268591,502238
3796,5093,170967,32685,7426,233604,505275
5778,5926,219936,49037,6630,227709,535294
3760,5314,394460,30037,8463,168759,631552
7778,7111,167150,28111,7871,241476,511293
13981,4463,147786,45592,6500,371526,609107
7833,6981,739366,27908,7630,225165,1034327
3908,4870,524816,48315,7148,317938,943106
5426,5555,155413,34945,9296,161511,393590
8907,7463,147492,27926,8371,787724,1009068
5759,5908,179423,63630,6574,158796,440738
8445,7240,237929,26871,7130,242938,572515
4444,5241,333398,34907,8408,149784,556552
8482,7518,165051,23093,7000,253242,496775
5704,5759,215039,38203,6630,145737,437609
4685,5500,582267,25926,6926,332246,1015179
4944,5371,353215,48334,6426,395464,834495
8075,7425,155499,24704,7556,190591,431183
46278,4740,145986,30537,8741,166271,424294
8222,7278,193213,60537,6704,207673,504052
8019,7333,282849,27537,11667,247685,646330
5556,5537,617818,64944,6352,197695,918624
4259,5481,161415,23926,7334,162934,384812
5685,5889,169643,21907,13352,165892,402423
4278,5148,251778,48463,6592,156442,507534
5407,5500,341136,30111,8037,225398,633755
4223,5241,182307,36926,6500,228060,531034
4834,5296,210535,37278,8185,317740,636774
5444,5704,213799,48815,6500,162143,463534
4129,4908,394564,23982,7481,310172,762088
4426,5371,154403,33685,9574,226187,454424
9444,7723,170279,37388,6482,405014,653700
4019,5185,186118,24518,7685,149529,393665
4352,5277,315402,23926,7240,159078,553497
9112,7444,136110,28500,7833,172296,380795
3871,4963,174208,63240,6852,174975,448794
4797,5500,172102,26056,11518,199303,458757
6167,5777,253516,48204,7055,163519,505460
3907,5741,347391,25019,21537,189587,631885
5222,5537,157007,61982,6685,198046,455960
8871,7963,1055811,25797,7518,218422,1363104
5408,5444,168074,26426,7889,319293,555053
8723,7462,391247,23000,7204,156991,614034
4277,5445,157881,64037,6834,245004,505700
8445,7481,174924,28185,7519,148592,394590
3612,4962,191707,65389,7001,218012,543627
6518,5926,364824,36704,5408,161172,600496
5575,5499,939202,25944,7259,510198,1516158
8889,7296,150668,36760,5111,157145,400776
5667,5648,177618,26278,7944,239880,505775
4926,5222,247568,26463,7500,293596,617497
5111,5389,418444,23629,7093,176293,659070
8407,7463,160931,51870,6500,229141,518071
5074,5574,177288,34463,9018,166914,419386
8203,7482,206497,25518,7463,265574,540015
5314,5649,442299,24166,8297,229956,768921
5260,5852,175748,33648,10593,250156,501683
3982,5185,178939,25352,8426,369520,628330
5389,5722,181445,50741,5055,201590,493775
8685,7426,307876,25501,7537,209953,587200
4000,5278,729289,23130,7389,216390,1006401
7944,7334,149238,29056,7648,170722,390924
5760,5778,176688,64148,6926,229827,508794
4315,5074,248324,27130,7092,245618,580201
4537,5241,330533,34963,9278,168167,572719
8537,7796,157557,25685,7296,198738,443071
6074,5741,172839,60778,6704,285120,555182
4315,5204,220012,25278,7111,243874,549626
4981,5648,372000,40796,8352,366200,850124
5518,5500,225264,26648,7037,181882,472293
4093,5074,178251,38833,6556,368449,618330
4648,5241,184663,32241,10093,258833,513460
3834,4741,275261,63278,6630,226049,616015
5852,5889,138304,27981,7315,171175,378905
9000,7574,147828,40519,6870,160133,408016
5167,5426,1037094,26074,12130,195435,1300826
4778,5278,242079,63093,7056,195917,551108
5149,6463,433919,27037,8500,288595,815310
4444,5260,150275,53630,9278,180740,440960
5037,5371,170614,55111,6889,193309,456016
4167,5018,217806,25018,7426,168489,450220
8278,7222,340866,34204,9408,148037,566885
4426,5130,155167,29297,7759,221293,461646
5426,5500,172766,39112,5166,361805,609238
7981,7352,186512,26445,7796,248022,517960
4926,5222,387444,42056,5278,158108,627015
8463,7296,136449,25241,7259,174123,395219
13666,4482,148713,59612,6278,339394,590700
4482,5240,173294,33592,9778,148094,394702
7908,6981,242243,50149,6981,152032,486442
6518,5426,415434,25297,7778,193932,675107
8649,6888,156291,34038,9685,176947,428850
5500,5593,170482,52018,8148,159331,420535
5260,5370,217024,25278,7630,285787,579405
5092,5426,399697,40130,6574,153781,635052
9389,7796,175850,24056,7333,234759,492423
5240,5408,172188,27500,9130,146846,387368
8333,7463,184917,65166,6649,216988,510960
5741,5444,369071,24481,7574,177334,610885
7666,7408,353650,61241,6740,207384,665125
4093,5259,151118,28722,7426,166824,383183
5093,5741,176679,61074,6574,161633,438683
7741,7314,242592,27297,7000,237793,574293
4575,5222,469764,33000,9463,243417,799903
6555,5963,166306,38352,6537,225080,469997
8870,7537,168571,33500,7241,167334,412090
4945,5148,217613,49667,6926,270272,575867
8592,6722,381490,25389,8389,168248,619255
4426,5296,157680,39463,6834,160317,393535
4556,5685,188371,26315,7796,888827,1143790
4037,5037,182820,35074,8797,230176,487404
7889,7389,353752,26389,7352,241503,664163
4167,5000,1209815,27722,6426,156158,1428195
4981,5371,147614,26000,8463,170235,383275
9149,7462,171287,24278,6408,216377,455627
5352,6259,243218,36445,9481,148353,470164
8741,7500,326705,64556,7519,415419,847069
4464,5648,151562,23833,7593,191880,404720
4111,5130,172401,48222,6685,220337,499627
4297,5111,225443,25445,20537,175405,477331
8723,8648,379023,40797,5629,178399,638960
4500,5148,154881,46055,5926,266710,505460
9148,7296,170812,34815,8370,144890,400849
4870,5296,180762,28037,7630,248161,495404
9537,7315,267212,23537,7481,163712,495182
4241,5167,142994,26186,7166,175596,382831
9074,7778,184871,51296,6926,246386,562756
6500,6444,181173,26444,7278,149696,398275
4037,5111,247937,62185,6741,150523,513571
5500,6500,414443,28037,7593,165294,647292
4259,5278,148763,59574,6259,233865,501442
8018,7185,174269,23777,7056,227118,488571
5315,5889,214292,36445,9314,166780,458312
8352,7148,350021,24981,7315,187384,604886
4907,5315,160600,43648,7148,156213,397590
4945,5370,175457,27407,6908,148504,404979
6074,5926,202036,49908,6592,207887,499812
4037,5074,388969,26722,7315,319805,815792
4575,5518,709808,25666,7630,185224,957995
3889,5222,152442,41333,5389,216889,464275
5889,5630,175687,23926,7556,197680,434016
3722,4963,240582,35426,8204,144619,454108
4574,5222,416162,23222,7130,412518,904087
5426,5592,148890,32889,9111,209404,431016
4370,4963,207025,40889,6703,335343,624441
3815,4981,211493,28611,7463,202727,498719
5796,5685,385536,43037,6593,382626,846624
3871,5037,148689,27926,7851,198569,411165
4796,5389,172027,39649,6814,421302,702607
5407,5371,179033,23796,7056,234057,472275
3889,4963,333335,37889,7037,282828,686533
4500,5463,358951,22889,7000,279619,695977
3963,5074,154605,27352,11018,215282,453071
5703,5723,173943,23445,7481,242980,476997
4370,5148,245801,24982,7074,161918,466089
4278,5259,332715,35759,8963,177338,601145
5537,5408,159515,38778,6833,166723,402905
4592,5185,184336,46778,6797,264864,529311
4111,5278,216527,35333,8556,150174,456646
5408,5814,383033,37222,6352,429740,885736
4241,4945,147945,36092,9167,161220,382646
4759,5371,170357,40019,7185,365306,609570
3648,4815,190622,37408,8740,142579,403849
4463,5259,357573,52297,6592,144220,612515
5538,5740,134467,40685,6704,160216,374795
10259,8334,158064,30500,6334,209896,443442
4481,4982,177496,25648,14648,187872,436090
8204,7130,235501,24889,7167,163681,464220
4593,5222,462841,24445,7426,259654,784700
8074,7482,169216,50741,6407,221819,483460
4111,5260,364518,67167,6870,169367,638552
7666,7278,735488,35259,9408,295950,1145604
6185,6074,301140,27019,7241,296171,687496
8222,7278,152757,39000,6611,162741,396738
3963,5148,174095,26426,7778,192291,430164
5593,5722,180156,61038,7018,213656,494423
8333,7352,262902,25760,7148,222613,552145
4463,5130,2851932,26259,7574,276939,3193389
4333,5371,188137,24629,8389,216472,468756
7667,7222,174586,50833,6741,374133,638145
3723,5018,240869,27426,7963,363053,665830
4834,5351,459005,32759,8333,234621,765996
8574,7463,150120,62445,6593,232784,521812
6297,6166,175348,25926,7278,195335,438183
7463,6686,207557,26981,7926,223329,532738
5464,5537,299451,64834,6907,148638,553108
10055,7741,152901,29056,7426,169726,413793
13889,4537,157222,74759,5723,325330,602293
9222,7518,177802,38444,8963,153697,412905
5203,5686,365473,41241,5222,261356,738477
5501,5833,933980,25982,7407,219531,1218641
4074,5241,146392,39926,4629,162403,383813
8981,7704,170175,48796,5685,156416,433090
5407,5704,239310,24963,7463,151224,452219
8223,7444,340982,24075,6370,244495,651960
3889,5426,160173,52907,6926,242603,516220
4945,5092,207827,39481,8741,154856,440553
3945,4944,209610,26185,7407,242406,536367
4629,5315,315856,62667,6648,260288,709310
5815,6000,156713,32907,9334,164710,395979
4426,4981,173478,38722,6130,415074,659496
4629,5500,189557,65852,6686,146940,439386
4000,5148,282582,28278,6907,261804,608459
4352,5278,148957,27500,7870,260467,518645
4370,5278,341759,23593,7648,176923,580422
8908,7444,179172,53463,4796,198270,471720
4555,5186,244566,48963,4481,260931,589867
8204,7259,1419426,35778,9667,192342,1692601
4611,5296,144706,23056,7463,211865,418738
8852,7741,169841,26538,8000,148397,388554
4519,5277,212347,64797,6148,244483,557663
4648,5185,169852,25112,7555,222590,455423
8240,7241,154154,32889,9204,161955,393016
3741,5167,171771,65648,7167,272892,543219
4592,5315,694444,34760,9574,214420,983883
8111,7222,345541,57945,6296,387121,864346
6185,6370,902308,33296,8889,186631,1164438
4241,5519,152496,44333,6575,219908,476275
8074,7074,170353,28149,8018,247311,541441
5592,6037,234341,49019,6092,164138,485052
4074,4982,407698,34778,9074,352482,865384
5889,6019,147684,25852,7889,181832,396220
8981,7037,175098,26278,7704,149511,394275
4741,5277,205326,26574,7963,160172,446812
5334,5500,357146,36981,7926,415812,846125
4112,5074,172114,26703,7334,218105,465720
8074,7166,167490,25278,8704,186211,422590
5777,5556,179643,25130,7074,172040,432367
5666,5593,276797,35926,9408,194107,545385
4463,5296,546007,25315,7722,313988,923569
8556,7574,151289,42741,6852,156875,410202
5611,5648,168961,26963,6500,222907,457515
5945,5629,243653,48500,6203,164438,510590
5056,7074,349528,28093,7740,247579,665589
4630,5407,159478,62389,6389,255371,539423
4889,5408,179242,27389,7407,146367,406553
5334,5592,210119,62000,6129,268879,575330
4612,5203,337995,36130,8944,171613,583627
4834,5426,543352,27130,7611,342809,950976
4056,5093,172819,26649,7870,164289,416628
6260,5666,177659,67611,6278,153357,436627
4000,4833,350017,43685,5945,363812,788810
4815,5555,356485,26834,6944,261067,696107
5407,5723,153786,27500,9037,276229,498497
3926,5240,178385,51833,6519,160576,425331
4760,5333,1095873,26148,6889,224749,1383159
4352,5000,172062,23500,7018,229825,460923
4371,5148,154011,65593,5871,267689,537201
5796,5648,609759,27241,7926,313624,1034419
4167,5055,205912,35685,8778,194826,491441
5278,5315,384454,50630,5982,151801,625960
9612,8314,150997,23074,6741,179316,413313
13556,4389,149539,40185,6148,144533,379757
7556,6815,168081,29648,8945,242786,481368
4797,5074,285031,26445,7630,269279,642719
8482,7389,352667,36148,8778,149867,600238
5444,5574,153006,24296,7370,228919,445257
7592,7204,171659,66204,6389,267819,545459
4556,5296,240868,27500,8130,156907,480201
5741,5685,1165616,38537,5889,311375,1551287
6666,6871,178990,34148,9426,147471,402960
6166,5926,212255,41222,6093,314779,606200
7889,7037,203131,36519,8759,143571,458979
5797,5741,303339,48464,6000,192379,582719
7944,7445,149993,39185,5945,162375,392701
4611,5481,169462,68815,6889,298165,605237
5519,5537,176856,50722,5981,225179,491793
4186,5315,295935,31871,8333,167876,534423
8630,7500,126959,26611,7426,174076,387887
5759,5611,150465,53056,5963,157607,400127
9259,7296,167119,53333,6334,159971,444349
5186,5370,246531,26501,21185,237335,562182
4149,5111,385407,28223,7111,184496,635274
9056,7889,169950,34740,9389,253029,503627
4315,5222,149937,53722,4593,172339,411590
9352,7870,199739,25704,7166,284240,591163
6000,5815,370596,35797,8518,354251,799810
3926,5389,177009,25426,6944,254118,529034
5167,5667,171532,27056,7648,152225,390424
7741,6926,457872,63778,6611,308827,871569
3945,5333,711711,25722,7408,159265,934087
8260,7907,343160,24278,7000,279873,716255
6296,6463,153813,53315,6334,182925,448127
6001,5851,173116,48796,10426,160975,425257
3908,5111,237769,63037,6519,236264,595349
8241,7630,409849,27630,6963,158925,638793
4426,5111,152539,62186,6407,240347,538145
5167,5815,205915,26148,8518,400674,669570
4796,5278,207661,63370,5963,234632,562885
4815,5352,342889,25463,7167,204774,630015
6167,6018,154339,26241,7204,175344,395609
4463,5204,170399,38408,6426,304264,545904
4315,5166,189480,35277,8611,138130,432090
5778,5704,349503,39519,5944,387381,811144
3852,5000,352027,36649,10018,144099,604274
5463,5593,145773,28704,8259,281928,496571
3703,4982,172834,33556,10167,215977,494497
5334,5314,231766,26204,7370,250843,544960
4222,5352,327068,24277,7741,278910,693736
5537,5630,161832,51333,6000,272980,522553
3852,5074,174505,33463,9129,213864,483831
4871,5092,204251,25000,7629,248858,518219
10704,7500,343942,26259,8333,149056,565793
4777,5334,156724,23870,7149,178347,397794
8111,7037,166526,41296,5186,155101,420571
5982,6203,178013,23612,7240,227855,467812
4371,5055,306556,61371,6407,160756,565238
3889,5000,355358,61037,6833,293046,776366
5537,5760,147640,26000,7185,210098,421942
5204,5593,178757,25055,6648,179204,421183
4370,5130,247355,24426,6778,195475,500034
4649,6666,417139,22871,6055,262709,753866
5667,5888,183681,40297,7685,319019,579756
4259,5111,175075,29574,6945,874270,1115975
4463,5333,436878,32944,10149,304747,813792
4240,5204,302549,24723,7555,287225,677792
4371,5111,154221,26222,7445,175888,393202
3945,4870,166394,43296,7055,430659,693811
6186,5870,183473,35389,8907,191710,449127
4556,5278,347163,23149,7555,175463,599386
5352,5555,668503,61852,6741,181899,949235
4149,4926,157081,64019,5167,210082,464979
4018,4908,170179,28112,16555,193336,436534
4204,5592,235075,35463,8407,150868,475756
6296,5685,386080,25556,7093,149157,600015
3981,5019,149844,64500,6870,235487,497867
5444,5519,179109,27629,7723,164629,409497
4463,5204,206596,63574,6296,389900,693107
4000,5037,350343,28111,7556,210098,632700
4592,5056,153755,38574,5944,163910,406979
14092,4667,150742,24333,7297,391569,611570
9685,8481,179100,22944,12871,228175,481738
4204,5314,380883,43038,6611,208965,669348
4759,5426,649981,61334,6426,186198,936439
8352,7463,150708,26111,7500,295678,529904
5926,5833,179881,34241,4333,226802,478294
8074,7389,221571,27371,7426,177870,467238
5519,4722,405707,25981,8074,177938,648330
7871,7000,158637,23667,7148,267415,525312
5871,5926,170624,24667,8018,178763,413590
5574,5630,206148,24537,7167,271237,542904
8130,7704,361376,37130,8185,333730,772773
4241,5278,152862,68427,6722,177801,436090
8371,7481,165868,27260,8277,151963,405442
5815,5703,172967,60426,6203,340068,612848
5371,5648,318583,27908,7888,183247,568238
4760,5333,354755,23130,7407,216797,629737
4296,5315,149631,22889,7444,186923,412590
5686,5814,173174,33315,11815,896023,1147809
8537,7889,233327,27297,7685,243133,548330
9519,7518,403240,51130,6241,408847,923106
5370,5519,185337,26149,7277,213327,463978
4723,5463,201528,65334,6481,392875,712626
5427,5407,201627,35685,8907,185278,463016
9463,7074,397818,41852,4426,231400,736551
4908,5148,151119,26481,7426,172472,389035
9000,7204,161217,37592,4630,174799,430960
5574,5556,171074,37149,8537,192793,438905
4908,5537,318413,64260,5907,183213,602553
8796,7463,122400,33426,9019,165746,366016
6092,5797,156868,61519,6037,218332,474386
4777,5260,170929,51500,8389,407808,701181
5834,5852,231898,46463,6037,165469,481794
4000,4833,367848,35778,8186,201851,642459
4797,5537,150723,23315,7259,196589,408331
4018,5037,169674,38426,6407,387120,627441
4296,5278,206790,23333,7297,178207,463997
5945,5759,373555,39778,6241,367181,815922
4204,5203,155079,24204,7203,174864,405905
5426,5741,165677,30296,8000,171728,406146
4592,5463,175608,23019,6852,226334,462738
9556,7796,266151,35630,9667,162401,508479
4352,5037,404379,31278,9759,413820,890699
7945,7426,149735,64241,6593,207854,497479
5666,5649,174889,54685,6482,175071,443071
3852,4963,239524,26723,7259,262713,599330
6186,5537,730864,32722,9778,151426,954069
3667,4925,154647,23685,7333,210259,425497
9371,7722,178004,65555,6389,368567,653515
4019,5129,203658,24240,7223,153229,433757
5519,5574,298848,49482,6111,219167,606163
8926,8130,151724,29074,7870,170256,411905
5445,5481,164951,25686,7000,158787,388479
8537,7074,172475,61278,5982,401483,675348
4074,5093,346499,28797,7685,168127,580534
8240,7389,447506,45463,6389,179009,713292
6370,5685,150029,61463,6185,266858,517626
8204,7333,171016,47944,9834,159870,423535
4518,5463,228966,25981,7112,178809,470923
9833,7463,395990,31593,8907,165173,638367
4815,5370,155291,25963,7426,279410,511441
6241,6092,178945,27149,7111,150645,397683
9241,7759,193006,67259,6593,171787,532960
4703,5223,361882,25889,7388,332114,755699
8148,7111,149017,41333,6259,159204,390942
4778,5426,167096,26407,7186,372196,603219
8556,7370,169102,35000,8574,186840,452905
6278,5537,355349,50648,5907,253870,698108
4074,5482,353502,34648,8982,203198,626923
5574,5723,155599,64296,6241,351286,605645
3852,4944,193180,71555,4834,189429,509812
4686,5259,231444,28648,6870,252072,546442
3815,4778,368857,26315,6277,170307,616052
5908,6037,150751,38111,9574,210117,442035
3704,5000,172886,34555,10185,192575,437423
4500,5315,197298,64852,6556,214661,527311
5241,5481,320434,24964,7722,148877,531756
4204,5037,151661,28093,8167,171984,388905
3834,5129,166871,67352,6333,414848,681700
3926,5148,573970,35389,11352,143192,824051
6223,5851,564735,25611,7537,308205,940069
3964,5055,352777,35944,8185,144406,602016
5852,5760,156559,39333,6315,167179,400517
4834,5241,177453,27723,8277,173489,417109
4277,5223,229570,61648,6260,151241,476756
5055,5315,403502,27056,7074,374271,872995
5629,5556,151081,48759,6408,233768,471219
4611,5185,172605,28037,7982,146355,384109
4648,5333,195981,68260,6796,188683,489867
4222,4871,381764,24037,7037,151010,592256
4408,5296,157473,40463,6722,159914,410146
6130,6130,170756,65056,7204,357425,630312
3723,4944,179540,63204,6722,185606,481460
5222,5407,320453,24926,7852,149359,533811
3834,4851,1073090,62482,6426,482345,1654750
4241,5167,150500,60204,6741,263552,509682
4814,5426,179488,35889,8055,388194,638088
4445,5166,231790,26000,7555,275986,568497
3704,5000,429573,23889,7129,219127,727570
6000,5945,155837,26463,7222,198013,420924
9629,7815,171547,41222,5518,340969,614644
5574,5482,1006627,24093,7482,541029,1630583
7611,7167,177131,63778,6463,626456,908624
4889,5593,970120,34611,9111,266243,1343956
5370,5482,163271,24093,7222,305059,571237
4537,5259,172425,49667,6593,154757,414349
8537,7241,301931,25926,7667,183251,554330
5148,5630,348659,28907,7797,273689,686626
4574,5334,155238,41018,6760,295036,526775
4092,5000,179411,26685,7537,148458,407701
6463,6111,227361,22481,7111,145064,436461
8518,8371,366366,41963,6537,294055,757273
4852,5592,156223,24426,7593,253645,487256
6074,5926,465322,27889,7741,333599,864847
5630,5704,199733,23297,7018,979445,1259845
5944,5611,370332,33186,8277,162609,608144
9370,8037,143356,24278,7166,178476,390275
4185,5371,164213,44685,5519,367857,611348
9167,7574,178385,63445,6926,166168,488016
6130,6000,291113,29333,7852,171995,534367
9001,7870,426045,38296,5167,277228,780848
3537,5111,144717,26907,7019,210300,418720
8907,7519,171555,26278,7407,155943,398664
6260,5722,478413,61500,6778,1424631,1997581
3908,4981,340067,48389,6314,153894,576664
4778,5315,155738,65426,4945,178463,436331
3703,4945,176873,62778,6130,173235,440830
4797,5203,201620,37778,9407,181656,462479
8889,7555,322052,58537,6370,178205,600478
4555,5223,157722,34167,9111,164516,395183
3574,4982,164784,36555,4945,336990,567960
4223,5166,174234,25519,7852,151690,405609
7297,6703,340444,38204,4555,166591,585256
3889,4871,132022,38778,5944,160939,366165
5111,5408,156139,72778,6629,246580,511979
3630,4833,171960,47370,8204,211001,489905
4815,5482,228631,62926,6352,158921,485979
4056,5426,411082,25278,7259,173544,647163
9370,7871,150957,34018,6130,182652,409571
4092,5075,171684,25537,6852,148128,382498
9093,7277,186709,24593,7148,162918,453794
6315,6555,297326,25315,6870,268023,643718
5501,5574,155071,34445,8796,164260,392869
4612,5277,162818,24926,7315,158791,418017
5574,5537,168749,24000,7519,262970,518867
4592,5315,343403,26408,7630,260444,681144
5296,5796,343668,36611,9982,199180,626570
4352,5074,904507,65019,6796,179726,1185048
4667,5463,181215,28426,8259,144931,410349
5519,5666,229073,68093,6352,145887,481034
3481,5019,424931,25870,7796,249973,731181
4760,5389,154416,50982,5130,246580,500497
5797,5814,177997,32796,10389,384981,634608
3741,5000,202298,63185,6093,151329,472071
5500,5370,196323,28518,7111,248638,535978
5149,5722,155605,34500,9148,200281,449405
5389,5629,161222,24426,8593,168183,393238
3444,4870,1025526,37870,10519,150430,1251844
4723,5389,347548,27685,7611,146430,557571
3777,4963,355702,25778,7389,196498,610996
4352,5203,149540,39260,6852,162902,389738
10371,7648,177083,24629,8019,370210,615941
4222,4944,228755,61852,6537,178113,503349
3834,4833,329668,28000,7759,253088,670922
4593,5166,157414,33019,9463,266768,495034
3796,5074,170271,24074,7611,160209,390016
4333,5056,195554,61945,6370,230387,524867
8667,7463,364838,59611,6148,297547,761848
3445,4741,156306,34500,9814,161915,391813
8482,7444,155163,25241,7241,166186,406961
6593,5907,171872,67593,6870,145459,423720
5352,5703,263008,25741,7092,281563,621329
5185,5852,128754,26852,7685,171541,367072
8889,7481,149389,69352,6537,165146,425905
4241,5167,169986,25797,6240,177974,410146
7796,7130,229826,48426,6018,234912,566849
5629,5445,405757,25834,7389,156776,628941
8630,7352,158632,49500,6537,251161,502164
4815,5222,179101,22574,7056,206859,482756
5944,5722,195385,62167,6407,381334,674607
5296,5944,368724,37945,4351,147311,609126
8667,7296,1133731,27278,7685,142521,1379307
5944,5963,159401,37759,5889,163690,398183
4741,5278,165184,26352,6981,267832,498719
8907,7445,248134,48315,6629,245159,585404
4926,5203,890567,25019,7370,204093,1158511
9981,7889,154238,46277,6038,212945,478460
8000,6704,173558,56592,6130,326069,596515
9556,7352,433415,47371,6518,316858,840421
3963,5185,324051,27426,7926,243890,657144
9223,7888,156260,53000,7370,257664,534108
5648,6056,184672,38056,8629,755952,1021365
9685,7666,187771,25444,7685,178950,455867
6537,6463,301868,49278,6741,186702,576700
4574,5278,144244,30074,7870,167810,380387
8444,7333,155028,44370,6593,146415,423608
6426,6018,172533,27056,13685,170113,414849
4778,5389,295686,37723,7555,197422,563719
8315,7296,338581,26574,7297,263433,669126
6611,6315,154697,50518,6241,164671,445608
5333,5389,168832,68000,6334,289238,560552
3907,4982,224412,26037,7018,249845,561108
4741,5185,325140,25907,7259,252616,656496
6482,6037,183256,35167,9018,199168,453776
4667,5130,176502,29370,7056,175310,434979
6092,5630,193285,67501,6277,204731,504515
8482,7148,355810,48611,5815,398204,841107
4297,4963,153685,29333,7537,167757,419998
14167,4574,149709,38278,6611,340547,570182
4611,5185,175530,26500,14889,168653,416053
7833,6686,244757,37333,8259,148296,469460
3833,4519,120373,26352,7148,174421,356275
8463,7074,157620,42648,4908,157322,396146
3204,4666,170033,28019,6629,194965,445997
5445,5518,226094,37759,10759,140737,441979
3259,4704,401896,25592,7426,857338,1320548
9241,7629,147957,37907,7760,200800,449997
4963,5426,179906,43815,7130,155999,415812
5463,5352,195708,28834,7740,199882,489849
4797,5426,347102,34482,8278,308041,723941
4000,4852,153590,26500,7351,172631,387072
4019,4777,160114,41092,5741,384309,651348
5334,5370,1596604,24740,7074,220386,1878619
3297,4685,161661,50185,6537,286836,531867
4722,5037,125389,29056,8000,168572,359331
3852,4796,151506,58759,6130,186733,466479
5203,5797,172140,26408,6092,147024,380294
3648,4648,224517,24333,7445,140888,420386
3500,4537,405578,22648,7315,179344,679885
4833,5297,166897,50241,6222,240822,543497
4445,5056,199366,33833,7963,324223,631052
5111,5223,195186,65445,6555,200811,537164
4426,5204,377544,26908,7463,160193,635256
4797,5018,151531,38944,6482,160189,385646
3463,4778,160517,28278,7648,160259,385053
9111,7093,173597,61500,6222,207326,496127
5260,5166,253510,37408,8704,217783,545182
4037,4870,341312,28408,7814,259536,699903
4852,5259,174095,52611,6667,218125,480034
3204,4574,177693,40074,9648,185509,439090
4703,5130,222754,64204,6463,231576,565478
5056,5296,396278,24426,7260,450957,905717
3093,4482,152783,32944,9260,180547,438664
43499,4315,150752,23260,8018,419522,665514
3463,4815,199591,61407,6482,150795,480053
4797,5148,349244,31315,8945,168381,586515
2964,4611,146360,45704,6315,154063,379258
4648,5130,158347,29926,7389,161021,418979
5741,5593,173575,66982,6185,188274,464812
3518,4741,254414,26593,7241,220990,534645
4111,4833,425069,40222,4722,401816,896365
3056,4722,176573,27630,8111,218147,492701
5334,5463,174060,49537,6833,176067,435813
3408,4815,235658,28315,7759,164635,461072
4296,4963,385979,42149,4833,347683,839532
5296,5482,212984,24759,7704,224180,498571
3204,4592,178397,39741,6685,1086966,1372196
4944,5426,563237,34314,11075,533460,1173141
3130,4648,316037,23426,7130,198219,615441
5074,5519,155228,22889,7333,175251,389942
5204,5222,159696,28982,9130,144060,371498
3037,4685,170443,22500,6722,236203,496516
5056,5333,327134,26777,7167,147882,537664
3148,4574,124898,40630,7055,158119,356461
4500,5129,155070,27815,7500,180984,434238
5463,5519,176353,55296,7112,183477,451738
3556,4759,223674,62778,6648,157101,476275
4370,4982,414568,24500,7056,272557,747292
3129,4537,506019,32130,9129,210681,821180
5148,5315,177894,40907,6982,408621,660515
3019,4648,196769,26685,7334,258431,539293
4574,4944,341294,36260,8333,377868,823254
5056,5259,982838,25278,6759,231414,1275122
4129,4815,159119,28463,7593,161656,384312
3463,4945,175272,24834,7000,246780,503516
4352,4889,246260,25648,6833,162571,488071
6241,5481,431099,23537,7519,331674,839050
10148,7296,177660,64963,7037,221023,519904
5223,5777,210462,27222,8352,165666,441127
4722,5111,219967,64833,6760,202122,523034
4796,5537,337269,26889,6611,211857,610978
3889,4963,144274,26648,7463,287946,494664
3389,4592,171927,23371,6963,178589,424923
8148,6815,190137,49130,6444,217731,496627
3222,4556,324716,24167,6611,159966,542571
8038,7092,331444,40167,6111,158645,570960
5222,5056,157949,29796,7760,165011,389627
3463,4592,170066,63278,6056,215598,534108
4574,5000,249368,27796,7518,193389,503978
3037,4556,338984,35760,8315,176827,587219
8241,7334,169563,40130,4741,218193,465664
3500,4741,169532,26056,7944,147688,379461
7889,6759,218242,62148,6796,149293,469183
3204,4333,451618,52074,6574,249675,811736
4297,5055,150030,33741,9055,285283,507331
9111,7315,175331,23686,7685,400961,639552
3500,4778,195097,61870,6093,149456,439146
4315,5296,316584,55926,5963,316097,719792
3092,4408,153885,25722,7648,170983,383220
4148,4889,157261,28296,9630,161052,386220
8778,7555,172933,24167,6926,256786,493367
3129,4630,249420,25093,6778,170614,479238
8445,6907,365445,23463,6074,220478,650256
2964,4407,149708,33130,9148,172901,389850
4482,5074,171751,50408,6537,186672,445016
7963,7111,226330,24834,7129,245426,572978
7408,5907,427189,61500,6222,219529,751551
8852,7000,151841,46648,7519,194471,435164
4945,5092,178014,23352,7111,374853,643719
5630,5444,185575,49296,14000,165275,444405
3630,4815,380562,36092,9315,159601,620848
3093,4462,1188718,27389,8000,148367,1398158
4797,5148,158017,40185,6537,168166,400554
3241,4797,173540,26463,13130,234197,485516
5686,5611,250120,63111,5982,419505,766885
3333,4630,460700,48297,7259,168906,748440
4740,5241,155743,42777,6037,163830,397349
3000,4778,170952,37315,6388,146269,386646
4870,5185,218476,63371,6351,149578,466293
3167,4426,424907,47278,5852,358643,862662
3000,4648,149912,28112,7296,198085,409923
4518,5167,170622,37703,5982,416763,691181
5722,5649,187867,27019,6759,234815,510905
4278,4907,341096,34871,8037,139197,586200
5037,5537,408879,57685,6112,469152,971698
3685,4741,237644,33370,9093,205964,548330
4889,5296,175223,61963,6204,434532,704255
4352,5222,255581,28592,7926,264935,596089
5444,5500,369938,49926,8000,170262,627885
3186,4629,155221,22815,6852,261980,523868
4389,5203,173930,62537,6667,308956,616459
5352,5444,219195,29203,7815,210543,493997
4112,4648,386237,31982,10963,338017,791570
4037,4944,149428,62426,6278,231384,477941
3148,4926,175822,28278,7426,199471,439423
8888,7426,183643,23981,6871,238188,495997
7185,6093,283296,35019,8759,203367,560460
3389,4648,139153,37741,6074,162864,373331
8407,7260,150936,30074,7741,167247,407109
5667,6019,166719,48704,5945,229277,502831
5075,5222,340892,25037,7445,165771,585145
5056,5630,1121566,49574,6037,211018,1441177
4092,4852,152310,51352,6352,249780,488589
7667,6926,211704,33241,9500,148367,435016
3834,4981,217303,61315,6222,151195,480998
5000,5241,351290,25296,7315,191447,606256
7759,6556,149498,61982,5833,183018,461608
5518,5297,177096,28149,8074,145567,388720
4092,4889,195213,23760,6852,181062,435275
7685,6611,363645,26649,8148,170888,601830
4944,5148,141613,26908,6907,173552,378516
6870,6982,151729,40519,6574,153917,384146
3926,4574,928107,24685,7556,291274,1286974
7778,6833,706983,62593,6037,314733,1144957
7204,6870,418617,25593,7241,186120,671719
3407,4741,174066,38685,6204,237728,517886
5648,5685,179220,25389,7371,225074,462183
3000,4574,226262,62537,6148,217068,561644
4037,4908,367620,25241,7352,148895,577645
8130,7037,149088,50908,6352,204298,443331
3778,5074,170834,28481,8000,189793,425238
7481,6408,187543,36945,8425,146121,442793
6482,5833,239882,24815,7630,334632,636793
7629,6722,960705,26500,7574,184696,1211363
4259,5037,154745,32167,7926,162642,386312
8445,7130,168028,65667,6425,306006,577293
4760,5315,245737,26056,7240,177390,482701
3704,4667,2035598,23315,7908,272980,2407820
8982,6907,177675,64018,5185,222435,514238
4407,5222,171365,28889,7908,193651,459849
8185,7222,216611,22871,7278,167405,451701
5871,5648,374487,25167,7148,149621,590164
7574,7204,148048,63185,6833,190117,441609
4241,4740,178628,35333,9889,413258,701107
6815,6574,181892,48241,6777,208494,478423
3685,5055,363880,31722,9519,350283,785977
6945,6852,428403,33297,8777,361703,917939
8370,7222,149668,28778,7481,171664,399201
4000,4871,169432,61259,7000,178288,445368
7315,7444,334123,25778,7648,156504,557348
3704,4722,340259,61870,6741,317589,789940
6741,6852,152559,25815,6315,170586,388386
4297,5111,169676,47963,6834,189376,443220
8074,7148,216127,28981,7408,236222,520497
4574,5074,341465,62056,6667,349585,807754
8112,7555,177823,26463,7111,238619,490683
4167,5129,396014,33130,10648,514295,1035550
8500,7648,178555,26612,6777,268979,572052
7278,6518,349506,34722,8352,416471,839976
3833,4760,460067,25592,7982,410946,936735
4592,4908,152923,27204,8463,175019,401442
4259,4741,174725,63871,7000,315660,587033
3778,4685,343528,39426,5555,157506,576774
4148,5074,144292,26741,7481,205762,415220
3648,4759,151242,61593,6277,184349,433905
4166,4556,175210,27259,5982,235231,511774
8463,7371,217104,43963,7297,271632,620441
4908,5111,350759,25407,8074,327089,780163
8019,7537,155782,27500,7889,175789,409294
3982,4685,170343,61537,7371,157913,452275
8204,6852,195515,24352,7797,149019,410109
4278,5074,281095,25518,6908,198513,562256
8092,7315,144841,25537,7445,174434,391368
3834,4815,156142,40834,7444,154207,437757
8370,7333,175371,24815,7629,231868,479719
3629,4630,253450,27722,7593,257343,571607
3982,5926,123826,39629,7185,163469,413924
8722,7685,156035,25259,7648,226426,458071
4000,4760,173207,30278,7407,144495,384387
6926,6833,212972,62519,6704,225673,577793
6908,6722,299644,25019,7500,195778,559664
6445,5629,160594,32834,9389,282662,516646
4334,5148,177803,30352,8296,345231,589960
7408,7018,186068,63259,6630,148930,437979
4686,5037,337388,24611,10722,142146,543756
4130,4852,590098,26759,7370,219749,872717
7612,6925,154399,23908,7685,275450,516664
4555,5000,171849,35537,10556,172352,415942
4186,4981,244095,34482,8611,215069,531516
8611,6945,326600,50112,7703,194952,630219
5556,5592,717181,26556,7055,320109,1103512
7741,6907,208389,34315,8370,288127,604533
5352,5408,222061,49445,6648,187306,495572
4018,4982,356252,35482,8018,146115,573830
7037,7018,173258,25370,7537,226407,464793
3870,4889,172800,36722,8370,422586,668162
7371,6370,295083,65334,6741,186246,585404
5297,5185,370256,34129,9167,216185,659256
4371,4925,213094,24056,7130,229810,503201
7518,6759,150507,58352,6759,253694,523737
4593,5352,1263774,33055,9334,276957,1612528
7093,6093,245221,28278,7926,243294,569738
5815,5852,424135,31796,9278,162509,658181
4482,5129,170695,38963,6667,297135,561108
4889,5074,170386,27834,7574,177463,415794
7370,6611,214188,26704,7814,243458,546700
4926,5000,388434,24148,6389,173229,620348
5148,5445,149198,40574,6704,178781,403886
4129,4649,176926,63407,7204,258237,537423
8130,7185,176173,49000,14537,163695,436646
3852,4722,386548,33519,9611,169152,626477
4574,5111,137924,25445,7555,173649,372220
4167,4778,152374,39352,6574,359382,584127
8204,7148,174231,49871,6685,178470,443460
4130,4778,251514,24426,7297,243760,556108
7592,6797,342575,28001,8074,257883,692662
4908,5129,172452,23703,8037,222343,455127
9500,7074,200327,42815,5296,391428,672292
4500,5000,216796,24222,6574,214905,488608
4611,5093,387375,38001,5129,443305,901699
8463,7351,150325,23871,7333,190580,406349
3741,4611,178423,29500,8037,145556,388535
4482,5055,185688,24778,7222,169662,417350
7333,6537,353305,63611,5852,378024,831680
3889,4704,649866,43667,5148,161166,887773
7370,6926,156482,24093,6481,180461,417516
5982,6074,178506,65944,6648,323769,603348
4093,4852,245622,25371,7685,232282,571867
4630,5167,745147,42037,5056,277216,1144327
5093,5463,150540,27685,7686,232419,447553
3556,4630,173935,58778,7574,410931,677348
7741,7037,789460,32426,9148,201145,1064827
4149,4999,389873,26500,7407,248494,701867
7667,7019,183636,25945,6963,243823,515590
4371,4981,171661,34426,10018,175115,437072
5648,5389,184055,23833,7649,206887,454516
6926,6519,341857,26463,7389,187213,641996
6074,5537,359177,23278,7129,155320,576478
8037,6889,152127,65426,6093,154741,411183
5074,5092,171484,23778,7574,246514,476182
5500,5759,238582,26537,7241,179063,482664
7666,7074,322440,32352,10815,243742,643940
7944,6630,153259,25482,7167,278459,518756
4537,4852,174562,66352,6907,333083,609737
7537,7130,206733,26889,6982,243467,541164
4296,4797,387332,36352,8629,169665,628978
4482,5074,154059,24889,7593,199938,416887
21056,5444,163213,45167,7074,169933,430479
4260,5074,192922,25426,6963,265242,516349
4204,4741,305057,27296,12852,181699,555627
7445,6759,127618,39981,6741,160084,384461
6204,5982,147216,40130,5851,160245,385943
7649,7222,177610,27334,8074,389163,632904
4352,5092,244024,26037,7463,231270,551960
6148,5204,442362,40686,6185,183800,705699
7371,6685,149090,22685,5945,176963,386554
4074,4797,168021,59241,6592,330642,591312
8260,6889,208897,24333,7500,177712,471331
5407,5334,344588,30092,6408,211353,621885
4482,5037,150945,23000,7574,228979,457090
4759,5223,170950,25833,7093,150381,382239
3982,4852,189122,65722,6815,155357,445553
8167,7092,351870,30740,6630,194183,617441
5093,5240,1179377,48889,5981,423336,1720453
5056,5444,147787,23908,7315,169525,377424
4648,5093,176737,24500,6314,868498,1122253
5667,5500,466854,33018,9445,298067,837606
3926,4759,338693,27166,7556,238044,636051
4093,5074,146642,39371,6259,170207,389331
3723,5055,201963,28611,9056,371385,635293
4260,4611,213246,62204,6000,250177,560516
4444,4889,388141,66796,5871,402113,888809
3630,4815,156052,30389,9982,216333,459701
5648,5797,172502,39204,5852,316364,561256
3777,4963,192916,24185,7371,197174,446293
4074,4852,281181,63148,6222,176298,554830
3537,5000,423409,28111,7704,313383,834884
5240,5537,153840,22963,7241,190528,404553
3334,4518,175845,61519,6629,382096,649645
3871,4722,248054,36407,8297,148128,486775
5111,5241,540412,38371,6500,292341,906791
3870,4741,156676,58463,4574,203044,449794
3592,4926,210441,35093,8537,318759,597255
3815,4778,212113,62111,6074,150421,477608
5000,5259,327712,64185,5870,388247,812384
3592,4852,166735,28981,7408,265022,495478
3481,4871,176777,62611,6056,157831,447627
4870,5315,192505,25167,7352,257529,509719
3426,4759,359048,38556,6241,426465,854828
3815,4889,474035,26797,7796,283497,832236
5148,5426,154836,36796,6130,162847,389868
3852,5037,171545,26778,6796,212823,446497
7037,6686,240069,24408,7055,247187,564219
5223,5166,404631,24982,7463,149902,615700
4111,4815,222228,55833,7963,222269,549348
4833,5037,209660,28723,7296,184504,511812
4000,4797,218276,66278,6556,145535,483683
4760,5074,307041,28741,8129,253215,647571
4686,5000,181176,64833,6111,247395,540053
4741,5074,176459,26426,8889,146205,386757
3926,4814,192502,24167,7722,806937,1056364
4389,5204,290748,25371,7074,219545,592404
4426,4963,133439,24388,6926,175393,384572
5000,6186,141907,25426,6981,187091,393202
3704,4889,169949,23871,7185,260011,500553
4796,5204,243584,24889,6908,162931,464460
4167,4926,335368,23852,6685,254832,646867
3796,5019,175280,50149,6000,222920,504034
4130,4870,176453,20870,5889,171323,419238
5389,5092,209959,36000,8259,149391,431442
4056,4852,387408,40389,5075,159198,618775
4222,5111,160377,24463,7574,174621,411942
4723,5074,174660,37463,5833,397318,641237
3704,4611,186554,35111,8538,143832,398516
4000,4963,327801,28130,9500,162270,554590
4241,5092,140621,41537,6222,158785,410016
5000,5611,150626,40352,4648,158057,382979
3722,4871,173816,29223,6500,175273,428757
4760,5055,249304,36630,9129,190601,512590
4778,4500,406272,24408,6111,173001,636811
4037,5056,154722,61166,6352,227535,491553
4778,5241,205542,34611,9463,374121,649848
3667,4722,211955,60760,6129,151209,456942
3778,4722,336276,56315,5722,369535,791699
3667,4666,176762,28426,7223,207902,466553
13352,4314,148250,64944,6352,173137,429553
3612,4666,184662,29075,8037,255909,539238
4723,5018,247353,34408,9500,147125,464201
4407,5186,324136,44019,6851,173342,576422
3945,4870,152401,29981,8352,166394,401480
5186,5537,171054,27963,6704,184943,419739
4667,5204,239930,35371,8222,213807,540497
4778,5148,327455,25185,7037,289764,704829
4167,4926,149663,29222,6685,241483,473608
4630,4981,205965,45223,6981,1059250,1344289
4093,4833,213230,25315,7185,233712,505108
4482,5185,383773,41981,6519,149464,615163
4130,4759,154482,27907,7130,194220,430887
13371,4314,156876,26019,7981,165085,392591
4056,5000,180696,25407,6778,172005,429275
4833,5037,296221,48926,9296,143795,524627
4778,5185,129040,24667,7037,173662,380961
4963,4981,154750,52370,7074,182415,425923
3944,5037,172459,35667,9777,143225,387831
3945,4814,240890,61871,6370,215848,551738
3852,4852,339433,27426,15444,183879,612589
4870,5241,151826,33667,9278,216356,439367
4111,4834,205369,36778,6963,276498,550349
4037,4926,210412,34982,8740,157123,457127
4944,5223,323158,61833,6852,167524,591163
10296,8648,154886,39185,6334,159464,397349
3963,4963,178224,62112,7222,307643,615182
4722,5241,183267,36222,8500,193842,451238
8056,7148,347939,40223,6389,358204,818958
4926,5148,432334,28944,8019,332402,829902
3963,4815,150857,55167,6537,146048,402572
4315,5167,172103,65945,6481,211579,484868
3741,4759,244702,26000,7407,150666,456905
8296,7111,326374,62612,6222,203289,667051
4778,5314,182620,36889,6037,151063,406886
7148,6778,205459,27537,9407,369779,642922
3315,4852,211335,25037,6926,122515,423887
4611,5185,876397,24463,7204,271837,1208678
3222,4611,169142,24870,6759,242949,494441
8018,7259,170833,43278,4740,167832,420034
5556,5611,189393,25148,15352,261493,522442
7685,7093,272529,27518,7963,259413,599978
4630,5037,141441,33296,9093,163316,374775
4592,5260,149983,37352,6130,216995,457886
5796,5463,170693,27093,6204,176841,411886
4130,4833,246069,26203,7723,222224,527700
4537,4592,145130,24000,7130,202979,406682
4223,4999,156784,66500,6148,175288,452275
5186,5388,177493,24944,7519,145246,385424
4000,4926,210072,49167,6241,229425,534404
4759,5445,313559,25018,6223,261696,683737
4370,5056,159231,22926,7148,272451,501515
4574,5037,172996,59481,6185,161447,428256
4056,4926,189668,24889,7352,156940,403702
3815,4834,351618,38463,6370,316767,737292
3982,4944,1322607,24926,7556,261531,1656898
4778,5334,142795,29056,7981,168999,378109
3778,4778,177912,63204,7129,395955,702996
4722,5296,237010,23797,7407,244431,540034
3648,4908,326293,35686,8648,147499,541627
4408,5018,152836,39630,6222,158588,402128
4834,5259,207508,41518,5982,304544,585478
3870,4741,209717,35759,8556,184613,463867
4296,4797,436223,42777,4815,243440,772421
4166,5056,156487,24537,7556,174381,390812
3797,4944,173474,27648,9223,170653,410072
8593,7907,179147,48815,4463,175647,460831
5537,5500,356115,23926,7426,172826,592330
8629,7130,124639,38185,6166,162934,366312
4593,5037,156644,23722,7167,184853,435053
5519,5500,386650,41630,5963,167272,630867
3982,4778,240136,36963,8556,761135,1071087
4815,5185,440105,40741,7778,226650,742940
3796,4723,151999,38685,6593,203202,446386
45500,4296,162264,24963,7778,341344,601719
3463,4815,209492,34963,8296,149136,426590
4277,4889,369738,55945,6315,405331,861828
4167,4870,176632,25130,7463,221828,477478
4889,5296,170804,63056,6648,349359,616070
3759,4723,177457,64260,6815,212928,488275
3870,4704,846724,26185,7389,201881,1126438
4852,5426,644933,40222,6667,178340,899162
3963,5056,155418,23926,6278,173764,403627
4667,5056,173590,32556,9796,205722,447442
3907,4723,236800,62037,6852,223900,555923
4112,5000,405583,28500,7426,361782,827940
3685,4797,178162,67741,6723,188593,480386
4703,5223,176001,27333,7186,153237,393053
3686,4796,206507,27796,8278,239768,522664
5167,5167,396439,32222,9333,255502,745274
4204,5037,152833,61593,6722,192980,441998
3778,4704,175004,33074,7778,432251,672866
3556,4592,177529,62741,6537,192469,475775
5333,5278,327275,39556,6703,429498,829661
3945,4685,356244,24667,7333,213956,626589
3797,4926,150230,61315,6777,239286,519460
4592,5037,172736,33796,9741,173669,416627
3741,4926,242019,24759,8278,268644,593237
4481,5056,325932,36852,8778,174046,592607
5259,5315,155049,20944,6648,278560,511664
4277,4889,174369,26796,7593,145907,399627
4611,5111,206263,66371,7092,154124,461608
4037,4797,306176,25648,16889,234543,633700
3593,4722,152256,27000,7537,190242,421313
4685,5371,362742,24278,7426,272679,697588
4500,5148,176192,50482,19889,167138,453868
4834,5148,361124,26889,7296,197669,621219
4352,4982,919908,65426,6630,175844,1195308
3649,4722,151060,25148,7297,167511,376998
3982,4907,178529,28111,6482,155858,414683
4926,5019,241071,22834,7648,163463,462053
3649,4666,301855,25259,7056,301160,701015
4555,5111,153379,23019,7185,204397,416516
3723,4907,202514,26740,7278,392205,654867
9500,8204,452871,35111,9371,271475,805199
3259,4778,327025,68130,6592,171898,625015
5426,5296,157919,27074,7278,171727,394146
4018,5093,171369,26148,8444,150278,400312
4611,5260,180078,23537,6852,236474,475794
3556,4518,288325,25611,6963,239450,588608
8056,7630,126348,33000,9037,165798,368702
5130,5555,149224,53371,6833,191496,430442
3612,4685,175174,26444,6519,177342,411628
3907,4778,242994,62908,5944,147744,488219
7981,9000,348315,25426,6574,244867,661959
3315,4833,157561,23407,5963,200641,415757
7130,6685,172992,23445,6685,186524,422072
5111,5111,211312,63482,6315,165185,474923
3778,4815,300744,22852,6500,252400,608608
8389,7241,153100,28797,7833,170101,394275
3649,4889,176013,34963,5945,326594,604960
5574,5556,181389,47019,5796,221108,506941
4630,5166,289544,24092,6149,189731,538886
7167,6444,131567,38500,6371,161671,387257
4852,5297,151331,51926,6297,223091,482664
4593,5092,176282,52852,8352,256345,519793
4092,4926,238899,23314,7315,162877,457164
4278,4981,328978,65093,6463,155148,602607
4815,5093,1005633,25148,7333,208304,1275919
4000,4648,184951,23908,6926,205472,448441
4166,4704,208254,28518,7815,259614,554589
4314,4982,381481,37630,6148,157978,628200
5092,5093,152079,26389,7667,171493,386368
3908,4666,172529,22852,7000,387820,621515
3834,4907,177405,63204,6037,174815,447720
4074,4741,460873,24075,7759,353139,890217
5296,5463,178397,27426,8037,242267,487274
4000,4871,148754,37223,4611,190687,426128
5149,5074,169297,23815,7500,758327,986476
3889,4574,238284,23519,7296,131788,424516
4185,4870,328883,61426,6166,372261,828198
4908,5166,157092,23963,6981,241536,458516
3667,4777,177375,47592,6204,340511,595570
4259,4815,211639,28482,7426,153414,425738
3945,4481,291386,35852,8296,151149,530849
5315,5482,157779,38278,6223,161718,392683
3759,4815,170748,24667,7352,308230,569497
4537,5185,172532,35574,8500,185818,428775
4018,4760,289407,27667,6592,222145,573459
3944,5223,125838,33037,9204,165456,359961
3629,4723,143806,43149,6592,156488,411534
5741,5296,176738,36167,7982,376128,624015
3704,4926,238818,23574,7796,153643,448701
4129,4871,328305,62204,6444,363302,818624
4704,5315,160847,52907,6778,250613,523034
4093,4722,177594,37037,8500,170793,440257
4945,4778,208284,25000,7000,253305,537905
3759,4759,381938,31741,9000,163929,621033
4370,5371,155535,40408,6148,157333,387757
4426,4740,168764,25000,7704,166512,395942
4241,4907,175806,26907,7204,246858,518793
5444,5352,269126,35778,8334,222407,563422
3629,4741,135595,25740,7315,173774,369738
4519,5167,150100,31426,9389,282582,511220
5389,5389,172106,63222,7722,300039,570701
3630,4834,238222,36685,8982,156108,464331
4500,4944,371488,48277,6037,181528,654737
4982,5389,169788,34185,8130,224950,466423
4148,4815,172183,45092,6056,407387,690070
4630,5000,747097,26537,8055,316693,1127975
3463,4963,286398,27259,7463,287839,670940
4907,5222,150588,65241,6260,180261,434108
9463,8130,167946,25351,7389,155923,410739
4667,5204,170784,48759,6648,172103,428590
7278,6593,273734,28722,7741,253485,593590
4167,5000,920056,23370,6908,223622,1202475
8796,7223,145930,57222,7037,239308,505812
5444,5352,172658,65889,6389,296487,590719
5112,5166,235645,27649,7500,166130,468016
7204,6722,401373,34667,8777,155976,632459
4408,4907,150804,26018,7630,177435,390998
7982,7074,174457,64612,6444,153262,451405
4963,5093,203963,27981,6797,202571,470757
8259,7000,315247,49259,6204,159991,564608
5500,5241,158252,27370,8167,170709,394072
4278,5111,172313,27833,7630,146907,400090
5407,5408,179077,24778,7259,204235,442516
3981,4759,354769,23222,6982,163080,575163
4167,4741,357144,27519,8500,116390,533720
3815,4797,149760,38685,6223,164052,403239
4815,5463,173599,24537,7593,240583,475608
3722,4537,236772,22611,7129,227430,555478
4500,5037,323184,27686,7259,260682,669051
4518,5000,157097,23297,6055,231401,445479
4278,5037,173287,23167,7241,159581,408331
5092,5112,205348,67630,6407,152279,460275
4537,5129,332929,24667,7722,145939,556589
4703,4963,151675,28259,7463,170453,386238
4000,4852,172309,62149,5963,176225,463405
4722,5000,181334,27833,16241,171090,424849
4186,5111,353839,25167,7537,263620,677589
3944,5056,351493,23074,7129,202782,615848
3834,4907,154331,38612,6166,179482,423387
5037,5222,175948,35537,8204,163587,412664
3611,5148,680195,22611,7389,296873,1037086
9204,7796,1100961,28037,7963,288364,1462417
3630,4870,162242,23908,7352,259181,514683
5315,5463,196896,35537,9185,269990,541905
8222,6945,195957,65166,6667,154059,475331
4722,5241,382573,27574,9500,167108,629255
7260,6815,152078,22796,6630,212234,426628
3963,4852,169602,62760,4703,149840,415516
7333,6667,171534,25389,6944,248963,521108
5333,5556,362632,37223,6129,161753,601385
8556,7092,898843,24204,7259,193058,1158975
5445,5555,148810,50407,5889,242521,478090
8482,6963,177056,34944,10667,303089,557812
4611,5352,233765,24130,7240,264399,592515
6741,5481,343530,28945,7037,184800,595663
4074,5019,181794,34797,9351,147056,438164
49703,4482,152189,41240,5093,155179,427108
3740,4815,206805,24686,7315,197543,461145
4834,5296,378311,39852,4519,161833,630367
4963,5222,151983,24222,7963,175311,388960
3759,4982,165562,27741,7870,158288,386201
4111,4778,175290,23537,7167,162763,393868
3555,4667,345111,34592,9186,159571,591385
5426,5204,1181859,64370,6463,158911,1440899
3834,4925,149529,23907,7593,173321,399127
4537,5056,170200,49630,6185,321981,573497
3574,4833,235429,27204,7722,239754,551423
4723,5055,147415,33797,9166,181601,400813
4149,5277,173143,24593,7093,369094,620182
4760,5092,168723,24185,6907,215035,443572
3500,4537,206709,35315,8630,203676,478423
4593,5093,396345,65407,6445,178540,711218
4741,5185,152220,26871,7888,172056,388090
3834,4981,166911,24315,6963,188142,413239
3759,4982,169842,34704,8537,971651,1243548
4797,5129,391904,52296,6500,222481,703070
3648,4723,355909,23796,7704,251772,691589
4611,5037,144822,25037,7741,269972,488867
5167,5130,179697,28982,6666,198819,442572
4019,4722,232536,22982,7574,122739,409887
4945,6203,319116,66723,6518,378417,832958
5186,5388,158640,31537,7408,171969,400220
4148,4963,175978,40371,6111,153334,402757
4055,4945,202410,46593,5889,252494,546571
5148,5167,420157,27167,8203,485134,967495
3778,5018,151162,33278,9278,163243,401146
12889,4129,156038,24759,6908,150867,373849
4315,4907,174302,64630,6278,205732,479460
4037,4889,262178,26000,7833,221800,579867
4204,4815,130850,33685,8871,163703,382387
4852,5296,155523,49129,6130,446511,684237
3722,4815,177490,37130,8074,183155,432256
3926,4815,231515,22500,7315,188094,475164
3889,4686,357742,56778,6204,215957,672737
5149,5481,153063,37852,9925,208547,439276
3555,4778,176994,35315,8185,413317,657977
4204,5129,201648,63000,6648,415330,745551
5019,5296,326617,31518,8704,185399,580312
3741,5222,159214,40334,6203,159895,392424
4130,4815,166294,26685,7092,341907,566682
3537,4519,172651,35518,8408,150717,413331
5056,5500,324990,41130,6426,145988,549294
3667,4703,882886,30370,7704,251496,1222178
4352,4963,154407,33815,10426,227960,468386
4851,5149,178228,31055,6075,189954,434571
3981,4852,227253,36815,9888,191856,524201
4445,4907,333295,26259,6389,187295,617237
5519,5574,147708,33203,9019,193864,413109
3963,4889,176528,41296,6741,411820,695551
4778,5444,202663,29667,7666,258853,550348
4611,4944,388169,38167,5981,234661,706273
4908,5555,160396,35130,9481,197232,432183
4148,5074,164309,26278,7167,159967,384961
4315,4889,173444,26241,7870,259924,492942
3519,4629,323931,40037,6278,144973,558534
5334,5407,348881,28500,7593,115412,526553
4056,4778,181942,49889,5888,186426,463387
4555,5074,178522,31722,7944,149699,395960
3907,4815,230471,61908,6611,381673,705088
3944,4797,376421,28908,7537,153019,592422
3722,4870,151297,22630,6759,279571,501886
4741,5148,176025,39500,7093,394268,643441
3667,4648,205271,49148,6056,154171,459775
4518,5185,364944,28685,9222,156535,590515
7667,6685,170023,48870,6130,209975,492960
10426,8445,161435,24778,7370,161619,391869
4630,5092,173997,61648,6370,222557,507256
5223,5351,386373,23426,7222,194161,643256
7778,7537,401656,34463,7426,385524,893513
4537,5000,153920,57648,5889,197077,443516
5167,5463,170222,52926,7352,341775,632849
4518,5370,231450,27648,7649,248084,541330
4167,4852,316344,36056,8648,157189,564830
4760,5074,153812,45482,5537,184944,418461
3833,4852,172966,25630,7092,353438,586441
8166,7019,234212,60445,6314,192674,527645
5204,5537,842590,25314,7352,290923,1208456
5296,5408,144334,23981,7112,175386,379720
3759,4593,165876,39704,4630,160084,397516
4241,4944,178401,29314,21371,208615,513830
4482,4999,299296,68407,6500,338145,772477
5111,5315,387801,27166,6297,148658,598496
4352,4814,151954,41389,6408,182377,410034
4555,4556,144126,66148,6649,144908,388590
3666,4871,232779,26926,6797,168865,481126
5019,5092,247434,46592,6204,373137,703644
3741,4722,157532,30129,7222,175782,414961
44777,4167,153000,27278,7833,167202,422349
4093,4852,192912,25334,6870,215881,466664
4537,5130,299733,26278,8518,270060,654644
4908,5333,153998,33333,9500,163908,389665
3574,4815,166411,68037,6389,308215,610182
4871,5278,177656,64667,6704,156359,435498
4407,5185,353607,26556,7370,188390,604385
4278,5037,904299,40648,6148,160158,1138827
3889,4944,215933,25592,7760,241916,518367
3538,4777,173160,27278,6667,204541,458702
5445,5611,227943,22278,7315,135851,421961
8593,8870,314412,49945,5667,208362,616886
7963,7037,156714,25166,6760,223488,445979
3945,4740,174645,41445,6000,392074,673052
5408,5500,198057,25315,7074,151774,412627
7667,6519,301267,60889,6259,206248,607423
3481,4797,150605,34074,9426,159763,381868
7000,6574,159296,34723,5963,328256,593626
5297,5352,178116,36593,8926,210362,488072
7130,6667,335678,30055,8037,156653,580090
4703,5093,926110,62519,6482,183104,1208437
7204,6834,150836,25037,7722,189402,405461
3667,5222,610973,34203,8649,479724,1162845
8278,7555,220552,49129,6074,226224,572200
5167,5518,403372,34944,8852,156625,635941
7148,6797,151617,24593,7648,193343,410016
5574,5518,179494,69537,6685,373114,655959
4185,4945,353962,33944,9926,158350,583645
4574,4908,390486,23593,6537,206973,656719
4000,4834,152769,41074,6481,330321,557442
7519,7055,159960,24500,7574,160297,384498
3889,4667,175983,31741,8704,261347,508034
7500,6685,1109250,25278,7463,170261,1363603
5593,5556,416754,62945,6703,155057,670756
3889,4908,150574,27296,8408,223905,457220
4722,5074,172135,36519,8537,200825,468830
4222,4685,225604,23871,8074,121986,439183
4982,5037,313739,22555,7426,244295,639367
3908,4907,157892,38722,4945,262660,505090
12315,4055,187861,24018,7371,347839,634681
4704,5185,195977,28296,7667,252131,511552
4556,5203,288576,23278,7166,255107,625404
4445,5148,155488,33796,8667,163714,407350
5352,5278,159586,40500,5018,434299,666885
3870,4908,178480,36278,8648,172962,421812
3963,4741,273023,26056,6203,253937,608923
4018,5074,128270,27259,8018,170970,379775
5130,5444,156701,40333,6593,154816,388201
4055,4611,177540,30055,6945,218254,460719
3630,4592,225768,37074,9092,142860,472016
5000,5592,309773,25704,7222,122391,490978
4463,4945,152907,39074,6111,179109,421998
44611,4204,152561,26130,6963,371861,622496
3833,4797,193029,63852,6426,203690,494571
3889,4889,369591,30074,7963,154128,587960
3778,4814,156800,37834,6055,161976,406646
5185,5389,737214,26648,7704,179280,979513
3759,4852,176310,35593,9130,149483,394997
3982,4907,251909,25945,7518,196588,507108
3371,4740,520582,37185,6148,278210,907995
5204,5482,158734,51519,6629,198134,445368
3222,4686,172277,34389,8240,183332,424164
4926,5241,229727,49018,6315,215196,529386
3797,4463,466103,24537,7185,268356,816736
4278,4963,147645,28315,8019,187815,400146
3445,4685,171521,23296,7297,187106,416720
8963,7815,909139,25463,6778,369075,1346252
4074,4944,357792,35704,8666,143391,573737
8537,7055,158686,64056,6703,203553,478867
13629,4445,152135,27019,7278,150584,390275
4278,5019,171529,24815,7463,265894,496090
4408,5000,335276,26963,7500,166610,565553
8038,7481,408912,26055,6833,177011,653145
5075,5240,180491,42296,7037,216063,475794
8222,6722,176070,44649,6277,396427,655644
4778,5129,223576,64481,6482,146607,469238
4482,4944,420248,67890,4740,173563,715200
5537,5574,153105,33352,9018,207634,432923
3907,5000,178907,23389,7518,289609,523608
4260,5037,194819,61371,6648,150622,441387
4000,4889,340844,29463,8500,151375,556775
3852,4777,153349,24111,7389,174964,404127
13500,4556,148447,59037,5926,295346,542312
3778,4815,177064,67055,6334,163119,440387
3778,4704,357736,23796,7370,257835,683829
4815,5408,121148,25222,6778,175628,357498
4000,4889,148432,66129,5704,145085,409812
4592,4945,174418,65130,6148,340782,611903
3778,4833,227924,47722,5889,163814,489441
4555,4963,352319,28741,7592,189789,606107
3574,4685,158935,43575,4648,949613,1185567
4111,4945,176496,26426,7667,183335,420794
4075,4814,195539,23796,7186,246051,512942
5148,5093,356451,35093,8685,341896,768884
3592,4723,154327,40241,6351,159393,421534
4889,5314,159741,28240,7908,188868,413497
4074,5204,176931,29963,7611,240085,479757
4148,5241,514159,34574,8611,293151,922957
4297,4796,147090,33815,9148,282500,500849
3778,5037,153410,70871,5018,181217,449535
5056,5259,173953,27296,5760,209859,446424
3796,4889,224680,26889,6741,237391,546219
4166,5389,342816,25167,6148,188681,612589
5130,5296,183247,25148,6723,250861,496386
3723,5055,173900,23223,7166,152487,383943
4278,4944,189462,25315,7259,240332,505238
5167,5167,300300,24074,7704,274437,682922
4075,4944,140472,25297,7000,227210,446498
4945,5074,157978,23777,8074,163187,381091
3908,4870,171335,51000,6241,226477,483183
4352,5148,251711,48129,5908,164249,516756
5111,5426,338495,25870,7556,165039,565108
4204,5074,151444,52130,6630,247275,498812
4648,5111,173728,33389,12185,191418,440572
3927,4981,228696,65370,6463,212153,583905
4556,5148,361109,28093,7963,219721,658645
4777,5000,153466,68537,6278,249272,508182
9260,7722,172304,36334,8111,378562,627997
4093,4815,198365,61093,5908,208279,502997
8519,6815,309575,35222,8037,414495,834903
5519,5704,1999362,60815,6685,274976,2369561
4741,5445,160789,39278,6389,150245,385924
4426,5129,173776,28964,21148,178702,430016
3926,5019,338356,26185,7482,168474,579256
5445,5481,428732,41352,5945,160671,670496
8501,7148,173681,26334,7648,247260,523831
4667,5241,209872,35296,10167,380087,662237
4130,4981,254378,61093,6407,144527,495738
7500,6518,387717,27408,7148,190502,683625
4926,5260,155981,25074,6630,204627,421016
5370,5278,172431,25426,7296,194826,430275
4241,4815,191881,25759,7092,822761,1074679
7796,6963,748351,24185,7722,256495,1104994
5204,5167,149558,24649,7111,175180,385998
3704,4851,159564,41686,5777,150286,385590
8056,6814,174033,36018,9204,144040,394090
3889,4796,253131,25352,6888,267033,614126
5019,5259,122784,33926,9389,164214,375387
4166,4945,152308,39722,6889,158282,385886
3704,4777,211351,26667,6037,205850,489145
4611,5222,226042,27778,7833,256993,545664
3463,4667,403528,44000,5352,159598,640033
7629,7130,152885,45815,6445,156890,395164
5592,5389,571262,64241,6815,598416,1273789
6945,6556,187637,28592,8056,217286,471053
4519,5074,364847,40074,5092,168780,625145
5796,5611,1225669,27222,7389,218452,1511639
7445,7203,159617,22963,7000,162789,385442
4352,4926,177899,30500,7019,240542,486034
7018,6593,337591,58352,6592,423090,856180
4870,5371,425985,41500,6963,156937,661033
4537,5093,159212,26037,7518,168045,406257
5389,5444,178366,61574,7056,147631,423590
3704,4722,224353,48463,6667,153978,460849
4556,5055,375433,28296,7704,163360,602015
3852,4759,155716,49555,6463,201949,451979
47037,4389,148165,35445,9389,159017,423905
3778,4722,193597,25833,7407,159772,431071
4667,5111,363325,23055,6667,365374,784532
3907,4945,155033,38648,6741,160168,388275
3982,4852,1078078,28833,8148,218044,1362159
8741,8000,169970,23889,5648,228083,497478
5111,5389,281161,26519,7166,210040,553608
5315,5111,342464,25889,7611,287588,705459
4907,5074,177135,33019,9444,222492,471515
4482,4944,176641,27037,6203,204339,442386
4649,5111,219349,37149,9166,845959,1161994
4833,5407,415356,68074,7111,220918,761088
4185,5149,152342,25092,7648,182101,395368
3833,4759,176274,27222,7778,452686,688681
3833,5000,191613,22481,7167,134052,413479
5297,5148,345803,38667,6629,339785,757607
3870,4908,152789,23871,7352,173189,384405
4370,4926,155777,22722,7241,170443,383479
3741,4777,175986,62963,6852,146641,436682
4796,5371,253584,25889,7352,256523,570626
3593,5611,487090,33093,9796,384960,959254
5074,5167,178243,53093,6685,185866,453979
3815,4889,178193,25000,7278,409488,644404
4408,5185,222717,26204,7204,256446,555331
4907,5167,390315,24111,7500,148163,598385
3908,4889,152616,64111,6778,186770,438016
4056,4944,175215,26759,7334,146283,382128
3982,4852,190535,27037,7722,256036,523034
5074,5167,404615,21463,7333,280233,791810
4296,4834,152990,41685,6870,156749,403479
4926,5092,157348,60130,6666,394779,645774
3871,4740,172761,50148,6685,220052,476701
4148,4722,254878,26574,7500,263508,604367
4444,4871,1959904,54871,6926,324748,2406708
5000,5389,192221,38260,6944,234683,553386
4186,5037,174208,54167,6741,193900,469831
4926,5334,227343,27352,7778,257301,547368
3852,4963,440497,42500,5074,217628,746644
4648,5204,173113,24371,7278,344939,578423
4000,4963,176952,28334,9333,166694,425979
4333,4908,189013,61945,6851,231151,539386
4426,4944,362038,55889,6555,161255,631681
4556,4981,409858,36093,9222,451637,935736
4018,4778,155159,40352,4908,155024,383035
4334,4852,173794,35500,8889,221796,502368
4686,5259,245818,64908,6278,173197,518757
4315,4889,335120,28926,8037,116006,545978
4889,5445,154884,50908,6407,185021,425831
4222,4982,172575,36889,6574,153441,396850
4537,5056,221840,63315,6185,178583,510386
6074,5278,402049,31149,8055,175391,646514
4352,5000,160406,37371,6074,161887,411868
47760,4203,144487,29092,7963,428288,679274
3649,4796,190473,35796,8297,148524,407202
4204,4926,351220,23963,7277,193463,629200
4927,5351,142947,38260,6611,161273,377924
3852,4796,156767,28926,7686,444951,663681
4000,4814,176347,62389,6500,406501,676884
3926,4796,246334,37463,8870,163590,502793
5130,6259,377247,56630,6148,322452,789736
3759,4778,175048,34889,7870,228227,473367
3889,4852,179702,47630,5852,394979,688052
4945,5240,222060,36518,8463,192049,485479
4963,4703,417325,67759,5111,247005,776365
4704,5185,153625,41315,6167,154613,384572
5000,5204,172724,24814,7445,286088,521053
3371,4796,190118,34556,8722,240972,502127
9686,7852,384809,39370,6111,154762,621608
3426,4574,905150,40629,5722,186734,1182290
7463,6537,153079,30370,8112,166789,408239
5426,5333,179714,25333,7722,259099,525311
4815,5203,244016,27593,7111,158130,463590
3982,5944,732522,24278,7797,400489,1209493
4944,5185,149138,32481,8926,209360,428275
3593,5074,207199,25741,6333,189854,455813
4537,5315,219093,26703,7056,267348,561404
4907,5297,392728,43075,4925,310730,778310
4222,5334,152307,24130,7907,224931,436479
4296,4908,175850,38000,6166,390813,635626
4019,4852,190670,37223,8148,142549,402739
4148,4870,369954,39519,5018,304098,746810
4241,4888,165774,34297,8981,257427,517793
4204,4871,154094,39407,4648,162293,388220
3889,4741,179229,46538,5981,219805,491146
5371,6055,245161,29963,7815,165040,476424
3815,5000,124277,39371,6018,162092,358276
4482,4907,175357,50685,6037,235566,507330
4834,5148,204955,40741,8759,194801,527016
4259,4963,223683,63611,6167,173388,513571
4704,5092,367411,26296,9482,142808,574145
3963,4889,151971,60834,6092,193564,459294
12759,4315,151014,28500,7870,143244,366035
3982,4981,191038,24185,7759,171071,418942
4111,4944,335377,25222,6871,194249,589515
3963,4815,987272,25056,7370,216683,1280307
5389,5722,151647,35759,9648,165315,392294
4315,4815,171078,24685,15482,226438,487109
4148,4630,247509,27074,7186,265857,587274
5056,5315,332793,35759,7926,168741,571849
3797,4740,153057,47223,6111,186255,420238
4186,5037,172766,52222,6408,141916,400646
3815,4722,218717,26648,7000,203318,503219
5926,5241,376685,63019,6018,147941,628830
3686,4814,160209,25556,7037,244344,464220
4019,4888,181159,35352,8093,164764,416275
4204,5037,352257,38834,6203,188666,613404
3556,4592,287022,25685,7148,1894503,2280135
5148,5315,751250,24889,7074,217077,1029216
3666,4889,153532,38038,6037,165428,390108
4352,5056,169982,34371,8463,204052,464868
4982,5259,249025,49352,6278,153157,485849
3889,4870,420642,32852,7889,391112,910735
4538,5166,172517,60352,6111,176462,443646
4001,4703,206578,34871,8148,179604,455905
3852,4889,217046,63278,6222,157210,471034
4722,4852,460534,35667,9481,232851,779014
8130,7537,152261,67981,6741,243644,531497
9167,7963,173063,33833,9037,147843,416516
5667,5462,184828,29352,8611,249855,500923
5056,5741,356944,44315,5019,156033,608237
4648,5259,1202156,27352,7889,174077,1440547
3759,5000,153251,39593,4685,334801,559959
7833,7334,173331,48537,5944,198907,480719
4667,5222,251652,29870,16111,227161,579127
8241,7555,360750,26611,6926,213395,643700
4203,5037,158422,32204,9259,184558,429812
4889,5333,174834,29297,6481,173238,413183
3852,4445,215858,64389,6407,156325,470979
7686,7092,307309,24518,7797,241595,637830
5556,5278,160943,63815,6055,259277,520479
3611,4852,174708,28778,7500,144420,382091
4556,5055,189047,48667,9037,235191,511016
3556,4555,285664,26592,7445,236815,606015
4315,4944,986652,40834,5981,160952,1223085
3334,4685,160007,24389,7445,158935,378517
8500,7333,168309,26056,6296,187263,422627
3629,4593,251722,24371,7574,240904,552959
7741,6555,883303,35463,11352,236005,1234345
6019,5611,165418,24018,6352,277079,504756
8315,7018,975778,33778,9240,341956,1391992
5129,5278,215337,24537,7370,243346,544108
4203,4871,411231,58611,6130,158006,678088
7834,7129,151125,23797,7296,220706,454035
5463,5463,178316,25185,7685,150108,393423
8555,6908,183636,69833,7056,148250,442812
4926,5278,304198,25351,8038,157244,523794
4500,5111,184054,25889,7260,184313,446145
5908,5833,149875,42333,6500,156901,386813
3778,4759,175361,24889,7760,205543,460256
5130,5407,781128,40945,6240,177274,1035365
3611,4741,352391,23945,7741,196994,605237
4685,5185,156212,69648,6259,211083,483201
42277,4371,170124,33889,9482,351279,627718
3741,4740,214593,24944,7852,225960,513571
4500,5055,304117,36574,9741,142676,519608
7204,6593,158937,41129,6500,158117,396461
4426,5241,169460,67149,6759,293999,596996
5000,5240,186596,35797,8352,174364,431849
3944,5000,299305,54426,7760,364949,751977
4259,5130,1481980,29741,7537,308453,1854082
4296,5018,153057,41148,6482,157163,403108
5278,5333,173729,29815,7148,247102,490275
8685,7204,245512,67074,7000,207077,596256
5000,5852,348481,25889,9740,191794,605219
4537,5166,151986,50889,6852,274511,524330
4852,5018,174899,49778,6500,168358,428071
4944,5352,217886,47666,6500,188871,489756
3852,4852,390207,66926,6444,346567,868940
4741,5314,150471,64537,6278,177157,426627
4112,4648,172828,28074,7629,163596,416368
4611,5148,188333,48501,6166,162442,433849
4185,4815,278061,26815,8056,148084,486849
4278,5166,892346,23945,7111,187740,1138456
3908,5166,1016963,25482,7185,181567,1277548
5167,5370,175985,65796,6482,172790,450682
3704,4722,248564,25797,8000,167729,496534
4889,5241,435218,65186,6222,318943,855625
4612,5092,155575,27926,7389,277404,496553
3593,4593,211747,40630,6240,362268,667904
5278,5407,211827,26723,6963,150615,423553
4463,4963,874630,39019,6333,169363,1134475
4833,5093,214357,37388,5834,181456,468164
3870,4852,175714,29519,7333,172173,432905
4704,4981,185497,25593,6722,723220,967661
4167,4852,276188,35537,8555,274476,644459
4611,5556,579064,62648,6186,188671,876902
4797,5074,152420,28130,7815,386224,600904
4019,4796,178223,63741,5963,203385,485109
4352,5037,248006,25685,7463,243769,575312
4315,4963,332215,21981,7686,142152,528460
3296,4500,166961,36852,4852,248740,522256
5426,5760,168540,25852,7222,202124,433424
4370,4908,214879,27945,7963,241173,535404
4889,5148,388626,41648,6260,142592,607163
4037,5056,159631,25852,7370,180774,418405
44592,4111,142915,62593,6333,255509,539941
3834,4889,182401,62352,5981,211263,512812
4555,5130,278851,28000,7778,274182,630848
5056,5278,133727,32796,9556,162937,367572
3982,4796,149140,28296,7648,169099,381054
4185,5055,172516,63278,6574,397832,665070
4019,4741,244058,28870,7667,253068,575386
5851,5019,398897,33056,10815,200580,674385
3778,4778,153383,45186,6444,161596,411387
44777,4130,172112,38278,6278,144978,428923
4445,5074,219320,24612,7166,150085,447423
5315,4945,332956,61944,6185,230337,685478
4204,4889,158387,26074,7426,176648,413961
45352,4130,150522,24019,9018,172254,425239
3927,4888,192695,29722,8556,164062,420091
4093,5167,355829,39112,5944,330777,756829
3463,4611,447965,25204,7278,414455,938809
5074,5407,154859,22482,8352,171990,386794
4556,4963,175512,22871,8018,262041,508701
4741,5370,781205,37778,6500,287807,1141771
3815,4778,1188544,23463,7463,218558,1464436
4111,4908,157751,62333,6167,246005,499275
3926,4963,189590,29296,9093,389332,644589
9259,8074,199633,24741,7777,215087,481812
4889,4870,359527,26667,6944,148544,570237
3686,4981,160754,43482,6370,179447,419109
7611,7037,171871,37463,4648,371330,650718
5296,5444,184617,48519,6019,218417,509108
4463,5186,346122,25704,7222,379892,819014
4796,5093,387980,33389,9667,315311,773143
4037,5055,155541,22500,7278,180976,411683
4556,4981,172658,62611,6296,203433,495386
4945,4926,245033,28870,7704,115112,455831
4445,5167,350779,40871,6148,293883,719793
4074,5056,153192,62555,5667,204694,472719
4593,4889,170920,27796,7648,181097,414961
4000,4870,214352,23518,7093,188775,458849
3889,4722,339320,32926,6833,196381,603330
3814,4686,179603,34222,9407,201376,476441
13203,4352,152386,65223,6907,170778,430849
3815,4760,185669,27222,7000,267328,512868
4111,4963,380324,55259,6741,160580,629404
3593,4555,127514,24093,7000,175466,378146
5333,5389,151464,40963,4888,176553,402923
3815,4741,176635,25482,7185,148140,382998
3519,4741,245567,62352,6241,149189,489831
3778,4759,332777,23815,6981,170702,579589
4944,5611,148875,44352,6370,153383,382035
3852,4833,224121,63481,6389,224969,546589
3537,4519,220366,25019,7426,243093,534756
4981,5167,339113,25908,6111,183476,583219
4018,4963,154841,26259,6204,261546,489553
4556,5074,174049,25593,7759,183004,418924
4222,5019,180018,23315,7481,153702,390850
3630,4648,627858,25167,7111,298359,1033235
4055,4889,358196,24019,7407,160042,595885
4704,5037,149553,25778,7833,176001,388054
3722,4426,169392,65889,6722,210587,491793
4741,4944,248379,24223,9037,196155,504090
3852,4833,384015,25611,7092,193501,655459
4871,5278,172500,35149,9574,238126,485405
3907,4871,209339,41019,4741,334064,613311
4000,5018,212882,37056,8722,145116,429386
3944,4556,355128,62612,6203,166627,640237
5055,5630,155411,34908,9129,163957,393442
3777,4889,174380,24537,7500,398783,629218
4056,4944,182738,34592,8260,167260,439479
5037,5037,280539,61593,6593,292179,667404
3759,4686,541193,26926,7481,308339,910754
4000,4759,154791,22852,7166,172985,384553
4019,5037,175777,63537,5963,183202,475201
5093,5463,244339,37537,9185,208214,525942
4203,4871,492826,48463,5982,336798,928957
4463,5037,152924,55815,7277,222741,466997
3981,4963,206874,30240,8056,298142,567996
3760,4703,210194,23463,6926,246877,528275
4944,5111,298922,26019,6870,167779,525978
3944,4982,148741,32686,9185,191886,410331
3686,4907,175136,41630,5111,392156,672644
4834,5111,182937,36612,8463,142448,396498
3556,4592,309036,67852,5056,193220,651089
4185,5130,358338,25759,7296,263381,680607
3500,4592,223140,34333,9297,171117,482071
5019,5222,171497,51074,6315,189112,467905
4167,4963,252243,27296,19408,172235,537108
5056,5333,1157121,27926,7815,193408,1416566
4000,4945,150309,30500,5889,239929,454720
3963,4963,208982,26315,7759,333367,600849
3908,4907,205895,26981,7111,159678,445165
5407,5167,380882,24592,7167,341836,781662
3519,4815,167349,23167,6963,276833,512608
4445,5074,174299,41260,6574,368974,626256
3574,4777,179009,37797,8222,163507,417645
10500,8260,343866,29315,7944,156612,574960
4889,5129,134909,41833,6630,156793,370331
8203,6908,153673,25685,8926,226584,449238
4704,5296,174920,61463,6278,194781,486849
4759,5278,242147,26186,7333,251590,554349
3890,4648,442616,36666,8389,203343,734848
6056,5815,161639,26241,7370,268136,542830
4278,5000,175960,26556,8518,171427,410609
3797,4852,210372,65704,6389,238513,581682
5148,5167,390249,40981,6130,148433,615404
3500,4815,158124,26630,7222,225781,449516
5092,5482,170889,39259,6000,385089,628978
8741,8130,171765,27648,7778,248232,488849
4426,4889,263030,24574,7352,207356,533275
7315,6815,135553,25870,7482,174296,392979
5592,5482,149762,43278,6500,153884,384016
3797,4778,176157,49944,7537,149841,426831
4907,5463,243496,28278,7963,254408,561737
3870,4759,441706,70389,7185,180624,743218
8389,7296,165636,33501,9203,264306,507238
3130,4889,177178,23982,7278,149300,401701
5371,5314,209962,66056,6852,152239,464886
5519,5481,403653,37260,8444,231861,725570
4686,5111,922752,25241,7444,250259,1235549
4315,5018,173016,27926,7981,169094,405386
4426,5222,176317,23778,7389,207069,440886
3648,4833,381527,29148,7315,211784,675792
4852,5130,353087,64593,6093,167742,619330
3870,4797,155666,24038,8185,165720,398294
5000,5130,175061,24944,6315,180288,415997
3723,4796,242493,25314,7260,269411,569738
3686,5537,326646,36482,8685,153554,549793
4203,5223,155836,34093,9000,207679,469886
5148,5463,203268,26260,7426,345339,609422
3686,5074,207977,25093,7518,240224,506461
7129,6352,409113,69352,6167,165457,700495
5001,5129,173063,64889,7037,193435,488683
4074,4926,174605,28296,6889,146078,384035
4315,4926,181129,25444,7408,151035,389924
4056,4796,351691,25870,7056,158102,587052
4963,5222,358862,67223,7240,151394,614459
3815,4925,152164,25371,7203,167723,379201
3963,4704,171077,62630,6870,206884,474479
3982,4500,242971,27241,7833,242396,561312
5278,5389,328051,24093,7148,171594,557719
4149,4703,160760,22278,6000,206682,440535
5055,5185,175562,34870,9019,369805,622903
4093,5315,211715,25926,6852,244059,539645
4204,4814,306591,24260,8111,278313,679625
4945,5240,174930,33296,9574,220642,500312
4482,5222,173731,44315,7371,420542,672478
3667,4944,176496,36722,8334,164279,432034
5148,5278,400779,39408,5444,243235,718662
3722,4667,354044,35130,8537,184175,606645
4778,5259,147475,38686,6944,160634,400535
5296,5371,170314,33204,9314,149962,390979
4315,4889,413913,39055,6537,177454,664033
4075,5055,845993,32278,9611,288037,1237549
4963,5296,149127,24000,6945,181056,389776
4074,4852,204392,34778,7981,151088,425924
4204,5055,207823,51056,5519,224599,517201
3575,4759,392069,23667,7500,167631,617238
3704,5222,184982,48945,6463,234904,515238
5222,5407,173747,28815,8074,228973,518200
4074,4982,182104,22777,10389,202283,471775
4797,5037,279646,22926,12649,228609,594312
4019,4926,498819,62278,6667,235120,830847
3889,5018,156787,45149,6685,168674,406183
9167,7574,169144,65056,6796,331260,606423
3649,4685,242798,29611,7259,258199,599904
5408,6648,320656,36277,8241,175897,569849
3815,4777,156605,25760,6759,275318,529515
4852,5371,180722,25259,6944,201461,443479
3500,4482,205949,25482,6630,122085,383535
5148,5593,366455,42741,6722,390836,868680
5056,5352,153182,27630,8166,170575,389276
4241,5426,172910,70019,6240,314883,589385
4167,5111,178934,36056,8000,153823,402016
3649,4851,286292,30889,9204,149853,499590
3704,4833,356186,63927,6833,173310,646978
5370,5426,153136,24926,7315,170084,384553
4315,5000,174382,26648,6370,248153,483330
3889,5000,238480,63130,6703,155499,490460
4185,5148,326430,27093,7500,256603,659922
5037,5389,155398,34426,9463,176396,404442
3907,4778,178478,38296,6667,367185,615219
3926,4963,218650,47204,9926,146032,448997
3871,4796,294730,53981,6056,199100,615571
5111,5222,161402,36407,9574,159133,396164
4444,5056,171185,40648,6426,281127,541126
4833,5075,397338,34852,8963,200343,669904
3870,4833,349641,30889,9018,152690,569052
4074,4834,439664,31482,7907,383053,889939
3945,5185,145929,35000,8537,245865,479442
5130,5333,168972,28407,6093,185007,417590
3759,4778,238292,36222,8722,173372,482423
3704,4778,407075,39574,6760,339142,850662
5259,5167,182025,29981,8297,254398,553219
4093,4852,209974,41278,6111,361522,643756
3722,4611,205703,28037,7537,200610,466275
4111,4778,255060,40018,6371,264640,617867
9370,8000,156491,27704,8018,169859,414738
40944,4408,155015,41185,4908,157945,424312
7259,6704,171465,27555,8111,239070,477127
4333,5093,299952,61389,6537,185063,580904
4427,5277,130383,42112,6314,158430,365369
3500,4593,146018,27481,7167,247238,467312
5481,5463,177432,63944,6185,306288,580626
3648,4889,241270,27889,7778,254338,594996
6278,5277,404202,38352,6037,403960,881087
4166,4982,151410,68778,6630,170309,445071
48685,4722,156435,39092,7019,149674,425664
4056,4889,206570,28240,7463,256520,538608
5019,5277,295224,26741,7351,158663,515738
3556,4907,155340,34796,9371,162065,387868
4389,5092,170938,40278,5148,374096,615774
3407,4741,254628,25556,7315,192813,527589
5093,5240,1120210,30019,7241,335633,1522788
4037,5092,437029,64019,6111,435725,986494
4593,5037,153923,48333,6796,233797,471461
3982,5222,179836,39870,9704,175643,432257
4408,4796,234045,25982,7129,159564,472961
4944,6185,412069,32982,9074,173686,657699
3889,4778,152389,63926,6611,234831,485238
3964,4759,2063676,27889,7685,214551,2339154
4055,4908,206863,65389,6222,229023,550052
5241,5296,406110,26611,7426,205498,675126
3926,4685,152818,33556,9148,163198,385868
3444,4685,203065,65222,6352,179877,499460
4759,5223,566385,28000,7648,255425,912921
4148,5130,261724,27444,7630,249273,571904
3815,5667,117839,34389,9130,272713,507442
4093,4926,175401,25296,6889,262671,511757
5092,5482,173665,24852,6537,187018,421738
3481,4778,674617,24185,6241,336858,1102419
4889,5352,364548,35555,8167,185727,623589
3426,4630,157793,23704,5981,252279,488294
4334,5037,172428,24907,6649,223310,474849
5037,5167,205137,25167,7981,259786,551867
3944,4907,335125,26074,6019,150168,562015
4926,5389,159167,43796,6778,153461,391887
4241,4889,169968,27389,7778,148881,381127
4222,5111,183011,49204,6574,211875,529645
4148,4871,356091,26092,7426,169536,585867
3778,5055,128022,27926,7519,172179,362683
4074,4834,146971,37408,6241,160581,397294
5186,5537,177199,26722,7130,192169,432831
3834,4703,232243,26333,7055,168626,478294
4963,5278,401155,40963,6223,421617,897106
3815,4907,156753,26389,8018,211801,430293
3685,4833,175222,33129,10852,490534,734588
3722,5093,200301,24666,7297,131289,421979
5001,5055,381955,38389,5204,172319,627904
3611,4778,159960,28203,7704,169594,393257
9352,8148,159392,36833,6222,151718,389220
4167,5092,171415,26723,7500,149416,385701
7556,7222,343255,32888,9075,158890,594756
4982,5333,350075,64204,6259,213458,712755
4463,5056,149043,35926,9518,842803,1067235
7186,7388,175771,33444,10278,369522,620737
4759,5222,227072,49445,4759,217221,552126
8352,8074,345282,29111,6870,145438,561867
3722,4796,168991,63852,4518,192100,477182
4648,5241,177700,28203,7445,341482,581108
3426,4759,206279,49519,4611,164607,452793
7611,6815,842897,28963,8000,244855,1193196
5666,5760,168049,32593,9240,306189,548959
8537,7074,161129,65834,5870,153165,420275
3759,5000,174412,61797,6333,168845,457590
5000,5204,331640,29611,7907,142450,540219
3574,4703,350998,28093,7537,258572,697329
7908,6870,154669,33482,8926,151588,381813
5815,5463,178378,66982,6759,393210,675700
7185,6574,229495,27130,6981,239076,533441
6093,5111,406093,26482,7481,177996,648922
7167,6759,154766,25351,7408,182029,401350
4612,4962,175123,66611,7185,169505,446998
4000,4648,210647,23703,7945,186962,454034
3963,4759,298985,35963,9037,145142,517071
8000,7129,142250,22611,7371,204229,409497
4778,4870,168015,39870,6593,379537,619922
3963,4926,174724,35407,8222,144645,389387
7056,6740,320230,28556,8314,144897,534164
3778,4574,154216,40741,6685,185967,416516
7667,6814,149167,38963,6888,159536,405775
6333,5778,174560,28537,8074,197956,439738
4630,5315,228473,65686,6463,153653,481590
4278,5963,327220,26740,7871,257128,683274
5018,5370,155688,23463,6815,227939,442645
4593,5056,186174,63723,6111,362803,678682
4889,5389,206384,23981,7334,129169,393386
4093,5130,304723,23185,7130,152385,512923
3889,4741,154580,29000,7574,169732,388368
3704,4723,168492,23038,7185,153727,396239
4871,5481,247369,29815,5963,194110,505757
4038,4870,350597,25833,6796,228807,658034
4741,5148,126509,27056,6870,171878,360312
4074,4760,144496,53555,6834,249112,480960
3797,4889,177835,26611,5981,185830,442850
5019,5426,232526,26907,7278,885097,1179531
9037,7408,497106,34629,8760,306815,883569
8704,7463,153888,42574,5426,246868,494756
44333,4223,157912,34593,8259,151289,421609
4241,5277,205659,24482,7092,254728,531608
5167,5352,357331,33944,7815,366757,794495
7871,7092,156707,54204,7741,140272,410017
4704,5185,166879,29407,8278,174823,409054
7389,6667,164180,36982,8833,299020,542330
4612,5018,365020,66055,6519,173865,658071
4833,5037,346951,26186,7351,128806,535497
3704,4908,159419,32240,9019,168690,397498
7574,6889,173943,63778,6241,182795,495293
4723,5129,239282,25519,7444,259345,585534
7167,6926,364121,57704,6537,299078,791514
4611,5241,168607,24648,7704,254316,484830
7592,6815,174891,62370,6037,407754,715292
4463,5111,199970,37019,8851,224731,500608
7907,6611,282106,48167,5963,231206,649329
5537,5630,145684,25889,7723,207053,415442
3908,4555,167598,37871,5907,148770,387776
4611,5092,178270,26630,7130,256949,497812
7704,6704,319127,34537,10167,199999,630274
4278,4945,350429,25093,7074,286641,695200
4111,5000,153879,54278,6870,246322,514367
7815,6889,178884,53981,4889,168428,458738
5667,5407,231946,25055,7500,158478,454053
7334,6518,361859,27759,6630,184138,622200
4519,4944,153438,23759,7019,170319,399905
5074,5426,199332,67185,6297,213609,538441
5166,5297,195633,28056,6907,201790,459867
4352,4889,359232,32760,10277,190524,628663
8593,7129,146848,40019,6222,159335,387998
4222,4982,169465,41222,5778,159644,404590
4055,4871,176174,27630,6907,267138,506904
7926,6926,253439,48537,5889,846184,1188197
4278,4888,350056,26352,6889,149052,558441
4019,5074,182523,31741,9352,208122,458386
3964,4796,166881,26907,7686,241320,471257
7649,7129,222202,27000,8092,201944,490812
4167,4963,344244,26222,14297,178789,591867
4167,4889,160471,24167,7481,168712,389757
7315,6907,174181,26389,7148,146169,386701
3537,4815,205186,50704,5148,225366,549330
6148,5796,424674,51389,6333,229526,767644
7352,6722,153067,33741,8963,161357,389424
5111,5296,164684,51945,6092,327091,575830
4093,4852,171226,60260,6204,150252,416683
8444,6796,250640,28352,7611,264764,608292
4537,5000,128700,27315,7426,171242,362164
3759,4519,146409,25334,7166,184626,408720
5593,5574,178192,85390,8185,372099,673459
8537,7241,226624,67167,6704,151262,485238
4130,5019,412093,41741,5963,169958,691552
4797,5074,159802,32426,7092,168326,397035
4926,5333,187437,51426,5685,298079,604015
5352,5555,202017,27148,7704,144888,409831
4648,5185,379133,57426,6130,251381,735236
4667,5277,156768,34204,9389,161267,390109
3889,4778,163625,25315,7852,191261,415275
4333,4778,177131,36351,8037,156164,402849
3963,4685,339359,40204,5314,340508,784662
5315,5370,348679,25815,7389,253947,691163
4148,4982,187184,62593,6185,335775,639070
5055,5315,180597,29389,8111,151327,399719
3889,4778,232806,24648,7130,188154,496942
5741,5000,372053,33907,10556,209295,654663
4148,4981,185743,67075,6833,207680,508182
45574,4130,154508,26352,7185,162175,419479
4074,4944,211717,49241,6037,159836,453941
3945,4981,337260,24797,6870,149015,544627
3464,4851,161006,27167,7666,169937,409850
4797,5296,165604,65778,6629,233097,544701
4223,4981,177406,26888,13389,168611,414702
3519,4611,287392,62871,6518,167475,550571
4055,4852,349195,27352,7425,262580,688533
5111,5204,177903,32741,9352,233372,482942
4333,4760,171668,48055,6297,393772,644867
3667,4778,234395,28760,8148,264194,572738
4538,4981,410939,39222,6056,167631,652052
3722,4834,149647,54667,5074,254257,490627
3871,4926,179837,36186,8759,322325,571201
3982,5241,196065,24648,7704,167969,443998
4796,5056,364460,39278,6130,375702,811755
3185,4555,154114,33759,8982,161254,418516
4667,5204,165286,40907,5963,296822,535460
4075,5037,173328,24926,7333,265484,508923
4537,5037,342372,33926,8185,329736,741552
4130,4925,347118,64555,6371,144898,590404
3871,5018,150549,25370,7500,462355,670682
3908,4740,173610,57185,5870,385721,681126
5463,5222,225170,36852,8593,143864,441275
3556,4722,423565,45019,5389,247319,797088
4481,4926,156478,42166,4704,213965,464090
12704,4333,154798,65167,5759,360014,618460
3778,4685,199285,24852,7463,214231,470275
3945,4889,153827,27629,7297,188652,404553
4149,4963,936445,24833,7426,202511,1215216
4648,5111,161153,58593,6185,432380,685533
3445,4666,178696,26055,6797,246024,518979
4685,4945,254090,26092,7482,240555,555052
3778,4797,127780,26018,7093,173551,361295
4722,5333,152323,24130,6778,219415,468960
5019,5166,177347,28574,6222,185503,425960
3741,4759,228519,26093,6963,160015,466942
4630,5185,417173,24371,7278,276730,753552
4278,5167,490030,42056,7074,165854,732441
3945,4870,173443,25815,7111,193166,426646
3722,4630,199615,25870,6722,252382,524237
4926,5185,304436,64055,6482,138339,541608
4093,4870,158219,26259,6926,170520,406905
4537,5185,161854,65963,5870,415013,675459
3741,5000,179359,62019,6888,194917,505831
4555,4889,342272,63278,6037,366853,803699
4185,4944,348408,36296,8741,191719,633422
4778,5056,154542,38722,6815,185141,413035
3908,4722,179307,47222,6741,197302,458276
4129,4889,230942,28278,7852,210611,529071
4148,4852,382003,40556,6537,428417,915698
4759,5333,180157,35241,9296,214989,489404
4204,4759,174329,23703,7649,150521,400201
4630,4944,199816,27796,8037,272904,550460
3963,4778,370543,39371,6685,149472,611441
4574,5037,144030,27963,7667,169023,376090
3704,4722,165591,28074,7296,158685,387479
4093,5037,174708,66093,7111,145030,419998
3463,4852,349806,25574,7315,154802,580812
4907,5500,449423,63852,6926,184332,733829
3741,4796,150261,54537,6482,225921,464405
10704,8333,183545,25629,7186,308360,594238
5055,5334,394587,67130,6740,187594,685366
4333,5723,321000,27370,7963,841012,1257845
4833,5130,149153,39778,6574,182530,406886
4186,4963,171140,29111,7907,151858,389702
7667,7019,189775,24630,7018,139426,426146
5000,5241,368114,36037,8389,152345,595256
7666,7241,149194,25055,7408,172045,386960
3963,4870,162773,39241,6797,432186,687015
4981,5334,180112,24463,7166,149997,389053
3574,4648,387803,42352,5111,214323,677607
7463,6926,563365,34463,8778,227001,916921
5629,5278,177721,54519,6611,208536,478182
3722,4815,176171,33444,6463,142383,385127
4018,4926,228380,63389,6834,361227,684625
3537,4408,383460,35592,8648,154296,623219
8963,7166,153169,37426,6833,243051,486441
5500,5574,182637,40278,5148,280193,536367
3963,5185,191995,37278,8611,237928,501312
3889,4648,340685,26204,6907,217960,630459
5204,5407,156024,34370,9408,157585,387238
4000,4907,162103,39167,5093,170153,405127
7963,6908,171386,48723,5796,152278,428868
5333,5278,340559,60407,6408,145271,581719
5260,5370,383176,25426,7389,512319,959495
7204,6741,151662,28370,6241,271150,491275
4352,4963,175409,35426,8148,301551,579479
5352,5352,229284,51370,6519,239101,556145
3815,4685,321642,28240,7982,244855,631144
7352,6926,164998,32445,9037,268258,541849
4741,5314,179320,39611,6166,394048,647644
7759,7093,191362,35703,8593,146932,413868
3574,4519,341904,24852,7093,149592,566330
5075,5481,151706,38574,6259,160663,388239
7630,7129,155193,39222,5723,375118,605941
5389,5500,718199,25222,7630,172554,954457
7889,6981,253297,63722,6463,146312,503293
4648,5130,1429601,24555,7871,1120662,2627688
4963,4463,180436,38056,6204,188986,443164
7166,6648,214498,30112,8296,335480,622329
7981,7148,222485,24445,8000,243049,554367
5019,5166,321176,25148,6963,278580,672885
5000,5259,534126,24797,7685,222776,840865
4148,4963,177223,25149,7092,212700,471127
4834,5129,191451,35426,7945,150713,411535
3870,4852,1072884,27093,11222,140108,1279918
7833,7167,149906,42537,6500,156295,387997
3870,4723,160708,27833,7648,182882,423979
5389,5130,177399,35278,8814,144914,396424
7870,6815,245497,49815,6481,161630,511923
4704,5278,403095,26500,7315,174605,640052
4092,4852,157786,40407,5926,163824,395757
5259,5963,177014,30481,8093,336113,578478
3963,4926,220703,24593,6871,161404,460071
5130,5296,387784,27852,7278,196823,648774
3852,4778,150659,34241,9463,270764,503442
4389,5185,180553,24056,7389,149314,390590
3778,4870,198522,51630,6926,150087,451220
4575,5148,370639,26778,7092,170950,605015
4259,4852,155070,28426,7629,169595,389571
8703,7445,151686,43797,6981,148608,402571
4833,5167,177896,27055,5945,212546,452701
3741,4741,252308,36260,8666,193763,538404
4926,5130,425444,61537,6760,310643,836199
8426,7204,152727,33741,9166,179641,409461
3667,4555,176029,33870,6148,371413,614682
8093,6666,220775,62926,6834,203462,549515
5223,5666,417781,24167,7222,274715,766052
5185,5611,155452,32075,9555,226601,454738
7889,7185,349366,61722,7056,169093,621885
4500,5963,190482,28722,8111,183034,441182
9463,8315,422469,39834,6833,233601,751922
5648,5648,153233,25852,7667,169264,385627
4537,5055,157646,66464,6166,323128,581663
7241,7167,172837,65926,6611,207994,486312
3907,4834,276305,49241,6444,383672,774384
4982,5277,687035,28259,7018,203813,954921
3723,4907,289020,24704,7463,209829,576738
7685,7167,169025,40241,4537,184047,450923
5278,5334,223401,24315,7092,720056,1002309
5277,5315,354593,36611,11259,409884,841865
8278,6870,146449,62389,6834,181974,431627
4500,4834,177380,27149,6944,145284,419961
4963,5130,191960,27408,7462,222278,476294
3852,4648,395540,33333,9741,169475,636237
7278,6722,135545,24833,7019,174434,391590
4796,5500,155976,43575,7092,351280,586089
9186,7037,174648,33649,8889,210071,459739
3926,5092,249136,27278,7537,254176,600570
4982,6166,340179,24389,7148,161337,563682
8481,7037,151665,42056,6111,164888,398664
5352,5333,179282,63518,7426,395456,706644
5297,5222,228935,31223,6944,239265,537238
4667,4944,396053,51278,6129,259203,771533
4649,5148,155483,43685,4926,225014,479146
4852,4963,174396,30259,8685,306287,580941
5334,5852,194272,25463,7314,244541,500016
4148,4796,357648,35445,9037,152849,582126
4481,5130,151560,24760,7629,173160,402979
13352,4259,150047,43352,6723,405763,639941
3815,5167,174016,25111,6907,268371,536923
4852,5037,284040,27426,6371,192734,539034
3629,5519,122101,39981,6352,158157,370442
4630,5093,143162,26963,7425,273540,501090
4852,5278,177371,28056,8685,171571,431572
4444,5037,220395,25260,7648,212398,492793
4574,4944,399105,33945,8074,173669,642422
3926,4814,175628,23482,7611,240425,473589
4278,4888,181134,27019,7703,144161,387571
4019,4944,195028,52537,5370,195914,487497
5352,5444,1456814,28611,6204,245361,1767934
3796,4778,848225,34500,9463,250268,1182752
4852,5352,159507,60797,6444,280934,533886
3963,4796,173624,63186,6666,274577,543127
3648,4704,253241,28259,7574,145257,458460
4111,5056,125986,40019,6426,159233,362090
8723,7944,179529,51945,6352,229523,502923
3667,4741,172849,34185,6482,204074,446572
7092,6630,220596,25389,7222,251271,572682
5593,5704,394379,38315,6241,151395,624423
7315,6889,152199,28093,7222,192354,412146
5612,5407,184742,39018,4611,153312,419183
9334,7259,184210,25852,7685,264750,516053
8278,6778,359493,33963,8315,173781,609682
4648,5166,902538,63444,6463,173975,1193937
7296,6407,156393,26445,7463,319585,540385
3722,4556,173639,35166,9352,221822,478627
5500,5166,252145,62037,6075,208703,580441
4352,5055,343040,37629,8686,140809,589237
5185,5315,158859,39852,4519,221694,475608
3982,4833,172013,24167,6907,148671,396665
5445,5093,221036,29612,7889,238904,548645
4648,4963,326636,25814,7371,245065,644774
5038,5203,151604,38333,6593,171394,398128
5518,5982,177201,26834,7370,413850,652477
3759,4704,195558,35482,8222,216754,481219
4592,4926,357009,39259,6389,375598,836754
5500,5704,1769036,25574,7759,282841,2116728
4222,5130,154723,27241,7944,176515,412257
4815,5333,247525,38852,6111,144454,468646
8519,7018,250086,26334,7055,211448,561812
4667,5240,344666,64315,6111,181683,625330
3982,4926,150745,23907,7611,209087,435813
4722,5037,172325,36518,4871,195173,438868
3852,5148,221497,24278,7370,179927,478757
5055,5167,726707,25130,6055,342083,1130567
4056,4852,153970,42167,6574,164102,395461
7648,6778,169828,26333,7389,147855,385886
5278,5481,190982,49055,6001,171312,447923
8093,6870,413858,48000,5870,233583,736329
4926,5148,457123,34611,9240,352502,882735
4500,5093,156960,51741,6241,143463,403090
5500,5463,172874,47666,6167,237179,516293
4129,4945,245786,28001,7777,184452,512108
4593,5167,122162,35296,9482,161169,356517
4111,4722,174908,66741,4871,220477,495423
4241,5111,218970,24241,7129,326361,601367
3852,4871,217678,49612,4852,173059,509034
5186,5222,414036,24167,7944,235571,711792
3685,4759,153060,51500,7037,257012,530182
4908,5203,175362,32296,9204,166155,413201
8241,6963,186811,63019,7296,219797,545015
4556,5407,297781,25629,6019,177383,540164
7278,6888,433916,61982,6000,330431,865847
4907,5482,154272,63778,6463,321335,606478
5074,5259,172112,23166,7112,247441,480405
7963,6555,244691,25908,6759,169899,478386
4834,5111,438734,34203,9945,432094,960143
5056,5203,148517,24740,7686,225666,436479
4204,4667,172299,50723,6426,160438,419257
8333,6852,210343,28463,7389,238395,516738
3518,4834,357681,26000,7000,147630,582237
5037,5407,178594,48759,6093,240903,528534
8019,6944,1134157,35704,8982,189483,1402140
5555,5408,185512,63055,6075,156281,440608
4297,4704,322055,48018,6611,152850,560553
8704,7426,154467,28111,7963,254012,551682
4741,5148,153473,37815,6463,158006,383553
4056,4926,175978,36074,9408,208926,458664
9945,6981,244336,27352,7555,2014799,2329857
3926,4982,425193,24537,7389,192173,677978
9074,7463,161384,49704,5759,238299,535460
4852,5296,216222,66945,7074,153182,472089
3815,4500,225524,25019,7425,158214,440256
4352,5056,397271,23704,6314,187393,645349
8648,7259,159943,23018,7167,176240,400053
4870,4852,172207,23352,7223,160697,409831
6222,5926,188287,66185,7111,142507,434312
4093,4870,403941,48130,6833,200426,687681
8426,7315,142613,25926,7537,169441,379091
3667,4685,156322,24407,7223,173306,405591
5204,5574,174883,25407,6908,259207,496442
7648,6630,239073,23500,7019,153146,453905
6611,5389,395246,24796,8278,146399,607218
7685,6963,170399,48482,5944,232173,524756
5575,5629,211349,40241,5463,379351,665811
7408,6648,213762,38278,9740,138032,429331
4722,5056,332230,61315,6704,345783,805328
4741,5370,151069,34741,9611,202688,427534
3593,4703,173056,36759,5371,424403,666885
8037,6926,184932,29111,7278,249269,526589
5222,5408,359252,31593,9463,152188,581571
3889,4870,856685,61259,6852,250438,1242659
4500,5260,153188,26056,8185,164680,397924
5426,5481,168046,61982,6611,376209,643274
7426,6481,247274,26408,6889,263482,599756
4500,5130,419650,35352,8333,186902,699829
4760,5148,369470,26093,7167,295007,772774
4130,4814,173772,30278,7148,190411,448405
5000,5055,224518,60371,7852,145868,466793
3889,5203,417765,51741,7333,245009,771736
4149,4833,151973,66537,6037,205728,474757
13537,4352,151090,25314,7593,359481,577589
5130,5518,186022,50592,5463,241421,560923
4278,4852,353620,29870,7556,142099,578145
4889,5889,651015,26000,7167,202369,916865
3889,4778,154075,38203,6056,157460,382868
4630,5056,171876,63130,5685,212269,481609
4018,4741,254215,27167,7630,120819,434553
3833,4778,333684,24537,7185,152276,563256
5445,5907,159652,25093,6759,177753,399479
3759,4778,204658,24741,7500,180691,460923
4778,5222,213774,25204,6667,233778,532534
3963,5593,376428,24352,7389,176976,629848
5260,5296,153785,51370,6537,191824,432220
4148,4982,170457,37537,8611,304799,547756
4352,5315,185777,23667,7574,122350,398424
5093,5111,330357,31352,10389,138918,542756
8815,7500,127251,27759,7760,170802,386646
4629,4982,152423,24000,7278,173371,386831
7944,6778,171151,26908,6407,192902,429886
4167,5259,251119,38204,8630,229007,589385
5574,5241,476847,43130,6426,238796,795254
3759,4796,147353,34185,8870,197571,416719
7666,6648,212692,38222,6204,400601,722088
4685,5333,213234,38204,8130,142800,430645
8667,7111,382981,38055,6278,158979,620867
3778,4944,155430,28556,7370,195864,431590
13407,4408,151194,26593,7537,211395,433312
3815,4704,187403,26834,9500,218982,472034
8111,7074,354577,32778,9389,171772,621867
4741,5500,141637,40759,6630,802690,1022679
8000,6870,152569,28222,7981,167615,389609
3815,4833,172148,49241,6092,152720,423868
4870,5259,242154,26241,7852,228621,532237
4908,4666,393715,33204,10500,173633,656552
4648,5074,152757,40908,6092,195352,423627
3389,5055,177633,37926,6722,275846,525515
8222,7185,212768,26445,8648,254747,572700
4926,5167,310903,37167,9055,201001,588108
7630,6833,559446,41149,6389,167067,824736
4518,5185,176377,64815,7074,384268,659866
8185,6871,178882,34074,8259,149209,402350
3852,4667,355277,37870,5963,312108,769163
4704,5129,920414,27555,7519,199561,1183882
3815,4982,151620,34149,8092,177211,400239
7686,7074,173404,27259,7222,147964,389331
6260,5592,252058,63296,6278,193495,546349
3833,4889,128878,31463,7518,161695,357572
8667,7000,182328,68963,7482,170965,465072
3777,4704,173241,29074,8500,152072,389757
4538,5240,213913,26667,7852,246751,521720
3797,4629,366549,25703,7389,147634,573034
3926,4963,160016,24278,7426,189370,409979
8334,7185,176392,41370,5223,354937,609904
4277,4889,189453,25889,7593,263618,516534
8000,7056,275403,49870,6260,170149,535997
3889,4981,131353,28111,7741,195515,391405
8352,7259,147025,40723,4518,162547,406239
6019,5740,176623,23778,7519,158356,394442
3741,4981,248388,36648,9019,200701,557404
4778,5370,334319,63260,6333,288880,753236
4260,5000,154269,28370,7111,256358,474423
4185,4852,172015,23223,6851,225649,480367
8648,7130,463466,27722,7667,228641,783366
5018,5297,385508,36148,8445,173136,649644
5259,5445,175550,25796,7482,267891,508164
4426,5537,176834,24574,7463,146850,419665
4889,5259,180820,25537,7426,233455,474219
4056,4648,343548,23389,7500,177301,580071
3445,5222,140202,44278,7203,152186,389276
5111,5370,244615,25259,7630,172827,478960
5093,5203,180491,62963,5833,288655,564386
3371,4518,244200,27852,7018,220483,548034
9278,9889,263094,31741,9222,265977,608626
3815,4963,151007,26037,6796,198899,411850
7926,6778,176179,39852,6204,151596,412035
5019,5278,214462,28296,7130,251775,528627
3592,4519,309023,26686,7463,265565,658385
4352,4963,151954,34297,9111,181951,405905
3333,4518,178516,41259,5223,169315,436941
8130,6962,176559,28981,7593,254068,537645
7407,6500,345082,23926,7278,149563,559404
3722,4797,144735,41463,6167,159873,396720
12852,4444,142482,49352,6444,357960,590256
5130,5185,177746,66723,6333,321547,599367
4297,4870,241604,26870,8111,147598,449460
4445,5037,417925,33463,8222,312534,800644
8370,7482,170022,39500,4926,238605,522034
5445,5537,209713,40018,4334,361876,645145
8315,6852,207922,25148,7370,148650,420942
4074,4945,383650,38592,6148,442919,899550
7537,7389,147581,33981,9167,206046,434942
5148,5167,173512,24463,7445,195003,430516
7055,6315,180222,48037,6093,235479,501571
4334,5055,371598,51648,6685,185529,662959
5574,5685,357418,36538,8092,213856,644700
3426,4889,149608,64130,6000,423370,670422
7648,6796,534374,42019,10259,309862,974828
4982,5240,246990,25407,7371,185822,514775
5852,5537,404700,65648,6389,163519,669997
3945,4740,154390,26814,7278,219997,434812
4407,5093,214043,50648,6111,377861,708292
5000,5074,216215,25093,7407,237523,513571
3722,4852,383684,35092,8463,379293,830384
4185,5204,159337,39056,6333,279030,522497
4852,5241,564047,39241,5667,153263,791885
4056,4981,187404,28518,7741,265945,539978
4241,5093,932151,33074,10537,178583,1199512
5093,5518,1147917,62167,6555,188816,1434622
3778,5185,151512,28537,8704,167282,383294
4038,5000,173388,64778,6370,340942,610201
3407,4834,246023,28278,7945,246362,568311
5981,5278,407844,25945,7389,147578,618848
3796,4796,157164,41852,7408,171278,404331
4333,5075,212002,42204,6611,364031,684107
4833,5278,210823,37537,8574,219711,527923
4167,4759,386589,41351,7075,155463,635182
4870,4982,159871,34648,9500,160423,393146
4167,5055,175988,40111,6963,294195,542608
3944,4945,184456,25426,7111,241115,498626
5092,5056,362369,31556,8907,166220,598070
3501,4722,141152,38815,6777,159420,371998
4407,4815,156954,38222,6352,178877,425442
4963,5018,180089,45686,6629,314741,572719
3426,4537,246428,25148,7833,256902,560811
3407,4649,429452,33315,9018,191303,706700
4759,5333,152346,47501,6870,202892,438368
9963,7704,173555,35019,8352,406441,690756
4611,5037,214709,24981,7259,187289,460941
3778,5000,305937,26445,7000,236967,615386
4500,5222,148905,22704,7185,177426,385868
3537,4667,176355,42667,5333,867213,1121957
8260,7241,174767,24889,7759,203601,442979
3611,4870,298607,62685,6019,156186,570330
5463,5315,143630,24945,7148,173979,379702
3556,4648,156950,41408,5963,156103,388479
7686,6926,172604,25852,7315,411836,682552
4538,5018,245721,27852,7611,262498,574090
7167,6370,510450,33370,9537,300879,886717
3741,4926,814418,25148,7297,258279,1168141
4908,5407,176145,29703,9130,155872,399553
3833,4963,212187,24371,7537,268902,575755
4797,5074,309656,26889,7740,239045,610089
3463,4741,156957,22871,7370,177504,392554
7852,6944,170833,45149,5055,415367,688033
5112,5425,178709,23649,7185,140696,379257
7501,6500,365677,50926,6352,196319,651997
3648,4759,360443,36000,8389,156184,606274
5223,5426,152947,41297,7314,166514,397350
5370,5722,178342,27463,7871,144359,389182
4518,5056,240088,24852,7370,250372,573867
4408,5333,327020,65019,6148,189680,648274
3815,4630,154117,24445,7037,196991,410924
5092,5148,171846,48074,6407,312652,564607
4148,4704,210128,28426,7315,143610,416571
9518,7389,377894,34778,9463,148529,606070
4278,4870,157417,38149,6277,161618,392275
4760,4888,173349,27204,7407,375945,612793
8093,7000,173076,22167,7019,196865,462349
6074,5907,400453,38611,4889,241562,717792
8778,7408,352587,23834,7500,177946,594256
4593,5056,153185,27389,7796,290127,518275
5352,5426,177376,24130,5907,205437,445201
8333,6815,238196,36296,9075,144856,460960
7185,6352,403665,39482,5481,366923,844699
4000,4907,157115,24740,6963,259605,476052
4537,5056,184342,27796,7463,154563,402313
4074,5130,367422,41315,7018,158093,627052
6926,5389,389261,25463,7352,182179,635441
3944,5000,161748,22518,7000,173973,393646
4093,4870,175105,39037,6426,325818,605627
5111,5222,182462,24426,7778,149888,392034
3611,4778,271986,27834,7518,1905612,2240209
4241,5315,1144641,24519,7278,288590,1503973
5278,5111,152663,26334,7388,238964,456479
8426,7593,171706,24037,6315,216365,471386
5741,4945,234248,36278,10241,190249,498183
4463,5129,350644,65203,7130,201131,670570
7463,6907,165648,50075,6222,226682,503960
4315,4870,180543,23574,7037,213807,454071
7093,6722,210566,27389,7056,254893,545793
5593,5482,412461,25241,7056,273330,764403
7519,6907,154078,26926,7240,169958,408331
13037,4445,155768,41389,5315,412302,648367
4815,5240,181645,24777,7408,221927,466608
7463,6481,293780,49500,6722,151551,533237
4407,4889,443285,23834,7185,472209,989142
5333,5648,147290,32389,8241,174912,393849
7204,6648,176981,62667,6852,433293,743514
4834,5148,236579,28629,7667,238881,541997
7574,7574,400714,34648,8445,146041,640255
4815,5204,147349,25963,7851,215612,425331
5370,5833,202485,27129,7315,276402,574163
4741,5260,206378,35630,10555,142971,421794
4112,4722,325347,24315,5981,214539,597164
5074,5482,158759,24037,7278,175683,395368
3648,5074,177303,56537,7129,431639,701755
8130,7018,178975,36352,8963,189578,445775
3927,4611,283183,27945,10907,232406,582219
6889,6704,1769452,38833,6722,285203,2167673
5666,5297,151620,27222,7871,180136,397183
3704,4685,355330,67019,6741,206925,696682
5075,5277,236206,25889,6833,184866,481331
3407,4834,390989,31648,10463,191859,652755
8740,7223,156956,62482,6574,165300,425516
3648,4723,211795,28667,7537,417386,723940
4815,5352,214653,64333,6612,192307,506368
3222,4796,1263347,34463,9518,205849,1540824
8130,7333,149886,26278,7870,171168,388831
5463,5481,172392,27166,8260,169532,423590
5278,5426,174064,23463,7315,162026,395091
4093,4870,272236,25334,7333,169557,499275
4371,5296,138445,34241,9093,161108,387609
5000,5186,151728,39759,5611,178603,404220
4018,4982,181437,41223,8481,456040,712273
4056,4815,236406,23481,7667,178128,469998
4500,4834,788616,30981,7778,254877,1162012
3945,4963,158324,70037,7630,167747,450035
42260,4351,166423,58315,6055,422741,717218
3611,4704,220113,50759,6074,197922,501830
4204,4963,390655,40389,6130,258729,720773
4038,4888,154698,28315,7407,196374,433609
5037,5408,174888,41093,6204,160035,411183
3555,4704,186153,48093,6315,229140,507978
4851,5019,351103,37223,5815,343799,763662
4352,4907,352739,38074,8481,180054,605218
3981,4759,149670,27537,7463,278254,539478
4278,5074,176064,65963,8111,392543,701978
4852,5314,246385,28037,20537,169798,494089
4741,4611,413168,44074,4741,345161,865754
4833,5019,171339,32945,8407,245065,533626
4555,5037,176771,42130,6055,327208,617385
5278,5204,211499,35222,8370,191332,473461
4371,5130,299559,48926,6315,152197,535942
3796,4704,154213,26371,7833,172951,405313
13056,4204,601275,23722,7111,202146,870495
3538,4833,175168,62982,6148,147274,418572
3833,4852,274433,28963,8130,209989,560570
4871,5222,887515,38296,6518,161554,1123624
3964,4833,155388,23760,5833,236220,467053
4667,4907,175431,33185,9611,163160,406553
4112,4851,239419,23518,7259,170080,466442
3889,4870,410739,41759,6278,431849,936754
4889,5315,152262,24556,7889,173050,387202
4019,4926,589194,40500,6204,151005,832421
4777,5167,208107,26185,7685,183743,452256
4370,5093,330501,36055,7667,233884,669903
4704,5277,158636,25149,7370,173566,393275
4407,5130,172030,41223,6592,280189,559460
4963,5297,181239,28834,8055,265721,510775
4148,4889,339227,34889,8555,155881,565145
4519,4944,124417,24833,7074,175211,376794
5019,5204,149070,39611,6075,253519,526294
4167,4777,175539,31149,6981,207144,467145
4796,5000,236860,62148,6648,165508,499053
3796,4889,345865,28482,6425,146503,553793
3352,4630,158259,25333,7389,285849,517516
5315,5148,203376,23889,7278,416842,678404
4074,5075,210603,27296,7093,246134,541775
4296,4704,368665,35333,8296,346424,817606
5500,5204,153800,23814,6649,176531,390757
3852,4926,173065,66592,6797,151007,443628
5111,5130,178218,26129,7223,158428,397609
4556,4704,353205,35130,8685,160254,585719
10241,8241,125729,39333,6445,160750,369758
4649,5000,150734,28333,7537,255023,482349
5278,5241,175221,22482,5907,198425,431109
4574,5408,233319,61093,6203,150086,478516
3963,4722,352121,28667,6074,239783,653977
3685,4908,750183,38481,6611,271070,1142215
4518,5260,174928,28981,9037,142422,401479
5352,5463,207304,61537,5852,214859,519219
3297,4500,301643,26352,7185,237909,612867
4667,4944,153463,26519,7445,171257,387202
4259,4907,171210,40926,4944,149826,395072
3704,4833,188882,24407,6908,248875,520516
4333,4889,346887,37833,4667,371979,786310
3445,4648,357041,24611,7611,147215,594534
5315,5315,233731,38759,6241,169766,477664
4037,4685,178199,53426,5630,205465,483145
5056,4907,240131,25352,7574,264885,591089
4370,4778,333007,62241,5944,196064,636311
4778,4981,177438,25204,7352,242911,481849
9907,8519,179462,23444,7185,203628,471071
5315,5500,209152,49797,6370,173974,501534
4518,5056,339306,48389,6204,316911,770588
4889,5407,153349,28666,8037,178131,398442
7592,6926,173744,36926,6222,360105,616126
4667,5111,187323,24370,7500,214323,482627
5166,5352,379477,41352,4778,222112,701810
4944,5315,356149,24666,7260,168607,604663
4945,5222,148691,59185,6667,205992,450461
7333,6852,171437,38001,7907,172301,422720
4686,4852,233757,27167,6852,248832,568553
4704,5056,326392,23926,7112,261714,662089
5315,5296,157750,32630,7148,257525,532256
4019,4703,173718,24093,7111,148576,397627
4870,5148,207020,28889,7278,240681,535700
4130,5333,363026,26148,7148,148897,574996
4112,5148,158642,25463,6778,173726,392331
4203,4723,170851,45481,6000,345794,593218
4186,4907,183357,26463,7426,147881,391591
4315,4870,171881,63037,6037,274339,577645
5334,5555,130849,24445,7481,172686,382220
4463,5000,154762,62037,6241,240494,492553
3982,5111,177916,38463,8148,227545,491535
5037,5130,232272,24778,6815,259187,550663
4018,4704,320242,24000,7444,169218,548348
8482,7426,182876,25741,7722,252695,504590
3981,4889,182123,34259,9555,200116,478312
8241,7019,200517,25278,7666,252758,555757
5426,5685,298300,35019,8389,167511,540034
7519,6963,265065,41167,7000,173302,519183
3852,5148,170959,25056,7111,403260,634163
7444,6889,178539,62445,6037,317865,595237
5500,5519,291192,25649,6277,176953,530182
4834,5333,137216,28463,7834,169170,370961
4074,5055,148203,39612,6370,157998,380016
4111,4648,171672,25407,7852,218807,452071
7778,7389,224807,62685,6222,176209,523256
6334,5481,431739,41074,6611,245776,759255
7315,6704,150299,35574,8908,221457,448590
4352,5000,177101,25722,7778,146304,386220
7389,6630,197421,49241,6074,161113,446424
4630,5370,307909,26370,11630,197718,571775
4000,4871,155209,48926,6038,204695,441942
3814,4815,177401,26815,8111,147282,388571
7611,7037,181332,61611,6111,216462,500997
7241,6296,351190,26352,7852,183547,620626
5648,5371,141268,25334,7648,172359,376202
4648,5056,152867,24574,9278,168742,401072
4833,5186,176872,46204,5888,402884,659218
4464,5111,238489,51648,7352,174545,499609
3834,5240,400699,24907,7741,368797,860903
5038,5203,148389,64093,6444,240831,489998
4575,4685,174598,28388,7686,170177,408128
5537,5482,717641,40630,6444,165224,976976
5481,5278,290535,27092,7426,126963,478626
4056,4926,151836,38982,6241,157661,399665
12630,4204,157119,27056,7463,145304,371980
4241,4926,172125,27426,7407,238188,485868
5093,5166,347020,24167,7018,171014,577978
4186,5314,119692,42926,6592,156103,370387
4667,5019,233086,25926,7000,179781,473738
3797,4685,230369,26815,7667,315738,604571
4000,4926,230467,22945,6796,247437,558830
4352,4834,832066,25241,7352,217075,1128068
4963,5222,155256,32148,8019,237742,494590
4463,4833,181835,25704,7000,147515,407145
4852,5000,206378,65148,6759,206305,512701
4297,5259,385032,39482,6037,404315,859995
3778,4851,180537,26834,6851,248905,490201
3722,4704,176931,38852,6185,139067,405812
5241,5611,179141,25796,7704,238097,504146
4185,5093,280183,25629,6074,245740,598274
4852,5019,128096,40759,6315,155921,359054
3797,4666,154176,28815,7703,240137,458257
3834,5037,177217,23945,6815,224372,509868
4296,5093,238186,22408,7074,258458,568608
4926,5093,359081,29148,7352,143731,567830
3852,4981,158864,39055,6315,176023,423830
44074,4111,161814,40111,4537,151758,425182
4240,5186,205948,37093,8556,141697,452164
4815,4981,429751,22815,7204,267300,803662
4092,4815,153164,33777,9056,164371,403775
5223,5203,166780,27852,9019,153329,387442
3704,4833,175952,24112,7000,258008,514590
4352,4833,260736,34870,8407,176281,529367
5148,5315,868575,63723,6777,181696,1149623
4129,4815,153339,25944,6278,190604,404331
3778,5000,1123476,33463,8796,239942,1445788
5185,5315,229998,25407,6463,270684,584311
4333,5074,342411,27334,7629,284771,700440
4519,5351,167713,34648,9148,264378,526330
4296,4704,175866,24741,6907,212780,467757
4723,5185,199445,23760,7278,255199,536349
3981,4630,368655,26945,6037,189656,632533
4834,5055,428846,25537,7519,287353,825477
4370,4871,554462,71334,7148,184680,856902
4833,5167,178115,26426,7000,182734,420553
3852,4649,306473,56426,6870,696984,1094809
4204,5222,361312,32000,7907,244758,696311
4407,4926,150799,34611,9445,168865,409201
5092,5352,173230,53963,5686,173563,434830
3852,4833,229829,26648,6778,248668,537534
3722,5704,379074,26389,8093,143422,602107
4852,5148,151450,26260,7092,172696,386016
3963,4926,175826,24333,6926,203616,457738
4981,5037,199646,25075,7055,229944,515108
4222,4981,357319,24963,7556,193363,630514
4796,5019,150398,23463,7314,174675,384164
3815,4926,166773,43037,5445,157965,400090
3889,4741,174113,25055,7500,148700,380146
3945,4944,270655,49926,6260,150897,522367
5241,5278,126030,40000,6093,159393,360479
3556,4722,155629,26000,7444,431849,645681
4093,4852,175097,22963,6481,160290,409831
5111,5130,226084,27389,8056,192802,481756
3852,4778,315756,24630,7463,224777,622126
4296,5148,156744,23666,6704,210588,443238
4926,5037,177730,40037,6593,152416,406238
4166,4982,204254,26445,7000,250150,513793
3870,4908,360278,34185,10112,414253,877013
5056,5148,155246,40482,6407,159511,390368
3889,4834,167604,25778,7388,1095019,1355419
4852,5259,170684,60944,6167,216017,531330
4223,4870,257782,28500,8203,146124,503368
4389,5000,1139307,23611,7167,260610,1480769
4203,4963,152793,40259,6574,177724,422553
4852,5259,179372,26796,7537,142978,384868
3963,4796,230118,25482,8815,221008,510423
3908,4666,921459,25685,7259,292238,1309548
4741,5055,661427,23833,6852,563363,1286678
4315,5037,169042,25463,7926,148086,395535
4741,5000,193344,69833,6648,206506,504275
4000,5370,363239,26740,7945,145073,569608
3908,4759,158429,38852,6426,160939,391980
4019,4926,167156,59593,6648,378970,636904
4371,4889,179717,62519,5796,141688,435053
5148,5445,354556,25519,7574,206310,629015
3629,4852,509785,34722,9519,325932,941179
4759,5148,147252,26000,7815,264875,496793
4537,5148,172240,25463,6388,203203,454349
4667,4944,232615,63908,6944,147734,480812
4055,4871,368657,27167,7426,191561,621459
3815,4778,160311,43778,4722,206001,442331
3963,4759,170816,26186,8037,146570,396942
5148,5333,195082,61870,6278,148064,440571
3519,4685,374199,28722,7759,146243,583553
3889,4926,153000,23629,7186,174479,403072
4908,5000,164338,43556,6518,141993,384313
3648,4815,175085,25852,7407,146376,378257
3870,4741,264090,35000,8611,138722,492682
5037,5167,430763,24333,7241,314010,802236
3852,4925,152305,32148,7741,184138,419979
4611,5074,174218,51129,4519,180558,438720
4074,4833,233149,28149,7537,243496,538015
3686,5796,317007,23981,6926,161583,535145
4518,4982,178104,25389,7315,236171,488423
4722,5186,155239,35056,8129,176407,422183
4407,4870,193116,25426,6814,253901,506423
3833,4778,373862,25611,7611,162339,595830
3982,4851,156015,23426,7389,175372,389683
3482,4962,164354,43426,6593,278606,553423
5185,5389,178600,25352,7556,266749,506256
3370,4611,358902,61908,6648,986405,1441417
4611,5185,718871,23834,7389,293974,1072901
3463,4981,147005,33260,9389,266436,505200
4000,4889,170529,26371,6037,214394,482664
5223,5351,231054,26444,8111,250777,568349
4056,4722,402041,35148,8093,156159,646237
4760,5018,155805,39278,6778,173248,403183
3833,5000,179033,26759,7593,144484,385479
3982,4759,202668,27130,7629,249867,512497
3408,4648,382970,24074,7204,276192,730089
5019,5315,153678,40871,6333,158190,387646
3834,4574,172628,23371,8426,173702,422350
4833,4963,176930,25982,7333,148716,384960
4166,4760,321343,39278,6055,152765,546830
3297,4833,478645,26889,6926,365739,905217
3666,4797,180724,32204,9481,211644,473849
5000,5074,177896,24575,6351,148157,387053
3130,4722,231421,24648,7204,268020,572441
5056,5185,393649,25370,7815,184718,640441
3833,4944,156876,32241,7167,161974,385331
3704,4648,177474,24555,6982,195116,430572
3834,4815,201886,25093,7371,267925,542090
5315,5278,382411,49426,6056,257418,773570
3982,4907,152120,42815,6315,155081,400868
4537,4852,164644,63667,6500,351575,611552
3926,4741,174982,64630,6111,145386,418405
3945,4870,354748,50185,5926,151027,588349
3834,4685,442179,49000,6056,318890,860866
5130,5296,150573,25352,7315,200554,412387
4371,4981,338579,38463,6685,186437,597404
3686,4981,227843,28278,7815,240987,545053
4741,6000,400627,26463,7314,156055,621033
3907,4926,152169,24426,7037,268847,533386
4556,5055,176989,26556,7222,163490,419942
4926,5111,200495,65204,7130,192391,515738
4204,4740,295501,26241,7388,248330,619385
5074,4944,150950,35815,6685,160493,382997
3944,4889,170696,24797,6981,151394,399516
4538,5055,209387,28667,7444,253425,527053
3926,4741,355355,39334,6685,268974,719736
4574,5111,351009,37741,8685,251913,690366
4778,5111,187978,49259,6611,170243,442313
3796,4704,171020,54333,6334,203347,462016
3778,5092,234785,28000,7889,189379,507738
5389,5315,318938,35223,8388,233577,649718
4352,4981,155074,38463,6759,166739,412386
12592,4093,191912,28963,7111,290344,550867
4333,4574,194473,61649,6500,205116,517719
4445,4907,1109925,27778,7834,275177,1461140
4797,5185,436429,66833,6537,178993,745903
4241,4759,167471,28223,6833,180934,428239
4833,5149,173532,66537,6592,421187,693977
4167,4944,257112,26537,7259,147960,465497
7982,7870,1981436,36056,8333,270773,2357098
9722,9019,174789,26130,7111,239504,519164
4889,5260,175702,35333,11204,347498,597830
7666,6574,226375,26703,8111,229327,521515
4575,4925,399010,38519,6740,377560,850329
7982,6796,157978,26593,7481,167909,393332
5204,5611,176243,27074,7481,162126,418794
5278,5500,200600,24592,7037,120232,379368
4685,5185,317513,62185,6685,398242,844106
4649,5074,172851,24667,7296,243035,498035
4315,5056,836784,22537,7333,291080,1187290
4778,5574,170344,26963,7889,249857,485775
8166,7204,251590,23871,7351,159889,474201
4241,4834,880782,25333,6796,250008,1202290
5426,5315,150138,37167,9963,181952,409887
8111,6759,208255,40556,8537,194279,486590
5166,5426,230260,64093,7407,211015,564311
4389,5019,406988,62537,6259,377562,914643
5186,5463,159474,63167,6722,178153,437239
4315,5204,200036,35518,9722,193870,466775
4389,4963,193985,25296,7075,120790,406071
4759,4982,291269,34907,8296,217413,602848
3889,4981,144163,37686,6518,160168,393831
4908,5185,162261,27593,7685,417143,641608
4463,5241,174137,34648,9000,148528,391905
4148,4926,274606,51555,7260,147743,508627
3685,4666,900965,25185,9259,172437,1152197
5111,5408,158801,66093,6740,262085,523219
4093,4814,179622,29852,6611,181024,441868
4648,5000,228442,28333,7445,274240,564478
3778,4851,400171,35481,8926,149141,620663
3982,4925,155250,64000,7000,169748,422609
4241,5074,178810,27074,8093,162614,422813
5038,5222,194334,25482,8703,147979,403720
3797,4722,368858,27019,7185,161435,607867
4760,5166,150030,24815,7204,173375,383924
3945,4870,159943,25556,6741,162795,397980
4574,5019,170096,26723,6759,237919,492275
4037,4852,294158,34185,6815,155210,535164
4630,5056,122311,40852,6963,156464,355109
3927,4814,149428,25519,7259,215866,425424
4130,5055,170304,69815,5148,190453,484312
4092,4797,227939,28814,7667,249354,553422
5278,5296,340019,66111,6982,338051,777810
4055,4852,156931,24426,7019,896099,1112030
3537,4982,175992,41685,5037,328283,613497
4982,5407,191276,48666,6519,234573,510553
3537,4870,373559,24871,7611,385492,815310
3833,5000,1230585,64297,6629,161147,1509991
12796,4593,153884,30167,7519,388001,619774
3537,4778,165834,38371,8555,148997,419109
4612,5203,254488,29463,7945,263268,606571
4630,4834,127604,26796,7389,169394,376369
4815,5185,329018,51463,7296,198738,621423
4186,4777,180579,45389,6648,212882,484961
5000,5333,223270,35611,8204,142839,436016
4186,5018,328664,27759,6500,202852,594775
4130,5055,150947,37796,7852,200866,424275
4407,5037,171323,24148,7982,429118,657292
4370,5111,193884,26722,7593,262169,541182
4333,4760,284944,35778,9963,163941,520108
3722,4834,152246,25296,7389,173067,384202
3926,4834,162603,41000,5259,147506,418664
5741,5518,172479,25852,15537,209907,483349
4037,4704,254485,63815,6222,155068,525793
4945,5241,341675,29408,7815,279357,711774
3704,4667,153255,23981,7574,208873,439164
4834,5055,173835,32222,6463,187719,428276
4130,4685,222470,36000,8796,147028,440294
4149,4685,312827,49519,6388,160133,554886
3722,4685,153055,27037,7240,215240,448645
5260,5407,176320,63333,6148,145030,419961
3982,4630,201491,26370,7408,263117,523590
4111,4889,372386,22871,7277,317036,744255
3611,4759,155910,38667,6222,160588,406516
5241,5278,162360,71037,6963,304766,571404
3704,4834,178383,64537,6167,165669,442202
3648,4908,149037,26481,7593,271460,488812
9944,8556,334580,26056,7759,120195,523015
3944,4704,147715,24926,7074,220190,427016
5945,5407,177017,28741,6129,185074,426424
4204,4963,219466,37871,8444,164809,477516
5259,5278,325083,25408,5851,187803,573719
3852,5111,154255,25296,7222,218650,432367
4019,4981,186538,24741,7019,280403,526515
3815,4759,269600,28740,5982,188083,531552
5241,5482,362864,32722,10130,184706,619534
3686,4777,843909,26500,7611,168289,1072216
3889,5056,159226,35297,8500,160882,408072
4945,5018,169807,27389,7537,239765,495757
4000,4723,330590,36740,8723,420849,855606
4518,5074,439966,63630,7185,177697,716107
3871,4851,153212,24352,7185,181342,393164
4018,4797,172254,48907,6574,216336,493219
4204,5000,234667,25222,22037,232737,554534
5204,5463,324562,26296,7463,259990,669885
4537,4815,158418,23519,7407,270894,500312
4834,5092,177887,43723,6555,276369,530441
3685,4704,196633,26593,7537,145845,400997
4463,5241,294509,37056,8926,988205,1353900
4075,4944,150255,40130,6685,159391,401054
5111,5333,158372,28667,7592,158904,382405
3908,4833,177692,27778,6741,234546,474257
3944,4686,313957,34185,9130,146151,547182
4741,5259,1227020,26000,7222,338452,1628009
3852,4777,151153,35149,8240,206901,447590
4685,5352,172936,58482,6389,320486,583941
4166,5167,218072,25463,7333,248333,525052
3741,4963,343299,25834,10537,182327,588626
4778,5148,154138,63352,6222,170212,439202
43852,4426,156681,24018,7500,165354,419887
4056,4796,1129632,39834,6240,175823,1379696
4223,5111,316247,26574,7574,231027,631515
4111,4834,150937,37074,6074,161579,400720
5648,5482,158202,35556,5777,162148,392701
3870,4982,174152,45093,5926,164327,417016
4019,5074,252546,29593,8426,226802,543367
3852,4907,1579129,62260,6000,299618,2009562
4963,5463,179021,28240,7463,303162,546534
3555,4834,1329083,48038,6129,184352,1593805
3981,4926,235865,26315,11037,244762,546571
9260,8963,1256631,61427,5925,230730,1592732
3722,4741,149653,34463,9555,168216,390497
7093,6740,173881,37463,5760,387374,635367
3501,4666,197738,37371,8778,191796,492553
4592,5778,303837,62074,6111,371585,770736
3686,4907,957992,34296,9130,172871,1200808
4575,5000,157421,35630,6444,155817,383758
3556,4555,175057,35481,9111,145164,390776
8648,7112,246913,29167,7593,249583,565441
4593,4778,365197,25463,7408,246373,694089
4592,5149,146480,52389,5814,166722,401053
9148,6945,178726,23371,6740,166346,427109
5796,5611,219899,66630,7111,151080,475942
9056,7111,392978,41371,6259,352961,826514
4630,5167,149798,61982,5944,190440,437850
8815,7167,174859,27556,8463,143916,408146
5037,5482,187809,24574,7315,252169,499201
3445,4796,363445,25166,8186,163700,603404
4852,5185,669617,26149,6962,192859,924568
3445,4907,158029,44445,6704,148653,386387
7926,7055,169350,27222,5944,235963,472552
3260,4574,252503,48389,6371,207252,573868
5204,5259,1124548,25981,5926,188204,1378251
8482,7722,172107,38926,5944,244594,519368
5370,5482,180186,24870,6908,842974,1085512
4018,5093,217710,60463,5963,178009,509663
5055,5389,393864,60149,5981,351446,838050
4445,5074,152925,40796,6111,269073,510516
12555,4019,151893,30056,8092,185586,410312
3815,4741,192084,26648,7130,158488,409516
4111,5074,355479,40333,4630,392424,851199
5056,5463,895356,25648,7648,197008,1154049
4055,4852,253953,64963,6370,357340,726644
5092,5352,174124,25908,6963,223280,507997
4537,5111,250927,64740,6112,787234,1156808
4907,5093,341487,24982,7444,150417,550386
3871,4667,148362,48315,5982,203801,451831
4722,5074,179054,24277,7537,148963,388053
3833,4797,225725,28556,8000,255827,543552
5074,5463,389398,31741,9778,183413,659756
4981,5426,157366,25148,7500,171743,390016
4482,5167,171742,38481,6426,297385,574682
5000,5463,191007,25537,7444,202250,454572
7352,6629,300587,33222,10093,148669,522348
3833,4834,139888,41000,6648,155351,369850
4445,5000,156449,66463,6259,148697,405128
3834,4648,174899,57259,7278,155376,458627
8723,7462,245942,31519,7981,267648,590126
4333,5093,344003,66666,7001,143401,631774
5037,5426,161008,25241,7129,167472,390887
4111,4834,172328,37537,4796,184040,426590
7760,6888,213779,23333,7333,160738,436479
3648,4778,355321,27518,6130,184342,625959
4926,5389,154122,33889,9389,170320,396016
4426,5000,180868,67834,6889,352257,667922
4686,5092,187800,27130,7166,239476,514831
4463,5037,350120,24519,7074,146876,591533
4630,5352,143199,25871,6963,172131,376202
4222,5000,156205,42056,6889,151644,384961
4149,5018,172877,24871,6722,132417,361887
3630,4722,316846,67111,6185,180540,612459
4926,5149,341795,26649,7111,146886,549664
3852,4871,158819,46611,6667,166845,441109
4760,5259,179065,25723,6833,209913,449461
4037,5000,223793,23445,7111,141815,421479
3778,4519,953967,33055,9112,357747,1382585
3666,4741,613139,63074,6370,307837,1036105
5056,5074,173921,36074,8222,164151,411646
4074,4592,192093,23834,7370,134516,401720
4722,4852,304784,49333,6482,198398,636348
4723,5018,1188828,43075,6629,455662,1757620
4703,5019,154998,40556,6370,153444,384960
3500,4630,175633,29722,6722,235494,495830
4185,5018,255899,60963,6629,221654,585237
4722,4963,120977,27334,7814,169577,353386
3871,4907,145520,24889,8667,291644,510609
4593,5074,178266,60112,4648,373322,642126
3926,4703,222013,51333,6741,158485,465664
3907,4889,339611,24222,6056,148200,544552
4167,4926,155356,45889,6241,263456,510238
4907,5444,175437,35352,8722,190302,471775
4130,4685,192424,25592,7019,286648,556664
6611,6315,300207,67166,7112,399918,803662
3667,4778,155452,25445,7759,169879,402572
4815,5278,160291,41537,6741,145688,382054
3741,4666,175427,27463,6148,174238,410201
4037,4723,267895,62759,6278,332953,694293
3889,4796,2346665,25741,7481,196598,2621485
5260,4481,155425,61407,6185,224851,476627
3519,4907,175023,26926,7389,146771,400257
4685,5056,217398,61296,6315,168432,481978
3722,4723,392571,35351,5871,151685,611737
4056,4888,155428,26259,7075,188310,421590
4981,5037,174008,61666,5945,148786,419571
4296,4945,389791,66926,5963,158057,648459
3907,4908,377092,38649,8222,204644,655885
3741,4778,148634,52038,7666,140586,393331
5093,5537,152510,29111,7482,161783,380738
3556,4796,170405,24352,7074,262278,489164
4241,4926,243873,25167,6870,205846,529367
4760,5240,953733,23555,7760,298797,1334715
4167,4814,150959,43685,5963,153114,397775
4556,5000,171001,54426,4981,167182,426609
4111,4685,217766,24907,7056,168269,462071
4778,5019,389345,37149,8722,157114,626775
4019,4963,156110,40759,6482,153962,384406
4592,5149,174319,26648,8259,171808,426442
5093,5092,188880,64945,6130,305801,591737
3834,4685,361293,34963,8630,144500,575423
3686,4796,146113,25778,7537,172848,379405
4074,5148,153934,27222,7778,188008,403923
4074,4852,176050,24796,6000,181078,432349
5593,5352,240648,36907,8889,144831,457535
4056,4796,421210,64333,6482,382007,917995
4611,4982,150196,26000,7166,218302,430479
10834,8259,183183,26018,7741,190630,465664
4982,5130,216410,24408,7074,224198,500924
8222,6833,418806,31018,8056,255098,799940
4889,5259,149773,44908,6389,261964,504127
5186,5092,180779,22945,7648,195552,438016
7093,6778,183229,67481,6537,163065,452664
4574,5148,332827,42148,6037,380928,787291
4240,5111,451074,27056,7407,383699,897513
3722,5018,159357,24574,7296,162605,398979
6111,5722,176399,26889,7426,119173,357072
4852,4963,243719,23389,7500,169037,490775
4649,5055,331466,27222,7204,118716,511294
8259,7148,175193,38778,6185,245175,534089
4426,5167,292902,26204,6722,358316,712404
4240,5093,221500,37000,8556,165460,479423
4592,5038,347005,57112,5981,350305,786551
3556,5222,155770,25204,7611,216061,448998
4555,4945,175664,28038,8018,146167,386201
3815,4963,196337,50315,6333,168087,449294
7870,7056,349398,25018,7371,147654,562330
5500,5574,1196609,27167,7445,148475,1410196
8778,7574,145575,39482,6111,159515,384646
4722,4889,229044,28741,7555,196380,491701
8444,6945,246753,62074,6222,167392,534275
5685,5074,918334,25426,6926,243696,1226733
8815,7426,148152,32130,7407,190586,412923
4277,4760,176658,49278,7037,337579,630051
5093,5463,211293,47333,4426,165538,458331
3704,4759,321429,26944,10408,179772,566516
8760,7315,157970,63538,5926,180434,442683
5519,5296,177458,26037,7371,370372,609330
3778,4740,187630,35556,8593,175867,435479
7685,6815,353765,40445,6185,150898,585311
4704,5037,144937,25500,7593,171561,379165
7574,6982,147887,28926,7870,167315,384202
4445,4851,175726,23463,7537,257198,493479
8352,7204,236935,36981,8778,150970,500627
5852,5926,374978,66593,6648,376017,854273
7982,7130,153964,25519,7240,187385,407720
4092,4778,172452,61648,6241,176601,462812
4963,5185,214290,27815,7333,171522,448867
8167,7074,308462,25593,12741,178201,558830
5186,5314,158116,62130,6407,252474,508553
4259,4889,169973,25649,7277,147544,379905
8315,7074,180961,51518,6074,176149,467683
5167,5129,387003,27593,6685,187438,636292
3741,5074,190249,33852,9722,208508,489442
12871,4296,934830,23704,7389,200441,1202845
3926,4778,175445,62370,6389,344588,616385
8222,7315,241951,27629,7963,246880,580941
5074,5297,437604,24482,7426,297798,796033
4259,5019,177794,52260,6000,228850,493664
8130,6981,177004,71907,5037,307438,592700
4074,4629,213899,24426,7388,118489,389127
3797,4703,424164,38055,4778,181129,692774
8038,7018,156076,24833,7315,172200,394109
5407,5037,508045,27259,6834,382098,954624
3685,4796,193346,23704,7426,151485,403590
8889,6926,352926,59352,6129,146201,599033
3389,4574,364172,60926,6315,226879,707496
5186,5240,157066,26000,7408,281283,500868
3611,4704,171960,26611,7260,243907,477682
8612,7055,241485,36426,9796,219346,576534
5648,5574,685195,49759,6241,185207,973476
4926,5130,151569,40685,8871,295335,526219
3759,4908,169889,27445,7537,147608,380942
8463,6945,205024,62630,5963,148677,475812
5074,5222,319975,62444,6315,377891,796217
8908,7092,154055,27259,7555,223277,446776
3519,4778,177411,34926,9537,412659,692959
4982,5407,182399,64777,6186,202061,484590
3685,4778,381664,36000,9333,157018,611719
9056,7463,360002,49556,6000,266049,742440
5426,5537,151341,36907,4371,164250,386942
4296,4778,177198,47685,5630,169225,428756
8592,6926,239037,29778,8167,245182,554441
3481,4704,405024,24649,7703,146880,629052
5315,5389,154196,67000,6204,219912,477053
3241,4555,212702,25981,7556,363350,667830
4666,5204,212392,48574,4760,174012,468590
3482,4703,148509,23852,7000,288729,495867
5056,5093,398384,27130,7945,869737,1335974
3149,4814,553928,36352,6222,310382,965069
4797,5259,186154,37612,8703,140473,402739
8444,7000,269179,48778,6166,234800,614589
5518,5278,143147,25852,7537,169554,374942
4389,5055,151652,38241,6019,439362,661181
4334,4926,177954,34278,9333,146340,393831
3852,4833,239664,23537,7740,122520,421386
8111,7315,409669,45481,4704,152846,646311
4149,4685,620416,48185,5926,224486,927717
8315,7630,180624,28815,8574,196966,468424
5612,5537,209740,23982,7426,160553,432794
8223,6370,305617,25130,6833,271750,665145
4464,4981,163215,30259,8129,251598,482479
8593,7056,173275,41519,6537,382480,658145
5093,5277,189004,36481,8815,141458,406035
6871,6611,353787,40685,6222,171562,603330
4463,5018,403033,46852,5686,333517,833976
5352,5167,157186,28963,7981,220923,443738
4129,4889,170433,25407,7463,237509,470756
7963,6833,241198,25778,6759,265410,585885
5260,5500,393814,23667,7111,149738,603349
3981,4907,158727,68074,4815,182623,460886
4649,4925,180325,37482,8333,150506,404239
3593,4722,222571,26278,15574,177352,468923
7648,6463,381207,33722,8574,141290,613996
4852,5185,159637,27834,6463,231026,453016
4371,4981,178310,65278,6092,250447,559942
4537,5092,179612,36296,9018,147035,398405
3889,4648,271136,25740,6852,275213,604478
4482,5148,363067,23963,7408,160429,580423
4148,4945,151035,32166,8408,164185,400831
5241,5092,173300,23333,6000,196791,427479
3574,4889,485047,32277,8908,285337,838976
4223,4759,425830,65555,5260,225666,761459
4870,5259,156520,33056,9278,274014,502960
3574,5000,210526,22740,7112,370026,635404
4019,4814,210439,61537,6722,213318,533775
4963,5167,335574,28814,6686,180886,582256
8556,7704,154356,34315,9241,161160,393017
4148,4889,546696,65593,6777,168281,815884
8166,6889,217053,27481,7482,143371,428330
5149,5203,309077,62037,6685,174309,581330
4334,5018,484916,39297,6055,269764,841199
5408,5315,150309,71908,6555,144800,402628
3797,4777,175019,64482,6000,315848,586701
4093,5148,247173,26870,7278,251065,583053
4834,5055,337308,62482,6185,167948,621978
5333,5186,155664,26815,7278,219555,437442
3945,4759,212097,26796,6981,368900,639608
3852,5111,210028,65907,6334,153414,483201
5944,5333,438608,25926,8222,210685,714107
4371,4852,178798,26055,7315,231163,484794
4612,4981,176563,22963,8166,150084,385998
4278,5037,193791,24685,7500,182800,434127
3778,4685,356296,22741,7148,195275,625330
4686,5203,139468,22519,6889,175289,372406
4204,4907,149344,40963,6370,444061,704367
4945,5166,180275,52167,8408,171129,440757
4148,4889,239873,62297,6630,147124,483627
4982,4741,443768,42870,7000,245283,820532
4352,4833,172495,51852,6482,235187,503812
4963,5315,179538,36463,8463,271496,524553
8759,7704,207432,25815,7463,258269,557330
4426,4944,405105,36481,9093,218225,713125
4778,5148,150351,74074,5185,235499,495201
7537,6666,173930,31889,7445,169808,433367
4759,4889,177676,24241,6870,859077,1096808
7834,6833,344219,59796,6704,159315,603015
5185,5333,362225,53278,7426,226271,729736
4759,5167,158766,28074,7982,166620,406997
5278,5259,170291,64482,6351,183930,454905
4149,5185,252222,25833,21167,170905,497479
4241,4796,326728,26500,7944,194158,603867
5093,5000,361733,24037,7445,269577,738626
4278,5019,209423,65463,7223,225888,549571
4796,4982,207669,36685,8593,228402,532441
4185,4833,1681586,27037,8222,216996,1980877
4722,5204,157884,62074,6723,178057,433201
4166,4926,175927,33037,7833,430829,695199
4778,5315,177524,23797,7611,158843,395368
4260,5129,355716,34093,8352,352279,775699
4148,4926,354925,61166,6278,169350,644366
4630,5056,148226,64111,6648,218068,465535
3944,4778,176269,61370,6001,149413,420460
3815,4907,237219,47204,11555,195408,529663
4760,5092,388354,26815,7000,200902,715848
4648,5185,159915,65241,6222,243360,504275
3833,4889,210958,28426,8092,301725,572959
3778,4759,209204,35130,8500,174645,476016
5038,5296,393857,38204,5167,147120,613664
3648,4704,160140,54037,5019,196783,462534
5019,5204,172849,23556,7148,431906,663034
4278,5074,179336,63704,6759,193624,471608
3870,4759,332805,27630,7537,144692,539200
3685,4963,135217,23501,7370,175262,368590
3371,4666,1312948,30852,7056,367320,1763323
4871,5426,148395,24685,7370,246158,477775
4074,4907,235272,36444,8815,153300,492330
5222,5092,406222,31185,9037,139812,614626
4111,4667,154578,49334,7389,152123,390572
3592,4741,175547,29685,7982,140506,379775
3759,4963,204886,64093,6018,147667,467312
5093,5222,338095,28500,7500,153550,558182
3685,4815,179359,26741,7111,218434,480423
4000,4907,173069,24870,7278,151115,401257
5203,5278,181315,25296,7426,222220,463404
3759,4834,353913,23259,7760,159231,570571
3500,4778,141974,24185,7278,857946,1058902
3538,4870,303424,41870,6778,271795,665089
5130,5463,177855,25352,22278,203512,458812
3463,4555,241602,66796,6278,161507,502608
4518,5167,343774,36667,9388,217019,647440
4778,5167,159575,37982,6129,185164,417868
10389,8833,179396,25778,6814,397268,678903
4759,5074,207475,35019,8259,144874,421738
4259,5185,359907,29426,8426,170497,595737
5038,5222,154838,24055,7778,174475,390109
3556,4741,173584,39463,5426,410986,653404
4000,4723,180663,36722,8778,164168,416553
3723,4703,358188,39186,6870,281919,713663
8296,7186,351563,27278,7389,259507,677626
3667,4685,149217,60722,6611,139355,384350
8519,7000,175352,63315,7222,388255,665533
4464,5185,237209,26611,7130,192769,489998
3463,4685,326678,35556,8592,201874,597089
3963,5186,151479,63371,6870,270943,521701
8537,7463,174763,26185,7222,146180,388146
3611,4574,208917,50926,6463,158581,451553
3981,5000,382534,27167,8018,353388,795847
4000,4926,155760,32945,9259,162978,392701
9056,7074,164895,29815,6630,150491,386794
3555,4686,189123,63722,6371,314447,599959
7315,6685,290556,25944,6852,210368,566201
3518,4778,126579,27796,7111,172179,360664
4518,5241,150881,40370,4630,206321,430794
4704,4593,150071,36944,8797,162778,383757
3741,4611,365355,29333,7241,186197,616867
9018,7834,399304,40741,6315,271691,751829
3704,4833,153088,30129,5945,200447,417831
8426,7055,176520,34333,9981,347515,599237
4445,5259,206543,24852,7315,253824,519257
3945,4870,303160,27630,7111,1933938,2299598
3815,4777,1312112,33389,8982,161564,1545306
7592,7056,167744,43260,6463,414233,663403
3926,4815,176342,26630,7259,147674,385887
7001,6462,304941,57186,7352,380369,814422
6241,5926,357835,28556,7167,238494,662052
3463,4630,153025,37482,8241,195268,439924
4926,5519,173698,62518,6834,388298,660089
8166,7000,236333,31426,7574,250942,557589
4018,4722,415728,39352,8926,326582,848995
4852,5407,157881,46482,7703,175117,416479
3593,4833,178164,31241,7685,141019,386035
7649,6796,207003,66593,6481,152198,483609
5074,5037,386490,25537,7371,159673,609200
7130,6963,179606,61889,6315,204483,485756
3852,4908,174797,26629,8982,171312,426239
4981,5223,179395,22852,6796,154232,390220
5389,5592,269716,25203,7482,237411,581941
4666,5149,405776,50278,6223,449421,942031
4371,5018,155782,27500,8574,218327,457664
4574,5111,175213,63093,6963,253913,525793
3815,4629,238016,36944,8370,182446,490830
4129,4278,328002,27297,7240,252383,658588
4777,5315,153470,26352,7297,297545,513423
4796,5370,176421,25777,7519,209596,467015
4926,5352,201481,23389,7093,206627,465831
5111,5130,299783,25056,7148,159658,517256
3538,4703,154566,37093,9222,270857,523053
9166,7612,164256,41630,6889,146778,393516
3500,5093,611504,51000,7259,139603,853940
5111,5759,293731,64871,6926,190469,617181
8333,7000,352199,28056,7945,258055,714570
5000,5296,145871,59352,6185,222960,464775
7870,6815,175747,36222,5963,210325,461219
5482,5481,242882,64130,6926,205615,574145
3741,5037,416962,27574,7296,988363,1482028
5074,5204,157819,39667,6741,179382,412350
4297,4870,178028,25741,6907,172581,445183
4740,5093,206386,25277,6815,144038,408516
7796,6519,353354,35630,8241,144012,574626
3149,4703,157063,40260,7111,154990,385795
5408,5537,172587,70611,6222,320076,595923
3056,4481,183500,48667,7018,156239,439886
5352,5555,349858,29278,7796,165269,582422
3018,4482,135529,26815,7352,171857,367868
4981,5371,148738,40315,4796,160574,383090
3371,4463,176503,48834,5814,402104,691108
4926,5259,238249,30463,7482,248784,551589
3241,4537,351385,49148,6537,159038,627996
5759,5537,155761,27370,6500,259219,500423
4370,5185,176877,49815,6111,168269,429849
9519,7093,206271,25537,7222,247911,536960
5019,5111,387129,27222,7315,171331,624571
7482,7055,160783,39296,6389,156938,395665
3889,5055,170325,25537,7426,146099,394145
5019,5018,183404,26667,7296,243760,487701
3889,4797,290206,51352,6944,220568,608015
4870,5204,138785,26019,6852,167842,367942
3408,5111,152587,40185,5389,158522,383961
7000,6389,180555,24167,7204,210090,465793
4889,5111,234691,26000,7481,265621,587089
4648,5278,383475,24055,7871,147540,607997
4889,5204,154164,64963,6241,152778,406572
3796,4686,664152,64630,6796,434378,1201141
8333,7167,196972,25908,7407,238877,516960
5204,5352,362996,35056,9555,365425,801199
4222,4926,154390,63259,6519,254699,507608
7148,6796,166192,36167,8222,145695,389386
5130,5240,178827,27223,7685,255540,533164
5167,5703,257148,25778,7370,185590,504108
3759,4908,352449,23723,7074,231639,672496
4926,5592,155010,43704,6352,170376,422904
5037,5204,174571,30426,6093,188167,428072
4575,5000,229150,23778,7963,170088,477275
4982,5055,336120,24685,6981,270433,692903
4445,4722,154588,33518,9445,261410,501405
5111,5426,175797,23055,7241,148905,384016
3982,4833,201580,68092,7075,160176,464738
4277,5149,362678,24315,7203,192615,619089
4278,4741,158035,39130,6166,157537,405961
13203,4260,153651,28649,7296,143902,370146
4315,4944,176158,25203,7278,226211,485368
4038,4851,274071,62037,6870,139131,526183
4981,5019,120168,25185,7130,174070,354720
3945,4611,147784,44519,7389,236379,463534
3593,4796,173235,49741,6703,216893,521645
3704,4796,235555,37482,8296,150387,489423
5481,5334,434394,53778,6666,151639,675959
4019,4648,157232,66297,6852,210468,468535
3926,4908,180034,26611,7037,180797,420831
3593,4833,209281,31055,13297,222753,516812
4963,5148,393157,33741,9185,281635,746755
4000,4944,149644,24055,7148,201725,428442
4722,5056,170222,47889,7297,424921,677589
3834,4740,183062,28574,16093,171973,426257
4111,5037,355845,51538,6314,241559,683144
3852,4760,230572,33760,8833,230832,544516
4778,5204,147652,64111,6352,823935,1072661
3444,4741,180102,37981,9186,179895,434145
4000,4796,236719,25537,7148,258723,569645
4834,5222,402743,59278,6740,353549,848477
3760,4907,159155,40593,5056,255156,487257
3777,5056,179124,35444,9334,383835,653162
5518,5611,183111,63500,6426,162146,444960
4093,4926,378468,25963,7426,351453,823385
4815,5129,153714,31778,9815,164117,388831
3667,4722,294535,23889,7463,228554,581293
5204,5296,180818,24241,7500,250179,506145
5222,5222,349842,23334,7278,435708,843717
3722,4704,347459,62222,6371,213444,656589
3612,4518,157019,69037,5112,243329,538423
4944,5482,184191,48167,6130,420175,684514
3685,4685,231568,24611,7333,186208,497589
4704,6018,441092,25630,7481,222053,726959
3371,4777,155690,23092,7797,206771,439942
46871,4389,155380,39759,5019,149747,421054
3593,4556,201459,25074,7519,234112,493090
3463,4982,308965,61204,5944,345327,779440
5666,5463,144452,35482,9555,162343,382294
5574,5240,166661,39315,4760,150262,406479
4760,4981,170722,25611,7389,229961,520219
4445,5222,332876,28333,7797,144417,558127
4592,5056,1115420,62278,4648,172239,1382955
3963,4907,148294,23778,8129,173278,399108
4834,4944,170577,63352,6426,351809,619423
4019,4833,235249,24945,7592,140397,434034
4148,5963,396255,40667,6426,382443,885161
5093,5129,161983,24055,7315,194756,418701
4222,4834,171951,38722,7537,152806,398775
3944,5037,215327,27834,11777,186634,487219
5148,5463,173018,61352,6074,290201,558867
4037,4981,157523,25704,7889,239826,470867
12963,4334,156046,27297,7444,145803,372776
3685,4667,172589,51519,5019,219871,499071
4444,5111,367225,34500,10000,222994,681847
4833,4908,122933,24722,7334,173879,356720
3666,4834,148717,68703,4630,243614,492275
3908,4852,174796,24648,7760,148720,382924
3685,4870,231524,23186,7500,177528,486645
5759,5297,343474,28204,14092,175708,590885
3982,4759,328591,34482,8722,287479,687237
3722,4722,178411,41204,6815,433844,684014
3537,4556,203953,26963,7574,183674,467108
5223,5296,336422,35000,8000,199463,608071
3537,4815,160316,39648,6871,157700,392035
3741,5093,168525,27352,7222,151825,399757
5019,5148,171068,63055,5778,215355,485145
3463,4685,282851,28685,6982,153238,498552
3759,4963,135245,26389,7222,172216,384627
4760,5111,149065,63889,5908,163728,411294
3537,4722,176553,62666,6167,364407,633626
3741,4982,238817,26981,7130,256087,592182
5851,5278,465990,75334,5796,211728,789328
3537,4815,157199,34481,10871,202891,451627
4741,5148,178741,25407,7000,147202,387109
3685,4704,204709,62723,6555,184325,485145
4741,5277,374753,28277,7519,161726,617644
5111,5408,159387,38426,6240,160370,394461
3555,4834,174133,26148,8537,148272,401220
4796,5148,181861,64130,6259,146396,427960
3722,4704,334145,25463,7481,158408,551904
4278,5037,503909,27000,7575,326492,926143
4704,4982,153784,23426,7593,196972,409720
4167,4759,173790,25704,6537,186837,421905
10370,8074,815445,34871,8722,314733,1210993
3981,4815,336764,25371,5981,187140,584219
8464,7444,155158,26167,7296,168081,391072
4685,5130,183441,24834,8222,145630,390220
4389,4759,199947,23945,6888,159810,417016
4129,4778,307546,35574,9222,145859,522737
3964,4759,151643,64315,6704,212169,463627
7907,6852,297482,25759,7389,331607,696107
4500,4944,576877,26204,7519,245951,909217
4445,5000,351363,40074,6204,150263,577978
7389,7148,717999,26630,7241,314327,1099882
3759,4704,155874,60722,6074,221438,493886
4482,5037,179879,63612,7166,248340,529164
7426,6852,236404,25167,7000,239278,539460
4611,5704,328094,26815,7630,199105,588052
5018,5278,176840,33593,9204,244712,494663
8240,7223,172660,37686,6222,358706,607959
4204,4778,196888,23241,7222,187461,439664
4389,4908,380042,68241,6593,351212,831644
3518,4648,159307,39815,4870,183617,413145
4389,4926,166923,26537,7778,183778,414238
8204,6815,171984,68204,6259,150569,431572
4166,4797,345120,36944,6148,436727,850495
3815,4815,411570,35519,8666,336889,816422
3741,4704,150871,32815,7463,273145,491942
7760,6815,177487,49093,6593,168713,434368
3667,4593,234993,26389,7592,253504,546442
4574,5056,401647,28574,9037,150294,617108
3778,4629,153226,24408,6852,288771,500923
3611,4870,174973,25981,7593,155803,392349
8426,7204,192941,64093,6500,155019,451794
3981,4926,381780,24167,7259,155254,597089
8185,6889,459545,61556,6537,369968,948827
5870,6037,164458,23907,7278,444187,671626
9612,7111,175777,63612,6574,144775,425942
3852,4778,275542,30815,6426,188936,548460
5056,5370,349215,37259,9500,198578,622126
3426,4704,148608,42204,6760,182444,408109
9352,7074,173281,28389,7519,142513,403979
4796,5074,922233,60500,6240,428445,1449454
9389,7611,147032,28389,7723,212705,431923
7352,6574,975169,23704,7148,174250,1212770
5333,5371,888674,66093,6741,199003,1189900
4056,4796,207068,26074,7833,230633,521090
4519,4926,367536,40000,4648,989808,1431344
3760,4518,149153,25759,7537,170716,381183
8278,7704,157250,61537,7204,295135,553997
3870,5111,178830,49315,6315,151427,412831
4500,5407,370188,37889,8759,209679,654755
4222,4870,411397,38056,6296,152748,635200
3630,4704,156661,26630,7296,229114,464961
5741,5314,172223,49740,6686,178201,439090
8593,7537,222950,25944,7204,242565,555404
4723,5000,321641,27166,7648,252189,652589
5056,5463,151424,24000,7463,198351,410905
8704,6389,175596,40778,7093,311456,566016
4352,4889,199471,26686,7518,221211,507034
4815,5296,400552,64297,6426,165185,664570
3814,4797,155445,38686,6463,157904,384497
4093,4796,165692,25389,7944,157214,384794
7760,7129,176549,63723,6444,164837,463887
5667,5444,356462,25945,7333,277201,745421
4333,4926,351338,36130,8315,141696,565867
8593,7037,149602,62334,6463,187228,459682
5093,4981,178794,36315,8222,168167,420109
4593,4833,228021,26037,7760,251976,543479
8889,6982,307045,27778,8203,218637,593793
3759,4796,152976,33926,9204,224392,473052
5389,5593,175278,42852,6500,334255,586071
3352,4722,203099,29241,7500,244028,532405
4926,5166,154956,40056,6148,292634,523552
3797,4888,160258,27241,7129,169648,408739
13000,4426,155577,40260,5851,430604,666959
3777,4778,182065,27796,5963,190192,432886
4537,5259,253182,27852,8685,146297,481756
4759,5315,129557,25703,6686,171922,361923
3944,4778,999490,51741,6481,195521,1280603
3667,4481,173976,25666,6945,183633,438146
5129,5408,220407,24685,7111,197553,477015
3574,4722,427876,25222,7296,285324,774569
4037,5112,152306,40778,6259,299913,527701
8389,7186,180219,26759,7611,385370,665423
5204,5334,192687,36000,8223,144717,408183
4056,5333,348861,40407,6037,159637,584386
7204,6667,2331777,50667,7926,359225,2780836
4352,5111,162908,26778,7963,235978,496442
5001,5222,177524,49519,6333,224362,486627
3537,4463,352289,29260,6889,169485,586070
8111,7055,130110,24370,7500,172333,368997
7185,6852,146448,49833,6074,243716,514330
5537,5315,177157,46185,5815,197951,457330
3463,4740,238849,26444,7278,147353,465682
5370,5056,399205,38371,5981,171328,645885
7241,6611,160210,31019,7482,179768,415090
3611,4778,176549,28908,8277,142652,384386
7444,6722,193333,26019,7018,168924,447645
7167,6833,349747,48481,5741,364323,798829
3445,4777,150344,40167,5944,158451,398924
5630,5629,161757,24778,7259,192667,417868
3223,4574,171058,37389,8815,153013,397313
7648,6889,251397,63000,6315,370247,721643
5630,5759,408200,26518,7075,191315,663034
3945,4907,156057,70907,6574,195108,455202
4166,4649,212413,41315,6574,161695,449941
3481,4889,314642,27167,7370,167429,543960
3759,4593,403277,38926,4814,149702,624644
7778,7055,183949,26574,7111,235605,523238
6426,6019,178768,37926,6056,141525,395387
4037,4963,195126,27574,8129,173742,449256
5223,5444,366651,34851,9389,151310,594441
8278,7129,149026,41963,6574,156454,387812
3315,4815,164290,28500,6259,155893,382850
7407,6741,174685,50055,6223,152072,432516
5000,5408,256005,25704,7203,151381,467942
3241,5148,126141,32722,9000,164339,375239
4685,5259,178276,39796,6259,211796,466571
7278,6907,178911,29537,8000,142180,391683
5223,5222,226194,25166,7760,166822,452720
3944,4759,408293,58907,6315,242740,767291
4130,5056,150519,28315,7500,266607,481627
7945,6907,178007,62944,6000,312842,590812
3871,4944,199197,25037,7019,266522,523516
4056,4925,393666,37500,4704,168757,632311
3852,4593,156337,28352,7907,167827,388979
8407,7241,162269,37667,5907,146544,386849
3760,4981,178589,26223,7259,145205,385257
7815,6944,251984,60481,4686,171068,522145
4704,5166,130897,25611,7333,172250,365498
8556,6907,151031,22778,6334,201688,416275
4001,4851,172315,24315,6093,252590,505498
4537,5037,229265,48796,5963,263973,576219
3648,4685,364678,26982,7463,226429,684977
4130,5018,151702,33296,9056,281166,500330
3833,4722,175948,58667,6444,167994,436423
3982,4963,190657,35611,8018,225878,487553
8149,7092,291237,62667,6129,192797,586238
4037,4834,158612,25648,8019,168719,387776
4092,5093,161544,23407,7315,164158,383590
3852,4574,296198,62908,6240,261355,656663
8129,7056,244555,28870,7778,163053,476312
3685,4593,340116,23685,6889,161084,559237
6982,6574,176936,49407,5908,236524,503923
4149,5111,177015,66389,6204,351536,627682
4315,5370,221854,37093,8630,181328,479405
7686,7759,395249,39648,4796,1006372,1476844
4500,5019,159754,23778,6259,251669,470701
4297,5000,176796,39648,6149,403792,653200
7797,7074,278913,35648,8852,260584,651923
6371,5851,278067,49500,6537,196653,561552
5037,5130,149016,26593,8055,168722,380738
3834,4944,160281,28778,7704,156161,379424
4241,4815,172805,49945,4592,265766,521997
7649,6740,341885,23760,7333,166223,589608
5167,6852,359242,26019,7000,249346,697367
7704,6833,151970,37278,9481,218547,449720
5074,5407,175346,27093,6537,219985,459145
7907,6834,216832,49778,6389,195850,501627
4945,5018,404709,37871,5666,168788,646126
8389,7426,153936,34648,9352,160784,410572
13500,4555,159349,38074,5982,142519,382349
5000,5129,192947,24445,7981,202218,476441
4908,5407,368027,32667,9833,455894,893606
3908,5093,149791,39185,6352,158299,399443
4833,5223,160537,37630,5685,157034,390072
3444,5000,173654,36519,8833,172881,438238
5074,5315,250141,29093,7630,261022,575052
3537,4722,124831,25130,7648,172704,356442
4759,5037,176152,43297,4814,211068,486479
5519,5444,181528,36352,8222,189248,446035
3666,4648,228626,23019,7648,223205,520367
5352,5352,322872,65186,6203,385846,807477
3463,4760,149988,25574,7723,207101,434461
4722,5334,968329,61203,6037,229775,1294752
3352,4722,195778,27944,7667,255516,536275
4537,5092,323209,28167,6056,184639,587774
4871,5389,1128568,25963,7037,161906,1350067
3741,4778,162127,27833,7352,156519,380961
3519,4518,173133,66833,6519,200161,483516
5130,5204,335027,25870,7389,200655,597404
3538,4944,342181,26426,7185,131427,553682
4889,5389,153796,32445,9907,198886,424571
3333,4611,590155,26926,7463,220118,920587
4593,5277,227957,62463,6037,165874,511367
4926,5092,341592,47037,6889,236071,683329
4185,5111,159930,28185,6926,306790,541719
4630,4963,178713,25222,7519,183470,423239
3833,4704,205460,23333,7000,258445,519090
3278,4556,365576,25685,7259,145773,587089
4759,5092,138600,38519,6611,160120,373090
2926,4834,161124,26500,7463,399687,617904
3778,5019,180629,35667,8889,212479,478442
4889,5074,250764,61426,6056,181473,586533
4222,4926,429381,30963,8074,353818,881754
4741,5259,152016,49926,6130,221648,505812
4167,4852,211354,27204,6852,192698,467868
9203,7278,211509,26370,7167,248655,542126
5907,5112,330995,25186,7351,240334,657181
4297,5037,183371,24759,6889,243515,487757
7556,6685,177173,23556,7074,149658,389183
3815,4685,192123,23556,7592,120227,401479
4926,5130,363573,41982,6388,155776,595645
3852,4851,149134,23482,7814,172605,381627
9093,7111,150861,28093,7667,167007,406146
4889,5204,169830,64518,6297,154001,424535
8667,7277,252966,25444,7389,193069,511830
5982,5055,254101,23037,7611,344007,657274
8352,7111,148513,42611,6593,172096,421109
5500,5463,173259,49296,6315,187183,446905
8389,7481,222098,24537,7204,147307,436978
8870,6796,395271,50889,6093,288743,774162
4148,5167,187368,33945,7351,260685,551941
5093,5314,179411,73537,7352,363289,650589
4037,5056,199064,69018,6408,203951,507904
8481,7186,288644,24166,23945,194093,565108
8019,6759,146371,29056,7111,169830,386350
4130,5000,152303,26889,6759,286861,523423
5223,5037,178938,67481,6871,258336,539312
9037,6926,253017,25186,7259,257997,576626
5204,5444,119875,22759,6982,175049,355405
8519,7203,181325,47407,6315,228210,532034
5575,5537,177163,37759,7334,197556,450090
4427,4944,225206,25519,7388,260217,580923
4833,5315,353156,29148,6760,144118,563182
7426,6852,156791,72018,4982,206595,523034
5352,5296,179852,25593,7315,146738,406831
5056,5370,187469,26778,7259,265899,515182
4278,5055,316808,26611,6018,239763,655348
4871,5500,970259,24759,7000,201993,1232752
4019,5074,159114,43056,6518,142532,396090
4704,5019,179657,27555,6297,190229,432591
3611,5074,326459,63686,6111,163963,606533
4778,5315,359131,27167,7278,272216,719070
8167,6944,178007,66259,4778,177954,460757
5519,5444,177735,24296,7241,174818,431461
5056,5352,221629,28389,7759,235090,523775
7870,9130,410523,35130,9222,272213,763421
6889,6500,184140,23889,7185,223802,505442
4908,5259,178404,26704,7278,148112,389665
4593,5148,187335,64315,4926,167792,468793
4740,5241,486787,26148,7296,280487,869254
4352,4963,146420,22593,7018,175689,380997
8240,6908,157482,39981,6019,149849,386238
4038,4963,178024,49389,6037,151714,413628
7648,7037,251734,25315,7759,232263,563682
5296,5630,345239,26185,7574,258035,689959
4278,4926,158189,40537,6204,183716,416868
8241,6815,551177,24389,7018,210152,826329
5259,5852,284904,25500,7796,247093,596367
7111,7260,392354,26018,7259,179013,655404
5037,5463,521322,23778,6704,290358,894495
7074,6556,178438,61908,6481,147986,446757
4796,5148,192222,27333,7593,243349,501441
8556,6740,268820,27111,7463,265492,600978
4445,5111,149344,24185,7944,172284,389072
8315,6925,152942,41982,6981,153890,393312
5389,5222,179040,27185,7018,219458,460553
3759,4704,251434,35926,8593,144840,464460
3852,5000,119513,32538,8833,164410,354146
7703,6778,151297,67278,5963,212200,505423
7000,6537,171969,31537,7926,214362,459071
5000,5111,224789,55056,7444,223282,538756
4166,5149,351424,30741,7815,200553,617904
3834,4870,150874,29297,7481,300530,516386
8666,7241,178361,24630,7500,146655,390701
3833,4796,193608,26889,7166,251760,504978
4000,4889,304317,24037,6259,187680,549182
3815,4704,440211,33445,9370,373709,901587
7889,6981,154476,44500,6945,412743,670626
5722,5630,179758,48667,5982,197831,463349
4000,4778,254653,28833,7556,261473,604774
4574,5148,126455,38500,6223,158358,375091
5204,5371,177516,51055,6463,237093,501868
3574,4852,207688,34519,5833,184068,480404
4537,5019,689861,40111,6278,180615,982013
4796,5500,325570,26241,7333,142761,530275
3760,4703,176853,63093,6111,174848,448535
3834,4759,181710,26426,7463,404249,644126
4500,4889,188697,61667,6056,194763,504497
6018,5334,390721,28019,7907,183109,639533
3241,4648,681542,40297,4685,161341,931698
5093,5148,751511,28389,7574,222353,1039679
3852,4778,370386,34148,9334,236332,689904
4852,5148,252446,27352,7630,157069,471608
3500,4740,987213,65371,6518,380798,1468676
4426,4926,180013,25037,7314,221096,474701
4537,5167,175499,51815,6241,168627,430108
3963,4889,221820,47074,5963,153936,456367
3926,5000,347307,27871,7815,170596,598163
4834,5185,161812,36630,6352,250648,484757
3426,5018,175763,36240,10167,418141,664144
4166,5278,191398,49296,6519,151359,446219
5204,5259,280903,36556,9370,237297,591663
3519,4963,140149,28518,7389,169312,389720
5074,5389,153877,37203,5167,172917,399812
3519,4611,172567,29963,11093,176689,416368
4259,4963,257277,26426,7407,244257,575219
5203,5204,1132655,25018,7334,180467,1372640
4111,4852,153510,63167,6074,196636,446683
3834,4944,176960,49185,6500,168279,447609
4907,5130,218576,27556,7352,249846,530682
3518,4667,304267,26574,7278,215674,605181
4222,5167,176457,24001,7259,251280,500645
4963,5130,177722,24519,8259,146127,384850
4019,4741,194468,64241,7093,207232,500775
3741,4778,348326,25352,7815,146096,571627
4889,5018,953315,26889,7592,219623,1236696
3592,4797,154170,24129,7371,169827,381608
4241,4945,172934,25649,7129,122915,375813
5000,5203,248682,27815,7574,259241,596441
3889,4777,361669,65296,6926,209291,683236
4852,5149,170692,49592,5908,197694,452183
3982,4888,176253,33797,10185,314244,559497
3629,4463,222851,26352,7519,259497,556089
5315,5555,375653,39130,5500,421231,868698
4038,5037,158010,38740,6500,859929,1108161
4574,5056,714942,29593,7889,182163,961735
3926,4778,198650,47778,6556,228346,509034
3926,4797,317082,25926,6926,228211,618812
4760,5259,421736,25445,6889,492406,977587
3445,5018,156871,37278,8722,156127,385479
3982,5111,237117,25370,8371,266472,577071
4723,4889,243955,36408,10278,142338,458072
3815,4759,1185612,26111,7222,147992,1396751
9037,8537,173207,44111,5093,241419,501293
4555,5278,180657,28167,7833,141859,388108
7315,6593,217255,63019,6463,230111,584200
5260,5314,318873,35963,8444,143292,534997
8482,6815,158562,24704,7593,275731,501349
4241,4741,177642,40833,4685,402151,650608
5000,5204,186796,24018,7093,202424,447127
3685,4611,293838,27797,7852,266658,679088
4111,4889,1207235,34759,10537,183127,1464491
8851,7167,155479,49352,6741,261944,542570
5723,5463,173188,35259,9222,156106,405350
8352,7129,239990,64759,6612,162951,508275
3630,4833,552756,24740,7315,225277,853699
7611,7074,150260,88889,6556,153460,452534
5019,5148,212339,39426,6445,367545,653459
3834,4611,216437,26612,7444,155579,433609
7556,6759,440055,25500,7407,185645,691496
3667,4815,177800,25870,7463,221327,494386
5389,5685,175009,22704,7019,195710,430719
3722,4944,187460,60981,6278,178020,495015
4778,5092,274410,46315,6778,188828,547552
8500,7056,135840,28667,7722,167528,390850
4686,5203,159439,38963,6167,149874,384813
7741,6926,177759,25315,7814,312609,554886
3611,4907,246784,61018,5982,149751,492127
8333,7463,355882,29740,6852,932444,1360640
5315,5741,1411667,23611,7333,203046,1692824
5389,5371,171317,62815,7130,298901,567090
4148,4833,224324,25203,7445,249210,534404
8334,6999,413700,52148,6482,152667,658219
4166,5000,182594,23722,6741,244941,498978
4963,5352,170636,61797,6166,165862,432702
3741,4814,198457,63018,5871,206300,501645
8760,6852,344832,26611,8778,160924,592182
4908,5222,154430,38259,6112,158253,387054
9481,7259,151529,27555,7130,162840,384108
4833,5204,175645,63889,6130,180815,489645
5130,5389,253021,27518,15908,245828,572849
4204,5722,1149250,59241,5574,264334,1538676
4426,5278,174272,39889,4574,206207,453220
3222,4593,205667,37388,8260,359792,669033
4778,5204,213598,62444,6500,147214,458757
3445,4444,391604,58482,6426,153152,636071
4852,5518,162961,62056,6129,223333,483330
3518,4648,175448,26037,7556,163902,417182
5519,5444,189139,48074,6018,236341,509053
3889,4833,296940,26093,6870,247297,617478
4834,5296,1219911,41815,6630,322024,1617010
3315,4871,156839,26982,6870,164436,381276
4333,5259,170679,35574,9945,182133,447016
4703,5074,239999,23945,6741,206146,503441
3833,4889,470653,26945,7315,355897,887661
3592,4630,184565,24704,7371,188487,449034
4722,5371,211682,25963,7389,194759,468831
7389,6500,403077,23759,6815,243604,721718
4630,5315,387416,35981,9889,143396,605553
4185,5130,159217,26055,7593,177336,398164
4223,5111,179722,42389,4852,176535,431776
3629,4612,187283,34944,8537,146974,423405
5241,5334,355956,39944,4759,382966,811070
3426,4815,146369,34777,9537,160575,394054
4612,5166,151633,37463,4760,161105,383165
4537,5222,173509,47685,5871,171081,445719
5019,5167,243440,29241,7963,248649,581052
3796,4704,337724,35759,8704,146884,574348
4852,5111,150933,25574,7204,283138,495516
3815,4870,172957,49593,6796,347207,601330
3907,4926,219518,37426,8889,139424,463830
6241,5389,376431,46630,6037,414045,871291
3445,4722,149455,26740,7667,177766,388461
4111,4926,179257,27796,7704,145149,404313
4926,5259,194558,49648,4704,219383,549830
4092,4982,346027,24796,7296,146341,568718
4611,5037,565607,26259,7093,293721,921494
3889,4833,150612,41018,4852,166294,390442
4352,5130,171617,24240,7315,223233,473053
4945,5129,243290,36907,8352,180356,496220
4741,4574,426036,64056,6426,195534,719144
4259,5259,164541,51648,6445,235975,501238
4833,5093,212657,34204,11056,182673,517478
3945,4889,212718,62630,6333,148390,474479
4926,5056,439687,24537,7278,229197,751033
3908,5074,151062,33611,8741,163139,401794
13278,4408,156771,24464,7537,148763,373998
3723,4629,184444,28371,7555,155424,420424
4944,5297,373135,43000,4815,165398,616552
3796,4704,1157123,25223,7407,204035,1418269
4222,4852,150534,41723,6426,152593,378776
3556,4611,774893,25907,7371,210101,1055031
5241,5278,240490,27722,7908,230859,534849
3815,5759,1101757,64833,6296,148125,1368029
4851,5093,174408,25833,8167,257497,494793
3630,4722,179062,26463,7055,147307,386480
4167,5278,213345,52129,5463,212301,523904
4760,5166,332092,51556,8481,221923,691608
4241,5074,150634,45333,6556,261215,505183
4537,5000,177862,32555,8167,142173,388535
4148,4815,186608,63167,6592,254575,551608
4778,4981,304503,24703,7648,200032,566330
3890,4759,1690084,39112,6111,165793,1928323
4241,5463,151661,59944,6723,425039,689996
4963,5463,181425,62241,6333,185850,466552
3815,4741,255320,36259,8889,142270,466868
4167,4796,336844,32167,13092,197912,626422
5204,5204,157256,73630,7593,180889,449072
4074,4759,214411,67167,6055,248142,594034
4778,5056,211397,64297,6277,200933,510590
3463,4648,367533,25426,7555,144705,570922
4130,5129,160168,41222,6334,157015,392590
3815,5055,177877,27537,8000,142029,400886
5130,5129,180160,26778,7333,243745,485293
3482,4777,356055,24482,7351,150943,564423
4204,4963,142523,43000,6574,154216,390924
5092,5426,149528,26575,7407,169081,382923
3667,4907,172441,28278,7148,252982,510608
4056,5000,238706,36500,10426,172439,504627
5370,5000,414490,25130,7185,169192,644922
3926,4704,155976,58685,7204,225966,475257
3611,4778,213315,41407,6834,389422,709533
4870,5204,209968,24241,7000,242232,510367
3407,4482,302252,27500,8537,138393,500275
4223,5203,153757,23834,7426,228870,459053
5056,5333,174503,25797,7389,793805,1030994
3815,5092,184602,23629,7241,160119,420923
4593,5056,334940,25352,6852,211352,607886
3982,5037,437168,29037,6093,437271,953884
4500,5000,150729,34814,9612,160676,384442
3482,4833,177586,65519,6426,311336,584460
4111,5130,342055,25092,7352,183072,584923
3574,4685,427394,40723,6462,174769,696477
4852,5296,156862,27426,7537,184525,406183
4000,4723,551738,49296,6038,152497,805440
4870,5278,217095,25685,7259,204069,481052
3574,4741,364749,26519,7111,143451,585867
4759,5352,395384,51648,6556,274759,757514
3926,5111,185186,26722,7352,271589,519516
10186,7870,378358,27741,7315,188805,638163
5037,5130,367326,41889,6704,318317,794107
5149,5222,357943,37592,8945,144498,576664
4000,5092,155559,38926,6000,158624,385905
4389,5574,176935,36778,9222,208377,458127
3537,4593,242125,24278,7278,120094,451479
5352,5444,327335,34797,8648,148754,546997
4000,4852,189044,39148,6260,421378,701533
4463,5074,179660,29000,7834,416336,658181
4018,5093,212795,61834,6333,316646,657200
4592,4963,319950,25129,9000,181103,562311
3740,4593,156677,37111,6333,156729,382757
4037,5000,177015,65778,6556,365055,673311
4463,5185,186743,48778,6148,149273,419127
4037,4889,273730,24834,7481,250915,608071
4259,5019,129254,33055,9315,178800,396461
4908,5259,156556,39222,6056,164275,394424
3926,4796,179247,25463,6463,211195,449590
3889,4759,254919,48019,6130,152948,508331
4685,5167,176924,35074,9223,311091,561201
4129,4982,157596,62000,6093,195216,468293
41592,4167,169102,34704,9426,330987,606385
3612,4759,213478,22240,6556,187520,490146
4481,4982,302557,61815,6278,204957,658440
4370,5130,215766,23593,7241,219527,509071
5277,5315,175513,28796,9167,177800,420349
4519,5203,355371,49722,6093,216977,657867
9371,8703,251394,35204,10815,207899,566386
4278,5000,134825,25778,7500,171691,384831
5574,5241,686257,37575,6037,161033,919809
3870,4871,174965,26815,7148,153662,391183
8000,6722,238471,27575,7648,253247,558108
5074,5426,411718,36889,8370,158315,677329
5259,5574,153297,43519,9204,167126,403109
3500,4852,206265,24259,7852,153344,417831
4315,5203,209345,64204,6519,210504,533126
4852,5130,333961,25037,5704,176461,569349
4315,4982,158004,40611,6204,157364,390313
4148,4815,173769,28759,7796,142581,397701
4907,5186,178329,62556,6130,148945,424942
3518,4741,314799,26481,7333,145884,520182
3908,4685,925064,38408,6241,190410,1205530
4796,5092,153828,31500,7833,191004,412090
3815,4704,179463,62370,5926,191127,466312
4185,4852,248691,24944,7371,260584,583052
4852,5166,350715,26889,6037,257282,669107
3704,4926,169590,51278,5759,193703,467053
4667,5111,207633,37315,8389,346049,627478
3185,4778,214156,64315,6260,209007,542719
4260,5241,402940,36852,5889,160908,651312
4907,5074,151835,25666,7537,185886,399979
3426,4611,175839,38723,4759,273676,516200
3963,4852,182919,37759,8426,141690,429498
5000,5297,638074,48944,5982,334827,1057087
4166,4963,360709,36370,8611,235455,682718
5018,5185,156269,38074,5982,160581,390164
3241,4518,173701,64241,5962,144335,413294
4186,5092,241873,25833,7037,175106,475720
3408,4648,330637,60927,6037,149007,590608
5056,5370,151920,52019,6518,179689,419479
3297,4462,893613,63130,5889,201121,1212697
4167,5296,194820,26482,7518,319029,611552
5222,4908,381029,40075,4648,165411,619607
3759,4778,1058907,26167,8074,236714,1356733
3259,4741,176003,38908,4518,342290,619330
5315,5334,182582,25593,7278,148044,391517
3148,4648,312274,60926,6167,172241,577867
4260,4907,129723,36723,5889,160682,378109
4871,5111,152414,58407,6630,165139,411572
4148,4870,175772,24740,6537,146968,381664
4000,4963,235036,62093,6241,149238,496034
4908,5037,331393,27612,7222,262862,656367
3389,4555,154362,32907,9778,176840,400349
3815,5055,206738,39093,6426,144852,444571
4889,5296,204484,60074,5908,185957,519460
3760,5203,383398,28037,7352,144543,590849
3574,4815,161587,40056,6111,158003,411090
45167,4500,144315,26315,7741,197923,444294
3926,4815,181135,34870,8797,192825,464664
4741,5111,352512,28463,7426,167651,584386
7740,7611,197239,64889,6574,1041846,1344381
9426,8425,154560,25740,7371,409215,634885
9667,8037,182028,64148,6093,331154,651849
5297,5203,246200,25315,6704,180890,486646
5333,5389,374428,34259,10445,384456,831347
7574,6834,161747,32593,7463,168713,403646
4241,4981,181291,51296,7407,286855,554775
8130,7296,208204,29463,7629,1132548,1426252
5278,5370,2876270,40500,6370,1274262,4230697
3278,6222,481835,28000,7297,204419,785847
4926,5908,176904,25704,7945,147648,387980
3352,4592,186151,25352,7593,252716,499793
8315,6907,345083,24741,7389,184266,594923
3463,5093,440273,24426,6593,352888,868421
4981,5297,629242,34666,9408,270789,997753
8501,7222,409173,27259,7333,280731,792144
4741,5111,235345,25685,6685,242412,563978
8278,7463,360869,39407,4741,862142,1302326
4019,5000,168300,48741,6000,214067,489831
7944,7333,175213,36223,8444,144229,415460
4870,5130,206663,65129,6982,154390,462756
4778,5351,384632,25982,7389,371234,849587
4722,5278,157192,27500,7649,168361,390831
8815,7630,164068,41389,5037,141726,386943
3945,4814,181241,27185,7574,263831,532627
8981,7111,301320,37704,9204,171436,554737
8519,6759,351696,25093,6944,265356,681645
3982,4981,146775,59371,6611,150963,390424
4130,4888,171281,26408,6222,187032,437071
7834,7111,233342,24000,7240,178471,474868
3833,4926,328588,36038,8111,147668,548108
7667,6870,159779,22815,6462,179201,406646
4777,4945,174950,41575,6777,353732,602755
3667,4629,213827,35130,8277,229449,535886
4389,4852,337184,56148,6130,384219,811236
8037,7074,154412,24815,7685,170679,390313
4148,4926,172935,27963,8222,190433,426905
9333,8000,174719,64093,6518,227964,526256
8037,6907,301614,30463,8907,167624,560293
5982,5722,439008,27741,7574,171766,678311
5167,5222,156902,44148,6074,152207,406294
4889,5111,178148,26537,7481,155813,397479
4797,5259,237987,60833,6093,149380,499794
4778,5167,410844,31278,7648,164874,643811
3537,4796,152183,25500,7296,212945,424386
5352,5093,178170,65833,6519,170735,450813
3445,4629,207398,37352,9055,141638,452590
5111,5445,368162,38445,6167,330833,770477
3889,4945,156167,34945,9240,159979,404961
4722,5093,684489,61685,6241,271190,1052827
3852,4704,175419,36760,8407,252004,497868
3797,4630,375443,38334,4777,205109,650404
4056,4778,355338,36704,8537,225436,665515
5463,5592,155029,37574,4759,163655,390720
3944,4833,175368,30648,8055,164742,405812
3815,5000,233613,28278,7666,192625,508349
5426,5574,437564,71963,7370,216784,764107
3907,4889,162328,28074,8055,225152,462460
4704,4981,179000,27315,7278,179831,422053
3574,4537,205728,24352,7500,159029,420535
4093,5018,373864,58352,5888,268337,765292
4722,4963,160183,42797,6444,156315,393887
3964,4907,172799,57352,6352,387104,647700
3648,4945,177249,24371,6870,230915,478016
4722,5019,350903,39352,6389,252593,675255
3704,4852,569854,27148,8056,269807,913865
4704,5093,150803,38685,6500,158936,384017
3371,4777,176753,27074,7723,236226,525497
4722,5278,233888,24741,7778,159924,472571
4574,5426,425394,50278,6055,240584,799125
4093,4963,169065,35501,9388,250525,506071
4666,5186,180941,26222,7093,189538,431756
3611,4611,207873,25000,7259,190569,455738
4000,4852,380119,66574,6000,390339,887884
4926,5056,148976,64741,6852,188095,437868
3611,4797,171852,26037,8981,184164,417053
4333,5037,176728,64723,6518,201010,490312
5481,5130,144863,27870,7778,204487,414849
3482,4555,127202,25778,7222,173111,376294
4648,5111,154374,23463,7203,180550,394090
3759,4463,178250,66037,6704,338265,613033
4222,5222,239700,24407,8000,157983,477145
4982,4963,326353,24815,7315,222624,607237
3723,4648,152970,33666,9241,967505,1191456
4019,5203,176087,24407,7334,149170,383646
4408,5018,201944,67167,7463,150813,474998
4945,5222,380153,36537,5908,179565,631385
3333,4852,151677,27722,7556,193432,441572
12797,4000,154664,63129,5982,146871,406776
3352,4741,180539,27778,8111,241680,508423
4389,5222,347434,37463,5537,365525,816254
5000,5166,352329,36037,8667,191001,622366
3982,4852,150685,38538,4722,169553,391554
4074,4833,173562,48111,5759,189955,462830
5111,5111,232901,29204,7852,257244,579478
4203,4982,318702,25704,7574,223665,621607
5056,5185,154652,52278,6055,373808,615534
4315,4926,172509,35075,9240,280470,556960
4685,5389,207626,65481,6371,171371,479275
3667,4537,373187,25315,7870,144291,595515
4908,5111,164840,26723,7741,169731,398665
4278,5334,170068,45574,6648,426558,675422
4815,5240,179185,26241,6963,276127,530441
5093,5055,309617,48666,6093,286861,677366
3796,4982,864845,28759,7315,215334,1143178
4389,5240,145220,57611,5926,178167,432201
5167,5315,178280,31056,5944,189458,433831
4019,5074,237027,30741,9204,262284,580053
4649,6648,358699,28278,6370,187872,612571
3981,4852,157668,28259,7296,229293,482904
4315,4963,182617,25982,7241,207306,470331
4981,4945,746994,24982,7000,225000,1032512
4074,4815,375795,58593,6167,546550,1012031
3889,5130,465782,65482,6740,274343,875625
5148,5241,168009,57908,6296,368283,628496
10482,8092,181274,61371,6111,193871,480460
3870,4723,325761,27352,8037,312623,701311
7982,7204,360971,49111,6389,199970,650700
3519,4944,153513,27019,8000,240910,473312
5148,5278,173907,30556,11945,219905,465775
3740,4852,243191,49352,6500,214825,566793
7814,7278,409900,26538,7388,158504,636977
6055,5537,182905,27093,7574,244889,504441
5186,5203,174837,27111,7889,145939,384831
4334,4926,200194,66074,6778,208377,532016
4555,5019,386496,25055,6963,177723,640422
4815,5315,156464,25685,7148,172090,391665
4000,4981,175377,22741,7926,192361,425294
4445,5074,180512,62018,6963,175486,453923
8037,7371,290480,51352,7611,202479,598052
5167,5129,129264,25630,7222,231215,423942
7389,6852,161528,25759,7111,266580,494701
3574,4723,174885,25556,5981,235279,471146
8574,6703,225040,36796,9426,140921,479534
5408,5611,400193,40648,6778,429431,905273
5019,5259,161902,27222,7574,260911,520349
4814,4982,173500,33185,10260,314052,556922
3740,5019,199394,25000,7537,194863,451608
4629,5149,313029,26649,6314,148727,558274
4740,5130,159368,25834,6870,170444,390534
3889,4833,174522,23463,7000,184142,416738
3593,4852,172842,28648,7463,249877,498831
4796,5278,348867,42592,5463,153427,579330
3444,4871,438927,36297,9185,378845,907217
4593,5092,1411769,61889,6704,176277,1686046
3315,4797,1422052,25148,7685,158642,1639417
4574,5037,235444,24148,7315,120962,447127
5945,5111,404376,22648,8092,167992,637960
4167,4759,154640,51611,6685,237395,478108
4370,5259,175349,34056,8444,137168,382442
4222,5000,199391,24963,7019,169310,447460
5148,5278,443341,39741,7000,239432,759088
3555,4778,158513,33519,9278,162243,408219
4723,5166,169797,50000,6519,429606,683459
3963,4833,329969,26260,8388,178269,569904
4092,5074,280734,24722,6815,260337,619237
4871,5407,1123778,25371,7166,158622,1341863
4407,5112,144651,26167,7370,190920,398294
8797,7333,173083,69612,6907,306395,589201
4333,5056,242107,25222,7982,144557,478571
4796,6186,413594,38760,6759,156105,644978
3593,4888,158600,40667,6444,170287,403368
4611,5037,176364,24315,7223,319002,552849
3796,4982,203444,35796,9704,199979,488608
5241,5148,361728,37296,6315,349861,781662
4649,4907,149936,34926,9296,160099,399091
4444,5093,167608,36963,4870,151890,389553
4000,4815,1161931,47852,5870,187487,1442177
4518,5130,385083,29203,8315,202210,652459
4149,4815,358273,48389,6574,158723,600423
7296,6722,154797,25630,7519,217367,457812
5445,5425,171673,33056,7333,205677,448497
4093,4778,231882,36315,10315,144337,448257
6908,6926,355480,49056,6351,399793,873699
5203,5241,158356,42333,6556,152253,389479
3760,4592,170602,44574,6185,299340,578052
4889,5240,205052,28667,8037,239519,508256
3778,4593,383280,65203,6537,395438,875884
4889,5463,175007,49297,6111,569562,829699
3759,4574,174995,25407,7945,164540,417590
5556,5500,174851,61593,6130,205923,532590
4593,5111,344857,27667,7611,147417,573534
4463,5074,124585,38870,5945,161524,375405
4241,4796,156646,26611,7648,228574,447424
3908,4852,175280,52889,8371,155439,418887
4556,5148,227749,61741,6463,175396,517997
4852,5000,329403,27759,7704,261482,677570
3871,4815,186871,63463,6111,150663,452368
39167,4111,313951,28871,7537,211712,625589
4278,5000,196660,35537,8555,148283,435386
5000,5111,421184,22889,7130,214756,694884
3574,4704,156485,40019,6148,157346,385849
3982,4852,166546,29149,8000,164173,395405
4037,4741,179237,24852,7852,247834,500071
5278,5259,341965,26871,6907,155198,561089
3537,4907,537972,63963,6314,173339,825902
4740,5315,152439,59797,5870,242836,490867
3667,4796,177426,37759,10167,418163,671033
8908,7833,221969,61166,6334,217954,556238
5463,4944,345548,26426,7445,145282,553422
4982,5222,161016,62723,5963,179518,438201
4037,4926,175411,29259,7908,142439,382535
3815,4963,201805,23704,6870,186674,464368
5185,5130,380163,47240,5963,197371,660144
3833,4611,157946,40722,6630,156497,406405
4556,5130,166951,40555,4482,388786,626941
3482,4833,181493,36297,8944,154486,426998
4778,5185,286944,47852,6018,198164,568645
3500,4926,351708,25149,8166,146955,578552
5186,5277,155214,37907,5667,185025,413016
5111,5204,177571,47222,5982,348351,606015
3370,4778,244095,29445,7611,259476,589941
4259,4759,827028,25648,6852,188892,1075419
3463,4704,158939,37833,6389,249003,527275
4166,5000,182723,26426,7740,405978,647959
3445,4685,203339,27500,7092,240788,518312
5574,5334,370196,23871,8074,161411,596534
8815,8055,147165,41500,6704,155833,386461
3722,4852,166096,24760,7296,333790,559404
7537,6611,1091622,34241,8926,180519,1365196
5185,5445,288255,62612,6037,166426,552053
3834,4833,126613,32629,7815,187978,384387
8537,7093,808842,28370,7648,174467,1053364
3315,4629,173420,65371,7277,312411,622441
5593,5333,224907,37667,8555,140924,439479
3593,4796,353765,49703,6649,168676,609034
8278,7074,151973,27574,7648,273858,494812
3667,4815,171626,27111,7760,172704,426090
5074,5185,194873,24889,6945,159458,416220
8000,6592,361527,25667,8000,146359,575459
5945,5648,906052,65500,6648,190682,1210012
5111,5463,161759,27167,7222,156127,381016
3982,5129,169525,25277,8408,158066,407109
4760,5055,341975,26278,7518,152541,556108
4055,4963,127906,24630,7574,171666,358905
3408,4555,183874,42612,5166,246197,517849
4834,5296,177139,37870,8537,166989,419461
4463,5037,229089,27741,7722,260242,587182
4889,5166,385447,25018,7611,146977,594478
3389,4778,157044,40408,7129,164973,395757
4981,5241,178809,27778,7185,336281,610274
4981,5167,201185,25092,7352,259350,544404
4629,5241,344024,24926,6852,144936,566441
4778,5056,154603,24167,7537,172691,387202
3630,4722,165442,45667,6944,304241,546460
3574,4537,180410,27482,6444,229514,482590
5056,5278,254360,35297,8648,1051576,1376733
3426,5074,345366,25352,7074,194835,597515
4056,4889,181593,49389,5981,215441,494368
5463,5407,178469,32667,7963,182084,429886
4019,4740,231586,62519,6407,201152,541663
5630,5019,358665,36352,8296,364978,795292
3537,4907,156560,26555,7741,194790,411923
4296,4963,964715,27407,7463,191612,1236289
4815,5259,385201,64574,6685,186425,670959
3555,4778,387021,25926,8241,280364,728310
3944,5000,152897,39314,6260,158361,400868
4870,5019,164772,25704,7389,162818,389831
3611,4722,183555,50538,6148,232497,548700
4167,5166,269950,27149,7759,220436,566812
4685,5204,348622,35945,8277,146338,565515
3908,4833,208461,38204,6333,208351,489053
3575,4740,180133,28926,7222,237309,491849
5260,5166,230009,49352,6111,150174,463831
4796,4796,384867,29259,9185,416499,898624
4629,5019,174260,60463,5982,219329,490034
3963,4796,177266,36463,8241,402064,648385
3778,5185,194975,27092,7852,142727,430886
4926,4963,373647,40111,4630,160720,607274
4092,4926,154060,24796,7389,170790,384553
3723,4944,163232,40055,4963,398339,665182
4834,5222,177052,49093,6166,158483,420776
3352,4685,275854,28426,7945,238161,600497
4537,5130,128471,24537,7981,171768,378091
4778,5222,156995,41278,6444,262596,517979
4259,4908,179722,36722,8130,364904,657737
5037,5037,230358,26518,7204,252380,543090
4685,5111,371437,23982,6944,174967,622811
4630,5092,156720,61500,5982,173037,426090
3555,4704,174411,28315,7629,142773,379627
5000,4982,197971,27260,7740,251692,527034
4889,5037,296533,37277,9315,179816,549293
3963,4815,156446,25092,6926,171608,388053
3426,4778,164544,41000,6555,147047,403424
5204,5074,177179,27889,6018,199689,439405
3815,4870,273425,24889,7408,252738,598719
4926,5037,420116,31111,5908,373101,860458
4222,5222,156862,23963,8222,881429,1115215
4815,5018,384183,53037,6315,323387,795736
3667,4759,236762,27500,7630,254346,566664
4518,5167,318731,62333,6111,147544,563385
3556,4704,151309,24074,7260,179817,405739
45259,4241,158778,26926,8111,169886,432960
3426,4907,205635,49278,4704,171769,457441
4592,5259,397771,58149,6222,148410,656329
4907,5167,154887,41722,6130,155129,386164
3926,4945,170633,25407,7574,170995,402387
4000,4797,175620,27074,7315,252432,502868
5037,5222,346552,60852,6352,158204,601700
3982,4982,905558,64704,6759,189601,1212975
4703,5074,152637,27296,7815,211769,427942
3519,4537,175345,29926,7537,141967,381072
4315,5203,225203,62815,6426,146943,488164
5833,5333,395117,41444,4667,148750,625885
3963,4815,158455,24389,7129,264932,482220
3889,4907,176664,35352,8574,375925,654959
4852,5222,191318,26704,7740,242736,496108
3722,4889,379027,23593,8130,273228,723588
4759,5222,143051,40537,6556,156928,377201
3944,4889,163001,61518,5963,151886,409683
4592,4852,172117,65000,6130,201436,485404
4908,4981,253456,27630,7593,215318,568090
4093,4870,348591,35426,8463,147109,585811
4500,4982,156189,65759,5889,234160,542015
3815,4907,176991,36833,8148,187322,456090
4852,5055,221738,24388,7075,256648,561423
4500,4982,190261,27741,7907,216125,489349
5130,5185,181174,26129,7186,256786,544812
4204,5240,181383,24834,7129,145189,404275
4852,5185,193166,25796,6982,177479,429534
3574,4759,305209,23815,7463,246861,611052
9907,8093,146159,33870,9445,162024,387035
3871,4796,160146,26315,7074,848959,1071661
8074,7037,182596,66815,6611,150661,440683
4797,5203,330954,27185,7926,363376,755403
4241,5111,352718,26463,7371,235982,649608
3945,4833,153241,41315,6130,165830,393035
3815,4963,177469,25963,9889,143473,401961
5981,5482,227530,27204,7926,255466,550089
9481,6852,390796,37759,8444,148035,619700
4778,4944,153838,64148,6889,225437,480090
7389,7000,173565,25333,7519,201154,452071
5148,5463,193311,61723,6889,184389,475571
4037,5241,358335,39686,6981,371401,803440
7389,6463,924695,27740,7686,169688,1161549
3908,4722,161457,40482,6426,145077,398368
5296,5186,171444,26296,7519,249849,507053
4351,5112,329616,33223,10296,171510,574218
8648,7760,1895236,55408,7278,173473,2185025
4852,5259,182090,30019,8463,257240,507960
8148,6759,204929,37741,8056,435381,721792
9333,7370,216880,50870,6926,156507,466941
4593,4870,398126,33018,8371,160519,629496
8778,7037,159242,48185,6370,236700,519386
5037,5241,177858,25685,7260,188806,430201
8519,7240,187013,66833,6796,170523,466590
4074,5093,373351,30296,8871,139275,596385
4982,5222,157727,37426,6000,160660,392072
8889,7334,160713,26593,7778,177839,409702
7315,6741,181941,23074,7278,196612,462609
5148,5204,396206,22630,7444,228475,684700
4185,5111,348286,25333,7500,257914,702736
4852,5204,175791,23259,7333,247522,504127
4852,4963,176185,49593,6870,253960,515608
3908,4944,232913,25537,7630,237714,543904
5352,5500,332289,64574,6407,368077,798217
3926,5111,160127,36463,8704,229518,475756
4685,5018,177207,40075,6074,265549,516885
3926,5241,195564,37074,8649,189766,456627
4704,5277,369626,37019,4629,161834,623941
5019,5148,145149,38223,6055,158626,376813
5518,5500,158211,66648,6685,382730,640589
3500,4926,177272,61722,6352,227948,512442
5000,5019,312406,28352,7519,178016,555071
3648,4741,126393,40982,6444,156957,373905
4741,5055,158307,31370,7204,220469,445960
4426,5259,173868,33574,6074,140501,382905
3555,4741,229891,64260,7148,303716,640274
5223,5296,381101,26130,7185,143988,588349
4445,5130,160661,54797,7074,265298,516090
3259,4741,175778,39315,6667,399570,644996
3926,5111,192006,38204,8111,197547,483608
5111,5185,341178,28852,7611,205948,612070
4370,5148,917741,25204,7537,227289,1223863
5074,5148,156930,26296,7223,167549,386665
3981,4908,180750,65981,7111,150581,431016
3371,4500,341237,26352,6907,405351,837699
4889,5204,365168,26241,7870,279717,706199
3333,4815,176322,65018,6797,223564,512645
4834,5055,181939,26907,7593,144207,389257
3056,4407,228129,51260,6518,184054,495738
4667,5371,396986,27389,7167,392934,884199
5018,5186,156769,32685,8093,297542,549256
4204,5018,215609,24241,7333,150297,443535
4704,4944,435763,39778,6592,290196,852347
4111,5204,330897,29723,7814,435006,862828
5352,5111,151032,24445,7629,171966,384164
4167,4870,165556,61037,5852,355200,620830
3667,4722,179469,30278,6315,223269,476942
5204,5482,339067,52185,6593,336113,760718
4056,5315,353554,27500,11223,238682,671478
4666,5019,156004,24259,7704,181123,396701
4148,4778,180287,56186,7185,221858,492608
3574,4741,359960,64240,6463,189389,680959
4130,5092,331280,24241,6556,166328,556478
3426,4870,217712,48481,6278,183527,494608
46963,4241,150550,24981,7408,168281,420998
4296,5074,195537,61389,6130,228830,531552
4685,4870,312839,23722,6556,159047,529867
3945,5037,146640,29074,7797,165172,393850
4852,5185,158238,23093,7426,172648,389979
3981,4889,171985,25741,7314,286124,516256
3537,4612,248490,23203,7037,269377,600423
4204,5314,363218,25075,7111,269852,690699
3260,4796,165464,33129,7963,190256,443683
5204,5537,178506,26649,6185,183176,423664
4537,5426,217790,23389,7166,162079,456072
4649,5407,385203,28648,6833,188349,638015
4111,5278,159208,23463,7296,265919,497515
4555,4945,177898,66852,6926,159488,439090
4629,4945,203367,23389,7759,168649,429479
3686,4759,320928,27722,6149,181957,581627
4982,5259,146600,23889,7463,172546,379054
3593,4815,159605,26463,7648,175911,396276
4575,5259,178796,68297,6500,220330,501923
3277,4741,288691,25519,7351,217603,582607
4889,5130,659345,26186,7555,191279,929365
4370,4982,231442,64574,6315,216592,546867
3593,4852,210133,26222,6278,793713,1063754
4185,5241,227601,26148,7612,275617,561830
3333,4778,339941,52833,8630,163296,592385
3093,4519,154982,62130,6518,179663,428961
4538,5240,177840,26222,8204,142047,400368
5371,5240,191475,62963,6001,345224,632811
4519,4926,425110,27500,6963,196608,683589
3277,4593,151319,27315,7852,167919,380423
4352,5259,156418,23203,6834,422727,668700
4889,5352,609349,22723,6629,166683,834402
4037,4852,248650,27778,7778,152328,461090
3278,4630,507360,61982,6370,329172,932384
3000,4500,219328,35148,9704,150595,442201
10000,8037,179390,25092,7167,286349,561664
3426,4685,226469,34500,8592,200214,494682
4889,5445,376585,28445,7796,141670,582534
3222,4519,159739,74130,5074,220036,486794
7629,7019,172763,37407,8686,320715,583700
6130,5703,192120,65297,6333,152600,448368
3408,5074,305200,26241,8425,196668,564627
8278,7537,444835,26149,7444,391548,904236
5111,5593,157748,33851,9408,153065,383294
3537,4685,176031,26408,6185,211448,447812
7445,6889,245314,24667,7500,158609,467775
4296,5296,338839,24370,6982,158195,557959
7204,6926,154103,23018,7019,183691,418257
5871,5574,204608,26463,7315,140204,408720
3167,4667,229706,27056,7148,234402,526257
7852,8278,375675,41037,6741,429320,885143
3018,4408,156698,26075,7388,192485,408868
5186,5851,180279,54389,6370,162738,432868
3111,4759,200765,25575,7351,265732,539237
5667,5370,372586,26445,9129,167078,605367
3296,4685,739500,61371,14796,191865,1036679
8334,7037,152411,34148,8352,160124,406350
5111,5222,178343,62055,6389,251673,524478
3667,4704,253367,36500,8555,259964,610182
6408,5685,372687,30334,8500,167420,615089
3593,4685,166341,24833,6704,226749,452479
8796,7463,181124,33852,9907,207096,467719
3296,4630,356018,23315,7685,255533,694310
4500,5500,390579,22982,7074,153139,601589
3427,4592,170733,26981,7889,244672,499590
4185,5093,361220,25148,7426,367109,788921
3149,4629,189522,37296,9426,141143,400794
4203,5019,286509,64611,6518,376747,759477
3833,4519,1189330,27000,7186,173975,1425954
8408,7333,152279,37222,5982,160293,390832
3389,4852,175451,24203,7389,235714,494349
4834,5296,246734,63723,6370,154485,500405
3075,4407,125665,28389,7648,168352,357850
8204,6944,154079,43666,4593,365807,600775
4074,5056,219195,35315,9204,310894,600775
3407,4852,218071,64778,6333,152223,469071
8222,6871,307447,27296,7407,261994,662589
5149,5500,149266,26704,7611,305471,516923
3500,4796,175846,24001,7185,164799,398238
4389,4963,188740,26056,7352,275441,522756
2963,4592,363969,23296,6889,173176,595922
8500,7259,361789,67222,6426,213874,706995
4648,5222,155035,40981,6149,156203,386997
3537,4666,178763,27278,7444,182050,419682
4481,4889,247250,35833,9148,190914,509015
3037,4593,1186257,37870,6260,137531,1412603
6352,5888,174557,27445,7740,285422,527422
8297,6907,210118,34130,7666,145954,450683
4815,5240,219216,61500,6186,218781,558885
4649,5444,968464,25648,7444,336047,1367659
4223,4926,154467,39352,6000,176456,403257
4537,5222,177325,70500,6704,285672,565385
3222,4649,194256,35611,8389,147723,432368
5537,5334,308058,61315,5963,407289,811384
8870,6889,356415,27519,7111,183340,629052
4703,5074,154514,37926,6000,155688,383849
7370,6611,422279,26352,7203,255866,769829
5019,5111,176894,49204,6259,186733,448942
8741,6963,332475,36703,8611,225800,635719
4241,4834,1113426,47778,6018,196973,1392807
8463,7426,172429,35074,8241,375271,623867
3593,4833,223861,26371,7833,239858,525775
8741,8389,393330,66000,6333,225703,749552
5260,5481,154890,26111,6815,211774,428313
3407,4463,177933,23463,7852,147583,383571
7741,6759,187346,27926,8870,152245,428386
5612,5777,343481,26241,7574,145738,552886
3166,4778,145894,62518,6093,205104,447145
9315,7352,153307,24370,7204,169543,389554
5833,5704,179571,49760,6092,188001,471053
5111,5371,251428,25815,7426,275901,616274
5500,4852,336268,25500,7240,269118,678070
4630,5462,155181,67018,4500,190873,445831
4204,5203,175686,50889,6592,380978,640607
3889,5074,220913,49963,6149,253731,592089
5185,5315,438512,24592,7241,259836,783977
4444,5352,149776,34167,9241,168999,390127
3259,4741,182004,25037,7222,280827,556848
5130,5407,184231,33908,8130,150488,403979
4908,5370,355997,23055,7186,354536,767848
8278,7444,359539,22519,6796,130477,550330
3759,4741,162099,26889,8074,161510,403127
4963,5111,174809,64592,6482,181929,456886
3204,4666,321241,38593,8407,807864,1204956
7778,6834,427653,41889,6519,180287,688811
3259,4519,152881,48241,6592,156988,407942
4982,5074,172497,55667,6667,300055,560775
3223,4833,221725,28278,7648,259531,544423
7519,7037,305471,35926,8926,173174,558534
6722,6704,162773,63537,6222,211113,476126
3722,4815,716242,33519,9222,303529,1090438
8981,7074,412600,24648,7333,291248,770477
3092,4500,278790,28463,7611,241300,618385
5445,5500,155091,23556,7222,271777,487053
3222,4407,157078,24908,7815,169457,419738
4648,5149,177861,24000,7111,241043,476220
2834,4444,245941,36889,8574,142372,457257
6130,5796,331873,64000,6685,145087,594774
4833,5185,178822,25223,7222,239712,501682
4240,5112,214142,32241,9185,147837,430904
3241,4574,215573,62667,6260,244534,573978
5055,4926,380895,27907,7519,405063,847124
3278,4741,157696,64518,6315,211690,482294
4538,5092,178942,68871,6704,333221,621071
3315,4834,195373,24667,7333,196272,468238
4889,5297,383453,64722,6130,225024,732070
5093,5629,131551,27630,7685,169169,364887
3093,4777,160483,39092,6704,158460,408386
5074,5148,175729,24296,7556,254454,516941
4538,5222,245030,61334,6463,182596,523090
3148,4741,393888,24056,7537,143256,594422
4296,5074,160764,23426,7648,222900,459034
44074,4519,168602,60778,6796,369839,670478
4241,5129,216497,36445,8444,181260,491571
4759,5167,331317,62926,6815,173364,602144
3870,4630,165063,25537,7611,253138,490275
4629,5056,179513,29074,8204,167003,411516
3630,4908,197240,62056,6926,154609,465887
4722,5334,339691,29222,7796,368027,770866
3259,5019,483789,27556,7166,291188,871328
4704,5259,155979,34371,6444,161704,386831
4981,5445,178151,68037,7278,140050,423460
9297,7704,244509,25259,7518,279914,591090
3389,4759,421089,26685,8259,168871,651792
4778,5277,162502,30555,6574,988455,1217697
3407,4630,714619,34648,9352,291097,1099179
4797,5333,219790,66889,6704,238818,560553
3482,4518,382963,26148,7370,144571,588423
8093,7463,190116,49870,6111,231956,511868
3482,4556,183806,29482,7759,166117,414961
7166,6574,191312,63111,6389,146353,458589
5722,5593,345706,64056,6629,163179,616718
8278,7056,442675,25630,7518,399153,909440
5093,5482,152272,41611,6445,154540,385109
7797,6796,171908,23703,7278,261275,510349
5370,5352,250043,61463,6111,230436,576867
4019,4703,499605,23630,7148,375464,935291
8148,7222,156387,90259,6297,418238,722829
4963,5352,181429,26260,8648,141864,387349
3315,4796,217657,53223,5240,234229,561256
8019,6611,303848,26056,7333,244833,629793
5204,5445,148797,39389,6334,168829,392850
3370,4574,178470,58574,6537,292898,571663
4815,5314,193569,36203,8741,140967,405331
5426,5592,364611,63075,6426,197440,661866
3278,4592,135931,33815,9166,159845,383516
5093,5315,149454,23445,7074,172580,381609
4556,5148,173257,64148,6259,340870,614367
3500,4445,249706,27593,7130,198401,529145
5037,5371,204175,49222,6389,199211,488312
4518,5130,197514,28426,7722,293001,566589
4723,5166,208483,40666,6334,295718,576664
4167,4889,385321,33852,8167,252619,707237
3351,4908,374938,25074,7333,340188,773551
4259,5241,158498,65167,6833,272055,542719
5148,5407,178171,33482,9129,394493,642440
3055,4574,189454,64019,6592,304376,622144
4815,5204,357441,26389,7518,171574,590997
3241,4574,137353,32630,9241,160959,365924
4315,5296,149008,38740,5574,156639,377554
3333,4445,176031,25481,7760,171836,424627
5297,5426,243536,64575,6629,159960,503868
4315,5185,417376,29667,7833,159972,661348
5000,5037,154899,63371,6777,171987,425071
3964,5203,173146,27315,6685,144019,378424
3500,4704,218447,61963,6426,322475,633015
3870,5056,390009,26815,7296,167284,636404
4945,5148,161773,41074,6371,155465,393128
3815,4982,177908,26704,7685,178626,418905
3241,4463,186821,27833,7259,170881,436923
4852,5000,358901,40111,5389,330410,760681
3093,4740,569000,24815,7667,370587,999439
4501,5388,156967,23149,7629,297956,513571
3148,4574,174047,62759,6648,411672,713940
4926,5426,241405,37518,8445,206315,520497
5297,4944,410151,59519,6129,345030,880310
4574,5167,156156,75666,5500,219268,507794
4260,5166,217087,41945,6111,160670,472923
4463,4963,217741,65204,7500,151478,469590
4352,5074,343321,24537,7574,371601,774625
3666,4926,180419,26259,7555,248690,501460
4926,5148,176405,24259,7204,147630,384312
3056,4574,185781,63241,5556,249493,583590
4296,5185,389621,24222,7426,224283,673848
3111,4611,895701,26315,7722,198755,1171215
5074,5093,158223,41315,6445,171644,406257
4166,5352,213266,75111,6130,240342,573459
4815,5111,1079829,24556,7481,273404,1440362
4037,5037,394240,38426,6426,392626,856421
3241,4611,178653,24611,6629,211197,446979
4074,5093,204361,34741,8259,394672,701292
5074,5370,212127,62981,6463,144112,454219
3629,4649,388095,59648,7000,393270,872291
3315,4667,152952,39741,6703,157879,401942
4760,4962,176977,60204,6425,371132,640904
3297,4555,187964,36185,8018,236275,530238
4908,5092,342266,26592,7815,145602,552478
4833,5630,129122,40093,6722,156542,377979
4963,5426,154702,26963,6963,178222,395553
3981,4926,180096,51075,6703,217698,482164
3889,4908,244083,24426,7537,164451,486516
4852,5297,417422,30315,8148,160037,644589
3723,4685,157797,63982,6704,243144,510275
4778,5204,210210,24260,7370,389489,657626
2964,4537,213179,62889,7203,145837,454535
4315,5389,406759,24111,6278,277700,742422
3130,4278,162523,41130,6630,154974,408220
5056,5296,174714,29463,8315,407708,646348
4186,5222,181719,24889,7463,233000,486275
4685,5074,353929,27371,8352,141882,559626
4259,5222,138267,24723,7259,173212,388331
4574,5000,148365,41167,5389,155633,378350
3926,4963,172204,49074,6315,373107,625256
3464,4759,247117,28370,7537,278213,601071
5241,5500,353086,61592,6686,182910,632756
3352,4555,157536,26407,7000,183314,399886
4333,5241,182615,25759,7556,392881,668255
4815,5222,216250,49445,6648,253821,580367
4333,4908,343145,23740,7371,209444,630015
4649,5222,165705,28222,7760,232292,483794
4186,5148,554841,56722,7000,158117,820736
4796,5074,685106,25593,7315,267221,1039753
4426,5055,355315,28074,7630,156349,574441
3055,5037,148394,39130,6648,156975,395572
13426,4426,144585,23852,7722,143487,355887
3371,4740,178794,48685,6574,202723,495516
4463,5018,237429,23945,7222,239642,533923
3112,4629,433972,95556,6333,233709,808422
4926,5352,153773,34315,8537,194224,419386
11593,8685,180130,24575,7148,147904,415739
4741,4981,324322,43796,6741,171508,573978
8277,7112,393234,27815,7500,192632,655088
4648,5204,155721,63056,6426,260516,515201
7760,7111,172504,26556,7463,153179,393239
4037,4629,187751,49685,6982,220987,505460
5352,5482,276941,30166,19519,171519,527312
4852,5333,358206,27630,7537,155846,595904
4723,5111,158692,50723,5889,142916,386628
4704,5185,180810,49222,6333,227429,492109
6019,6426,237111,37333,8500,144924,477220
4685,5130,329394,49482,6648,194417,610052
4630,4593,186122,27666,7611,275931,554645
5129,5297,176497,22945,7185,147630,383423
3722,4704,213022,48722,6519,244401,551441
5352,5240,395583,33445,7833,167043,632792
4277,5260,159217,28686,7555,167058,408460
4686,4907,182964,39019,6129,151404,407553
4315,4926,192303,24296,8074,262250,512275
3740,4741,303438,27130,6370,154541,536200
4907,5130,135351,24277,7463,169963,365572
3093,4574,155634,37926,6074,157938,383683
4129,5334,176417,49278,5852,149839,425868
5223,5055,245201,24426,7389,256574,588330
4167,5000,334299,26945,7277,219161,636089
5130,5018,685972,64204,6019,181133,966439
3111,4574,206365,37704,8185,1012998,1325789
4963,5204,215352,62982,5981,145275,458349
3593,5000,370209,39556,5778,372471,846532
5056,5074,155622,33500,9185,284782,511349
3500,4518,176498,27241,7685,183111,440719
5056,5093,176410,25389,7278,175328,411313
4945,5630,353842,27500,6982,184357,618015
4537,5037,359237,67000,6667,231778,718514
4296,5167,154409,24222,7389,270496,496756
4593,4944,172155,64093,6444,408656,680996
4278,5000,240382,26945,7111,286021,599682
4648,6241,367796,37685,9537,328089,770273
5018,5445,159727,64574,6500,290788,549756
3944,5111,181603,27797,7425,160673,404757
4722,5370,204886,27612,7629,115927,381609
3166,4500,335355,62704,6537,144809,594070
5222,5315,154786,27185,7315,185749,403887
4333,5167,175291,25648,7426,148873,402257
4649,4999,177131,50666,6260,222033,534312
4130,5222,402932,27815,8148,257045,734903
4666,5204,356179,35926,8833,179503,606478
4222,5111,148647,58796,6333,176481,418553
3612,4703,177078,67111,6056,408251,682256
3685,5037,237639,36889,8259,154395,483589
5167,5296,324848,62278,6260,182055,605274
3111,4574,169428,28037,7722,230070,480016
4963,5056,180729,36297,8500,383970,635404
4334,5129,207605,23297,7833,224263,488775
3093,4703,383556,23259,7241,404106,875773
4889,4926,156283,32166,9482,162197,387887
3334,4666,177029,55611,7556,379782,677737
4889,4926,181960,31426,16593,211537,469608
4464,4870,362040,32445,9129,301048,731718
7056,6888,596547,24796,7148,285152,978846
5055,5130,152847,63222,6741,172150,425034
8056,7037,173927,30370,6982,216552,462368
3981,5019,238784,26611,7352,173824,474238
7723,6685,384512,25481,7148,174096,641089
4815,5611,149332,52037,5945,226110,463794
3907,4908,173485,35074,10408,291585,569774
4741,5222,360862,25278,7092,217191,637311
3963,4944,2378612,35149,8852,181298,2647169
7111,5796,176798,67075,5314,186422,503552
5555,5167,785064,24074,7889,196041,1043031
3778,5093,179235,60630,6000,148522,422961
7038,6629,376297,24833,7630,275884,716793
3760,4722,133727,28500,7834,167178,380943
5315,5463,151177,37926,6907,155765,381923
4315,4778,173627,26722,7074,231093,499219
4852,5148,234614,50001,4796,170494,488793
3666,4630,376676,26611,7407,215858,654107
7944,7537,157348,37037,6259,183613,418090
3482,4722,177334,24815,7500,208830,464386
5204,5185,207303,36519,8463,139583,418405
3574,4555,304994,24370,7760,265039,630422
9259,7426,160388,32555,8667,162073,398590
8722,6982,166578,40593,6185,167179,415016
3852,4852,179880,35370,8130,191117,439442
4296,4945,350997,37037,6093,365350,784903
3870,4778,358892,24333,7389,174605,593126
9018,7685,149582,58297,6944,255582,507849
4575,5129,181569,61333,6056,290409,599719
5407,5519,242852,25167,7574,259385,562978
5426,4851,417488,24148,7093,148249,625533
4074,4852,154085,63055,6241,184450,435127
3482,4630,207627,26186,7018,184851,470387
5315,5389,206559,48908,6315,176586,467368
4130,5222,841399,27648,7797,318890,1263215
4686,5222,151218,25537,7555,214873,428535
3667,4630,173408,35445,8722,148015,409239
4833,4889,182988,26648,7649,255342,499163
3482,4648,351679,35575,8388,169170,592478
8963,7759,346111,26185,7667,261441,674570
3204,4666,156023,25871,7407,206975,440053
5223,5240,389659,26296,7556,286467,740681
3222,4556,432404,42612,5111,174128,681533
8111,7500,415725,25019,7037,255307,772792
5000,5352,167360,39963,4777,899375,1142475
7889,7092,177199,36352,8500,373816,627996
3778,4852,209371,26333,7685,240164,546627
4778,5240,291525,24056,7370,251379,631163
5833,5611,156160,25556,7370,172135,408164
12796,4074,157276,42222,6556,307943,546904
4445,5074,184726,37074,9611,199790,486997
4852,5315,333509,33389,8889,145524,549645
4204,4870,130959,26019,7129,171187,365572
8427,7333,149779,40815,6185,157052,404776
5445,5500,177099,26500,7148,146491,386627
4778,5018,230069,24833,7630,213688,503071
5111,5352,409889,27074,6963,154737,627015
4315,4796,155246,25056,6907,286752,503590
7889,7334,178973,35426,9963,196987,488053
5537,5260,199330,27723,6703,156464,418331
4741,5074,317911,66926,6815,159808,600053
4889,5407,158638,28000,7167,168989,392164
4426,5370,170329,38741,4407,166540,408220
4204,4889,172482,26629,7093,220219,490016
5055,5222,349433,64796,5982,368618,815162
3815,4778,352641,35130,8685,154541,596552
4889,5204,155869,38852,6222,183795,414850
4018,5074,178912,49352,6111,151827,412997
3963,4926,243380,28611,14278,246283,573478
5111,5222,357312,48445,6185,207481,647867
3815,4833,180002,50333,6334,214458,526830
4204,5037,176470,36852,8278,295971,577830
4908,5000,211142,48945,6296,149540,444275
4075,4722,337722,26574,7260,145570,544627
4055,4908,160764,38185,6130,157215,407182
4704,5556,169677,24574,7685,842706,1076272
3815,4796,804277,34037,9315,220476,1117697
4315,5130,290411,28463,7129,246734,614200
4833,5167,437935,63074,6222,987316,1524102
3741,4834,156365,32908,8333,171688,396331
3759,4778,179538,59982,6203,186812,493368
4889,5148,231637,25389,7592,213583,530331
4555,5241,383938,37685,5945,403316,889754
4574,4981,158110,34741,8963,173332,402516
3945,4778,211985,24278,7945,382103,651459
4037,4908,206380,67055,6537,149877,457275
4203,5000,339294,23667,6907,148796,563885
5370,5352,150502,34870,8908,161070,386034
8778,7908,165378,41833,4815,162416,443794
5260,5111,176161,32037,8019,256761,526534
4260,5000,334407,42556,6204,333754,775700
4703,5260,359061,26815,6963,256990,679792
8037,7074,181307,38482,4685,235894,516016
4075,4907,176646,35000,11648,243981,506757
4759,5130,234263,25259,7537,131976,426053
3667,4759,399083,40167,6352,271338,743255
7722,6686,155829,24129,6130,203317,421572
4518,5037,178613,38111,6074,286736,535256
4834,5500,204043,34612,8555,134880,407553
3852,4611,324494,61426,5945,173373,593552
7611,7389,158666,24796,7648,170499,395609
4259,4778,170782,40982,5851,293067,538293
7333,6444,181529,25352,14426,177950,449404
5408,5500,374460,61778,6037,238591,735126
8704,6907,155873,26019,7926,202606,426312
4463,4889,162397,70648,6926,167305,436683
8612,7018,175847,64185,6056,358205,635960
4704,5315,235093,49111,6259,150423,469590
4000,4778,407673,29611,7630,142509,614423
4037,4889,160919,24666,7963,308523,530256
8593,7481,2434078,27055,7500,340944,2842262
3797,4889,279855,24815,7722,165549,505794
7537,6852,152102,42185,6759,180267,413312
4037,4685,146793,25648,6926,271686,482757
7537,7092,163983,25167,7278,312310,539997
4482,5055,176007,35759,8667,146750,396127
7148,6889,287587,61481,6408,272724,693125
5666,5834,133536,25815,7111,169388,367516
7574,6852,154172,51555,6445,146789,391702
4463,5056,174288,69667,4629,170524,448775
7834,7092,227794,37815,8463,139648,444275
4666,5334,335781,64759,6482,208900,645403
3815,5222,153008,24778,7222,195378,407460
4149,4981,175273,48685,6408,184243,463368
5611,5555,206038,26334,7407,147053,417960
8908,7499,307877,61389,6074,220398,665404
4833,5186,158178,25037,7259,173320,392350
4537,5111,172406,26870,8130,144870,381720
8111,6889,175615,63334,6222,216289,496571
4926,4982,353139,27149,7259,187320,603553
4519,4963,897572,38333,6185,179422,1149530
3703,4778,156335,24908,7759,178977,429645
5371,5833,174692,61038,6444,372063,642071
3723,4666,234384,26555,7574,145966,438905
4297,5074,384889,65981,6315,142330,644497
4593,5444,156338,27278,7241,220011,440053
3259,4722,178548,25685,7445,145783,400960
4444,5056,220460,24630,5963,219203,499589
3852,4740,779449,35926,5759,651173,1496769
4056,5092,153286,38167,6741,262322,488553
3944,4778,170773,37778,8296,142558,386183
4093,4926,179112,25203,6426,264200,514645
5445,5240,366118,32760,8000,232452,702218
4148,4870,122104,26371,7370,171024,371127
4944,4945,149202,24519,6833,235388,444238
4074,4963,182578,25704,6148,238290,479645
4518,4908,231843,66130,7222,144432,476849
3797,5018,384516,29055,7778,187166,646830
5185,5296,149428,24278,7389,252921,463367
3778,4630,175229,25482,7426,173934,427183
4833,5223,199420,23685,6963,204355,460849
4019,5055,394223,50055,6167,249977,741236
8834,7703,450951,34204,9426,297230,826866
4537,5185,167807,24001,7425,163432,391461
4223,4889,175072,64518,6685,207296,529831
4037,4760,301170,27778,7351,143161,506886
3741,4741,131453,27481,7945,167397,362146
8759,7167,152792,41426,6407,262483,518293
4686,5148,180834,35963,8019,302162,555478
7907,7019,226932,23649,7389,138435,461127
5889,5574,402420,22537,7000,325872,789070
8704,7129,174166,64797,6259,224239,504997
4796,5167,180782,28185,7482,142252,389183
8408,6926,200991,37315,6482,171135,467238
5130,5351,394183,74482,6018,211332,718848
8519,6814,154206,25019,7574,168588,389461
4278,5130,168174,29074,7537,147176,381405
8408,6870,175569,63296,6686,394297,671700
4852,5537,352593,69796,6445,297106,752625
3538,4722,142635,37611,6185,157622,370146
4260,5000,147196,62815,6370,414411,661015
8241,7148,223146,39130,6685,143444,445423
3945,4907,632338,48370,5926,315656,1031272
3834,4759,408843,51666,6315,378078,872254
7834,6814,156867,41444,6463,168576,406609
3297,4722,182890,28074,7575,346550,630571
6001,5592,204192,49445,6241,214638,505386
3500,4666,428384,27000,7537,221409,713718
7315,7000,154425,33537,9445,161609,409590
4889,5315,146393,39593,6278,271844,495182
7204,6759,173455,28296,13611,221228,470183
3500,5000,366257,39593,5889,167314,623441
4797,5296,350873,26315,7111,218290,629571
3093,4833,184471,25463,7593,244859,513571
7296,6759,172162,68537,4871,164058,441979
5518,5297,225778,24982,7259,230311,518571
6981,7870,352359,39000,4759,164787,610811
5481,5241,159215,23408,6759,270726,511089
4556,5037,182332,36166,8649,289572,576219
4722,5130,203134,25518,6963,240956,527478
4370,4834,308028,26074,8259,239117,623811
4482,5148,158607,23223,6926,173168,389257
3611,4759,167706,43296,6815,310032,556052
7797,6852,177155,25370,15149,254915,507386
4574,5352,331531,55223,5981,357946,779847
7667,6704,436444,34611,7741,178533,707459
5129,5574,156543,37296,6204,267270,496997
3778,4722,176881,37037,8482,418022,698533
4686,5111,227775,23926,7704,155204,439757
3185,4796,336856,34037,8629,147623,553923
7370,6982,152397,39037,6445,157526,388331
3630,5018,173347,26297,7185,143836,395368
5333,5352,202594,28111,7963,228089,494164
3703,4834,419821,34556,8852,254341,747255
8000,7019,155474,43778,6389,150505,388998
5370,5704,731722,48963,6167,300160,1114382
3945,4851,177005,28426,7296,1788114,2029007
4149,5055,326881,63000,6259,180801,604627
3686,4870,131885,35445,9352,158390,363795
8000,7704,212317,26370,7611,207810,509516
4260,5037,181452,62537,6352,162249,440424
4001,4685,233254,27463,7129,258188,553553
8370,7241,324204,33926,8815,137385,570589
5611,5555,180265,25315,7204,239510,507274
7852,7129,176789,24426,7037,164839,407145
4167,4778,174423,66130,4759,270481,543330
7889,7167,324059,63352,5834,368269,792533
4852,5222,154508,29463,8112,165248,386183
3907,4834,165347,35630,9352,146187,385053
8407,7111,178020,49389,6537,309810,576070
3111,4500,322100,25777,6926,147046,528645
4685,5130,346253,48259,4871,172410,602793
7444,6815,150110,46722,7871,244276,493478
5556,5648,176412,29629,7630,214234,459016
7352,6852,225918,63796,6371,183672,513294
4389,5407,407053,26111,7649,168054,653552
5037,5241,162188,32629,8223,243217,474905
3333,4907,177693,60149,6092,166379,438571
8222,7167,196735,25112,7426,299983,581589
4944,5167,400315,65612,8740,236810,767773
7463,6982,148894,40334,6351,157493,386646
3834,5111,165863,23963,8093,325782,551608
7463,6537,173239,62463,7000,136314,411571
5463,5444,256393,25852,7352,147364,485516
5407,5444,353436,28074,7778,254912,672440
4352,5018,157589,23833,6926,256724,485960
4500,5130,179390,32704,5889,178736,425034
4241,5408,230118,24481,7297,211064,512183
4574,5037,421291,51314,6315,162002,668977
3889,4777,324185,25241,7333,295960,679551
3871,5222,175857,67574,6666,1060766,1335937
4407,4833,197103,39111,8389,138784,442127
8611,7037,366276,65074,6519,378701,849940
3482,4759,156095,41945,6315,154884,404294
5130,5389,163101,67111,5870,380081,643589
3685,4815,180180,65296,6574,188706,468534
4370,5130,241741,28519,8630,351143,656441
3797,4722,353081,61000,6055,223490,683034
4834,5444,161252,27093,7389,219227,443220
4408,5074,718481,63019,6166,189106,1024476
4852,5482,229115,26963,7426,253863,571349
3871,4722,401991,28130,7815,156542,640941
4907,5167,169441,40629,6241,234501,504460
8537,7222,183576,37611,9148,273384,545997
4833,5278,197711,48093,6240,235120,537441
4963,5204,370679,25537,7149,339149,768403
5037,5296,156296,23704,7907,170591,387071
4241,4796,163357,27648,7815,160307,403590
5037,5241,176214,62222,7149,156339,431072
4000,4907,340627,23723,7611,200702,599533
4315,5167,490337,23000,6944,351269,916402
5129,5371,180915,23834,6092,218952,458645
3834,4629,179995,35834,10444,328502,612997
4685,5148,221946,23796,7241,121145,399405
3852,4908,391673,22815,6963,149879,599349
3556,4648,155252,27908,7574,240041,471331
4926,5241,182795,39185,6278,160684,419239
4185,4796,200782,26704,7370,262734,538015
4815,5056,284324,35463,8648,146432,500775
3778,5241,152681,23371,7037,174427,384516
3982,5111,162353,38593,6185,437995,691107
4741,5185,175192,24019,7296,194676,427405
4186,4685,256642,27686,8037,120799,438090
3815,4778,946075,36945,6241,158751,1193253
4870,5445,178653,25185,7389,242529,483941
3537,4537,175048,60574,6371,175894,443572
3871,4962,236035,26852,7352,117055,448368
5833,5648,400856,23426,7426,338899,797884
3852,4945,160842,38740,4963,260044,492497
7111,6852,178607,24500,7666,443408,704885
5167,5351,764447,56130,7482,170658,1029290
3741,4870,1120694,30278,7907,595703,1785897
9019,7481,141771,23519,7278,172930,398127
4871,5389,162276,42445,7111,665477,908736
7259,6815,174412,27611,7111,257493,497645
4445,5056,253510,62481,6185,157413,527016
4760,5018,560146,25611,6796,187832,809366
3574,4815,180706,25481,6426,251847,516904
8556,7222,179545,35815,8352,305600,596645
5000,5167,222606,27056,7759,115929,399035
4334,4889,330407,66593,6334,356698,818866
4704,5055,155450,29852,7593,185899,407183
3741,4797,173140,41834,6333,422559,671237
8259,7056,191924,37870,8815,138018,407720
3408,4611,371319,44370,6259,366770,845718
4907,5222,156602,35518,9575,155803,385720
3704,4741,162551,36519,4630,172502,421257
4741,4962,177020,36149,8889,209496,458238
3481,5019,257229,28722,7371,283563,629144
7833,7019,2341980,26907,7389,202190,2632614
4518,4352,153536,23500,7204,175684,388294
3852,4889,918062,35833,9797,172765,1181253
4741,5222,226455,62944,6630,217746,543182
3371,4741,379830,26797,7444,143870,588497
8000,6982,171558,27537,7537,268309,546682
12500,4334,186749,63148,6667,148007,440350
3667,4630,199532,26185,6870,143151,433516
4592,5278,419112,24463,6259,941140,1420825
3518,4759,153136,40148,6815,154733,383294
7278,6870,157956,39241,6333,178690,415423
3796,4963,173591,36463,8815,1026846,1271844
3593,4722,611079,32611,9482,298341,1015494
5204,5592,451992,65222,5056,235911,788310
3463,4704,180718,24185,6371,214075,477497
7666,6871,747632,61611,6667,276491,1126623
5722,5778,181877,24093,7352,315378,559737
7870,6982,392050,59315,6815,349963,838921
5093,5037,155536,38612,6463,285257,553608
4851,5186,178042,35296,8500,328492,611477
5519,5630,193769,36519,8315,140006,405128
5278,5241,339127,25815,7574,216295,617552
4518,5019,143706,33722,9649,159643,374794
4222,4926,161582,39204,7037,148545,400701
5482,5315,173606,27241,7555,253984,514275
3778,4982,250241,27056,7445,156885,487442
4981,5871,383284,25630,5722,192953,637570
3630,4648,156715,55871,6204,161337,407294
4260,5092,211388,28907,5741,185221,459109
3444,4722,227764,26500,7129,158494,463015
4963,6149,397213,42352,5574,164376,640386
3945,4666,164386,31778,7722,200223,431609
4019,5000,180094,65408,5759,150607,448905
5019,4963,194508,24851,7315,244675,525997
4204,5000,354569,62018,6408,332149,813977
4556,5000,928853,24352,7574,199936,1188549
4111,4926,160246,65223,6463,389546,647237
3945,5130,180640,26056,10666,179857,442702
5204,5722,345942,38260,6148,140795,560459
4889,5074,351560,27444,18241,170456,614126
4852,5148,153083,32611,9241,223063,447275
4074,5315,174940,33333,7815,137021,380739
3908,4722,228649,23482,6592,167034,451090
4111,4852,397211,28277,8000,164897,643218
5259,5315,159086,39241,6278,173856,406905
3778,4722,174425,28333,7019,142628,378831
4074,4963,197764,27852,7463,246752,520590
4778,4926,374917,33611,8778,263319,761829
3889,4907,151793,24370,7556,172520,400923
4907,5074,158965,43130,5278,1075638,1308714
4148,4908,759731,25500,7833,291670,1112753
4056,4925,253829,52333,6093,241687,604385
4112,4833,2814636,66315,6740,418123,3351444
4574,4481,159212,61871,6037,180970,435516
4352,4889,213845,26759,7130,395762,668737
3593,4759,223221,26537,8389,264535,563219
4870,5056,333041,23759,7315,260177,651329
3592,4963,150491,34574,8759,187878,407997
5111,5037,173533,23074,6815,185391,436312
4852,5093,196742,66259,6334,144273,442461
3926,4815,325878,28148,8278,142545,549571
4963,5093,162142,66278,6481,199689,483831
4185,4907,161370,28259,8204,161647,404108
5463,5352,176505,62796,6537,360029,632774
3649,4814,253214,25871,7222,146691,458220
4482,5055,338349,25389,7686,158147,576682
4908,5167,155595,51167,6444,179162,421794
3871,4759,176490,33963,5833,140453,384128
4185,5333,219551,62982,6259,146132,482534
6093,4833,354186,27648,7426,141885,560404
3833,4889,160173,38537,6185,276214,508330
3575,4648,183122,25500,7741,377763,652867
5445,5278,188498,24408,7185,120759,367572
3185,4556,317504,62963,6111,360843,770625
3759,4852,159139,28741,7870,167248,407516
4723,5037,165107,22519,8296,155224,380683
3926,5018,170594,25352,7593,262384,490663
3871,5055,249582,23667,7277,187713,493183
4055,4760,197197,25630,7296,252763,523497
7000,6037,161407,32686,7759,253868,488905
4870,5037,209283,27111,6593,186770,518589
4389,4945,215899,25704,7222,257338,548201
5018,5074,395628,24944,7148,375535,829476
4037,4796,157207,49148,6167,245865,499460
4612,5074,179582,35148,8630,1033299,1282641
3741,4797,200199,67592,6741,200261,502016
4148,5000,392224,47741,7166,246013,770607
4037,5000,491729,33222,9760,302266,898569
4759,5093,157901,38518,4722,159598,389683
3666,4871,174072,37186,8426,161776,428793
4574,5111,251449,65648,6593,169937,522071
4740,5167,617881,27389,7389,187929,885587
4426,4944,157052,23241,7037,278649,493589
3889,4981,210187,55889,6223,368272,665070
4093,5055,221341,24056,7315,220637,521479
5222,5000,370310,27537,8185,190113,625441
3648,4778,151167,25315,7129,263257,487071
4685,5260,181838,42241,6074,398732,654793
4389,5314,191104,49741,5963,177375,472015
4500,4963,336054,26648,7574,429479,825199
3722,4852,150003,38741,6259,158402,381942
9777,8593,148472,26703,7167,430469,647940
4463,4944,181200,63259,6185,439186,750847
5371,5629,258372,37611,8834,227699,585515
4741,5296,424063,62185,6352,385303,907625
3722,4685,151105,25555,6500,188634,416201
4667,5259,173703,38167,8277,222295,519479
4241,5148,224893,65222,6500,162215,506441
4723,5278,370714,25537,7314,142987,574756
4037,4778,154811,26556,7389,215390,448886
4611,5278,177909,37223,8296,374050,623181
3833,4667,198193,52981,6815,171601,457201
4204,5129,610533,27463,7500,195592,868402
3815,4759,152852,28167,7370,166498,415498
5222,5592,156487,23982,7352,164363,381257
3963,5056,175362,65130,6741,196486,471034
3778,4870,319628,26389,7241,367998,766329
5185,5648,421300,41000,4426,394399,887754
4185,4908,182416,24741,6463,241470,496182
5019,5259,171348,36482,10166,418501,662941
4112,5092,216594,23926,7426,123330,399183
8778,7537,156174,64056,6240,172954,452183
5037,5185,155901,34519,8092,272152,499701
4574,5278,177888,37759,4760,359256,639385
4815,5278,194968,25518,7926,176604,435812
8445,6777,351733,68945,6833,315985,774996
3982,4852,523220,33000,9685,341886,952291
5037,5352,156650,60260,5963,396697,646959
3648,4574,179694,65129,6482,184397,463646
7777,6574,253329,37722,9037,180539,512071
7333,6797,362223,49963,6463,175866,628607
7963,7018,157617,63130,5963,171214,452108
5407,5482,186567,27629,7611,386078,636681
4075,4833,218258,61074,6111,148184,460720
4426,5278,342059,27649,6722,193733,617867
4852,5222,164435,63963,6111,225488,488941
3648,4778,181885,27074,7611,411722,652311
3982,4907,188002,34963,7889,232699,488331
3630,4611,288285,63444,6482,201452,621293
5112,5444,828218,25555,7167,278831,1239697
4481,4945,158740,22833,7334,176943,394831
8296,6870,176043,63333,6111,348288,624904
4278,4723,252843,26797,7500,260801,573349
3852,4648,445794,33686,9018,294757,807625
4371,4981,156429,67352,5185,184513,442164
8389,7445,195175,24889,7278,241877,526923
4407,4889,717571,34592,9667,302516,1093012
8204,6981,343927,24982,6204,157199,565756
3741,4834,182080,62685,6611,218936,520127
4297,5055,178882,27334,8537,144634,388424
8074,6908,189850,48667,6056,154184,449887
6093,5667,317597,27592,7204,153159,536071
3852,5000,152917,37796,6296,158766,400220
5371,4926,155441,39907,5722,344760,573534
3981,4908,179576,33926,9611,244495,495997
8500,7296,145786,48574,6166,195194,449405
4870,5186,334680,25148,7555,219817,621570
4167,4963,174463,22666,6426,241276,486386
4870,5204,180616,54186,6407,386861,655496
3797,4963,218270,37148,8463,140487,462516
4519,5296,317479,62389,6260,153739,567812
4241,4870,156448,25093,7537,181902,414998
44333,4259,144768,60130,6704,367228,646977
8149,7666,182292,51908,4944,172298,445572
4686,5222,370149,25649,7314,149070,580515
4649,5185,480563,40518,6500,296414,852625
3260,4833,164438,29333,7723,158282,385591
4518,4760,176424,61889,6723,2085543,2359190
3760,4574,154097,28574,7240,203864,419368
3945,4704,241010,23629,7741,314209,650960
5648,5667,149552,44889,7000,263482,498608
8686,7240,210762,62556,6277,141440,484016
4222,4963,217453,24407,7408,213785,492497
7870,6741,328661,65501,6796,401259,867569
5001,5259,160296,48352,6630,235571,480850
4019,4796,181784,54704,6314,322380,589590
4649,5333,189622,25408,7574,212282,500146
5111,5111,389814,32981,9797,157498,619126
3315,4629,146708,39351,6186,157753,377701
4555,5130,264805,62445,5852,495819,858550
3537,4648,173737,29796,10815,196446,436405
3852,4870,259928,61148,6296,380161,754348
5185,5500,346859,28111,20130,167915,594829
8593,7333,160901,41593,4685,167448,408627
3722,4574,216796,26111,7685,304739,580978
9370,6870,205931,27389,7445,263621,573200
5555,5185,362233,23722,7538,147338,572163
8371,7741,148774,64464,6777,189130,449424
5352,5222,179169,23815,7278,166032,406849
7592,6223,151156,25889,7166,333804,550719
4093,5000,318995,29519,5963,184002,566960
7314,6723,907242,35315,9519,161510,1163530
5537,5500,155691,39408,5259,304787,531960
4870,5241,174067,24796,7593,239319,475960
7574,6537,243480,52592,6686,220387,583496
4186,4851,1185803,25481,7371,201282,1467362
5092,5389,157824,35741,6852,177063,407386
7908,6148,173440,28352,7871,207556,468738
4519,5074,225613,92185,7944,154181,541701
4574,5352,336878,33833,10185,150786,577478
4778,5018,172253,24834,7722,220744,455423
8223,6981,172963,23537,8259,445108,703385
4852,5148,185672,65908,6944,153066,440072
4519,5278,275381,25574,7537,211264,550090
8241,6981,137942,48889,6130,265647,517330
4222,5093,152725,33945,8814,159421,384164
7593,6500,178453,66037,6166,381748,696144
4944,5241,251940,24889,7666,193002,504200
4000,4945,457408,38037,6186,295494,859606
4704,5111,178228,51593,6537,242417,529589
4408,4963,213012,65018,5945,167726,480646
7833,6537,210944,26389,7537,231109,507886
7704,6796,401986,34223,9500,215102,695867
7796,6667,583029,40259,6574,286688,984401
5204,5500,181774,39038,4500,414944,669885
8074,7111,177835,30075,7870,240717,526145
4723,5203,358378,34667,9297,144840,576515
3740,4963,142846,27797,7389,169448,391775
4982,5370,155648,43056,6593,169294,405517
8519,6685,177802,27833,7648,208585,456461
3889,4907,333382,24796,7241,214393,627589
6075,5074,344794,24759,7815,257980,663256
3574,4741,153874,34259,9315,167161,392331
8149,6777,565843,27352,7648,303189,936939
3111,4555,222959,24185,7093,150224,449349
5519,5092,386706,26407,7056,145791,612163
7426,6963,159785,23981,7074,176732,400072
3722,4648,174179,23296,7426,194319,427109
7074,6592,2056004,33222,7278,297612,2462504
4685,5148,367616,64945,7037,214602,707699
7889,6963,148232,26889,7333,169822,385442
3426,4519,159904,58852,6037,302296,585478
4815,5352,175613,64223,6389,146495,423424
8018,6445,251008,25907,7944,253675,593904
5555,5611,429792,37796,6260,161019,666070
8019,7092,159056,54296,9204,186516,441905
3278,4593,216561,38297,6037,358398,646330
7648,6685,209623,36981,8556,191653,498682
5611,5575,374165,66111,6333,440330,915125
3426,4555,172726,23685,7537,238031,503311
4537,5037,178064,27852,7889,142341,384108
3075,4462,195422,25630,7278,250390,529219
4889,5186,346187,27129,7426,178477,609830
5148,5426,693286,24796,7648,332856,1086604
3038,4388,156568,26574,7241,173078,389443
4426,4908,179906,63834,6778,146572,424720
3037,4574,255357,23667,8296,147289,479127
5112,5407,1476624,25371,6907,342532,1879693
3963,4833,160923,26759,7445,193186,432738
4722,5037,180707,22963,6426,201717,472701
4741,5204,216045,25574,7222,237508,516830
8555,6908,382236,53056,6389,399462,906402
4722,5111,153982,46741,6648,228868,493460
4222,4834,178839,24463,7482,359453,630163
5315,5278,1586718,40630,6315,178012,1844434
7130,6426,437573,49852,5889,202423,727089
4463,4889,426245,24370,7241,347657,835791
7722,6778,148843,40704,5907,925336,1187215
4815,5222,174219,34555,9519,143631,387442
3982,4982,248650,62370,6111,266569,642497
4445,5074,337119,25407,7852,259507,681811
3926,5056,176827,32167,9074,213281,477942
44833,4278,171889,39667,4870,415293,700181
7889,6851,210209,49037,6334,161381,459071
4186,4907,331011,29907,6852,145690,559331
4575,5277,157220,44667,6500,224704,509349
4167,4963,179207,34037,9018,145328,413368
4648,5000,184324,64944,6537,152971,439794
7815,6648,278199,37352,8778,161335,517015
4389,4981,142427,27000,7463,172108,377794
7481,7223,156691,63056,4833,226565,496941
4778,5018,181679,24537,6129,249634,492497
7555,6519,238461,61612,6222,151313,489978
4796,5185,397820,29796,8352,184936,650922
8093,7148,154787,32297,9018,254395,518867
5130,5204,178404,41741,6426,372074,627201
7482,6870,212650,28723,7592,153033,432424
3464,5166,377582,35074,9019,314914,795088
4667,5074,185735,25371,7333,235799,482738
3240,4408,181759,23241,6889,151072,390127
8130,6685,188672,26944,21000,173196,463331
5019,4944,271585,25001,7555,165783,499442
7463,7000,356887,35685,10389,141091,574145
3130,4500,155559,73778,6592,332142,627163
4982,5240,177361,65148,6611,330007,613256
3815,4722,245052,25203,7315,166280,472127
9982,6703,412483,26538,7851,163699,645330
3111,4629,166637,20555,7426,173880,411590
5037,5259,209698,25018,7408,796630,1070087
7852,7149,457555,27537,7463,297773,859514
4926,5204,394393,40686,5074,186824,656607
3259,4667,160250,23945,6426,286135,505349
7741,7037,174682,33649,10277,175594,426461
3518,4778,190706,30130,7463,251995,542922
4852,5259,359712,35222,9444,156915,591941
8370,7037,357810,51056,4907,216742,700310
4778,5092,157278,38445,4444,158831,387739
3204,4666,173469,28555,6093,173011,408942
8000,6389,250696,47222,6260,191022,528663
5722,5611,422276,27315,7130,296478,817532
5222,5278,152670,68260,6074,244956,522645
4315,4815,214490,27574,8204,396284,706311
4556,5074,216385,36592,8537,162854,450312
4278,4981,333150,61056,6204,168217,597811
8537,6889,158044,37056,6259,163139,397979
4537,5018,180290,30112,8426,147874,399683
4630,5111,186869,26797,7815,235238,499293
5055,5389,296690,33315,9723,148103,514867
4260,4963,131936,24870,7407,173322,365165
3241,4482,152478,43204,8037,155575,384572
4778,5037,179799,25148,6982,237013,490794
5019,5037,237805,26759,7352,155971,455016
4037,4852,337329,36852,8833,144261,573571
4963,5092,152019,49426,6019,163831,400053
3222,4704,211506,64889,6259,155565,518071
4760,5092,210771,56574,6056,169560,490405
5241,5463,344869,28167,7667,185275,596034
6537,6685,159671,45963,6555,181068,424572
4389,4944,180065,65445,6018,283284,559849
4056,4666,187534,36129,8612,212315,507034
5167,5741,292854,62389,6129,137718,528831
3111,4574,146414,28667,7630,167806,377090
4685,4981,159198,39815,6074,169652,421868
5278,5389,175851,25945,5759,838272,1076161
3593,4722,241376,26833,8000,191381,491720
4185,4870,402474,25297,7240,172745,635348
3592,4834,164108,23741,7111,177315,418071
5130,5444,178947,40593,6574,337346,590145
3426,4778,216934,27667,7315,253507,544052
4426,5259,386459,57815,6148,152315,630867
3370,4741,173205,28370,7741,261292,498478
10000,7537,169006,27112,7166,156492,395035
4871,5444,183716,24704,6907,194319,475701
5722,5593,342591,26445,8481,145091,552941
4074,4889,529950,25740,6963,182695,772033
3908,5000,154361,51593,7000,236599,512201
4815,5315,177644,26056,7704,386796,625070
3241,4704,239909,48908,13889,218698,590867
4612,5129,362971,36667,8426,372617,808255
9315,7241,158346,23037,7112,292817,515831
3277,4574,171741,33259,9778,222350,465034
7445,6796,208135,24685,7185,268714,576423
5778,5630,387715,29741,9037,165040,637941
7833,7018,174961,50315,6889,239777,541848
4740,5260,179799,23908,8889,144198,385849
3000,4518,186657,27074,7185,261396,544311
4537,5130,358385,24222,7148,219556,638089
3297,4666,129446,24277,7093,201145,389461
8093,6888,154414,41778,5685,185621,420701
5704,5463,183512,28982,6111,192856,457368
5038,5259,239258,27463,7926,189980,495072
7889,8222,722191,22963,6685,249526,1034031
4277,4797,176510,22963,6111,225654,457867
4482,5166,175460,35722,8315,404018,648996
3723,4685,213965,25574,7315,244124,542034
4574,4981,383249,35352,8019,146877,620070
5222,5500,162384,41315,6944,155318,396442
3445,4518,173778,26167,7463,322534,553756
4297,5000,182672,35574,8611,162900,415276
3315,4426,335233,40611,6834,399576,805754
4111,4982,360146,37371,8592,225757,673515
5537,5519,150059,51740,6556,182939,420294
3797,4722,178175,33223,10222,161822,443738
4797,5000,239588,62926,7130,192112,553256
4426,4963,417928,67352,6796,262642,813440
4686,5092,152933,34315,10259,244324,493275
9444,7389,176865,26777,7611,148097,394461
4723,5055,210703,26574,7297,240905,528942
4982,5185,356228,36055,10130,201954,693182
4333,4945,155584,25759,7556,174154,407812
4907,5148,173979,23278,7241,147223,380016
4297,4981,182558,51649,7222,248235,530145
4519,4926,345805,24055,7074,412228,815959
4000,4796,360125,64574,6704,144297,604274
8889,7537,223908,28592,8112,215311,510515
4000,4945,179654,51759,8537,237954,515275
4759,5333,240012,62796,6500,306652,643829
7389,6630,415832,27778,7759,180368,683682
4444,5130,159744,27889,8445,263234,489108
8019,6944,182177,36370,8130,338524,597386
4981,5204,211367,27037,7093,260556,536200
7444,6463,301539,35371,8352,228568,640848
5371,5259,155526,41389,7055,157806,408220
7944,7148,169550,26259,7834,319114,555033
3204,4537,294796,62741,6167,217700,643330
5074,5074,763173,30130,8074,209765,1039901
5463,5685,354307,24797,7518,154912,602552
4908,5222,149423,36574,8093,294666,541830
8111,7055,179633,59463,7148,178328,477571
4741,5222,239601,28111,8593,237118,564330
4685,5204,652977,26852,7334,190387,923253
4722,5037,163927,42815,6852,271996,540015
4537,5000,171229,37111,8370,421934,698292
4463,4982,205456,26148,7148,182467,446905
4334,5037,384462,32389,10185,173293,628682
4259,4815,164189,39260,7185,156142,413145
12944,4297,160491,28129,7537,143063,374498
4722,4889,184533,23093,6963,141594,402608
4519,5130,353761,34834,8352,162012,586645
3945,5000,361489,28222,7648,271007,709255
4926,5149,155864,32334,8889,174077,401165
8407,6945,174259,65333,6537,294701,572959
3963,4537,245894,26334,7815,145658,450349
4667,5037,331567,35870,8574,146634,569238
5222,5241,170071,63167,6574,254925,547830
4389,4796,180207,35852,8296,393012,676347
4982,5111,204953,25408,7222,149618,417276
8445,6852,413274,57981,8148,224463,759163
4463,4870,157038,41908,5111,245440,490534
4759,5056,174192,26481,7130,389230,623996
4333,4852,180049,50482,7907,224263,491497
7741,6759,347963,24741,7277,187627,601164
4352,5019,133263,33056,8833,164901,369054
8241,6888,157159,65666,6760,264079,552015
4685,5315,183441,34593,8074,308296,563700
7371,6259,232873,25555,7630,158014,453720
4223,4666,343509,33111,9018,148674,562664
7500,6852,150625,62203,6852,228095,505090
4185,4815,402056,28796,8075,183162,650996
8667,7092,201987,60519,6630,810525,1131253
5722,5778,381197,27148,7704,174170,623663
4129,4908,155757,42945,6426,154166,386849
4167,4945,176577,26741,7500,150328,407609
5833,5723,173972,27000,7407,280081,544367
4092,4871,309737,25148,6241,202815,592293
4945,5296,360224,26778,7667,208661,630478
4277,5056,157692,24722,7945,182972,401182
5038,5722,178512,25260,6055,243781,496701
4908,5241,173369,24649,7722,170035,404998
3389,4741,444413,68259,5352,172194,719700
8833,7407,158566,35037,9278,246376,519848
5019,5537,175034,38648,6593,391814,638737
3722,4593,214336,25426,7444,263976,539497
7481,6537,292046,62870,6889,266673,659403
5223,5426,165569,28833,7741,169669,417665
13166,4278,154167,37778,6685,383682,616089
4315,4907,181821,24204,7408,155528,395868
8000,6482,299901,28537,6092,195059,582127
5185,5556,352869,23815,7481,232035,645478
3871,4759,148411,24982,7074,275549,517108
4852,5223,171787,23741,7166,239192,468720
3519,4667,241626,23018,6648,180816,479757
9815,6815,409317,53241,6167,140642,644404
5352,5556,161266,23204,7481,244731,477349
5204,5574,181105,34148,9537,273355,526052
4167,4870,207870,23982,6944,244757,509627
4092,4926,295395,25778,7629,258528,650478
5223,5259,155658,33926,9686,160746,389091
4537,5037,173109,41222,8148,143760,411571
4667,5074,176670,48278,6574,214809,497553
4481,4982,347971,87408,6500,390134,878254
4907,5297,354532,25260,7241,247167,662774
3518,4667,863502,23482,6222,252306,1207456
5148,5260,173839,50112,8722,196750,456257
3259,4760,245826,65408,7055,213911,585793
4760,5092,331611,27537,7592,284331,705959
3926,4889,172949,31519,9203,256141,499349
8592,7204,175547,23833,6982,150358,390405
4408,5000,208663,65630,6704,207704,530034
5741,5370,154521,23555,7704,179348,395479
4741,4815,150841,27963,8333,196842,413387
8907,7204,173346,39482,6778,413557,666311
4722,5222,414501,26389,7481,309643,804254
8000,7056,350172,23593,8574,153713,588460
5389,5611,136511,38777,6575,157598,368960
4666,5186,152942,26537,7389,271851,488089
7685,6685,174485,62723,6444,165142,441016
3982,4963,241972,25648,7463,258414,563201
7686,6555,401311,33260,10333,403369,878607
4500,5018,155002,39166,6723,188255,416831
4333,5019,179599,23537,7111,157917,395831
3444,4519,205864,62796,6519,149263,450182
4371,4963,386333,25037,7352,278311,724589
8371,7222,157227,41426,6537,156549,414331
5704,5611,171880,27722,7667,426246,662107
3130,4889,177515,35500,8982,164000,430923
4556,5203,354188,54908,6629,199327,643478
3111,4463,357564,36463,8463,174599,605367
8555,7685,162347,61963,6519,171576,436775
2704,4444,180334,46333,6704,168886,445219
5185,5315,245284,29407,11500,175028,492293
10056,6685,339882,59815,6277,174985,634941
4667,5296,158535,26389,7408,266869,488812
2963,4315,178448,27889,8389,143661,385276
7593,6611,203102,24000,8203,160063,425609
3019,4389,391033,35223,9314,186704,664774
4908,5148,1290726,25556,7129,213747,1565936
2852,4463,174544,51963,6482,301267,588478
8093,6778,589513,65556,6704,178315,873458
5982,5352,358648,23555,7241,203904,624885
8278,7092,352691,64407,6093,161306,638403
5296,5389,150455,24000,7482,175246,387979
7130,6407,170627,26963,7444,146686,382664
4000,4908,237484,25000,7408,184864,484164
7612,7703,202101,26278,7296,240082,522942
5167,5407,165088,32556,9629,233947,492016
4408,5074,177537,25241,7185,719587,959476
7722,7130,201839,24148,6945,2148424,2416393
4500,4982,379512,57907,6445,327483,796421
4426,5018,529037,64055,6815,369995,998457
3241,4519,173281,58389,6315,386696,647978
4223,4963,175120,25167,7019,196210,431942
8760,6814,255627,62074,6222,193815,551738
3278,4629,131224,25611,7519,173255,365127
7593,6944,152230,63241,5981,197194,472275
5630,5426,174568,27315,11018,226874,469405
3666,4667,246111,25056,7240,247423,588033
4833,5241,337283,26741,7130,180898,578274
3370,4722,156400,22629,6093,211209,424201
8389,7204,177961,39648,6944,322462,578979
5203,5315,203300,37166,8482,178587,477238
4852,5260,393694,40222,4574,271487,738644
3630,4926,152069,25056,7537,218650,429571
3723,4814,170687,39740,6056,426884,688219
4667,5018,182081,38444,8926,188584,444572
3093,4592,343216,28259,7611,145430,569571
4778,5185,136203,39537,6315,160832,371591
2889,4481,154801,84556,5907,280085,552886
8445,7296,180473,33056,6555,178044,453776
5167,5352,228978,66741,6481,170853,523719
4537,5370,346836,25723,6574,146161,555052
8296,6963,152452,27371,7648,190157,410516
3963,5074,188884,64130,6185,427538,732644
5130,5296,205796,36612,8555,155850,437127
8260,6685,298802,60982,6074,202027,618663
5037,5019,156251,27075,7314,167432,386628
4315,5333,169035,40204,6240,306092,548922
8112,6722,802579,32759,9315,287396,1166753
4445,5018,533417,37815,6222,186949,792514
4723,5092,351367,24722,7222,165482,575108
3630,4537,156705,64537,6741,196440,450424
4167,4815,177284,93834,7333,362230,665293
3112,4463,235253,38204,8296,137207,477868
5778,6037,361796,56667,6370,338867,795348
8222,6870,155116,25111,7426,269567,503700
4686,5092,174418,33722,10037,174691,422961
7463,6500,195256,26593,7018,247482,532608
4648,5444,304577,28167,7648,241179,625070
4797,5111,157100,23223,6814,175750,391276
4056,4981,168680,43371,6796,280965,559700
4611,5204,181741,24130,8574,145664,385794
3981,4908,273672,26482,7407,145029,480164
8759,7204,354623,61555,6149,213484,669681
4259,4908,158461,25259,9722,207407,429331
7611,6667,176911,25389,6370,150550,409183
5555,5500,231510,66722,7222,151210,486349
4815,5167,341070,26426,6371,174944,577404
4037,4834,176557,65278,6500,190014,477646
5555,5667,176248,28148,7741,196324,440219
7686,6611,195883,62833,6352,157540,456313
7703,6963,325926,26778,7500,196441,590459
4723,4889,159967,37019,6148,163530,394331
4185,5074,372326,27926,7870,224874,662070
7871,7222,180071,62241,6167,219814,502238
3407,4630,351485,38481,6185,365270,788606
8797,7333,349657,34037,7611,168766,614793
5500,5574,153125,26778,7407,251280,468257
3111,4444,172631,47370,9167,138849,426220
4741,5185,232173,50537,6518,235732,553904
3056,4482,377975,27740,7908,143855,582942
3037,4592,155462,62074,6278,225499,510052
10129,8297,177078,28296,7241,956600,1206937
8278,7444,757604,26889,7463,333223,1174530
8204,6963,302590,23740,7074,258648,664052
8426,7425,157558,34148,8685,163015,404923
4186,4740,169452,39630,4759,167379,463868
8445,7092,174921,36796,8556,207503,512627
7500,6537,252944,60834,6203,149294,505904
4297,4926,350320,27148,7278,144269,555793
4240,5019,152233,32444,8760,165913,440015
8926,7463,178164,25241,7296,147519,400516
4667,4982,238318,23500,7018,267994,603089
8000,6315,400250,41871,6296,166487,649682
4630,5278,156477,24277,7167,265965,495886
5296,5334,178223,34241,10129,339052,588330
4240,5482,205840,64722,6500,154306,478330
4834,5055,339920,58352,5778,310261,740440
4407,5019,181813,29075,7722,260554,518941
5019,5074,173634,39833,5982,413788,659292
3944,4815,180343,23704,7574,157358,393979
3592,4630,332293,25334,7055,191185,581441
4612,5314,410040,23185,7186,184493,655349
8481,7204,153489,25574,7204,219675,460442
5111,5426,173365,23463,6426,223595,455664
4000,5186,232018,24797,6889,214848,540738
4889,5352,425062,28074,6185,221082,710570
9019,7241,156344,33463,9648,296708,566479
4963,5296,176406,24907,7704,149555,388146
7537,6445,199077,49760,6611,171605,478442
4852,5333,430361,27649,7629,254209,750403
7723,7074,347940,31500,8982,161186,580478
4222,4982,166205,24130,7425,158108,402183
4704,5148,173433,65629,6278,201305,496312
4130,4926,283031,25870,7297,200855,558756
8630,8407,122981,28518,7778,170740,383053
4796,5185,146301,64667,6445,254029,521404
4241,4833,149381,26111,7555,288339,526701
3667,4759,235868,34166,9019,202500,509497
8315,6815,364299,30000,6630,141716,576627
4333,5074,164397,64278,6352,203582,501238
5130,5240,183495,28630,8074,352835,600126
4352,4981,200593,34686,8537,1047658,1317400
4481,4741,970674,63074,6000,173152,1260140
4907,5500,154808,26444,7575,168727,386701
4556,5092,166184,27444,8500,165130,411887
4538,5000,178355,25167,7204,268271,506201
3352,4593,266269,49000,6296,148951,513738
4833,5093,130626,26352,7611,168020,361239
3000,4463,520169,27796,7445,215733,797291
4908,5259,183118,28204,6148,192009,437979
3463,4426,234790,25426,7611,220096,533052
5074,5204,402092,23352,7408,156218,618274
3130,4500,156486,51334,6351,235900,512701
4833,5149,180677,25352,7537,186209,428331
4389,5056,204831,47759,6148,189130,475757
3352,4741,375170,32852,9241,425010,886940
4870,5149,161212,37944,6074,157360,390831
3871,4759,167088,39222,5630,309279,579775
4518,5334,183426,37297,8685,161886,417997
3630,4907,308803,28333,7945,144972,535404
4445,5259,924328,24556,8518,226313,1212456
3019,4704,144258,27703,7111,182074,388628
8611,6981,171579,25759,6574,263882,502182
3649,4592,211251,24870,7315,153321,423516
7407,6408,798386,39371,7055,182422,1076882
4871,5314,158502,26815,6926,193959,416442
7370,6796,174175,40629,6223,148453,402071
5667,5425,201995,27389,7000,245651,511997
7370,6519,282018,35445,8815,201793,579348
4926,5204,153079,37574,5926,159808,384998
3981,5000,165974,27444,7889,365542,591515
4055,4871,173442,34463,8500,183981,445405
5055,5352,268707,26982,22111,225419,593885
4074,4852,351601,35612,8037,146024,570978
8296,7130,150717,41464,6703,182799,433868
4685,5056,178927,30444,7630,202237,449090
7611,6722,225322,27463,7352,174398,465997
4093,4759,406439,33166,9334,164502,641126
4704,5148,159166,76722,6130,221480,526831
5075,5444,177579,36722,8537,425880,675126
3222,4778,203473,65833,6371,182635,507293
4537,4981,436016,24852,7278,256165,751680
3315,4778,160632,40426,6519,156606,391628
8463,7371,164526,38056,5889,145841,388239
5000,5018,178106,28407,20945,244373,505941
7389,6518,255593,24815,7704,226311,570404
4741,5259,565655,34926,9148,169600,826199
6926,6519,168085,50463,6519,242171,521757
4481,4945,177090,66167,7426,197036,485589
7611,6741,234522,27852,19223,177993,512682
7037,6685,332769,27130,7815,251524,674311
4685,5093,182329,24334,7259,219353,462498
8574,7186,180797,26519,7370,148145,398165
4389,5037,203137,25759,7315,253731,540182
4648,5167,372679,42333,5241,165817,615904
8074,7000,997353,35833,9537,204899,1280566
3204,4648,531153,42204,7445,292341,900013
4185,4815,590752,26908,8166,235503,888106
3834,4740,757221,28611,7797,283810,1125586
4481,4778,417892,42408,6852,340862,833069
3241,4481,153360,24463,6371,180415,392961
8351,6815,175014,57167,6926,400315,671162
4296,5000,227575,23518,7093,262274,550367
7204,6481,344970,28259,7241,227601,653719
5741,5815,153456,38685,6463,175338,404627
3686,4740,182110,63296,6408,165721,445794
8796,7148,190967,37222,8186,188993,492700
5075,5425,327955,31666,10186,162190,561553
3222,4463,159904,28778,8185,167001,407368
4649,5111,170946,36944,6593,137126,380035
3278,4481,185100,27129,10963,205268,455775
8574,6630,278124,25648,6555,231410,598830
7148,6537,340556,65926,6741,143219,588089
3334,4944,154357,24685,7482,188992,403368
7612,6629,209789,36777,8075,271023,590997
5260,5981,225590,62001,6648,137629,462424
2908,4574,404577,63945,7000,302695,835162
5260,5092,495676,37889,4870,140450,707663
5797,5481,186162,27037,7389,143058,410239
5038,5240,192446,26870,7389,156015,409683
3445,4537,328655,36333,7259,138472,556016
5075,5222,150826,24445,7666,170375,382313
4593,5037,165739,41556,6796,397220,637718
3445,4741,175837,27185,7315,145920,401276
5130,5500,254769,35889,8685,197006,523108
4797,5759,431460,24593,7129,353128,842144
3667,4740,155336,38111,6722,155589,381998
4074,4796,174582,53444,5815,236601,497700
3685,4445,227624,24019,7000,149114,435720
8778,7166,325723,29241,15055,239533,655792
5444,5426,166228,30685,9871,155714,392998
3148,4611,402512,51611,6426,353113,841014
7871,7129,190998,34908,8481,183444,448720
2982,4667,373911,23129,7297,279196,741070
5296,5445,151675,38111,6278,159526,385238
5222,5167,162625,24518,7241,304076,528256
3204,4611,177427,35667,8741,204070,453757
7852,6518,249581,61445,6241,151675,501367
4481,4926,164623,31389,7204,232356,463330
3426,4592,154851,30482,7907,221295,440478
4241,4926,179079,53685,7259,171493,438276
3538,4629,172010,28389,7907,574171,810033
4074,4778,409034,41278,6333,164573,650866
8834,6870,162132,23760,7333,226347,474979
5815,5666,178638,38092,6000,290027,540423
3537,4722,208495,24611,7112,185058,486108
4704,4963,334297,23277,6241,434402,823995
3204,4574,149691,28981,8019,169992,384127
8241,7259,156771,42333,4963,304801,539979
3000,4666,174184,23963,8074,184203,434608
4704,4981,341819,40482,6018,300270,714626
3056,4722,354787,36889,8907,233395,661885
7611,6815,182126,28963,7204,164983,437016
4630,5055,178409,64871,6518,366236,643829
7463,6703,221026,29759,7371,239841,563256
5315,5074,379717,23907,7352,147966,590571
7334,6926,151147,43704,6333,185462,418979
3389,4889,175079,27907,6945,206307,462849
4723,5037,198640,26092,6889,265931,524312
3167,4556,322682,29093,5926,253888,639719
7241,6926,640281,25334,7574,191102,914532
4704,5222,161360,26759,8685,158583,385553
7426,6759,177717,24371,7074,255632,519775
5648,5556,254278,24834,6833,159182,472645
3889,4703,349118,37352,8796,169916,618107
5167,5425,982458,41426,6778,152757,1212752
2852,4425,641018,30278,7889,183199,887661
4686,5500,369263,26519,7815,187696,637700
4852,5555,396121,43408,4833,316763,787384
3648,4722,162145,27296,7741,215297,439071
3223,4370,180002,41722,6130,310717,596200
4777,5186,197192,36648,8537,197176,467664
2704,4259,125198,27519,7407,266096,488794
5371,5463,179870,25963,6907,188313,430868
2963,4463,163117,42574,4944,149308,385091
4926,5204,609307,25889,7741,302039,992327
4871,5296,251294,24315,7592,132741,443812
3907,4871,343744,50000,6759,157197,584145
3704,4722,162860,30426,7056,170675,397368
4167,4778,214792,28130,8425,154095,438813
8463,6833,217464,61352,6686,148625,467719
4093,4648,393951,48093,5945,375432,850162
7871,7092,181846,27092,7778,246856,512849
6797,6425,182092,33000,9241,138999,395868
3815,5241,195449,24481,7352,221641,500701
7815,6500,297714,61667,6314,325394,722403
3148,4611,156034,28407,7852,167094,403016
5370,5371,158205,44501,6203,335902,572256
3389,4555,180137,36278,9019,154601,407238
7926,6833,251551,24092,7111,125670,457423
4686,5166,507890,31945,8907,322827,906514
7704,6611,150802,44352,6889,171455,406072
5333,5241,175789,61463,6889,138060,428738
5093,5130,221090,26574,7223,229647,535775
4315,5111,374004,39296,7093,338269,817051
4797,5203,186991,26574,7037,215914,465275
3667,4815,177607,38444,6185,310724,556923
3519,4759,194761,27518,7037,184182,439461
4260,4722,365433,43296,6185,145934,605830
5796,5352,1205774,27352,7667,371309,1643361
3667,4796,161017,26167,8000,156758,378386
3889,4926,183524,51870,6130,150530,437054
5407,5074,280640,47296,5889,142006,505200
3463,4704,431479,26407,7500,434257,942661
4741,5259,174947,39167,4556,226476,473609
2796,4463,179378,24889,7259,188972,445608
5314,5241,1344072,62055,6241,282178,1722471
3112,4481,447982,32686,9148,197550,713015
4778,5334,159839,66815,4351,220547,478942
3407,4519,184937,64833,6204,756650,1057364
4926,5278,191276,37408,8389,216943,506923
4463,5241,393689,29186,7777,182567,641256
3463,4556,173472,48537,6611,216711,508275
4926,5203,166737,28037,7130,155780,386201
4426,5222,177909,50630,6426,166829,429794
3370,4371,302877,26315,5945,147601,528293
4666,5297,415680,60814,6056,166724,679977
9352,7277,149963,28204,7518,187128,426979
4667,5148,178246,33018,10575,136270,388183
7352,6741,218437,62592,6000,222209,575941
4537,5185,355553,32426,7241,192295,624422
4741,5167,159892,36796,6222,258550,490757
7759,6945,180101,23203,7741,339359,615256
4852,5259,196940,34463,8074,144243,409831
4130,4833,277945,28371,7815,233940,601885
3852,4704,152117,34000,8741,161121,384017
7926,7166,154697,41037,5185,156394,391479
4667,4907,180443,25982,8759,223962,502275
5259,5370,249597,27667,8463,260233,597718
4945,5130,398547,24611,7518,152950,629089
4648,5111,158793,45222,5204,178890,418164
8130,7092,173391,27148,5815,202274,462534
4537,5167,224396,26445,8444,190935,475942
4630,5148,377736,35963,8222,296390,777292
4518,5056,162481,42593,5185,209220,449405
8648,7186,153690,32407,9038,340602,570386
4389,5056,206918,24519,13592,171931,444331
4482,5037,286553,64723,6833,259683,642885
3685,4741,157003,26223,7314,170791,387979
4223,4907,158361,28203,8334,162452,386720
8093,6722,179218,63815,6982,829238,1113827
3148,4297,1003373,48296,6204,222341,1308122
8055,7019,423914,25223,7259,387247,875550
3093,4277,160401,65778,6722,254485,538312
4778,5093,176314,28685,8055,204888,445961
3223,4500,225004,24167,7389,235270,544293
4130,4722,395880,36686,8426,143875,612181
3277,4686,155959,63075,6351,208316,462034
8204,7185,183299,32444,10315,169366,429646
3334,4574,195489,24074,7760,214674,466016
4500,4926,357476,40149,6000,381778,816625
7611,6778,1157336,24703,7482,165952,1388770
3426,4482,158487,29111,7611,163659,384794
4222,4778,175363,66056,6555,195394,471053
3223,4574,274202,25352,6425,175499,506997
3833,5056,345707,25834,7926,157067,561848
2981,4519,178527,63167,6055,202767,478367
8741,7037,213699,51427,8981,147798,492979
7555,6630,214205,48796,6519,159700,478330
7445,6481,396267,26574,7370,168915,665107
5334,5741,153104,31852,9463,191560,415776
4889,5240,180592,37167,5093,285516,536219
7426,6648,187319,27000,7797,145270,417923
5759,5556,363121,31593,9185,150857,585570
4481,5111,145368,27259,8278,168834,395553
5222,5167,163243,42167,6926,171347,413312
3389,4482,180897,49278,6500,233766,532812
5074,5352,256865,27167,7648,246280,593015
5241,5315,434519,56963,6574,241828,783884
5074,5334,153432,34759,8907,197844,423498
4093,4796,177678,27871,6537,183893,423257
3500,4500,219406,66685,6834,152517,490497
4834,5277,309356,26426,7334,189511,559404
3130,4444,190343,49185,6815,220025,493960
8315,6982,177514,38463,6556,390093,644459
4926,5333,192576,45315,6648,826640,1100568
3334,4611,388452,27630,7944,259211,731255
4259,4685,149828,32685,9389,163393,382424
3000,4574,159222,38741,5389,148795,380498
8222,6852,173672,25722,6537,165900,424386
5629,5574,255733,63223,6796,220653,577552
3334,4518,434128,28889,8241,153757,668645
4741,5370,161188,40037,6352,172587,408479
3778,4648,174916,46778,6481,217323,507145
4814,5000,225959,26130,7370,209687,495886
2796,4241,403298,24407,6852,161680,622348
5185,5482,153876,24408,7611,217213,451997
12982,4314,556476,22741,7037,147964,769903
3777,4704,195128,24241,7167,177332,449719
4963,4963,311634,23075,6259,223807,616830
4389,4908,932270,34556,8870,1614733,2671966
5759,4389,155867,28518,7278,187464,408016
4204,4815,350613,66075,8129,206401,672089
5000,5444,258952,25889,7963,1423612,1745323
3741,5148,129939,41037,6426,158522,363313
3648,4889,157185,71222,6371,244312,528756
4260,5018,177895,37278,7296,174622,424831
3149,4703,219308,25018,7426,243505,535146
5093,5574,393276,26259,9278,159405,617052
4019,5000,163688,24371,6815,180235,402535
3407,4371,191712,42852,6889,146304,447979
5334,5333,196181,26056,7926,261797,544108
4611,5074,364353,42426,7204,366364,806958
3204,4629,152655,33593,9111,256620,512145
5389,5482,157567,60315,7648,342170,594589
4426,5074,181203,26963,7555,212980,456794
3075,4500,251375,28666,8093,271659,620886
5222,5574,340770,23407,7074,159338,559089
4482,5204,155182,51222,5945,147538,405109
4741,5074,172076,65537,7037,329680,600144
3722,4704,222730,26815,7407,141471,456849
5611,5092,343310,38538,8574,161001,580904
3056,4463,157629,27649,7518,192886,410738
4648,4963,176080,27889,7722,163844,403349
3074,4370,195530,25241,7241,268115,556182
5019,5407,362832,33537,9315,158257,592608
4630,5093,146429,41871,6592,154828,377350
3278,4833,157769,57018,6260,155581,437720
4982,5370,178385,65741,5833,215650,516794
4593,5000,249354,25759,7018,165292,473238
3519,5314,420100,38852,6297,153933,644422
4315,5056,154382,26945,7204,203892,421146
3389,4519,179462,27352,7630,140368,381350
4500,5130,219005,49685,6296,207085,509867
3611,4408,439381,52074,6630,246910,774681
9278,7574,149886,33389,8037,280408,543201
13926,4685,154170,23629,7260,147976,370405
3444,4556,189916,26759,7241,256970,509052
7334,6759,305310,36389,7982,229260,652330
7592,6649,1200910,24500,8074,200192,1466528
3334,4778,156284,26944,7259,165603,382276
5630,5426,179734,23537,7370,266079,503331
3204,4555,249091,25704,7093,186239,491460
3740,4852,888506,32759,10019,242413,1200733
3408,4870,161676,25778,7796,204433,425813
4444,4926,156830,62852,6722,267575,547275
8408,7981,363706,25019,9648,184624,624719
3167,4555,1584955,25223,7277,170739,1851360
5592,5723,163568,50704,6648,188151,438960
5074,5167,177666,26648,8871,143238,385553
3759,4500,185839,24870,7019,178641,423905
8703,6797,294622,22963,6185,264263,655977
5222,5500,442184,23666,7704,584847,1089494
3019,4370,891208,60167,6426,141008,1142031
4426,5111,181916,25907,7093,146026,388942
2944,4593,254588,62667,6111,219612,570460
7667,7185,170834,30093,7796,274255,516830
2870,4482,151210,23574,7204,207806,435849
4815,5519,211789,61093,6000,293781,599219
2963,4463,218610,64296,5056,208183,525071
7907,7056,314597,37463,8945,216084,608645
2908,4444,156288,33537,8778,158358,400146
5037,5574,175534,27667,6722,187334,426201
3334,4648,192632,23759,7407,160626,411850
7482,6740,304286,25445,5685,183304,551089
3000,4611,146791,23463,6871,172670,392998
5130,5537,150852,25296,7741,179738,392924
2797,4315,178672,64037,6537,420639,696107
7370,6648,245086,26148,6852,156412,483701
4611,6074,363999,62722,6389,204276,692126
7352,7000,178300,48018,5611,228142,533830
5556,5778,180157,39500,5907,327729,580960
7908,7000,215273,26408,7611,249594,547497
5241,5518,309076,35055,8519,146477,529071
7611,7019,157044,65907,6000,213046,495886
4445,5074,184049,32871,8926,192578,447368
7926,6444,181555,24519,7167,254664,513201
5333,5149,362745,61519,6222,383953,844310
7408,6907,1219383,40982,6296,347571,1644583
4018,4723,155237,62871,6407,266519,532219
4833,5130,887337,61500,6167,331081,1315418
4296,4963,246527,25630,6944,1070521,1378603
7963,7000,426051,42185,4686,168519,692440
4833,5111,155908,28926,7889,270701,493293
4241,4778,176061,53778,6130,385231,680255
4723,5203,218141,23908,7389,167060,447276
7852,6630,355424,65167,6278,422570,880939
4167,4981,150819,24370,7630,208216,419238
7759,6666,177065,38723,6111,279858,554478
5130,5370,190052,36129,8908,209797,476071
8241,6426,406187,60537,6111,202883,732014
4186,5055,363489,24278,7426,183674,608645
8370,6982,152438,69963,6778,321614,582644
4574,5093,181499,51297,6444,138628,423035
5482,5407,250246,25315,7204,165307,476109
4797,5222,349492,62260,6185,181652,639349
4833,5000,156201,27537,7445,220167,440145
3519,4722,176596,24241,7055,149328,386739
8223,6555,210897,63464,6092,228414,541830
3130,4407,310700,27852,7203,247872,631811
4963,5407,176612,34611,9223,254422,503812
3778,4759,178618,33259,7852,393360,639848
7852,7167,177604,24260,6796,1195943,1470788
12926,4315,352407,26740,7093,169979,592089
3556,4704,133800,23648,7185,612825,820903
4759,5185,155361,35075,11666,295951,528867
7963,6685,176959,31889,9148,214612,462978
3704,4722,243225,25055,7315,160458,463720
7370,6463,344397,26185,7926,248859,695125
4963,5148,172291,23666,7760,277132,512497
7630,6759,179296,43389,7667,386515,647663
5870,5797,217709,27129,7667,163826,448682
7963,6370,347067,50796,6019,416965,884143
5111,5445,160849,29334,6240,255722,502793
4593,5278,688282,34037,8722,214916,975457
7926,7092,176324,68685,6241,205007,514367
4333,4982,337051,27500,7426,188612,589571
8056,7296,134446,27000,7759,172478,376646
4129,4686,152099,39444,6297,157861,384331
8074,6704,176475,26741,6055,194227,457516
5389,5519,241721,63167,6315,154887,495682
3389,4556,189078,25648,6889,219530,485720
4741,5111,152473,63556,6037,188673,438998
3518,4760,175330,36852,8518,198779,447664
8037,6630,584244,47667,6314,293788,964420
3019,4611,388545,38297,4203,334154,823255
4963,5315,160606,33926,9870,239077,495238
7574,6870,175630,27074,7612,431996,677607
3204,4574,188821,34518,8500,185696,444979
7426,6667,384364,41111,4537,236892,735126
6907,6537,361166,25222,7407,147684,572071
5593,5296,157207,37834,4518,252142,482756
7760,6777,182380,41963,8518,188748,457738
4166,4834,251866,28278,7778,257482,589570
7019,6426,334872,52945,7722,152791,580497
4592,4945,158581,28166,7945,163157,387442
7908,7018,207883,51778,6167,322669,619756
4556,5037,219425,26611,7074,193628,491738
5481,5648,389487,32889,9352,181361,642903
4315,4925,151788,43260,6463,181969,412108
8371,7129,176516,38778,5592,356555,609034
3833,4797,192354,36537,8334,200476,466775
7408,6370,355138,29908,7481,144562,569737
4056,5000,136347,64185,6259,181114,435220
5685,5537,152927,26889,7518,169609,387035
4889,5203,179173,61760,6111,210787,487238
9241,7167,234030,26574,7833,146468,467386
5019,5370,330369,34352,8408,146850,546701
3852,4759,1108617,40315,6537,183282,1386677
5130,5074,179491,29667,8444,362062,606367
3851,4778,216997,34296,8722,148761,437775
8519,6574,308780,62018,6408,396826,805162
4407,4945,386137,37352,7907,300988,761773
7889,6741,238827,72223,6629,223762,586663
5259,5519,188148,36777,9537,178998,440942
3871,4629,592414,24537,7259,181212,851588
4741,5241,247825,31111,9778,202283,521923
8130,6926,154701,38500,6574,159056,392331
3426,5037,174503,27611,6389,682584,920383
7741,6871,242508,25037,7760,178229,503849
6815,6037,407977,26908,7148,143260,616811
5704,5555,172168,44167,6278,212144,464849
3241,4555,214396,25148,7759,433823,708755
8555,6926,203123,68000,6223,214966,527015
3167,4444,329555,34537,9352,143998,540349
4741,5203,156578,24167,7130,228456,444201
3464,4518,175176,22945,6759,293932,521942
4037,4648,192626,64334,6407,242852,551497
5852,5685,360465,28538,10074,138957,569960
8463,7370,141415,37500,5870,162269,380571
3704,4759,159884,25148,8296,167837,404868
5204,5130,178333,23555,7575,176738,414275
4741,5018,242487,25778,8333,156437,459256
3667,5204,330622,22500,7148,160819,546145
4315,4815,158794,24259,7834,169426,387702
3463,4482,210336,25093,7722,336734,639274
5556,5425,211750,51426,5278,170081,469831
8871,6981,345145,54166,6778,339518,778644
3629,4352,160186,27315,7537,222849,445404
7926,7074,171988,38222,6408,166713,435312
5315,5537,179715,26463,7445,217670,460293
3074,4389,701889,42278,9352,218346,1023550
7760,6833,357875,53241,5741,838673,1289382
2963,4352,160381,28389,8129,157710,400442
5426,5408,177923,51222,6463,152093,419294
7963,6500,246688,27871,22018,246920,611626
4593,5426,405397,28630,7722,273395,745014
2870,4500,159236,72481,4759,232595,496515
7796,7037,181223,26148,7148,144498,391405
5833,5704,771303,49334,6166,307005,1181456
5167,5537,339956,30963,7167,356151,764440
4075,4629,153128,27204,7611,221092,436516
3204,4685,176670,23593,7037,159698,392998
4149,5018,182565,63296,6278,155044,455701
5204,5519,362533,27426,7204,148870,579238
9259,7778,360465,51445,6500,191957,645885
3481,4574,159341,25759,7500,167176,405201
4667,5019,176901,27056,6444,199893,438924
3278,4833,241444,66148,6612,151293,511701
4593,5092,357672,25296,9352,142047,562774
3203,4575,154917,71630,6648,198117,456997
4593,5222,184775,35852,8667,144463,419924
4759,4963,222633,64037,6315,300215,629200
4038,4981,394083,28074,7389,146525,620626
5018,5352,156384,39408,6203,183762,414034
4167,5037,173000,26148,7871,143145,378998
3555,4630,182136,27407,7334,260917,530645
4240,4852,354327,36445,8629,146004,572904
3167,4463,136239,41167,6796,156055,384350
5556,5537,156689,25630,7222,170994,390368
3667,4685,181639,24111,6148,151100,408720
4908,5185,239349,63629,6482,143908,482275
3149,4629,443003,25481,7426,231919,769311
4796,5204,155377,33408,8741,277008,503256
4500,5519,181365,24537,6907,146929,405072
4834,5277,216482,68018,6500,162553,482386
4815,4907,398672,23704,6778,389730,845458
3296,4630,155158,61408,6278,184801,453293
5111,5278,175349,25333,7278,165074,401460
4481,5056,181929,27833,7815,249513,508719
4926,5111,301435,24130,14148,229839,621737
4315,4982,623070,24704,6945,268294,963458
4871,4833,161908,34315,9278,194571,428090
3927,4851,174859,25629,5871,194009,427387
3667,4351,807977,25203,7352,324684,1191178
3703,4926,424092,23704,6593,236959,720625
9037,7760,151485,32389,10334,267159,536071
5241,5425,178436,66963,7260,165358,447442
4352,5019,212719,25981,7222,148001,423979
7741,6537,381965,37926,5760,139271,614256
4926,5111,173452,26852,7352,216879,482516
4148,4834,174124,26056,6888,174244,409757
7870,6519,173870,26704,7759,209387,446868
4019,4870,354766,39778,6425,154473,617664
4871,5333,356882,25481,7334,172429,592571
7944,7167,155220,26686,7759,224573,449683
4444,4852,173430,25185,7759,240087,472423
3056,4666,241380,25000,6926,247728,559997
5667,5518,325182,35092,10186,207241,605719
3426,4815,165908,65667,6667,231903,513571
8185,7389,178896,32241,9167,154676,409090
3297,4462,216180,24574,7277,238133,513775
7593,6555,359000,26204,7722,144293,585459
5315,5426,155930,42963,6556,152826,387831
5444,5408,175510,26648,8297,147043,403664
4704,5000,177738,23815,7574,145445,379887
3870,4797,330299,33611,10704,199845,626385
5074,5222,133397,39685,6223,157082,365127
4241,5000,150384,28166,7426,179614,393405
3463,4759,173538,30630,9426,171645,414424
8407,7482,237395,61481,6537,211899,577071
4259,4982,422827,39185,6481,158022,655348
7704,7037,187073,26277,7260,181184,435535
3759,4519,180985,27074,8982,145401,388683
3982,4888,214639,27093,6870,244840,518015
3464,4388,319904,34889,8963,147260,538386
8611,7334,160575,40908,6852,158329,400590
4334,5018,177471,37277,5352,151806,401350
7537,6648,180532,28796,7907,238059,501145
5593,5500,351185,39093,6611,401069,825662
3797,4703,1219008,35537,5889,149521,1438159
7537,6871,160269,40315,4852,184210,440664
4722,5204,176701,34685,9500,170945,418405
4833,5074,236670,26704,7019,260938,572886
5463,5111,411842,39241,4593,339708,822069
4186,4740,160088,25722,8056,183632,404887
3667,4889,180742,37537,6185,321144,603886
5186,5685,204728,24223,7333,139214,403553
3666,4482,389827,63333,6482,144465,630792
4444,5148,162777,24426,7055,174259,415182
4926,5389,174448,41630,4870,402567,650478
3482,4722,178917,36426,8259,145729,394998
4260,5055,330257,36814,5982,393258,791274
3370,4593,472484,34834,10055,172364,733811
5037,5500,152008,40278,7148,209453,437794
3907,4871,339921,31703,10445,207446,634626
4685,5148,761242,49389,6167,231733,1100271
4260,4796,232931,27852,8148,194307,490423
3519,4926,186529,60223,6111,209208,501831
4852,5222,180776,35018,10130,428091,680551
2944,4500,209392,24871,7629,237235,528163
4185,5093,337416,32723,6241,179339,583145
3222,4500,159088,23815,7111,172317,407238
13259,4278,152631,25852,6852,175626,397164
2815,4482,180821,65445,6296,226268,529090
4685,5407,369883,24667,7370,200169,630829
3037,4592,768427,63815,6389,272493,1153900
5352,5537,159838,49111,7611,228456,496756
4334,5037,174417,34222,9574,145692,410720
4667,5055,235942,61852,6055,174778,506738
3649,4740,434837,69907,4408,264622,800181
3296,4649,158915,25370,6593,214638,430979
3741,4833,205292,32259,8056,169761,442350
3148,4648,211297,28722,7630,238608,535089
4278,4741,414691,22630,6630,397951,873810
3222,4463,161289,51852,5889,218541,465386
9037,7944,895389,48963,8037,264067,1298103
7037,6519,179207,26778,7074,236771,480090
3426,4796,304491,50333,6148,297024,685162
7760,7111,360626,27926,24241,211222,679071
5167,5463,156853,26222,8093,309310,531126
7555,6871,176340,67445,4703,217935,524311
4370,4889,240994,25426,6741,275707,574534
3555,4611,325167,25500,7259,157627,540237
4259,4982,170542,23333,7056,295640,525034
7926,7260,174954,41038,6500,335264,624274
5723,5685,205109,23537,7481,242796,507423
3111,4593,342281,26722,7889,289697,701496
5352,5648,153064,23648,7500,174694,388702
4944,5167,171069,47685,4760,365168,649440
5556,5277,177686,24519,6944,148942,385461
4315,4815,278062,26148,7389,143509,480831
3667,4556,138289,23204,6537,173597,385461
5389,5704,150906,22333,6278,269313,500664
4593,4963,176726,65926,6426,401696,675867
3278,4500,242454,25685,7500,259469,584959
4315,5056,414219,39630,6074,366535,887199
5130,5333,157058,33592,9204,160403,389183
3963,4926,178156,63055,5834,168286,442535
3870,5056,148587,24574,7648,295892,525330
4130,4852,803779,28000,8037,283603,1151364
3167,4500,162320,40334,6074,158215,413554
13241,4444,162789,26500,7259,157376,389628
4408,4759,173739,25129,7186,158203,409868
4981,5371,374726,44111,5815,196066,649607
3833,4704,352694,62519,4907,205302,687496
5019,5481,192440,24519,7148,205483,458572
3556,4648,173297,66964,6833,233552,533090
5056,5111,245099,38204,9018,138139,490849
4907,5667,213549,62093,6629,201948,513497
3389,4630,158332,34000,9018,263351,502886
4741,5204,176912,39778,6981,307826,557664
3074,4518,330751,48908,6500,322782,737533
8926,7518,365090,27889,8648,349073,784032
3500,4463,156150,32315,9167,163940,388997
7297,7129,167175,38796,6204,146768,411016
5222,5704,193346,27556,6278,146929,404479
3056,4666,346575,26889,7852,143218,567515
4667,5129,359951,62556,6203,213065,670385
3093,4500,151863,24685,7371,180153,391239
7741,6815,176683,65000,6389,143907,442220
4648,5185,232485,25445,7481,251364,543422
3445,4500,327806,26759,7222,210061,625756
5389,5444,161181,23352,6759,251742,472423
3482,4574,174298,26611,7889,146774,383739
7759,6945,202747,51927,4963,171120,483831
4889,5092,338087,24445,8426,172262,571626
3112,4888,156129,27315,7111,301887,519794
7704,6963,177690,56111,7315,262603,534090
5537,5611,185881,27630,19463,174265,456794
4926,5315,360294,34833,11852,224443,660459
3241,4759,138280,25389,7278,173662,370850
4649,4833,152508,24259,7297,175045,386683
3370,4685,148051,24222,7204,305650,549460
5259,5371,240445,50667,6796,147237,473812
4055,4963,405025,27686,7314,361934,861069
4648,5074,152382,38093,6981,185616,410813
3963,4777,177999,27500,8037,372813,611774
3555,4611,204116,23463,6944,203345,484849
4797,5148,380010,38277,5352,340227,789959
2926,4482,156514,33704,9370,176983,402183
4759,5204,170946,38982,6407,295495,548534
4981,5445,180711,24740,7297,221934,461941
3074,4592,162920,37963,6834,271151,517682
4464,5018,1212020,28445,7741,144490,1420474
3538,4611,150431,25055,6852,265807,498220
8889,7000,172047,62945,6555,280042,554330
3203,4519,236424,25907,7611,153926,468034
6223,5388,421504,37611,6056,157400,652682
5704,5296,177268,23222,8018,231526,470256
7778,7166,196699,26778,7334,393371,673274
4630,5315,213241,25112,7388,258015,533571
8389,6815,328562,30259,6667,223638,634959
4519,5222,155345,38649,6314,157653,386257
5037,5000,169628,38982,5851,312702,587181
4686,5037,182689,37426,8704,202586,524497
4463,5055,349418,29907,9315,160857,594644
4908,5129,350182,61593,6426,190833,638848
3797,5185,155780,24240,7537,179107,411127
4722,4981,175675,50129,7334,157027,418867
3574,4741,233291,66000,6759,229706,587608
4686,5685,408519,23537,7315,183681,652126
3334,4500,155190,62500,6111,187678,437331
4204,4778,175122,24389,7777,141617,377405
8963,7166,198128,28630,8407,238055,505719
3426,4481,382245,23389,7722,174085,614755
7204,6982,151916,40092,6130,156526,406035
5630,5463,1708166,23426,7518,151009,1920952
3297,4500,177964,26889,7592,153830,410201
4667,5093,354766,23130,7092,189934,603293
3315,4537,130623,41926,6426,154856,377164
4463,5241,154610,25722,7167,187424,403238
2981,4445,179190,31277,6537,218123,462423
8167,6648,229362,23685,7760,157339,449072
2963,4796,135794,32444,9963,326778,563738
5278,5388,208707,42463,6796,156439,445701
8278,6778,205063,25389,7408,319877,621626
4667,5259,1502794,62889,6500,191011,1791990
3630,5056,299241,26704,7592,194163,552331
5407,5519,847248,27019,7870,146875,1075957
4908,5259,169141,23093,7222,175635,404591
3352,4759,178443,64444,6463,330202,638218
4574,5185,339282,29000,7611,465769,868791
3204,4722,356806,62297,6166,297579,781514
4611,5223,152829,25611,7556,273093,486979
3482,4555,176224,22407,6093,188866,440534
5074,5204,232692,62315,5908,147508,477405
4926,5629,332365,26056,15203,191058,593589
3574,4667,156851,27908,7740,256202,509812
5112,5259,181597,23371,7222,149049,390961
4482,5148,208066,67222,6352,150672,459886
3426,4685,382017,23777,7482,172999,632719
5704,6185,154207,33463,9611,162199,407128
9352,7482,161027,24629,7074,178397,406035
2945,4537,182236,67908,6574,188409,473405
7556,6852,271982,25037,20334,173162,541423
5463,5666,139988,38741,5926,157529,372146
5111,5371,188808,24889,7722,185227,435516
3352,4666,172795,27945,7092,255480,512460
4370,4870,235449,23704,7463,256048,548348
3093,4259,335213,48630,6556,196857,614126
8333,7463,155608,24667,7759,884812,1107623
2852,4389,177095,22611,7426,203773,436127
4741,5203,208693,49463,5852,177342,470182
2722,4204,395254,38167,5537,169057,633181
4111,4981,157945,37463,5907,161609,392164
8648,6908,163098,31537,8166,152326,388405
4074,4815,179362,25834,6944,263913,501219
3019,4407,848518,32944,9315,187865,1103938
4055,4926,177652,48907,6741,309586,607478
6019,5907,153972,26667,7870,178267,399146
8389,6648,174921,63426,6297,711739,987605
3870,4519,235519,26167,6815,244440,574904
5074,5185,409489,41444,6482,155619,641811
4574,5203,154346,57555,4982,192615,437330
3630,5111,183869,33648,10093,145536,419553
4907,5167,207505,24074,7407,240215,531182
4463,4963,374844,30370,8389,142486,583497
3111,4407,163812,40870,6574,155557,391775
3982,4704,170557,28334,7241,151754,386331
8259,6741,178396,61278,6426,176342,476108
5426,5352,344310,27148,7315,146020,555330
7389,8019,126648,41407,6167,156757,363572
4241,5037,147635,27463,7352,257658,469071
8537,6519,176103,27408,6444,181505,425849
7148,6204,228498,24426,6815,257351,572923
4352,5037,362245,24889,6203,196678,637867
5370,5389,161713,64130,6388,164600,425923
4575,4999,176237,26648,7149,437203,707052
4778,5148,199223,35204,8667,165718,438386
7944,6463,311229,62519,6056,262192,672236
4481,4704,1443886,34000,9277,220512,1756230
5111,5482,167221,24000,7019,343905,570108
4408,5055,178561,61574,7092,184956,461498
3574,4630,375751,25537,8149,280300,751514
5093,5333,357183,29759,22519,199721,659922
4611,4815,154873,50463,6371,211309,463831
4815,5130,213711,24871,7278,211007,485590
3537,4574,233680,28260,7241,261020,579534
4445,4796,322649,36222,9185,180793,596904
5222,5334,152858,41129,6130,157899,388979
8685,6889,172512,26611,8185,144079,403294
7574,6352,198832,65389,6148,917606,1224067
7333,7074,508801,26611,7574,312269,909420
4926,5241,157972,38945,6203,159396,391090
4000,4667,177293,69185,6593,286426,568497
3778,4704,186983,54260,7833,220051,496183
3426,4629,354841,26778,7260,142174,562960
8518,7185,342328,66260,6815,337630,785440
4556,5130,158796,24592,7389,178017,397868
7315,6908,172486,33945,11611,329269,576645
3555,4722,235307,65445,6259,260190,614033
7111,6629,345332,25185,6518,165555,575256
4259,4778,189874,61314,6149,207772,505127
5000,5241,181397,23834,7388,192656,433979
4297,5055,200218,23000,7259,136466,393109
3501,4703,291724,62315,6444,164162,569886
5315,5407,147933,23296,7037,171306,378776
4241,5148,165512,28722,8519,156838,404350
4889,5019,178980,49667,4666,238888,500868
3259,4704,323763,38093,8500,377806,771514
3870,5111,355585,25148,7074,285875,714199
5018,5167,153904,33056,9426,189630,414183
3666,4760,180780,63333,6426,285476,573904
4778,5241,232915,24371,7018,248119,539775
3556,4796,318624,27686,7500,233853,636515
4574,5093,158740,43630,6926,158461,396923
8667,7556,180524,23111,7407,343214,586812
4111,5000,208011,49834,6481,220616,525645
5981,5611,309499,28777,16223,170795,557219
8278,7389,153411,32592,9445,164272,411998
13056,4315,157897,62334,6241,169747,432794
4278,5185,181051,26278,16278,165279,418219
8315,6778,331316,37889,6000,312346,718625
4537,4777,437582,35481,8297,272340,783439
7667,7129,159013,39055,6389,155412,411609
6203,6074,181018,41611,8371,267201,527589
3130,4537,229726,60889,6445,831340,1172826
5204,5593,401640,28278,8481,171782,639626
3389,4500,166997,38537,6111,247926,512960
8463,6814,174466,26963,8296,190588,433330
3370,4444,200083,62148,6167,144563,456664
5167,5148,375421,64556,7426,168834,645052
3574,4704,155722,37797,5833,161960,389035
8352,7222,161135,65723,7018,272399,572756
5130,5370,186382,61518,5852,195023,478201
3149,4555,337369,51611,8000,139850,581830
4796,5056,1177821,61759,6185,146153,1420566
3037,4426,153843,28426,6722,175618,390535
5223,5703,179682,32333,10167,156798,425461
4778,5166,231373,62833,6296,261236,588385
4167,5167,467711,34445,8796,152785,691570
3722,4833,154105,38185,6075,170003,397090
8592,7074,179426,37389,5907,303127,592441
5130,5407,206431,41352,8445,225566,534127
4352,5148,384900,47445,5851,284170,751459
7630,7092,534980,34778,8944,329460,940865
3815,4760,165947,41259,6093,284550,556849
5166,5593,180231,36722,8963,187767,441775
3834,4777,344515,30000,8074,347889,757755
7611,6797,456557,38555,6556,164939,699848
4648,5148,154802,26426,6575,177065,410479
5352,5111,176104,33815,10037,328189,575996
4555,5426,227388,25963,7407,146869,454701
4741,5222,333967,28167,6759,240011,639014
3500,4797,180009,32019,9000,357468,622756
4537,5148,180515,42741,7148,305852,561460
3389,4852,208817,25685,7444,233607,537645
4741,5333,377878,23111,7204,318673,753107
3018,4426,152106,22703,7093,174726,382201
4944,5371,165055,27796,8371,157757,406868
5389,4852,179635,24463,7074,262640,526330
4407,5112,257362,25556,7926,271597,603922
4760,4944,416109,35575,8981,160628,648904
3019,4518,183003,54038,7259,226642,508367
4703,5185,178343,25629,7871,161841,402071
3334,4722,230496,23852,7796,118872,439239
4796,5185,371983,38612,5981,410049,852680
3111,4519,156025,33759,8037,194066,420683
9148,7407,175086,38556,6019,372725,624903
5186,5407,197944,47685,5574,170535,469701
5259,5223,349708,27297,7796,187381,601367
3389,4815,156695,41723,6259,154599,402850
4722,5093,163867,27241,8555,170649,398960
2852,4629,175336,37574,9130,250217,525756
4649,5259,253063,62556,6185,145267,515127
5056,5426,865014,34223,9111,221886,1160290
3519,4648,158019,39148,6167,173775,403313
4685,5037,178413,27907,7149,259028,499830
3556,4740,228808,62611,6000,148338,471812
3778,4629,391943,41612,5685,416496,883106
8518,7130,155818,35056,8685,162716,413553
41092,4667,157528,24185,7556,320672,572256
3463,5037,199422,63723,6241,164223,462109
7630,6667,354168,25148,7852,377216,795774
3056,4740,157193,31888,9463,160843,402979
5260,5314,162642,39334,4518,388392,622978
5166,5167,184759,35074,9278,144220,401108
7833,6796,327543,28370,8333,197177,620755
5093,5388,1079050,25370,7722,171814,1313733
3667,4833,149960,24130,7222,190556,400090
7778,6648,175651,67944,6556,170402,462960
4907,5130,232341,28130,7481,261989,556774
3093,4759,422144,36852,6222,185519,710292
5074,5278,175686,50463,6167,219478,480831
2982,4704,176802,36944,8167,306583,554960
8001,6555,189863,25426,7482,241541,494646
3074,4500,316684,26741,6519,183868,577756
4982,5333,318652,24815,7148,224474,603719
3278,4685,163658,35703,8186,156118,391016
8315,7056,173515,24240,13982,217260,498775
4926,5407,253873,25463,7407,157422,471405
3241,4648,347748,34630,8667,144600,562663
8204,6796,151994,50834,5814,186596,428627
5833,5463,180019,36648,6259,193405,447053
7852,6370,217080,25611,7074,160251,458090
5167,5314,370252,21426,6741,181782,608885
4518,5019,158923,70630,6389,236537,501497
3741,4611,206225,35204,8926,360938,655422
5019,5388,198750,64426,6833,179841,501034
4371,4870,297015,26833,7481,272705,633515
7963,7278,145075,33408,9463,162367,385054
8297,7703,157007,38815,6074,156954,392942
4518,4982,179400,28889,10760,185208,433330
7852,6537,257202,48352,6426,181720,525997
4186,5092,145449,26296,7834,249215,457035
4167,4685,157825,23870,7148,191711,407480
4833,5148,178553,32055,6445,188871,434405
3815,4444,228966,23704,6740,159644,443090
3944,4741,392027,35111,9278,160784,625589
8277,7463,151791,66556,5259,258021,530200
5685,5648,181315,25944,7778,385330,629922
7500,6704,642395,22722,7093,148100,852495
4908,5277,925384,61481,6167,268517,1326900
5259,5500,149813,33685,9112,162055,383720
4278,4945,162059,39055,4871,379363,612201
8166,7426,177676,24241,5981,150619,392183
4463,5240,323497,40352,6129,283185,713162
5389,5352,348002,62074,6074,145939,594312
7982,7203,153729,28871,8074,212565,455071
4982,5296,176716,70500,4463,213226,495645
7686,6277,220537,26759,6778,290034,603349
4760,5203,152357,24259,7315,209234,439016
5130,5352,182880,33815,8778,251413,506534
7463,6722,182571,42371,6833,385444,647126
4907,5371,194576,26000,7204,155829,413257
8037,6815,303304,24352,7278,254118,680903
4370,4963,156958,25537,6963,171595,389775
7444,6722,155353,26555,6852,166720,405905
5926,5703,177414,50981,6685,221807,511034
4260,4926,305474,37519,8056,161300,541386
8222,7111,342277,62278,6130,248441,690718
4630,4889,177874,33648,8111,271438,520108
8593,7388,179343,59796,5741,343987,655070
5000,5241,229404,25796,7426,166038,455498
4037,4834,407113,24074,7167,159179,641534
4907,5278,181766,61297,6037,215434,494904
8426,7204,176660,24871,7018,148097,389887
4148,4982,201518,61833,5963,138017,435849
7981,6500,377358,23741,7129,251380,725366
4297,4981,159733,41241,6240,154117,389961
8315,6833,154479,27204,7389,166130,387942
3870,4871,179780,61241,6167,259364,543774
5704,5463,330250,25574,6722,181210,573386
3981,5222,449182,46870,6611,169500,701218
7759,7093,158964,40166,6426,165868,404498
5018,5148,725026,40001,5963,183357,1001105
8445,7259,219475,29500,7907,245522,559015
4666,5260,397221,32445,9018,170553,638051
3649,5296,158504,62834,6333,166901,440035
13056,4370,155788,26000,7296,277228,500090
4333,4797,196941,63759,6000,330741,656792
4537,5074,341039,28815,8426,167402,574515
3629,4741,218952,60760,5925,173435,519682
4629,5037,166865,27204,7148,258318,487460
3907,4611,180741,61759,6222,311867,619440
4704,5185,461413,26908,7389,282508,807440
3241,4463,407715,38797,5666,311225,786699
4778,5333,160813,34667,9426,200814,434220
2982,4555,181818,26093,7500,217365,478664
5185,5186,223712,59871,6037,156914,476090
2797,4463,371366,26852,8463,141667,592071
4926,5315,159260,62704,4574,241718,545626
5130,5203,177526,28092,7815,178102,440609
4722,5074,194438,47519,4592,181375,456349
3944,5074,308463,34648,9204,189867,588681
4648,5278,156523,39611,6019,156771,387702
3241,4630,162121,29685,8593,168395,412591
6222,5593,176793,33685,8907,220223,492775
4889,5259,295244,48333,5982,373493,771662
5241,5371,365545,63000,5945,403653,866070
3445,4759,160791,41482,6666,149540,402831
4648,5055,179223,48259,5852,140460,401979
3389,4888,223117,28482,7130,235713,558070
4667,5093,408363,43352,4612,172577,658052
3093,4444,159517,24685,7908,216944,434424
5278,5333,180467,26981,8445,161771,406590
2963,4815,197898,60741,5129,206488,530886
4926,5111,324311,25371,9370,142964,530404
4463,5111,138390,35723,6389,168570,377220
3389,4704,745508,23593,7426,331967,1152957
4796,5333,180550,23315,7759,120448,358905
3445,4648,249500,61981,6056,164423,527627
4722,5037,344950,23611,7241,273935,704274
4481,5019,161954,44278,6389,147636,388071
3445,4629,173627,57056,6148,354666,649681
4982,5315,223929,25389,6944,174087,456646
4166,4908,850232,27278,8185,142595,1073530
5093,5444,540552,26593,7648,173888,778718
3277,4667,178964,39500,6537,424810,676107
9018,7186,185395,25815,7352,634488,920939
5352,5426,364864,37556,9129,159411,616460
7944,7222,148147,26722,7815,169092,404294
12500,4352,157263,40797,6444,314826,552312
3556,4556,176287,26889,22185,165785,436239
5314,5630,358997,23130,6944,190037,608440
3389,4778,127095,39148,6204,159773,360406
8889,7056,178396,50611,6241,185268,486646
5112,5389,180235,63241,5944,384594,696459
5222,5389,224463,28407,7871,232571,548515
4426,5426,399894,64611,6260,158416,658699
8056,7352,158566,32074,7574,259672,526590
12963,4259,160350,51815,5648,331129,582515
4445,5055,191355,29075,7444,250957,508423
8296,6667,359694,60500,6815,360764,841106
5019,5296,150792,41907,6463,153947,382072
4296,4907,165687,25815,6907,181904,425256
4815,5167,172228,64149,6148,203102,497108
4000,4796,398143,50296,6574,186187,669681
8130,6907,425296,34093,7926,341421,874273
4778,5204,159189,23167,6167,296770,515701
7926,6334,173399,22666,7797,169895,405739
4315,4945,223404,63333,6260,331906,684181
4889,5075,321595,23629,7482,237383,641478
4111,5000,160249,32574,9278,207767,438386
8667,7166,180458,28648,7889,144522,396405
5000,5259,202130,49537,6500,149201,453386
5149,5129,376062,60222,5852,375397,844458
4129,5130,150141,38537,6278,161338,399386
4704,5222,165369,63074,5889,286573,546905
3834,4759,183559,62963,6704,287104,599108
5019,5222,797344,25889,6833,312798,1171790
3297,4907,310515,39148,6685,313444,695941
8482,7036,161465,26574,6815,203292,431646
4407,5111,176766,60945,7500,166880,441479
7759,6870,212828,27352,7111,157114,455386
5445,5703,305556,37185,8759,216442,595886
3944,4871,157023,25370,7074,210123,428756
8333,7111,175733,25185,7759,146729,388387
5056,5222,187257,64426,5611,201592,488423
7370,6519,361059,36574,10629,353363,825236
5222,5259,499861,25426,7370,348023,910087
4203,5130,1281368,24833,6871,208456,1582287
5000,5389,343778,40445,6426,184440,604589
4463,5074,993934,29685,8315,166226,1227530
8185,7315,418068,32444,8463,157096,649533
3334,4667,178609,64260,5351,199203,507553
5167,5278,173356,30296,6926,140735,380609
5001,5370,216991,62815,6630,240024,565145
4723,5129,341756,23889,6889,135722,536553
4278,4740,166835,55852,7723,201532,472293
45870,4037,149989,51593,6593,142064,418572
4500,5148,202365,63278,6759,384669,684163
3334,4574,367352,25481,7222,143756,588015
5370,5519,149079,26000,7148,168919,381053
3130,4444,166418,41056,6648,140487,380924
4556,5074,173831,25352,22944,193445,464553
5112,5259,255522,25111,7722,253734,594701
4333,5222,406176,24241,7629,146229,614070
8741,7556,178514,42592,6519,230668,514923
4186,4740,149909,35426,10203,195479,419350
7926,6519,213265,47538,6574,181157,502034
5518,5352,307216,37167,8370,138355,519867
7389,7056,152758,30648,7241,220610,443831
4129,5019,173597,23370,6908,182215,434256
5241,4963,187639,49537,6815,258747,556960
4352,5167,1246462,24778,7222,317917,1652916
4648,5204,451299,62444,6556,377436,926957
3778,4648,157156,65741,6611,403100,660293
8001,7148,174587,24389,6204,224799,484312
4723,5037,342296,41130,6722,153774,573923
7444,8222,331895,25093,7944,190324,587144
4408,5111,155881,29518,6834,253949,487016
4982,5259,173664,25889,7278,145000,380331
3796,4926,219300,22130,7666,242772,520404
8186,6796,336954,61463,7833,368634,839162
5056,5129,157792,27926,7130,221650,443053
3889,4667,173612,36815,8093,264551,517775
4852,5185,191452,65166,7334,158250,450498
4000,4889,372235,24667,7759,154521,587552
8185,7093,487166,26130,7278,304588,859199
3741,4760,163652,40019,6759,142975,397554
5093,5408,181639,27204,6370,207580,451590
4167,4666,267572,50778,6481,203611,557515
8333,7037,467985,26333,7945,298307,835477
4630,5148,158471,68352,7148,170434,433553
7555,6537,172866,37537,8111,234761,510441
4648,5092,217853,24815,7759,269385,546034
3704,4852,396229,26537,8129,177638,633608
4704,4981,168289,64463,5260,208208,474145
3130,4685,179831,26926,7334,144407,384553
3982,4722,193819,26666,7371,261234,529349
5760,5611,359750,36519,8277,148784,583126
3611,4741,151385,23352,7259,175243,402886
4722,5093,233390,65019,7000,167236,500812
4130,4982,177210,25649,7129,257490,492849
3408,4556,255790,49759,6704,183336,521090
3815,4611,406741,24852,6926,198366,681163
8889,7130,158301,36334,6722,179215,433109
5352,5611,179085,25796,7648,214728,489942
4315,5111,223497,64038,6444,144759,465886
3667,4741,403207,51463,6370,380418,868440
7463,6704,153897,23000,6926,189063,406775
3815,4556,164180,24685,7111,190447,432775
5352,5537,185112,25259,6963,253793,526460
8259,7000,337470,23296,7482,202490,623941
4778,5203,149457,23740,7056,170486,379127
4796,5223,160776,42796,5982,151388,390961
8278,6611,177579,24926,8481,144697,387961
3963,4685,252344,62907,6556,225394,575164
9204,6296,429257,24333,7296,167870,680237
5204,5481,180891,63852,6630,189088,491997
4019,4870,180267,26426,9518,142250,386961
8445,6518,216976,62112,6518,244651,589108
4018,5000,311982,23981,7000,223904,630292
4834,5296,155191,63852,6518,192159,447701
7704,6982,178973,26056,7111,182431,426868
4130,5074,192887,22685,6889,177555,429720
7593,6518,320597,52611,6666,175475,607478
4778,5204,954695,37445,8407,157316,1202900
7871,7148,151255,67704,6685,395204,685737
4556,5148,181890,61463,6500,203200,482479
7167,6796,257341,24666,20871,170990,505516
4518,5297,400142,26926,7426,293964,791588
9370,7574,160277,61815,6408,172961,438627
