47388,23352,1210865,166204,5759,1206231,2662244
24944,4555,1743427,127853,11314,504855,2419393
12370,7630,192355,87000,8074,659676,969235
11370,6519,131842,85389,6834,282561,527090
6370,4611,211886,88648,7537,1370345,1691435
10129,5963,159724,63852,6945,1479784,1729212
6296,4129,245416,70611,7908,1340685,1677657
9833,6074,422792,51130,8371,1470677,1971619
7073,4722,417095,57574,6278,1390061,1885137
5148,4370,1736696,114759,9463,1298638,3171797
5055,4204,422163,106593,9296,1344752,1894119
11203,6315,360167,54204,5926,1401674,1842175
6185,4852,398451,63778,6611,1409131,1891545
5018,4519,170086,61333,7982,229300,480738
5092,4186,185813,60130,5871,1440639,1704398
9907,5518,799062,64519,8833,252635,1143290
5092,3907,393715,51704,5222,1354441,1817489
8277,5296,142128,45593,6222,264147,474571
5462,4241,153244,51649,6888,259549,483793
6981,3796,242991,48334,6074,1339073,1649361
4425,3834,388830,38519,4908,282220,724774
7518,5148,129244,58981,4723,272346,479886
9981,6352,130064,46389,6037,284896,485627
6111,3870,211978,60685,7111,1393291,1685028
8092,5204,297057,40093,5315,1391210,1750693
7740,5574,382953,52370,6815,243340,702274
6444,4093,137142,50130,6445,278521,485349
6352,4537,185037,45426,3871,351310,599034
5610,4111,277507,64667,4592,479007,837439
4777,4093,365883,37277,4963,522130,941865
6814,4667,156814,46963,6612,1410972,1635046
12314,5963,383858,47777,5723,1456168,1913822
9814,6722,237567,60519,4611,209430,530404
8536,5426,324869,36630,5074,344090,726162
9351,5889,417023,43834,5666,1357707,1843174
7129,4722,128343,48760,6463,369672,566700
6592,4666,210127,42426,4834,1397474,1668842
9148,5833,294504,43074,5241,1440356,1800546
8481,5852,386657,59723,6926,181690,651533
9259,5444,158552,47149,4851,290260,517238
5833,4389,186835,89556,4204,1368414,1661287
4407,3723,279248,49408,6130,1482425,1827397
9332,5389,471718,66927,3981,1405215,1964488
6611,4852,154427,42037,6444,336885,552904
9425,6093,151729,69352,3870,229601,472089
6518,4037,245716,42371,6185,1426273,1734508
9240,5593,439315,57649,3925,207514,726514
8314,5408,420284,46519,5944,1490742,1979137
5333,4203,127789,44889,4500,306060,494460
9352,5851,855649,43445,5555,312863,1234308
5185,4778,299171,43463,6019,1417299,1777508
9277,5797,384918,48260,6537,1354608,1811416
5796,4130,203868,66000,4259,1407030,1693120
8796,5500,174948,42574,5519,1364246,1603584
6259,5018,121214,39444,5574,309877,489368
7870,5111,646924,42871,6389,1586618,2298617
8518,5871,160724,49001,5518,1490691,1722509
6593,4759,156934,54611,5352,1439482,1671120
8648,5593,242070,47203,6426,1372013,1683657
9111,5278,322650,38111,5463,1465173,1847397
5759,3981,432638,44278,6389,1327685,1822915
7129,4833,130939,54537,6649,329872,535608
8778,5537,205500,53389,6000,263311,544312
8888,5352,293396,48741,5481,1453335,1817730
6315,4741,465957,61074,4222,244149,789255
6166,4426,129111,52963,5259,279813,480405
6906,4963,201339,44556,5222,1447596,1713304
5740,4500,267919,46982,5963,1484959,1818360
4777,4574,360351,43074,5167,1437953,1858045
6814,4722,182282,47889,5685,323419,572515
10852,7222,142010,44407,6297,331931,544386
6074,4166,253701,72390,4796,1310752,1654787
7111,4722,412152,32778,5462,281122,745959
5647,4167,924066,87056,3981,1503790,2531337
6537,5037,129977,50908,7352,285260,487812
5870,4445,230872,37834,5055,1465544,1752157
5185,3981,345472,70000,4111,1491666,1922897
5536,4408,436162,46204,5296,1297383,1798452
7018,4926,125835,59185,4111,340996,544849
6018,4130,180340,57852,6167,1429187,1685843
6184,4463,266124,46889,5482,1426458,1758304
5296,4537,412408,44463,6870,278885,754144
4629,3777,156988,39870,5445,1493965,1706730
5463,4815,157826,42778,5055,1465201,1683139
4962,4315,243962,43037,5333,1457862,1761045
7074,5074,130338,51703,5352,334326,535478
5648,4074,419808,49574,5759,1415385,1903656
10703,5945,149405,77852,4148,1472270,1722990
5055,4019,225818,45334,5685,1508097,1796342
6630,4833,355639,42982,6815,273504,691996
4629,4241,488423,41408,7166,247035,794458
5129,4259,211262,44000,4130,249809,520145
5741,4203,186676,48333,4630,1510037,1762120
4740,3852,134811,48926,5203,401779,600941
6278,4426,359705,55112,5722,302271,735126
5240,4260,162840,47297,6463,295804,523701
5425,4371,150605,41149,5703,1394311,1604046
5463,4444,280186,64333,4130,1409471,1769638
4925,4204,344673,51574,5371,266193,679607
8167,5759,410364,36519,5315,277372,745107
5296,4315,130036,45426,5222,343757,535664
5092,4278,207838,38056,5130,1376559,1639065
4463,3777,301160,43704,4926,287225,647348
7092,3889,423462,44278,6685,1463619,1951711
9962,6334,162967,83259,3982,226678,494867
5037,3981,183825,42444,5130,1396203,1639176
4721,4112,277793,39426,4889,1476029,1809489
5166,3889,366596,47482,4814,324437,754903
6870,4722,130065,37796,5426,304618,491090
9277,5852,142700,38148,5167,334834,537719
7703,5352,241706,60463,6167,219772,542830
5870,4037,333489,50593,7445,342006,744996
4629,4018,472348,39685,5371,1400863,1929359
4611,3907,130557,49741,5925,339885,536238
4333,3815,258970,91389,4074,1218521,1584046
6555,4852,301235,59315,6574,1431643,1812730
4407,4185,386111,52797,5629,1541507,1997284
4981,4889,190654,47259,6500,248547,505219
9759,6259,211790,41370,5426,270652,546905
6129,4037,226184,45667,6333,1530602,1820712
5814,4630,371320,43315,6870,1394633,1828267
5166,4352,135807,48222,6871,297116,499145
9500,6648,157183,48019,6074,1447900,1677380
5666,4074,637098,34592,5593,313452,1002031
4574,3870,328954,45537,5667,271449,663015
7981,5185,309849,53519,15944,1504955,1899471
5388,4185,216614,43093,4055,284624,559719
6814,5111,388694,41204,4982,327783,777181
9222,6204,290699,48519,6852,1394957,1759175
5518,4167,384372,57463,3982,304234,761311
5073,3889,186952,48000,5111,296990,547589
5370,3685,179365,47056,5389,220724,464201
5833,4907,264964,35574,4815,1412767,1730916
9500,5815,402636,51667,5389,317748,794311
5129,4185,144179,37722,5370,377541,575756
5037,3759,149259,48963,6889,1444158,1660676
6278,4389,233838,66815,3704,1512743,1830175
4925,4093,327159,40574,4037,1481812,1865248
4629,4037,416555,43685,6130,1330861,1808527
8222,5148,161264,53333,6278,279252,515164
9148,5833,225121,45537,6463,1401092,1695824
6740,4500,300312,43556,6426,1467843,1831545
5684,4260,408355,98019,4537,1387781,1910359
6351,4500,205675,41945,3815,252062,516052
9962,6315,177829,49630,6093,313945,565385
5629,4149,314557,74001,3777,1493913,1898638
5852,4370,442971,78075,3703,231617,768144
5352,3777,152662,45296,6130,280835,497071
4832,4037,148798,46796,6148,1486638,1700582
9074,5685,229599,54334,5870,231601,537738
8037,5370,334032,45351,5630,279409,680330
8278,4889,611760,39870,5352,1245877,1918026
5259,4130,129209,40852,4537,343825,529368
4500,3814,208845,45223,5555,1339590,1610509
6889,4333,292647,48371,6111,1381009,1741472
5889,3851,384543,44574,4963,1404688,1851156
6222,4518,159511,46018,4889,269431,492256
5240,4000,570925,66593,3648,1465137,2118488
5796,4629,273893,56593,6259,1427838,1777730
6555,3926,140472,40686,5481,340099,539664
4352,3870,178941,32222,5278,1439698,1666843
6962,4778,273947,41352,4834,366178,699681
4944,4093,241712,41130,4815,210544,508868
5055,3907,348922,44852,6352,1471234,1882323
4629,4000,401354,41759,6093,1406728,1866545
6889,4703,129118,50019,8796,336583,537664
9703,5852,245254,65981,3982,1414476,1747749
6592,4852,400038,42648,3537,262699,721922
5444,5167,384081,55648,6463,271600,730959
7166,4371,176808,51648,6000,231967,480775
6407,4611,189611,39000,5463,1368713,1616380
6018,4537,266968,45445,5407,1354004,1684657
5166,4778,369919,36518,5482,325373,748866
5777,5204,136406,47370,5870,303647,505812
9888,5926,136948,44704,6278,340974,546367
9037,5203,228603,71019,3722,1397943,1717546
5426,4277,326313,78759,4019,1477158,1898711
10055,5370,406374,43889,4759,1391356,1864470
8592,5519,133453,43815,3685,350840,547590
6425,3982,203959,39463,4574,1490864,1752564
4611,3759,295835,53723,6907,204069,571497
6852,5037,378693,41704,5889,1454610,1895397
4833,4278,176328,39297,5278,316224,547831
5296,3833,175575,52408,5611,1409193,1653935
4481,3852,264414,49149,5129,208787,538516
4574,3777,354310,49129,6686,1447550,1867804
6296,4759,132370,46556,5778,309571,506960
10463,6018,819192,37815,14204,1379258,2270543
7351,5241,233586,44204,5592,1428979,1728360
6036,4056,332758,45593,5092,1466565,1862767
4740,3833,463468,66519,4296,1360706,1905692
5148,3796,590808,30481,5074,360520,997772
4647,3963,213165,56296,3704,190444,474979
6370,4981,1465284,86112,4111,1321291,2890316
5055,4148,432584,105204,3648,1351091,1904341
4963,3963,978758,45778,5055,313105,1353307
8777,6167,169558,49407,6908,1488246,1731786
5259,4018,311972,73241,3926,1404351,1805360
6333,4537,442292,44185,5056,264481,768718
6648,3888,127983,49037,6686,270588,467386
8462,5426,141008,35722,4648,1501390,1699990
4777,3963,235272,103853,4018,1384810,1738675
8925,5648,327945,55093,5815,348328,753384
5722,3907,426933,37648,5518,1462927,1944766
8240,5315,159104,44575,6740,1470331,1697212
5129,4037,204574,44167,5240,274813,539719
4407,3759,295617,47852,4648,1385244,1744194
8518,6074,377381,57075,6389,203151,661292
6518,4555,183961,41630,6426,260832,506719
5037,4129,191245,40834,6129,1389468,1638972
8815,5944,257714,65315,4000,1466387,1811768
8018,4852,350590,40037,5408,1438491,1849489
6832,5112,132299,48926,6685,309142,511071
5074,4148,167472,46870,7130,1477092,1709639
5777,4259,248348,101223,4166,1378790,1745397
7629,5000,319299,57796,6370,228032,626737
6166,4463,412064,36963,5203,1355130,1822026
6055,4407,127995,48908,6129,289632,485941
6074,4740,243872,97926,4167,1288989,1647898
7092,4444,291618,39371,5074,1441001,1791267
6222,4500,767273,49037,6611,277646,1113420
9315,6111,179796,43685,6482,2148079,2396727
5389,4389,175561,47555,5352,1439837,1680139
8740,5092,259031,53963,5815,196577,531923
4925,4222,435796,45704,6574,264237,764181
7870,5111,1818453,43852,5555,1430584,3313592
21815,4555,169532,46055,4760,1441681,1690287
7055,4481,271535,96278,4037,1794952,2181320
4444,3889,323189,37056,4240,1416116,1791064
9629,6000,406603,44852,5518,1452535,1928452
4926,4407,176663,48630,5574,319963,562219
5055,4575,207946,43482,4870,309958,579090
8907,5907,290250,35963,4722,1380889,1729046
7425,5019,421774,62500,3648,1360808,1863193
9055,5092,157372,53352,5352,292533,525460
5944,4444,172619,63204,6388,1404058,1658583
6537,4574,298995,67592,3704,1378477,1761953
9963,5685,346389,43112,5833,1453414,1866638
6833,5000,145506,41907,5111,1474262,1681231
6499,4445,142975,51333,5537,1477201,1691268
4648,4240,232018,48167,5259,287572,583960
9222,6166,322024,45278,4908,1443595,1834564
7925,5556,431807,46593,6278,1343478,1843656
5629,4481,162035,96927,4037,266906,541978
7907,5574,218745,43241,6889,296289,580793
7944,5111,293880,49704,4648,1374165,1737471
6629,4630,418627,54167,5833,1446214,1938156
8703,5278,159929,44185,4296,343698,568200
5833,4334,173675,64574,3574,1476019,1730361
4444,3741,263477,43538,4759,1379846,1701842
7795,5186,397428,43611,4815,322660,783551
6092,4482,151563,45130,6518,356489,572293
4666,4130,185458,67167,4148,1394143,1662972
5629,4685,230797,49371,6759,1500618,1800471
6888,4667,128284,41593,5185,377490,566256
5629,4574,1481923,44593,22092,1265172,2825965
9148,5851,127704,41018,4852,321405,512127
7981,5296,200117,106908,4037,1309540,1635769
7833,4796,302715,45167,5223,1438385,1806212
7777,4259,378944,38389,4944,2060524,2498355
5055,4629,163912,49463,6519,1471467,1703842
8462,5259,166844,47908,5148,1442350,1678471
6315,4833,257627,39186,5648,1363270,1679917
8018,5278,398726,93185,4056,310213,822199
6222,4759,190454,44537,5982,298672,552812
6240,4704,164589,43167,6611,1477531,1704898
5777,4129,239299,42982,5185,263550,563570
4963,4055,331935,59574,6333,353321,762200
9185,5944,421459,78130,4018,1400234,1921211
6926,4574,151316,63241,3833,1475230,1707694
7666,4648,200822,40575,5518,1389539,1650805
5704,4074,290939,36611,4537,1476180,1820675
4944,4074,381390,46055,4445,1419247,1863508
8611,5981,187525,36926,5111,271824,519219
5499,4556,172271,51981,6389,1438293,1680971
7981,4815,255184,35241,4908,1389787,1699712
9258,5278,397432,45259,5389,331656,796365
8203,5444,137585,47908,5870,1495942,1702990
5704,4370,141294,45519,5315,314480,518627
7999,4945,275263,98408,4074,1300134,1692823
9481,6130,363677,80815,3889,338707,804959
6314,4315,406868,40889,5519,276257,742163
9592,6518,181300,75981,3685,240661,519663
6981,4666,214880,32333,4519,1397074,1663194
5630,4629,291182,57555,4074,308945,673682
9667,6370,381669,36796,4630,1428468,1869286
5351,4315,155563,32982,5518,316249,522164
8073,5371,167569,35148,4944,282317,505238
8574,5630,1005151,47333,5685,1283336,2357876
7796,5000,398081,95130,4241,233933,746681
5389,4703,134587,44092,5908,296892,493534
9000,5166,134722,37111,5760,272405,466831
7944,4963,226654,48352,5037,212954,507886
5814,4000,317827,47722,5241,1481514,1864860
5481,4629,408999,65778,3815,1478434,1969933
7111,4315,196838,36259,3796,288382,538849
8536,5630,206270,42740,5352,224469,494775
8721,5741,290831,52612,4851,1405455,1770823
6666,4555,376412,48630,5018,242122,685977
6295,5148,163676,47037,5889,264729,495274
5703,4629,169256,48389,4963,261723,496515
4592,3797,260317,55926,6741,184550,518608
4499,4445,461749,38926,5278,295135,812755
9204,5129,137477,45982,5722,322020,527738
45907,3555,126483,63797,3926,288403,534830
6925,4963,233896,106686,4074,1316816,1676064
5555,5241,355180,46519,6611,286149,707996
6129,4704,568094,35055,5186,1714133,2335061
9315,6037,145580,62111,4111,1468762,1698324
7277,4908,205419,44870,6074,344059,615126
6259,4722,333407,71537,3871,1429619,1852138
7129,4204,429080,37926,4889,300230,785607
5018,4186,176584,43056,6241,268282,505479
10555,5888,184980,41204,6148,1522714,1774008
5778,4222,265004,49352,4704,1350467,1682380
6426,4388,347881,44556,4722,358356,767940
5703,4148,145331,36537,5333,311556,510238
5278,4018,164059,30722,5055,1466766,1677657
4295,3834,237916,57741,5796,1498685,1811026
4610,3667,337700,44352,5889,1422901,1821823
5685,4648,406873,40167,5500,1428838,1893878
7610,5204,130433,40019,5185,327897,518034
5370,4037,205346,56852,6445,1889326,2169913
7148,4333,335038,44334,6203,1417470,1816527
5647,4074,386507,63501,4314,1396075,1863489
6555,4759,157309,80222,3982,263095,518571
5722,4407,215815,77778,3481,1340861,1650065
7648,4555,276099,43740,5797,1317725,1657916
6611,5166,369401,36574,4926,1374904,1799545
9888,5852,150628,33908,4833,304443,511256
8073,5519,144671,50130,6055,1468134,1684157
8630,4907,222788,71537,3926,1410591,1725009
5055,3852,318924,53611,5815,1371603,1761249
6092,4112,404948,38278,5166,1440097,1900675
5111,3796,167027,50556,5574,362747,596996
10055,5611,235997,73259,4093,1328179,1660416
6055,4092,290114,82056,3777,1377876,1766026
8778,5592,388564,40852,6111,387598,839366
10536,5408,145088,44203,3982,252594,463812
7963,4870,173502,42629,5426,344033,580479
8221,5963,253545,36926,6259,1418001,1731305
7630,4833,343476,47871,5981,1424161,1836620
5759,4167,978539,39889,5204,362989,1398715
4981,3815,141135,65908,4000,314157,536738
10092,6259,222086,103815,4111,1255201,1604268
6166,4871,333018,44926,5222,1505693,1902619
5055,4111,405413,56834,3889,1497372,1974804
4351,3648,129104,80074,3963,384930,608700
7592,4963,201554,56685,6222,233759,512868
6388,4370,292931,45259,6537,1477985,1835489
4574,3778,429602,92797,4074,245818,783403
7092,4926,162904,45556,5889,316666,545663
4537,4000,185669,95482,3981,1339488,1635287
7333,4870,254917,35648,6166,1301112,1612676
4388,3907,349274,50075,6722,1330438,1747564
7203,4371,152853,39445,6037,322217,534793
4592,3833,148915,52722,6093,362026,581552
7203,4982,268254,41797,6092,258057,588886
5185,4055,231446,56833,6630,1417822,1724157
5129,4204,421007,44130,6278,1336519,1820027
6814,4796,147216,44056,6037,1389330,1600268
9388,6259,190907,44278,6074,1444639,1703416
6647,4797,386913,47852,6352,265971,720736
5962,4259,462790,42074,6149,311168,834421
6314,4815,290665,42204,5759,1508880,1860693
4833,4574,176541,44093,6111,1370968,1609064
9092,6037,346473,34982,5333,350597,754532
5499,4667,345850,50500,6740,1370381,1786230
4259,4426,134800,39037,5314,326457,516886
5758,4260,138805,51500,5463,1500296,1708305
4388,3796,228145,56593,3648,1354809,1654083
6870,4333,422855,91408,3889,267677,799681
4092,4018,421861,44000,5389,1416962,1899118
8963,5981,177773,73964,4000,1404846,1677602
7499,5259,194724,48592,6408,1393359,1657805
8981,4981,282730,51926,5852,1537944,1895174
5185,4111,415235,49741,6611,308538,791106
4685,3796,154796,38241,5556,306515,516090
7555,5074,165358,44296,5463,1422596,1652565
6462,4333,280309,40740,6426,1417978,1758415
9518,6055,389518,88501,4129,1492563,1992859
5574,4185,433228,54963,6556,1375650,1882193
5870,3982,139695,54000,5760,355023,566978
5518,3833,227276,39926,5537,1408085,1692768
7555,4926,354838,46000,4703,318788,738959
5259,4741,402584,38352,5445,1484904,1944008
8906,5649,188330,41778,4315,338499,589811
9518,5574,191336,44593,5740,1399840,1659916
6611,5018,281750,49259,6074,1420148,1770638
4944,4000,489015,52686,4018,245591,803125
4185,3759,135501,56741,5797,317162,525164
9536,5278,180730,40018,6074,389563,632922
4537,4130,525829,53926,3963,1396122,1991489
7592,5111,341705,66019,4129,1472470,1899693
4648,4037,433952,67426,3722,1465926,1982489
4852,3648,139123,49722,6889,340670,547497
7166,5037,1015705,43797,6018,1271781,2351282
9981,6278,414061,48315,4019,253267,739366
8036,5370,260308,50000,6834,288299,621385
8148,5296,168999,50407,5278,289702,529868
6351,4704,614672,38278,5370,317489,989476
5407,4037,284936,57352,6574,193597,553996
9740,5519,370609,65482,3981,223369,680607
6981,4592,155948,36352,5037,283049,494701
4648,4055,168510,50352,5500,308172,543923
7555,5056,251330,43741,4944,1361012,1675787
9518,5518,341281,49777,6537,1434598,1849730
6092,4148,146971,43574,5926,1491520,1700638
8425,6000,132514,45611,5185,304428,504256
7944,5259,219446,43592,5186,365254,648422
8851,5945,309600,75500,3889,1470148,1875971
7536,4908,408013,48370,5908,1375087,1851841
7055,4889,130426,44408,4778,310700,504275
8981,5908,190061,49334,5018,325065,586052
5833,4056,325160,89278,3852,1322125,1753083
5000,4129,447130,40370,3852,296292,799348
7092,4871,174208,80686,4129,205085,478257
6869,4871,163622,57759,6593,279245,520645
6037,4407,253980,54592,5815,1427047,1754397
10203,5500,337245,56796,6186,245917,664348
4777,4000,134991,46871,6352,381931,581348
5704,4703,133794,45666,4611,300927,497535
7129,4723,239503,41129,5648,1351932,1652269
5777,4704,321138,52612,6537,306598,699514
9889,6518,396571,67667,4148,340536,827255
8518,6185,129316,42241,5463,301218,494978
6277,4648,902657,43260,5129,1465551,2429523
11314,5871,276069,52259,6686,1403642,1757860
8110,7037,423687,43815,6222,281420,772125
8833,6537,154784,79334,4129,268435,523738
7129,4963,276994,36148,5074,366817,699051
8610,5074,256463,47130,5981,1467175,1792138
8703,5352,500543,46611,5019,404710,972827
5647,4167,143770,45889,5778,1506998,1713971
23685,4500,776055,40852,5556,286715,1139475
9648,5130,228189,45074,5797,1498337,1794823
7018,5111,309566,39241,5445,398355,766366
7795,5204,399202,44815,5759,216257,681070
6796,4667,179910,73667,6445,249660,523719
9333,5593,189602,46759,6278,1405851,1665972
8481,5426,277034,39000,5111,1434826,1771582
7573,5167,405373,36926,4963,315104,776717
7574,5407,149286,42741,5426,1441519,1654065
49925,4241,124848,58537,6555,281243,527997
6759,4444,276169,45148,6037,1370692,1710916
8203,7204,362137,41334,8370,1406186,1835490
7685,5592,135309,50760,6537,313317,521238
6333,4741,134074,48704,6518,1427639,1629991
7036,4667,220580,43945,4463,1359021,1642953
8555,5370,311623,61556,3944,1383237,1777286
6055,4389,401018,68852,3926,1360730,1847637
5407,3889,177134,83630,4056,261362,537441
8425,5593,224677,29834,4981,1699867,1975248
7203,5018,280239,57852,6889,1449843,1809582
7407,5185,392838,49963,6352,1384984,1848785
6629,4815,157324,40741,5389,281358,498164
9259,6388,157627,48797,5388,421352,650441
8184,5204,288985,46129,6537,1353321,1710360
6889,5518,378583,68463,4204,1476146,1942396
5518,4704,530719,46685,4834,317090,912162
7092,5037,131798,49223,5537,1766172,1966841
5518,4481,222508,60167,7259,1438760,1741304
5592,4500,328551,44852,6389,1489827,1882860
6777,4741,438094,65667,4166,1499117,2020433
8796,5667,811045,38944,5278,1480293,2352487
6444,5167,191290,35241,4852,1432459,1677898
5074,4185,756149,57741,6667,380029,1213197
8092,4760,417376,45296,6426,237823,722496
6259,4685,164734,60889,5796,1919069,2164155
9222,6019,166646,36408,5259,1456325,1681731
8241,5611,256115,45889,5593,306307,629478
5963,4611,431363,44815,6537,1492329,1987359
4518,4111,479091,64222,3926,1434546,1992526
7555,4722,154429,62297,3648,1442987,1678323
5815,4240,275565,87612,3648,1376369,1755879
9610,5574,329497,85482,3648,1389604,1825786
5240,3834,451021,68148,3723,1332264,1866267
6703,4815,229934,50870,3648,1476982,1774934
5018,4092,217922,42203,7963,1375792,1656323
9722,5870,281298,45389,5019,1380210,1729490
7759,5462,451027,53574,3741,345191,868643
8037,5981,137939,50981,6019,312058,522904
6666,4871,160241,43555,6408,296497,519868
5704,4240,249581,55926,5833,204694,528645
8462,5352,337012,45963,5574,293799,698348
8592,5592,476334,39481,5334,1473895,2011933
6389,4629,142024,44907,5778,360048,566016
10648,5833,266418,88538,3889,1353330,1731194
5407,4444,360517,70241,3926,1484898,1931933
5407,3648,448486,63315,3667,1472817,1999452
9352,6018,177251,43389,6518,285839,530090
8685,4796,188238,43093,4481,1408864,1660731
7740,5056,278096,38796,5370,1396173,1733305
9463,7278,281657,51092,6778,1458629,1816953
7166,4444,175792,80130,6334,247426,524108
6444,4315,162687,41148,5278,319143,541405
6314,4352,251323,46277,5815,1483075,1799693
7611,5000,354403,51963,6148,319222,746033
8907,5741,1081040,62000,4185,1465111,2629152
5963,4666,156673,41649,6277,1414707,1633287
7833,5315,216586,40278,5315,2140640,2417856
7555,5296,308167,45481,5741,333329,707273
5425,4167,398950,69260,4037,290137,773606
5110,3630,125956,51555,6352,299857,494145
6573,4945,231480,96630,4315,1362046,1708360
5647,4908,327986,86796,3945,1342040,1773786
10055,6463,383677,52500,4278,291892,751680
8666,5129,202183,48334,6574,277629,550145
8685,6019,161688,45223,6351,1378988,1610362
6833,4722,295695,63778,3963,1430924,1808934
6574,5463,391478,62389,3593,1480510,1951767
9518,5166,468911,34166,5278,1437319,1962081
8536,5760,134971,50518,4815,1439223,1645435
6185,4500,220440,44944,5093,1403735,1686509
4389,3926,314001,36723,5185,1451228,1818138
6740,4537,397804,40111,5482,1400130,1856952
7518,4815,132753,41408,4037,290725,483978
6870,4648,232575,66185,3852,1434730,1751527
5185,3870,283192,81685,3760,1504112,1884175
4851,3778,369827,52019,5204,1323440,1761823
7537,4944,142666,46741,6389,1398250,1610028
4740,3907,202190,72371,3685,1490485,1779823
6962,4871,248122,49500,6444,1399961,1718527
8647,4871,343554,68870,3982,337941,770514
5333,3870,2361084,50148,5592,337105,2765373
4037,3833,156695,74463,4185,318172,564052
5352,4389,220052,37241,4945,297073,571682
5018,3777,143799,29963,4926,390883,580459
7666,5222,394342,49001,6926,379430,845161
5296,4129,195330,69537,3963,242797,523682
4796,3925,200484,39833,5315,1428896,1685860
5592,4000,289286,44944,5185,1377760,1728990
7055,4759,374199,46519,6444,2071416,2512578
10092,6371,149575,40148,5259,351200,564608
8296,5185,163322,47018,5778,300694,531905
7648,4944,245383,46482,6333,1384422,1698157
5833,4240,339815,52574,5667,1482952,1893230
8796,5907,420099,67963,4000,1474631,1983433
5907,5407,133104,38574,5445,333597,524664
5685,4370,218721,50834,5278,1475305,1762212
7573,4963,306005,39611,5204,1500799,1867267
8944,5944,393048,45852,5666,1414812,1876026
5907,5407,127368,52037,5722,297148,495608
5907,4407,213337,47222,6278,1449357,1728545
7129,5092,323640,41500,6092,1482091,1867545
8499,5741,369330,43575,6222,303239,738329
6166,4611,163798,43241,6093,240643,467201
6388,4630,167100,48297,6000,1460926,1696008
6277,4408,247273,41037,5556,1398050,1704675
8870,6723,340131,62815,6852,258068,685515
6814,4760,1026823,41427,6203,272039,1360085
7222,4926,129068,43426,4371,288003,480275
9314,5981,214575,44722,5834,1392453,1674620
5592,4500,308488,49778,5500,317712,693181
8870,5852,423883,47704,6425,324391,818773
4869,3815,180962,35871,4944,310554,543608
3981,3815,208061,100370,3945,1390114,1711990
7962,5167,289270,34315,4982,1470978,1815212
4370,3889,446295,52296,6871,263237,778662
4667,3759,172170,38000,5241,341937,568460
3907,3722,171009,42427,4518,1478536,1706768
4259,3926,660387,36185,5463,1394786,2106729
4314,4018,347911,40574,4741,1483615,1886933
9852,5666,626251,32944,4908,1246164,1927878
7944,5445,140681,53907,5760,357982,574219
4703,3889,223280,41407,5537,1465877,1746360
7740,5426,357156,48260,5796,398043,824069
7500,4944,508014,67760,6611,1488881,2086266
7703,5556,176685,44945,4796,308959,551015
9425,5815,182395,38667,5148,316694,560108
6389,4389,275697,69093,4519,267594,629608
8500,5370,364556,48611,6759,324051,761218
5740,4222,148728,48963,6796,294788,512349
7962,5241,155252,42648,6037,1437461,1656398
8778,5777,244258,39260,5444,1383418,1688546
6148,4278,345893,59334,6111,1469558,1893045
8074,5463,1975570,48556,5944,1450465,3497369
8018,5555,363799,43667,6444,406196,835310
7592,5352,212892,41907,6130,1385005,1661453
5963,4092,308047,48037,6000,1522146,1896749
4203,3685,397868,45555,5222,1373234,1831860
7833,5778,145076,47000,4426,303699,515775
6906,4723,194137,56538,3703,229230,498645
8092,5074,283088,41797,5129,220316,566108
4759,4407,373058,54741,5629,287513,732811
7129,4630,180173,46038,6888,343453,590737
9573,6019,155198,57352,3796,289577,523552
7055,4778,252649,55315,3555,1438841,1764305
6407,4500,343618,41278,5407,1473613,1877564
8204,5500,1037273,55648,5963,272978,1387641
8166,5408,127443,49019,6389,1496306,1695231
7963,5148,214820,45852,4666,1416578,1697213
9240,5963,317622,42074,5704,323170,706922
8963,6370,459295,42982,6611,351977,878903
6481,4297,210726,40796,6241,226919,497979
7500,5481,184491,57445,4018,1890904,2152247
6592,4555,284461,68296,3741,249814,619496
9481,5944,583448,38371,5241,1532557,2177969
7241,5166,161157,49241,4870,272618,502349
7611,4981,195052,89222,3759,1399680,1703009
7055,4982,245094,40463,4778,307458,611811
6629,5537,355730,34630,4908,297858,707848
8981,4926,419458,58760,6759,1443382,1945600
8666,5555,128760,53593,5852,293181,498200
7740,5537,212155,51852,5537,1422613,1707157
7722,5315,366513,66370,4019,261538,713570
7426,4944,396408,57148,6463,217811,693015
6315,4129,179580,83556,4296,222991,502535
5833,4537,202567,43518,6408,1452293,1716786
6536,5241,288647,42056,6018,1425158,1776471
5684,4537,366301,46075,5740,1482633,1913526
7518,5204,149103,44407,5649,265246,479331
5925,4926,155239,43389,6185,267796,485330
9332,5871,242133,38019,5222,319307,623218
6481,5019,334583,50537,5463,1480072,1884082
9333,5537,418367,65519,4018,1520455,2024970
7370,5074,129058,54797,3388,285421,487109
6759,4685,222175,55296,3611,240581,535145
8203,5371,390940,32185,4963,274704,718348
8833,5370,397039,50630,6518,1454691,1925007
6944,4408,200322,39703,5538,224619,484183
6907,5037,194680,42000,5241,332483,588904
6555,4667,299408,86222,3908,1351656,1754990
5851,5481,409377,75704,3611,1452982,1955711
4407,4407,170975,30259,5074,302726,520515
7073,4704,156258,46649,5277,395498,618070
5388,3926,247561,50889,7037,1374059,1691583
6258,4537,333937,66667,4037,1472793,1891007
5889,4685,423035,55241,3686,1446693,1940915
4815,4444,130152,56297,3703,427252,628349
5259,3759,224177,44963,5352,246524,533016
7481,4704,147201,48870,5945,338166,554553
6685,5000,409374,101667,3814,1277227,1807082
9240,6019,131823,36297,5444,375377,566275
5407,4259,187496,107593,3945,1344197,1656102
9369,5611,391503,50389,5463,250530,715681
7092,5055,363157,45000,5000,1473110,1900711
5240,3889,568292,45222,5834,312072,942976
5722,4074,157649,39593,4944,319682,533627
7314,5148,627286,37315,4666,317413,1001790
4592,4500,380383,52704,6463,358297,808977
9295,6111,1239558,51426,6519,1361019,2677169
7258,4926,150024,43593,6667,1380003,1594546
8370,5019,212030,46944,4704,1416201,1695305
6148,4259,304184,40001,5203,1376547,1739731
6666,4870,391913,37166,4500,1428707,1875878
5333,4389,197862,47778,4778,314375,576590
7389,4592,184387,43222,4593,1390789,1637065
9129,5760,268392,64704,7130,1389893,1746768
5277,3871,380065,43167,4870,1402220,1842119
4333,3907,159960,38648,5130,1413105,1627824
49517,3667,123114,46704,6092,1532340,1763619
6296,4740,242435,36815,4870,1387630,1685694
8685,5833,330181,55686,3574,274796,680867
7129,4963,1330892,46723,5963,287653,1685934
6314,5055,126359,42982,3685,315083,502200
6388,4574,213069,35944,4574,1375404,1642083
5814,4852,303685,46167,5704,1447526,1815785
8926,5796,387136,44222,6426,1431649,1886674
7888,4575,177900,41445,5611,1426812,1666990
5648,5018,185018,39630,5204,1435972,1678324
5759,4685,275487,36907,4537,1483059,1813008
4407,3796,365345,47907,5463,289244,718848
6222,4870,871259,39741,5481,1409320,2340338
27629,4574,921950,34222,4945,333060,1328973
15962,3945,124621,52018,3611,1495166,1699287
6684,4556,385238,52537,3704,378479,832939
10369,6186,2355878,39278,4741,374142,2792280
9741,6388,377306,63241,4259,1512794,1975396
5907,4463,135126,54426,5666,1622105,1830268
9648,5481,996467,39889,5370,380322,1439529
8796,4981,262156,35037,5111,1649815,1968507
7222,5352,129383,43519,5093,313354,505571
5685,4296,291631,64111,4093,361013,733440
4518,4222,275896,46629,4575,1351483,1689342
8870,5129,399347,47944,5426,1458383,1927470
5000,4407,141278,44352,6648,315201,518905
9167,5611,171579,32648,4926,1421763,1647713
9814,5722,245141,51463,6130,292207,612496
8944,5482,443092,40129,4537,1516378,2021674
7055,5204,1029377,31315,4500,336300,1415696
6407,4426,132214,45741,4407,381061,577460
9018,5907,215757,42759,6371,1443825,1725434
6962,4074,338523,38166,5315,298955,693625
4203,3741,417676,33537,5204,1371498,1838174
7610,5111,132219,56019,6407,308964,519145
5296,4926,182910,56759,6278,1431506,1689657
8518,5000,265768,38333,5111,1436315,1761638
6315,4944,359811,42741,4500,1388845,1809212
8832,5982,159464,45519,6815,300143,529052
5833,4111,163933,43963,5963,1402743,1628713
8648,5129,260014,76185,4759,258539,616922
8166,5593,347130,51575,6592,1485081,1905915
7870,5370,419359,41778,6611,1426741,1909434
7333,5074,154012,49241,5981,308578,532331
7426,5148,217981,46944,6167,1447065,1732694
8351,5426,336931,52093,6204,1494298,1905044
9092,5481,386234,43000,6389,1496959,1949859
6648,5018,193832,42241,6222,682367,939050
7611,4407,1897064,84445,4166,1431121,3431684
4240,3982,253810,52352,6574,1383643,1707657
6444,4703,392535,50111,5834,1546416,2008840
8518,5629,136299,40519,4685,1431451,1629713
5611,3889,960510,64630,4333,268501,1309585
8314,5908,239978,53537,6778,201426,517997
8425,5574,1057486,40667,5296,1468370,2587596
6389,4778,895990,34445,5759,312521,1262493
5037,4370,618033,47556,6648,350387,1034735
7370,4815,213130,52963,6667,219589,506275
8963,5574,297303,50537,5111,220471,590052
6518,4833,397606,48333,5759,1482902,1948637
7869,4556,178148,43963,6685,269275,512182
5573,4204,183932,44666,5482,1465132,1712027
6870,4815,269567,81056,3852,1479088,1848008
7426,4648,360888,41778,5629,1536749,1959748
4759,4704,125986,45592,5260,325011,512942
9073,5963,149973,43760,5296,1467313,1683897
7537,5185,243609,39333,4241,1418196,1720175
5666,4611,376134,54963,3611,1474262,1921933
5481,5074,1206086,40889,4519,261831,1526917
7092,5092,135960,49037,4722,1509049,1712694
8795,5797,1436875,44075,6333,271373,1775397
7184,4149,1459344,80537,4223,1588211,3146352
8592,5722,224553,55722,3593,238111,537960
5889,4851,134446,46334,4685,321477,519571
8241,5389,177785,53203,5371,269008,521053
7796,5166,270421,37889,5296,1463736,1792749
8241,5166,360316,71185,5500,1475877,1928323
7000,4944,148488,38963,5333,282750,489997
5592,4130,153382,46407,5667,271689,488886
8666,5574,235221,41149,5481,1459676,1757767
6870,4870,335394,60463,6112,222305,638570
4796,4723,1465662,53222,7315,328142,1865471
8444,5297,130905,56759,6130,1936230,2146081
6778,4796,226819,70407,5315,1345968,1663305
6852,4703,306622,58685,4259,1353147,1736268
5685,4407,403016,46685,6334,1467584,1935785
5629,5167,130780,48204,4463,1819467,2015488
9314,5778,175712,49167,6389,256803,505219
7555,4741,273200,44370,5574,1851399,2189858
6796,4815,391761,49278,6500,1440968,1902396
6314,4723,133655,43519,5630,334470,530349
5444,3963,162143,47686,6166,347724,575793
7777,5074,252094,55500,3889,1404378,1730860
4703,4074,374822,45185,5889,310044,746755
9426,5740,427106,38834,5018,397630,885773
6944,5074,130222,43297,5074,355386,547905
5889,4296,215691,47519,6389,232750,514497
8703,5833,295734,57334,6222,1397571,1773434
7814,5130,409222,50148,5389,1492119,1972007
6018,4371,128634,78426,5852,281048,507108
6703,4908,185917,41741,5871,1389961,1637824
5777,4093,271239,72685,4185,1417307,1778675
6833,5074,363097,45148,5815,1354745,1782786
4925,4241,149658,44518,5445,328098,538793
10240,5611,149960,43852,5759,1452105,1669916
5092,4778,272151,50055,5648,1403988,1743749
8981,5981,399231,43426,5759,324172,789680
6055,4185,464218,46482,5463,241129,769532
9240,5389,165260,45649,6370,315532,549478
7481,5074,211637,48444,6185,251416,532330
4703,3908,310680,48796,6297,1342161,1718564
7796,5370,404890,66278,6370,338347,832440
8889,5148,184765,44019,5870,1452484,1704361
7740,4796,176290,52204,6666,270282,519960
5870,4722,278462,52611,6038,1401675,1752212
10315,5648,141412,49815,6148,404232,619571
5962,4463,153585,46593,6037,1450090,1668768
9000,5611,151942,51278,6352,1421492,1647861
8685,5407,280986,46148,5056,1400096,1749156
5259,4981,339362,47945,5870,1384016,1789471
7111,4537,420738,51760,5592,2021155,2513671
4277,3889,121003,38815,5759,348846,524849
5981,4555,209824,44870,4889,1409537,1683083
8740,5648,298312,39518,5074,1365346,1724805
9166,5056,382891,54741,6870,280827,741626
5481,4389,163026,56908,6352,280489,519331
8314,5315,173717,47389,5815,1408644,1651342
6462,4797,269353,42370,7111,1330749,1663749
5907,3963,386915,37685,4815,331711,773089
5352,4518,151846,37111,4759,314411,519997
7389,4963,144147,70797,4278,294756,528349
5444,4185,1257582,34204,4963,1355365,2664410
16055,3759,105289,43797,5092,338579,514645
9573,6112,429369,61852,5760,334273,849106
7111,4444,134727,47463,6463,361955,564108
8759,5740,211178,44555,4556,1444553,1721305
5444,3852,300924,38667,5629,1442066,1799119
4351,3741,419486,48500,5778,336472,820921
7999,4982,162213,55259,3963,262210,498812
5981,4204,178996,43741,5760,1359827,1600417
6296,4111,271558,44075,5463,1433783,1768046
5463,4167,357342,57259,5426,250580,682959
5129,3778,157051,35815,5185,364187,573293
7203,5203,147483,39686,5111,302199,510386
5758,4408,243563,50315,6740,1361002,1674508
4221,4500,339421,60019,5889,266575,683162
5777,4611,416945,49889,6556,248495,734347
4351,3833,130173,84389,4315,348879,578663
5647,4204,209475,36370,5019,1408886,1672138
7222,5037,1307002,58741,4166,1520722,2904983
15722,3944,377988,40203,5056,314249,760496
6167,4537,231955,48334,5722,1427479,1727305
5407,3945,181091,37444,4982,1434473,1669380
9462,5852,260949,67556,4129,272955,622830
6833,4500,355270,42055,5463,1460776,1877601
5981,4185,125905,46740,5426,314593,504867
6222,4556,148188,47352,5148,1452265,1665861
9166,5722,232842,48389,6871,259339,564311
5629,4167,374219,43814,4556,1470289,1904600
8444,5815,334058,52389,6333,1387320,1797656
8166,4834,164341,45889,5148,287619,519071
7814,5222,205940,48537,5648,1433717,1708879
7629,4833,317816,73463,4334,329698,740440
5295,4445,434841,63648,3611,1374611,1888489
4981,4167,129383,41611,5815,338669,526682
6926,4648,177759,39278,5148,288923,525442
4703,3870,271025,46667,6148,1351077,1685657
6277,4593,455864,41296,4148,247947,762885
6296,3926,136184,42167,5407,322480,518534
9203,5852,191968,46389,6777,1483800,1746045
6981,4889,236715,42426,5222,1390591,1689657
7684,4797,369442,53352,3797,281053,722144
5870,4519,417226,44111,5130,263677,742440
9592,5852,147936,70740,3704,250729,490572
6778,5259,251886,62463,3463,1420567,1753435
6592,4537,342262,66704,3629,1399709,1825526
9407,5334,1075195,46389,6352,1396030,2542060
16129,3426,141718,92482,3777,1359366,1618509
6295,4389,185409,43834,5444,1406063,1653435
6518,5130,272840,41427,5777,1393298,1726842
6888,5074,359662,46796,5834,1342198,1769730
6722,4630,144222,41149,5222,1475342,1680954
14611,3352,148506,48426,6481,315417,539442
6278,4703,244216,43093,6204,1815494,2122081
5943,4334,358222,53574,4000,326848,755310
8203,5556,128283,49333,5148,325529,523941
4962,4611,139956,48278,5870,279968,485293
9833,6148,249499,89037,3833,1368232,1728731
8926,4851,341042,72556,3500,1404540,1838175
5055,4333,435455,64148,3760,1361256,1876396
9629,6185,176220,41648,3611,299611,538978
6074,4278,200281,95259,3611,1352413,1664676
8110,4815,285306,50463,5759,1410129,1766730
9259,6278,357608,57704,6018,275073,713922
5592,4463,141817,72833,5630,380828,613052
6777,4018,153416,51481,5482,281063,504367
5592,3796,245236,37889,5352,1473772,1774508
4685,3888,333613,57759,6241,1403710,1812008
5444,4167,415637,46796,6389,287025,767459
8759,5593,198883,72981,6149,284298,579238
7296,5093,205315,66815,3981,1478027,1768583
9333,5982,291283,60167,3445,1468372,1841897
4907,4222,387086,40019,5240,311262,754699
8815,5240,180425,42315,3908,333016,575756
9537,7074,210412,64463,3630,1342948,1640120
5259,4055,273159,45241,6204,1440756,1776675
7925,4667,352480,47889,6574,1362843,1784323
9296,5574,133837,44500,5777,379679,580737
9740,5241,158380,40852,6129,371524,594515
6870,5130,273534,66055,3852,1454511,1812027
6407,4444,324614,58167,3981,259271,658885
5759,4889,2059698,72371,3815,1436762,3585998
5630,4314,328816,108186,3555,1344896,1798101
5092,4833,245613,65870,3519,1354951,1681953
5500,4537,295582,34759,5056,1439648,1787527
7463,6315,379773,48981,5537,1407920,1858008
5129,4722,144593,46667,6445,1395842,1605731
9037,5574,189173,95278,4074,2026832,2332061
6314,4556,271031,57370,6148,1536033,1884304
5444,4240,356148,67889,4223,259422,699940
5166,3815,140117,42407,5352,305788,504294
7685,5129,145159,56426,3593,289245,508849
4277,3796,244703,45240,6167,1447899,1755582
7296,5185,368838,37112,5574,1468966,1894638
6481,4426,419159,38722,5037,273170,748959
6555,4797,165608,35797,4981,1395197,1614935
10481,5926,222114,93241,3889,1315784,1654102
6722,4537,125046,44296,5352,312062,500145
6888,4908,388385,68352,4075,1402510,1877915
7815,5574,151650,36407,5241,306995,516257
6315,4537,183878,56945,3907,1493352,1751027
5815,4352,312736,64648,3926,1367142,1761435
7296,3945,398001,69223,3815,1413765,1899119
7148,4889,166525,42148,3797,298934,526127
5148,3963,172124,64185,4130,1437162,1689065
5925,4352,280963,65778,3574,1397323,1760860
7592,5092,328488,44556,6315,382693,777403
5462,4241,413234,57130,5630,1491365,1978914
4407,4333,162073,84667,3685,1497343,1758157
4537,4592,210153,42575,5481,1430800,1701009
4963,4407,296271,44388,5167,213949,570849
4148,4592,477869,42315,4000,269034,803625
4111,4444,158763,48444,5926,246661,471090
7869,5223,174213,55704,5963,224191,476608
7074,4889,263423,55277,5593,248018,586312
9629,7518,346263,66666,4389,1438320,1874804
6574,4463,152416,42222,5296,376525,590367
5240,4537,157199,49834,6463,1443272,1668342
7074,5092,234076,50222,6760,1336618,1641991
8741,5518,316656,56797,6277,257396,653423
7277,4907,411125,45426,6130,1510067,1987618
4944,4314,131612,53389,4870,311534,513311
5110,3704,225136,44778,6426,1386280,1673546
8667,5870,375568,39704,5519,310797,748848
4759,4352,383722,50352,6778,1405433,1857138
4425,3760,147209,50444,4185,265881,477997
6833,5185,179308,45148,6056,1464868,1709046
4796,4556,121850,56722,3704,299999,493294
4981,3982,353893,35760,4592,307028,711848
4352,4092,693401,59314,4038,1446012,2214006
5370,4203,143035,45129,6686,366888,574145
5833,4611,288041,36481,5315,1352227,1694805
7999,5130,326547,48314,6167,1389277,1786008
5796,4444,452053,45833,5260,1470843,1986618
6703,4833,128169,55315,3870,318292,519849
4925,4093,213045,50093,5129,1404297,1683731
4610,4685,300422,57556,5944,1378402,1753638
7388,4630,380001,43982,4463,320383,763477
6315,4314,144415,49185,6444,1460928,1674139
5981,5037,173661,42037,4000,355799,588793
6778,5074,260167,36166,4760,1405341,1720935
4907,4185,362192,37944,3593,313786,728644
7481,4981,136345,44241,5333,312393,512756
6018,4741,168628,32148,5093,297609,515960
10111,5963,235949,59537,5852,1370152,1690750
7574,5018,320808,34870,5926,1388238,1764342
5888,4778,409220,48260,6444,1488268,1965488
7185,4963,132911,39870,5426,301753,494164
9092,6129,206529,38722,5148,1360259,1627787
6222,4278,300553,48389,6240,361351,728885
9185,5185,428689,71018,3982,1350208,1870193
6222,4759,128731,87278,3463,283859,517053
6093,4426,179792,50296,5982,1542345,1791712
6110,3833,261650,37204,5315,1417155,1733693
8481,4519,350119,47444,4852,394599,812644
4352,4370,162143,43204,6778,340428,563886
5296,4018,144723,44389,6481,334034,541015
4685,3759,801712,55407,6482,308855,1183382
8110,5000,317105,39889,5704,1427847,1806230
4704,4037,411852,52833,5500,1371082,1852045
6610,4852,127987,66334,3870,1581021,1793249
5222,3852,298234,46204,5722,383780,745033
5870,4148,330351,74278,4000,1478323,1898934
6814,4704,913617,54130,3722,309783,1296381
10203,6537,161344,37815,5000,313560,536515
6721,5056,850721,48685,28556,341919,1284381
7463,4574,262355,47593,6333,292623,623700
5425,4222,371362,49148,4574,301097,737533
8704,5518,145571,42111,6463,1521290,1731250
8740,5315,141539,44760,5648,337180,545219
8518,4722,241119,37463,5075,314765,614441
7055,5111,319384,47112,6370,336352,723662
10037,6203,415910,43000,5370,329383,811718
8055,5389,127359,48000,5334,284471,480627
7481,4963,218124,100630,3925,1370811,1708601
7315,4852,288222,39093,5426,299811,647330
6037,4500,432451,71092,4000,1498371,2018248
4648,4333,138827,41037,3685,308134,502312
10110,5667,174629,42148,5148,1406899,1646731
6388,5019,268801,43019,4963,1322022,1652175
6833,5074,356752,42408,5203,372299,791107
6018,5574,129183,42408,5018,286481,477257
6018,4148,150411,55037,6056,261827,486164
6240,4685,248751,102796,4130,1318813,1687564
5463,4259,321738,37778,5185,288295,664737
9389,6074,490115,39055,4797,266213,818329
7888,5389,184231,80056,3630,229395,513867
7462,5611,239626,62704,3407,1499271,1819841
5814,4408,290594,51722,6704,1604283,1966100
4722,3870,382619,48111,6815,1412518,1861267
7648,4703,146291,35815,5334,320113,521960
5592,4463,172963,52908,5592,1745284,1988970
6815,4889,1059360,52667,6629,399187,1531251
5241,4444,358272,46519,5685,313501,735626
10869,5889,468519,44685,6834,370957,909791
7074,4574,577969,47982,6500,340525,987606
6185,5055,230179,37148,5407,1404701,1691935
6832,4556,1862465,35408,5389,349836,2267301
6000,4537,410338,53111,5537,288713,770199
9111,5740,124881,47019,5722,1890033,2085025
6240,4463,202794,42407,5741,209851,473515
8926,5833,287763,45389,5889,279974,635848
6407,4333,380380,36334,4981,1432961,1867341
5536,4315,157145,81222,3945,238685,492849
7500,4944,209188,68000,3556,1396876,1692731
5463,4444,261749,55352,5889,209174,543812
10703,5630,342903,35334,5018,296093,698163
5963,4648,149483,45352,5500,371254,584849
4444,4981,142396,46389,5500,355212,560552
4462,4130,233290,44315,5630,1444144,1737656
9666,5722,417927,45315,6759,319198,806662
6148,4907,405877,46463,6260,315377,787051
7203,4926,195123,39018,4334,273300,525830
6203,4611,200888,44537,5611,1438288,1702934
5981,4574,291098,41297,5000,1460891,1811582
8778,5629,374437,42130,4963,1339960,1778046
6740,4963,179313,42167,3889,229943,469682
5592,4592,196004,41408,5777,1445283,1701786
8277,4759,280622,67815,3592,1345739,1713583
5018,4926,372738,41500,5389,1377418,1808990
6296,4611,128762,42852,6518,304458,495145
5759,3963,165453,41148,7352,1449833,1675213
4573,3871,271274,93055,4093,1303475,1681990
8426,5611,331613,54667,5630,281678,689644
6092,4463,186693,57037,6723,304970,567682
10185,5759,201144,46314,5945,308631,580330
6055,4037,215408,75186,3870,1404267,1711324
8481,5722,293804,44352,6092,1356465,1718120
9204,6259,416142,44371,6685,1473402,1958156
5870,4204,125777,82500,3889,2101524,2326172
5147,3778,212209,45056,6222,1369652,1644620
9240,5834,293697,71463,3611,2015011,2401264
5296,4371,352314,46000,5314,316182,731904
9518,5797,470764,35000,4630,1922592,2450838
9240,5500,135529,58871,6574,276857,494590
9129,6445,224997,53001,5703,271499,573145
8833,5833,314597,66537,4352,1420448,1822638
6907,4889,406695,42852,5130,235430,704719
7758,4297,127830,51277,5630,322667,521552
6148,4555,199780,65371,3592,1510284,1791619
5962,4204,289416,35611,4685,1485796,1828415
8444,5315,375199,46093,4574,1483641,1925711
7185,4944,160983,45685,5704,296199,523256
5999,4519,169099,43630,6556,1482631,1714582
9407,6000,251124,63464,3629,231317,567367
8277,5611,344723,45537,5593,339884,752107
9573,5852,150210,33000,5500,308139,514886
5444,3982,142030,52093,5592,421188,632311
8499,5333,224833,66093,3796,234942,545571
9777,6389,322950,52667,5241,279824,678904
10443,5371,498289,48519,4815,239169,808532
8370,5592,128109,44723,5907,335184,529904
9389,6222,233504,51926,6259,1451634,1761268
9185,6000,282510,47389,5315,329597,682071
5777,4407,401202,44870,5871,320053,784310
8870,6666,153818,47704,5592,277421,502071
8962,5630,181472,41296,6371,359024,604830
6685,4666,274312,68611,4426,1343531,1704287
6907,4667,126354,40315,4907,355384,540460
5314,4797,128303,45464,5833,308323,500479
9759,6315,132106,58148,6296,263114,477757
8647,5871,225204,43945,5278,1419266,1710879
8463,4963,322025,54130,6204,1506000,1904156
8537,5648,411476,41889,5889,2114509,2590578
7555,5463,229741,37537,4685,320552,608108
5759,4814,199987,49686,6741,1391855,1661342
9499,5519,298734,46852,6370,1404534,1773841
9444,6111,418370,46722,5000,336255,824310
7814,5352,160597,90000,4278,1424837,1695490
8944,5500,174196,39129,4926,309894,544645
10389,6055,270868,94982,3871,1387973,1776620
6815,4463,353670,57574,6186,1388115,1819305
9259,6352,127602,42259,6333,310433,504923
8870,6352,157404,45982,6629,362500,590016
9703,5166,265670,94185,4130,289419,671162
8203,5593,313619,44519,6389,1440777,1821434
9684,6056,401070,48204,7352,1444048,1919100
6685,4370,133705,55907,6371,278847,488460
6481,4037,197415,67000,3926,214342,495146
9074,6185,281810,44185,5167,348279,696682
11407,5963,448964,44389,3759,349327,866273
7832,5630,173136,41963,3518,352028,586496
8833,5129,165846,46741,4796,1380349,1614287
8462,5556,257259,40018,5222,1430917,1749564
6092,4056,350024,73167,4537,1413372,1853175
8740,5612,987272,38037,5315,300794,1348270
10203,5908,134405,50667,5352,423405,632200
7388,5556,222875,38240,5130,354640,635959
7815,5370,340362,43908,6592,342523,748515
9759,6685,414517,42722,6537,1442713,1925582
5592,3926,198244,42926,6537,267494,528015
4314,3870,200472,59426,4019,287321,562052
8592,5315,606701,39908,5148,399219,1067179
7593,5574,381039,49241,6148,1471431,1922989
6240,4018,293268,39074,5407,1359853,1710564
8055,5407,210773,31871,4777,1494476,1757786
7963,5314,259798,50111,6074,248218,580404
6315,3981,360989,37722,4815,1343112,1759527
10389,5592,611106,51223,6815,1572880,2260617
7796,5259,133592,36186,5074,384052,574274
5629,3908,294802,40833,5241,350564,703644
4351,3556,325623,53111,5500,1469736,1864137
11500,6129,445648,35908,4000,275903,781848
8278,5629,177801,31074,4223,294770,524034
8703,5481,199844,50871,6092,1388721,1661712
6425,4444,285795,54944,6352,293813,653903
10277,5907,383801,43907,6130,335436,787514
9296,6574,137584,40000,5426,329802,531497
8777,5871,171293,57241,3389,1411419,1660657
7703,5426,259188,36907,4760,334382,650866
9370,6000,410657,100167,4500,250820,783885
8870,6278,906683,44370,6389,294606,1269104
9519,6148,146594,44500,6185,1479915,1695028
9110,6167,263119,39129,4389,1440297,1764267
7555,4593,379273,33500,4222,289927,721107
7777,5555,408594,37278,4222,1422988,1888822
9444,6463,126543,83537,4223,1461743,1694509
5037,3907,215475,32204,5556,1442144,1706454
9074,5277,281944,35389,5019,1439972,1778638
4629,4204,376913,58334,4092,1465317,1915804
4278,3722,170381,84389,4019,361578,631052
5130,5148,167591,65018,3741,234999,483831
5352,4425,255301,42000,5130,281807,596719
6462,4260,364214,37963,4666,372134,791829
7926,5351,1254334,42000,5055,316936,1634046
10314,6871,141910,51982,6111,297809,517071
5777,4482,226268,55519,6278,1941959,2242598
7111,5055,312664,45907,5797,1437807,1816434
9296,6592,485762,38760,4426,288899,836551
8333,5241,218434,43185,7055,228563,513441
6555,4278,211458,42389,5000,474927,747292
8111,5870,280427,46130,6111,281717,632089
8666,5389,368137,39148,5537,1461927,1890823
6426,4870,125827,39556,4574,324503,508146
6704,4426,171722,55537,3574,1436935,1681269
9407,6222,258062,52222,6204,309490,643959
5259,4277,155716,41666,6260,331059,546589
5481,4463,127832,55630,6018,370979,573145
10481,6129,639562,53018,5889,320618,1038364
6166,4278,1238087,39278,5778,1551192,2848261
5092,4611,318128,56426,5963,346220,738478
8814,5889,399208,43926,5685,318177,783940
5629,4297,173917,39129,5426,293488,524330
6832,4315,195256,50778,7093,1462882,1729619
4666,3870,288410,45834,5648,1376080,1726471
9018,5537,418102,76834,4129,285523,802033
5926,3981,160959,44778,5296,370890,594589
7240,5129,165150,46760,6518,345717,578848
9740,6240,247527,46203,5612,1471556,1789248
4648,4074,384866,42407,6463,1421124,1866082
8555,5667,447353,94889,4056,1310117,1872804
9222,6296,132451,41500,5648,303120,500386
5647,4537,246679,47315,6111,1447200,1760360
4870,4426,314333,56223,6444,1478897,1867267
11055,6296,379932,47889,5352,497822,951309
6092,4333,172993,38833,5074,343467,573460
7851,5222,238814,63148,3852,1344214,1665546
9611,6111,285616,42500,4333,1449485,1799731
9055,5629,418567,63055,3686,1364941,1866989
8925,6000,161627,32167,5111,1474233,1690231
8703,5852,171188,41148,4908,276123,510349
8092,5426,256750,47537,5963,296802,622589
9444,5370,334793,36222,4963,1273105,1666009
9241,6444,425484,56815,6926,1386394,1893915
8389,5425,152879,45204,6370,1381260,1602139
7629,5333,239385,96259,4093,1321013,1676453
7093,4481,309835,48815,6426,1314007,1692750
4758,4223,404340,45500,6760,1384889,1852637
9463,6518,887107,74278,4000,1324269,2308042
4704,3833,196667,54870,6260,248830,517757
8259,5185,518210,51278,5815,433654,1024290
8777,5500,412346,47296,4519,298594,779125
9018,5556,165184,46722,4519,311053,544738
9388,6926,157782,68538,4037,1420893,1670194
5463,4074,254363,41240,5537,1494535,1807879
9129,5481,352073,45481,5889,372479,792958
9500,6740,1316174,62296,3926,1386477,2787651
6388,4371,133435,50296,5519,1503481,1705953
5999,3982,223978,36834,5370,325592,603756
9592,6704,999209,49814,5889,362654,1436214
8907,6537,652361,50112,4889,1402385,2127877
8147,5463,127903,70649,3944,331520,550126
9925,6426,196335,46611,5185,290606,557441
7184,5074,287990,54444,6130,312229,675255
9000,6129,434848,44278,6481,1458567,1961545
4999,3871,130111,49575,6148,363496,560774
5130,3814,180451,47593,4815,359397,603515
10036,6278,246642,56611,4278,240725,567237
5351,4537,341723,43648,5648,1421582,1824915
9796,6685,445747,46278,6537,1668407,2185988
5944,3870,133955,43741,5260,318115,513515
8037,5463,222036,44463,5703,246091,534145
9222,6222,331412,44722,6574,374787,776218
8630,5333,407585,41944,5130,1360497,1831694
7944,4351,130294,74019,4055,406962,629959
5129,4074,210911,45648,6352,1350025,1624657
4221,3649,147009,45833,6130,413339,622237
8185,5981,383368,43926,6333,1449881,1900341
9629,5592,137447,43408,6277,319328,523923
8166,5741,159989,57019,6556,1487722,1727657
8185,5444,133458,47056,5611,312298,514386
5758,4093,399094,72575,4148,1506672,1994488
9592,5407,159415,31185,5093,386397,599571
8055,6019,136402,43851,5352,328725,531423
7130,4796,500130,47649,5592,1278174,1845730
5148,3870,359062,44296,5408,257915,678107
7000,4685,415105,42593,5796,1461125,1938915
8944,5314,190666,56186,4129,1489528,1756823
4573,3870,193783,50167,5148,1371245,1631675
9074,5833,292048,43704,5482,1346108,1704268
8907,5334,382776,38093,4889,1400490,1843897
5926,4259,151319,51630,6518,281419,503775
5537,3963,164861,70593,4296,1383518,1634861
7796,5333,250645,59908,3704,1373789,1703323
10518,6037,336466,44352,5204,1441523,1845989
8185,5444,1157659,51426,6186,1266844,2498356
4796,4426,160292,44944,6815,318186,541701
5778,4166,230354,55074,5963,1502358,1805694
9425,6241,304508,37278,5092,1480889,1846063
8499,5260,396495,43852,5556,335574,797736
9444,6908,186982,74167,6537,1473767,1760527
8963,4926,232377,75037,4111,1349410,1677713
9740,5259,283383,56445,4166,237910,599570
5629,4111,442242,32592,5371,368235,860551
8203,5926,158153,37723,5148,1382504,1600250
5203,4074,163975,39611,4944,1424294,1644380
8907,5037,246869,38130,4944,1440213,1746267
4999,3759,342894,48982,5518,1446262,1854674
10685,6555,1022920,50778,5241,351331,1449584
8333,5704,731295,47926,6574,1515618,2317487
5629,3778,544597,39870,5093,383379,984791
9389,6166,356751,40796,4686,341596,761718
8000,5296,404312,44444,5463,234258,704737
5537,4796,152947,50648,5778,364753,587237
9592,5296,800269,39741,5704,1283107,2146136
4481,3981,282070,84056,4185,1480994,1862119
4629,3760,1411819,41315,5703,1388091,2857280
9110,6204,120489,49037,5352,332656,524774
5611,3796,1359608,42297,6148,226475,1646620
4407,3870,266112,38055,5223,1466396,1786415
8889,5944,338044,40704,4907,359193,759570
4944,3889,431198,65278,3907,1649845,2162413
10203,5870,128592,44241,5722,302627,499200
5629,4352,266542,87556,3889,1288022,1658324
9888,6222,349086,87648,3463,211652,670200
8110,5370,437944,72537,3352,1463582,1993247
10573,5945,180874,50019,5463,261123,516515
9000,6129,186195,41223,5388,1378926,1629509
6148,4222,280164,59760,3555,1406104,1762231
9425,6630,364133,46148,5333,333659,767143
8833,4907,176083,49722,6908,301747,549793
8018,5241,187811,47611,6482,310297,567127
5277,4037,256928,50649,5907,1442302,1768564
4722,3907,340934,44315,6574,1403037,1805564
11518,5926,973016,38722,5519,313236,1349548
5647,4334,133445,47222,6074,277534,476256
9536,6167,241173,86371,3963,1319835,1669157
4888,3944,319291,57297,3796,294705,686329
8277,5241,401907,44149,5888,1341230,1809397
8536,5334,158820,88797,4055,1425948,1693694
7500,5611,205530,91315,3870,1382830,1698712
4926,3962,280796,42759,5982,1366991,1707416
11777,6259,376505,91760,4037,1351947,1845100
6629,4537,318585,32056,5944,1454775,1826138
7147,4796,159998,57908,3944,1984767,2220690
9647,6426,242763,46112,6611,1394468,1708175
10388,5648,426621,38056,5852,291633,780254
7407,5315,132682,41148,5092,312371,506108
6685,4445,137243,43092,5167,1836060,2034822
5962,4537,260694,70908,3537,1390370,1738842
5481,4037,316330,58129,5926,1915491,2307450
9203,5982,408965,45537,6815,1343395,1822305
7444,5537,201767,50482,5481,269378,542090
9592,6556,224087,66686,4407,1360440,1674935
6074,3815,285648,36741,5111,1475971,1815490
4240,3889,413711,61315,3870,1428316,1917378
7555,4592,186272,43055,3741,263337,511145
9722,6500,179703,63426,3648,1379917,1645713
7610,4871,295135,93482,3666,1277207,1684434
9222,6074,356697,69981,3556,1470070,1918026
8574,5537,422239,47241,6223,357570,850032
9610,6648,144634,35963,5130,1471949,1676583
6111,4703,228566,35704,4907,1368129,1650509
8999,6019,347072,66074,3852,1384547,1819878
7648,5148,412096,45241,7259,1345505,1825360
8574,5425,176880,44148,4259,276618,518645
7648,4759,189904,55407,3426,1488012,1751564
7852,5407,276225,52759,4593,1345710,1694602
5592,4481,367620,40056,4851,1344019,1768897
9870,6667,184125,51222,6593,273446,534386
6648,4648,184501,105500,3907,295570,603330
9074,6556,291507,89907,3741,241008,644552
5055,4612,347735,55611,3982,1474050,1893304
8185,5130,470482,36537,5296,1424136,1951915
8703,5240,132821,47241,4722,367787,569867
9351,5945,253474,99556,4093,1351015,1725897
5333,4259,401851,29445,5092,1445434,1893415
6778,4833,610135,55352,3982,324470,1008272
10518,6388,124400,62926,3981,315987,526848
8129,5593,224516,45204,6871,1401103,1693805
8999,5833,271486,54093,6203,297196,646181
8815,6555,438844,43815,5333,376244,882106
8741,5111,130922,35797,3703,381056,567979
5667,3926,160650,47852,5686,479437,705145
8129,5500,242694,37111,5000,318599,619792
5278,5074,337681,34815,4741,330870,720904
9074,4981,1580024,42944,5371,409205,2053581
9240,6500,133822,38889,4593,378248,573941
5444,3926,221624,48796,7334,329205,618441
4314,3889,361446,45259,6426,324032,747718
9870,5278,402710,49889,6482,1305390,1781712
9314,6815,144809,81389,4092,286244,535386
5425,4056,197110,46593,6093,287015,548311
7463,5333,281839,41722,5426,368916,713552
9611,5500,370400,52760,5018,1335423,1781545
6370,4259,151684,69667,5296,1490510,1731305
9425,6445,160282,54981,3445,276789,514052
8259,5592,269288,78278,4093,1373405,1741212
8074,5111,355683,30945,5000,1472065,1879304
9092,6482,1651006,44797,10963,316963,2041544
5277,3945,149805,33185,5334,411339,611422
7759,5093,263070,70463,3686,1388567,1740694
5388,3759,329281,30333,4870,311661,687274
9630,6592,398694,41185,4945,294876,757959
7407,5500,164032,97797,3777,1387773,1668731
5925,5204,212668,94278,3592,269847,594885
9981,4834,319100,62667,3462,1447001,1849508
11147,5908,381791,70278,3667,298352,773514
8425,5370,161093,44352,6074,1473712,1701416
9444,6703,153821,43037,5574,1389374,1610472
7574,4555,246586,46463,5574,1504978,1818045
8573,6148,1094076,51741,3481,408619,1575231
5703,4556,697080,42334,5092,378117,1134938
9111,6074,183122,45685,6722,304523,557590
10795,6056,236442,43945,6259,1443288,1749360
5629,4093,330448,90593,4093,1289041,1727305
9426,6204,501973,50241,6852,1447459,2024507
5592,3981,144757,38926,5351,317056,517812
5185,4241,195836,46093,5407,1488450,1747379
8481,5611,281027,43112,5092,270710,616015
4481,4463,436237,49204,4667,285702,786736
10537,6518,147594,36241,5111,311162,519738
11000,5722,150007,42464,5240,424008,640793
9203,6593,242458,49037,5574,1409699,1724953
7666,5204,426575,42537,4056,318624,807125
8426,6092,421619,42981,3685,1321242,1806749
9870,5130,125401,55093,3685,370910,572441
7037,4852,224722,44166,5408,2063727,2352116
7685,5500,325468,43149,6463,1435354,1826397
5907,3889,419863,49223,6629,288243,776236
9759,5389,198499,56203,4093,217035,493034
9425,6315,188319,46796,5926,1431227,1690156
5203,3963,317177,91741,3926,1276869,1701046
9555,5981,420776,74612,3537,225053,742088
10092,6074,141225,47574,6315,425067,639070
5111,4370,174657,96334,3889,277783,564348
9333,5352,243330,50648,4741,1322549,1639120
9425,6204,346262,37556,6629,1430579,1838989
9129,5648,419471,39167,5519,276746,757736
4981,4074,130606,76352,3834,1342977,1564824
9406,6167,227057,45019,5444,1437341,1733045
6111,4389,333581,42334,5370,326303,720663
8518,5129,388829,51944,5463,325241,787125
9426,6074,192833,80686,4092,348830,643922
8370,5296,184488,50963,5333,443824,700015
8277,5500,310753,89889,3778,1817642,2238024
11388,5704,358111,59833,7204,243459,688533
8610,6093,321524,46759,6296,1367318,1760082
6963,4111,180974,72074,3981,1430443,1700657
9203,5592,246814,38000,5222,285757,592755
9555,5740,350338,34537,4852,1503151,1910359
7518,5056,127084,46741,5888,344710,539886
7629,5148,145516,72259,4055,1463068,1700249
8758,5834,212503,58129,6686,366974,661014
10833,6092,298620,41186,5314,344506,709088
8055,5445,406793,41796,5426,1356808,1826934
8721,5963,221762,32426,5259,1424710,1701212
4630,3777,189693,53593,5611,1452408,1713213
9333,6019,271439,48112,6388,1405365,1748935
8407,5426,359631,42759,6185,1465988,1890637
5389,4129,174859,47148,5370,277713,517405
8074,5241,154512,51741,5667,1414755,1642695
5610,4204,244518,61482,6370,1397509,1722027
9241,6000,375339,44482,6055,355082,798366
9018,6204,418956,43686,4148,1380162,1864489
5444,4777,129740,37296,5185,377554,562774
6629,4074,216134,44519,5370,1376116,1655342
4296,3685,306048,46908,5629,348133,717904
10055,6833,410276,43593,6592,321738,801588
8092,5203,168837,41574,6537,330179,562793
6167,3648,187102,42277,5426,407321,654774
7481,5130,272904,44630,5592,1453252,1791323
9629,6129,358577,50667,6611,1462172,1895859
9666,6630,156434,47759,5778,293174,521849
6351,4130,154810,49370,6334,1399569,1623212
8110,5500,239854,43389,6222,1421470,1726730
8685,5500,409693,63574,4167,1472555,1966193
8018,5055,422292,59426,3389,287667,788569
9129,5074,129353,48240,6852,330793,532164
5222,4037,216895,64722,3704,2183665,2480838
52777,4556,256438,57797,6778,1515717,1896452
5648,4426,124092,43092,6556,1392714,1578769
10370,6371,158449,83389,4278,298103,562886
7907,5278,197363,94222,4111,1388905,1699787
8425,5352,268424,56112,6463,228738,575756
7759,5241,401078,92816,3962,204510,717385
10259,5944,162251,31092,5260,1469147,1685842
8593,5481,1218370,41574,5537,381306,1662917
8815,6129,241837,43185,5204,210068,517238
6184,4686,822325,41685,4944,313724,1196234
9295,5204,418071,45907,6908,1359918,1847433
9407,6778,123835,39537,3926,319199,505182
8962,6519,209211,55797,3815,1511166,1798026
7462,4667,301606,43982,5370,1441939,1807508
10444,6148,387594,60241,7537,248828,722903
7425,5333,213285,43889,6648,297379,576496
7759,5333,189513,48204,6518,1410774,1670657
7814,5296,335130,95778,4074,239107,689588
11851,6019,436580,49871,4722,312748,824366
4870,4537,160623,38111,5166,1386832,1603713
9666,6185,149832,51130,4796,1412066,1636639
5018,4649,245708,38296,4667,356140,656793
5889,4370,353603,70741,3889,384096,825107
9481,6556,417480,35037,5259,1444231,1920452
7592,5296,159763,99296,4001,236548,514997
8833,5796,209417,44500,6723,1400017,1677620
7518,4333,301645,59723,6926,353665,736199
11295,5667,385651,48704,6389,1459523,1919544
6889,4981,188657,45166,6667,297174,551534
5833,4130,200070,34759,5407,348353,601145
6036,4408,274149,50001,4500,1409080,1750341
9537,5240,403230,44297,4463,318210,787051
5129,4759,147976,42908,6315,304447,513571
6370,4666,180482,77445,4111,1406471,1681583
12000,6240,359878,43092,4778,361489,789774
7648,5703,404124,36074,5000,334168,795143
4685,4463,1077539,43981,5056,1362243,2500097
8425,5815,128561,45759,4685,368010,563478
10685,6092,223604,44130,6907,387522,681663
5703,4538,561128,47075,6314,358329,985143
7980,5352,426876,80574,4037,1397817,1925618
7000,4704,476418,56333,3574,1369719,1920082
6018,4481,183924,108148,3630,1349511,1657768
6500,4481,1100080,36648,5000,341264,1495936
9870,6889,398046,46278,4815,350338,818699
7092,4889,128867,82944,3815,293186,522923
7592,4166,151706,37556,5463,291513,499997
6240,4482,242545,49741,6704,305821,617700
9240,6482,348755,41296,5148,1419753,1833230
5296,4537,460261,51778,6370,360956,891791
10814,6407,131451,45556,6111,326694,529496
9499,6408,206623,52778,5556,296836,580256
9259,5648,295167,37185,5222,1349990,1704712
5333,3944,391969,68278,4945,241693,718162
11111,6277,160308,47760,5852,425355,659348
7480,5241,180944,58481,3834,1505102,1764286
9555,6260,266468,46481,5686,375713,712552
8129,5277,356086,57296,6352,1439571,1875267
8796,5629,143498,66760,4981,303258,535441
5759,4370,153022,55760,3388,322179,547386
8203,5481,236473,41630,5778,1437295,1737323
8999,5723,368849,88982,4185,216554,695274
8499,5037,456041,68407,3760,1433485,1977840
5221,4000,126861,51444,7760,1500463,1697842
7759,5389,256440,72482,4018,1419772,1767916
7704,5907,304502,55278,6000,1362414,1745250
9499,5982,384971,38815,5333,1469425,1916044
8555,6037,195772,46389,5593,242206,507034
5703,4722,196390,36482,5148,1389064,1640139
6407,4481,530563,35296,4945,1552906,2136913
6241,4426,359790,37278,4741,1401995,1817008
4296,3889,177703,51444,6482,232405,478479
9796,6499,144506,49185,5778,1450837,1669157
4741,3814,770883,38797,5370,349888,1175734
9333,5463,329258,60130,6241,350459,763570
4963,3907,689117,44000,5703,1591092,2342209
5166,4019,173936,68685,4130,392227,650182
4166,3630,613535,32204,5296,1256676,1918230
4833,3778,309448,54167,4574,352992,732514
11036,5723,381602,67667,4629,1382554,1855656
8463,5500,174256,84296,3889,305111,584201
8721,5371,180502,60445,6796,1448988,1713397
10055,5297,266397,55445,5981,254747,600386
9648,6167,371625,46889,4241,323518,764607
8277,5241,183705,67204,5370,281255,553774
5851,4037,153526,37463,5037,1509594,1718212
5240,3574,245994,46297,5166,1448699,1758712
4555,3648,374093,42982,6648,303088,737051
9962,6945,413210,47982,5352,1442797,1928248
8647,6019,172382,40926,5222,286596,522441
5888,3760,253592,64648,4018,1323566,1657546
9184,5963,294117,36648,4852,320454,673144
5018,3796,390826,40075,5055,1391126,1838212
8074,5444,156387,52149,6277,372443,602812
10055,5686,174855,43056,4667,333641,573923
5629,4556,269436,55648,3463,1490405,1831342
4852,3611,361219,42593,5574,296165,716385
7426,5611,159558,34556,4963,1466191,1680805
6685,4037,158323,49167,6333,384044,611071
7499,5352,236793,37055,5074,1508549,1802675
5259,4426,384835,48982,4704,331752,782310
7555,5407,414120,55685,6315,1511610,2003025
9981,5722,164273,36426,7130,305817,532145
4759,4889,218445,43685,5537,1751210,2030840
7963,5370,318526,45944,6297,1317724,1704231
5907,4055,438217,44037,5926,1404050,1905322
8944,5574,129518,53038,5759,334645,539923
8370,5259,640507,37055,5296,393450,1091919
7981,5889,264419,48130,6296,324373,659441
6481,4426,838296,63426,3741,360733,1279715
5611,3648,164023,85500,4019,248826,514016
8610,5315,149122,34333,4667,1471350,1676379
4999,3852,242609,38926,5185,356424,654125
6073,4278,328097,50944,5519,1443078,1840248
9518,5611,695900,66445,5814,353113,1138383
9148,6167,144163,44352,5648,265945,477923
5185,4000,253003,41555,6704,1460302,1773397
9536,5500,333157,40889,5185,1316056,1713971
10277,5630,433755,74167,4167,291351,822014
6926,5185,167872,81537,4296,248700,517368
10833,6259,174026,69426,3852,690931,957995
9814,5760,264291,40148,4963,280427,607867
9703,5500,360186,50685,5519,365865,799717
5981,3944,162951,47778,6426,298528,528441
9222,5685,145141,44926,6371,297077,510775
9518,6296,233315,45278,4166,1411435,1712120
10241,5981,323802,54796,3445,336027,736903
5055,3777,419382,43667,5333,291984,771532
4647,3889,172554,90186,3851,310165,587552
8370,5333,214467,56834,6222,1366727,1660027
11315,6074,311899,76815,3926,432781,844551
5518,4241,412331,45722,5186,286442,761848
9295,6278,128336,45167,5630,312550,509163
4777,4000,226527,46760,6648,1455166,1746508
10444,5851,262275,48611,7741,1447826,1785286
6222,5222,414595,54426,4000,310382,797458
7814,5370,365083,75018,3500,1506944,1966451
5407,4019,150939,34297,4741,357242,559479
10925,5796,232890,57945,5944,1406823,1723453
8592,5519,324359,38926,5389,1349353,1734824
9444,6555,410180,46074,5871,301982,782458
9221,6482,131759,56593,5666,1959655,2172024
8833,5000,206783,56278,6296,248362,534256
4925,3963,298604,65297,3796,2069993,2448745
9814,6334,381721,41815,4593,1419397,1866082
8573,5074,132949,82741,4130,379306,615607
8870,5092,175326,40592,4500,1487443,1724564
4833,3741,269479,41630,5055,215832,542663
4851,4056,377226,45593,6796,1396856,1837267
9574,5833,140713,36186,5185,353172,552405
7851,4630,145923,48666,5186,352074,566293
4944,3907,279781,44426,6315,1391172,1732768
6518,4352,342305,66889,3982,1379184,1805212
8037,5704,414552,35444,5759,1374660,1846471
11333,5778,193242,48037,4815,234088,499646
6555,4519,207470,43945,4926,1371353,1640861
7944,5463,294309,42982,4518,1415903,1773563
5018,3703,397353,47093,4722,1383600,1844563
5296,4093,129839,75815,4074,1467355,1688916
8777,5574,175457,42981,4797,1393497,1633398
8074,5796,270463,63352,3870,205923,559515
5388,4111,444691,51408,5426,307711,820643
7369,4593,150900,36870,5130,1514720,1721804
4721,4186,152572,37278,4704,1434751,1640564
9777,6185,231116,48296,6741,1401319,1706175
4703,4796,343270,54778,3482,308077,721700
10203,5981,441591,81778,3907,1432120,1978285
6722,4648,124985,51685,6630,280808,477868
9129,5500,244305,44574,6667,1459925,1773341
9629,6259,299126,51538,6240,1403993,1778860
5166,3852,558669,37667,5389,270733,884106
6055,4500,170397,81889,4037,231192,500423
7759,5148,191384,34185,5963,1332570,1579583
6556,5037,267297,51297,5888,1404545,1742953
12352,5815,349063,50481,5371,1363371,1788490
5370,4611,948496,38556,5722,280033,1284937
9481,6389,143407,46575,5500,1431509,1645157
7518,4870,243432,56982,6148,1357281,1679102
7981,4500,352456,43519,5870,1413533,1830545
5204,4055,680685,43834,6370,400456,1142790
8981,5982,166856,43445,6574,283307,517516
6593,4759,210825,44260,5796,1382183,1657028
7610,4371,337480,54722,4018,399516,810217
4889,3833,398967,38111,4963,354436,807996
9333,5519,172176,34278,5203,326691,555997
10111,6852,178830,47167,5944,1432845,1684527
6333,4056,275151,44722,5945,1454746,1793490
9147,7519,372712,40778,5945,1394110,1832470
9499,6741,145403,31574,5000,295020,495256
8926,6314,149724,41630,4833,343810,557256
6499,4204,284249,64203,4019,1361241,1726731
9074,6000,387162,42240,3686,283352,733570
5314,4389,416094,52241,7426,1382562,1870711
8685,5204,164876,93945,4093,288379,567219
5777,4074,217290,58982,4130,284502,577441
4222,4852,297777,41685,5038,1439600,1795490
9629,6222,379451,38963,5315,1428742,1870434
7703,5278,135529,52852,6389,1439331,1649083
10333,5926,169369,36444,4556,470071,698533
5074,4481,266616,54815,3352,1401226,1739157
6389,4666,436678,90889,4074,199429,744237
7462,4982,144997,49315,6574,386851,602848
5315,5185,194244,79037,3852,1429246,1719268
9370,5963,253083,42500,7167,1409832,1730027
8796,5445,1062443,43889,6518,1262284,2391524
5074,4425,416077,44834,5074,1395301,1873415
5277,4315,127545,71704,3704,292933,507886
9333,6463,208884,54686,3648,294075,579645
8518,5241,297927,48741,6370,288328,657459
8370,6129,403508,82926,3982,1298093,1806730
8796,5241,150476,74259,3870,302595,548090
5778,4166,176241,37315,5074,317793,548756
4981,4426,264284,55908,5630,282916,620164
8093,5851,390328,69203,4074,1424310,1904064
9110,5408,148425,36518,5074,369628,576737
5814,4482,147190,41833,4963,1432208,1638731
8036,5333,232234,37870,4426,1484146,1774008
8814,6056,321461,44537,4612,267831,655626
6018,4112,842727,43889,5611,1283427,2187803
5296,3944,140843,44241,6722,308839,512515
4536,3760,208274,48149,6426,1434678,1709194
7370,5018,290707,42019,6203,322438,675774
9629,6352,417028,66111,3852,326393,832033
8574,5722,141811,44870,4796,344223,552330
4925,3982,194446,34315,5259,374161,619681
7870,5166,309508,111482,3926,1275001,1715101
11925,5815,346329,46333,6352,1435457,1854933
4833,3981,131445,44612,5481,295867,488664
9573,6315,141210,49538,6722,1395947,1611713
8833,5852,230309,67111,3982,1495199,1813194
9907,5148,320538,35074,4926,330125,709163
9296,6611,408617,48611,5463,1444742,1925748
6981,4315,132826,46204,4203,323430,520404
4833,4185,206925,57722,5945,313682,595737
9315,5444,295801,43371,5352,1491910,1853453
5185,5037,393473,61278,5889,302837,775699
8426,5889,142145,52408,4241,349295,564979
5759,4055,185504,41981,5315,1440950,1686101
5148,3556,268343,37500,5240,322154,644200
9573,6222,367812,45982,5852,335332,772773
7333,5278,134132,50111,6408,278735,483923
8036,5278,144452,48001,5870,1501778,1716601
10648,6018,242904,43592,6612,1350994,1663435
5610,4167,325002,58667,3907,1402729,1802304
4926,3777,128730,52037,5759,347916,544756
9555,6740,124736,91111,3981,296910,534552
9129,5426,360741,44926,5130,1460062,1888007
4796,4519,294932,43759,5797,423303,778922
9185,5852,256938,38241,4018,1494126,1810731
8833,6259,136018,44444,5538,319405,523219
8314,5185,190227,44556,5463,1441374,1697712
9555,6074,257567,40278,5389,1482089,1804156
6592,4315,430517,42445,5352,1447619,1938822
9259,5907,159893,35241,4889,1402616,1619806
8611,5074,141250,52167,7037,1414944,1631213
6018,4982,232942,37963,5277,1419826,1709157
4370,4500,325281,43500,4074,1423208,1807212
9407,6241,880418,40703,4834,293334,1237067
10889,5888,177515,35760,4037,267982,504720
6444,4167,204872,46130,5500,223754,493220
9055,6537,285563,46964,4814,1421112,1776230
5222,4296,411051,46056,5611,371944,846773
10925,6037,159427,56130,5185,297570,537700
8703,5722,168507,54796,6223,235416,482108
6981,4408,270661,56500,6370,234021,580830
8110,5259,372945,43556,6093,1408507,1846507
5666,3778,141543,42889,6704,1393818,1596732
8962,5574,163641,46704,7834,1434571,1669342
6259,4499,238703,42500,6019,1441898,1742082
5148,3815,322579,65852,4185,1473892,1877452
10907,5889,405882,107259,4389,1350478,1887415
6574,4814,128961,55945,7333,312388,518645
5888,4704,227967,52815,6074,1410357,1711638
4796,4796,308547,37092,5093,1386906,1749416
9852,5574,295571,38352,3852,415369,770663
7351,5519,159576,29834,4778,403327,613089
8741,5722,170082,49334,6833,1400760,1643917
5222,3944,285403,103704,4167,1281624,1686120
11259,5759,146650,47408,5166,287273,505516
9481,6611,140507,44852,6352,1398076,1608009
7037,4259,585014,35000,5019,293202,931180
6444,4130,233315,43334,5481,1486045,1781268
9703,6018,456619,49759,6945,353284,884958
5703,3945,670161,42963,6500,1247439,1978915
7870,5352,126129,44537,5037,328238,519960
9148,5815,208227,58056,6204,276102,565830
10870,6074,297159,37426,6667,355836,716866
8481,5797,380110,55796,4167,1470101,1926619
9444,5759,147004,37370,5426,311364,519052
8500,5703,177974,102870,3926,1418813,1719805
9518,6129,303165,90315,3666,189925,605107
5981,4333,404430,67074,3555,1380153,1867878
9610,6963,150750,34889,5278,1435759,1646009
48906,3760,126404,43074,5148,361278,590922
5648,3944,258299,99037,4037,1291562,1664583
9315,5851,341398,29574,5000,356191,749848
4666,3963,418384,41704,4926,236685,713069
8203,5185,172649,63797,3963,1397600,1654008
5777,3815,226970,42759,6797,1436464,1724879
9592,6055,324736,72815,3815,1354569,1773712
8630,5481,398964,100370,3630,1351062,1870656
7962,4926,142728,51056,3759,1410818,1623787
9536,5315,192123,96093,4000,1321553,1630657
9666,6129,302759,85908,3555,239090,650644
6055,3982,359838,51111,4741,1478039,1906285
8852,5611,473604,32000,5241,1430459,1957897
10555,5982,158405,71426,3778,1436233,1689046
5055,3889,240597,40018,5482,1373153,1670435
8573,5500,1450383,41815,5093,369013,1882452
8981,5889,404109,46240,5797,1342955,1816527
6148,3981,130706,71982,3945,258068,477368
10074,6185,237842,46315,6852,1393185,1702824
5147,3871,1195202,47963,5296,291252,1550732
8407,5407,376743,41685,5649,1405820,1846915
7166,4223,781435,40537,4722,1506866,2347635
8481,5426,169606,55055,3575,261724,506590
9166,5981,401205,41556,5092,363106,828736
9444,6297,346414,35593,4444,1471908,1876730
8814,5333,131512,38612,4537,359910,551182
4519,4018,144018,41834,5555,348608,550608
8851,5463,224098,55722,3519,1477095,1776693
10685,5944,393661,52333,6741,250002,721422
9944,5870,458833,40815,5889,1371064,1894415
8814,5630,177023,49648,6407,280845,530311
9388,6500,195937,58500,6555,212432,492016
6185,4537,336739,65111,4259,1463269,1882823
9778,5315,381800,37907,5352,286233,728996
8703,5463,160935,49075,5629,1469815,1702342
5074,4407,172330,44537,6278,251797,487164
8444,5389,256002,42167,4815,1432821,1751860
8499,5037,347138,54482,6593,332079,755551
4851,3852,136495,46482,5648,280891,481071
21833,4537,126371,44408,4833,344903,548423
8369,5315,227285,43704,5741,1392075,1685101
6648,4203,317995,39093,5444,1415903,1792934
9148,6389,402982,43296,5630,1370933,1840545
5277,3797,232691,52130,6389,1408854,1711453
9629,6019,236938,43703,6389,1447849,1752638
9666,5796,282722,37981,5352,1483787,1827248
9092,6055,375413,59722,6686,1467372,1926451
8314,5463,144752,47518,5926,307394,521997
6888,4852,563851,38444,5630,293329,915346
9592,5704,574190,47759,6445,392155,1038364
7759,5185,427455,44148,5204,318892,811181
9999,6797,937147,56741,6351,302179,1321863
8129,5315,139410,39056,6777,364198,565219
9351,5389,369380,41000,5074,404301,836514
9425,6408,313163,49574,5278,347444,733903
5277,4074,585373,47852,5612,376194,1026679
8703,5333,135341,45241,4963,400063,601663
10722,5722,1362961,72593,4851,275900,1734749
6629,4222,317631,45481,6797,1351044,1733823
6981,4796,458711,44889,6685,296247,820699
9315,6111,135734,40445,4481,374559,573349
7407,4333,169889,37444,4760,1405027,1631287
7369,5371,258358,52000,4703,1439392,1770452
9537,5944,341734,39111,5352,1372645,1776749
5833,4018,133425,37352,4963,343646,531775
5944,4796,140709,48741,6833,337288,546941
4684,3760,274751,45130,6444,1471516,1809008
8870,5648,321258,58481,6167,1472454,1875434
6555,4777,406467,104519,4389,1254671,1783711
9148,5351,153195,41796,6723,322765,541515
9147,5815,195756,58852,3963,1494956,1770638
7610,5315,286410,56871,6055,1414709,1779008
7925,5334,381157,45926,5981,1436110,1885915
8852,5500,137625,76056,4037,341575,576312
9240,6463,178390,47778,5852,1392137,1641916
7962,5204,256674,38870,6167,1430445,1747897
6500,4796,346551,45796,5722,1372699,1784749
7481,5000,132056,36741,5796,317441,506645
7759,5148,136321,54630,5685,281787,493349
6518,4630,226086,67556,3907,1399311,1710509
6129,4500,317703,41463,4704,1376194,1753027
9740,5260,402413,42722,5111,1389910,1857175
4611,4037,271641,51166,5593,369929,709607
8740,5537,212072,103241,3982,1767341,2104580
7888,5426,325875,64482,3796,1407226,1817212
9925,5481,386752,95037,3537,1351405,1854489
5888,4296,176127,38926,4185,286037,518034
9388,6148,165688,37945,4556,1822781,2048599
9648,6037,253454,54518,3445,1486036,1815712
5425,3889,348589,35704,4556,1821397,2221542
8777,6222,131261,43149,4389,317828,513589
7147,4575,136304,50426,5722,2091923,2298357
5314,3945,230736,38852,5481,1368291,1655157
9795,5834,311446,34500,4907,1422451,1791415
6222,4629,406101,43351,4723,1463777,1931137
7926,5129,182291,50500,5574,270688,524960
5111,3796,198445,56333,3519,331959,601275
5037,3796,290210,105908,4018,1352354,1763453
9759,7389,368142,59870,6482,1448384,1902600
6888,4334,125443,47407,4871,362664,553608
5166,3944,169542,65871,3685,321621,572422
5425,3833,268919,39370,4574,1406016,1730490
9074,5407,365962,66963,4148,329423,783366
5351,3760,162726,29222,5130,496918,705922
4722,3889,150083,41612,4703,414135,622663
5685,3722,236812,48574,5963,1393068,1696417
4351,3612,344577,47778,6481,364826,773922
9722,6555,401102,49204,5740,1398425,1873396
6481,4519,125310,54871,6278,297834,498220
5018,3759,215224,37722,5704,1427766,1697860
7667,5185,672731,58426,3926,436799,1186994
9111,6055,372107,59833,6519,1497919,1953878
8518,5574,207945,41222,5982,334236,605552
8036,4815,165044,41852,5500,1502965,1730323
10037,6204,265920,43259,5556,1405792,1739916
8796,5685,355685,45223,5500,1355267,1778101
8722,5240,353617,39871,10500,1502668,1923322
7148,4352,143585,35037,5037,349356,547312
4796,3982,238184,49555,6537,1370881,1676398
9425,6019,407745,43297,6259,238732,713533
6074,4352,450511,40815,6370,1373126,1883341
8999,5297,230312,38111,5167,2191618,2481597
8295,5723,198522,45981,6185,283790,551219
5315,3944,312232,97852,4444,1253851,1680176
9315,5870,377701,37944,5019,288498,726644
6852,4722,181928,79426,3926,232532,512034
5278,4574,205971,62000,3833,1395871,1679991
10518,5963,251089,56370,3815,324686,654978
8388,5370,380187,78945,3741,1368043,1847563
10592,6241,514508,38722,4871,388560,966032
7166,4815,156698,50574,5278,1479792,1706823
8129,5315,237445,43297,5611,1382360,1684583
5222,3778,332895,42667,6148,1360724,1753509
10870,6111,397753,40611,5371,321909,785644
8832,6500,147888,68834,4241,1500065,1739378
7814,5574,240727,64112,3629,1357078,1681231
9296,6092,289845,44370,5908,341781,699255
5981,3833,377166,46463,3963,416033,856106
4388,3704,181930,83093,3778,283455,562812
8610,5648,161121,46908,6315,293913,524830
6277,4297,255793,36852,4871,333554,644441
10518,6111,338151,54741,3334,1411764,1827175
6370,4371,139471,37871,5500,352451,548516
7832,5334,139699,47278,4760,422296,629551
9962,6389,219447,39407,4778,451142,733903
9907,5500,319527,55203,5482,343617,742144
6166,4463,422218,45518,5519,1478011,1964062
5962,4926,142168,42129,5149,362310,565293
5296,4019,198414,55296,3889,1420928,1690583
5536,4871,286753,37500,4556,336576,678125
9222,6537,445519,41463,5222,377198,887606
8592,5537,149561,82464,3962,382547,634589
8166,5352,164530,62648,3630,258745,505868
6222,3963,256480,108815,3778,1315361,1697138
4462,3926,401691,85370,3760,1491372,1993988
6092,4537,145381,29796,5037,334024,527423
5870,3926,138331,40204,4759,341444,536849
10759,5926,220892,42426,5000,296030,583626
4425,3834,315546,42334,4981,272783,646515
8667,5425,400442,56889,5574,1491103,1970008
9222,5926,131614,63166,3926,318921,535534
11018,6278,189508,44630,5407,1439093,1698898
4981,4000,327774,43445,6537,1352642,1741749
4148,3648,374909,43593,6111,337253,772032
4388,3630,153211,35444,5408,298267,503145
10685,6037,160087,39223,5537,1442273,1666435
8462,5593,251797,46148,4759,1358564,1677750
4537,3741,344210,36778,5222,1416057,1812971
5000,3907,541235,53630,5593,401555,1013013
10333,6203,172315,74796,3963,1492768,1763082
4332,3852,227283,42075,4777,1358948,1643416
9666,6130,323418,42815,5908,1455644,1845600
9518,5370,1212020,37981,4648,287787,1559232
10259,5074,197393,51315,5759,291011,563219
8741,6351,191751,47537,6223,464596,727941
8240,5259,321535,70315,4018,1495769,1908526
6129,3889,381929,44963,4593,278177,721958
10666,6000,152490,48315,5704,282303,507608
8685,6259,179885,47241,5445,372592,622589
5203,3852,255725,46500,5407,1493080,1812508
9111,6000,342545,38556,5222,395987,799736
8592,5000,864386,49685,6778,387569,1324751
4703,4630,158575,45482,6259,337514,559256
8685,5407,245156,45833,6648,1433057,1746805
9721,6278,933181,44260,5907,1278750,2280727
5944,4333,418001,39704,5333,1382414,1859211
9166,6019,179598,30223,5092,292251,524294
7796,5204,201567,43019,4129,1447627,1711990
8222,5352,287758,42204,4889,318663,669367
9796,5777,374876,48796,4667,1446410,1892304
8240,5537,164511,36333,5130,1485165,1707212
6999,4963,171572,47537,4945,388517,627015
9610,6593,285856,71407,3797,2024371,2403856
7481,4759,425585,37907,4074,322578,804792
6573,4593,131775,43796,5019,289037,483034
9389,6629,132503,59408,5703,341476,557794
6148,4296,225935,37833,5204,1348000,1630861
6148,4037,313792,49574,5519,201278,582960
5778,4222,410335,45130,4982,1362783,1835360
9573,6519,124100,48593,6000,294434,491923
6759,4852,192772,36001,4740,292910,540404
10147,5963,276779,34500,4815,1335489,1670268
5610,3982,373359,44222,5333,1370427,1805711
8592,6222,189013,45759,6852,233207,492182
5999,4630,172055,39852,4852,1432176,1661898
10944,6019,296987,70574,4093,1409169,1800156
9203,6111,387827,87111,3889,282243,778218
5667,4018,1035001,35352,6092,342269,1430918
4463,3759,145745,42741,4889,371937,575960
5240,3555,228011,41870,5463,267153,553645
9555,5981,308609,37167,4833,1370548,1738990
8647,6667,396707,47001,5703,1348949,1816119
8018,5389,132343,44889,3944,405302,602423
10055,6297,190366,45204,5889,1440142,1700139
8444,5852,276614,35963,4833,1474357,1808379
8722,5778,373731,44241,6518,1405333,1846342
7462,5260,149569,38352,5334,362093,570145
10759,6148,159872,50296,5482,1461081,1696083
5555,4296,252119,38629,5149,2054664,2362653
5000,3703,389143,40334,4537,336519,781588
10721,6778,1484022,41204,4481,346912,1896618
9370,5500,131098,35574,4593,359861,548497
8981,5759,218753,45703,5223,1527903,1814637
7592,5056,308444,45852,5870,1408768,1783897
4685,3796,173246,51185,6223,1450318,1691805
9703,6296,131326,63593,5092,322672,541238
5907,4351,589185,43315,5259,363217,1013235
9629,6426,273782,44444,6778,1407819,1751638
5537,4222,147639,38389,5723,330116,534275
9351,5500,183090,44944,6593,301370,553404
8425,5222,160855,55945,6333,289513,529145
6630,4351,1254827,40518,5463,328350,1642787
6203,4352,350663,44741,4889,1406511,1819378
9703,5574,433799,71889,3797,1481059,2008155
5185,4407,143267,37908,4778,316341,514294
9555,6296,225310,44500,5463,1454847,1748286
5759,4241,334760,42593,6370,1362841,1758601
10592,6019,419581,98074,4000,1287742,1829545
7277,4908,144327,71815,3630,1377830,1612806
7574,5481,198908,38407,5260,1426379,1684268
6147,4260,289820,35871,4685,306083,648996
6185,3925,380809,48259,4889,323817,769903
9259,6759,179073,48649,5703,336128,588016
4721,4000,164394,44352,6500,1428004,1654583
4889,4000,251103,42945,6074,1415405,1726861
5537,3852,355998,50870,5797,314367,738588
4407,3852,156948,40685,5500,380234,593571
9926,6574,133546,44352,4389,327728,529145
9907,5889,218200,37815,4852,1416716,1696713
9333,5296,329337,74500,3796,1439060,1863619
7074,5166,407787,38463,5130,340819,806532
8166,5871,129921,48000,6037,327187,527775
5167,3999,208298,47538,5907,1415544,1689213
6740,4166,281915,56260,6259,320914,678236
8573,5741,751959,36333,5389,1470362,2280931
6574,4407,156353,46204,4185,315126,535423
5518,3944,163081,56685,5685,267287,505015
11148,5925,254698,53722,6019,243669,577811
4332,4000,114240,45704,6408,347682,524867
9333,6555,1130897,39777,5575,452668,1646787
8537,5315,1286736,56629,6186,1481118,2846614
8851,4926,217573,59852,7203,1497825,1798563
4907,3889,140560,37055,5389,388400,582293
9610,6871,394973,49445,6444,1312368,1782082
8704,6407,125794,53685,7092,299815,503923
9314,5130,211614,37149,6296,1431950,1703694
6555,4408,286861,48944,6019,231209,586034
9073,5945,404348,89741,4352,1436603,1952414
5647,4037,152984,53130,6870,310995,536385
8536,5204,157730,47741,5907,1443871,1672527
9129,5889,246773,55278,6204,331556,656959
5110,3852,341539,45870,5759,411624,815754
9425,6222,709361,70166,4260,1627885,2429430
6777,4389,173735,78815,3778,1498328,1767823
8426,5759,216148,37574,5056,1436286,1711287
8574,5296,376729,83667,3926,322822,803866
8889,5870,416012,49371,5555,304039,792681
5907,4186,205295,76556,3907,394015,692756
6740,4315,209283,40241,6555,1439467,1708657
5370,4074,280899,35352,5111,1417794,1751786
9889,5388,364962,46519,6000,1517934,1953341
5351,4204,161503,45352,6148,1441320,1665990
6277,4907,176510,45574,6463,1410777,1652620
8314,5519,246830,58759,4334,1455715,1781860
5573,4037,413282,52389,6537,242770,726810
6926,4463,472546,52019,5777,406523,950402
9370,6537,124014,48556,6889,291483,489238
8870,6259,255299,41241,5944,345957,666348
7981,5463,489897,43704,6334,411245,967198
8684,5056,395662,57574,6593,270574,746588
7814,5445,199019,39259,5778,1462675,1723434
5055,3722,193211,43240,5519,316212,569237
9666,6277,288198,39371,6166,1289293,1641601
6870,4074,369667,43722,5370,1398286,1830823
7370,4834,733784,43722,6797,1554850,2353487
4962,4000,163586,47777,5889,1456627,1684842
9370,5963,1025704,53537,5685,401639,1503788
8240,5426,440098,49055,6500,258695,769958
9018,6575,423584,82297,5352,1439052,1968267
5389,3926,132238,48667,6592,380851,580423
4629,3685,220448,45315,5685,1378413,1661009
5036,3741,350472,72927,3944,1360536,1799026
4277,3870,401016,31370,5112,310739,759125
4259,3741,165354,48000,5389,301994,531330
8833,5518,185897,40371,5444,408840,656792
9740,5463,274125,59871,3703,260297,615422
9184,6445,391742,82260,3963,1408876,1905026
6074,4074,211600,47407,6111,319767,597756
9777,6667,176142,44389,6926,1449533,1696268
5759,3944,299001,86519,3852,1301119,1702324
8407,5315,388895,91112,3870,247804,747422
7703,5037,148012,30759,5185,368633,567737
9925,6500,132999,48500,5574,365350,571515
6351,3982,224172,55889,5889,1438207,1736823
8963,5648,303252,56704,6370,1427812,1811119
8203,5648,395850,54852,5852,1439731,1912655
7425,4463,195412,46315,5815,213548,475405
7185,4815,205454,101445,4074,1280629,1605732
4870,4278,286127,59741,5981,202796,565960
5129,4074,404967,51296,4111,373140,845273
9666,6722,449603,57481,4222,1369869,1899600
9555,5204,163014,39556,5092,1425921,1650305
7444,5500,247298,54241,6278,1690171,2013229
9555,6592,330342,57055,3852,1376148,1785526
7907,5037,436847,52556,3630,1481400,1989970
4944,3981,134038,42315,5167,386033,579367
8148,5407,808823,48723,6981,1571237,2452134
5148,4093,322605,42963,6426,1368495,1752120
6888,4908,1857504,38185,15519,1267496,3192519
7703,5241,267026,63296,3982,235526,584719
9611,6407,183382,50704,5630,1818884,2077044
8204,5463,322999,65352,3926,1372786,1782027
8555,5500,380376,41778,5240,321861,765422
11037,6222,203399,45500,6852,307634,583200
5388,3834,165386,46038,4444,1452085,1679842
6222,4722,247708,63574,4130,1387467,1716324
11259,6093,330343,40278,5148,1372239,1767675
9667,5796,423127,54000,3963,1480639,1979193
7944,5482,128058,45778,4685,330291,524275
8630,5277,214768,54222,5612,1458999,1749787
9981,6000,316311,42777,5630,1405846,1788489
8963,5166,506503,43129,5797,300918,872514
9148,6518,177563,43889,5556,278767,524182
9833,6759,182606,52482,8537,342224,605238
5666,4722,140445,42963,6389,310200,512515
10351,5685,386766,45797,6204,1470463,1927729
8425,5315,191161,35889,5833,314947,563886
5184,4222,181629,40575,6555,337294,577996
4388,4945,270635,36593,4889,1439484,1763286
7721,5111,344493,57204,5982,1473218,1896118
4870,4537,1199445,48407,5149,290805,1555398
49277,4630,130616,62018,3797,339640,592330
9055,5797,211380,56241,6871,285042,576349
9944,4963,350553,44908,6074,352942,771385
7258,5371,393744,57463,4204,255918,726644
5148,4518,417473,92222,4056,1361387,1887378
8870,5759,183608,52907,5575,2180915,2439597
8906,5408,286928,44185,5593,1446339,1799415
9055,5852,378212,43685,6519,1395407,1840878
5499,4797,147439,64352,5019,374316,604293
6148,4574,164890,42333,5667,2082486,2308802
5055,3834,695360,41333,4907,272357,1024846
4944,3926,363106,44556,7148,2150953,2578319
20611,4778,119759,36722,5130,334960,524775
9352,6259,160728,87611,3982,269176,538960
9296,5537,212178,35426,4834,269540,538423
8221,5871,389129,57667,3889,255459,722310
6074,3833,416505,93038,3574,1324409,1849415
9777,5870,192974,38760,4259,271819,525793
9018,5482,192035,40296,4537,1448011,1701454
9110,5982,295411,34037,5074,1424764,1776712
9389,5796,369121,78334,3703,1505090,1973304
8907,5797,153145,43555,5926,294519,513960
6074,4351,157299,44667,5630,260402,481534
5648,4592,245324,41815,5592,1414444,1719583
4407,3630,379848,68556,4074,1387122,1849934
8703,5408,420594,57427,4055,207975,706885
6462,4370,136267,44834,5907,317545,517404
7315,5111,214254,39796,4908,1413514,1687028
8555,6055,309557,58167,6407,309717,700422
10111,6666,445193,119333,4074,278136,866236
6814,4241,243809,60185,3408,1265996,1587102
6944,4555,247482,40777,5297,280904,588422
10018,5926,270765,106019,3944,1289540,1689676
5981,5908,363752,41482,5852,238262,663885
8647,5463,175980,70056,5167,273665,540756
8185,5574,153967,35871,5018,1444764,1655528
5870,4259,246344,55722,3519,1437701,1755527
9648,6055,360535,88704,4037,317386,787958
6500,4037,206318,56222,3575,356418,635071
4333,3777,137102,50630,7630,358709,564423
6241,4352,270015,91370,3797,1339808,1718176
4518,3760,317058,42981,4408,330086,705163
10055,7037,387434,39630,4982,1412517,1864341
8314,5723,178903,45222,4426,322242,567108
9518,6611,180613,47981,5223,283106,535090
5981,4667,274156,45815,5870,1286298,1625102
4870,4037,367180,44981,5667,1306273,1734990
8684,5593,153741,37204,5037,332107,545071
9018,5593,153173,42333,5408,1471873,1690102
5241,4462,262494,69667,3907,1384923,1734120
10130,6000,367962,66574,3519,1378416,1835138
4925,4760,704747,82555,3556,1401073,2204432
8925,6093,127621,34556,4871,315541,500071
8740,5593,212109,56908,6870,1439529,1732398
5777,5148,326320,44055,6297,1351689,1741620
8888,6111,413585,42203,5130,1497071,1974785
6407,5037,131052,65926,4111,307926,523163
5463,4352,195317,39945,4815,319438,571682
10315,5963,276138,55593,5796,258191,614552
8869,6000,400034,72463,3704,1415566,1909674
5647,4074,150076,60408,4778,270476,497423
8555,5112,153674,35926,5833,401267,612682
8944,5648,239940,48204,6703,1396754,1708509
8166,5149,333297,43630,4944,1448451,1845712
9518,6389,417081,37648,4611,330155,807421
5795,4223,129512,43982,5555,285226,476515
5629,3908,234018,46167,5407,1436842,1734472
8667,5351,405914,40463,5259,251694,720070
8036,5445,390031,48629,5574,393057,853514
9555,6500,132888,73241,4056,1465454,1694398
6888,4833,190135,50778,5833,285122,546089
5832,4463,272548,47963,6463,1405850,1745027
11592,5833,635351,39204,7204,356291,1057864
9073,6797,169429,37445,5389,1402246,1633120
8389,5611,154232,44203,5186,399412,619497
9092,5815,247942,37815,5185,1405678,1713583
5073,3852,343114,47204,4963,1409486,1816211
10685,6722,414287,38519,4851,1438869,1915952
9574,5481,133663,39981,5519,318983,515923
7073,5241,218464,39889,4612,247810,525348
8722,5407,309305,77944,3982,1440185,1848971
4851,4260,409717,44852,5963,1445086,1916730
5111,4722,211260,84426,3704,1490341,1801620
7333,4926,181488,49019,6685,316509,568516
4630,4851,274142,64612,3833,428131,782977
5759,4000,371407,41945,4519,1463822,1893823
5278,3722,134061,47685,5667,310862,509183
8833,5648,150048,48111,6389,297931,519201
9536,6500,276851,48241,6259,1438861,1788286
5129,3852,339301,45815,5296,1426485,1828248
7296,4407,421492,58204,6222,224319,724162
8296,5500,163924,53389,6907,354906,595312
10018,6019,209596,48648,6667,1407301,1690379
9055,5833,312972,47556,6278,319375,702977
8832,5352,407368,39777,6149,1365270,1834748
9111,6407,130706,50834,5740,319125,524349
5351,3945,183748,53964,6166,1499908,1755508
8333,5259,269310,44334,5074,1459160,1794063
6981,4630,376298,54500,3352,329178,777366
9055,6722,141322,43852,5518,319194,528126
5036,4111,162476,42223,4777,321984,542997
9722,6463,244093,57445,5925,414811,741144
5204,3981,357303,43666,8649,1413279,1834712
6907,4611,427698,56815,6000,1455272,1959656
5166,4111,124462,41685,5759,320332,503830
9555,6241,207820,45296,6056,1356708,1634213
9351,5334,296585,38852,5092,1840773,2198024
7537,5537,389980,40574,4592,401201,851791
8037,4852,254689,35722,4685,272271,582478
4685,3629,188769,47871,6148,1447351,1701083
10648,5388,264887,36389,4777,333925,658478
9351,6833,357078,55852,3481,313715,748921
7870,5019,129490,45444,5871,408080,604293
9889,6407,155515,42111,5092,321149,542534
5981,4388,347558,31130,4796,316809,712810
9166,6019,379675,50666,5723,295117,748366
5907,4741,126124,36074,5056,351187,531664
8925,5704,128649,43148,5185,318941,513256
8869,5223,209747,49037,6778,1393039,1675249
9407,5981,344421,46407,6352,270705,685774
4814,3926,400945,41148,5389,1497507,1955933
9147,6037,150154,52130,3740,355454,578718
5685,3796,209104,71482,3537,324873,620793
4666,4203,320518,62667,3555,1389732,1787360
11351,5815,379153,93630,3463,1290984,1786304
5055,4629,183789,52277,3500,227543,478812
7759,4963,171349,71019,3444,360184,620682
8870,5907,244985,39186,5314,361123,667329
4703,5056,339269,38130,4518,346801,741014
4314,4445,131404,35555,5093,327945,511238
9647,5574,127392,50407,4574,313736,513663
9129,6111,224286,32500,5093,1370038,1649194
9332,5908,335200,88000,4092,1439734,1884859
6925,5741,389372,56667,4000,277586,742681
10240,5852,164322,39426,4685,1509150,1736379
7240,4926,228254,98500,3741,314279,659774
4462,3889,281667,38426,5093,1452396,1788378
9500,7074,363007,47944,6130,1393019,1829101
9148,5296,131419,36889,5111,484910,674607
9074,6129,172629,42278,7630,1474491,1714564
9296,5611,281061,43648,5982,233157,581219
6370,4241,339085,48426,4741,1454107,1859156
9629,5870,145110,37518,5223,312313,517571
4555,4148,126856,55815,3907,301827,500312
10555,6278,211307,43648,4889,291746,570442
4666,3667,395405,52518,4963,317905,781477
8203,4908,311374,122000,3574,1422393,1874471
9111,5796,181232,42666,4963,292655,538757
6314,4297,538830,37556,4685,1546805,2140562
9592,6611,305835,87167,5093,1441672,1858415
7703,4333,361972,29981,5204,1241556,1653490
4648,4037,129810,54296,6630,266317,468294
8944,5944,146260,42334,5815,324903,536182
9648,6129,276544,63593,4204,1404686,1768027
7611,4778,393531,34297,5000,266890,714126
9351,6315,413686,43407,5593,276551,756922
5981,4185,141043,43907,6649,332824,537312
8129,5259,206790,53241,6129,1387738,1669694
10870,5907,292296,38167,5167,1389564,1744620
5981,4592,450357,55038,6370,299582,824069
9203,5482,171733,46592,6149,1389979,1631880
8925,5630,196979,73149,4370,1374622,1665935
9888,5796,265708,36648,5148,1445968,1771675
7944,5666,357844,48592,6667,328134,757292
9610,6611,130645,50112,6185,373111,578422
9055,6630,168540,38463,5185,387846,617793
7536,4222,260806,43666,6371,1383333,1707953
9351,6204,339367,97592,3945,1290475,1748990
6629,5037,433910,43074,6241,1357376,1854212
9314,6648,129582,42852,5796,321193,517497
8740,5093,207439,40148,5408,1406828,1675712
5944,4296,379520,52519,6500,278753,729663
4630,3759,415951,44704,5333,308656,785014
5592,4481,162365,49907,6000,288614,519312
11999,6371,174666,40741,5389,448422,690348
4851,4408,271505,54537,5593,256750,600385
5167,3833,186400,64593,3907,364189,630552
9481,6500,133406,42852,5166,313239,512719
6388,4148,174190,72352,3852,1442930,1706601
7666,4796,248696,54296,3648,288301,609477
5333,3944,116868,31648,5204,361000,526404
9721,6852,1175654,40445,4907,1273072,2512652
8518,5240,263751,40111,4889,402282,726792
9240,6482,241700,70186,3796,1379808,1713379
5352,3981,1142783,52370,6648,415523,1628639
8926,5704,502638,43019,6722,265431,834736
9721,6074,173329,43204,5222,393835,633274
8666,5593,185056,42297,5148,318588,568145
5499,4019,277341,46666,5704,275433,617126
9018,5722,420717,39593,5259,282667,765069
10962,6111,127445,49333,6741,280830,483719
6499,4204,149839,46797,5592,288436,503811
9537,5777,233568,58463,6426,261762,577997
7721,5223,327388,42315,5167,1472693,1863044
6092,4037,609765,52667,6130,1800553,2482393
5370,4074,150715,77648,4260,1375183,1620806
9592,6130,249869,64629,3537,1487214,1823045
7592,5240,318227,41574,7241,1482429,1864230
10074,5833,426585,82482,3666,1434960,1966341
6832,5000,133331,81333,3426,263519,495941
6870,4500,185281,58556,5926,265345,529090
5185,4185,269268,57501,6666,1385777,1731324
9092,5704,354404,46685,5741,1382548,1806341
9370,6722,156539,37463,5260,1402136,1619435
8481,5334,147933,43760,5333,1445705,1658843
7944,5389,238440,53296,5611,207113,519849
6870,4408,327390,46407,5463,1348730,1741268
9166,6611,409989,40537,5722,1370926,1845341
9166,5889,143086,41408,6185,297688,505867
5907,4056,227444,35185,4815,1385416,1665287
9333,5722,1105730,32056,4426,1404070,2563356
7667,5759,387549,42222,5241,326372,776533
9555,6482,131128,42667,4778,303405,500923
8796,6426,171653,40000,4889,245437,480016
6648,4277,340474,40000,5019,356577,755773
8204,5759,389998,35852,4111,1399195,1845656
5685,4093,1013783,52889,3333,292302,1374363
5036,4370,148343,31259,4112,290636,485812
6111,3981,727184,36648,5222,327440,1108864
7833,6166,320096,42833,6074,1468690,1853748
9370,5630,537509,53148,3278,1381590,1992544
9222,6111,130737,42185,4611,295520,490442
8925,5204,201317,38074,4241,235662,495831
5481,5037,292748,51537,3241,1455185,1815508
9203,6074,378069,40426,4908,1442364,1883118
9574,6537,151371,40037,5056,339718,553942
7629,4463,174877,32518,4278,265213,492608
9129,6167,256845,41537,5778,263966,585089
10925,5722,345945,39222,4481,1378583,1787674
5925,3945,131394,32704,4037,358843,538515
5204,3703,146141,30815,4130,353559,545127
4555,3907,237147,39130,4907,1430769,1722860
9573,6019,338505,40148,4870,262529,664255
7499,4889,420177,42223,4074,1445163,1926637
10055,5611,127608,48519,5074,290130,489867
7869,5519,245559,72500,3796,1391746,1729212
7833,5574,370121,62926,3611,301245,754107
10185,6759,485071,79297,3444,225017,812366
10129,5667,159632,37037,3000,296587,514645
9184,6352,211471,64908,3296,1487148,1784526
8499,5241,303903,86260,3129,229927,638978
9093,6203,356354,33148,4389,239069,651404
9444,5222,149377,26704,4500,296120,494052
9407,6518,272328,52649,3555,275280,622496
7277,4870,237667,40389,6019,1853580,2152339
8351,5259,339192,32889,4518,1468317,1861156
9759,5389,414420,37741,4388,1399311,1874786
5666,4074,124185,56092,5611,320443,518868
9389,6296,198060,39927,5796,1900334,2161729
8463,5537,324566,39093,5315,1443219,1828860
5907,3722,383055,42889,5629,1856470,2300154
9185,6481,154523,38426,3537,356215,570608
9388,5741,168880,41667,5722,2081347,2314783
8518,5833,258794,35166,4852,1352067,1668120
5018,3963,354281,44741,4593,363677,778903
9167,6759,152712,38537,5741,1474963,1689972
8833,6426,137811,44204,5000,303075,507961
6648,4056,233705,39926,4797,284476,575923
9722,5500,324619,37593,4463,335302,719478
8018,6000,409791,59834,3167,1487826,1976655
8204,5203,125316,71926,3815,328848,545349
10833,6352,203877,43722,5074,1368058,1640546
7925,4352,290605,44630,6482,1386255,1742601
8018,5777,467964,51796,4148,287180,827254
8092,5797,133764,39297,4574,390491,584052
6203,4574,173789,38982,4889,283763,514867
7721,4574,260222,41796,5167,305479,627089
8611,5963,384616,38945,5018,283028,728552
7999,6204,148603,42444,6093,397227,611922
5166,4500,152517,38518,5352,1492807,1701287
10758,5760,270837,38055,5315,261400,594237
8815,5722,413028,28963,4667,338449,801681
7833,5407,415590,38778,5593,329220,805107
5222,3981,159540,38111,5482,369197,584127
9722,6204,197082,42130,5593,308284,571312
9037,6018,322941,69945,3777,1374494,1788620
7925,4408,456243,80296,3278,309159,863328
8629,5704,244174,42278,5574,407600,716033
8888,5278,169050,40389,5204,1379403,1610935
9296,5963,293482,65482,3370,1338045,1718212
5351,4445,352729,38629,4611,1481575,1889396
9500,6666,127883,39611,5685,422725,613793
9073,5296,145963,35166,4149,315090,516904
6352,4481,238283,52463,3149,1475502,1782583
5815,4018,327215,53556,5722,1418515,1817657
7499,5148,413295,33926,4352,307719,774625
9092,5463,133300,51204,3130,308882,513053
8963,5574,203362,40315,5240,357283,622719
6704,4889,287534,33834,4240,1417030,1757416
9574,6148,430115,45611,5889,298714,798273
9018,5704,161861,39852,5759,308729,533479
5407,4426,180274,40518,5241,1420272,1658916
4963,4703,273929,38740,7574,341957,674441
8555,5851,346990,35260,4481,342710,746292
6777,4407,136681,34870,4833,443465,633977
8703,5963,142205,44314,5352,353440,562700
8388,5685,226767,39352,4129,1472816,1759527
9314,6241,365754,33000,3167,391056,811014
9166,5500,407075,51314,3112,233884,712125
9018,6037,127117,37593,4740,318010,505701
6833,4833,205568,45370,5593,307707,578293
6148,4519,287925,35555,4649,249423,590293
10463,5759,382061,37796,4204,1428910,1871230
5000,3926,163806,79427,3574,314486,572534
4722,3629,181091,41703,5612,1393566,1632416
8315,5203,278041,44500,5408,1488726,1832434
6184,3852,422973,40889,4796,331374,812458
9500,6518,153571,33445,4722,1445975,1655806
8129,5352,144855,36889,4796,1398488,1600732
9463,5796,234102,40555,5185,358321,656849
6666,4093,358237,74315,3500,1425807,1875026
5037,4055,968504,41111,4481,340248,1365770
9648,6648,165508,47574,4870,370785,607367
7647,4945,199587,59649,3222,1362995,1640675
9462,5648,286464,49352,3056,1487840,1844211
9000,6296,404026,76259,3444,390007,891162
9870,6778,131308,77278,3315,355595,586756
8370,5333,180667,33037,4481,1469583,1704305
8388,4241,257561,46593,4889,1388966,1713027
4648,4314,350364,41093,4333,340595,748070
5036,4093,125591,43963,5963,315776,502867
10000,6666,173968,38796,5537,1433208,1670268
9333,5277,226159,39537,4241,1453979,1740490
9407,6685,312368,35685,4593,312924,684181
9222,6259,402837,46871,4426,285787,758033
7074,5037,189472,38833,6278,275562,524664
10315,6018,194386,43852,5463,1447993,1710028
6055,4537,354355,42315,5463,307234,722867
7221,5093,430805,60500,3759,1476258,1985803
8204,5166,156625,38482,5111,1487124,1702657
10685,6074,177798,32963,4185,1416674,1651083
6277,4426,259581,40964,4463,320081,637811
8870,5815,344884,44481,6130,354463,766662
8815,6055,139352,37982,5481,351442,551164
10462,6241,139543,39500,4259,323436,525978
5351,4019,237678,38500,4297,270651,562885
8814,5186,371759,81537,3333,262478,735126
6296,4537,453432,90296,3204,1336946,1897045
5036,4037,163048,81260,3129,303801,562774
5036,3871,220665,88092,3204,1333251,1656472
7499,5112,293578,33296,4500,329344,676589
9685,6630,392103,66407,3463,1382701,1863434
7111,4204,154978,74000,3167,282703,528516
7555,5518,172337,39111,5352,1453931,1686046
5999,4685,270083,33297,4555,1405907,1726564
9462,5815,342885,57427,6833,1863805,2288301
8685,5037,134521,43055,5741,370495,569942
8851,6556,134656,34129,4574,339730,530923
8222,5444,233143,38149,3926,352760,644218
9407,6944,318890,51575,3148,287272,679737
9907,6055,409897,36592,4574,1425482,1895267
5388,4260,125179,37018,4019,366744,544997
7314,5333,194963,40371,5648,298645,554274
5000,4037,436932,36796,5186,270841,761422
10889,6148,371938,38500,4815,1469792,1904767
5888,4056,128702,31889,4574,385739,563367
8592,5463,165264,38408,4981,1372820,1598250
6555,4223,255677,39759,4445,1455145,1768434
9481,5963,346091,43741,6037,407793,821144
5074,3963,145633,46556,3648,292234,499127
9944,6574,140287,44500,5315,1488166,1697212
4758,3852,231553,38722,4481,1418827,1705675
6610,4111,319003,41593,5093,382381,760995
8667,6148,438935,76167,3537,1473886,2009396
5148,3870,151718,51056,3352,362538,580256
9685,6092,195965,39500,4611,1385748,1643657
5574,4259,288378,34889,4296,1402316,1741620
11130,5944,406384,38445,4778,1443086,1911786
4352,4611,153408,45352,5648,294033,509997
4204,4463,192895,40444,5797,1429298,1679620
4889,4370,278586,98334,3611,1356589,1748657
5351,4055,355204,38926,5371,311644,722495
9907,6851,436062,55982,5759,1484742,2001340
8907,6611,137770,36389,5093,322152,519460
5796,4296,273888,42519,5611,1478509,1813101
6555,4704,318190,58037,4093,266936,660663
9147,5871,419492,43389,4555,1436682,1921655
8536,5389,147905,50389,4722,295370,515034
6611,4481,198226,45130,4648,364141,625552
7666,5666,283214,41296,4815,393968,739403
7055,4908,376182,42167,5574,1455621,1894434
5204,4425,300022,41000,5259,386623,744644
8592,5315,173064,35574,4537,1481482,1711324
5481,4370,263089,35111,4703,321946,637144
7685,5833,350076,54537,5204,344197,769533
9815,6629,1398621,34519,4889,1369973,2826706
7851,5000,137050,44704,4667,323299,525367
7018,4500,316889,32371,4352,360254,727699
7685,5574,317673,38852,4611,327916,704607
8777,5760,134882,43259,5870,348763,550108
10925,5963,194000,39463,5611,339442,598015
6351,5000,202727,41056,5667,342565,606107
5629,4537,331863,60908,3685,1350515,1761027
8962,5704,414054,58222,3260,1468267,1960396
8740,5482,164967,70759,3130,239808,495219
8852,5796,207936,58018,3186,1441739,1727657
10166,6537,258053,43759,5704,1368048,1694990
5777,5037,364670,74759,3334,1446596,1902729
5777,4241,138360,27464,4592,452414,635811
8370,5537,139570,43555,4075,1501086,1704027
8629,5703,238021,33519,4555,1373452,1665935
8370,5463,341619,56722,3408,288802,706885
10352,5888,407033,42167,5833,337833,811070
6481,4926,127760,40556,5129,380515,568293
4963,4426,213210,34574,5463,1401984,1666750
5185,4592,286365,52704,5685,307094,663977
10092,5685,403815,46871,4944,348810,822921
9314,6685,138876,42963,6000,324529,530700
7759,5389,163456,39278,5722,328930,553127
9610,6389,250536,63093,3630,1501934,1837378
8685,6129,343913,51611,3056,1463039,1878582
5277,4852,861623,34704,5093,364351,1277993
10111,6000,132831,41277,5112,349814,547663
5055,4463,226763,39370,4741,314808,598534
5592,4611,366992,34074,4722,340541,759181
5462,4074,792443,40000,4796,366440,1215845
5037,4629,122799,61111,3556,381512,581219
9870,6648,190787,47037,4481,296637,557997
5111,4519,284977,44445,6092,1429012,1776657
7407,5537,137687,37648,5611,274625,470701
5407,4149,122673,42463,3908,292675,473627
8666,5259,505440,36981,4834,1445863,2009340
8444,5111,252816,34685,4296,1472323,1779916
9222,6259,740860,33629,4778,315708,1112549
6111,4444,129253,44815,6074,284559,477942
6111,4296,139388,39334,4741,1510583,1706731
6185,4074,227543,36703,4278,3051550,3332315
4888,4315,740367,52315,3519,241015,1049049
9629,6630,405184,44667,4241,1486100,1958656
5481,3982,571023,34889,4889,261286,884088
8352,5462,192362,36334,4555,1397536,1647231
8018,5407,281905,33482,4167,1481751,1816952
8203,5481,378596,61130,3352,251029,710310
8610,5278,126565,76389,3666,295229,518312
8351,5111,186238,83666,3352,1428920,1719379
8833,6056,679744,30407,4500,1414725,2146432
9648,6667,343971,52074,3352,251895,669978
7129,4963,143588,31278,4667,327372,521905
9944,5815,136853,32481,4352,333737,525830
6407,4130,232044,44241,5314,244268,538497
8888,5574,308180,41000,5815,337816,709237
9592,6518,396779,38759,5685,346458,806495
6777,3667,155617,43703,4760,311843,528941
9741,6462,228642,62130,3592,1347164,1659806
5889,4129,286722,44685,4611,1318825,1668509
8851,6370,383580,31167,4629,1365244,1802267
8944,5352,127103,75741,3203,336209,558904
9258,6500,166017,40574,5334,347165,577682
6278,4462,428153,42908,5463,1483687,1973007
8352,5037,445381,39852,5592,375781,882532
6240,4333,137794,40685,4537,363981,560237
4870,4722,136725,31852,4055,432716,617311
9833,6667,220101,41982,5685,445228,732367
9129,5482,141958,35056,4889,398908,597830
5889,4092,420577,38074,5148,328252,804681
4944,4870,596916,50648,3241,397282,1059864
8944,6593,204476,40426,5686,273279,541368
8740,5759,889670,32203,4852,1665038,2608818
23907,4389,362248,41463,5037,285081,724107
8407,6148,163698,39426,5722,245578,471350
8240,5426,158796,35815,4982,1418176,1634102
6926,5277,268951,100833,3723,1288873,1676620
10889,5537,336456,37759,4519,316743,714626
7388,5407,1204076,45148,4852,284897,1554231
9203,5796,130431,42667,6166,311419,508016
10574,6407,262955,37371,5056,1384053,1708417
9536,6111,308295,38500,4463,1414454,1783841
8666,6278,398430,40204,4333,1357430,1817397
8500,5278,196491,81222,3537,1371777,1669417
8555,5666,191053,32907,4185,370796,615478
8925,6074,278300,44000,6203,243846,590145
5073,4112,374453,41092,6612,262913,696311
9388,6500,166755,38945,5648,1439254,1669101
8555,5870,158964,40130,4630,323847,544811
10518,6167,248415,40333,4889,343229,656422
7962,5296,342681,41351,5556,346890,751329
6907,4722,1616986,36370,4537,1263498,2935039
7852,5277,139062,38186,4055,346861,542997
11222,5796,225865,51759,3167,251040,550460
8999,5926,315333,33352,4093,1416156,1785934
8592,5704,3691828,55426,3722,1512586,5280210
20574,4574,307067,33371,4592,380929,753107
19648,4481,105481,39056,4166,389128,563979
6667,4296,288504,40889,5093,1775557,2123285
9241,6500,369029,32777,4797,1437349,1862323
8833,5352,159256,45815,6000,269204,496886
10592,5907,179837,42352,5129,1467154,1713249
8944,5760,704788,33852,4944,341502,1101846
8814,5537,347182,37093,4351,203185,608848
7648,5407,129909,40889,5204,1881153,2072988
5666,3815,134415,32241,4611,314045,497516
7315,4889,222550,30593,4556,1947417,2219488
10074,6000,329372,39444,5056,314957,707163
5963,4500,401822,32630,4407,231618,683330
10611,5870,159106,39018,5074,1434163,1656157
5185,4074,210648,33722,5352,1342417,1603732
4463,3851,284284,44315,6760,1388724,1734490
7611,5314,370661,42667,5222,1402310,1836526
5370,3888,177055,34352,4778,366608,594478
4629,3908,167542,32796,4408,1478522,1693935
9221,5630,245937,39907,4982,303374,611459
7833,5389,361443,38574,4759,364775,784755
8222,5018,1283692,41741,5870,336521,1683101
7536,5556,132343,39389,5018,378839,570885
9685,6148,217941,40852,5723,258647,541219
6333,4166,309615,38981,5556,1475227,1841897
5684,3815,348287,43537,5537,408690,817532
9241,6481,122533,40815,4352,317686,503701
5926,4666,193613,34352,4907,1453193,1698601
8796,5963,278008,38204,4648,285489,623219
10703,6130,364310,32278,4389,1490123,1910341
5870,4704,135519,77074,3389,353218,581849
5832,4149,203784,39074,4648,1408003,1668397
6592,4815,264124,37519,4833,1423107,1743731
10278,5944,334982,40074,4685,356847,755348
5259,4222,129005,40611,5445,354065,540867
9629,6667,1403403,34815,4296,329346,1790694
7703,5130,220610,31481,4093,1306325,1578269
6111,3944,349042,44278,6000,414731,826273
7481,5518,399252,42278,5148,1391479,1853156
9166,6018,169905,36889,4186,323628,552089
9592,6018,194281,40741,5185,268698,526830
7333,4296,278640,35703,4260,1387239,1720194
9240,5185,421497,85038,4259,2013599,2541207
7926,5389,139465,76463,3482,361179,596219
5277,4519,206656,38019,5611,1377408,1640972
10777,6093,264737,38111,5833,1419902,1748046
5018,3944,361706,31703,4574,1415655,1824785
6426,4481,133063,42833,5000,312138,506590
4667,3981,137550,48648,4908,293836,496016
6481,4222,222390,40907,4815,326255,607163
8425,5648,316544,37963,4556,367970,743884
8148,5314,402402,37870,4148,306687,767273
9907,6092,166740,73593,3537,1447861,1710916
7740,4333,233969,57185,3167,1408651,1717805
4759,4778,290363,34148,4371,1484774,1826879
9685,7740,370444,41426,5537,1453731,1891137
8074,5537,162078,38167,5370,340382,561923
10518,5648,161585,39129,5297,349801,574682
6129,4963,301887,63389,3407,1440974,1823397
9666,5815,413041,32796,4481,328011,795810
7907,5444,131472,43963,5871,358080,555200
7222,4870,149219,80870,3574,1370624,1618806
4481,4222,231243,38611,5260,1440080,1726175
4147,3834,383397,37333,4778,344839,780495
9296,5852,480496,37204,4185,300777,840310
6056,4277,125742,42389,4296,481458,666034
7184,5111,190896,54593,3389,1464705,1728175
6481,4741,279957,53241,5296,303595,655330
7204,5222,374630,34018,4834,1442063,1869990
9833,6315,762859,86037,3259,1361425,2232524
5277,4056,208048,38945,5592,1457553,1721805
9518,5907,287925,36797,7018,328201,677403
8926,5555,343450,38759,5297,412693,817440
7963,4241,579956,38555,5778,1417606,2056155
4777,3908,133683,58555,6167,294018,503627
9463,5759,252633,38889,5667,1386116,1701120
7703,4370,388622,37444,4815,310282,755606
10000,5518,393812,35611,5612,336090,789181
9629,6166,123374,45185,5537,311291,503849
5444,4963,204898,95055,3575,1391796,1707972
7758,5204,276811,35259,5074,282612,615126
10833,6148,371614,33907,4370,341772,771107
6944,5093,149674,33000,4852,306786,509312
9740,5426,163273,43315,5444,1410811,1640398
4907,3908,251371,33852,5055,1408268,1709324
10740,6130,344710,41093,5204,1438705,1849786
9092,6055,462884,59055,3760,1411753,1954785
7926,5222,134259,28704,5240,334905,518905
8221,5500,224117,40389,4685,315787,601107
9073,4963,312808,53556,5796,303392,691699
9389,6648,440536,38722,5574,1383398,1886526
8425,5074,163708,70797,3611,1448578,1702212
9352,6240,226529,58593,3426,1343276,1649620
8258,5056,297109,40759,6093,314757,673996
6148,4370,416171,37000,6240,1287486,1759842
9351,6593,165268,33482,4629,1417426,1639101
4666,3852,171515,44389,5185,1448938,1681860
10296,5981,243243,33167,4722,1427247,1727231
5796,4092,421139,28796,4500,323024,789643
8722,5870,127477,36167,4333,329613,514534
9870,6722,130242,35408,4333,365144,554312
6111,4222,227341,44407,5315,281267,570997
9333,6093,302328,37185,5500,1330662,1693102
5277,4833,782706,32259,4834,1510725,2342875
9648,6278,146858,46055,4686,350749,566682
10536,6000,184049,41037,5038,1435570,1684879
6536,4667,278370,54611,3444,292405,642459
9518,6148,397691,44278,5130,338693,803736
9129,5945,152400,64518,4537,320801,559682
10611,6037,159535,41963,5685,304073,530793
7925,5167,265411,33778,4797,282325,601589
4889,3796,346455,40463,5222,334504,737385
7000,4500,1418222,31111,4963,1896370,3364166
7425,5593,128913,35945,4426,349750,533904
4907,3796,363991,41167,5240,314802,735922
9611,6555,317367,37260,4722,1418437,1796749
4555,4056,400280,40593,5000,319808,776996
7537,4426,145563,41093,5537,326507,533368
7999,5556,186958,33407,5722,1396014,1638435
5073,4278,324575,38797,5537,270587,651311
9796,6537,366896,41111,5093,327210,759255
6481,4481,141309,73204,3482,371484,602793
8036,5259,155778,54685,5852,409589,642329
4889,4166,251173,55630,3759,261102,583016
9851,6889,403030,80927,3648,272520,779273
8832,5686,124573,36037,4629,351276,533497
9389,6629,145820,37574,5908,328103,535738
6314,4389,257955,89056,3370,1245480,1609824
8092,5297,304609,54889,5926,213924,595015
6463,4333,397856,40222,4130,1453911,1908989
9129,6333,195788,37278,5500,318005,574311
8332,6445,183200,36945,5519,1463919,1706656
6666,4482,273503,37037,5481,223791,552960
7148,4611,363991,43815,4500,1456424,1882749
8222,6574,158607,38426,5445,285779,505016
5314,4037,161094,41686,4166,371106,590311
7740,5333,244138,41092,5704,1405371,1712101
9574,5574,331032,39074,5445,1892362,2285542
5074,3907,1017299,35297,5111,379915,1449381
9407,6555,132174,43111,5759,290528,489682
9611,6389,257938,71982,3648,1391940,1743546
8500,5370,347574,58574,3149,364939,790107
9703,6445,396932,44611,4315,1387224,1851712
7592,5185,699827,38500,5667,1457049,2215802
8778,5481,223406,39797,5777,1490214,1775787
10037,5537,357857,28629,4519,315695,724404
9462,6222,362048,31111,4297,315688,731051
9593,5759,716480,45408,5740,1468414,2254728
6426,4407,156615,39796,5611,352808,568608
8407,4426,243769,43333,5648,286654,594682
7592,5370,382516,39667,5574,291369,734255
9685,6796,1614451,32481,4778,363705,2034007
4981,4537,131397,37463,4426,333951,518737
5555,3703,219626,36518,4908,260927,533459
7537,5130,318075,52167,5889,352938,743811
9407,6222,436397,39371,5555,247007,746218
9147,5778,162124,74185,3630,342909,600052
10166,5889,227186,59556,3351,1475619,1784305
7999,5186,279987,52575,3388,322731,674274
8351,5649,409290,64704,3203,1400329,1894026
9204,5425,130370,32685,4537,378720,563256
11166,6297,193671,60260,3352,1444892,1722138
7129,4408,267307,30315,4333,328726,644311
7129,5648,338758,37815,4537,1446139,1842619
8184,5297,1240080,30815,4371,287928,1579176
9500,5685,128510,37241,4259,373431,561386
8370,5370,258313,65185,3481,1419271,1762416
8277,5593,321374,41185,5852,364029,748403
9630,6314,409991,31649,4537,352874,817292
6462,3685,161163,76593,3333,341019,595052
4296,3833,197262,40796,5352,1415359,1669176
10499,6241,267897,39963,5129,1468908,1800693
8981,5777,379978,34629,4482,1471789,1907952
7555,4074,352131,65722,17037,384346,833347
7703,5278,151674,30851,5093,1459317,1662398
9462,6167,242180,46222,5944,1454848,1767416
6648,4370,354964,43315,6055,400125,817866
5629,3907,273154,70852,3648,1397521,1757286
7796,5555,128234,36389,5037,391874,577571
8555,5537,667222,34167,4741,405549,1128660
9796,6648,316097,36982,4759,349472,726514
7425,4519,1083679,37333,11963,1578194,2725465
21481,4463,154257,42037,4074,356740,585034
5185,4148,228189,67315,3666,1390838,1702046
8407,5426,283250,26778,4426,1413054,1743379
9703,5407,413257,76167,3407,345757,856050
9481,6556,147335,36612,5037,335161,542960
5444,4666,196453,67945,3407,1423038,1703583
5963,4185,246422,37481,4908,328537,629663
9648,5518,330669,44056,4944,326846,723663
9407,6481,417916,60944,3593,302784,803588
8462,5259,130421,74074,3296,1448385,1672564
5036,4111,238094,38426,4944,336607,629496
9221,5482,381970,38537,4963,354544,797477
7277,4944,400495,54852,5370,258131,733495
9981,5685,174759,43648,4130,276460,516663
5592,3981,200394,30797,4592,1438189,1686268
7851,4908,274419,40833,4944,259226,594830
8666,5723,383795,36759,5482,1480230,1923045
5092,4148,162986,40093,4648,296511,516238
9629,6556,156547,43760,5425,1456351,1681398
8851,5815,241720,31685,5463,338221,634126
7573,5111,333245,41129,5574,1463227,1857952
9425,6481,418825,39759,4500,230857,711995
9073,6241,128182,39981,5241,334926,526182
8833,5111,257540,64463,3741,1336950,1679157
6296,4481,323509,67037,3481,1422296,1829489
5833,3889,223810,39686,5555,406760,688219
4536,3889,139390,37722,5260,334125,528015
11018,6130,185174,39352,4759,300008,548294
7925,5074,292791,90926,3463,1395254,1798934
9129,5778,383908,52611,3630,316772,774532
5055,4593,158524,39538,5796,350472,566664
10555,6018,860347,29834,3148,1457917,2370523
4295,4704,254611,51759,5111,187813,510978
7277,4407,1116545,38926,6018,1386663,2562226
9351,5834,127436,40112,5444,333153,523978
6629,4093,174146,33685,4704,308480,534127
9296,6240,622524,41630,5185,305100,992235
6963,5092,325992,40556,5685,287541,674478
9833,6796,399405,39074,5538,317220,780347
9981,5945,138725,72759,3685,300476,534182
7870,5592,219676,58667,3315,1467647,1765175
9888,5870,307238,61074,3185,1347068,1736712
5185,3629,402133,57389,3166,1433653,1907230
8851,5129,147267,42426,5649,327063,539163
5092,4482,176476,64852,3296,523982,779921
4851,4667,246297,39945,4944,286273,589218
9740,5926,327026,35500,5352,296989,682570
5481,4537,422605,45038,5500,284871,770477
7129,5204,131203,66352,3500,302923,518923
5481,4426,253950,45723,5463,273490,590552
4888,4667,396308,49834,5666,354521,818440
10037,6796,429962,64223,3592,1426693,1943248
8463,5518,125968,62130,3685,300844,509145
6110,4722,189363,39241,5685,377189,624940
9555,6649,305609,77981,3463,1445121,1851193
5963,4407,394004,53593,3018,296158,759848
8037,5185,152935,35500,4482,300802,509701
5407,4314,155164,45759,5852,1489216,1708138
9833,6759,147003,32481,4334,354105,557090
9074,5185,604602,33334,4037,395762,1054346
7907,5482,484385,30037,5019,425276,960551
8518,5648,128946,74796,3408,284792,508127
8833,6388,256156,82223,3203,272322,631200
11333,6555,1033534,37908,5777,1518803,2616355
7536,5297,692335,70648,3204,1405041,2186506
8147,5834,1308527,26574,4445,317907,1673416
8833,5444,223568,56686,3407,1349682,1649879
8944,5797,898427,36685,4722,1604058,2560541
5278,4351,370340,41814,5315,275009,704089
9221,6037,176752,45037,5519,349559,594718
9963,6611,145424,37445,5685,1481455,1689287
6111,4537,241245,41111,4445,1487837,1787712
8962,5815,327751,52352,3075,1431923,1832119
9036,5574,416628,41426,4222,1356251,1835156
8296,5426,123355,34518,4741,371290,550256
9814,5556,206768,36556,4185,1394537,1660768
6481,4278,303423,43389,6074,311684,678107
6944,4648,409337,37685,5833,1472894,1939748
4870,4241,159545,79297,3518,283359,536868
10815,6166,223588,61741,3185,1412847,1720972
4370,4260,281575,35667,4370,325791,658219
9259,6630,363007,41538,5203,1469222,1897304
4741,4018,124846,36352,3241,312873,488553
8055,4556,151611,39019,4870,284979,495349
9148,6148,235395,39556,5055,282620,579941
7889,5315,417234,41593,5018,359205,838218
7036,5556,418055,42500,5815,312551,794162
10518,6037,167413,86407,3685,1476744,1753564
8425,5704,208937,30981,4445,323411,584589
7184,4334,300887,38408,4740,302887,661088
10629,6537,383782,43537,5945,231621,684755
8703,5260,133009,43112,5129,337376,535312
9944,6482,411182,34556,4611,1465139,1934230
9036,5889,268244,44463,6111,1926169,2262394
8203,5037,377084,33740,4574,286487,717681
8574,5259,143941,63611,3426,347871,575404
4351,3963,160983,74038,3092,1456896,1706693
7277,5296,245249,38926,5204,1742628,2047266
6981,4315,370903,89556,3407,312241,789496
9889,6129,414113,54685,5686,1915540,2408005
7536,5037,127433,38815,4555,365824,551219
9684,6130,227642,39204,6519,2100788,2392227
5444,4203,323556,33982,4611,1475989,1849767
5574,4074,398265,35982,4370,1402002,1852712
7537,5092,125771,51000,3204,318060,513349
9555,6648,214722,63703,3556,1437676,1738212
7685,5241,285153,41463,5852,1496503,1844415
6647,3908,360900,46074,5037,349040,773921
8278,5444,144350,42703,4982,302925,511312
9426,6240,158930,37926,4926,1487079,1707138
6611,4463,277750,74593,3667,1440905,1810286
9259,5259,339793,38186,4740,330425,729959
9129,6574,449929,38500,4482,259474,770588
6370,4352,163508,85723,3204,324821,590738
4833,3630,213477,35241,4815,1448864,1713583
8666,5648,298095,44741,6815,330364,696959
4999,4000,412397,40574,5852,1357259,1827471
9092,5704,159920,72889,3575,334168,587959
4777,4407,188705,53204,3333,311477,567941
10722,6056,285895,32834,4537,1384650,1727472
6481,4240,365735,38667,4222,1407384,1829082
5333,4185,138592,42556,5315,321312,520016
5166,4537,152709,35259,4926,356955,562126
10833,6111,277938,84685,3741,1339163,1725083
6111,4240,369833,69092,3204,1407416,1862193
5055,4556,604246,26185,4574,1269577,1916156
9000,5351,342381,38741,4982,1572515,1976618
10481,6000,202683,38277,4501,1359900,1624139
6259,4204,312244,37426,4611,339585,706718
8277,5815,400658,58074,3315,1387980,1866452
9018,5685,168052,39574,3223,308241,536608
9425,5333,176447,52834,3352,262531,512571
8796,5500,266675,41611,6092,305674,636385
10610,6685,373108,43370,5500,1453586,1895489
7870,5222,137316,39222,4815,400125,597293
10684,6019,145322,35000,4704,333156,537460
5333,4630,262957,73908,3815,1349902,1703898
8573,5612,365297,65407,3148,1422211,1872174
9444,6444,461007,83019,3185,1309649,1875045
6333,4018,752013,77519,3259,1490585,2335690
6295,4297,256184,36871,4148,1358621,1668805
8907,5833,333469,38129,4685,1349948,1743064
10000,7185,381011,33519,4648,316873,755200
8666,4259,127165,43019,5685,309147,499904
5981,4334,195559,38019,4778,1416467,1667250
6203,4685,269677,33926,4352,1452628,1773897
9648,6278,360868,51074,5704,289850,725959
6500,4296,165503,37593,4759,285827,507201
9147,6352,152750,39166,5649,1457944,1673027
8833,5388,280108,60130,3629,1349068,1709360
6425,4481,356466,79370,3482,231845,684940
9648,5796,420083,38074,4407,1341241,1821656
9074,6351,124996,33092,5685,298817,480720
7889,5259,213093,42704,5278,1430378,1706657
8500,5537,294989,40870,4093,1520111,1876156
7110,4130,402957,34741,5111,1424495,1880507
9814,6704,166351,39037,6056,1437583,1667657
8277,4519,176228,38574,5611,263028,498553
5500,4148,270512,40111,4796,1455904,1783046
6277,3982,424203,82463,3685,232774,755866
9610,6519,1212433,39055,5426,1418607,2693799
7667,5500,189103,40537,5593,1392739,1643454
8352,6018,251943,39167,5203,1468436,1781194
9963,5500,388578,46130,5074,314473,771681
6721,4611,417011,33500,5481,1358183,1828193
5611,4055,143071,69148,3500,1449957,1677435
8777,5519,211355,35314,4741,332642,600330
9203,5408,303045,33038,4148,1399999,1757342
6703,4333,475015,38371,3648,327332,857254
10240,6463,159353,32019,4574,298810,514015
8296,5111,177600,45000,5018,1349595,1592750
4740,3944,271218,34907,4722,1407977,1729545
9166,7185,384668,43574,5908,282272,735181
5685,4241,197117,38982,5667,373730,627552
8833,5833,165012,35908,5555,348725,572848
6018,4296,259185,63926,3630,1320972,1660916
8833,5463,330839,34056,4537,1443539,1829360
9259,6000,418197,36945,3185,1394440,1871064
5889,4444,140758,51426,5556,385313,596275
10888,6112,201245,38592,5019,345011,609478
6907,4815,321677,40630,4555,322893,704125
5258,4130,395498,96982,3296,260368,767662
9240,5833,145077,36241,5685,363142,567478
9314,5259,181139,52685,3315,351413,605163
9647,6111,269293,51056,3056,311647,653144
5648,5166,361207,38759,5352,1385802,1803990
9314,6723,149767,34130,4629,321656,528701
8666,5203,147903,33500,4260,333983,535867
9240,5852,234760,34926,4278,1379063,1671323
5018,3797,373026,39241,5815,190470,619701
8036,5297,421124,42871,5259,1438550,1923044
9499,5093,136796,39945,5870,378811,578570
4555,4018,210451,54130,5296,273768,554848
4500,3796,321994,31629,4741,1438311,1807119
8315,5463,389166,38056,4685,1857376,2305098
8333,4908,166801,36741,3500,329492,552127
5592,4426,179437,33518,4537,356320,586460
9647,6111,262943,32204,4426,1359622,1677527
5537,4130,373652,38482,5685,1416040,1846823
10703,6018,145214,41630,5518,404524,615755
7463,5592,145312,41445,5185,1398716,1605991
7943,5463,235578,41370,5648,328901,627237
7333,5315,337250,40592,5630,1350740,1749712
8204,5074,413200,33908,4925,1420363,1887786
9388,6537,149002,38371,4907,322569,533682
5555,3926,208989,40408,5055,1478130,1744119
6758,4797,295273,34722,4648,242520,590811
10203,5555,449965,31370,4297,295623,799032
8555,6185,142562,45852,5796,275398,486330
7981,4630,197124,39259,5593,1360996,1618713
5259,4167,273759,81611,3556,1411841,1782249
10204,5851,352970,31222,4296,327193,733811
9277,6686,127733,41037,4852,322004,514034
5407,4148,149425,38759,5371,1471917,1677546
6444,4333,237394,32815,4518,1367227,1654953
8185,5129,324474,36352,4371,1443200,1824267
9259,6148,409035,40352,5834,233516,706700
8852,6500,121244,51556,5092,450771,647145
6629,4500,205491,36574,4833,1461685,1721879
6426,3944,313016,40167,4963,1419011,1790712
9314,6426,416170,39426,4408,1389504,1867730
4944,3889,129916,42982,4666,333452,522423
7166,5111,189700,39407,5500,1339051,1588731
8925,5722,259632,31389,4611,1478025,1790434
7777,5426,383045,31333,4056,339265,772866
6611,4815,136124,42908,5685,360502,558664
9574,6611,164741,39500,5426,303830,532201
8722,5796,254229,75130,3981,1375743,1726138
5018,4389,346883,26574,4556,2124102,2514189
4740,5037,614260,36204,4240,1282600,1949933
8481,5537,514654,41760,5074,338618,916309
9203,5407,202734,30240,4482,1404294,1658749
8444,5815,290647,48982,4963,1473175,1834323
10184,6630,376301,46204,4852,1458262,1904507
4666,4019,175158,45722,5389,368616,606237
8870,5056,173923,42037,4778,1460289,1697731
7944,5334,443911,41778,5500,395917,902977
4814,3815,1094123,34740,4908,356609,1501473
4537,3926,323404,35889,4315,396424,770681
10277,5908,140057,40871,5056,333142,537812
4296,3740,253972,37870,5685,1405241,1714323
8740,5667,319366,41444,3963,340963,722125
9573,6556,407983,41852,5611,1499265,1973581
5333,4111,121674,40408,5537,359860,539534
4870,4574,208309,32741,4537,1480014,1737082
9814,5963,288315,38889,4445,243811,593237
8610,5352,381840,44241,6111,309933,758921
5463,4537,184474,69964,3703,277430,548219
9481,6852,175518,39815,5259,1400399,1639954
8499,5537,307858,72185,3463,1444854,1844619
7944,5093,356178,35981,4334,1500255,1912267
9778,5629,152647,32000,4648,310425,517294
8277,6315,146763,42111,5315,364086,575478
6573,4223,234510,43666,5630,1416924,1713564
9148,5592,320479,61537,3389,260406,663144
8851,6000,412263,38296,4537,227104,699125
8389,5759,127601,52649,3111,358154,557608
9481,6500,201607,30685,4389,1421846,1677305
5148,4259,362984,45296,5982,262493,688533
10592,6074,397398,41204,5685,1390888,1854138
6388,4630,159013,38482,5352,265520,481941
9036,5389,175649,36982,5518,320959,556145
5722,4519,308322,32889,4500,212008,570849
9518,5130,356069,32796,4241,239020,649293
9611,6500,656538,37389,5593,1503319,2221339
8740,6204,141191,36444,4704,1447800,1647213
8870,5296,232215,39963,5278,1458978,1753341
7333,4759,361092,42926,5834,1399601,1823842
8055,5629,187153,29371,4796,365936,602552
9648,6426,157288,45612,5851,338116,565238
6185,4944,395406,38704,4759,338738,791329
8629,5148,292356,34222,4482,1442411,1789897
7685,5314,228936,37315,4667,1269240,1555472
7889,5333,165089,39408,3574,385203,608830
4833,4482,182539,44575,5851,1445303,1689713
9981,6056,284120,100241,3389,1322111,1728176
8574,5722,427922,35852,3797,388757,872643
7537,5444,135076,39129,4482,330032,524108
6573,4297,145155,31352,4334,336471,530589
7647,4778,243976,40556,5759,1425477,1730156
8759,6018,377668,66871,3296,1464876,1929581
9481,5981,445007,64445,3130,1507944,2039099
5815,4370,130160,31630,4370,385281,564015
10610,6167,198000,32055,4204,455978,708848
5555,4333,294487,43537,5908,1351114,1707064
7481,5351,439642,43278,4055,307076,809310
7851,5111,173203,37426,4722,299665,530534
10630,6166,180394,36814,4352,1484393,1725305
6611,4352,263751,34315,4833,1450368,1766657
8629,5722,395647,69074,3463,1388028,1872638
8499,5537,152504,27129,4926,373882,575182
9444,5444,147324,40056,4889,335598,545534
5610,4111,241404,36186,4463,357055,652181
9759,6685,323484,42167,5444,1486728,1876804
8926,5407,406509,32500,4407,1426166,1886286
5314,3760,164440,90444,3408,1424124,1694064
4499,4074,212835,31926,4278,224699,484738
5203,4019,302248,43852,5389,1386593,1749990
9184,5686,799792,37722,4463,1448972,2308357
8741,5222,136278,45204,4907,363108,565108
8518,5593,170321,32555,4334,1414003,1637620
6333,4185,263105,41982,4611,1358182,1680546
10870,5519,185277,32500,4389,363997,604997
7481,4556,129616,29796,4296,292882,471034
5815,4185,1339125,30426,4277,267236,1653213
5148,3851,235962,44926,5426,1420066,1717731
7889,6000,576209,31759,4592,374490,1003013
8963,5055,406733,41574,5074,332337,802366
9814,6408,121904,48519,4852,321240,515423
5388,3889,205652,36259,4592,1326525,1584880
9166,5833,288880,36277,4889,1440110,1787489
5388,3815,383737,36612,4444,1385697,1822304
8055,5352,144557,77149,3444,305736,546534
10926,6537,164619,37667,4981,364878,591571
8314,5297,275402,42612,5870,293408,633515
5389,4000,354853,48648,5500,1437914,1859027
4943,4075,130932,40130,4815,395564,582478
9148,5870,146698,38019,4055,1505478,1712046
4925,4278,233722,37019,5537,1436657,1724620
10851,6093,316913,43037,5111,322157,706199
8907,6371,406549,40889,5648,1364477,1834860
8241,5648,157017,38389,4259,373369,589238
7499,5204,206579,38722,4463,288251,552774
10777,5666,293011,37871,4185,321948,675847
8648,5981,422665,63297,3537,1428694,1935156
5667,4055,194874,65889,3352,324622,600552
8889,5611,175139,40945,5851,391339,629811
8573,5130,280294,32574,4277,1430419,1763379
9092,5834,352188,42759,5371,1420134,1837860
8944,6389,132249,39482,4888,333137,527701
6074,4259,157144,35389,4445,363538,573368
10203,5278,614077,44185,5852,1465170,2146895
4388,3907,982195,34519,4463,1761733,2794447
9148,5537,406254,51500,5167,342722,823736
5647,4093,129686,34370,5019,453496,634848
9463,5704,202117,40352,5278,1429391,1694398
8981,6277,736421,39130,6019,337461,1136289
9500,6296,437334,37407,3871,393439,890162
7815,5611,129839,36148,3500,1929945,2115322
10278,5981,166919,36592,4630,1441664,1668843
6110,4297,261350,41334,5037,1910414,2230839
8425,5648,347209,39852,5833,210881,620052
7499,5334,140195,40537,5593,298635,500238
5351,4370,142387,37740,4408,339629,535700
8777,5667,227781,43463,6000,247679,542182
9296,5926,357176,40537,5815,1422924,1844045
8407,5333,1178166,48055,4797,302492,1548806
48777,4241,135873,34518,4630,316772,546756
8778,5555,197934,44908,5796,376710,642404
9370,5926,297885,41574,4185,1481271,1842138
9499,6093,374743,40666,4723,282105,720218
9537,5500,167007,41741,5759,345360,577534
6111,4314,169699,39296,5037,297928,525016
9592,5981,254723,39222,4871,1493803,1810582
5258,4037,350248,42981,4945,317007,726384
8852,5352,134604,38685,5074,315412,510312
5240,4092,147351,33556,4889,316664,514589
5073,4111,230894,44445,4241,268306,558941
8740,5704,319918,36741,4093,288929,666107
5926,4296,1202778,72889,3111,277380,1568324
4703,3797,130744,42593,5834,300122,489701
5000,4037,206695,38630,4555,1389110,1650009
9721,6778,293739,42870,5130,1461973,1822563
8481,5186,434114,42575,4703,301029,798144
5685,4074,161860,38315,4352,287118,503738
9592,6686,670442,38111,4833,310052,1042124
6462,3908,260761,32556,4018,2089780,2399708
9499,6000,347860,36408,4870,288784,696125
7315,5203,134792,41055,5260,294057,490386
4963,4389,144334,36630,5259,1517397,1715472
9648,6148,237525,45093,5093,1383001,1688583
7851,5000,321180,34204,4907,1419847,1794916
7537,5333,409871,38092,4852,2046189,2514060
4407,3963,139098,41241,4852,308899,504664
6481,4648,200752,51667,5630,244967,516552
6333,4055,459722,53667,3370,1458619,1988229
7573,5260,375579,43037,5519,1464206,1904007
9611,5537,127992,42167,4074,302357,494534
8259,5315,168924,36759,4371,281184,507423
10610,5815,259060,33537,4574,258548,574978
5129,4129,354899,46334,4796,350411,767458
9351,6315,125645,37389,4204,333759,519200
6241,4259,141873,35222,3871,310753,505072
10536,5963,231435,40000,5555,1371575,1667805
4666,4056,376996,40074,4722,315740,748588
8574,5703,404873,41130,4833,326530,793607
9185,6037,189729,35315,4371,361451,608774
10500,5777,200199,41667,5148,1368421,1634306
5147,4186,295501,34259,4500,240718,586737
9703,6408,376766,35444,5074,1375705,1811378
4999,4334,136475,43296,5334,308003,504534
10241,5333,178574,49092,4871,1353787,1604491
4925,4834,276376,30704,4388,1392929,1716620
8370,5129,408049,43630,5315,349965,822958
9815,6629,125110,44278,5833,339276,533608
6092,4111,138838,39351,5019,1508523,1704471
7740,5371,240103,32555,5056,1414128,1708342
6184,4204,318331,36741,4519,332479,704607
9758,6871,490097,37889,3111,342861,893143
8647,4963,332010,41389,4926,358912,753477
5463,4185,207774,45482,5167,1464715,1735175
8814,5982,329855,36629,3834,1457931,1845897
5518,3926,383638,33593,4444,294135,727255
9741,6407,134070,37851,4278,285520,480405
8333,5537,169427,32963,4463,323625,547015
8166,5241,328211,44870,4871,1418222,1812248
5184,5093,362273,39741,5537,1292698,1713249
6667,4555,132167,33370,4667,328293,512386
8444,5722,136154,38093,5518,1516503,1712879
9036,5500,229235,36814,5649,277947,566793
8463,4833,315111,39648,4500,1379601,1754268
6407,4556,410783,32760,4018,1429465,1890045
9278,6166,125419,43389,5129,329709,521757
5111,4778,236702,41518,4815,1388307,1683694
10407,6074,296838,38185,5908,310954,670626
9296,5130,424510,47130,5278,373799,867144
7481,5482,146293,81723,3388,336240,582571
9777,6481,161189,34074,4333,1499506,1717823
6944,4519,255935,33426,5444,228766,537367
6296,4722,350497,46519,4703,1442623,1857897
9666,6778,128576,37000,4241,304699,493090
8981,6352,151786,39630,5833,1502316,1717157
5185,3907,233885,34870,4760,1407809,1692546
5870,3834,330760,39241,5500,1440173,1827434
9425,6648,447804,43686,5370,1323611,1838545
4944,4315,135624,58982,3444,510335,719515
4685,4444,238297,41778,6185,1362786,1660268
10685,5889,288302,43148,5648,1407280,1764508
9147,6815,409012,39778,5648,241669,714495
8722,6462,119944,34185,4908,391368,568293
8518,5352,2132251,41944,5704,393309,2589689
18555,4444,106140,36352,4834,1796385,1969359
7926,5296,348610,53907,3222,227424,648904
8426,5111,414763,40278,5352,1505762,1981933
9537,6666,148139,43149,5092,1474907,1690157
8721,5223,616942,40185,4723,1475434,2154839
9129,6648,343688,39500,5519,337344,744329
5759,4370,405157,43056,5593,1483590,1949970
4722,3907,166200,78093,3277,345242,603700
10852,6018,197761,34723,4500,382568,638941
8963,6278,282600,34000,5352,1428926,1768527
8851,6000,126477,28777,4741,352076,529627
4685,3759,137723,45407,6019,373292,573256
10426,5833,162451,33241,4518,322824,541312
9370,6611,253235,35408,4481,323447,634552
5037,3814,358130,38630,5648,1434582,1848267
5592,4648,144228,33481,4519,375473,570126
5574,3500,141474,34778,4500,360115,552367
9259,6055,242018,39000,5482,293793,597608
6388,4444,337265,45333,5389,1379707,1780526
5370,4000,416825,46686,5203,1502182,1982229
9666,5889,161257,44759,4704,323277,551589
5110,4482,235967,39444,5519,1446264,1738934
9667,6740,322881,42481,5889,329449,719478
6056,4203,385497,38278,4963,391387,832773
8703,5074,133669,39556,5167,384346,579312
7981,5685,163304,35204,5667,1486408,1707730
9574,6018,251589,40778,4926,1369309,1684861
5278,3944,346576,39056,5926,1450765,1853545
10425,5797,127618,34685,5241,337619,524145
7759,5056,142383,32111,4297,361669,555608
9611,6444,228149,41611,4130,1357934,1649843
5037,4000,339062,52889,4926,359637,767644
10351,6000,403605,46908,4167,264779,738551
5666,4334,122777,54852,3592,425183,619256
8629,5852,197709,46796,5222,259622,525923
8462,5371,284159,47093,6056,311744,665774
5833,3778,389499,45093,5500,1998764,2451245
5481,4685,182616,36518,5463,325363,562793
8926,5629,162288,38778,4389,382005,604645
5166,4371,256016,39778,4592,1477733,1790490
8352,5240,428912,26703,4334,334769,810625
6999,5463,133213,37222,4296,329100,518626
9555,6259,131886,41463,5296,337815,534534
9018,5963,223318,49852,6111,312809,609015
9907,5371,124248,31612,4407,367915,545997
7333,5407,466904,75370,3111,249907,810069
6315,4296,285946,42278,4926,1339914,1686546
8573,5574,198563,35500,4648,1408595,1663564
10184,5945,292476,54500,3463,1366051,1734638
5870,4537,374464,34722,4519,1382063,1808471
8444,5370,129469,32371,4500,349250,532182
5296,3944,167475,59574,5519,437206,680866
5962,4630,259647,45537,6241,1411787,1736045
4721,4630,357043,31092,4334,279305,683162
8963,5759,127455,41704,5259,333005,524182
9870,6463,131720,34019,5056,345813,535590
5833,4185,233745,41796,5574,1410042,1704786
9129,5834,314213,38149,4352,1467849,1841656
5537,4129,453498,45407,5704,367331,884236
7815,5037,184762,35648,4926,331179,571701
10240,5482,191324,53389,3351,246674,512979
9537,6148,281237,46148,5908,274351,625922
9111,6370,379688,36315,4481,351808,790181
8852,6500,129230,37815,4889,354544,544331
6925,4130,167402,42685,5019,1472884,1701471
8647,5797,249797,39833,4612,1399729,1710490
9370,6130,340785,34407,4389,326618,723774
8962,6445,1199959,54889,3649,286642,1562824
9944,5148,143944,29908,4426,385534,580978
7981,5426,228302,34593,4315,1462095,1744750
9110,5741,315142,42944,4945,317132,697440
9389,6574,409166,33722,5000,337533,803385
9481,5148,330135,33037,4833,1351152,1735731
7629,5445,193325,46019,4926,1417331,1677139
5036,4167,291276,32389,4389,1407991,1747323
8369,5445,369374,33241,4204,1462133,1885026
7036,4519,985567,32092,4797,344203,1380640
9351,6519,167552,43833,5538,1443456,1679675
4795,4334,436947,41204,5741,360195,855513
8518,6166,417472,35204,4907,326339,800976
5647,4445,436255,45593,5630,431646,931550
9518,6519,127557,33889,4963,338365,522812
8241,5351,243545,103371,3463,1354908,1720842
9332,5612,312995,37889,5000,290649,664200
11222,5870,457483,81926,3167,339456,901217
8944,6518,129155,36018,4908,334638,522960
7370,4648,207012,44833,4852,1322479,1593602
9555,5870,315593,63537,4667,1488433,1890822
10018,6537,371802,43556,5296,385545,824977
5278,4388,153438,81870,3333,310671,561164
7758,5130,168258,55204,5389,285350,529089
9648,6055,1032636,37889,5593,1402924,2497023
22722,4722,328622,41518,5334,1428312,1833582
5278,4648,139145,41371,4870,355981,553293
6073,5056,147281,42389,4907,359605,567348
9240,6000,230732,33963,5037,1408370,1695509
5981,4611,314552,37093,4722,343981,712977
7685,5778,398225,32593,4407,1431542,1882286
8962,5426,136527,36130,4111,375933,569719
5240,4741,209662,39722,6093,1425050,1692786
6722,4759,280446,38075,4759,281161,617886
9425,6574,372249,34389,4815,1378889,1808360
7778,5166,134291,36648,5167,380780,572590
4481,3945,204759,46760,5926,1455397,1723620
9129,5092,254525,45241,4778,1509724,1830915
9148,5963,599643,36203,4963,1447142,2105136
6147,4223,854000,48649,5018,347510,1268178
9463,6389,127579,42537,4870,312955,506516
5573,3982,229789,52666,3408,292689,590459
8073,5445,373869,45204,5926,336626,777532
9629,6241,122170,33389,4741,416271,595422
5074,4055,125732,39111,4945,322431,503386
9870,5796,297146,41129,4723,442960,803569
6184,4074,292207,49334,5926,1478726,1838452
9444,6593,885696,34944,5241,327075,1271512
9370,6593,132051,38463,3945,356649,549775
9110,5722,161632,43000,5185,1412007,1639305
5352,3833,255397,42204,4259,323933,637293
9796,6240,340052,34092,4574,1481086,1878545
4888,4093,123334,42704,6000,363088,547256
9944,5518,130600,40426,5129,1448965,1642620
8981,5981,250606,42444,5834,1432273,1748434
4666,3833,319501,40000,5814,354644,730533
9259,6777,409766,45260,4333,421859,899828
9444,5556,132789,76982,3352,1376516,1607306
8185,5425,193000,33537,4055,318516,565163
5999,4797,282486,44963,5926,1342930,1689083
11425,5834,445381,39019,5056,286984,795625
8815,5000,172368,27445,4166,360814,581312
9833,6611,163930,47648,5537,358511,594737
6425,4297,253954,39370,5908,1408165,1720471
8629,5963,376535,44000,5667,1412732,1855730
9443,5408,430133,39074,4537,1480004,1971581
5147,3722,136490,46204,6000,363229,562848
8888,5741,222607,53389,5241,1419142,1716897
4370,3704,321094,39538,5055,1480543,1856656
10740,6352,418638,41759,6500,1347870,1833878
4000,4018,126514,39740,5704,516890,699552
8018,5407,198112,41871,5852,1456785,1718231
6481,4222,292137,36481,5185,268120,615385
5999,3908,602791,45537,5129,402351,1068216
9629,6574,159852,35814,4204,301997,520293
9685,6222,161691,55944,3889,265714,505553
7092,4982,256696,45500,4130,1437460,1758675
8333,4908,476721,39741,4870,381181,917884
8573,5796,431135,77963,3611,1458465,1987710
9444,6592,1212791,28667,7740,1393306,2660522
7499,5519,228757,80852,3389,1363992,1692620
7907,5222,1234932,39833,5648,339096,1634713
10147,6334,496213,33834,4704,331836,885013
7481,5426,187608,30704,4685,334055,572626
4740,3741,200113,78038,3277,383049,674737
8814,5148,288972,40444,5519,1480869,1832508
8425,5352,442922,39686,6129,1495382,2000303
5166,4056,130723,44204,4704,338440,529904
5741,4037,161210,35278,5611,342527,557090
7759,5166,260699,57481,3426,279928,616737
9499,5944,433705,40389,5722,285976,783291
5351,3834,146821,38370,5352,366435,568126
7647,5556,129438,39037,4833,326300,515330
5629,3760,223647,35037,5019,1428972,1705250
9537,5907,305339,44741,5870,247176,620997
4703,3889,398308,35777,4741,1367330,1817267
8999,6037,135702,44945,4815,1428640,1631509
9074,5148,185967,107075,3592,1392468,1705676
5185,4148,282159,33722,4500,294542,626626
9351,5907,364869,43481,6074,321405,753366
7221,4037,144781,37945,5592,306050,508219
5332,4130,183509,34908,4888,354247,589126
8610,5926,268626,46426,5815,391944,729995
4870,3741,346317,40686,5074,381919,786033
4518,4111,124434,37315,4796,369545,547571
5944,4796,132328,39519,6111,370983,562145
4222,3815,370094,34315,5074,398253,818033
7352,5518,306693,39388,6075,1889350,2256672
5444,4334,418198,44241,4704,353833,833736
6536,4019,168389,41592,3722,356386,583330
9518,6426,226340,46518,5685,562637,859051
7648,5018,284457,52537,5685,1825531,2183043
8740,5722,373407,33815,5482,329089,758162
9147,5704,131801,39611,5148,321141,514478
8815,5481,162196,37722,4704,365486,588090
9555,6519,242257,36889,4945,2067969,2370301
6556,4870,339171,33833,4667,336565,727737
6721,4260,925770,40223,5092,301129,1285196
6425,4685,131294,44741,6111,302704,497960
5037,3963,231762,39741,5352,1402561,1690398
9722,6759,310564,42741,5167,363376,740847
5741,4351,408608,37352,4944,343518,806940
6185,4407,198984,35018,4759,292570,544793
4425,3815,195211,30297,4759,236175,477034
4148,3833,282736,46000,5963,300279,645681
10889,7166,363779,39186,4963,353161,781662
6981,5259,166544,48777,4575,289712,524311
8777,5815,166956,41427,4962,348244,578533
9666,5833,249426,36167,5352,1363694,1672879
5962,4519,344747,37944,4463,1469335,1868989
8129,5574,423067,38445,5130,427464,910050
7092,4815,145980,43038,4759,1512695,1720768
8852,5388,215376,41777,4630,1417004,1695416
7352,4129,311992,33667,4871,1440423,1804471
7648,5370,395110,33574,4278,1397898,1847249
4832,3834,131559,32463,4111,331568,510404
9684,6000,184380,43537,5963,353413,605255
6426,4351,281942,31852,4555,287259,618682
9333,6518,373762,31575,4277,255919,683996
8722,5870,144490,35963,4371,369877,571775
9462,6722,386645,42148,4944,344074,796421
9704,5740,253298,37926,4611,1454377,1768379
8037,5500,470138,38222,5204,288672,818255
8463,5629,627533,41259,4778,1273530,1963378
5055,4000,131538,38981,5482,373903,561515
8629,5111,218543,38352,5074,2073962,2352764
5314,4093,419086,52297,3778,270501,757643
4870,3908,1800318,39111,5185,1355571,3211389
4222,3870,259359,38111,5834,223378,536775
10388,5926,186437,37334,4185,1452053,1698305
4481,4075,355813,37019,5000,326497,735367
8185,6018,361394,58130,3518,1440596,1880545
8630,5685,154288,31407,4611,1459980,1667306
10296,5611,152238,41278,4556,331277,547682
5203,3871,253948,30074,4315,1415857,1716046
9518,5963,331139,33408,5352,306560,694052
9666,6481,424646,45222,5944,1470288,1964803
8555,5167,170150,62370,5649,304753,558849
8351,5556,217989,46908,5185,1495741,1782119
4666,4185,309570,37481,4371,1485364,1847637
10278,6907,394335,45056,6148,1393858,1858879
8611,5814,124767,42185,4259,337861,525904
5296,4685,191087,32889,5111,293929,535071
8296,5463,280667,43370,5408,1379100,1724249
7481,4685,369154,41519,5074,1492131,1922414
6203,4297,185863,51760,3704,337243,591349
4351,3889,160425,38852,4407,416257,630700
8055,5223,244005,33722,5481,1393152,1692213
5852,4204,436789,57111,4500,292928,803811
9925,6112,1047259,41982,5944,299232,1412825
7203,5093,129467,43092,5611,401808,594441
4759,3870,219602,39908,4833,340876,616367
5963,4111,316034,42519,4333,1488585,1863841
5407,3834,419855,39019,4277,331103,805607
5259,4092,1148771,57167,3888,1428993,2651022
4963,4574,235959,38056,5315,277370,568886
4241,4481,321243,34093,4092,1360562,1731898
9592,5519,398656,32204,3889,259691,711496
9277,5870,130755,36611,4352,339390,528145
5259,4018,160686,36537,4649,392829,606422
5518,4574,246600,38222,4593,1394335,1695953
6999,4704,727514,42833,5945,1317659,2107747
7370,5241,118777,32723,4500,394552,565719
9815,6833,131394,52612,5277,366195,574349
8518,5463,221679,50037,5185,309170,602886
6352,4388,322574,33592,4797,1461323,1835545
4555,4777,411821,34926,4907,1414188,1878785
7629,5167,193307,42426,5963,316467,573626
8352,5537,197294,38426,5722,354925,612700
5759,3740,278523,42555,5926,1399579,1738490
4370,3685,367362,43445,4852,1354313,1780397
9519,6203,151608,40056,5685,417333,633256
7463,5240,156392,32333,5685,374809,584682
5573,3889,256138,60463,3204,1438815,1770952
8685,6000,332885,42259,5223,327036,724515
9740,6740,417614,36185,5019,251252,728847
7500,5463,127637,33167,4018,337823,518257
9462,6148,211069,41445,5222,1433884,1710860
5740,4611,309668,32759,4500,331236,690607
8667,5796,390229,30963,4333,321359,764200
9444,5426,193364,39537,3648,258151,512275
10888,6445,183147,33834,4148,1370139,1611250
7499,4963,275895,38796,4074,1374337,1707860
9370,6204,166196,34815,4685,342189,565737
8333,5500,355018,36000,6148,1532453,1945767
5703,3852,160226,33334,4370,308233,518200
6796,4296,244288,32907,4075,1424164,1718879
4814,3852,339757,37482,3926,1491065,1884082
9518,6389,1576229,87963,3759,1471735,3158167
16832,3630,326826,38833,5149,300447,694088
8463,6259,249478,33204,4926,259852,564682
5574,4556,322873,35870,4889,320678,696793
9500,6740,387879,37278,4593,1412925,1861841
7500,4481,156884,35649,4833,279354,491460
4888,4649,202742,34463,4963,1458433,1712231
9240,5907,269915,40759,4704,1325835,1658935
8222,5333,1795221,35111,3926,1492686,3342888
5629,5148,165892,34075,4074,299308,516053
7332,5186,1379194,35426,4889,369703,1803471
9369,5908,248734,42408,5222,1316145,1630138
8833,5740,344593,33814,4704,310459,710662
10204,5185,431839,31074,4852,1381983,1867767
5518,4926,140307,33259,4815,360616,551089
4684,4574,217591,39334,4407,1388325,1661305
8999,5667,317282,43130,5778,291362,674329
5518,4648,876845,42407,5704,287148,1224215
6314,4500,125386,40889,4055,308778,492441
9888,6074,217004,38500,4685,1512338,1790841
8462,5704,286583,39148,5297,1416647,1763860
10722,5981,379867,38130,3907,361443,801958
8666,5945,158779,44445,5463,276013,502034
6962,5037,154860,39408,4796,1476242,1689879
8666,5630,242680,39463,4797,218038,521775
10740,6130,342464,33704,5018,336884,736662
7388,4963,1230880,36537,4778,291037,1577343
8296,5555,161957,34667,4704,310225,526923
6092,4371,254111,33574,4815,244959,550145
12296,5722,294673,33556,4704,349712,702274
9055,6611,389401,63648,3315,211780,686255
9389,6740,159796,45870,4815,290165,519571
5796,4407,222783,36907,5278,200566,478497
8425,5167,287566,31926,4815,1495293,1835619
8815,6296,413702,36371,5278,350737,823625
4796,4185,161578,38500,3963,360974,576367
10295,6537,535585,35296,4612,328873,923513
9092,4981,248164,42778,5315,1393067,1705453
7296,5167,333855,36907,4815,1459708,1851119
5962,4278,384194,40167,5815,385356,828476
9741,6240,168145,43574,5333,296557,532016
9258,5315,210891,39389,5111,1400396,1673397
5055,4074,151304,39704,4852,291767,499090
9592,6963,426847,38519,5092,1469049,1958655
7332,5019,232279,35796,4852,257274,545108
6185,4666,184803,38000,4926,283046,524349
9926,6314,283569,33574,4778,1443384,1784268
8611,5444,358259,33834,4833,288126,701089
9962,6741,147080,33574,4092,374232,578422
8592,5371,150122,38408,4870,1471294,1681287
7925,5444,242536,40093,4685,1413565,1716712
9185,5926,328875,34574,4630,342621,728200
8333,5963,419326,44259,6093,1313645,1799712
10166,5741,166646,35851,5149,326832,552793
9444,5981,208652,33370,5204,1418339,1683268
8777,5574,301954,46463,5445,1420517,1791267
8166,5482,403552,40445,5426,1396510,1861897
5148,3592,215540,33963,5093,328308,593923
9296,6463,192397,40667,5667,317025,573941
6036,4315,285977,113426,4000,1342031,1758526
6444,4185,364520,41871,5574,342919,767940
10796,6092,123785,33889,4982,340045,522089
4518,3963,158439,56000,5518,335780,566330
8388,5482,239871,42666,5130,1453600,1757378
5184,4000,336359,47389,4944,1398724,1798545
10130,5240,417883,47575,4777,261854,749533
9462,6537,127444,39500,4574,336646,526812
8814,5926,209821,36129,4500,1358560,1625880
5074,4148,316715,52352,5741,360818,746867
9444,6611,386314,53926,5333,285274,749495
7259,5111,394486,45667,4370,1424985,1885174
4647,4019,193695,54593,5352,1424646,1689286
4222,3574,280646,36315,5000,281591,613812
8036,5778,366282,40203,4815,325251,752384
8889,5852,343935,39482,4574,1508479,1913674
5518,4111,169978,38778,5111,379963,605848
4407,3648,130243,52797,6111,429086,628960
9592,5277,328546,44852,5685,354265,750866
4315,3759,281644,32833,4352,1591697,1921008
8870,5907,125723,42815,4797,441921,632885
9407,5667,218248,57111,5833,1414798,1713620
6647,4241,120013,49778,4981,332577,520849
8888,5870,424594,69259,3630,1430858,1945600
4481,4259,125728,65556,3518,332362,538534
9296,5685,180290,41204,4611,244948,488294
6407,3999,273796,43426,6056,1405305,1741730
8870,5444,743414,39648,4278,437672,1241771
8889,6055,139307,31352,4685,380116,572738
9555,6222,148036,42685,5611,1493177,1708064
8277,4556,241967,31852,4389,1482208,1775619
8536,5296,123158,30278,4278,385580,559533
7926,5629,475702,61611,3685,379404,936532
9500,6111,132002,50093,3000,350124,553441
6369,3908,213249,41575,5389,1437222,1710175
8981,5445,336126,70315,3907,1357642,1784583
9444,6241,438095,91148,3871,210585,761514
6426,4352,237081,31519,4908,290340,577145
5592,3741,196198,37445,5167,1364773,1615027
4500,4018,310613,76370,3741,1443970,1845138
10666,5648,353359,56482,5833,1451130,1884989
9962,6278,202772,40167,4685,241540,508071
7407,5574,157611,32778,4389,372941,583312
8721,5667,245747,27778,4407,1391410,1686305
6999,5056,390642,33500,3629,361261,803699
8184,5186,410332,43371,5166,403700,878698
10740,5667,121079,38926,4388,375456,558960
5203,3667,214455,40148,4093,258727,528719
8240,5408,369998,32648,4222,379812,802292
8851,5759,776005,37889,5167,282674,1118641
7444,4259,163528,40759,4426,370413,593330
8796,6204,711016,46741,5741,464180,1244641
6722,4444,285929,108722,3797,257437,669774
8721,5667,964881,41092,5315,316815,1345455
10444,6278,140458,37149,5370,1479050,1680953
51147,4500,114039,54130,3408,331661,560923
8055,5037,245081,40945,5204,1450871,1757823
9203,5704,437625,32037,4815,281833,773533
6278,4222,434297,103260,3907,1285803,1840342
9666,6537,124432,40259,5926,349158,538034
6240,4297,210327,44315,4574,1391108,1663213
8110,5334,338703,104593,3834,1306156,1769082
10926,6389,383635,50093,5222,326008,785033
4667,4074,122307,47000,5056,320875,506386
9110,6093,176276,41982,5167,351109,591737
7315,4851,270024,34370,4445,1444985,1768546
4796,4334,360103,38444,4797,1457237,1871953
9148,6407,131331,32241,4370,343370,529293
7795,5093,169596,37963,5574,1463672,1692138
7777,5185,252121,39111,5074,1456036,1767360
10221,5926,370868,90074,3815,271035,754236
8629,6334,413003,30463,4889,1385079,1850601
5629,3982,130527,46074,5592,388896,582719
9407,6426,204977,44556,5555,1428791,1702212
9333,5556,296483,43704,5555,1479988,1842638
5092,3963,430582,38259,5371,1426407,1912063
4500,3518,151624,69574,3926,1489403,1724861
8203,5333,177927,62611,3555,1440787,1700842
10592,6074,1521398,87612,3685,301590,1933656
7999,5278,943625,32463,4630,1560286,2556596
5518,4259,176352,42907,5389,274961,511368
5611,4445,164671,34167,4056,1458244,1673880
9685,5389,236381,33593,4537,259227,551497
8407,5556,707110,38982,5055,414253,1181771
8000,5222,429523,34463,4834,1337373,1822008
8944,5777,158214,36056,4889,1988588,2204765
6185,3981,224294,38278,4722,294814,574775
9277,6574,330782,33870,4908,1890094,2277580
8259,5204,425991,34000,4870,216061,696385
9463,6555,160107,33389,4834,291297,508090
7258,5093,215169,31852,4741,1347877,1613953
6463,4704,284193,34056,4870,1352649,1688917
8111,4759,354996,41926,6352,283129,701663
9369,6797,160371,36556,5000,264959,485237
9407,5204,160414,33389,4870,373416,590034
9203,6611,277606,37704,4481,194558,532460
10499,6982,329389,54296,3834,325477,732736
9666,6630,2349807,55037,5000,290103,2718447
8148,4870,124678,38167,4815,317782,500886
9018,5741,204870,106111,3889,1452916,1784675
9537,5740,332913,39482,5203,206362,601774
5981,4463,425382,31981,3889,273484,747644
9314,6204,158128,32389,3963,377591,590626
8184,5204,176985,35241,4408,1463208,1695342
8851,5537,272455,40167,3777,1427147,1761545
8832,5186,355923,37778,4630,1420621,1834989
9185,6518,126021,35575,4574,314457,498293
8648,5666,146120,32871,4518,337748,538182
9148,5907,236423,42833,5870,308001,610293
8796,5852,323798,38630,4333,1418692,1802212
10092,5833,413712,38481,4426,1429852,1904377
7074,4463,122661,40389,5074,348243,530515
6018,4556,392445,34167,4519,319550,763774
9889,6648,296729,44371,5222,2050368,2415746
8759,5167,404809,62445,3407,359223,846551
10777,6889,151370,36741,4556,416700,629719
5500,4259,179765,32204,4296,1368874,1597473
4703,4278,271993,55463,6037,2068697,2413968
9481,5186,392869,40408,4037,1449397,1904026
7740,4908,156301,33648,5037,1509726,1719712
6444,4222,151474,41240,4871,401949,612478
8666,5648,237276,64019,3148,1444010,1765490
9518,6500,321930,44037,6111,1483522,1873582
8740,6259,925641,39370,5871,356999,1345047
9036,5945,124348,50445,5555,383500,580904
7778,5388,249985,37666,5482,1393839,1703676
10537,7296,295953,33315,4759,1418481,1772435
6184,4741,928238,42149,5407,377032,1366270
6704,4981,134372,79259,3815,318125,549590
9777,6445,210600,40537,5148,242712,517830
6481,4612,267624,40315,6074,1449773,1776935
4758,4686,363593,36982,4426,339346,756032
9407,6630,132339,45074,5945,370879,572867
8092,5037,154568,41926,4204,378077,594182
9463,6185,272259,41018,5593,1278935,1616102
5351,4333,341117,37519,4814,397583,792680
7352,5222,1229643,34259,4926,350366,1634398
8499,5445,127387,98315,3796,338424,584219
8722,5407,204171,34334,4685,339436,598886
7185,5315,297010,57093,3222,1387535,1759453
5962,4611,386702,40852,5667,332293,778106
4741,4259,174170,39148,5018,1442784,1672565
5592,3574,179695,34648,4759,361525,591812
9703,6185,262589,34723,4500,1431993,1752101
7758,5241,352318,53333,2945,310159,734384
5111,4537,193971,41833,4963,235378,487886
10407,6018,370700,32463,4889,323574,750162
8667,5889,275242,31889,4796,1288952,1617547
10518,6648,319600,34574,4704,1384797,1762971
7166,5130,415661,41445,5111,262001,738903
10278,5814,187538,38963,6018,245145,495849
8481,6537,204062,42241,5759,1496317,1765768
7888,6093,307568,36815,4333,1362978,1728175
4962,3889,425370,33259,3871,1456563,1929989
9648,5685,166209,32129,4852,376677,597719
4962,4000,181252,42815,4592,1409017,1648860
6499,4426,265480,34056,3981,259110,575571
7481,5722,355134,43222,6149,329046,749125
9999,5519,145732,39722,5185,317635,526182
5721,4112,161608,33148,4926,394481,606330
4148,3759,241225,38260,6241,1430523,1726472
3907,4185,334713,42019,5315,390764,782996
11647,6037,422442,32777,3926,1358678,1837730
4074,3833,133761,32834,4759,1442970,1624361
8055,5149,204693,40629,5112,1368667,1634380
4796,3852,350810,33260,4870,374537,774663
10462,5723,393575,32352,3852,1393506,1842712
9314,6667,123914,38167,4963,346786,532386
8944,6037,173253,42741,4926,1366534,1604787
5407,4574,268352,43686,4666,1346028,1674657
10462,6074,351136,46000,4907,1458354,1879655
7240,4944,153049,41667,5352,1474349,1689268
6296,4574,162073,34000,4926,1452584,1666935
9777,6630,230505,37685,5111,360491,652329
8537,5185,378233,35815,5093,282170,717403
5759,4277,414777,56852,6018,205961,695626
9815,6611,162467,43370,4759,276771,506590
8851,5852,241750,40260,4185,1370980,1674583
7814,4797,331330,31519,3870,198222,579775
9499,6185,410096,70185,3723,312214,813643
6703,4741,763435,33871,4944,1437292,2252987
5351,3926,178866,53112,3351,294279,540552
5148,3999,654448,36481,4537,1423374,2130358
7851,5204,393471,42759,4982,297413,753940
5129,4352,128624,35760,4963,352631,533238
9944,6518,153483,35092,4982,1457601,1669639
5833,3833,252062,31741,4982,1409724,1710194
7629,5407,363680,33555,4908,313131,731792
10536,6722,408130,35630,4982,264680,732310
8166,5444,128487,33815,4759,358918,541274
5648,3926,223233,39945,6111,1464256,1745972
6537,4389,302480,43519,5944,355441,719866
8888,5833,399339,38241,5277,374250,834180
8537,5315,154343,38371,5574,342968,557664
10684,6278,176516,42945,5500,1433196,1677842
7629,5389,262448,41241,4833,1396375,1720193
5815,4166,375010,35037,5408,1428961,1856360
8833,5259,158515,39259,5130,329241,548200
24110,4556,126502,36741,4778,367624,566644
5499,4000,238935,36889,4444,1432334,1724138
9259,6074,320588,34575,5018,291556,669070
4926,4241,415668,38408,4389,239586,709496
9315,5518,129063,35518,4223,341119,527423
9074,5666,207977,97185,3556,276483,602256
5055,4555,313871,60945,3315,310958,700755
8314,5815,387359,42889,5500,361562,813940
9185,5703,161086,36889,4760,397410,617830
5018,4593,177110,42611,3315,1497694,1732101
5018,4074,268265,35592,4426,1475873,1796656
4351,3907,370549,35296,4963,356688,778125
9444,5611,146276,34204,4926,292240,494720
7629,5000,157930,34259,4815,1447560,1659416
8574,5333,269436,34260,5611,1467812,1793860
6500,4833,330109,56093,5259,347183,752478
9962,5889,1304339,39000,4815,1552440,2918501
8240,5871,159194,31648,4796,331266,543423
8814,5407,252608,38556,4666,1512882,1824989
8758,5760,291484,41870,4593,1420617,1775600
6537,3833,428453,36518,5167,324913,807866
9333,5944,169736,39389,3574,351316,582719
10148,5463,208575,36500,5093,272662,540979
5407,4704,263618,35185,5315,1391890,1708657
10444,5888,246865,38074,4352,1543847,1852230
7889,5074,147463,45185,6037,393108,607293
5110,4815,214432,34815,5185,345306,612033
5518,4481,236846,37185,4667,294077,585219
11111,6259,371500,81278,3370,353014,828792
7388,5093,583857,39167,5185,417192,1059753
6314,4407,160400,36000,4037,297579,511367
9907,5722,237924,34519,5166,218888,514182
11443,6075,286504,39889,4629,1393653,1744304
6870,5019,382343,39649,4648,352096,792589
9425,6574,144923,41889,4815,298166,508663
8851,6352,186614,35186,4722,1465024,1708805
6370,4352,299935,32037,4741,1364240,1714101
8314,5797,386441,34055,4945,319221,761125
5111,4889,1303301,32815,4759,318560,1671935
4425,4778,186008,34814,4834,312359,549719
11055,5982,227440,38370,4463,243687,533608
7018,5148,336002,42000,5037,1419970,1818712
8573,5556,453470,40334,4129,1407260,1922155
5278,4796,163327,35130,5018,344948,560923
9296,5222,200667,100056,3648,1394619,1715546
9592,6000,288636,38500,5685,1470039,1820786
7981,5000,380401,33278,4666,274318,707977
9462,6630,141295,44685,4704,377220,586571
10111,6241,170060,41704,4481,338399,573719
8777,6482,258584,55501,5500,1452738,1790064
8870,5574,385554,39722,4093,1442157,1888545
8481,5556,132448,37185,5111,361660,552756
9037,5296,365306,43463,6000,1480479,1912100
5148,3870,274738,37722,4204,1429308,1757194
9277,5741,319966,34889,4500,293252,669607
8333,5408,517416,38519,5129,372282,949773
6611,4648,543960,40037,4352,339849,941865
8000,5259,2021580,38333,5130,350721,2432616
7204,5037,561489,39704,5982,299653,921162
5685,4426,426995,36556,5241,1514419,1995859
9944,5630,262926,42278,5945,317884,647052
8962,5593,176006,36408,4555,294028,528015
9500,6833,258938,41111,5037,283077,606941
7703,6018,389389,35741,4093,232959,677940
9463,6630,132690,33167,4222,340640,529386
7796,5037,156585,37926,5630,352078,567849
9814,6111,266202,35963,3871,250813,575256
5296,3926,322689,51223,6166,328380,719996
6647,3630,417844,34926,4852,1436922,1907618
8351,5407,191294,39649,3611,283962,534293
8907,5815,200374,34926,4537,251716,508646
9370,6093,291972,37537,5167,274950,627774
10241,6240,374497,37778,4889,282684,719015
9536,6537,152021,114296,3852,316717,605866
6036,4037,214749,36259,5075,242785,511478
9407,6574,298014,33852,4908,296204,650978
11203,6204,417279,32908,3981,309290,783495
4648,3889,148729,39148,5000,299064,503368
10129,6611,135883,34500,4852,357225,551867
4444,3723,237407,41815,4630,1381990,1676454
10332,5815,324618,38167,4092,305527,690829
7907,5389,416364,41037,5000,243224,720922
5777,4167,117573,37667,4222,337516,509756
4759,3926,206912,54167,4944,1369671,1648083
10592,5796,329753,35481,3926,1396404,1784601
4351,3926,397017,34056,5019,1408398,1855248
8925,5944,223671,46797,5018,374418,667237
8610,5371,208232,35574,5000,1448388,1713879
4851,3945,302164,31574,5148,244277,594200
6907,5481,362597,52815,3537,329047,762459
10389,6777,167231,36908,5019,336858,565978
9221,5630,151644,34278,4982,1400976,1609435
9593,5296,1241486,37278,4611,1481720,2782540
7277,5537,319397,51630,2963,279951,668940
9685,6537,410163,40703,5297,1419104,1893415
7240,4852,177704,36130,3648,393755,625903
9685,5463,198359,34667,3981,1429650,1684120
4647,3852,294050,42556,4741,377445,729755
7351,5611,397019,33185,3223,350291,798643
9870,7111,141710,46963,5000,305898,519108
9036,6167,184049,44370,4982,1435737,1687009
7704,5611,278443,33797,3944,1391602,1723602
8777,5537,350135,51111,5167,383397,806477
9203,5908,130418,41148,4611,328449,522256
6037,3870,153442,34852,4630,1485826,1691416
7685,5333,249301,37574,5704,312270,620201
5796,3685,368584,45371,4148,315726,745274
9648,6944,343275,41575,5648,380942,790533
9389,5462,121448,47926,5277,340235,532442
7425,5574,200305,33426,4852,1472852,1726860
9295,5889,299626,32297,4500,1379604,1733508
5685,4018,382577,35481,4704,1401358,1836379
6981,4445,127896,42482,4037,340934,529423
7555,5185,207291,33538,4888,406446,667607
5463,4407,261964,43648,5982,357347,681367
9944,7000,357730,38000,4833,289489,709200
9518,5333,146179,31075,4926,361243,561034
5203,4593,146296,54611,5722,424034,642607
4537,4500,270728,62778,3648,1479742,1828304
4888,4482,157678,53185,3556,301282,527367
9833,5611,698778,47260,10611,409511,1184105
7573,5352,127004,43464,4222,314603,504737
8259,5666,248011,41111,5315,1420553,1731064
4999,3741,334535,38074,4889,1451306,1839693
10962,6296,455708,32963,5074,536138,1049827
7277,5167,164509,38204,5611,317840,541349
6037,4648,691053,66056,4371,386143,1160660
8684,5649,262299,39481,5519,301493,625348
6500,4092,864047,33852,4963,1632976,2548411
26018,4463,118051,38093,5593,278297,472460
6074,4111,139705,30926,4518,324478,512664
4833,4314,230156,38982,5296,1456149,1742119
8462,5056,328995,30555,4445,1466198,1845952
5092,3907,411205,41667,4074,1353359,1821508
8240,5704,340896,40518,4889,1377280,1780083
5370,4185,205790,47074,4241,1704347,1973544
4999,3723,288833,38981,4593,1507545,1851026
8777,5871,381080,61129,3149,1422723,1884804
6666,4240,140197,39648,5648,382375,581422
7148,4666,168184,28444,4389,1467714,1683101
8332,4908,262745,37833,5612,1463022,1784637
9463,5944,357974,37185,5074,1433794,1851749
5573,4204,437924,50982,5037,1399231,1905526
8573,5556,151781,36722,5389,1435284,1645379
9888,6075,226101,33352,4686,1406777,1689713
4759,4260,335793,37203,5352,1432493,1823120
8499,5574,403262,35760,4481,1399931,1860026
8499,5500,146619,33001,5592,312841,514812
6815,4574,205477,52204,5722,287112,564127
9184,6056,327391,36370,5370,280958,667366
8740,5945,393063,36667,5722,1443278,1895841
8685,5500,145365,41315,4833,315891,524405
6092,3981,175556,53315,3241,2277263,2522059
6148,4556,653396,51741,5222,1530480,2253895
9370,5944,342735,38426,4630,1926363,2329913
9721,5889,135074,38759,4463,327275,523811
8555,5148,410191,44352,5370,1506631,1983748
7611,5500,225400,39574,4185,1416220,1700786
8444,5408,2056743,47093,5944,1467644,3593628
51222,4518,128787,40408,5333,278266,510682
7722,4759,124473,38185,3963,317913,499701
6703,4556,240849,33907,4778,1468937,1762249
8463,5370,325578,34314,4908,2193648,2574300
6055,4574,416361,33130,4870,1436684,1903933
9148,5574,127367,58740,4056,322056,529905
8369,5297,182039,33407,4982,1463303,1700564
8684,6037,640398,37519,4815,300448,999846
8778,5407,390422,33370,4704,1596048,2040748
10869,6111,120687,31685,4407,331071,506811
8333,5426,135211,41018,4704,1471058,1668435
6721,4760,239975,37649,5259,1372459,1668879
5463,4870,324630,41074,5370,1389471,1772990
10407,6018,458025,33241,3889,342229,856273
8852,6444,172790,37889,4870,380411,613312
9722,6574,207592,36574,4981,1404751,1672768
6962,4667,299987,31851,6593,1331633,1684120
9629,5797,372029,37908,4833,318151,750811
7888,5296,130184,79222,4000,248610,477367
8852,5944,161948,36130,4907,298401,518756
7666,5018,256621,38408,4444,1398684,1713008
9241,5963,1230518,49722,5685,319454,1622565
7184,5241,125225,32963,4870,329884,507423
24074,4463,120601,40167,4296,321470,517516
8129,5408,226292,38074,4463,1396587,1681028
8036,4574,393188,35352,4092,337568,784699
7796,5666,449527,40574,4871,348338,859514
9463,6444,141643,36574,5685,314151,516812
5037,4278,547464,39278,4537,1438690,2041674
9037,5370,283729,48389,5760,311470,666330
7722,4481,432606,34018,4241,377519,863402
10148,6574,228259,37204,4944,1636841,1926526
6870,4500,534969,58926,3945,1266001,1877971
9258,5315,254179,40296,5389,215041,531830
9166,5630,896612,41148,5926,379158,1340030
5277,4037,143949,39074,5593,283363,483256
8481,5778,135992,34445,4740,1451499,1642935
6074,4333,234942,37426,4000,1356623,1645342
9629,6000,364319,76889,3703,312140,775495
4833,5055,411973,37500,4426,280764,747329
9518,6648,131441,75797,3333,322982,552423
11258,5760,195780,33241,4222,306883,559071
7963,5611,333823,40315,4093,1398166,1792194
5352,4611,399088,35723,3981,1445363,1896489
9407,5926,185261,35778,4111,270810,514071
6351,4389,204711,37204,4907,1394372,1654416
4814,4574,259681,41481,4704,1408236,1725675
9147,5741,348871,41223,5203,350736,762588
6888,4908,130450,33834,4778,363638,546201
5722,4185,151456,37093,5130,1449404,1655805
8407,5574,263074,41518,5982,1497341,1824174
7852,5278,314876,56703,3593,309268,699311
5426,4389,414882,51796,4945,364446,848403
6500,4259,124480,90296,3649,232980,464831
5351,4278,198819,60815,3426,230252,505164
7537,5204,285714,50500,5815,1375664,1732583
10110,6760,392201,62593,4593,1424139,1902359
7277,4574,125466,43556,4648,315105,503164
4796,4333,185565,38703,3908,1489444,1729286
9240,6278,251849,100037,3463,1361549,1734916
8611,5481,417818,36926,5667,312400,789218
8833,5130,137008,42963,5129,360082,561960
5481,4815,143570,33055,5593,342446,537423
8314,5408,165167,32445,4815,415365,633663
9481,5759,513211,42926,5482,1489776,2068673
9981,6056,417661,39871,5111,373611,854588
9647,6482,160222,90741,3611,266441,539719
5555,4963,209969,36148,5111,1400206,1664360
8037,5074,298438,35297,5481,1429311,1784027
9907,5833,452130,33648,3963,274033,781829
9203,6426,139505,35963,4926,280344,478423
5351,5093,166955,45667,5204,1407461,1637787
7722,5277,255184,55111,3482,1414158,1744138
6463,4555,372468,40500,4945,326083,757015
10074,6482,128324,32648,4482,330024,514090
23722,4518,118738,64500,3519,296037,513257
8722,6259,222559,51611,3130,296215,590534
9684,6093,309861,44352,6000,1439665,1818174
5407,4093,428552,37741,5352,1446177,1929563
5759,4759,143206,36482,4833,357587,555293
4259,4426,199638,40629,3908,1391945,1646732
11148,5963,279347,38630,4963,591554,933384
5185,4463,376371,33871,4537,329679,757347
8481,5297,171155,34481,4704,285953,512109
9259,6593,161197,34871,4370,317484,536016
9444,5815,251723,39592,4797,1475230,1789472
8462,5463,343803,44259,5500,286305,696125
5888,4370,125679,32481,4722,305264,481682
7758,5445,149814,39222,5278,1408010,1617638
6240,4482,226653,37296,4667,1371522,1653102
8092,5370,327974,34000,5148,1442442,1825063
6426,4240,402351,36500,4722,249997,706552
7240,4519,125614,46852,4871,357234,547941
6240,4611,235992,41833,5389,1423999,1721435
6241,5037,319664,34222,3944,1485900,1857119
5351,4630,413095,33278,5741,1368838,1833211
4332,4463,174546,36241,4926,369191,596292
4759,4685,169292,41130,5722,1365755,1593769
9295,6241,251484,42481,5574,1478469,1795526
9166,6630,424731,40222,5092,322210,810292
9352,6629,1076831,31315,4926,1448543,2580560
8629,5148,131631,35370,4333,348682,536460
8981,6167,263673,44426,4852,1304928,1635602
5481,5074,352050,40204,5166,1394551,1806082
4499,4445,451204,37333,4908,1469321,1974359
9111,5278,193227,32612,3944,250436,497331
8259,6278,192419,50018,5037,1535719,1799564
7722,5092,281351,48926,4945,280978,631237
4833,4555,431635,33037,4093,299472,780162
10315,5759,456029,43519,4889,2105177,2628226
5222,4666,166498,35945,4888,326037,545682
10092,5611,256448,31686,5185,264937,576663
6721,4852,413640,53074,5185,263430,749440
9740,6130,137793,32352,4685,308019,500720
4833,4667,135632,32667,4389,292161,476924
6648,4518,224620,38945,3555,1426334,1707083
9352,5685,308477,31260,4018,1447864,1809564
6389,4444,455354,42260,5277,305438,821847
7777,5018,122471,43314,3315,356434,540941
9758,6037,188643,39148,4556,1482717,1733323
8277,5315,281501,32352,4222,1443137,1777082
11888,5870,388840,42778,4741,325304,782106
9203,6389,130530,42130,5389,279226,475275
9759,6296,197777,43908,5259,1502620,1768230
7351,4981,267728,36000,3908,1390743,1713971
10463,5926,352363,32426,4833,1414682,1823175
5018,3908,819574,59963,3778,1512986,2407579
9426,5667,145133,38241,4908,307733,513535
4926,4296,226417,41963,4889,1458425,1742897
9148,6815,308034,42704,4834,1377195,1750731
4610,4648,488541,28871,4333,1981797,2515022
5963,4315,160842,36778,4500,373376,588386
10000,6111,575608,45500,5908,295552,941421
5240,4518,323059,35926,4259,1353265,1728749
8148,5593,390527,36352,3889,1444647,1891489
9592,6704,153606,40315,4907,299928,517793
7925,5408,351575,38389,4797,1369358,1779841
10852,6185,245396,41611,5704,293674,606052
7740,5223,146901,40649,5259,269262,477683
6574,4333,143408,44315,5259,1368287,1574473
4741,3833,243062,63667,3648,324767,645497
5296,3537,226605,63000,3203,1417664,1721990
5888,4223,313703,55556,5888,223220,611089
9629,6555,424580,68278,3759,291323,806736
8814,6241,137214,41112,5759,325745,527441
8518,5444,205165,38834,4166,1425640,1690305
5741,4092,283245,38074,5038,372102,710274
5722,4537,389214,50371,4851,321060,777755
9184,5723,174256,35130,5167,1485048,1716805
8870,5370,173781,33981,4926,1429080,1658712
8444,5407,250213,39074,4778,1329666,1640138
7981,5722,346052,53185,4945,360721,780680
7592,5796,961152,39463,4963,345600,1366529
10592,6444,133860,40666,5241,367822,566830
5815,4351,223681,48482,4814,293668,583182
6740,4315,358464,35611,4815,299717,711607
9351,6593,2214567,35944,5149,1394652,3668682
8259,5629,224889,37685,5000,238590,522386
9148,6759,202741,32130,4759,1346565,1604139
5925,4500,303451,39629,4056,1381613,1741564
10963,6722,369086,38463,5056,316853,749662
8963,5870,137443,31982,4444,308258,499571
6018,4722,162950,42889,4870,1484282,1709046
8370,5370,292455,42537,4704,1318813,1674509
8129,5556,376109,39426,4111,219368,655292
6778,4722,155337,34056,5166,1417506,1626065
6055,4260,531862,33537,4704,1292404,1874804
9333,6222,217849,39074,5019,1427882,1707564
8388,5334,386262,34352,4352,297048,738236
10666,6074,409954,35667,5833,352690,823421
6314,4463,328515,56018,3926,1464641,1866656
5370,3852,193817,44685,4852,232402,487201
4888,3889,2695051,39481,5926,300599,3051890
8704,5796,131755,38611,5018,313817,505979
6259,4074,918502,39260,4944,306120,1281215
5462,4482,537970,40648,4834,393209,988772
6018,4556,252531,50278,4963,203817,524645
10721,6241,334167,48704,4889,327828,734440
6518,4370,430247,38019,4722,314471,800607
5574,4129,150715,37815,5056,277597,483942
6352,4648,258314,31500,4852,1470435,1778249
11593,5592,325209,44315,6111,364139,759755
8388,6259,401363,37111,4685,1399164,1860526
8351,5519,149479,77037,3685,272222,518738
8944,5759,192374,38222,5241,303512,556496
8889,5500,278787,32833,4371,294931,627404
7148,5407,385127,66963,3389,1391863,1862212
9426,6092,153651,39370,4723,346605,562442
8777,6685,156323,41037,5500,1497408,1718082
6518,4222,289662,39538,4944,1486642,1833619
9500,6500,378316,38797,5074,1340173,1780342
8388,6093,992861,33296,5000,305020,1353066
9314,6649,126290,37556,4944,319299,505979
8629,4963,220241,39704,4092,1444286,1725730
9666,6778,304395,32408,4148,386137,745662
8833,6167,395253,51834,3018,1399717,1866934
8185,4444,138796,73185,3778,271238,501794
9740,5407,199950,41315,4574,1430207,1693786
5240,3796,286993,99130,3815,1395219,1796674
7740,5019,623166,37130,5055,1453044,2133432
5259,4074,462579,50222,4760,420971,950421
5833,4037,162362,66185,4149,331005,576312
4073,4649,261349,40611,5371,1413029,1731453
10592,6167,333411,62148,3426,263641,682107
8258,5297,877862,37352,4945,399648,1336196
6018,3741,145811,34500,5074,338316,535664
7592,5093,641688,31723,4703,1505447,2198858
5129,4019,309786,36019,4592,387932,750051
9777,6629,536682,42759,5722,1691584,2295708
6203,3870,153353,44537,4963,308218,523274
8555,5537,193693,36648,4796,334267,586293
9407,5723,283661,52944,3519,298539,656163
8018,5741,374389,32593,4870,1482526,1910119
8073,4296,143710,40741,4741,331583,535719
9388,5833,201605,39500,5815,1434978,1699194
8722,5519,253314,39907,5352,1365250,1680417
8203,5093,376320,36352,4833,332990,765866
9722,5778,137474,32000,4777,351079,542960
4981,4926,143887,31315,4870,369887,561904
9592,6630,213893,41240,5000,1428153,1706916
6111,4611,3012794,41815,4852,337760,3410221
8055,5834,374131,39277,5149,1498191,1932841
8925,6204,165355,43907,4852,348198,579867
7369,5167,222898,38556,4018,1430111,1710601
8796,5667,314071,38314,4926,1501104,1875267
6870,4130,368539,38815,4556,306401,731311
8018,5629,135471,78278,3667,349118,582663
10000,6666,153088,35889,4185,344020,556256
8852,6203,247335,42519,5092,244885,557682
6203,4500,359026,33389,4408,352062,762125
8759,5704,479365,31611,4482,427647,959939
8907,5852,141111,41037,5926,1499120,1704564
7037,5037,219654,43648,5685,1496947,1780490
8648,5148,120974,35074,5056,368245,545256
9389,6722,1003353,33222,4815,1264893,2324431
6925,4574,189894,33667,3870,281029,521886
9592,6296,185029,40000,4834,1466461,1714953
6833,4630,278461,72963,3870,1388288,1757379
8648,5333,646801,37519,5815,424118,1130068
7481,5297,155028,41129,5223,273987,490460
9258,6556,167701,33833,4019,2044527,2267894
9055,5555,246281,39500,4667,295790,603182
8944,6407,332694,33963,4630,2095125,2483985
53221,4463,453108,78871,3555,323795,919050
7832,5352,141650,38982,5000,328606,529830
7758,4074,220786,36556,4870,1386890,1663305
9259,5907,302366,40000,5074,340390,705052
8815,5833,414890,37000,4148,1476303,1949396
6129,4204,136265,34723,5018,340806,529719
6777,3907,247661,61371,4240,417854,743847
9407,6629,274260,42203,5852,340256,680644
7944,5092,139006,35870,5130,482138,678033
5740,3982,171456,33315,5185,277171,499405
7203,4870,304851,34704,4445,329478,687403
5018,4333,251708,46297,4018,1454022,1767452
4815,3926,338973,39093,4815,1508404,1902841
8222,5703,1216593,38296,5019,1477947,2754503
6685,3722,167337,32352,4870,312753,529442
9129,6074,252991,33685,4093,1367592,1675564
5852,4444,307923,35852,5019,343073,703719
5573,4019,397725,48685,4630,193808,656829
4870,4092,195620,34259,4981,299415,545830
9426,6426,183477,100852,3574,1432124,1739453
8573,5648,311891,36426,4926,210569,580496
6647,4871,383878,38389,4741,339728,780643
6999,4852,145421,51203,6000,285762,503238
4759,4352,158149,42889,5259,292978,511405
8167,5166,528211,37334,4277,1423759,2009026
7648,5389,332771,41834,5648,290724,686959
10814,6018,450889,40593,5259,380199,896457
4926,4629,128820,42686,5666,326289,515368
8981,5815,228178,42371,5111,1384571,1678287
5667,4259,320962,37240,5000,1804600,2180099
9296,5482,406375,35333,3852,1490614,1953008
7574,5352,206880,31760,5000,320523,579034
5963,4240,189850,38889,4759,1399863,1645750
9295,5612,271836,36093,4945,258178,588015
6833,5129,403825,36222,4852,240764,700070
9444,6500,145811,33593,4870,281556,483793
6610,4834,195872,34352,4871,1397303,1647620
5352,4851,245601,37593,4907,1451445,1751953
10388,5834,416125,35315,4408,292369,766551
9147,6463,1026392,38963,5000,311656,1399769
8610,5963,142563,41370,4760,377545,582885
8833,6092,225847,38722,5426,1459458,1746934
9648,5555,301057,42203,5649,324810,691070
8481,5537,430433,39000,5333,1338279,1829119
9425,6611,206457,38944,5111,255411,524700
8888,6315,197296,33092,4834,462107,714385
7314,4685,312598,31334,3870,198066,560348
4851,3944,368567,35760,5148,318540,739181
9685,6296,142313,41500,4926,355443,562108
6889,4703,156616,43111,5963,1466134,1686139
8795,5667,240788,34148,5148,1363462,1659971
8110,5185,348628,42296,5222,1388363,1799878
6500,4611,732486,43481,5537,336804,1131697
5704,3963,129434,41667,4741,1498518,1686620
9389,5703,213571,38500,4537,301908,575867
5370,3982,331780,33556,3037,387845,767607
8629,5741,391620,42129,5241,1482166,1939008
7019,4759,122958,40241,4759,350076,532127
11055,6463,1426689,42537,5796,324393,1819656
6370,4278,275414,36778,4667,417396,747440
8870,6371,361124,38759,5167,323131,745978
8703,6352,169092,37075,4925,343719,572552
8962,5426,152524,34575,4629,297621,506552
8555,5889,257845,37148,5111,1384701,1701582
5074,4185,334777,36538,4407,1484638,1872193
9000,5537,2739862,42352,5815,325008,3129908
6240,5371,355586,33315,4352,257521,664848
6981,5166,222554,51704,5018,1376770,1671472
8333,5462,356005,45148,4315,333010,754903
5833,4185,413973,36611,5278,1381720,1850119
8925,5926,125330,39019,3852,349018,534960
7463,5222,201262,35982,3815,1380969,1637398
8926,5555,271194,36334,4796,1381315,1710527
5000,3944,368793,33500,5407,370907,790273
8648,5166,145095,72056,5203,264125,502775
9703,6778,149822,34778,4037,309045,516682
6944,4370,245847,54093,5981,1484273,1803804
8166,5204,332834,34723,4925,1427600,1816860
5667,3611,921545,36852,4407,370632,1345104
23648,4519,108382,41463,4389,1453812,1638380
5759,4129,218833,46315,6000,318682,602015
9296,6685,299506,33185,4111,311861,667459
5962,4259,439846,39833,5278,1391866,1889618
8815,6500,127683,53519,5500,311313,515738
5129,3740,208616,39556,4056,1417744,1681675
4777,3908,290547,32371,4981,1443201,1782434
9277,5704,361794,38649,4648,1403880,1826082
4870,4741,141411,82666,3926,343864,583848
8648,5425,151621,39445,4611,351598,563960
9462,6259,248257,55741,5518,203056,530645
6055,4278,334262,41278,4167,314659,706700
8777,5445,419953,55334,5574,1485442,1982544
9222,6518,688534,32963,4297,449810,1194326
6481,4797,217872,35463,4296,1348248,1619269
6407,4425,126323,40426,5074,290064,475238
7851,5334,468828,40556,6037,1404160,1935211
9000,5592,125390,40944,4537,375034,563201
5704,4555,193358,43815,6723,1427743,1684342
10444,5944,307791,39129,4037,1454644,1824656
7777,5204,399944,36815,5037,250496,708051
9370,6481,123339,40889,4926,334436,522052
6258,4352,157808,28555,4297,426929,630663
11518,5592,238629,39518,4556,1363028,1664823
5518,4426,373153,35166,4982,259510,684737
7758,5667,435270,31556,4833,1460848,1948562
8259,5388,123294,35834,4777,390277,570330
8332,4945,212485,41852,6481,312308,588515
4610,4259,357232,41575,4777,291320,705718
9851,6759,425831,32241,5037,1327992,1810860
7777,5037,126743,75093,3537,1431507,1652176
9999,5630,217601,37963,4851,224378,503034
6203,4389,274329,43315,4648,238797,574052
7111,4815,361187,29685,4333,244680,653904
8851,5889,136470,30741,4352,342897,531645
60610,4556,158032,36963,4148,306520,573126
8111,5352,240889,50759,5297,1457545,1770305
9518,6000,366840,38945,4888,221972,650607
8648,6259,462587,37815,5537,1336402,1859749
6352,4037,134406,43982,5518,354572,551312
9278,6018,215746,41241,3852,1454781,1733583
7778,5259,321733,37704,4611,335374,714978
8944,6092,439981,45907,4982,1340749,1848989
10555,5963,190115,38630,4463,254437,506775
8684,6222,195659,40463,4537,1450017,1707693
7981,5777,302387,41074,5148,1408900,1774119
8184,5056,397170,35148,5112,284029,736884
8721,5167,131046,41926,4037,321710,515460
6592,4870,160034,36963,5000,406500,622422
8184,5408,481336,40500,5648,1396042,1939952
5092,4222,395990,39871,5574,337468,790051
11129,5833,416385,35556,4833,286963,763181
4777,3963,143075,38889,5093,382514,580274
9629,5982,207988,34149,4444,1415131,1679528
9407,5945,298902,40259,4611,312335,673552
8518,5260,301371,40926,4018,1401415,1764083
4722,3870,163284,36352,5241,369324,585571
10092,6889,618476,33370,4963,292815,969031
9000,5685,304370,36018,4149,1360435,1722139
10536,5759,368691,33000,4889,1467261,1892470
9111,6259,150400,42241,5037,423411,639330
7536,5334,151183,41056,4685,311369,523478
7166,4500,243005,41907,6000,1419375,1724601
5647,3852,346844,39352,5537,1392776,1796156
9222,6519,560109,48611,4833,414885,1045920
6796,4667,125188,41148,4796,335254,520294
6648,4704,219749,41630,5296,1406185,1686713
8222,5555,312571,40889,5926,1384289,1759434
5574,4111,431410,35685,5148,1508931,1993452
4852,3925,152304,41482,3907,357952,566923
9555,6593,177273,35944,4389,265910,502183
8981,5129,280298,37611,5037,341773,681163
9684,6574,376378,34204,4796,345896,779736
8481,5315,151698,66167,4685,281577,519997
5741,4129,153278,28963,4167,310404,508627
6759,4926,249821,41000,5148,1418502,1728101
9444,6111,342160,40407,4871,1428440,1833637
5222,4314,459185,36852,4926,389421,901847
9592,6481,163857,34000,5000,279140,500682
9092,5667,245863,32277,6186,1424312,1726212
6592,4333,304424,43908,5352,380775,747736
8389,5740,387097,36648,4519,1425577,1870323
9944,5667,127935,56223,3426,332950,538497
10648,6185,213979,40852,6018,357851,638126
8481,5463,307596,36870,4130,1474246,1839212
8684,5649,402157,34704,4851,354061,812106
9315,6407,127811,37944,3815,352520,540497
5888,3797,389687,37519,4926,419566,863384
8666,5704,238952,51870,5371,1425501,1738379
5592,4389,467958,36315,6000,325481,848291
7647,5760,658557,40945,5333,323825,1044160
11166,6167,1188287,34833,4741,1476531,2723873
22944,4537,196068,38703,4963,324170,593348
8074,4963,304796,53593,3315,276403,653126
9351,6148,387136,42778,5130,372618,825662
6907,4055,179512,34055,3963,288967,519849
5370,4000,222314,34296,5000,316405,589756
4500,3685,273042,40648,4981,1414282,1743157
12073,6204,353751,34427,4407,312152,725347
8352,4889,146016,46629,5871,324203,538016
8981,6518,148856,39240,4797,346234,557385
5370,3888,286380,37871,4759,287950,628552
5296,4241,330293,34556,4666,318277,699293
10703,6352,959097,39185,4278,318599,1340307
7611,5167,127952,57741,6426,351581,558534
9555,6556,334347,31278,4815,329704,718718
5166,4037,135631,38519,5352,482995,673756
10851,6482,388656,44444,5223,1399888,1858360
5444,4333,143643,33797,4611,355095,549275
9481,6630,178112,41018,5741,282719,526275
9944,5944,267396,54185,6408,291063,637626
9574,5759,357087,54815,5426,296816,731996
9555,6426,140740,38759,5222,310887,514145
4592,3926,196154,37296,4963,306640,555793
7870,5333,239048,38260,5000,1452645,1750453
6055,3760,344998,40556,4056,310367,711792
4814,4352,1777193,49297,5407,1450325,3293722
6481,4370,385717,39426,4945,334315,777273
4833,3630,213757,37370,5074,1423178,1690417
9148,5481,333819,36889,5148,308622,701385
8963,6037,386732,38092,4500,1483720,1929989
5852,3981,276423,31815,4333,1502974,1827657
9296,5851,178058,39537,5074,295402,535293
9666,6166,384917,31537,4389,461134,899735
7129,5334,357792,30741,4148,1433512,1841323
4777,4278,1222615,39389,5092,317988,1596583
8907,5685,156322,33722,4463,1510076,1721638
8833,5129,260439,41741,5889,320891,645218
8481,5815,332315,58723,3685,301421,712496
7536,5500,423951,79297,3537,1416982,1939100
7352,5203,139809,38611,5537,341744,540849
5888,4296,254574,41870,4019,1418213,1731601
9444,5981,313802,40259,5574,302065,679662
9018,6463,384178,39297,4741,304780,750700
8444,6093,161109,36722,4722,1469215,1688361
10740,5815,174485,40371,5963,1458726,1698379
5055,4333,291159,39833,5500,1351850,1699731
9722,6740,373387,38648,5167,1372621,1809323
7000,4315,138095,32908,3944,383605,571904
9277,5926,145009,39241,3907,304285,510275
4832,4278,242571,39074,4907,1408568,1706693
9444,5778,337076,40611,5982,1477635,1878656
5092,4055,422286,38223,4815,246505,723440
6703,3926,127995,34574,3723,413853,593608
8592,5667,206871,44297,6351,1421730,1695953
9147,5686,135543,40426,5352,330657,529219
7703,5334,387124,38389,5352,1407661,1853656
5999,4445,183296,44963,5037,270738,516515
4759,3908,198061,33000,4982,1491632,1739565
4777,4907,270123,37260,4907,1387182,1711082
9629,6796,126629,37889,4648,399387,587737
6629,4333,1143470,37445,5037,1494996,2694151
19241,4518,143011,41333,4778,535040,750755
4832,4574,244165,41778,4556,259146,561219
6721,4908,326893,34685,4667,1407059,1787008
10500,6018,788845,35481,4315,376019,1223067
4611,3796,129497,50037,4797,312796,508275
6277,4611,216188,34204,4500,1882059,2150561
8351,5704,301342,45630,5963,1418295,1788749
10574,6148,1393147,37685,5426,1394596,2850317
15425,3556,113983,41852,5482,333476,516293
6555,4407,963584,33537,4870,1465810,2480856
7314,4593,267921,40444,5093,2140417,2468504
4537,4092,364890,47574,4945,388883,817273
7888,5574,129395,38149,3981,371342,559015
4407,3629,154846,32241,4056,395743,597256
4370,3463,241889,43000,4796,1458194,1758268
4778,4129,327451,37352,4055,1377873,1757750
8518,5703,414086,44519,6018,297743,778958
4370,4889,128628,31593,4259,470775,647274
4147,4537,212190,41834,5148,279862,549978
10000,5648,330548,40278,4759,1469904,1863249
9166,5852,422572,35130,4759,1389213,1868878
5055,4408,124133,39593,3666,430178,608719
7666,5389,178824,56445,6296,251136,508090
10204,5814,265812,55093,6037,274092,619052
9610,5963,391448,39666,5056,1478338,1932414
5814,4074,136823,33408,4055,381693,568700
6944,4259,150051,40408,4963,386149,594922
10184,5723,273390,32649,3907,1338637,1667694
7592,5370,337897,32204,4907,1446334,1836545
8703,6111,412421,41704,5056,1432438,1908433
8573,5797,128519,45129,5037,318182,513275
6240,4519,216506,39593,4426,1394076,1668046
4795,3797,301753,30518,4371,373613,720921
10111,6722,388074,51704,5259,1847320,2311913
8500,5722,187672,39000,6259,283103,532479
10388,5741,186529,39501,4129,1384202,1632712
4444,3982,310017,34778,6000,1375787,1737083
8000,4981,2584770,40648,5074,1452929,4098699
25962,4778,94834,48945,5240,298682,480423
6944,4408,154719,40186,5407,271111,484942
9444,6333,238744,31648,4297,1481097,1773527
7981,5185,324806,53760,5481,2058310,2457838
6758,4982,415534,41481,5037,1439418,1915137
10518,5778,127446,36797,4944,315236,503127
5722,4907,214619,37278,4778,1469389,1740101
8277,5370,300570,60111,3667,274223,654551
8444,5574,392502,45149,5629,1391914,1851786
9518,5629,145748,37648,3926,380508,585219
9814,6315,169346,39556,6019,1444255,1677379
5370,4333,282538,38204,4888,1443749,1781045
8241,5907,358840,43389,5685,349285,773718
11018,6278,145197,33723,4926,369244,572701
4870,3851,163555,37111,4093,489589,706107
8906,6037,269450,32926,3982,1496891,1821100
4870,3796,329123,52185,5148,336355,733848
8389,5129,1106631,38592,6500,1438337,2606115
24073,4778,112800,38945,4926,362307,549867
5074,4018,210251,51259,5148,294635,572497
8278,5518,307053,37889,4926,1421140,1786990
5148,3648,400855,32982,4778,1415671,1865582
5888,4500,161120,44815,5852,291340,515571
9721,5815,178534,38222,4944,287834,527034
9222,6499,271336,41297,5203,362253,697885
7037,3926,370730,32963,4908,1437870,1859860
8370,5444,144625,35648,5241,320465,522053
6481,4185,185557,36741,5278,317717,558293
7555,5277,121989,37629,5001,400212,579719
9185,5851,328217,40945,4741,299038,690737
4925,4482,421852,59704,3278,1392414,1888822
9759,6611,123173,43240,5371,335176,525812
8963,5833,200530,41278,5426,1427053,1691583
8555,5278,292962,38278,5037,2023302,2375801
9296,6037,400672,39129,5797,1408354,1871693
8685,6296,159770,41834,5481,272505,496516
10184,5371,192016,38000,4945,1377103,1630212
6295,4871,267245,38518,4908,312640,636496
9000,6351,349233,38833,5130,242523,653219
8777,6167,133182,31259,4500,336074,521978
54074,4203,178356,42814,4778,360456,646626
10036,5852,231268,32945,4370,1448574,1736008
7704,5444,334033,34686,4926,273462,662811
9444,6389,422428,34889,4185,1366135,1845878
6833,4704,168915,33241,4981,382100,603108
10666,5611,238329,36407,4852,1401162,1699657
5426,4148,296556,35260,4741,338254,686700
10759,6815,389766,33056,3907,1403649,1851212
8148,5426,137272,32740,5000,313855,504331
7463,4833,212426,34556,5240,1496601,1763175
9129,6130,261413,37148,5259,1453170,1774342
5203,3648,398716,39111,4889,1423107,1877267
4333,4129,135314,80333,3834,305924,536219
9740,6500,154931,38815,5092,293178,510645
6481,4463,276270,32130,4870,261745,588404
7370,5222,376739,41352,4056,345478,782199
9351,6908,436115,52074,5000,1389318,1900693
8740,4759,140658,43408,6333,345506,551404
9444,6000,214904,37963,5426,1399234,1676361
7741,5129,295336,42593,5315,1423931,1782064
9314,6407,485084,36278,4296,283116,826902
6055,4296,168533,41037,5315,287186,515089
9147,5778,1062300,43778,5611,362914,1491843
8129,5611,300971,47018,5074,1343372,1712157
9518,6185,419181,41685,4371,291555,774459
5611,4092,129890,39352,4963,329255,515867
4611,3944,148210,41056,5963,389397,595404
9685,6648,270364,67834,4963,1416088,1778101
7555,5093,362481,44389,5463,1424360,1852693
8888,5963,413821,37333,5186,1481649,1954877
4852,4037,126363,38277,5315,379023,559904
5814,4926,206795,48482,6426,1374455,1649194
4426,4370,346875,76167,5352,327102,766681
6722,4055,463437,82519,3833,276243,839736
4406,4926,149146,42315,5241,496683,705644
8925,5500,213559,45352,4926,224290,504978
8778,5426,263102,46315,6055,303691,635423
7055,4333,360275,40630,5000,290906,711181
5518,4074,141262,44963,5907,1471655,1675676
5426,4833,148823,43296,5056,357970,567867
4629,4759,240107,45370,5778,1421976,1724693
8388,5519,366483,43741,6074,1365895,1798063
4333,4630,414897,41240,5334,309228,781885
9573,6519,126402,40537,4889,338335,528756
6037,4185,307556,40685,6093,366791,734163
9462,5260,291284,45463,5759,1443150,1803027
8240,5556,386512,43111,5334,1421217,1872285
8907,6334,137314,39481,6074,369720,570571
7759,5203,179209,47297,5555,297862,545238
11166,6519,262178,37370,5389,306763,632163
5518,4296,354129,40481,4130,300015,711274
8666,6944,127912,44074,6352,333400,529738
10073,6445,139769,39759,5982,291857,496312
9426,5222,236127,46852,6259,211574,517849
7944,4963,328189,41000,5371,1450874,1840323
5889,4463,427417,58148,5333,1342684,1846490
7907,5241,126977,61890,5685,1977398,2187062
9833,6148,205817,42519,6629,1393081,1666546
5222,3944,303175,46222,4889,316469,682681
4240,3704,392385,45574,5500,1456771,1912155
7963,5129,136075,42352,5204,336255,535349
11018,6186,175896,42814,4926,1399521,1642954
8388,5334,268457,44500,5741,1343292,1678027
8759,5500,348686,49611,7056,1392526,1814990
8444,5834,126876,43130,5815,345194,537423
10370,6018,140493,39278,4982,312374,516237
6092,4037,129017,34778,4797,437664,619237
4278,3759,326913,57907,5648,267269,668404
7203,5463,1344865,36408,5315,271051,1673323
9295,5760,121535,35722,5222,302796,482682
8185,5555,201838,47426,6444,1374746,1647324
7073,4593,301658,52130,4889,1282777,1655527
5240,3870,454146,48352,5037,277961,796643
11295,6612,147410,42259,6223,396289,612663
8333,5333,212250,44797,5444,1497499,1775823
8740,6074,265108,36370,5111,1397401,1721397
5166,4148,354281,47259,4981,309735,727959
10981,6223,134452,48944,4371,305304,512905
8574,6426,154384,42741,6185,505278,725496
6018,4630,274464,70148,3649,1357988,1719379
8110,5334,326488,55297,6018,297711,700940
7629,4389,417199,33740,5760,1359420,1830138
9741,6629,164741,48722,5908,251386,489757
8388,5408,202839,42426,5648,268639,536108
8648,5500,119122,42075,5148,294208,477183
7036,4852,380629,62389,4185,1370083,1831137
8777,5537,146394,83037,3871,240270,490701
6000,4500,175455,65389,3704,1426220,1683935
7722,5370,268498,36778,4982,1465028,1790953
10296,5945,351485,46723,6444,285084,708033
9444,6537,146194,41982,5704,339765,551534
7926,5074,571738,40389,5834,351478,985124
4629,4111,233688,48963,4982,1274839,1573935
9851,5426,326120,47852,5167,1464980,1862137
6204,4425,432404,35445,4667,310924,796403
9259,6204,158427,77371,3519,285180,542164
9629,6814,125786,38611,6019,394859,583996
8814,5130,297236,34000,4185,299890,651830
5092,3907,344298,37907,5426,1495155,1893804
4352,3481,153155,83833,3334,1403465,1654213
6463,4259,311957,33426,4685,372243,735366
10870,6037,255333,59704,6111,240108,580700
9870,6241,391080,46371,5018,354063,814773
8759,5889,145456,42074,5759,1508979,1719509
7851,5185,143055,45444,5519,1452602,1662342
9555,5500,274801,70500,3704,1337282,1703712
9370,5648,367603,75038,3000,284558,747125
8167,5907,406054,55796,6334,270904,755774
7963,5185,135077,40834,4889,349567,546182
5981,3870,222361,46630,5722,332191,619052
7759,5426,291089,42463,6019,1426141,1782990
7351,5352,383059,39241,5166,1407431,1849619
9647,6556,159971,50612,5851,280878,515441
9092,5537,183644,44223,4389,336000,585386
6388,4334,287057,46722,6111,1456136,1808860
7999,5352,364601,44278,4500,328987,758310
6074,5074,133958,38629,5241,351373,542849
11166,6148,138000,42278,5389,1528841,1734193
6036,4612,233062,35111,6074,1423317,1710620
7777,6278,378809,44185,4445,318260,761755
9536,6593,420093,31814,4575,1317785,1793749
5870,3834,126524,64333,7167,305473,515312
9221,6445,207770,43000,5260,289707,564015
6666,4815,298147,40278,5259,1391232,1749157
11222,5759,373597,37093,5167,1446021,1881137
8722,5685,132769,31871,4722,365931,552330
8796,6426,419720,41556,4796,329738,813569
7758,5334,259207,42241,5426,239271,561941
9777,6148,350621,34870,5037,1478961,1887526
10222,5815,127552,33555,5019,331649,516145
8055,5370,319762,43352,6667,329956,715533
9666,6612,270990,70444,6426,1450481,1817268
7555,5129,128200,41074,6166,392872,583348
10684,6056,415965,38759,5815,306271,786291
7129,5149,382507,34667,5296,1733962,2171025
9277,6834,201254,40648,5815,1390588,1656583
7833,5352,332038,38537,5352,185810,576960
6500,4518,384415,45389,4426,1450223,1898360
5203,4092,162864,42000,6278,366374,589089
9444,6722,167222,48426,6111,291498,531960
7166,4426,267301,56371,3796,267584,608663
8407,5055,395012,35407,3797,355891,805958
9777,6556,133572,40408,5111,324221,522071
8073,5056,147411,45538,4611,323011,536015
9721,6093,233195,47815,6019,1356739,1661935
8036,4815,325479,39297,5740,1350030,1735564
8314,5371,407707,44852,4759,1495133,1968285
5555,4222,161046,51833,6556,314228,545422
9722,6018,203312,40537,4778,343777,610237
6388,3963,299484,31723,4463,378586,727218
4481,3852,381286,41315,5611,1369278,1809156
5314,3963,160328,47278,5149,393778,618681
4462,3815,188575,44260,4611,1416433,1664268
9963,5666,305045,92722,3685,210915,629978
9463,6185,394143,37667,5277,294909,749700
4870,3722,138204,50260,5018,362978,568016
5203,4463,142246,40593,6185,1466096,1667157
6314,4167,240530,56019,5426,276596,591070
9332,6000,313852,48907,5352,266386,651903
8148,5518,121153,46482,6278,310862,501016
4907,3870,729938,39241,5760,305166,1091086
4907,3629,241184,68259,3945,1348399,1673194
4148,3778,298393,47148,5037,1418467,1779379
6462,4500,383881,39574,5408,1434441,1876322
9630,6740,584869,52889,3796,359033,1019828
10185,5796,167651,47408,5981,1436247,1675861
5333,4222,647603,78055,3778,1403200,2144377
8796,5685,354256,29907,5019,1447196,1853323
8907,6074,920078,46371,5796,281248,1270715
9370,5463,143230,46223,5907,1460353,1672917
8370,5425,234051,41130,4963,236391,532867
9666,5759,321576,38074,4703,1437877,1820841
9074,6314,403693,56982,5963,283969,768736
9388,5556,156753,45186,5870,265410,490627
5036,3963,221408,46981,5649,1403805,1689583
4537,3537,293173,40722,5241,322027,671237
9351,6352,380475,35482,4777,339835,778514
10851,6315,136795,39075,3851,360795,560108
7296,5463,171172,40648,5315,417621,650293
7425,5111,269493,47185,4352,1450108,1785878
8869,5649,345813,35796,4648,327757,730532
11092,5981,129467,40704,4648,322938,517423
8332,5630,145695,48907,4778,311561,527182
9741,6148,236478,40612,5203,1482363,1782675
8869,5908,323244,43111,5481,1465283,1854044
6129,4611,411232,35592,5389,1397999,1862934
8944,6204,178755,38407,4112,324574,563849
7555,4888,199076,38260,4463,317254,574033
5444,4889,290082,52112,5574,1400667,1760787
6315,3907,386607,77463,3426,1414327,1894453
5185,4333,151167,39130,4408,386255,592719
9870,6518,204507,41259,5963,434786,704829
5185,3926,281161,36426,5000,1462032,1796323
9332,5408,122555,37759,4204,401719,583700
8259,5518,127320,36963,5352,1892594,2078543
8777,5982,143548,45075,5074,427410,637996
8944,5593,225666,52240,5574,236443,536423
10204,5426,350523,40630,4426,394842,808755
7332,5704,624604,40389,6334,324519,1010883
9888,6519,124979,40204,4740,323555,512182
8555,5629,203689,36797,4166,2087335,2348634
7425,4463,293047,43667,4685,225542,581367
8259,5611,381127,56556,5481,257350,716515
9944,6555,152818,81333,3482,287123,543441
9499,6352,178434,42352,5575,1451963,1696083
7647,4852,256830,70203,4075,1424382,1770508
8740,5704,344261,33537,4537,364994,764162
8833,6278,125636,35260,5055,349231,533071
51092,4630,124273,47555,5685,344669,580275
8758,5112,222093,46444,6223,1478192,1769101
5888,4759,325674,45222,6371,332803,723070
9685,6611,406587,39797,5148,319501,789866
5907,4129,128463,42185,5389,373831,562700
9981,5815,194635,34685,4852,1451170,1703805
5721,4241,296567,67982,3852,283040,663903
9610,6871,382814,40778,5796,1463730,1912044
7462,5278,141986,29148,4852,322067,513682
5537,3851,170474,42444,5408,1441961,1672101
5148,4241,259553,35722,4574,285203,596497
11981,6018,354245,47648,5630,1484133,1911711
7147,4945,143194,42130,6444,1467037,1673490
9000,5463,134366,44204,5889,347037,548127
7630,5500,225150,59297,3907,1476413,1779990
5037,3926,387675,78130,3537,316431,796662
9518,6870,399644,56519,3463,289147,767810
7630,4296,188742,43463,6389,333995,587349
8166,5519,207581,40186,4629,225971,494386
8703,5482,501328,49352,4426,1410864,1982785
8944,6074,386908,32852,4537,1995893,2437671
6092,4629,144544,43129,5185,312306,518589
8166,5334,172678,43686,5611,392206,630367
4759,3981,292500,45648,5426,1399509,1754490
9092,5759,355209,38297,5259,1901925,2317801
9407,5592,124641,40759,5074,330320,518312
7611,5389,135683,43593,5259,1451863,1653065
8296,5907,265023,91574,3759,1316449,1693305
8926,5926,314510,48759,6204,1437886,1824249
9426,6685,405331,55185,4574,304942,788292
8666,6241,128929,46722,4112,330401,527590
8574,5500,200675,44186,5629,1422852,1690027
8166,5186,296348,41722,6574,1438345,1798916
8833,5185,461911,40333,5222,317252,840681
9629,6722,149434,47463,4908,308285,529238
9981,6871,164125,86148,3815,1353699,1627232
7963,4648,267131,30667,4592,1385341,1703620
9315,5444,356322,51593,5852,1503370,1934267
9073,6685,122013,38741,5518,340151,524978
5722,4593,138315,41555,6019,309571,508127
8277,5426,223377,38037,5148,1446280,1728620
9555,6240,317994,50593,5148,1447292,1839119
4685,3852,421777,37148,4982,1463767,1938267
9333,6129,141413,47852,5907,289399,502423
7481,5148,194474,44296,6056,262190,521682
8721,5389,287684,44759,6278,1318307,1673694
5240,4574,453227,39704,6203,1494299,2005933
5333,3888,129047,48871,4222,383246,577089
5111,3574,180071,53908,3630,273981,522590
4962,3500,263725,40575,5074,1415024,1734878
7703,5259,1137697,55222,6444,398184,1612620
5129,4000,208959,46519,6093,335537,608145
10018,6703,132280,62148,6426,259385,479182
10074,6037,477156,44519,5889,432226,978698
8518,5741,372033,44407,4333,319593,756903
7333,4685,405428,37518,5908,1452765,1915656
9500,5777,172193,64296,3537,252990,510294
10204,5796,190290,42204,4926,321021,577793
5425,4556,287296,54630,6093,300273,660255
9833,5648,164524,36185,5167,1432077,1655657
9555,6648,133845,35019,4926,317819,509831
9778,5851,169351,46704,5796,310295,549775
6518,4593,260524,57333,3907,1346023,1680954
9018,6055,347419,41963,6019,1472496,1885415
5463,5444,126739,36407,4963,364944,546404
7814,4723,151855,37445,4500,359159,567738
4981,4315,232991,38278,4611,1491832,1780564
9796,6093,323238,30500,4296,1443326,1819638
7611,5111,403133,44000,4982,1395893,1863101
9426,6018,131639,33926,4425,330600,518701
4962,4093,198977,49093,5185,1455513,1720286
10592,6297,323705,42815,6574,1394766,1786842
9222,6611,369490,41426,4555,1490926,1924156
8944,5130,141217,42481,4278,384057,588737
8981,6555,168798,46018,5815,367199,605867
7537,5037,255062,36037,5056,1377631,1689120
6092,4315,347513,45889,5852,321927,733700
9537,5037,129351,34667,5092,330794,516664
8592,5426,136042,36463,4723,407083,600774
8148,5388,228271,51315,5000,366096,666848
4981,3741,369480,83001,3555,242052,708922
10573,5815,408227,44519,5907,237010,714810
4981,3963,129065,35371,6333,338598,520385
9685,6000,194109,41333,4945,1436084,1694527
7370,5037,283837,35000,5186,315010,654274
5647,4241,129028,29722,4815,341821,517904
6037,4204,186830,44259,6056,346925,596552
9036,5815,162614,45370,5741,1868078,2098784
5074,3944,278046,34167,5352,1369963,1699009
8481,5204,392755,43278,5000,316370,773792
5833,4092,132187,43593,4648,376088,569108
5259,3722,155323,36370,4722,332490,540220
4388,3759,235014,36555,4963,1380588,1667601
9629,6148,322020,107704,3555,1323656,1774656
4240,4000,412470,42592,5815,1468371,1939637
8370,5408,120808,46648,6519,1564200,1754416
9685,6759,190518,47500,4797,247775,509775
5907,3926,298524,43315,5074,304787,664255
5833,4204,381475,36370,4741,357206,791922
9389,6296,130684,45963,3703,400591,599478
5999,4426,173134,45963,5797,1460911,1698638
10240,5612,260140,36889,5463,1384905,1705268
9388,5852,339591,45833,6500,1372344,1781805
9314,6519,863005,80148,3778,348117,1312863
7814,5167,138342,37259,5556,1404519,1600713
8888,5333,228645,36685,5019,1388031,1674583
6574,4185,324799,47963,6111,362326,754051
10000,6685,508139,41944,5389,299264,874069
4962,4871,201810,34852,5167,256964,511293
10758,5982,195446,38574,5722,1446619,1705823
4648,4222,284434,40333,5426,1412334,1753694
4407,3870,376495,68296,3815,1426790,1886007
8500,5629,128927,34944,4963,325849,511386
8666,5333,163914,80426,3722,1478428,1742601
9037,5907,255050,46314,5926,1426941,1751712
8777,5648,343463,39019,5370,354440,759033
8500,6611,856377,37056,4777,300357,1215697
7036,4223,180418,64259,3445,1383609,1645620
9184,5797,220461,59945,5500,296535,599570
8518,5167,308745,40223,4870,333269,702848
9259,6925,396696,37945,5240,283615,741773
9592,5129,126572,42185,5241,365777,556867
9092,6092,194985,109574,4093,1393505,1719693
7758,5130,280806,78852,3740,284709,663718
7814,5611,425016,79926,4926,309757,835643
10981,6426,131428,47741,6444,312551,517960
8389,5462,181897,37408,4852,1476593,1717120
7981,5315,259236,58630,3759,232964,570645
9203,6056,343464,40445,6037,295235,702570
10055,5908,677138,37222,5037,1488720,2226839
7685,5351,133513,46260,5500,1454348,1654657
8426,5555,262260,36815,5129,1377120,1697676
5055,3889,345154,83612,3796,1451853,1895322
9240,5315,408401,34964,4611,1504735,1969692
9185,6481,129555,44370,5037,330257,527478
8833,5833,196524,43482,5925,243622,506905
6518,4333,293067,43982,5629,294541,650200
9426,6037,371443,35685,5389,1374880,1805138
5351,4648,154282,45630,5389,386603,603682
8536,5852,160788,61592,4167,1384647,1629120
5351,4074,254905,47055,4945,266851,585959
9370,6018,351003,76223,3555,1451393,1900285
7684,5371,576028,42685,6315,369022,1009272
8740,5667,150977,47019,4463,403908,623663
6129,4445,229243,59518,5982,1489654,1797786
9593,5388,313323,34612,4685,1468963,1839008
8370,5389,1192609,39833,5204,299882,1553602
8592,5574,185686,42760,5426,273162,523441
10389,6129,186248,33833,4908,1454039,1697676
6370,4407,285680,37166,5278,1366311,1708453
9129,6333,395630,35852,5352,358328,813217
6963,4648,162061,43056,6166,279621,504905
4870,4278,976383,83667,5778,1380120,2457782
8444,5500,895945,44889,5315,1362893,2325505
9518,5815,339931,38000,5333,1414522,1815193
5259,4000,958809,37204,5481,1949582,2962317
5555,5778,138294,41093,5222,1376419,1574713
9295,5037,479079,44093,5778,1392669,1938451
4944,3815,319787,41908,5148,348041,725996
8370,5314,408220,39667,5907,1419659,1889656
5073,4389,130725,74500,3704,360772,581570
10074,5074,200360,47037,5556,1520129,1790212
4833,4685,283237,56056,5666,1461975,1818767
4314,4482,146020,40574,6222,323051,526775
10037,6833,142730,41130,5481,316323,524905
8388,5056,547255,42593,5092,366166,976902
4777,4870,265686,44389,5408,1429877,1757156
7741,5055,340952,40333,6000,1420297,1823675
4629,4463,439661,43408,5037,1397272,1896989
4851,4352,140815,43667,4851,424275,624756
9463,6611,233061,47778,4593,1413040,1716565
9092,5759,355956,39408,5296,316762,734718
7666,5334,405203,40278,4537,1430730,1896286
5777,4667,127060,44759,5852,1485060,1675249
9352,5648,186473,48667,4759,1495554,1752509
8407,5352,284887,41703,5389,1408900,1756619
5166,4760,376541,50778,5352,277491,722718
10722,6092,174510,34630,5166,286414,520201
6888,4463,160811,44667,5408,309426,533997
9722,5907,247225,43371,5092,226605,540330
5870,4537,343638,39260,5037,1397147,1797878
9444,5241,1195276,43444,6648,280697,1543158
5444,4148,135724,36333,5278,315199,504645
9500,5833,216156,48889,5315,1439316,1727065
9092,5777,306014,49463,4926,265779,643070
6425,4111,411390,45556,5203,1401544,1876211
8351,5815,184118,41074,5426,285101,531830
4778,4314,192698,60759,3982,1428755,1697509
8037,5259,285574,54259,3278,1342953,1702620
9518,6241,375635,37556,5537,1396909,1833563
5647,4556,130567,36759,5037,376393,561552
5073,3797,704537,41222,4963,338679,1100808
5055,3908,252726,69686,3815,1433133,1771064
9870,5629,339122,33908,4277,318652,713922
7055,5611,414498,69074,4519,1635823,2139006
9814,6445,307300,33166,4371,1559763,1923452
8185,5556,219676,50592,6445,265561,558349
5815,4222,841220,45649,5611,353494,1258364
8851,6000,399799,53945,6167,213419,690181
6222,4593,1259381,48370,5297,271942,1598436
8055,5148,193700,45667,5851,357483,617849
11407,6203,275002,35796,5149,1408395,1744212
8777,6074,370823,35759,5130,327932,756847
9537,6500,136457,38241,5148,344854,543127
4944,3871,168556,44611,6500,315515,546349
10351,6093,253784,41686,7388,371620,693626
5018,3852,369494,89741,3926,1440494,1914637
9388,6186,128017,34945,4074,321868,507256
7389,4685,130283,40148,5148,322918,512849
11296,5648,220789,59223,5518,322763,627256
9610,6574,306925,41759,6445,376812,750847
9259,6278,396504,56963,5241,289084,765718
10055,6111,167769,37519,3963,331283,559256
7963,5389,190330,38204,4852,1458752,1707416
9074,6222,284077,44241,5574,1431875,1783231
5111,5685,368936,109870,3667,1295387,1790657
8351,5389,138719,76593,3407,347408,582256
6388,4371,161669,48259,6593,1353470,1583454
8444,5611,249286,41944,5945,1469611,1783063
5518,4556,346144,41777,5630,329037,734959
9648,6759,805521,37593,5278,1590798,2457893
6388,3926,150674,44278,6648,348749,563200
4981,4796,228124,41111,5908,1404088,1691175
4685,4667,316797,41203,5315,1357953,1732601
9648,6740,406581,45815,5574,1420260,1897082
9295,5278,667162,47648,5203,405814,1142808
7481,5425,190333,45185,6278,1365084,1622435
8851,5704,273727,72519,3907,1491336,1858341
8055,4889,370234,36259,5056,347188,774144
6722,4555,653962,32982,5000,1274971,1980914
4722,3833,169578,51278,5482,232789,470127
9722,6111,244566,47444,4667,1936458,2251043
7370,5685,334775,44185,6204,1434918,1835304
9555,6092,125466,44148,5482,1890744,2084117
8814,5593,130046,39481,5093,274025,465664
5333,4019,226792,38519,5055,1319865,1601898
9925,6241,300614,38092,5093,351234,713588
8500,5074,397397,43871,6204,1472980,1936545
8018,5574,184921,37760,5018,328965,572867
8611,5481,194650,44407,5371,284329,545460
4999,4315,279063,44259,6463,337341,678811
4666,4463,373254,36611,4871,388741,815310
9352,6463,131314,44315,5389,372497,571978
10685,6703,151154,38778,4815,369454,584256
8518,5241,260197,39056,4740,1419293,1739897
5981,4352,349351,40111,5926,1366824,1774842
9555,6463,423006,48889,5092,1373354,1868434
7407,5185,126936,50834,5426,348338,546885
9796,6333,218757,51871,5241,294128,588144
9963,5889,367782,82444,3834,409009,881736
8555,5519,442307,42833,4963,321522,828403
8370,5500,174479,41944,3445,307092,543553
10333,6611,181892,46315,6370,330031,583404
6148,4333,283416,46278,5908,1397869,1746101
8426,5704,382552,39944,5834,1403085,1848323
6425,4241,132761,37963,4222,343051,531274
10203,6445,153822,41445,5666,1357835,1578510
6963,4852,260939,41889,4815,1424717,1746639
8481,5426,1500856,48277,6186,370133,1941489
7537,5333,1756752,32185,5037,368662,2177525
8148,5722,135383,77500,3574,325355,558090
9333,5556,226741,40518,6111,301275,591553
7740,5481,317692,44074,5426,416119,798625
6629,4389,1573682,43500,6463,1373208,3009964
49777,4481,115073,39445,5500,300128,516997
9981,5815,186412,54037,6389,260122,525275
6092,4963,285659,44815,5833,1448238,1797434
4703,4186,378350,42852,5592,2070876,2508893
8647,6167,138819,45000,5185,284901,491201
6352,4499,165325,80204,3759,1323352,1585972
4555,4278,254905,45389,6351,1433197,1750694
9889,6259,397614,37093,4630,314881,772718
8962,5093,145694,44185,5482,1393574,1605583
8667,5407,140496,37500,4241,359593,558164
7740,5426,214891,35593,5074,374253,645293
5240,4981,306138,44500,6426,377988,747199
9240,5685,400348,41796,4611,308093,771773
10611,6019,175500,46556,4463,274367,519609
5037,4092,195563,46685,4574,1394706,1652657
9185,6370,278587,41963,5444,1414829,1758323
9573,7982,411352,45574,5981,326014,808476
6851,4481,123024,57037,5889,360177,559422
7130,5148,161196,46537,5519,312208,540053
9444,6074,240776,57186,6148,291960,613552
4832,4482,342246,43185,6037,314824,717570
7685,4333,151603,44055,6038,1497479,1713286
8962,6167,123794,39259,5648,345740,531589
5167,4259,235744,28852,4593,1412690,1694194
6055,5000,306695,42093,5259,1465720,1833323
10610,6130,390775,37537,5056,1325288,1778026
5092,4166,125003,42333,5037,317939,501737
9685,6315,197971,47000,6852,1397445,1667916
4870,3889,135403,35666,4982,378149,565293
10481,6259,437798,78297,3611,275586,814699
8370,5203,121396,47760,6204,346693,538052
5314,3963,159402,38445,4870,1485218,1699305
4759,3870,251797,43371,4592,251700,562053
5907,3815,359081,58926,5611,2120904,2556726
4647,4056,123586,40296,5278,326078,506423
4758,3889,130907,40259,4667,361312,548293
9870,7871,223505,39852,4926,1449040,1737398
6647,3871,365733,34612,4796,336502,754199
7611,6092,413148,41333,6167,382699,859106
9906,6556,191097,29796,4963,296067,540774
7795,5148,190566,42315,5667,1453758,1707582
6962,4371,282035,39722,4796,354554,694496
9777,6482,359170,33926,4148,416269,832625
10036,6963,136973,35981,5352,351784,549738
5221,3926,194830,35445,4963,307593,554293
10925,6111,246151,37815,3852,1346395,1653990
8074,5296,332138,49908,6574,256043,660348
8166,5315,702015,41315,5982,318719,1084105
9222,5241,130334,53186,5648,429976,636515
7685,4370,215970,38352,5519,1437631,1712342
5481,4240,318291,44167,5185,356112,735940
7463,5444,390834,38130,4889,327180,775977
7907,5593,150487,38593,5371,346064,556645
10055,6593,183216,54870,6426,256263,519442
8018,5222,274314,45352,6037,1413009,1754008
7796,6037,427765,38889,5722,1469594,1958137
8203,6167,173344,38815,5352,281153,515090
11036,5815,190091,50722,6500,1481529,1747823
8462,5371,248615,38037,5556,1413467,1721527
9185,5740,337992,35074,5223,330096,725274
10185,6241,423683,58889,5722,1453287,1959915
7092,5315,126836,54334,5166,322790,523460
6629,4611,214546,43260,5352,1940200,2216598
9796,6630,302293,42889,5055,304629,673589
8518,5482,388891,46982,6426,278493,736755
6259,4574,181841,38352,5204,281859,520071
9370,6463,179051,42130,5352,1449513,1693898
8481,5574,272131,39722,4908,1359914,1692768
8907,6055,363267,38592,4945,349969,773977
11110,6111,129920,68741,5463,374725,598033
6259,4240,349890,34519,5148,1524469,1927248
7055,4074,262506,44019,5056,1467965,1793193
7796,5315,336142,40296,6148,1410792,1808786
5648,3741,665056,40611,9315,1290784,2017248
9203,6222,130283,50555,5241,306511,509960
7351,4908,212955,41667,5148,1389980,1664194
9426,6351,362703,43981,4371,353052,782033
9444,6130,420634,52778,3630,321157,816533
5796,4240,166232,47112,5129,377246,608441
4741,3796,176775,61741,6592,397981,653941
8610,6037,126855,50167,5611,357290,557274
11018,6518,362602,33241,4815,1357314,1778101
5259,4222,131348,47722,4445,314538,509812
9518,6537,156873,51592,4797,276217,507868
5037,3962,260546,43407,4278,1354445,1673916
9481,5037,384903,48129,5963,334537,790069
9370,6315,777632,43074,5444,1434466,2278598
8241,5240,142507,35278,5111,288546,487035
7314,5019,219346,48518,4556,1352089,1638990
8814,5352,310852,42723,5703,316959,693181
7407,5296,396784,56852,4037,251138,723848
6648,4240,166586,86037,3371,246541,515775
6555,4519,185980,46445,6351,1453214,1705657
9777,5481,321191,43166,5593,273010,660829
9092,5555,442493,41426,6093,322521,829513
9388,6796,134239,45556,5537,340536,544589
7166,5166,151930,54796,6612,261160,489274
7555,4166,472511,41981,5574,1507775,2041506
8833,6018,2107039,83000,3870,1471440,3683867
5944,4093,122915,41334,5555,337507,519423
4925,3704,125360,35611,5167,310952,487664
6518,4056,211533,34592,4963,1388717,1652398
7851,5908,147576,38333,4537,2023300,2229820
7777,5686,276230,40092,3297,1462778,1797916
9573,6148,123903,33574,4259,307280,487238
9981,5315,187631,45852,5962,337329,594682
8092,5296,438359,37963,4278,415265,911735
7944,5463,420532,33259,4037,325871,799162
9629,5796,139963,37889,5296,351404,552793
9851,5685,149024,38760,4389,1445410,1655935
5981,4204,243678,53074,6519,186707,502201
5240,4019,336462,42185,5945,1471767,1867600
9536,5704,416802,54667,6037,1486020,1980803
5796,4093,130214,47852,6407,394153,590979
4351,3741,217424,49963,5963,320628,604108
10203,6056,310819,81685,3759,1383356,1798601
4759,4093,393658,43111,5019,1415960,1868712
4907,4222,154627,46296,5111,381556,598663
9463,6648,182632,56630,4815,1432432,1695028
8777,5908,269194,53981,5926,262229,608385
8926,5907,361404,56667,5611,240259,681089
8870,5278,128168,51278,5222,400384,602200
6111,4463,154044,50426,5000,310471,533145
9926,5777,242921,55093,6444,1410069,1732546
7944,5851,355964,46389,6260,329494,754199
5833,3833,621989,35889,5185,1651016,2325764
9036,5574,129642,41815,5315,344225,537774
9018,6370,216148,59537,5556,279200,578385
6574,4222,367524,89038,3796,277341,750681
11499,6093,384197,105908,3166,1330589,1844026
8444,5408,128980,33277,4352,323962,507127
5518,4074,182689,49686,5148,1416504,1666453
8888,5445,518826,40555,5982,1738550,2320727
5704,3907,400535,46723,4388,357738,821514
9592,6555,131282,52277,5149,357252,564811
5111,3981,153824,35778,5223,348598,555330
8592,5796,280812,41889,5018,369444,714273
9981,5593,331540,39259,5408,295141,689904
9259,6759,474009,52796,3667,310894,860032
8944,5944,129014,36278,4870,293928,480960
9629,6778,554965,48945,5500,1436671,2065192
6204,4574,299896,31222,4797,1338797,1687880
7500,5278,389847,36389,4703,317334,763866
4851,3796,124816,41277,5000,331349,513608
8130,5111,187228,46093,5592,1390429,1644732
8981,5426,271957,43852,5370,1441218,1778823
11074,5740,354945,58055,5852,1444804,1882730
5833,4000,139727,39630,4222,314751,510812
6295,4112,154640,39056,4648,1440628,1651990
9573,5722,257980,110704,3371,1390102,1780119
6055,4648,353153,86945,3333,1367596,1825119
5092,3815,1199698,52778,3722,1415953,2683170
8000,5759,120997,44371,4963,337333,523608
8851,5186,254022,67389,3685,1407116,1748638
5167,4129,354899,76241,3314,351060,797070
9573,6630,384589,37612,5129,319851,766143
8407,5815,123298,85001,3555,362809,591719
6444,4611,187749,37260,4722,1405723,1648898
7314,4945,283144,37907,4352,1422605,1762342
7703,5426,363428,42296,5778,1470654,1897322
9481,6667,126636,47667,6519,418785,618589
5795,4297,155179,37148,4963,286059,495886
9036,5871,237370,42686,5055,1395823,1698157
7759,5259,405655,43537,5556,268063,738255
9740,6648,454272,44056,6222,1368292,1891748
8000,4889,128221,34981,5408,341961,526367
5055,4518,419376,42556,5074,1493261,1972062
10333,6630,596382,35926,6019,1378735,2036433
8741,5444,708166,57093,6296,1403636,2192025
6314,4352,185430,36741,5074,255363,495979
9332,6519,870030,46482,5759,313592,1254122
8944,6593,267645,48982,5315,265202,605608
8592,5685,823042,34685,4908,346321,1226160
8907,5777,128880,52370,5389,326673,530608
8999,5630,280200,51445,5222,420906,774829
9351,6630,237465,53000,5278,302550,616959
5962,4463,328879,37463,5130,236043,619996
8981,5259,422589,110204,3926,238425,791477
4444,3926,141409,44352,5981,1532526,1734472
8870,5481,207341,46055,5852,1393484,1669435
8721,5575,315587,38629,5093,1495365,1872322
10370,5777,396279,37759,5222,1385452,1843452
6944,4648,163876,81278,3556,249157,511867
5314,4556,187845,39703,4519,369133,613978
8481,5852,281333,37963,5259,213294,554608
6389,4500,371153,42815,5537,1443984,1876712
8425,5593,126121,37612,4370,298468,482923
8741,5833,146387,35111,4167,375221,577497
9426,5629,240097,35815,4537,222678,520831
6278,4092,332788,46519,5333,1452424,1849841
7685,5556,432738,35963,4352,1405899,1895564
5555,3888,215707,38667,3241,244068,513608
7833,5482,220490,31389,4167,280210,551423
9870,5037,301700,50203,6334,1308327,1683434
9203,5666,421373,43278,6056,1375024,1863174
5888,4204,204730,40000,5908,259841,522979
4759,4037,201236,62796,4445,313649,593663
6093,3870,297075,37056,4074,1431025,1781453
10203,5611,360192,47445,4574,1437723,1867692
7759,4926,141253,31611,4519,389984,582552
8703,5574,454779,45870,6259,373383,897087
8055,4685,248432,47760,7018,1367799,1685805
9166,6852,330456,44797,4852,1421773,1819934
8796,5814,984316,52889,3667,321954,1379899
8037,5055,257228,46481,6130,428102,753459
8444,5204,209622,38444,5352,261653,531423
9666,5871,920629,40278,5278,1646466,2630485
7092,4685,384023,42704,6056,337065,785070
5221,3852,666326,33555,4982,345094,1061512
9500,5703,181812,37685,5167,1445049,1687268
9518,5759,278170,41518,4500,1455561,1797360
6147,4204,364639,35148,4407,1387481,1804545
9110,5426,131848,44482,5481,325094,524089
6444,4185,151076,47203,6500,356088,573737
7518,5352,238526,43778,6093,373562,677607
4703,3926,335754,58500,5186,200760,610903
9555,6426,417371,40871,5130,290957,772273
9037,5130,130080,43037,6222,1423448,1619787
4870,3907,210179,42149,5314,1422423,1692231
5758,4204,304296,46852,6352,342811,712310
4740,3797,389024,37074,5612,344137,786903
8833,5278,151826,41260,3981,321874,535108
4258,4037,196221,37371,5130,1348362,1597435
10074,5481,268413,41203,6130,1366597,1700102
6074,4555,362678,36870,5796,1481849,1900285
5740,3741,161423,41297,5185,341240,560978
8925,6500,158226,44907,6426,1465135,1692157
8703,5352,235528,42186,5352,1432573,1731990
9389,5925,326849,35426,5130,1386919,1772712
6314,4185,423707,42815,5055,1360672,1844711
5333,3796,128898,40759,4870,322730,509145
8777,5648,245755,70889,4056,1431068,1768601
9685,6315,296390,49926,5297,219068,588663
6685,3963,533268,48000,5370,283320,882736
7629,5278,162069,47222,5093,1966696,2195858
8462,5481,173760,49278,6778,1362935,1608694
9277,5630,270506,34112,5055,1418465,1745527
9481,5574,366123,54241,3741,243891,685718
9241,6296,1221428,37667,5037,308674,1591121
5944,4352,154635,47278,4593,1453059,1672472
8407,5426,235233,58982,3407,1891606,2205395
9110,5519,366628,58223,3592,1465583,1910655
9388,6648,416116,55334,3518,1918944,2412319
7870,4963,120918,46593,6500,326968,516479
4981,4000,210128,35574,4870,295684,557349
9889,5574,299004,45315,6240,1479838,1848416
8796,5722,446936,43981,5463,299615,812903
8241,5166,136275,36222,4166,395538,587552
5703,3926,184984,41000,5833,1403266,1647324
6407,3907,273953,45149,5129,301988,638571
8814,6185,415682,39074,5000,369906,847143
8370,5444,170150,29963,4833,362310,583700
5500,3741,158248,43055,4908,308156,526257
9537,5055,246903,53463,3537,311168,632071
9592,6148,715705,48130,6537,1386412,2175358
9147,5889,421489,41333,4796,1359150,1844119
5203,3704,133567,41852,4371,370281,561034
9333,5314,208055,50334,5055,317757,598237
7333,5240,296506,48278,6148,370083,735625
9647,7908,378086,43259,5222,1417348,1863785
4648,4370,151276,48334,4796,378017,594163
10296,6129,190653,41926,4907,1395486,1651990
6592,4407,311159,67111,3259,1460368,1855378
8147,5352,352498,43093,4777,1382807,1798674
9833,6537,128151,47889,5463,321068,521516
8721,5185,147806,38370,5241,1384093,1591805
9407,5797,238996,47186,6555,304796,614867
8111,5277,1095709,36833,5445,335042,1488362
21037,4148,111730,42371,5296,337730,524849
9537,5463,122569,32241,4722,395298,571867
7351,4963,205631,43371,6296,1361138,1630861
6333,4888,300378,53963,6148,250934,625107
7351,5667,384032,47185,4963,1781362,2232876
8925,5445,124296,54741,3908,368366,568349
7889,5407,172914,43944,4500,311861,548645
9814,6315,264235,57389,3777,1424219,1768231
8777,5444,408889,44371,6092,2109245,2585374
6555,4000,221543,41166,6000,1405430,1686787
5593,4259,148381,37408,5055,311412,514090
9667,6426,235887,45426,5815,1394843,1700139
4851,3908,330967,56963,5611,1371059,1775453
11185,6148,417844,38963,5593,1330979,1813249
4222,3963,122367,48075,5111,352722,538942
6684,4500,211948,45111,5352,290049,565663
4759,3741,301213,42815,6463,277505,639348
5499,4167,391219,63389,6666,1308104,1781989
6740,4352,489373,39093,5889,1402004,1949859
4592,3630,571342,42852,5963,272245,903254
9851,6463,266274,43574,5074,1346865,1680787
6944,4500,393520,51815,5945,326253,791403
8018,5000,159526,41704,5759,1411521,1634047
4851,4352,155568,45371,5333,1457163,1674824
8351,5556,232222,38278,5111,1389805,1681675
5648,3648,389488,30371,4777,360637,796607
9907,6722,409031,42111,5537,293317,769218
8722,5907,126073,44815,5037,317313,509923
9537,6537,207431,38611,5167,1442633,1712324
6999,4241,382289,49093,6092,310558,761365
7815,5648,391350,32019,5407,1483157,1928026
4796,3796,144652,39167,4796,353085,552867
5351,4389,179621,45760,6000,1438869,1682064
5444,3592,510461,41019,4833,1610008,2177839
7721,5667,357800,43315,5370,1365875,1787712
4795,4056,127379,38204,5055,302563,484515
5222,3963,156941,81666,3612,240297,494349
7185,4926,247243,36259,5759,221402,525256
9259,6204,331489,36297,4722,227896,617941
5277,4722,426663,45833,5852,1340160,1830693
8352,5574,128815,45871,5611,296089,492831
5796,4667,211655,68518,3778,208064,505034
9296,6426,297883,54426,3630,228224,602349
4648,4537,397667,39389,4926,1472729,1926156
7259,4982,123376,45148,5593,439490,628552
6000,4148,218456,40667,4296,1481293,1756972
4537,4129,286407,37315,5074,1361046,1701879
8889,5444,351987,45500,6426,1410817,1831434
5778,4351,128992,44056,5778,301949,492960
10648,5982,155868,41056,4962,1434567,1655287
8388,5297,250337,64667,4407,1300598,1636139
5926,4296,331436,33648,4463,301338,683478
5037,4037,471534,44575,4389,280571,812533
10778,6222,159355,43203,4297,300457,526979
8926,6092,213843,66037,4129,1398685,1699954
8055,5296,330978,98074,3704,1355845,1804119
8833,5778,384132,53982,6370,1448950,1911378
7074,4351,187823,37944,5371,252897,498275
5166,3907,178403,42463,5074,241391,479052
8166,5240,264853,37408,4685,1413082,1735841
4703,3741,403284,46575,7037,1375945,1843878
10222,5630,134771,31482,4981,374151,563293
7462,5296,150482,35537,3833,1459361,1664175
5037,4352,240746,56519,5852,239879,554793
5296,4463,331679,52407,5463,1473922,1875323
10666,6277,425463,49093,4981,306774,805273
4814,4574,177097,41519,5907,341863,578367
5759,5129,219363,41944,4371,1827032,2105821
9018,5759,290202,37500,5333,1359807,1710027
6666,4667,398522,33093,4593,381750,831680
9370,6333,160658,47148,5944,402858,634681
7796,5667,179052,46667,5667,1425086,1671954
6481,4630,261539,37612,5203,1426950,1744823
6203,4056,375231,45130,4167,1381943,1819323
9852,6481,256052,43333,5167,1439012,1762546
8444,5371,373928,42407,5500,1762745,2200876
6055,4556,275397,43259,6093,360062,697867
9722,5240,563607,43963,5223,1418473,2049025
4796,3926,411372,42518,6334,341123,812422
4241,3740,130896,45166,4889,364102,555386
9962,6352,198605,45574,5278,1415867,1683564
8221,5056,305963,39926,5944,404329,771736
10925,5796,380766,35740,5297,1447927,1888415
5555,4629,128363,39963,5760,332522,519200
8037,5148,181017,44815,6130,1434177,1681917
6352,3852,263134,34926,5963,1438967,1755601
7777,5333,350919,34963,5018,294652,700755
7388,5297,128497,41741,5278,329203,519719
7536,5297,141744,58074,6130,370048,591107
12426,6203,228288,46444,5222,339987,641071
8148,5722,326923,45945,4574,1441233,1834860
5407,3982,424521,47111,5667,258752,748088
7926,5314,131861,37296,4444,305100,494349
6296,4296,203811,109408,3815,1266143,1596047
5684,4241,293594,36982,5018,1350600,1698249
9648,6703,377045,36334,4444,331266,767959
10129,6796,153125,43518,6259,303188,525571
9648,5296,173186,42074,5241,385532,623867
8481,5574,257951,40834,6222,1474965,1797360
5351,4352,405568,43500,4982,303297,769217
9241,6314,123815,35648,5370,344961,527349
6147,4611,144209,44427,5518,2122037,2328968
6962,4611,1392162,86001,3592,3561216,5057359
6981,4833,6230363,36037,5056,1295148,7580623
8055,5371,354910,52926,5926,351641,781310
7036,4778,121750,61593,5815,2722159,2925131
8092,5648,1139462,43166,6074,3134051,4338716
4555,4000,318310,38908,4407,1429050,1801694
7833,5148,420140,89407,3889,1436164,1964563
5184,4760,356470,44167,5333,335655,753699
7407,5204,358828,35871,5389,2125897,2540578
4593,4185,157997,35556,5018,344592,554016
53999,4612,376792,34297,5222,308851,786107
6352,4629,154891,32907,5037,264181,470016
60518,4759,179434,43259,5907,284286,580719
8758,6445,236995,36148,4796,1441551,1736971
9648,5611,385204,34037,3686,318216,758607
8574,5574,413395,41686,4537,1408223,1884637
8573,5426,135716,69666,4612,322818,549422
8851,5593,199240,59167,5500,1457749,1738786
9648,5426,290746,81500,4426,1355781,1749564
9537,5592,384586,55889,5759,369669,833180
9222,6740,136351,65722,5296,384424,610256
5555,4259,214504,41001,5388,278474,551867
6222,4667,261306,50741,5593,334856,665830
7500,4555,366924,40426,4426,338183,764088
8703,6167,137632,35723,5407,287790,483367
5463,3796,159787,38185,4556,307543,522090
4518,3852,233348,36315,4963,317056,602404
9444,5445,315928,37204,4204,1450913,1825842
8555,5685,405194,98426,3463,1400776,1924174
8555,6278,170773,41426,3648,332650,566071
9166,6037,199557,51796,5315,220385,494775
9462,5407,286008,36907,5148,290767,635792
5277,4000,401329,35203,5204,1501420,1955748
8425,5815,146185,35649,4926,319811,523182
8351,5556,185894,44723,5852,1402688,1655546
5537,3944,1356274,57352,3759,1944651,3373833
8962,5815,352577,41704,6000,1337617,1754842
5906,4408,127764,30482,4870,318233,493663
10277,6815,137900,40870,4407,1447702,1650435
8499,5093,862018,44519,4500,1411986,2338949
6296,4463,321005,43777,5204,345047,727478
8889,5814,279529,41667,6204,1527071,1871193
8648,6277,163183,42092,6297,270481,500590
10518,5667,362262,60723,3815,337454,781995
6833,4407,361065,79815,3963,310005,769014
6555,4574,425552,37352,5889,226221,708699
9592,6389,160891,41630,6000,336902,564052
9203,5371,173619,46555,5352,1480612,1723250
9481,6037,300402,41001,6111,299630,664940
7666,5111,354465,39518,5686,338660,753496
8389,5370,126674,38018,5315,309435,495553
6425,4074,141106,36166,4686,279688,474719
9167,5833,233722,45019,5500,235608,538257
8592,5630,702322,42111,5130,263561,1029346
6833,4685,406401,37333,4630,1318218,1780397
7037,4093,132554,54704,3055,358239,561534
8296,5759,198357,47222,6204,299492,566941
4629,4389,290826,31000,4685,278541,615774
5185,4037,381406,42167,4741,1373768,1813564
4888,3667,138893,45333,5889,326289,526534
3926,3740,195343,41649,6166,288062,540516
4500,3759,262849,47185,6278,1314234,1641380
6444,4815,364670,79834,3518,1350560,1812379
10018,5593,146379,31296,4444,303526,503738
5778,4388,142496,31649,4518,1419291,1610324
8611,5407,227706,50333,5630,1437284,1737416
8666,5648,317452,37704,4463,1434537,1810434
9462,5334,404921,46278,7130,286148,760810
4629,4018,156538,36667,5055,283608,493034
4740,4111,307267,43685,5796,411044,779125
9129,5555,290847,45166,5704,267021,626274
10759,5870,432297,40963,5797,360957,858958
6314,4463,199450,30056,4870,335991,583645
8814,6130,396216,42093,6129,316169,777625
9314,6278,251907,39333,5407,246368,561367
8648,5389,539079,35723,5018,401692,998161
9185,5759,143084,41963,6260,1425961,1634342
5870,3889,420536,54166,3704,422496,912903
8018,5278,226097,30000,4240,1381987,1658269
5777,4352,318695,42037,5278,1444480,1823100
9537,6222,402850,55722,3315,1382788,1862582
7778,5166,187503,35445,5259,276587,520109
9518,6611,209694,44333,6112,1344185,1623102
8666,4926,285385,36574,5241,1383586,1727805
7944,5111,375632,56000,6148,1412524,1865730
4925,3944,153841,35612,4611,363933,569496
7889,5370,166810,38166,4482,381853,606941
9166,5259,251612,34482,4426,331976,639181
5167,4018,350896,61908,4277,271378,699996
9629,6537,124142,44111,5297,330595,522367
6166,4166,141963,42963,5796,1448028,1651083
10758,5963,223691,54667,3333,1420559,1720971
4796,4130,334067,33704,4130,395076,778274
9537,6685,402351,42556,4555,1399046,1867878
5888,3982,161838,42185,6130,274677,496664
9796,6129,242326,39426,5889,265004,571237
8481,5703,289813,55445,5592,1461973,1829174
8518,5445,377393,55778,4407,1385263,1839138
9166,6592,160843,42445,6370,370820,598700
7333,3704,208071,63648,3630,1402697,1691620
8555,5907,299337,40240,5889,1404376,1766490
4593,4203,355713,43333,4222,330413,744922
5240,4130,126496,38889,4981,346946,528942
9444,5167,804892,35648,5148,1318559,2181784
9407,6482,268507,61778,3185,1412520,1765175
5037,3833,340329,37685,7130,1311124,1707120
4574,3759,418631,45389,4833,1335840,1815101
10592,6111,1009138,42815,4685,324761,1400399
4444,3852,223956,32112,4166,1369016,1639861
9333,6037,1305373,41926,6148,302525,1673379
9352,6092,372117,48463,5686,282619,726737
9351,5481,162604,36611,4741,1866792,2088265
4778,3870,179665,53686,3166,336869,584164
4407,3592,282209,42611,6185,1401967,1743027
10704,6203,359530,44481,4241,324059,751533
9703,5963,138238,41649,6259,340703,544978
4981,4703,156726,81537,3537,469492,722718
8018,5370,245491,29371,4426,325005,620348
9629,6741,350108,60870,3315,1445696,1878897
9148,5333,444799,41704,5926,1378653,1887971
8907,6055,129582,39575,4500,321488,512626
8185,5037,230514,43778,5407,1444365,1739694
4611,3963,291946,61630,3759,1445895,1813823
9111,5148,373859,48204,7352,1316926,1762582
4647,4056,152680,66870,6019,276854,513811
5295,4000,169982,39519,5222,1512878,1739508
8610,5593,268043,43926,5074,1319040,1652638
8573,5222,343606,40981,4926,322465,727792
9832,6593,121073,36075,4222,331275,511774
7500,4537,138764,31741,5815,328899,520145
8481,5851,222882,62185,3593,231874,537422
6148,4056,318573,48296,6130,288497,673904
9240,6352,415486,42222,4778,1456873,1936896
4962,3741,133584,34574,4926,1458851,1643546
8944,5889,193960,52315,4482,258518,526182
9240,5408,282429,48537,4019,284363,636608
8667,5537,277620,55315,5889,1498887,1854582
5148,3778,149700,42019,4925,315982,524034
5944,4296,169780,54834,3629,327717,568941
10611,6222,250397,46093,5759,1338316,1660194
8684,5500,391126,81167,4204,245555,738347
10240,6500,135668,37315,5722,1854839,2052637
8555,5778,137544,38185,4889,1555538,1753527
6388,4463,226161,37130,5241,362835,644403
8203,5759,350501,83130,3778,1343099,1796915
9592,6537,404100,63852,3759,1969312,2459634
8185,5129,125327,53889,3519,373744,571886
5721,3871,207258,52186,3166,299720,574293
5741,4222,294320,41722,5704,1355337,1709361
9573,6611,384512,37648,4593,299262,744773
8981,6463,149720,44945,4907,315591,533089
6981,4166,175190,47685,6370,1420264,1662749
9203,6018,248270,62407,3519,1469016,1800638
6037,4592,346090,29945,4463,1414862,1807990
5315,4000,137355,38833,5185,379012,571701
9777,6370,129972,40352,5722,420506,615403
5110,4167,225256,39852,5407,1359531,1642805
9167,6240,306984,35297,4685,348123,712848
7425,5778,1174214,40834,5574,317814,1553917
9981,5741,137273,37185,5149,313038,510572
8685,5907,193298,36315,5037,231514,482720
6981,4315,323452,33315,3685,1496778,1870860
8036,6056,373236,43166,4871,1376013,1813601
5759,3778,131074,36167,3833,347627,529923
4406,3778,170025,33778,4925,1456374,1675342
7073,5815,274901,30296,3852,1419645,1744286
9296,5648,360074,33537,4389,1466582,1883008
9296,4963,148449,29037,4630,316473,515275
9981,6704,136103,42482,5814,278598,482145
5740,4260,225776,39889,5666,1394733,1678472
9018,5537,598709,40907,5204,378711,1039883
7925,4593,420640,65130,3611,1448145,1952674
4944,3926,154293,41834,4741,304703,517238
9721,5463,199300,29981,4352,1424135,1675564
9407,6148,301713,36500,4870,1420333,1781212
11018,6166,389719,28963,4834,2093340,2536411
5129,3982,170761,41981,5315,328606,557700
9907,6574,160618,63112,3703,304175,550478
9055,5945,588051,36982,4593,1279233,1926322
10722,5907,358798,45907,6167,334216,764310
8759,6352,127692,45741,6259,348194,545756
7777,5148,136754,36555,4796,332522,525960
9444,5833,269852,46056,5907,1346398,1686379
6351,3926,313802,59926,4445,1467150,1858063
7981,5518,436698,56074,3944,331353,843532
7148,5722,139110,41185,6371,428516,630848
8888,5648,1010174,40203,5760,1543107,2616114
6758,4630,288381,44204,5389,252986,604459
4981,4500,396499,42407,5778,1442787,1899156
9610,6519,171133,41001,5722,286604,523238
6277,4074,185380,91482,3796,1427851,1721508
9241,5611,270645,39778,7722,1356326,1691898
7499,5315,356170,40519,6333,1414875,1833249
9573,6445,990103,41871,5537,297685,1353937
8907,6648,131996,42538,5388,440612,638404
8962,5315,233928,40296,5037,1427618,1723156
9463,6148,308730,56963,7352,288192,679126
9073,6408,1198719,37686,5074,1277358,2536726
7740,5000,183334,36519,5259,330737,571237
8796,5222,190525,35612,4703,1447669,1695101
9203,5945,277364,36278,5370,309077,645552
6833,4389,388649,106352,4185,1392100,1904452
7647,5260,122098,81778,3648,312232,534608
6462,4148,165827,35574,4741,1444460,1663157
5369,3982,257314,48741,6222,1910692,2234339
7741,5444,341431,33889,4315,364435,759404
9592,6556,891568,98889,4037,1440362,2453560
9851,6074,130183,34241,4834,326184,513905
5370,4130,222411,42815,5129,268067,549886
8092,6130,329769,46889,4907,359208,757033
8666,5908,174682,39222,4593,334166,569849
10906,6075,130187,50167,3222,338402,541571
5277,4056,197416,47407,6408,1474537,1737212
8278,6148,281051,43167,5778,1489623,1837286
5073,3926,374762,42074,6611,1381450,1816360
9092,5574,129192,42834,5426,310193,504663
5241,4592,167421,72056,4388,236299,492423
9888,6389,248075,37408,5055,1401397,1710360
9389,5981,381266,46130,6037,271989,722848
10036,6074,138791,40444,6185,373040,576848
8869,6519,128129,45204,5593,416089,613089
8315,5555,218765,40685,5593,1333874,1615621
4907,3852,354326,45556,5870,1467681,1884656
9944,5611,414574,41500,5981,1440268,1920934
5110,3963,171968,47500,5241,346603,582867
8444,5444,188603,37630,5352,1437461,1685360
9537,6203,276369,40426,5389,226498,566923
9055,5222,385819,53093,3648,300918,760237
6815,4537,141842,44000,5704,275284,480942
6203,4500,189238,42796,5796,1398550,1649787
9388,5723,252743,57426,5408,1484116,1817064
9777,5630,364287,46778,5148,296468,730107
6425,4686,126199,32981,4463,307076,484460
9499,6722,144095,46037,6166,367995,583293
7721,5130,269267,43093,5666,251823,586644
5981,3796,319162,59556,4500,272186,667181
9241,6574,486483,41148,6148,255086,806848
9888,6556,119895,39648,5315,379065,562756
9092,5963,188327,35871,4611,317040,563404
5926,3926,323999,85353,3685,1237638,1663231
7851,5241,382691,41018,4926,371212,815754
7425,5667,131715,52167,4963,353559,558200
9759,6666,157814,43333,4389,1429436,1653861
9704,5666,248820,54278,3240,1369579,1693620
8499,5500,340178,37907,5130,311670,711292
5610,4223,246090,38333,5445,1510418,1812823
5592,4537,238356,39407,4815,334252,629774
8221,5056,220102,35463,4259,1386722,1662360
8388,5759,308979,43315,6314,339555,715181
8203,5686,399151,41426,4592,405344,866977
7907,5296,128583,55722,3722,369470,573256
11036,5871,212644,71426,3574,1454161,1761305
7778,5555,300650,37815,5722,1378211,1738157
8203,5444,373878,45056,5574,307507,747903
9796,6870,163273,43741,6166,298762,531330
8888,5241,164093,57611,5482,388755,632829
4574,4074,252654,41500,5871,1400391,1711453
4500,3759,409716,30315,4611,286428,741329
10073,6463,138203,28593,4518,282628,472460
5147,3630,140820,42259,6056,1501670,1701897
8630,5499,216290,36277,4852,1465738,1739953
7778,5166,318110,46686,6074,402589,788829
9796,6518,408616,32130,4741,322787,787088
10203,5074,173066,45167,4852,337264,578182
9740,6778,183775,31074,4704,1440511,1679268
8000,5537,278633,36722,4611,1444264,1780879
4777,3797,374398,37797,5833,330375,758922
9963,5907,132885,36074,5112,349222,541849
7277,5019,199058,27685,5000,363068,609052
9963,6685,243453,40981,5648,1467648,1777323
8463,5722,417681,28389,5056,323610,791070
9666,5592,1072004,40333,5704,1664128,2799854
4703,3889,381471,43500,5648,1309056,1750379
9389,5907,218828,59926,4130,227447,528164
5888,4278,318519,40797,5870,1736950,2114895
5925,3889,424729,63889,3944,1715425,2219783
8592,5630,143104,31760,5185,287856,485553
5388,4056,347055,27760,4759,296311,687681
5092,3796,288450,42296,5760,282139,630089
11944,5556,380919,34204,4666,1416552,1856416
7314,5389,544425,42648,5056,290959,898606
5888,4185,319968,34185,5241,309214,681348
9610,6648,786105,28111,4907,1463031,2301079
6648,4407,314405,36537,4963,1278789,1648194
9055,5759,440393,42148,5260,408102,912754
4981,4333,159991,35833,4741,1505870,1718360
8925,5574,265478,91556,3537,1277808,1655342
6722,4870,355188,36389,5056,1478968,1889656
8240,5111,401768,39945,4926,1436239,1898674
4592,4389,124902,54149,3185,382186,575404
8722,5759,196835,42908,4777,1332045,1593639
5759,3778,333452,46241,5722,1331945,1729324
6537,4333,373550,37575,5055,322575,752403
8166,5593,171482,52759,5315,278256,524127
8314,5185,182821,67630,3759,1393540,1663990
5851,3611,288716,68611,3667,1357144,1730175
8629,5444,364500,39185,6148,303330,730866
5592,3666,128339,40944,5611,379714,565941
4018,3611,138419,53574,4852,333338,539979
9370,5278,230332,52426,5944,1459621,1765046
4259,3685,344671,40019,5166,1374467,1774527
4166,3611,415122,40056,5703,346300,816903
9907,6815,183127,43389,5370,355240,606423
10685,5574,238559,40055,5278,1459616,1762175
7056,4981,281046,36204,5074,322469,659311
8018,5148,365534,40926,5037,1481437,1908452
8351,5556,135298,41944,5130,346143,544478
11629,6315,1290881,44074,4981,1280289,2640336
7611,5556,138347,41277,5037,382983,583349
10203,7074,340168,38704,5278,340753,744366
8611,5037,439433,42408,6407,1442592,1946619
10999,6278,130531,42186,5944,331170,529238
9036,5907,414834,45945,5019,325105,808736
9499,6667,310136,48482,4537,1460427,1842360
6851,4834,663698,36092,5371,332073,1051549
9814,5889,192573,35852,5315,1384806,1636916
8203,5667,602302,32463,5704,2021145,2678929
24388,4778,307789,90185,3648,2155826,2589596
7926,5722,377517,41445,4944,393108,832958
9426,5648,124133,52278,3259,351067,548590
10092,7130,358417,29797,4741,1467867,1880730
7795,5537,248553,35889,5056,311740,617181
10518,6556,1567802,55482,6167,330704,1979544
8796,5278,134601,77093,3722,1893942,2126266
9703,7037,135644,30852,4259,328631,518793
5907,4408,234576,45389,6222,1455118,1754250
10388,6556,327045,46611,5704,337025,735533
6018,4074,410366,44407,5704,276481,750403
9352,5889,124074,44815,4445,327459,518738
8333,5315,231710,43445,6222,1486538,1784453
5462,4759,291550,45426,5630,316335,671699
10999,6370,375056,101741,3445,215717,716088
8036,5537,125561,35352,5315,336954,519497
8333,5556,165697,46907,5667,336096,570682
5352,4685,255721,54056,5778,1430157,1757972
12295,6260,341690,39833,5963,1452429,1860563
7851,5519,1238735,61389,3815,360996,1680768
9500,6037,896092,78352,3389,327289,1322734
8499,6056,579467,42167,6093,1473149,2117561
11185,6667,560547,31834,4852,345095,962939
9296,6648,393849,46797,5500,1496898,1961063
7184,4648,257392,39538,4944,1333450,1650101
5536,4111,1733791,74352,3592,294864,2118321
10351,5889,275033,44945,5148,306944,650422
9944,7074,245873,43611,5815,1435210,1749879
8203,5815,134322,42611,4889,361471,559719
5518,4129,798608,44130,4351,1419306,2278579
9222,5629,244557,66129,3723,1471025,1802749
9388,5889,649175,35481,5908,433559,1141679
9332,6537,422699,41666,4834,1540568,2027988
9906,6852,995798,35760,5315,314416,1370121
7093,4759,224154,81018,3667,296528,619886
8814,6130,309363,43112,6018,1701143,2076728
9537,6629,478018,46093,5574,237607,785533
6351,4296,170838,69075,3944,243918,500830
11555,6667,180548,41555,4815,1417332,1665139
6815,4666,276387,80278,3704,2088006,2462412
5870,4796,366523,42630,6204,1479336,1907989
5351,4112,131046,45315,5833,335877,529460
11110,6278,149923,43037,5389,1388512,1607638
5592,4907,249151,56519,5537,259845,583256
5610,4723,406360,44501,4629,286802,755236
7629,4908,1065053,38297,5462,1468099,2592244
21648,4667,127390,34445,5259,1444359,1639898
8666,5444,224249,41148,4574,203786,490589
8888,5667,309551,47889,6092,1466439,1846656
7333,4630,416816,70685,3685,258883,764774
11166,6296,223563,40389,4722,359804,648626
6092,5093,188197,34963,4760,1405589,1647583
9796,6055,278204,56833,3686,233126,590459
8758,5908,125357,34352,4833,365344,547441
10055,6074,130400,49852,6074,378745,584070
10333,6870,168184,64334,3648,432090,687422
6277,4686,254745,50241,5037,1425207,1748583
6907,4852,375881,50389,6204,283226,729830
11203,6518,423387,62630,3871,1491675,2001821
9056,6240,124300,45056,5407,1887448,2079563
7222,4944,221510,42741,5185,1430795,1714546
10055,6574,307478,43352,5315,327721,702644
10259,5833,393800,38055,5241,363326,820088
5333,4944,799288,37240,6167,1731716,2587059
8944,6333,189515,44241,5777,386834,643867
10388,6407,288613,38093,5556,2058762,2409875
9518,5519,123933,38037,5315,361638,546590
5221,4574,176736,36444,5371,291243,522293
9147,5704,152352,46760,5648,1466175,1688249
10111,6703,247562,46112,5463,255249,573330
6333,4500,423679,43908,5203,247798,733681
5518,4722,127759,42296,5871,461034,649163
9332,5963,128469,43315,6166,304233,499552
9722,6963,217345,45074,5407,1372609,1660731
9944,6444,304277,42000,5500,1392731,1763693
6814,4648,418653,43297,5296,296509,777643
8907,5685,124936,37074,5315,318894,502886
7925,5185,186054,33444,5259,1358123,1598287
6037,4425,282245,46574,4741,1418134,1764268
9796,6870,408010,68093,4037,1339442,1838674
9592,6574,144960,44426,4592,282834,495460
5537,4722,156540,37055,4871,1419673,1631213
10278,6000,253193,41482,5463,1383185,1701787
8740,5759,337348,41796,5352,1402586,1805341
9648,6333,424947,75019,3740,1384265,1906082
6518,4575,133044,44037,5685,306490,503349
7592,5074,251032,44778,5704,1356032,1672361
8907,5926,331853,68389,3703,327754,748663
7444,4593,394969,48149,6185,208526,672681
11129,7092,159457,37833,5537,282670,506237
10573,6241,226889,44555,6260,1405157,1703286
5870,4518,318413,91463,3704,1284410,1710971
10000,7055,577587,34944,4500,316390,953032
8573,5463,156091,43556,5611,286351,508386
11759,6518,148449,46093,5981,360881,582626
6111,4648,244029,39833,5630,263894,566479
10055,7204,324423,39926,5186,361683,750773
9943,6815,424745,39463,5259,1793094,2281986
7148,4851,130565,39000,4852,329136,518275
9111,5982,215589,39889,5296,325463,603404
6277,4611,301244,44944,6445,292364,657959
8333,5944,390565,41648,5759,310580,765551
11333,6537,130347,41815,5519,350927,548979
7277,4575,183834,45334,6074,375791,625108
10092,6982,281470,40093,6296,1400816,1748398
8036,4500,401884,47389,5537,1353847,1823674
7740,4759,135019,41019,5278,318570,515089
8555,5759,150247,44611,6037,1492262,1709786
5759,4963,293012,93186,4018,1344792,1748712
4426,4518,362333,39556,5630,350403,769107
10555,6574,421487,45908,5462,1367540,1860304
6852,4722,126344,50389,5111,393893,590126
9148,5593,215054,36315,5092,370720,644052
8777,5833,298579,39926,5278,327269,687829
6740,4148,397566,37852,6222,284337,739477
10185,6796,143108,66130,3648,1418160,1651713
8778,5981,181559,58407,3741,378049,639293
8000,6018,270491,30574,4944,356524,678718
9462,5667,363219,44259,5019,1436307,1866433
9277,5815,140539,48259,4834,305087,515867
5444,4130,170804,88278,3982,1412241,1687139
9666,6315,252070,39518,5537,301705,616996
11499,6445,338798,41092,4667,341790,746644
9610,7093,424822,44037,5982,282506,776254
10184,6593,128624,41593,5407,334225,528737
9685,5611,213075,40407,5093,1448971,1726342
10721,6093,1844640,34926,5685,1463989,3368573
7148,4833,394534,39870,5149,2028155,2481800
5296,4500,124629,49833,5093,337368,529257
9499,6574,179913,43667,5963,260473,508219
10740,6037,273937,45093,5185,341819,684904
10074,6389,375758,35944,5019,345904,781570
9425,6926,135930,35537,4982,304493,499423
7388,4630,165880,40000,6204,1429925,1656194
11463,6462,248942,36704,4852,1423400,1734268
5722,4277,339319,41074,5611,1381079,1780638
8500,5833,419491,109834,3759,1302850,1852953
5241,4722,126533,37852,4778,320019,501627
10351,6352,213446,75223,3555,1359266,1670731
5073,4593,307323,46519,6370,318414,690329
9592,5814,390996,34593,4889,1334068,1782100
6425,4315,161594,44370,5019,354643,579274
11055,6463,183988,51389,6074,252527,514089
8074,5666,279624,47704,5315,1391607,1740249
10740,6352,361056,43278,4907,1486303,1915081
9777,6278,146672,39074,5519,399528,609848
6592,4296,156678,40167,4204,344152,558978
6074,4611,241721,55927,6333,348312,665385
5796,3852,336135,41574,4944,332028,726663
8277,6092,638809,34796,4630,1264347,1959840
5962,4056,130831,45593,5704,364443,559071
9592,6296,208356,47834,6389,282529,563071
5018,3889,303251,42463,5908,343467,706626
10536,7204,440627,46371,5963,353404,867013
9666,5611,120781,36834,5314,334939,515516
10037,6314,183750,42574,4945,353765,604237
5462,5037,314108,43685,6019,1411437,1789527
12777,6537,380558,75019,3556,367288,847884
8499,5389,136952,74612,3629,321360,553256
5314,5148,161829,44852,5555,362187,587608
10481,7148,239539,42296,6259,1810468,2118618
8648,6389,362618,40797,5518,333655,760015
7407,4926,432754,41500,6426,1436864,1932285
9741,6722,119907,42926,6185,324257,512423
7759,5037,210376,33815,5074,1421466,1686083
6166,4870,317642,43852,5463,285336,666014
9369,5389,414759,37463,5185,323181,797439
6444,4555,178172,41981,6389,254567,494201
10240,7167,564604,37074,5018,1416829,2043099
8314,5741,268332,43481,6093,1430214,1764249
10129,5945,365374,37315,5537,306788,732792
9166,6408,130343,44592,5463,301062,499164
9593,5925,146794,39555,5093,291185,500201
10481,6685,241688,37000,4593,1361247,1664379
11111,6703,331528,43130,5740,225469,625737
9852,6666,416145,35222,4926,1430307,1905897
8999,6019,128224,44018,4908,332439,526849
9277,5389,253249,68556,3740,1418816,1762712
11037,5722,308440,31129,4722,342334,705570
9629,6945,419964,41296,9130,1477543,1966655
8332,5519,164581,45426,5815,300323,532682
5092,4185,194920,41852,5926,324947,580071
9777,5667,273185,44315,4981,316015,656737
5055,3945,362839,33223,4388,302509,714515
9815,6055,132771,44778,6092,325060,526794
8314,5463,150388,46333,5241,283461,501349
11647,6093,247783,38740,5056,1458041,1769693
9462,6260,338399,43945,4519,1469756,1875637
6018,4630,465073,90352,3815,1308064,1880508
5981,4388,133263,32537,4926,370938,554756
11314,6333,209714,48129,6538,228320,512886
9537,6426,301775,42389,5611,1351641,1719676
7852,5278,390188,35018,5186,284585,730274
5814,4908,137397,42463,5259,284341,482257
6499,4741,179792,44093,5518,1397328,1640101
5481,4777,269447,39074,5815,1387988,1714712
7981,5444,385119,40463,5278,1255315,1701842
8796,6370,124273,41241,5278,319798,508238
7888,5204,157241,80556,3833,1417916,1676194
6518,4777,240155,38223,4537,1448279,1745323
9240,6278,324642,46982,6389,1457291,1853600
5833,4759,955335,42148,5204,326194,1341807
9536,5537,389321,34667,5222,322101,768681
10481,6648,204345,40000,6389,1377257,1647305
8833,5518,125239,46371,6093,342220,537163
5129,4722,464839,34815,5240,311509,828921
10296,5611,167047,36945,3889,285986,512219
10463,6889,174979,40759,5000,1415585,1655824
7870,5481,279522,36889,5111,1413598,1752286
6055,4704,366991,38797,4778,340115,763533
11462,6297,129348,40445,5018,323427,519108
9203,6703,153521,46038,4444,1430655,1652731
9666,6149,238175,39574,4722,1390556,1691194
8981,5704,367126,66796,3370,1432030,1886008
11481,6500,421261,30056,4574,390956,867643
9314,6871,132600,119074,3518,1407576,1681157
7314,5074,207032,39686,5259,302131,569441
8111,5333,352205,80129,3704,313883,765829
10351,6018,396878,44778,6278,338821,805254
9778,6963,173049,39500,5778,286281,523794
7426,4870,179648,47408,5425,323998,571812
4741,4740,279376,51760,6185,1414262,1763583
5333,4889,364475,41259,5185,1507403,1931267
4333,4333,129592,38685,4833,378943,562849
10370,7092,157968,34018,4871,322177,538830
7018,4500,239677,34963,4907,248357,542274
6018,3907,332461,43185,6278,1408010,1802601
8963,5870,415467,54500,6148,1350430,1843675
10129,7074,126639,37204,5000,319895,508164
9129,6000,211442,40555,5371,1392604,1668750
8167,5500,279595,41870,5889,1436024,1779064
9463,6148,403138,35741,4759,887984,1350215
8370,5759,140884,47241,3648,324039,532330
6129,4556,186872,34241,5314,240885,480146
11740,6963,650916,27889,4556,1272961,1977248
5574,4074,365273,53389,5963,1375457,1812323
6315,4222,289445,34741,4907,1260324,1602787
8148,5370,147025,44611,5537,440749,653885
9555,5352,420328,39981,5297,321297,804199
9351,6000,336297,37444,4889,1490693,1887471
7759,5167,427543,55907,3556,1479390,1981655
6573,4945,128011,40648,6185,313634,502571
9092,5426,203739,43500,5389,1467899,1737527
10462,6278,291801,54315,5037,1379263,1749564
8185,5592,439474,83186,4037,269965,813107
7370,5074,175609,42222,5482,273018,511331
11648,6111,176429,44223,6407,1390728,1637602
8536,5945,273028,40463,5204,1355240,1691342
8556,5129,366330,40389,5945,343184,771663
8851,5796,128503,78963,3593,353216,581793
11184,6537,147861,41370,5481,1391835,1607213
6518,4445,242681,53092,5778,284353,599423
10278,6333,321168,41149,5166,1401710,1788027
8740,5259,1192232,41019,5370,348370,1603102
27148,5018,105032,75981,3741,1425422,1644750
5870,4333,208816,38129,5371,1452045,1716842
8296,5537,301377,39944,5519,1454464,1817341
5685,4666,1159718,38056,5445,319106,1535176
8110,4834,138184,80167,3741,350460,587885
8611,6203,175654,56759,5204,338621,593182
5462,4056,273715,38315,5240,1392794,1723379
4888,3871,363239,58722,4056,267645,704533
10944,6685,142060,41000,5222,352437,561034
8055,5500,149510,33111,4723,315542,518868
9925,6574,1147556,47741,6148,375935,1596120
5129,4111,337893,47056,5500,1457356,1859212
10833,5778,2212329,42333,4000,1389910,3667683
17759,3574,309503,38241,5092,313938,690089
7666,5482,312002,33334,4630,429992,795570
10092,7018,724880,36352,4500,408743,1193826
6481,4222,553200,54667,5963,1674601,2301190
4574,3926,139408,46722,3593,362996,564145
4518,3852,1054083,42148,5185,353909,1466140
10499,6370,270847,83037,3537,1353384,1730249
5259,4370,368316,40093,5518,1407989,1834360
8759,5926,129061,46519,6333,373009,571774
9481,6092,143290,35315,4981,375874,577589
5796,5111,244388,37315,4852,1431953,1731527
6796,5074,334746,49296,6260,282101,686755
8796,6074,410734,39704,5185,1378403,1852341
6000,5111,131091,35518,5871,351387,537645
7073,4519,207374,44130,5056,314177,584515
5888,4759,307418,38482,5537,358170,722533
9555,5963,379405,48500,5056,304479,755958
8777,5815,128633,42370,4371,311920,504793
5611,4888,180028,44944,6000,1426667,1670287
12036,5852,267126,52908,4963,344666,690033
8185,5870,359392,42926,5370,369345,793829
6055,4148,130527,36463,5204,315915,501312
5740,4111,149570,40703,5408,1526680,1734305
6352,4370,257353,38945,4963,1426340,1741712
9574,6481,334434,52555,6426,381711,793292
10407,7167,414809,40130,5537,1339791,1820323
9518,6481,126297,39815,5500,387663,577330
8870,4537,212321,53519,3685,204824,490238
7795,5297,301697,43037,5445,1415384,1780804
8463,5574,386907,46111,5704,364144,819125
6370,4889,295117,43500,5611,344176,701700
11980,6500,1326551,87278,3667,233236,1672027
6703,4704,271072,42241,5371,1480417,1814119
6370,4685,356727,44778,5259,1468225,1888174
8351,5482,135991,41556,5315,313394,513182
6944,4648,759980,41093,5444,1311045,2131932
6259,4722,276299,45204,5408,1408542,1749119
4852,4907,835622,55629,4167,408334,1315511
10295,6797,397478,45704,6389,410553,879587
9574,5722,127428,43741,4166,1910005,2103414
4759,4111,213101,40296,5778,1509260,1779786
9629,6111,297496,48074,5000,334556,703533
7833,5889,388223,80556,3741,294012,783014
10443,6000,129896,37334,5574,326527,518367
10148,6333,178402,42185,5630,327651,573182
8795,5797,261000,34278,5259,1339046,1656731
9722,6352,370099,37722,4759,346804,777940
9555,5519,137178,28593,4592,332134,520386
6463,4481,155518,48426,6444,1429325,1652824
8815,5778,237819,41926,6075,1418966,1721454
11444,6259,325900,39574,5704,379095,770421
10981,6777,405073,39796,5426,306868,776977
7870,5796,124856,47055,5352,330549,524330
10295,7074,204788,45278,5648,1450832,1726508
7203,4833,301109,34759,4704,1441714,1796952
8481,5815,393410,52519,5741,245585,714311
6832,4815,157602,50129,5260,297228,524719
6166,4426,175755,40963,5074,1490198,1724805
9889,6185,268169,44759,5815,1362025,1699305
9685,5648,355638,34834,4796,403191,816662
6056,4537,135346,36500,4963,407909,597756
10666,7148,148279,35555,4778,325403,534496
6148,4167,249470,40981,5278,323971,632200
10851,6130,332087,46407,5760,386038,789495
10074,6963,166740,37167,4704,330330,559108
8778,5611,125654,47240,6315,342751,538997
10314,7000,210697,44482,5815,1451571,1732620
7963,5351,297185,37722,4871,366274,721977
8444,6204,395635,39278,5222,1358910,1815879
9870,6500,150400,49129,4463,1898366,2121136
8555,5833,185221,35777,4537,269796,512312
9592,5648,267189,38611,5037,2094001,2422134
8426,5370,357918,41648,3926,305448,725292
10203,6815,129978,35260,4981,342982,532312
6055,4278,149966,40629,5852,1428210,1637991
6518,4315,245953,39852,5537,1535185,1839897
5463,4629,330571,42074,5111,361536,751403
10518,6963,1194708,41481,5056,334060,1594879
7999,5259,124489,78667,3852,403063,625644
9110,5648,200995,35686,5203,470001,728606
9036,5760,290223,39000,5315,1363063,1714694
9944,6796,474915,37574,5130,254377,791236
6499,4630,133957,38666,4612,347836,538997
10833,6093,217370,64704,3629,1433898,1738749
9759,6592,272451,29648,4870,1460188,1787249
7852,4666,413049,49982,5093,351946,834810
9611,6389,143906,36389,4778,1466010,1669639
9889,5703,142061,43315,5203,281678,490349
6666,4426,240492,41963,5537,236135,537330
8463,5833,321628,38611,5037,1372251,1754194
5796,4388,383597,55834,4222,1444985,1901063
5352,3907,124936,85092,3704,1483351,1708416
9833,6315,250701,39907,5648,1340642,1655176
9167,5962,303522,61648,5130,1275709,1663287
9611,7740,391972,30167,4593,1450813,1898489
8852,5888,137163,51648,4926,309742,520238
7852,5648,178483,37630,5259,1418063,1655028
9240,5926,261137,48575,6018,1459001,1791953
5092,4056,692126,36852,5388,1656972,2403023
6073,4537,146520,34222,4889,382774,581922
9166,5981,149136,51908,5259,274454,498015
8166,5093,236161,56278,3963,196891,508719
6444,4871,330185,41981,4815,1410119,1800675
6518,4241,423821,34574,4834,1973646,2449764
4722,4167,132863,41093,6315,319189,510442
7295,4871,211110,55018,3704,227739,511774
6129,5741,292394,44037,6019,1406688,1763286
6055,4241,388752,40685,5130,274688,721237
9630,6796,143516,81019,3648,310128,557293
5037,3944,176041,50056,6166,1516412,1760286
9999,6130,257010,35407,5130,1448572,1764471
6592,4611,391183,45815,4704,359646,814662
8240,6111,133817,41223,6111,371901,570089
7314,4889,141564,40074,5593,948596,1149975
5148,4963,241440,55334,5667,1484030,1799027
10018,6037,335298,32297,5092,1412080,1804601
9852,6351,440249,80130,3685,299339,841958
7110,5185,122365,55890,6259,300206,499867
10222,6741,198038,46555,4852,236626,505553
6370,4555,294748,44852,5277,1412854,1771045
9889,6574,421698,46759,6093,312760,806384
7518,5111,168926,68018,5463,309812,567589
8000,5555,171524,40575,5277,1534448,1767546
11425,6463,260679,41259,5333,506928,834051
8055,5833,355685,108315,3666,1329991,1814212
7037,5444,141801,38222,6130,339048,540405
7092,4444,153122,53092,5723,318134,543849
9925,5759,234554,43111,5296,357647,658385
7630,6111,361430,38055,5463,336270,756996
10055,6963,412307,42963,4926,1433775,1913841
6629,4612,136459,31852,4667,358463,545238
5241,3907,219651,59352,5981,310253,606626
10147,7056,283694,42889,6111,1829386,2181376
6814,4685,387626,43686,5685,342443,793125
8833,5908,283613,44352,5129,1486691,1837527
9203,5518,176415,32296,4760,331063,561682
5148,3981,265588,57852,3537,1383476,1723175
4481,5203,355298,42981,5111,1476785,1892026
4388,3908,127543,46722,6111,461064,652552
6666,4185,179957,57611,5352,325744,581886
6814,4982,232185,55204,5944,335941,643237
11258,6556,319135,44926,5574,1462484,1852526
9796,5925,426179,40963,6019,1435421,1926304
9074,5740,161462,40222,4130,293628,516756
5981,4444,205671,57926,3426,1507393,1787711
4870,4093,294992,38277,5130,1443109,1792712
6315,4685,383387,66944,3463,1426084,1894360
10036,6333,137374,77926,3649,350789,587941
5907,4537,178435,56371,5314,269266,521941
9592,6740,255293,50186,5778,312629,642737
9851,6167,349206,39167,5278,326307,738421
7221,4482,127638,46407,6426,323507,517756
5722,4407,143014,43982,5222,358001,562460
10314,6852,223872,50426,5093,284772,583552
11537,6518,318267,35297,5111,1453648,1832916
10277,6111,407532,40204,4908,279389,750496
7833,5870,123038,39944,4389,348904,532052
10222,5444,196969,105945,3500,1400872,1725675
5147,4482,306123,31649,5018,1411422,1766267
7703,4315,386445,38111,4926,335792,779662
8426,5277,124469,85796,3611,301121,531423
10555,6445,165067,75537,3629,243338,507257
5889,4333,262999,32074,4981,1391103,1703879
9666,6241,404505,42963,6463,1368577,1840841
8815,6166,126122,38981,5426,342283,530034
7036,4870,142776,41278,5333,1460382,1664453
6277,4389,252300,40963,5037,2110760,2421856
5333,4148,334565,59185,5963,276357,687644
9889,7000,415738,45259,5315,1429529,1915471
10166,5963,197650,64241,3704,315327,599867
6833,4481,203564,48297,6314,1462519,1734879
9703,6093,289107,36907,5445,315074,664552
9111,6407,373854,36259,5278,365957,799625
8407,5463,155396,45037,5482,356249,578775
5351,4056,185254,46259,5482,329224,578441
9888,5463,263075,44777,6167,296088,628033
9315,6537,366080,32056,5852,358859,781422
5648,4185,144697,32130,4611,288726,482423
9870,6111,137796,47741,6611,1490472,1702287
11092,6000,231523,40482,5111,324732,621181
5889,4907,321586,47611,5926,309466,697959
7833,5740,413999,54778,3741,1396175,1884396
6888,4463,143505,35518,3871,600361,796495
10462,5889,204140,41759,4834,1439535,1708805
6462,4741,296813,54889,5889,230091,600959
7888,4797,383059,53000,5111,281437,737996
9462,6945,160361,42629,6204,325006,553700
6166,4167,175589,50722,5630,318463,563497
4611,4259,269447,41778,5278,305679,633645
8777,6334,381934,70556,3815,1382388,1856582
9092,5945,124217,40297,5518,333724,521127
10778,5962,134261,39982,4814,326885,525201
9630,6333,231859,36167,5852,242174,534831
10555,6667,354365,46648,5186,314167,740070
6240,4352,456667,49945,5629,216643,741958
10110,7112,124654,41926,5241,431453,623422
5332,4334,219790,94796,3759,1299794,1630361
8018,5500,341092,30500,4723,369329,761699
8740,6186,381690,53093,5796,254583,712478
9907,5778,128233,80315,5963,322171,555404
4907,4056,170720,41667,5315,1494455,1723916
7611,4722,258060,35666,4889,357474,670811
10370,6000,349251,46167,4740,322523,741718
7055,4278,126182,43611,5630,335759,525330
56611,4926,195226,42648,5333,287364,594701
5166,4056,231713,42555,6315,1436851,1728935
8221,5704,321849,43111,6333,351018,738477
8815,5666,406836,33186,5981,250530,713811
9758,6926,308342,50426,5537,1437166,1820934
5610,4130,242532,68964,3833,1434105,1761897
8832,5500,282687,51222,5945,1539765,1896341
5740,3963,379915,58704,3741,1418333,1873156
5333,4315,128920,60685,3704,363410,568738
5167,4018,172408,48574,6241,1456508,1695268
4518,3796,263192,58055,5204,1461446,1798397
4981,3834,356549,57037,5407,1505088,1935878
8426,5851,153537,40092,6334,1504102,1720898
10481,7129,133691,46889,4444,378844,583867
7055,4389,234252,59000,5685,1355702,1669065
8889,6000,323943,56666,4019,318331,720329
9296,6426,417820,42518,4463,348657,832144
10055,7111,124806,78722,4334,1498461,1726249
5166,4481,205627,50371,5370,1441993,1715379
10870,6389,288484,57556,5407,1534227,1905341
5055,4259,419713,46871,5889,1396776,1880730
10018,7056,130940,50464,5259,334334,540553
9277,5648,178243,45630,5333,1457173,1704064
10388,5907,299749,94686,3741,1329555,1746767
9018,5907,350663,38426,5555,1372087,1784082
6573,4352,134797,42760,5259,346366,542811
10092,6981,134859,40334,5240,386194,586496
10703,6519,238179,43352,5389,314039,620774
8388,5685,326019,44537,4723,298958,690385
10203,6741,1179323,44241,5426,380075,1628046
5963,4759,123104,57482,3740,321560,518497
5759,4778,210314,44481,6074,254850,528404
9870,7093,134319,44093,5426,1615263,1818453
9444,6537,370956,32814,4945,331244,758107
6129,5204,147387,41852,6277,349073,558700
9592,5463,177541,46277,5982,315456,562904
5092,4722,647381,78538,3870,352446,1094012
8222,5555,348424,44352,5870,1411918,1826823
9018,5889,850356,44648,5945,294673,1212937
10352,5870,132601,34945,4889,309896,500627
4889,5240,1192480,42297,5241,416491,1668713
9426,6074,330002,34741,4704,347715,735070
9203,6389,451564,37482,4000,394912,906125
9851,5463,173217,80612,3518,323594,599107
10110,6908,192649,40185,5963,404977,663737
9074,5426,284562,41889,4889,1417613,1766046
8870,5834,453680,40833,5296,330927,848033
10444,6000,139629,41982,5092,318979,524960
8481,5555,166228,40056,4796,673915,900976
9444,5852,254605,40129,5222,1473997,1792138
6963,4629,346092,42241,5130,1427416,1834989
10629,5686,121819,36371,5481,380622,563460
5648,4240,142881,44093,6315,415041,621237
9203,6111,223443,38815,6055,319313,605552
10000,7018,388616,84630,3815,215250,711589
9592,5685,401677,46537,4685,241319,711644
6869,5334,126219,46333,6315,311167,504978
6666,4426,203966,43389,5333,1493728,1760879
10111,6444,287009,38648,5482,1448499,1798786
7148,4962,379275,46296,6167,1390030,1836637
8759,5574,158483,31926,4926,350680,562701
5944,4611,169656,49074,6204,338452,576756
5111,4444,258366,34463,4963,1463050,1772508
10480,6612,401945,41575,5333,278476,746477
8426,5518,1157491,41611,5148,2237990,3459665
8370,5722,907130,44333,6130,288937,1262678
6481,4537,923465,41222,6148,387102,1371048
6092,5000,367339,43223,5444,345971,775921
5426,5277,626235,53278,4797,433832,1130938
10518,7000,172073,71389,5297,272942,541386
10351,7111,1190026,41630,6018,1570551,2828317
8611,5315,285121,44001,5926,1427645,1779138
9703,6907,653018,34889,5296,339625,1051457
8333,5648,129707,71074,3593,1442005,1662360
10111,6463,814826,40629,5408,1565974,2447116
8352,5592,252016,46500,6370,1394716,1716268
8704,5796,343633,44074,4870,1476320,1885601
9647,6686,427935,38092,4630,422245,911939
5925,4519,140273,42667,5370,316113,517738
5407,4315,239835,40408,5166,1350656,1648009
6740,4445,325045,43315,5611,1495425,1882804
5703,3981,409366,36167,5130,1427734,1890711
10241,7314,197594,34574,5111,334070,591497
9592,5611,191636,47463,6204,1393724,1656546
9537,6111,292920,44982,6000,239317,600978
9148,6740,377704,37593,4889,324866,763384
8500,5259,137283,42723,4425,389566,590423
6370,4111,175363,36148,4908,369226,598996
4500,4018,266499,42408,5629,419275,745422
9611,6092,342950,32796,4778,267250,666107
8814,5778,124270,43389,5444,324950,514849
8000,5833,132720,41315,6259,326888,523404
9815,6703,223467,40241,5500,1465949,1753805
5741,4111,364991,84371,5444,341170,807903
8426,5759,398330,42815,5760,1371566,1835452
10666,6111,121818,36759,5296,368735,552330
5759,4278,199564,36185,7241,1437723,1694102
9981,6370,279682,49185,5037,297685,650422
9277,6685,397780,87834,3648,303456,810865
10462,5963,396990,35370,4445,1622424,2077710
9333,5962,202514,44204,6444,1854215,2124728
5963,4425,257927,46130,5870,1501952,1825082
9111,5500,356396,46037,5870,1441279,1866804
7832,5056,136809,44148,5407,325689,527515
9944,7092,729631,36815,5055,423511,1214326
8370,5555,236561,30186,4481,1378522,1666101
10148,6740,389475,41204,4148,1938678,2392616
9944,5500,404555,38463,4574,1473841,1939637
7148,4518,146746,34426,5092,340604,541016
10259,6926,189269,44667,4556,324541,582589
6536,4741,286591,46944,5130,1420584,1772545
7092,4593,433208,78815,3703,318824,848884
8963,6722,149917,37870,5315,322210,533794
9574,5944,167849,41796,5815,1437568,1671065
9722,6481,248522,53481,5889,338623,664959
9000,5462,379861,44778,5963,332283,779921
9296,6778,123385,35296,5296,353094,535905
6444,4611,139724,46518,5371,343884,549293
4722,4037,233137,41093,5148,1417335,1707916
9832,5241,323421,41537,5000,1521383,1908933
5315,4148,411186,40334,5852,332420,801385
8573,5908,167377,38685,5259,352972,581126
5000,3870,195994,39222,5223,368872,620682
8703,5167,326741,67833,3482,1368989,1783101
8704,5685,437599,44240,4593,362341,865199
10351,6944,133734,44093,3296,342615,543756
7370,4444,164092,33518,5019,300794,518219
8926,5185,258023,59148,5834,351880,691422
4963,4018,349011,47426,5815,398522,812699
8407,5685,124924,33630,5426,369462,549960
10389,7240,131096,36908,4667,326975,519682
9055,4463,226491,62074,6093,325913,636626
9499,6315,330719,79667,3852,1482158,1914822
8888,6074,377929,36797,4555,1561745,1998396
8555,5778,168027,37741,4203,359988,587052
8425,4889,193329,41167,4555,1462810,1717786
7944,5963,281279,42686,5352,337327,682829
5148,4018,376638,36259,4963,304395,733885
10110,7019,129680,40389,5185,353502,548589
10333,6815,161130,41778,5315,366940,594534
9629,6463,254451,58537,3611,223620,558830
7925,4722,350828,47333,5852,376427,795495
10814,6667,1582910,37075,5407,1252925,2898558
6870,4592,139154,57833,3574,384029,598645
10370,6592,222141,56464,6666,259986,564367
5166,4130,313518,41814,6075,1486823,1861175
10333,7203,395228,53259,6333,304602,779347
11037,5889,174084,36907,4982,290931,525830
8741,5703,192183,42889,5204,1473085,1730768
10462,6315,279096,59278,3852,1500578,1862230
7110,4852,377325,38833,4500,1400739,1835767
9906,5593,129719,40111,4315,337093,529534
7740,5574,161336,46204,6037,274828,504145
5277,4167,254934,52667,3760,1378074,1701027
9481,5870,339959,111389,3815,1331568,1804304
6777,4704,124834,36667,4982,313755,495090
5018,4389,135544,44296,6389,312046,510441
10704,6981,214773,40944,5648,333317,614515
9981,6907,304260,54741,6481,1487174,1872248
8351,4574,1171731,48037,6148,314390,1555731
52573,4630,125975,76963,5333,306596,574182
8333,5222,192092,69982,3537,1448434,1729582
5981,4426,291413,38500,5333,303750,651533
11093,6277,392864,44241,5370,354613,817274
4611,4074,131683,36167,5167,352350,536849
9758,6204,173449,38389,5166,356326,592033
9148,5500,255325,36482,4537,1458887,1772842
6129,3963,475887,46834,6500,427996,969846
7611,5222,130818,57223,5759,1385654,1594936
10037,6204,173472,67167,3870,1438129,1701694
7037,5074,229515,32630,5389,301166,583164
9370,5630,317058,43889,4981,1398969,1782083
5981,4426,447008,66778,3686,1388868,1919044
8333,5648,132477,33222,4315,361260,547515
7129,5129,202761,43926,5519,319347,586126
11277,6315,279322,42760,7018,1365983,1714749
5332,4260,383569,41981,6186,351833,795513
9611,6815,236519,42074,5685,249793,553219
5555,4222,170673,59667,4000,277435,524145
9869,6074,263031,57408,5407,317003,660959
5481,5148,361130,85574,3963,315903,779199
4870,5500,124579,34297,4870,370751,547682
7018,4945,132899,44278,4630,361245,557164
11703,6778,612129,54074,5593,310587,1003049
4852,5185,319023,52833,5186,240788,630349
8555,5778,394974,44148,6500,1460941,1923045
9944,6148,128164,46056,5074,325184,523589
11889,6944,206985,40334,5666,1345969,1620454
6444,4111,289362,40259,5685,1510869,1859342
6425,5370,368312,42871,5407,1498344,1929674
9147,5796,133114,36481,5241,330032,521997
11333,6296,155286,43074,5408,302914,526367
8481,5722,246347,42297,4703,332094,641996
5963,4814,341335,33389,4463,351902,744255
5518,4759,128489,43815,5111,333082,523386
56148,4889,132494,79760,3759,272447,551590
9055,5944,218352,49963,6371,241367,533311
6129,4778,312784,35593,5037,1399835,1768101
6222,4963,407364,42297,4333,1435180,1902545
11426,6648,144759,68296,3778,1382454,1619862
8333,5759,199154,39648,5963,1432781,1694046
9833,6259,276919,41259,5111,1822940,2164469
9981,6500,378388,38667,5556,403033,844533
10444,5907,311208,43741,5574,1500577,1879637
6518,4592,181751,35945,5037,1458221,1694268
9370,6333,253627,49334,6481,254055,581737
9536,6815,333652,38407,5630,1468856,1864989
7129,4426,124750,39407,5093,379247,562108
10129,6944,147423,39333,4482,569536,780866
7685,4777,220040,33407,5426,1424803,1698323
5499,4389,328249,34667,4519,308857,688236
9129,5092,1100794,39000,6074,1271007,2433152
4647,4056,160835,78129,3611,258367,512034
6963,5074,189896,41611,6093,329989,581645
10203,6944,274606,46112,4796,210446,555274
10296,5815,370538,41185,4463,1475488,1910452
7814,5056,227635,32167,4500,1388781,1668731
9351,6074,158346,35314,4445,297929,514015
8184,5297,248055,50629,6260,1389120,1711268
9704,5759,432950,41722,5185,318638,816403
7722,5852,1049550,41148,6482,1412676,2525486
49055,4740,159240,36463,4926,389238,645792
10277,6556,221578,54982,5611,1477819,1779564
9796,5537,312417,46815,5148,276653,658737
8925,6000,398683,41704,4500,1487565,1949766
8259,5370,120114,38686,3963,336808,515942
6185,4889,188435,43056,6463,1395814,1647195
8888,4852,284311,54167,5741,1423660,1783878
11777,6092,378410,41167,5760,422770,868272
9610,5852,144452,47167,5426,339304,554348
10129,7204,154384,35741,5241,1400273,1615639
7110,4759,253946,42037,5019,1404637,1719971
8574,5796,342341,39722,5148,378063,781903
8074,5519,122975,40297,4833,294336,478090
7000,4778,135648,40093,5722,366811,562108
10184,7056,219895,107111,3889,1332929,1683823
6944,4500,381531,46685,4778,284854,731885
8851,5630,287221,79723,3592,1386287,1774138
10703,6167,168394,48463,4833,350955,591904
7055,4648,188881,43000,5148,1399776,1651379
5666,4222,288887,37278,5334,1424139,1768138
4907,3870,383560,41371,5037,366880,808181
4536,4408,144454,41796,4926,360098,562663
10610,7130,464109,95537,3704,1367361,1951507
9166,6019,251503,33111,4871,1417931,1725361
8129,5203,120491,30685,4852,373821,545645
9500,6740,122756,38667,4518,339445,524331
10407,5352,133131,44908,4444,1489007,1689786
9740,6315,218564,36463,5092,1426131,1704842
7684,4759,340626,73370,3500,1463938,1897285
6648,4703,444335,37297,4463,474696,975106
5832,3945,151618,48907,5241,305379,523182
9703,6759,197198,110445,3796,1337737,1668194
9999,6445,273834,40648,5296,208682,547145
6648,4519,367191,42000,5593,259193,688089
11629,6815,141419,39037,4278,351022,556775
8981,5981,164166,45408,5703,1463029,1695472
8463,5907,251246,44000,5778,339083,657052
10221,7186,353752,38240,5149,1361367,1778286
8184,4797,755332,29075,4425,355328,1159178
9963,6648,129892,33945,4444,293920,480812
9462,5722,219510,56112,3870,1438424,1735638
9444,6223,329775,66648,3500,406924,824570
10778,6315,389096,40129,5445,337529,791940
6352,4944,157213,78555,3426,304488,557738
9499,6093,186237,46018,6371,368018,624737
5148,4926,286502,45389,5741,1459116,1809471
10037,5815,369582,35315,5167,267117,695181
8148,5389,156643,51574,3834,276724,504386
10351,6741,153853,42315,5314,361700,582478
8888,5815,247377,51038,5314,269712,590145
12240,6519,338624,33815,5130,1273292,1671750
8629,6537,419463,57519,6759,1483544,1984525
6425,5315,134580,41296,5945,433638,630015
6425,4741,225290,43815,5796,229615,518108
5944,4129,698204,43167,5037,1470302,2228820
9740,6574,394302,43241,5296,298323,760014
4741,4259,874920,38981,4630,284703,1214975
9573,5778,187924,77074,3556,1359659,1646287
6222,4759,456227,43889,6222,412046,932162
5407,5074,384825,36834,4685,1403331,1842971
8259,5500,137775,43000,5352,350537,553441
9907,7000,166151,39945,6074,1479950,1711953
10629,5815,246157,39426,4760,269858,579330
9833,6592,338978,77167,4111,260537,699625
5536,4111,2072377,38704,4630,341386,2469430
9426,6055,134156,40204,4556,301508,498312
10073,5834,240958,47167,4407,1407106,1718157
8129,5296,303687,36944,6333,339569,702144
7926,5462,425860,56444,3519,302784,803995
10537,7463,167179,49352,5167,350872,592849
8240,5463,187037,42889,5407,1404787,1657194
6166,4463,276951,36241,5074,1431669,1762805
6296,4945,426901,44648,4426,383260,873384
5407,4148,160277,35463,4296,355257,567145
5481,3926,165690,41370,4963,397306,621644
9129,5833,286030,65685,3519,1456108,1828526
9721,6241,351499,90537,3722,1399435,1863582
8499,5519,1323858,50334,6166,1370404,2767447
6389,4203,127899,39592,5241,312099,498220
10278,6296,215034,40834,6555,1350271,1631861
5111,3944,309596,43833,5982,211030,581663
7277,4704,522546,42797,5314,1419887,2005488
9388,6093,179644,32963,5166,268076,503886
9666,6407,182947,34759,4926,275902,516663
6981,5259,275304,38352,4593,466746,799291
10184,7019,1170812,38389,5371,1386320,2620337
7888,4574,183038,33611,4445,296959,532237
5148,4185,160395,39186,4666,1479299,1695601
10444,6481,279865,65482,3500,1499958,1868119
10092,6592,344834,39852,4889,312273,720681
11425,6185,932637,30278,4426,307948,1295566
7758,5111,129512,38889,4518,300153,488349
10110,6908,449221,47019,6389,361162,883513
7703,5259,304394,82315,3963,1399910,1806341
9018,5000,395585,33759,5889,285577,737033
7814,5871,157646,38148,4055,332240,548497
10648,7000,180966,69556,3463,244326,518756
6352,4574,280787,38000,4408,386875,723496
9815,5278,376275,44815,6055,412183,857310
5018,4944,138744,30296,5315,312383,499534
9481,5981,155453,46074,6130,1386223,1611861
10296,7204,263588,46834,4870,302945,639163
6241,4074,382669,61981,3945,1355024,1816138
6184,5352,123730,38611,4482,365359,545830
9925,7037,129828,43760,5648,343261,542256
10703,6815,209556,42686,5240,1370416,1648157
9444,5574,306395,40241,5389,1417372,1786693
8889,5777,392569,58407,3260,1415309,1886600
5815,4926,168277,81445,3907,352830,619552
10351,6778,193821,38222,4852,1431799,1688583
7777,4611,281364,41685,4722,1377719,1720342
5259,4389,386869,88815,3519,1340138,1832619
9111,5648,142690,38518,3556,352714,554923
4778,4055,198677,28612,4185,320967,563479
5481,3778,253739,46759,6371,296091,614682
10425,6463,332671,31648,5797,342676,732348
4703,3926,120898,41482,6222,339488,519479
9814,6833,148756,33723,4778,421684,628422
10796,5703,786282,31871,4463,353804,1195123
7296,5203,343472,116797,3796,1479220,1958526
9315,6740,397460,39796,5574,1437604,1899378
7147,4722,181613,38945,6092,255311,496163
10962,6130,665064,39019,4778,414651,1142679
9629,6500,277514,59778,6407,241594,604293
9778,6296,1441615,43722,9722,1486739,3000335
8999,6186,135562,37593,5518,261176,457071
10407,5722,171716,40223,5444,1845346,2081636
5333,4777,245093,40130,4555,338182,640422
10500,6537,386747,79648,3333,325804,815311
6037,4518,130474,46889,6389,1451924,1648916
54259,4722,137277,43315,5000,419460,666237
10407,7018,209912,43093,5166,1425227,1703527
9296,5926,361900,44648,5648,308059,738070
10055,6593,390017,50093,5222,1508157,1972193
9167,5463,183244,40889,5093,319048,565756
9073,6723,187065,37796,4630,1354722,1602694
9036,5834,277737,52463,5704,1384215,1737138
9073,5686,370947,40445,5759,1436412,1870471
9611,5630,128619,51297,5296,328229,530738
9314,5834,149792,47222,5037,291057,510441
9148,5611,240594,37056,4148,1502525,1801379
5981,4851,353249,48926,6445,1419611,1841193
11036,6111,424866,56908,3888,255056,761347
6055,4445,135945,39407,4482,313070,505423
8037,5333,219580,37815,4334,1334354,1612343
9037,5833,310161,41796,5519,1438310,1812731
9537,5630,396278,41926,5388,1385304,1846916
6203,4556,159450,42129,4037,334621,553960
4833,4019,190659,54815,3704,1444738,1705435
9907,5889,275443,35463,5111,1414861,1749119
10092,5426,364968,52741,3371,287953,727367
5259,4296,293159,34871,4018,1486590,1830638
8629,5592,170183,97241,3778,281480,569052
9092,5870,241948,47315,4130,286178,597366
11129,6167,402954,52593,6018,353671,834921
9444,6426,415775,43500,6352,312794,796384
9389,6500,131317,40944,5019,300421,495683
8962,5649,222471,41982,7666,1455056,1744749
10370,6037,310978,51796,5759,274778,662496
10333,7204,451169,38240,5649,316844,832366
9203,6130,121933,41130,6148,327860,515108
7111,4555,190699,43593,5851,1365570,1619750
11481,6222,268964,42333,5685,324736,661718
9832,7519,355618,50370,5167,303285,733903
8722,5426,132290,80611,3870,285744,519571
9092,5537,150407,52796,5075,297275,522756
10851,5982,240802,50759,5111,1502188,1817915
8648,5555,377604,69353,3537,263706,730903
5610,4389,422462,37982,5296,1389120,1867359
6184,5241,129356,46834,4944,301641,496941
11221,6278,211122,39241,5129,1381128,1656898
6481,4870,302776,34777,4538,231665,587404
8814,5667,399226,80482,3722,376250,877013
10574,6722,124213,44222,5352,331803,525627
9314,5759,180442,41370,5093,394129,638626
10148,6759,264577,42092,6593,416419,749421
6352,4703,367916,34945,5278,322857,745070
8295,5630,125533,39666,5537,336909,523811
9777,5870,162446,42519,4963,1496470,1724119
6204,4648,243933,57074,3982,1479352,1797601
9593,6407,389588,42241,4074,388851,843403
7295,4778,132982,41037,5019,333941,527367
6815,4870,132043,84130,3815,1425540,1659417
7999,5333,223161,43685,5537,254281,541996
10630,8148,311518,40889,4593,374199,752200
10555,7092,1145360,62685,5333,393206,1627064
9610,5741,125845,61111,3500,359911,567867
9425,6500,179499,40426,4426,1520917,1763730
5555,4723,278763,48501,5240,1457745,1802638
10314,6592,375808,41000,4518,1373738,1813989
7758,4704,165146,54648,3611,334981,573885
9684,6278,156577,45797,5852,1471024,1697860
9110,5889,238176,42389,6093,1462313,1766193
10314,6500,324238,39796,5926,343444,732718
7036,4686,428447,52185,5574,1376931,1877471
9351,6889,125934,36889,5167,322488,509423
8777,5778,252848,69500,3704,1427327,1770323
9518,5871,333539,43277,4426,430197,829218
8573,4926,440360,43518,4371,320746,825143
5092,4055,175698,40723,4815,335428,568755
7518,4834,181852,38259,4815,270367,509942
10093,6814,272414,38334,4148,357693,691663
6463,4370,365309,41185,5334,372779,798292
4722,4056,152314,39518,5223,372923,581590
11629,7222,144247,41389,4537,1496281,1708138
8500,5740,239678,43093,4796,1443923,1749416
9814,6685,337073,44482,5592,358941,765291
7815,5963,419005,38852,5092,1443892,1922878
5925,4315,125862,36278,4666,446579,626033
4407,3833,217497,45130,5519,1439863,1718860
6296,4537,307337,47537,5259,300807,674385
7536,5704,424417,35426,4963,395078,875310
7610,5722,167293,37945,5555,336501,563200
10444,7240,179392,30907,4815,1353822,1589305
8129,4741,272601,41574,6574,1360482,1696471
8241,5740,423700,41871,5666,311907,799292
9796,6778,146409,32407,4741,387162,589941
5444,4630,191748,33648,4593,281915,524349
10370,5611,243439,43315,5537,1353570,1664287
8018,5463,333890,37593,5185,1868894,2261006
7407,5296,416729,36685,5167,1488223,1961989
10000,6333,509606,42426,5407,1589808,2165840
11129,6426,202259,35982,5296,1428528,1692102
9148,5888,297673,56889,5222,229528,606459
5648,4018,390049,42500,4852,220114,669255
9333,5889,174462,37722,5426,372294,607201
10944,5908,189782,32444,4519,1445375,1692213
5278,4333,313381,33630,4388,289764,653200
7981,5889,355979,42445,5092,1380196,1799656
5629,4592,129929,46260,6278,710565,905198
9036,5649,148990,34241,4556,390876,595848
5611,4185,246182,46444,4982,1392586,1702305
9629,5722,329799,41371,5333,249216,643126
9944,6926,414212,35056,5055,1401703,1874896
9647,5833,123181,42982,6629,348187,538571
9759,7000,210094,54296,5685,293088,582071
6833,4833,300082,46092,5686,1406815,1773360
6351,4945,406624,34112,5111,1353605,1813249
7851,4871,153074,43796,5315,391774,609274
5241,4648,190987,58519,3741,1371503,1636861
9518,6259,273290,41519,4518,1530218,1867397
10055,6481,217852,31111,4407,308479,581441
10166,5815,437561,54352,3574,1294540,1808027
6925,5204,158067,40185,5056,286097,503664
9555,6500,242610,46000,5704,1462269,1775249
5777,4797,346801,42815,5500,427601,835384
11889,6370,409437,35870,5241,1379738,1851693
5092,4889,128386,36463,5241,371611,554404
9092,5778,204559,45741,6518,1499728,1773842
9907,6426,315435,40519,5944,378542,758848
10518,5722,388960,38981,5593,1462677,1914878
9740,6426,130243,58148,3963,1504210,1714638
8222,5537,189786,54815,5611,1411963,1678953
8426,5574,271551,60908,5833,1897047,2251673
8648,5685,359798,82519,3352,1359117,1821694
6240,4074,125155,34389,4685,382249,559478
5129,3852,151254,43759,4945,1433514,1645305
9722,5981,239001,43129,6019,292940,598996
10463,6166,362970,42685,4371,332507,761218
9166,6389,415198,35815,5240,1385736,1859971
9870,6666,117722,33574,4629,383794,559163
5759,4629,265913,35871,5222,375546,695403
10499,6519,298863,34870,4778,1363701,1721712
5296,4315,398406,50667,5685,1377120,1843638
9166,5908,134393,81796,3500,279197,516090
8184,5056,177843,59556,3741,1430573,1687842
6166,4278,275275,34259,6297,1393788,1722656
8981,5741,361578,34722,4296,367159,784625
6407,4093,138916,49352,6055,312822,520534
10296,7222,143811,52630,5574,304074,525849
8629,5352,242354,35760,5055,296809,596145
9647,6408,322045,41593,5852,427801,815421
9943,7000,416848,36519,4518,1390142,1867359
9573,6815,121168,38296,4186,347903,530126
9981,5778,212711,46037,4926,1508260,1789768
9610,6315,292791,42926,5463,356779,716329
8537,5870,384371,48389,5167,1475507,1930008
5648,4296,121987,58519,3648,1458818,1655657
9499,5630,174030,38186,5611,341262,576774
8851,6018,265278,34796,4222,388237,709699
5018,4519,379913,50463,6370,1484132,1936989
5963,4481,148178,42018,5222,359227,567256
5333,3944,166998,44834,5518,1431733,1660860
4685,4130,242356,57370,5500,1480004,1796194
9740,5870,323529,39871,5370,1387516,1774119
10388,6556,1194852,36944,5407,320992,1577843
7685,5407,126225,37463,6167,394160,579200
8129,5759,212898,41852,5278,1449129,1725601
6647,4982,362571,50611,6185,382165,815236
9296,5981,145724,37852,4926,324236,530904
9666,5500,154693,88870,3538,274729,539848
8018,4963,178106,41148,4834,1440476,1679953
8630,5703,272465,34963,5092,1449044,1778361
9870,6629,127063,44352,5703,329639,525275
6407,4037,156383,37556,5351,325670,537515
9741,6740,408983,31500,5000,304309,769181
7925,5408,236210,77870,3852,221453,555737
5759,4407,306716,41704,5296,394743,760940
9796,5796,412871,42203,5000,247163,725255
8610,5834,131505,44815,6907,286251,486052
9796,6722,202844,60204,3556,307819,592996
9444,6648,296054,41278,5426,1421676,1782693
6963,4389,390597,44704,6611,1461558,1917230
10129,7018,157140,43500,4018,289265,513478
9685,6870,174368,47685,6500,1464196,1711953
6129,4556,267225,34111,5223,1464523,1784212
6851,4278,362343,111500,3926,1296369,1788453
9851,7056,124292,33056,3963,560258,741551
7740,4685,148539,84926,3593,1428247,1679916
5721,4889,249971,40982,5519,303043,612811
8963,5555,407329,37537,5463,291352,758792
6148,4407,416946,74852,3797,1384117,1892489
10055,6815,123026,53426,3611,391989,591515
9000,5815,210587,40018,5500,256632,530405
8277,5593,345111,42778,4130,289903,698477
9536,5537,382100,56426,5851,1467631,1929378
10203,6871,122974,51278,4852,291078,490109
8314,5722,173499,54889,6334,303960,555626
10129,6667,271950,42981,5482,1485910,1825656
9185,6129,351067,36852,5352,298466,708607
9500,7222,125239,39426,5055,300259,489608
9444,6203,141782,42611,6445,330215,539293
10148,6074,238640,46870,4556,263672,571590
5406,4241,115645,44260,6092,362759,540052
10351,7074,407745,32314,6186,1405985,1872563
6999,4778,126416,42648,5963,305044,494682
8592,5778,215311,36260,4370,1323587,1596324
9740,6556,543040,39574,5630,1496577,2104673
7370,4703,383620,41889,5407,1364759,1810564
9703,6018,787553,36092,3760,1421527,2267431
9204,5463,181204,43000,4519,265274,511127
6611,4518,308082,44018,4445,1366464,1736620
5629,4074,401125,46481,4519,323852,788144
9518,5833,186464,40796,5222,413515,664033
6351,4426,149562,42833,6500,395306,607756
8203,5371,233234,40056,5166,1406978,1701453
9870,6130,331629,44093,6796,342793,743404
10258,6723,416394,70056,3778,204175,714088
10148,5907,125381,43482,5352,289005,481794
7963,5518,207591,40741,4981,306850,575682
5110,4278,303782,37760,4888,294937,653422
5574,4167,408584,37500,5500,1347794,1811342
10037,5759,153682,85723,3944,241056,502609
6055,4389,188114,40611,5574,236809,483942
10352,6611,261120,45704,6389,1444740,1777231
5666,4445,375089,41037,5259,324648,758866
9647,5426,143187,39112,5277,298921,504886
6000,4370,149045,84630,3555,1392020,1641861
9351,6037,236329,33926,4740,267243,560570
9888,5852,323335,36870,5426,362902,745940
6444,4296,417452,34278,5037,1471574,1941711
8741,6074,162957,87148,3648,258929,530627
9907,6777,201075,49444,6130,1438971,1715082
6796,4630,300265,37056,5333,1492909,1849101
6110,4000,389901,49186,5111,276632,733070
9870,6889,133387,37297,5241,388201,583515
5907,4333,182246,45907,6259,317363,564737
5203,4963,1150032,34315,5185,322033,1524176
11258,6815,406703,35592,4500,283479,751162
8944,6814,131764,41370,5407,458530,654903
7111,5185,143065,40778,6315,345691,551071
9592,6555,337961,42500,5444,394202,799125
6129,4463,325522,38333,5074,324974,707181
10444,7185,943937,41870,5593,417611,1429214
5666,4222,155348,63296,3686,404203,638755
9240,5852,706818,54204,4019,485748,1267697
10407,5852,291563,45167,4685,282396,642311
9333,5630,379903,47759,6259,1417216,1868749
9036,6278,136427,38056,5018,329533,527164
9407,6907,169692,42426,6241,1415094,1652527
8055,4648,268421,35629,5704,348780,673904
7703,5759,378964,46630,5888,324829,771644
5092,4537,132377,63463,5759,381343,595127
9814,6111,139382,55370,6000,314597,534256
9925,5907,236611,55611,4056,1478360,1792934
9963,6222,386487,42037,4055,292380,743459
8555,6500,408122,38463,5130,344113,813458
8962,5741,123128,44574,4759,342721,532756
10277,6981,202523,46982,6426,366362,642422
5407,4222,319251,42408,5870,370430,750033
4907,3944,389701,75278,3611,1453584,1939433
6889,4555,148707,46315,4407,289254,502738
7425,4537,190694,37111,5241,1449445,1696509
10500,6185,258626,37778,6222,1451716,1773342
10444,6408,456669,40871,5407,222752,744570
6425,4574,124953,38685,4870,285916,468034
6722,4574,157773,30870,4463,1394848,1602324
5259,4130,244556,48371,5278,1427155,1737287
5907,4630,329525,53167,6019,1378908,1780527
9295,5945,447698,41945,5926,192982,706366
10184,7000,573038,41945,5333,352586,992827
5370,4074,210821,55778,6463,1916296,2201154
9981,5704,295068,43537,5648,1380348,1743157
7055,5056,380055,74204,3963,1441470,1914434
9407,5445,155171,84148,3926,283140,543293
9999,6519,782956,39149,4740,1601678,2447189
6037,4463,264794,36464,4629,1359048,1678009
9203,6149,387467,67204,3315,1832000,2307802
10999,6130,137602,40500,5260,338487,541256
6573,4741,157997,44797,5074,2161730,2383042
10111,6685,229411,44611,5704,1378116,1677417
6130,4388,322621,36703,5167,257376,634960
11666,6037,1190221,42796,5778,1464097,2722632
6592,5019,122298,65852,4185,416013,621978
5630,5037,204174,38148,5056,1452056,1712935
4629,4796,296625,46611,5000,377704,737921
9407,5926,434112,41204,5185,329938,828458
6573,4759,146914,42075,6055,453379,662607
9536,6000,170365,36129,5000,1451237,1680694
5721,4278,270037,59112,3592,1402823,1747675
11166,6500,347451,43667,5926,1438779,1856786
4963,4241,146937,30352,5000,354948,548942
22352,4925,129388,35352,4908,368423,567645
9000,5778,236467,42723,5333,351880,654034
8518,5500,325770,41704,5315,1469052,1858341
8963,6037,425350,33796,5334,1411935,1893563
11462,6426,125263,45148,4167,318345,513460
9203,6704,205306,46111,6278,339394,615126
10203,6444,289127,41611,5186,1509362,1864637
5851,4334,388744,59944,5760,273288,740699
9777,6667,148694,69889,3907,321488,563052
8851,5612,171310,46723,6426,378944,620552
10222,5741,262187,45574,5889,1429488,1761898
8574,5722,352730,54223,4518,284710,713070
7666,5908,243643,39352,5037,369371,673737
9629,5963,146649,47944,5796,1438434,1657268
10148,5926,234932,55167,4630,1447020,1760305
9092,6018,376476,42722,6315,294927,737699
9351,5908,407481,42908,5444,311421,784773
7129,5556,123876,41129,5167,348788,534330
6647,4667,200771,40518,5519,314263,574681
10389,6611,285591,38741,5037,1487324,1836916
5778,4907,382709,45333,4963,1433040,1879267
6999,4871,164047,39482,4129,386653,608385
7999,4463,212776,68833,3797,1402918,1703008
9073,6167,258023,36314,5149,372732,689718
6074,4463,359325,45389,5666,1417091,1840601
5889,4444,126293,35889,4834,289574,469127
10166,6908,136169,42723,5518,1523858,1727990
4314,4130,278805,92389,3778,1320555,1706305
9833,6444,321237,120075,3185,1248068,1711546
8296,5352,414428,41426,5945,1436597,1915748
9889,5426,118007,52223,5740,289638,483053
8852,5666,203884,41945,5815,1437347,1705879
6037,4407,290279,51204,5074,219051,578590
4592,3981,409841,39333,4148,295878,759940
11703,6740,123976,64000,3944,1451552,1664527
7889,5296,169759,45093,5685,1377731,1613621
9758,6278,258099,45481,5852,196047,524330
5814,4500,415123,38037,5130,394316,865421
11259,6370,132480,42334,4667,340238,540034
10203,7352,136671,43611,5445,392306,598441
8518,5741,235955,35759,4870,1390924,1684694
6130,4092,367276,91167,3093,1411676,1886008
10795,6297,408282,56685,6630,241935,732958
4981,4093,168602,73722,3315,259284,516849
9870,6148,202682,59593,5981,274593,561367
8499,6056,309114,97352,4278,1328616,1756008
13093,6166,936881,33704,4685,337574,1334122
10222,6630,137069,27982,4019,306964,494923
5222,4389,171520,58741,4037,377550,623570
10092,6963,256989,39926,5741,302303,624440
10500,5944,417459,55704,6389,267092,766533
6203,4537,137371,42500,5093,391218,589478
6074,4278,150543,46797,5907,374157,589997
10055,6667,230105,36370,5852,1397644,1688898
7907,5055,329501,43777,5334,1497211,1890730
8592,5815,409506,41259,5260,1430594,1903007
6240,5037,123549,45148,5074,338485,526015
9426,5944,213110,91538,3722,315423,641645
10407,5648,292023,48408,5259,317454,681940
9018,5963,376178,36759,6370,391114,827903
5278,4685,145275,44204,4315,364110,570238
10536,7056,168670,38389,5297,302067,535275
10629,5944,262640,54722,5352,1325943,1667286
9499,6500,343035,40259,5204,299554,706181
9833,7185,126687,35223,4944,343346,529830
9536,6148,137620,41944,5463,323841,527015
11666,5889,271441,69481,3574,1395068,1760064
5259,4259,322262,34111,5444,273494,647311
9074,5611,404489,47871,6481,332062,807718
4833,3982,130772,45574,5278,438650,631589
5388,3889,205482,36260,5055,1504749,1764082
9111,5907,285174,42796,6574,1483020,1836175
8926,5500,397328,40000,4389,320741,779292
10074,7055,157944,35834,5259,374312,592960
10148,5944,163747,46944,5056,1432059,1666065
8648,6407,255715,41167,5333,1454238,1773694
6740,4667,348592,37685,4759,284849,690163
10240,7111,126616,42722,5352,360677,555367
7111,4519,143491,41001,4833,309135,512146
7240,5259,230628,40963,5759,367573,660052
4963,4092,326189,42371,5241,1834001,2219543
4814,4055,410584,40852,4574,288560,755903
10074,6814,117201,41407,5371,320093,503108
9555,6555,198207,36703,4648,251606,509497
9221,6223,283138,46019,6351,310636,663681
8796,6296,376404,37907,5870,1412642,1850878
6536,4000,131113,35796,5278,370773,555626
9722,6333,168841,42759,5074,346286,581385
4963,3907,499699,35889,4741,1484196,2035785
9388,5797,469519,62556,5741,270772,826588
11129,6333,1023361,77259,4130,1372588,2497448
6500,4592,144309,52444,6704,1489996,1707083
9648,6241,290185,51926,5518,1315287,1682602
9425,6574,330877,39259,3870,298268,690403
10832,5556,403438,41130,4611,1393273,1861618
6463,4648,130517,34019,4666,336147,518979
8315,5203,197875,43926,5426,368288,631515
10481,6630,285344,56981,5222,1485368,1852563
8704,5222,379628,38629,4574,402034,841366
9148,6389,308670,35649,4518,1823539,2190673
5277,4129,195417,34593,4352,1438221,1684694
8130,5500,302274,42723,4944,1389234,1755101
9907,5741,349466,41759,5686,326233,740941
6870,4593,144934,42260,6481,1438612,1647472
22388,5000,121773,39297,5611,1486717,1683582
8629,5777,227113,49463,4612,1392562,1690619
9741,6500,315878,36981,5111,1386557,1763212
8759,5778,402384,61648,5185,293130,779292
8481,5815,184019,39259,5759,279478,525182
5425,4185,202340,56963,5297,1417891,1694749
9981,5889,309253,95889,3667,1368514,1795582
9684,6593,426333,41982,5333,1283138,1775545
9425,6371,151838,33760,4907,320325,529312
8518,5334,175863,71537,4759,1487220,1756972
10037,6426,259165,59389,3204,1422880,1763342
7963,5592,364635,64148,5278,1549595,1999452
8277,5334,310992,46167,5481,1435942,1814990
5555,4445,144719,44130,6148,1451530,1658861
7777,4407,232115,39074,6741,361641,653959
8315,5648,326046,45408,6000,411800,805959
5240,4204,256979,44500,6074,1464122,1784990
10241,7185,184910,41907,4815,314457,566090
5333,3870,238657,41222,5018,1321501,1617935
9111,6630,292199,40593,5815,1317013,1673491
6907,4315,132835,34518,4389,320792,506608
6036,4871,160359,81574,3185,314767,573182
11037,6203,167069,82111,4482,1427106,1700046
9240,5870,256427,54537,5334,247606,581793
5684,4149,432284,37278,4908,263803,750310
9944,7111,124957,44296,5241,342281,536330
10741,6629,129167,87259,4444,309590,550553
8611,5889,230320,40093,5778,309157,602330
10222,6648,346493,51686,3778,302743,724089
9814,6370,400037,57037,3407,1472471,1951933
10296,5611,128079,44555,5037,356160,552071
5444,3944,200955,47574,5797,251190,517015
10074,6315,281405,36111,4945,1374973,1716157
9295,5723,374615,53204,4981,1469874,1919692
9870,6871,172435,42426,6130,335394,575793
7592,5241,187682,102852,3371,1339475,1648713
9259,5888,272818,35352,4426,1353228,1684472
10111,7222,387527,42408,6185,240728,696200
11610,6778,136700,32166,5000,341594,535645
7555,5463,152964,31000,4648,285163,489571
7796,5463,226989,40704,6148,1425427,1714731
5259,4648,316717,55723,5481,1462235,1852563
9685,5537,401853,50037,4352,1484172,1957767
8444,5963,123913,43927,4814,305102,494886
5815,4370,197216,62519,3185,1471329,1746676
10629,6593,281463,57426,5481,1391249,1755249
9777,6000,336320,60630,3556,373397,792106
9129,5667,139956,45833,5297,336041,544868
6129,4852,167332,70426,4556,246424,502016
10518,6593,252819,43186,5444,1340856,1661454
7944,4648,550733,39630,5537,1379033,1989710
6148,4370,134183,34500,5333,305518,492127
25018,4703,376301,32518,5093,1251190,1696897
9148,6259,250380,31167,4555,1419907,1723712
6647,4149,140089,41759,4778,392426,591978
10166,7389,400725,43519,5315,310622,780421
5926,4351,205379,50852,5185,291470,564997
11370,6796,195162,56149,4463,285815,562441
10351,5685,287132,47093,6166,1502432,1860989
5296,4407,425786,44259,5445,290098,778236
4685,4833,176625,39778,4463,262928,496331
8351,5555,166853,69185,4574,1499397,1756693
10740,5945,252821,60167,3222,1529297,1865082
8092,5778,342679,38130,4629,327113,728940
9000,5889,138407,35833,4130,334553,530479
6000,4722,143820,43963,5870,411751,618626
10888,5926,225808,41148,4722,327726,618607
4944,4389,412573,41704,6222,308959,781236
10703,7019,402616,33981,4556,1521539,1983322
4851,4019,146047,81537,3612,365134,607663
12259,6611,234128,41611,5741,1365714,1668528
7629,5537,289781,44630,5482,1523578,1879248
5629,4185,387917,40056,5389,1465146,1910674
5925,4352,133108,41759,4907,389019,581644
11092,6629,159244,41148,4944,285180,510812
6055,4352,257545,37611,5760,1396907,1710471
9462,6130,342774,47185,3889,384110,795662
8370,6000,431335,45963,6241,1430524,1930989
6574,4111,135174,41667,5481,423267,619719
10184,7148,219421,37445,4981,1429495,1711286
9647,6074,342353,34722,4500,373736,773717
9666,6833,412396,70926,5260,313562,821254
8389,5407,184679,34519,4463,268373,507997
8592,5444,192629,41093,5074,1483657,1738619
8648,5611,504303,36018,5037,1307076,1869601
9036,5833,393401,102426,3704,1370736,1887248
11278,6037,1130260,38556,3592,1414781,2607208
8592,5870,176875,39093,4222,326066,563219
9926,7111,802752,54148,3649,319851,1200141
5925,4334,344109,54185,3222,249017,662959
10204,5648,591819,37778,5481,1627427,2280487
9499,6259,132102,42167,4574,323154,520793
5647,4093,227663,40630,4778,274833,560367
10018,6334,310002,34389,4445,1389635,1757546
9444,5796,1052566,39593,5555,1450827,2566355
5240,4444,134959,72574,3685,368594,591848
8462,5648,190650,32241,4352,389124,632589
9741,6759,280396,44741,5222,330952,679719
9148,5481,371366,72204,4740,302167,768588
10110,6630,166241,33926,4093,1403583,1626731
9426,5722,162284,33537,4759,377028,594830
9944,6130,250234,49260,6055,306299,630774
10333,5722,348018,33241,4370,417996,821847
8444,5685,138339,37982,4814,360122,557479
25221,4852,165382,46370,6056,309374,559330
6796,4481,233295,83741,3389,1363010,1697583
9814,6000,315746,42130,4833,1425059,1806064
8426,6055,456456,78129,3334,325354,879921
10277,6981,147498,42074,5945,307758,522571
8944,5685,237523,42092,5908,269659,573590
10703,5963,285861,43334,5426,224487,577904
8815,6611,391330,39685,6056,1452436,1907063
7222,5055,158318,35463,4685,313809,526627
8740,5649,272212,39426,5500,328987,662700
6999,5019,1318628,38815,5129,1269042,2645633
22740,4555,366502,43519,6185,335401,781754
9999,6944,1385140,40149,6037,406201,1856693
8889,6166,131069,38278,5315,313187,505516
12629,6500,600631,35130,5111,1320746,1982803
5610,4612,380599,45222,6260,305155,749977
9889,6166,936755,37148,5500,436312,1434807
5240,4019,190481,37185,5518,295683,540756
7833,4963,194357,50204,5259,2027426,2292487
5481,4519,284196,36464,5555,374540,713274
8685,5685,370555,41611,5018,244905,679200
10444,7019,143522,32723,4259,331085,531330
11333,6278,164029,44889,4203,252969,485812
6518,5407,300868,91575,3389,1236659,1646509
8555,5092,364467,43685,5963,1415060,1844841
9314,6000,142750,41204,5741,397357,604941
11593,6629,133441,46093,6296,1431327,1638121
6333,4537,237188,43704,6037,1381265,1681620
9944,6352,322138,42982,5315,381505,770440
9388,6852,409051,43093,6185,1438197,1915192
8685,5611,143834,40593,5111,350940,556830
4648,4111,196174,47463,5852,301564,562275
10129,6537,316218,41463,5963,1367587,1750546
6481,4444,386038,43815,5629,1408544,1857007
5647,4352,145451,42000,5778,312027,518015
5981,4574,172586,53649,5648,285003,530182
10592,6352,245111,50907,5260,245108,566090
9221,5463,424210,47870,6167,267268,762421
11463,6351,121012,47000,5222,385152,579034
5296,4296,138961,39574,4778,367017,562348
9833,6333,215875,58537,5408,203177,501571
10740,6186,323066,42148,5481,279801,669533
8740,5666,398887,84704,3704,1423361,1927748
6536,4649,287948,38203,5334,305844,651533
6037,4666,192306,32685,4315,323062,565608
4833,4092,284052,35241,4260,369980,705310
10241,5537,367169,38741,5056,1469208,1899582
9388,6815,169342,28870,4722,298322,519515
9667,5796,160310,53778,3389,1880233,2115673
5889,4889,253501,37334,4574,263958,572238
6610,4630,123951,33982,4167,336878,513256
6222,4648,124587,34259,5241,382632,559737
10278,6888,127816,42111,3944,364034,557756
5759,4630,223932,35963,4574,1385818,1663194
10425,6389,382957,41760,4759,333353,781718
8167,6333,396370,40537,5889,367107,826866
9944,7167,132098,37685,5019,339399,533905
6351,4908,194918,36945,5926,299615,552441
11036,6167,313906,93223,3611,1308657,1739416
5407,5056,373560,54611,3648,270639,715533
7148,4778,181584,39519,5611,290635,532016
10277,6685,157368,39852,5389,382573,604626
12148,6111,242300,55463,5333,222401,546219
9018,6278,403232,37426,4574,423337,886032
9166,5797,142922,29537,5185,305186,500386
5981,4370,157910,29018,4797,1458617,1663064
9332,5871,224027,53111,3870,217563,516052
9333,6222,314033,52592,3167,266445,654292
8036,5500,405095,42148,5741,1509783,1978563
10055,6000,127544,42482,5352,315786,509441
9888,5537,186532,33889,4685,1459940,1702564
9740,6593,275000,39315,5611,212885,551867
6352,4796,368784,39297,5592,270730,697459
9147,5796,214902,33129,5130,1455848,1726730
7574,4815,158462,59093,5537,249572,487516
10074,6463,283302,32889,5185,210991,551293
5555,4741,342030,39833,4056,1453829,1852230
9851,6870,412444,31389,5037,1272417,1740045
9407,6518,128856,35630,5019,1409468,1597769
8462,5649,218732,36259,5482,1371832,1648898
8258,5445,324387,81778,3463,1360177,1785619
5463,4259,445967,59481,3223,1431021,1951674
6241,4370,156046,30889,4945,392265,597127
4555,5130,191256,43981,4760,1400419,1652528
8703,5778,315484,34667,4074,1505227,1876378
10184,6926,440768,79278,3593,249709,792588
5740,4111,166237,38592,4852,897294,1119864
5944,4500,164779,57907,5297,1404563,1645527
8018,5315,248674,31204,4537,1417094,1718361
5629,4315,352513,51334,5518,300816,722274
11462,6389,365816,32685,4759,447476,870717
6611,4611,154488,41704,5981,1477651,1692917
5500,4111,221994,57148,5241,1423459,1719620
8333,5777,315333,52260,5426,286181,675496
7667,5888,409895,72223,3481,1521001,2022526
5388,4667,188808,33333,4870,276634,516330
6074,4851,195814,27277,4334,1416362,1657213
8351,5908,284337,53223,5685,1433985,1793878
7426,4926,366140,37444,5000,1411109,1835453
10111,6203,169701,36556,4722,262130,492238
6129,5000,159504,41889,5444,1438524,1658861
9888,6482,245268,46648,4760,287431,602570
9980,5760,335293,49222,5297,362609,770273
9852,6592,1002005,28740,4537,273896,1327696
7666,4926,137749,51426,5833,323211,532830
10370,6333,211866,55556,5444,292076,583867
8777,4352,345002,76741,3481,1393210,1833804
5148,4130,1174398,35074,4111,1480346,2705614
8055,6056,144272,41834,5629,323688,531645
10796,7129,198797,104019,3555,1370453,1697971
10184,5945,272247,31815,4259,1442539,1769119
9574,6426,363568,38278,5278,1414291,1839564
8463,5518,149277,41297,5018,311553,523164
7333,4981,205413,35778,5055,241677,502460
6833,4741,248455,38278,4982,1335812,1641157
11425,6445,332073,36555,4649,297201,690570
6222,4796,428746,36796,4481,1585984,2069099
5333,4611,178880,32445,4944,270987,500090
5184,4649,267979,28315,3629,1392363,1704675
9666,6611,310170,60185,4000,324344,717718
8222,5333,427232,80482,3259,1482590,2009822
9926,7148,198163,34371,3648,282945,538368
11407,5926,199002,30223,4592,1420840,1674139
9462,6426,271953,56667,5481,270544,622700
11277,6204,367144,37593,4630,1421011,1850397
6759,4740,131501,44149,3315,384939,578033
5722,3907,183674,46982,6740,1420132,1670194
8851,5963,252032,52500,4463,198687,524886
10184,6630,382371,84852,3185,225273,715384
8574,5666,142340,42222,6148,1431781,1639250
10314,5852,129994,40092,5686,325373,519479
9796,6204,217870,40315,5388,1396510,1678491
8147,5315,306358,40111,5166,1484244,1851489
10018,7111,401956,52167,3278,253503,731107
10444,6500,140684,44500,6241,307109,518312
6963,4555,195838,44241,5370,1489208,1748675
9666,6222,270973,51315,5148,324930,670718
9629,6296,379572,43630,5944,1383140,1830378
9259,5481,129670,36870,4019,403401,590496
7092,5148,159194,42315,6482,1492092,1714879
9296,5888,258497,105204,3704,1339363,1725416
9666,6556,358077,32907,4185,1478227,1891878
7184,4148,142694,29407,5185,365804,556552
10221,7371,128514,30444,4167,342372,525645
11055,6648,218280,63241,3759,1418248,1723805
6796,4482,314303,53408,5685,1931905,2319024
9555,5574,463681,38055,4574,353389,876940
10148,7185,201648,29500,4889,344108,599552
9981,6981,181284,40315,5630,264139,510552
7888,5482,291308,32130,4926,1479588,1823452
9240,5592,407852,69537,4611,302885,801865
6277,4352,126653,44648,3963,337289,525293
10314,6444,153882,90056,3574,325874,592256
9537,6500,330869,28556,4333,293220,675071
7352,5092,359598,34333,4963,1387652,1801064
9074,6426,136306,28482,4444,331339,518775
7870,5352,134701,38389,4759,309407,502830
9203,5666,220282,41037,5759,1447135,1731490
11240,6093,343917,34370,5000,382283,785033
8889,6222,392978,34556,4759,1427733,1877637
5426,4444,157595,36222,4482,1351322,1562232
6851,4870,886084,40093,8556,413667,1362621
9148,5481,283737,58204,4518,313501,677126
8518,6259,242057,45352,4908,1476136,1785323
9573,6370,131600,44537,6093,334527,535108
9537,5870,207050,38741,4445,1398644,1666361
10537,5852,247593,67704,4666,281163,619608
8148,6018,360303,38648,4445,1464760,1884304
7148,4777,429717,57222,4722,283390,789847
9907,6648,128092,74260,4314,305554,531664
6499,4593,223153,47111,5482,1451207,1740638
9684,6037,325641,73204,4463,300559,721699
8407,5759,400740,40722,5537,1387324,1850637
9795,6723,143411,35408,4537,308289,510330
7963,4796,185158,41056,5685,1462239,1709379
6481,4630,275997,41260,5537,316350,652441
6444,4203,365708,30944,4278,1405819,1819489
10500,6685,121657,44518,4908,355988,546867
9333,5407,154849,35222,5278,307149,519479
8259,5629,286873,30685,4204,1451802,1789990
9888,6463,353416,41019,6518,1431833,1851230
6574,4518,198996,31407,5056,265650,514331
10759,5944,121853,34130,4500,339811,518997
4962,4297,218914,40445,5944,1439187,1715972
9573,6074,300180,39074,5630,335668,698070
8296,5630,140741,37963,4926,285145,484923
5888,4167,137691,27926,5315,334195,517256
6981,5426,527717,52777,4963,1511512,2111488
6592,4389,276777,37944,5315,1454805,1787897
10407,7704,373413,41204,5759,346083,787033
10851,6074,130252,37833,4667,298356,490145
9370,6352,159702,54056,3240,284351,519145
9055,5925,249801,37204,4907,328937,638996
9888,6630,424270,29537,4777,297578,774736
7796,5556,141275,26889,4796,328833,517201
6703,4871,132132,29463,5408,777436,958161
6536,5426,221880,34389,4833,456116,732144
5667,4796,312256,28963,4426,1468807,1826953
10704,6092,395466,49852,4518,262456,731996
8018,5556,171526,43482,5629,285600,521904
6147,4482,187162,62981,3519,1613012,1879378
9000,5555,273039,73092,3408,1461877,1828471
7666,5167,377526,78870,3148,337821,813680
6184,4908,144253,41667,4834,758926,963216
6352,4851,157630,51723,5407,1439990,1667917
5036,5111,247451,37389,4630,1332039,1633990
7000,5240,332050,44778,5092,1377552,1773749
10185,6629,417297,37740,5223,510957,990198
6814,4686,141245,44574,5019,267251,471664
6981,5482,215863,38778,4463,1363368,1637232
7055,5074,301851,34500,4851,324591,680033
5407,4351,1174303,41537,6241,1163887,2398838
6685,5111,183843,36352,5333,287487,527552
9074,5944,222664,44630,5537,1469029,1759805
7259,4926,272818,41760,5240,290623,624534
4962,5908,788251,41833,7371,1325069,2175784
7851,5130,139237,40389,5926,301852,502182
5444,4537,157224,37556,5037,399291,611626
6092,4130,247471,84260,4537,1392685,1741249
9518,6074,534089,30703,4260,1458695,2046173
5555,4296,425872,55223,6203,1522987,2022673
5148,4185,816138,48445,4204,1502514,2383153
5499,4408,260716,42149,5907,1416607,1738305
4685,3981,558723,36371,5000,1308154,1919526
6758,4908,418099,38463,4519,282192,757829
4500,4574,142734,44037,6093,308040,511719
5092,4778,188758,40649,4333,262887,509330
8037,5629,273413,37148,4260,317027,648126
4814,4944,366882,62019,3722,274947,719606
9852,6462,131925,34203,4204,326277,515553
8647,4982,177263,35982,6204,1500337,1735564
5074,5092,253473,53149,3518,273524,595923
7963,5389,337146,36814,4297,301294,695608
4555,5203,128744,41500,5648,320587,509126
17684,3908,114694,35074,4222,341951,520515
5870,4963,223311,52815,3315,280315,573052
9278,6092,306280,45500,5575,1443709,1818490
7611,5240,391546,42518,5241,1371426,1826397
6073,4852,120421,48149,4777,333854,520793
6870,5519,232335,59981,3482,1409396,1719991
6907,5223,275118,62111,5389,1526667,1884175
5981,4592,410921,85556,3278,1503400,2016155
10444,6130,142555,32408,4852,323941,522682
7314,5315,155006,85259,4334,1426669,1687583
8203,5667,240994,75759,4537,268855,607682
7444,5518,392537,45297,6129,276681,735570
6999,4926,816359,57055,3593,1601738,2492634
6093,5518,130826,35481,4426,346579,531034
9610,6185,269573,41148,5408,332571,666718
8129,5815,859487,43611,6167,311505,1237363
7889,5481,389751,36352,5426,1391479,1838564
5870,4834,152145,35370,5278,287982,494294
7925,5259,182559,39852,4759,1448413,1691527
6741,5185,1360419,76982,3241,1466804,2922354
19703,4204,353312,65259,3796,328444,777477
6018,4926,689651,42778,5852,388601,1139956
6870,5389,152434,35981,4556,1425964,1633083
9889,6074,717367,36315,4685,375867,1151864
10389,5259,356428,31833,4315,325864,736163
6721,5148,512008,37556,4167,422393,989790
6777,4889,143642,49000,4686,324409,535237
6463,4685,260186,36981,4167,1480859,1795490
8481,5222,304785,58815,5722,294675,680015
6889,4926,389420,55814,5519,1508902,1973878
5388,4963,136092,44482,5574,307868,506497
9907,6315,175801,38760,5611,1458837,1698453
8222,5092,268475,38555,5982,316559,645774
5389,4166,448092,30666,5463,310126,805810
6296,4741,148263,26926,4778,313141,506293
47648,4241,119399,42352,6037,312709,535257
7463,4370,240183,38630,5518,1375660,1673898
9370,6241,368355,34056,5037,1489318,1914656
7925,5149,528083,47797,5018,397133,993624
8147,5723,125940,44056,4278,389408,579552
7962,4352,213243,39500,5074,1402988,1675879
6074,4592,331379,51371,3370,353802,753403
5221,4204,400755,42185,5963,1390086,1850693
8907,6222,135890,50278,3408,341143,547997
5407,4000,187118,34148,4371,355452,593219
4704,3962,276236,35852,5203,271428,600201
9240,5296,358241,36371,4648,344162,760551
6130,4518,174691,29834,4352,329805,551923
5851,4167,156882,37315,4926,347410,558774
10111,6204,236925,56185,3778,1925117,2240358
4962,4056,337338,51686,4537,296379,701662
4889,3981,142844,29297,4611,323338,511108
8481,5852,140776,28074,4445,332647,523034
9537,6278,214152,37537,4278,2642516,2916909
4833,4296,1398735,38908,3796,396180,1849489
4777,4463,402609,44519,6592,2857557,3323314
7444,5555,170784,62037,5537,267435,521497
7166,5426,212194,39056,4611,2062737,2333468
6092,4648,276015,46148,6148,1321068,1662212
9259,6278,361224,89315,3926,1389598,1861693
5573,4685,178138,32278,5352,295081,522886
5092,4666,164274,35740,4667,278483,494886
8815,5944,288983,42908,6463,1471506,1827323
8648,5259,328341,40704,5500,1470074,1860638
8536,5500,876237,62685,3537,263590,1222919
5759,5333,123963,98297,3722,1514730,1753675
8703,5778,209617,33575,4796,1461039,1725712
6870,4963,299438,47963,3982,366817,732959
7352,4926,458463,47870,5185,307310,833236
9296,6445,121227,39296,3926,339159,521960
5333,4963,192196,37740,4612,1484571,1732230
8407,5463,308924,46111,6889,1456343,1834619
8796,5722,426561,79537,3389,247787,773922
8037,5592,156510,42574,5797,342375,562923
7685,6296,195571,39241,5852,270518,527293
7610,5426,245911,46167,5778,1451431,1764286
10018,5926,351991,90815,3463,1409350,1873415
8629,5463,461516,44889,5907,1391825,1919915
6055,4629,127743,42259,5908,317106,505367
7351,4926,210156,41945,6296,1464278,1737249
10407,5963,356755,65074,3741,234648,679255
7833,5130,388705,36407,4186,1466987,1913063
6240,5334,186581,63593,4000,405618,673533
9685,6129,178421,43277,5482,1390052,1635694
7259,4500,269056,35982,5203,1450712,1775305
6352,4907,447914,72000,5223,1407778,1946397
6518,4944,135345,34093,4204,311355,498645
8333,5204,150055,37092,4926,2049470,2257062
10906,6000,235969,112648,3667,239676,611552
6722,4852,403604,42519,6074,311836,778403
5889,4500,137665,42648,5870,1528066,1727565
9259,6111,138948,38352,4519,414937,614645
6833,4426,251676,41889,6149,1427053,1741953
8240,5648,296665,44222,5278,1389381,1751619
7277,5389,425726,40796,5870,313159,799939
7462,4408,162879,76408,3518,256618,513034
6332,4945,224700,42519,5981,1491623,1777804
5055,4314,279429,54055,5371,209327,559830
7851,6500,440453,34889,5370,305228,803199
6129,4722,160903,41315,5815,366705,587349
6296,4277,179872,38741,5241,1510155,1747193
4704,4092,245582,41481,5259,1484242,1787861
5240,4167,386105,39056,5185,254816,697384
7166,5223,453241,31778,4815,417642,921513
6166,4204,131728,45852,5592,400121,596256
4537,4148,265975,32926,3963,1438422,1751805
4481,3962,328389,38463,4833,340756,723144
10648,6370,386821,49055,6130,308231,769033
5758,4241,202918,36334,5315,337504,593848
6666,5000,181351,41963,5981,1411288,1654472
8962,6278,271079,67518,4334,1402022,1763657
9000,6240,448659,40482,6203,246485,759718
10315,5778,139349,76759,3815,275759,513886
8018,5407,179818,40037,5019,1418024,1660453
6370,4444,285658,32944,5537,1421611,1758731
5944,4445,397719,34018,4778,1445307,1894582
10351,5741,1211134,31278,4982,310041,1576287
6166,4796,126767,42723,5259,333267,521701
7629,5426,213069,44741,5315,1353606,1631842
7222,5203,308261,59519,5666,245606,633626
7537,4796,441211,90982,3778,1354796,1905137
9018,6482,147624,47889,5833,302744,521701
6555,4685,192296,36426,5056,250515,497608
8463,5741,274987,32223,4685,1433280,1761990
6777,4666,391550,39963,4926,1491161,1940970
4611,4167,179592,32277,5037,362442,589830
9277,6223,534024,36426,4722,1459982,2052377
7721,5630,240289,43241,5500,277633,582070
9203,5389,381703,33426,4944,1415268,1852971
7555,5741,419949,32389,5055,249603,722403
6703,5148,122492,62500,5389,303635,507923
10388,6389,208072,37555,5371,1431844,1702120
7962,5389,298744,35426,5056,326307,681107
6129,4426,422176,35833,5093,316078,791847
4926,4074,162033,76445,3777,262316,515423
4333,3926,185761,81167,4574,1450006,1731823
7852,5370,270823,57297,5129,311377,660089
10944,6907,348922,39519,5814,1497290,1911526
6481,4648,147760,40445,5500,274737,481664
6870,4889,147433,39704,5444,365230,571756
8184,4667,236772,34612,5074,1418366,1709749
5463,4259,329927,78222,4093,1453655,1877712
6611,5018,418136,53612,5129,1461279,1952359
5425,4593,126252,54241,5297,419077,616922
10722,6037,203055,40407,5501,1419639,1688046
5907,4426,295950,38482,5481,399213,751181
4426,4074,429826,41112,5814,1430737,1918749
6685,4981,129183,42575,4666,316888,507219
9907,5685,214300,30852,3982,298066,565608
5352,4259,309566,31018,3815,1363758,1719935
9481,6722,1281574,41667,5537,344527,1692157
6110,4352,129263,35018,4741,363197,545071
10166,5574,143658,29277,4482,1485278,1680602
4518,4129,242386,35352,4777,310686,603904
9222,5778,321743,40130,5611,1408376,1794397
7518,5500,826899,31815,5111,1460421,2339487
5759,4037,167551,30630,4907,345742,560719
8759,5722,211131,28260,4888,345533,606534
8407,5352,687064,43574,6037,336652,1089272
8296,5666,413329,48204,5148,323926,806736
7314,4963,129371,29426,4278,377589,555089
8925,5815,176765,37723,5129,292250,529237
7704,5129,266272,42296,3408,1463588,1790712
5852,4537,397463,54518,3704,336588,804737
10573,5871,133301,45315,3389,324695,525274
4777,4092,165900,31204,4685,1408702,1622787
6426,4815,276776,36630,3889,249479,580108
9444,5870,324616,42981,5056,1505521,1895618
9851,5778,411751,35871,6944,281430,753662
7741,5388,166405,62519,3592,1471289,1719009
5592,4685,209559,53223,3814,270938,549849
9147,6037,292917,39111,4537,1443777,1797823
7314,5389,422867,34075,4148,278980,754977
5147,4315,126965,34741,5130,322254,500645
10407,6148,171453,36370,5556,1461871,1693843
7462,5204,311421,28852,4315,286760,647496
5685,4277,427558,27796,4500,342864,814773
8851,6074,148896,35593,4925,366009,572496
7352,5463,152586,41612,6074,333613,548738
7036,6019,234186,39185,5648,253682,547534
6018,4352,349303,37574,4759,1403409,1808212
7889,5462,412309,36334,4148,1443439,1911711
6500,5277,120777,39686,5166,321035,501368
5685,4981,208783,41612,5518,1473466,1742861
9555,5852,288955,31445,4629,244486,586682
5722,5074,389665,36852,4833,342830,787643
8499,5926,164430,35796,4889,1511634,1733712
6296,4944,177677,61556,3796,1451091,1708194
6814,5037,266887,58296,5334,1401399,1746046
8462,5593,350281,54871,5574,230622,657459
8000,5574,147379,46445,4851,326507,541478
6184,4537,169756,32667,4833,1488216,1707916
9425,5463,140002,28500,4222,333329,522719
6722,5537,323008,43167,5759,332451,719033
7037,4907,138292,28685,4537,318095,503664
10222,6296,119576,41000,5685,320681,505257
9333,5519,202192,38500,5389,322434,587275
7092,4796,312921,28722,4981,1463366,1823730
9111,5648,379889,35649,5166,350995,789236
6944,4592,165043,80371,3963,327009,589607
6074,4000,176160,37537,5241,1520404,1751138
8833,5722,265352,36018,4945,1364787,1687898
8036,5556,351820,57852,5611,300657,731681
7388,5167,152418,30963,4815,302931,506442
7759,4722,146221,38166,4537,314777,518923
7981,5203,233579,55815,5629,1377431,1688379
6018,4426,328658,51296,4334,1494812,1892341
4944,4111,414387,64889,3944,312905,806884
11573,5778,127170,43204,4833,329475,523738
4815,4185,249027,31278,3963,1487184,1782675
9240,6667,345941,41722,4037,313333,722644
8852,6074,383354,61871,3833,373604,839255
9388,5667,145026,39945,3944,316804,522719
7185,5277,184885,41352,5166,1444736,1691398
8870,5222,299205,38259,5186,1368729,1728305
6092,4315,368396,42870,4649,304340,732532
5296,3963,171606,34296,4537,1497514,1719935
10481,6241,199871,39907,4889,1425472,1690435
7259,5018,267803,110482,3722,1357354,1754434
6055,4407,354957,87852,3352,1373643,1833008
6129,4315,412648,31445,4240,324311,785996
7129,5426,125801,46167,4611,343436,534441
4981,4056,248640,38538,3926,1435534,1737379
9889,6574,293609,41649,4481,397145,755070
10444,5537,269078,49112,6074,1472485,1815453
7629,5389,183566,41481,5445,256672,502423
8073,5593,413831,35870,5334,1648879,2120210
7259,5778,288707,39130,4925,1389968,1739286
8407,5426,776677,56463,5297,348353,1202956
5685,4685,132737,43260,6352,375444,571127
7944,5519,154798,37130,4870,299625,512053
6426,5111,273934,34426,5296,1410871,1738120
10944,5704,374718,32703,6241,1412086,1844526
5685,4463,419242,54167,4315,1393376,1883841
10222,7055,148878,41500,5648,288564,503960
7703,5204,252439,59092,3223,1374717,1704694
6925,4426,354816,40222,5129,1435841,1849433
9055,5796,446914,48204,6074,1462519,1982229
7111,5129,162105,45370,5019,275504,502294
10388,7204,180888,48685,6019,364497,619792
8333,4666,274265,43556,5240,1375911,1714101
10684,6167,428974,34334,4741,305169,792106
6443,4723,192831,41315,4723,390053,641829
10222,6870,199356,32500,4815,230215,486164
8203,5223,245269,72000,4482,1343091,1680565
5444,4778,350164,34130,5278,1449566,1851471
6259,4833,909801,44111,5778,336525,1310085
5648,4056,134583,44555,5926,361951,558905
9981,5703,197182,37574,5056,316833,575793
8629,5704,291891,56000,3352,272716,640422
8148,5722,378675,55204,3278,243450,696644
9444,6018,196977,46686,5889,241316,509182
5463,4722,175464,41241,5519,1447803,1682305
9370,5796,643656,38815,5260,276764,981698
9667,6055,567088,39574,5574,327537,957384
8444,5648,148463,38870,4834,1400157,1608565
9074,5537,142228,40352,4537,321713,525238
6759,5241,235382,56537,3556,1551884,1861989
8851,5667,891205,35352,4296,1493151,2441041
7481,5482,411376,34185,4278,1470464,1935100
9944,5667,731604,34908,5000,1598566,2387820
7147,5278,202109,36408,4296,1441362,1698545
8574,6092,470727,42149,5666,334453,869866
7999,5815,485159,38833,5722,229356,774977
8648,5963,154293,38759,5149,375240,590830
7296,5222,174485,35148,4723,270956,500035
8222,5296,274732,104093,3759,1297499,1696565
6278,4444,353923,35537,4741,1524029,1931897
6981,4556,130891,40148,5685,325310,516479
42518,3685,158064,39371,4629,275137,527072
9703,6407,280255,31574,4871,1363531,1698472
9796,5574,324001,44241,5982,309050,700588
9444,5407,407971,38019,4592,346932,814014
7684,5352,121476,34926,4815,335280,512460
5981,4481,202945,30204,4296,264867,515701
8925,5926,288080,40352,5537,1322058,1673601
7166,4815,380605,62722,3648,1448847,1910803
10166,6759,155611,51963,5759,304275,536534
6777,4926,173320,52574,5445,264047,509126
6277,4278,264030,38981,4852,1447590,1768694
8185,4926,430702,37556,4296,336811,824736
7889,5592,194560,32074,4889,1480264,1728416
7389,6203,147899,42593,5944,1486203,1698676
9555,6111,227664,39445,5685,331554,622108
7277,5278,337336,31704,5185,331308,720181
5907,4333,617158,38000,4519,1313663,1985914
6370,4556,134292,39797,5907,387445,580571
9333,6370,237873,34685,5019,1391802,1687305
7129,4055,745584,53704,5722,358836,1177123
9704,6722,416070,64611,3945,1413270,1917582
7851,5463,123316,90112,3259,274070,506090
5500,4204,176396,38611,5092,1446947,1678898
10740,6111,1005200,35926,3408,1365267,2429412
7314,4926,351686,35259,4389,349791,756069
7259,4963,133968,36686,4685,320713,510052
5500,4407,190364,32556,5092,278337,517942
6277,4130,239980,53890,5851,1861785,2174895
4685,4037,341209,35630,4722,446138,838125
4573,3982,412734,57685,5426,248299,735662
7295,5574,127943,51371,5370,312388,512219
6629,5093,202041,47260,4814,249734,518442
6629,4852,309566,41685,5556,325060,696052
6240,4666,395554,40093,6185,1446232,1900748
5092,4500,138892,34555,4982,318624,509626
7722,4907,172324,44148,4926,1416667,1653528
5203,4408,264496,38315,5371,1476030,1795675
9573,6260,356039,36297,4703,1416728,1832360
5815,4574,155211,29649,4611,284211,486794
6722,4185,166070,26926,4740,416427,626700
8981,6129,234020,63038,3907,288606,606404
5796,4629,345508,43000,4463,296396,702848
5740,4370,450551,34426,4759,1437864,1939433
8722,5907,163426,32630,4667,308496,525497
5814,4611,208228,30852,5074,350028,607015
8721,5945,296993,44852,6056,1431885,1796582
7333,5148,417148,35204,5093,1430304,1902323
7296,5519,146412,39074,5056,312103,517516
6462,4685,218937,28723,4592,1455201,1720675
9981,6037,303720,81519,3963,1386250,1793452
7166,4926,370709,33352,4592,347973,771625
6444,4389,141417,28296,5222,335617,523478
7221,5167,574017,27704,4851,1289565,1910396
5481,4722,239022,53037,5907,2059280,2369560
7388,5259,125046,45222,5019,321655,512571
7573,4722,547127,32204,4778,313201,912587
7000,5111,132576,38889,4926,334439,525256
6796,4796,245101,28648,5093,1802368,2095988
10148,6370,291681,42815,6241,1453031,1812860
6425,4093,379538,38630,4889,347734,783884
6463,4944,184304,39296,5611,292379,535627
5611,4426,173438,52834,5222,269892,513164
9277,5982,255130,66796,4000,234756,578163
9462,5389,346877,50296,4537,202194,620774
6815,4778,2369165,46000,4722,332800,2766096
5351,4426,351167,43129,4685,1550267,1961803
6092,4797,272264,38537,5537,257732,587701
5814,4852,319956,39333,5556,333095,711514
6000,4926,1219352,29908,4833,285028,1552251
9407,6111,158060,36481,4797,296882,513553
8704,5555,203381,42703,5778,1440128,1709731
7333,4944,289424,46333,4556,309332,663996
8073,5723,378281,56519,3889,307177,761810
5926,4926,162305,43630,5759,350080,575312
6240,4666,211701,35759,3944,1445013,1710101
9314,5426,298133,35055,4111,580474,934439
6240,5296,347435,40963,5722,1475388,1883507
5259,5370,147570,29092,5297,858313,1052735
5222,4259,147279,38889,4778,1379101,1581751
6370,4741,277100,34111,4667,1451593,1780823
9889,6537,320235,55649,3555,230354,628238
5333,4241,458890,33870,4815,295698,804903
5981,4241,157062,27796,5370,285695,488349
7833,5277,203809,57000,5926,1469589,1751434
4611,4167,297703,36407,4963,1410120,1760064
11184,6130,379561,40019,6055,1387558,1833267
9055,6111,1344236,33927,5148,339531,1740842
6333,4629,171684,46500,4741,324924,560922
9462,6371,276597,34296,4907,1493504,1828082
8074,5463,370899,85426,3537,1456349,1935878
6852,5129,149072,33963,5092,321241,523905
9758,5482,158448,33629,4297,383215,597293
8092,5685,225731,42000,4315,1510925,1798545
9684,5593,362997,67167,3296,1434677,1885619
9648,5981,118521,77241,3018,1465396,1681565
9666,5796,131045,72315,2945,1430075,1653564
6555,5074,244607,37796,4833,1298329,1599342
8610,5926,290983,36408,5278,230717,580089
6204,5333,930675,35519,4167,328668,1313400
8592,4981,173254,40185,5760,296613,532182
5129,4389,173333,52426,5500,259682,503275
8370,5314,254618,39426,5518,194361,510256
6870,5204,363660,36871,4852,1420310,1839804
7296,4648,144888,27037,5019,330849,522608
4814,4778,144894,73871,3870,1397263,1631991
7925,5222,229215,45259,4204,1501442,1796082
6092,4389,374147,33777,5500,325293,752032
7111,5574,403634,40315,5870,1410485,1875841
5593,4555,121621,36371,4629,324839,500386
6370,4871,214571,30648,4482,1441511,1706213
6721,4574,392078,38037,5667,255992,706292
6167,4814,392862,32574,4111,1468146,1910804
6500,4851,122349,47611,5389,308871,497608
6222,4722,171577,40796,5167,345420,576034
10611,6685,258583,55148,3241,1402981,1739231
8518,4574,351255,35222,4945,1473567,1880156
7203,5000,139483,29166,4630,386773,575533
6278,4648,145210,53445,5889,298545,516164
10537,6037,229309,34852,4463,1424607,1713064
6722,4685,323723,55833,3186,294995,692033
6518,5056,773748,29241,4778,1459238,2281395
7666,5149,123048,41223,5833,327874,513497
5277,4760,200481,54963,5926,281330,555515
6315,4092,288339,53519,5352,279490,639571
5110,4000,379623,39630,5611,1356533,1793378
5204,4333,130850,76148,3445,288461,511201
7667,5574,190097,33500,3852,1432745,1675806
10889,5814,256844,41074,5926,1327721,1650454
9296,6889,382201,41574,4315,383072,829792
9222,5703,123929,39223,5203,365124,550441
8222,5444,139657,44167,5278,357543,562386
8407,5148,258404,32371,4759,1372068,1684768
5536,4463,367133,29722,4778,253456,667292
6093,4870,454379,28000,5204,253413,754144
9889,6166,118718,43019,4611,339316,523849
8481,5426,210835,38704,6000,1350693,1622880
5406,4186,328359,35519,5111,256507,637181
4759,4000,380162,56092,3815,1379717,1831434
4425,3963,141519,36648,4000,429793,622256
8481,6222,167173,36333,4704,1498743,1724527
4833,3944,260976,38407,4630,1444589,1760009
4092,3852,349537,37278,4889,1429156,1831452
6203,4889,143857,36556,4981,1479930,1679157
8796,5778,136363,34500,4907,336375,528497
5259,4222,235295,35592,6075,1509805,1798027
4648,4074,335190,40222,6093,1372633,1765175
9889,6037,418807,33481,4037,1491534,1965878
7536,5019,162016,34037,5370,306352,523089
5388,4556,200744,35519,4796,246827,499960
7703,5408,284361,34352,4407,305043,643422
9055,6463,370053,39722,5593,337387,770311
8129,5519,149724,37741,5611,321365,529923
8759,5722,182305,35703,5000,1457779,1698657
7611,5278,257495,53482,4907,1341569,1673009
5703,4871,347576,40240,4908,1930059,2335246
9592,5834,889601,36945,4629,339780,1288197
5203,4444,186939,27889,4167,302613,533571
7870,5574,230908,52592,5778,208515,513256
7499,5500,315766,35278,4333,305305,675829
7573,5000,424439,33963,4759,1431828,1909544
9388,5630,162647,34519,4741,386386,605256
6092,4871,204394,54482,5815,1527373,1805731
5314,4593,1446144,55759,5444,222532,1741990
7870,5481,373981,38222,4648,1414306,1846527
9241,6277,281301,36815,4871,1320782,1661454
7037,5852,211214,27741,4814,1409444,1668121
8370,5629,274998,33704,5055,1376178,1706083
6444,5241,352300,36926,4389,1405912,1813212
7925,5185,144269,29426,4629,336155,529849
9592,6130,157015,32870,3908,1466179,1678509
5647,4945,236261,36760,4833,1456636,1747749
5111,4648,364064,27537,4537,307136,716033
7315,5222,409385,43296,5500,1380567,1854878
5259,4759,122835,47092,4704,319237,507090
7907,5444,196211,61852,4537,234416,513293
6555,4148,287032,36370,5111,326316,667681
10296,5444,423297,33204,4593,314735,793662
6018,4352,142821,42704,4500,349972,553071
9963,6037,162271,39593,4870,1453386,1678528
6555,5277,259185,50167,4963,274552,602996
8222,5556,341005,34186,4907,1461909,1858471
4944,4815,128955,39463,5315,326967,513275
6444,4593,138683,39964,5833,1417751,1616213
5814,4481,233375,64797,6111,1369874,1688101
7296,5037,328177,79297,3944,1463071,1889026
9907,6630,405720,37796,5186,278757,745977
6981,5204,152077,40389,4870,310920,522478
9574,5574,190139,43037,5648,1433574,1689583
6815,5074,289348,41834,5944,254185,605312
6314,4815,375688,39963,4963,302326,736940
6925,5352,165101,41741,5555,326730,554386
6296,5037,164866,32371,6018,1438273,1655102
5555,4611,270668,37593,4574,322383,647533
9647,6186,345896,52389,5111,387951,810588
7777,5574,316699,41056,5759,334945,714662
6148,5333,135630,32019,4722,344663,531238
5611,4537,539618,89093,3648,1412944,2057766
7370,5333,311642,52445,4500,1415921,1799397
8925,5982,204721,39204,5278,311034,576959
6018,4889,123690,34259,4797,316232,492867
7240,5371,195104,66407,3778,194171,474923
7611,4796,283388,36389,5074,1395824,1735212
5444,4204,430764,82926,3686,256509,785533
8259,4926,121139,36038,4963,344246,522349
5870,4574,174738,40185,5815,1399327,1633935
9130,5944,251504,36629,4537,337049,646645
6425,4871,346732,43129,6056,305468,714403
6758,4463,135886,38315,4648,328408,520182
4796,4537,140613,32667,5240,317125,506626
9259,6277,233842,42130,5944,1502963,1802156
6500,4518,319070,40408,4018,403500,779625
5426,4278,445742,37352,4741,1475468,1975952
4555,4019,121711,31722,4981,337583,506275
10129,6500,190069,34130,4778,1426440,1674935
4537,4074,286482,49000,4759,241570,593200
8241,4611,433359,38074,4407,320322,811403
8037,5056,156345,76593,4241,220577,473757
5277,4204,166425,29889,4482,1502916,1715101
8944,5759,253376,34611,4852,282010,591663
10351,5518,346920,55796,5000,297058,723347
7167,4851,140906,41204,4556,271221,472498
5703,4074,135134,29074,4463,331567,512108
10278,5944,219622,38018,5093,1438350,1720120
10092,5945,318238,33037,4797,339072,713792
6963,5055,293467,37315,4926,1262820,1612824
9018,5982,117953,56130,3685,355506,551756
7000,4574,194922,29593,4722,314852,557793
8499,5407,284837,38463,5129,349771,693866
5666,4592,122064,38463,5000,431951,609477
9166,6019,125829,33852,4666,332168,513442
4592,4037,455243,34056,4685,1793818,2299228
5147,4389,262526,40500,5945,1466519,1787971
7240,5371,738125,40760,4389,1449176,2248543
6981,5055,130316,35740,4982,330885,515719
5648,4408,135376,36074,4834,330416,518905
5500,4277,238717,34537,5000,1405774,1696398
9574,5815,315074,38185,4389,281737,656404
5203,5055,416006,53260,5463,1376890,1864730
5759,5074,122751,40186,5852,342374,523738
10259,5944,186517,35667,4796,1445881,1690824
8221,5834,296171,40093,4314,326288,683440
7870,5741,374048,55833,3852,258281,707311
7907,5760,149182,36723,5148,313833,521053
9610,5463,182930,35926,4444,1454024,1695082
7537,5204,263435,42445,5981,1446073,1773194
10721,5908,418349,76722,3760,327738,845717
9055,6074,701170,43037,5463,332879,1099308
9574,5685,131378,34778,4815,337156,525979
7741,5722,224255,63741,6092,222464,532886
7555,4852,316724,35223,4759,328346,700163
7481,5186,399119,37777,4926,282822,739922
5593,4425,151995,57000,3797,267409,492794
6722,4963,192926,80649,3407,1470304,1761101
6462,4852,290581,34704,4537,1431427,1775416
9407,5889,423328,36648,3630,366093,846736
9129,5537,144981,37648,4000,403479,606478
6203,4055,165395,45426,4240,283103,511163
7222,4852,274141,62500,3797,323095,677274
5518,4148,548370,42093,5722,398495,1007031
4684,3871,129115,46741,4685,278067,469923
6481,4926,155214,40130,4611,1420221,1633750
5278,4203,231054,34463,4555,259258,541516
4962,4130,553467,40186,5944,1275225,1886508
5555,4871,401898,43482,4296,1391035,1853156
4814,4667,1077128,38611,5019,332882,1466603
8462,5186,191743,30648,4833,1463229,1707286
5999,5037,887029,36500,4537,1609623,2550614
6388,4241,378237,38444,4278,1486863,1920137
5777,4759,165020,29797,4629,299163,510941
10722,6148,156711,34796,4408,1493686,1708231
7944,5352,253736,40556,3851,1367329,1680972
8759,5203,401187,76148,3259,289328,785977
5407,5223,130710,36870,5185,296658,482424
5740,4334,140771,42296,6093,291281,492719
10647,6593,216074,39815,4759,1498453,1778360
5166,4000,316617,33481,5019,353083,719514
9833,6870,406716,31981,4741,1467718,1930526
8333,5796,133091,72352,3519,1482251,1708972
7741,5500,194967,40185,5852,326937,583330
10518,5648,279992,55296,5463,244968,603996
11944,6185,360554,38481,4945,1370177,1794379
9315,5907,163485,39889,5667,282327,509534
9203,6722,189120,38778,4852,276821,527478
7981,5203,256145,36074,5260,1511974,1825397
4758,5037,346244,54982,5963,1532078,1951285
9889,6777,135805,31056,4481,387988,578034
9536,5370,135422,33593,4092,328261,518330
7351,5389,233891,58519,4018,1382007,1694657
8499,5759,315656,49130,5685,1471278,1858082
7648,5259,440014,46907,6260,324073,832958
5684,4686,173426,46167,4833,280589,517349
9796,5500,231562,112278,3649,1234335,1599695
5851,4445,287531,35407,4074,1915327,2255024
8832,4982,371185,44445,5648,264459,702144
6222,4481,155932,37796,5407,280103,491997
10759,6000,154604,43222,5056,312022,533460
6351,4945,828389,45037,6130,1265246,2158784
7073,4815,339579,40537,5426,1473855,1874026
6647,5611,1197791,36611,5296,375811,1630416
6037,4685,137868,39981,4130,296759,492127
7351,5204,219392,41074,5926,2126686,2408023
6110,4297,333232,82037,3815,1475312,1906711
9666,5963,672498,45666,5167,292904,1034549
5555,4185,125558,30629,4797,318754,492256
6796,5204,193730,37723,4240,249693,500256
8147,5075,283236,47371,6352,265722,618218
5925,5130,417224,79778,3463,264993,778643
10518,5815,143766,41945,5389,314971,525201
6944,4981,168754,46760,4555,1399570,1635120
6425,4926,251871,54352,5259,1413323,1738286
8981,6408,384544,90370,3649,245784,741570
9296,5389,127975,33315,4204,338577,520368
5537,4500,151759,83704,3351,320127,571738
4444,3944,268302,65574,3093,1426965,1774082
4370,3907,359049,90648,3278,1382311,1846378
11240,5760,436851,65963,3555,1483860,2009951
8074,5037,143430,30370,4575,281807,475960
5333,4167,193195,48463,6482,1479479,1740731
7333,4870,278313,43648,5537,1372585,1715397
8185,5740,369282,34167,5296,325121,749810
6370,4611,126231,41741,4241,426117,611163
9796,6204,164478,43352,4944,1450272,1681083
8074,5333,262392,37000,6074,224920,545571
7036,5241,352231,52389,6037,1361666,1787749
6019,4555,131662,42426,6019,310335,503312
9296,5981,1068875,38518,5833,1439482,2570522
7611,5425,228582,34463,4685,340267,622922
6741,4925,323310,39945,4963,1405272,1787212
5481,4685,406853,45815,5889,1424043,1896970
5852,4722,197654,37408,5074,258787,513090
10240,5963,187049,44000,6760,263466,520256
6888,4852,290852,46166,5686,304866,662162
4962,4222,370858,44019,5000,1533094,1964007
6481,4741,136918,78778,4149,275170,509090
4499,4556,163165,34315,5852,1497399,1711527
5241,4722,255116,46315,6518,347658,668200
6315,4648,354863,39555,5685,313430,726700
10351,6241,815333,43055,5352,1321081,2204821
5907,4889,141077,44889,5685,1477839,1683064
6166,4667,228213,42945,4555,1432981,1722249
5166,4630,318219,54760,3777,280036,668830
8852,6370,411114,37963,5241,468658,939958
9499,6241,168156,48760,5037,257044,496978
9370,5537,225977,44278,4926,244094,535941
8184,5667,275854,81630,3685,1555394,1932248
8166,5500,366285,69667,3315,1505666,1960747
9629,5908,129235,40630,5445,326854,520442
6573,4445,176445,42463,4333,1422416,1659324
7166,4907,250507,38389,5167,1527723,1836637
5629,5167,340531,45723,4796,267020,672367
9999,6519,961983,47444,6371,323750,1357862
7351,5352,134172,49852,4334,285436,488182
5685,4203,228419,75871,3870,222652,542386
6592,4889,315258,39556,4815,235034,608978
8500,5296,781358,80037,3815,257376,1138605
7055,5111,126751,45964,5925,300932,493849
6722,4907,192239,36907,4741,1452529,1700157
6500,4907,279226,36019,4704,1473152,1807323
10111,6241,362528,44241,5444,1511424,1942563
6666,5092,1281778,40463,5092,1537892,2878761
8369,5760,161650,45241,6093,1434099,1664694
8259,5407,287398,135741,3870,1203852,1646676
7888,5167,344311,49204,4555,272685,685866
9722,5444,134391,44685,5759,324662,526701
7333,5130,126951,37260,4666,295546,478905
7759,5333,218625,46093,6444,1423532,1709787
5999,4889,324390,44000,6000,297458,685589
7721,5149,436062,41778,5371,1452648,1951655
6148,5222,160938,40371,4204,296003,514757
6999,5204,225741,42000,5963,329089,617663
7630,5240,292969,42352,5667,1360262,1717898
6981,4907,377753,52315,5074,310502,759680
10462,6352,131850,33741,4334,365535,554441
5278,4333,166986,40093,5352,371621,596404
6444,4852,263158,45167,5759,304579,632348
12685,6889,342831,36519,5204,1455213,1861471
8129,5482,618190,41463,5074,1630871,2311320
8388,5908,123787,44056,6129,321192,511497
8870,5759,219960,64019,7018,257741,565719
6315,4333,318670,47370,4889,1437968,1821693
9536,5704,416417,42833,4926,286320,768514
7147,5278,119848,46352,5796,325427,512626
5796,4537,195576,46371,5500,1421247,1681843
8185,5093,281526,40148,5093,1447445,1790212
7333,6148,380736,51278,6018,1374920,1828989
6629,4778,153538,33592,5056,315996,521701
5592,4352,159729,33055,4482,1473761,1683176
7833,5259,250717,48000,6111,1539384,1860175
11018,6240,367260,46482,6055,327162,765995
5333,4259,140561,39871,5648,309158,506534
9185,6296,126308,41444,5389,1527146,1718009
9444,5463,218277,39482,4759,1447417,1728139
7221,5204,342857,36611,4167,311380,709588
9388,5815,1065920,32518,4056,1471676,2591818
6667,5277,155424,78037,3297,278425,529090
6333,4629,193967,58482,5666,1392561,1663398
9518,6370,271047,36074,5241,1373295,1703749
7666,5074,419887,75111,3963,232165,746088
10944,7296,137188,44926,4315,295920,502719
7037,5352,158415,46334,6074,1371982,1597343
6963,4722,249478,37296,5389,1332143,1638176
9889,6314,376892,42296,4870,306216,750274
8722,5907,590120,31352,4870,356912,999513
9444,5481,132310,46092,5167,306762,507423
6426,5000,225112,50389,5426,1543396,1837693
6092,4574,313989,76185,3296,353285,759199
4721,3982,403661,42982,6074,1478938,1942525
11221,6519,156777,76315,3649,316311,572700
8092,5278,185246,38241,4870,1424263,1668176
6055,4426,286660,74389,3148,1364422,1741212
6870,4777,364518,56463,6371,1411527,1854026
7925,4445,150597,41834,6055,262993,476034
9851,6352,151233,45963,4574,284950,505923
9166,5574,251924,51797,5370,210480,536367
5481,4704,368541,36833,4185,324066,745570
10574,6111,418121,35407,5426,1439701,1917563
6907,5278,127571,35796,5389,299093,482109
9426,6870,209799,34741,5241,1413302,1681213
5981,4686,320120,41796,4593,1401369,1780601
10055,5944,433960,65093,3074,1492195,2012396
5666,4315,174891,68592,3278,280754,539238
5740,4907,187434,74111,3204,1371538,1649675
4648,4667,324643,44500,5537,1495531,1882156
5333,4704,471760,34815,5260,238494,762588
7648,5555,126618,46074,5463,344194,537367
6055,4426,165975,38241,4741,1428607,1650083
6814,4704,253259,45871,5815,233052,551515
6999,4482,340265,35241,5370,2141702,2537244
5277,4519,640976,36703,4871,1551474,2245950
9537,6852,129721,51018,5352,317684,522331
10055,6019,215116,50574,5259,303177,592108
9685,6592,306344,41556,4982,1397793,1769601
5870,5241,399295,48037,4389,1464842,1930304
9259,6093,164355,48574,5056,295734,532627
4740,5000,227862,48704,6222,203024,497738
10573,5815,318775,55852,3945,373739,770644
6703,4926,363855,45463,4630,1480282,1907767
5741,4444,125953,62204,3630,343580,547182
8907,5315,152736,36556,5056,344426,554682
6869,4686,257761,39037,5593,352660,669274
5055,4019,335582,76481,3537,1537777,1965266
6036,4593,616515,37574,4833,1555843,2229246
4888,4000,135168,35926,4778,337255,524071
9092,5333,225229,41389,5352,1473076,1763008
10259,6093,379605,35482,5482,301204,740774
8444,5889,426297,40611,4630,355828,843810
9426,5981,172173,36111,4907,376991,607756
7944,4667,191678,44741,4519,1407756,1663102
8481,5778,304369,91853,3944,1451434,1867619
8166,5482,373986,48204,4167,335212,776903
8221,5741,141474,48777,5112,415763,626885
7314,4963,159331,43945,4833,281925,504015
7240,4722,643783,38648,5519,1296150,1999766
6999,4648,127584,76778,4685,298784,521237
9555,6296,128238,38870,5611,330074,520774
10832,5482,125947,49445,5203,1461673,1660694
8925,5926,214361,45018,5778,1361871,1644509
6499,4963,367534,50500,6111,271888,709625
6111,4833,397484,44630,5500,1385931,1847156
8166,5407,182990,34889,5092,267360,505664
5777,4130,186551,46574,6370,1354107,1605750
10166,5871,273871,86778,4000,1423470,1806916
7185,4815,451822,33852,5296,375840,882218
11481,5889,637069,29315,5037,292962,983809
6444,4703,164630,36426,4704,287349,506349
7406,4630,295025,40537,4592,1391614,1746564
5388,5149,381030,37223,4074,382705,818181
7741,4666,422407,34241,4815,1355268,1831860
7518,4889,127060,46519,6463,310677,506256
6647,4852,226492,33463,5056,1475275,1754360
6518,5445,399832,34777,4963,267479,721626
6037,4518,245782,44093,5889,1304338,1613528
4926,4462,124658,55371,5537,307932,505627
6110,4297,189219,37278,5463,1469123,1713212
9833,6241,304892,43463,5685,1413376,1785231
8463,4926,363009,43982,5055,1459147,1887434
5111,4944,165904,42759,6148,279575,506682
9499,5963,151891,42593,2537,1459747,1674379
5889,4778,255193,80537,4556,1431296,1784268
6389,4833,335255,48889,6203,259501,663311
8703,5130,1191225,41371,4926,307709,1561213
9537,6241,123414,41537,5630,342545,530979
6537,4870,214235,35704,4278,323150,592200
6536,4667,379223,43315,3777,259403,699070
7666,5278,391951,37926,4426,1386594,1835675
6111,4426,122771,47537,4240,301893,489794
6592,5037,185444,55148,5519,1501602,1761120
7685,4926,273227,46389,4278,1387911,1726509
7129,5204,407252,43815,6333,1392719,1865137
5795,5093,153757,38038,4555,313110,522108
5648,4333,175875,42074,6426,1456541,1693602
7332,5019,247899,56852,5500,256635,581422
11092,5944,356331,44371,5092,340998,767329
6407,4926,466392,54038,6018,1414152,1954174
9000,5703,164435,39148,5519,306988,532830
7000,4611,213885,51871,5333,1445197,1730657
8092,5093,327780,48167,5444,276549,673941
6463,4741,399749,42741,5944,389579,851477
9444,6148,175292,50444,6074,294094,543664
8018,5056,186019,40982,6889,259144,508201
6870,5463,293804,44833,5556,1344242,1702916
6981,5186,106383,41963,6203,391410,560831
5851,4481,145834,43500,5889,1447638,1655360
10833,5833,1271583,35185,4852,1434939,2765336
22129,4611,235253,47296,5630,294670,611626
8463,6278,479963,42148,6259,466957,1011995
8184,5723,1211248,35574,6185,317076,1585731
8573,5000,121141,43315,5389,548170,733496
11648,7315,205054,44555,4315,1461103,1736509
10240,6593,317523,42111,5167,325639,709607
6759,5185,398918,53870,3297,1411108,1881304
9480,5556,154923,44315,5426,353574,575274
10222,6555,178392,44889,6204,332660,581515
6407,4611,275843,41722,5574,1472869,1810545
7925,5296,452275,38759,5556,265239,777217
5610,4741,144817,36630,5037,300606,500330
5073,4630,176323,38963,4315,1438760,1670138
5203,4537,250903,52685,5630,297760,618811
10481,6277,328243,77222,4519,2195224,2624577
19759,4463,795027,37815,5704,2153196,3019002
9685,6722,290162,48055,5834,1332143,1694953
7315,4888,654131,36408,5167,1464504,2175303
9573,6537,355081,34278,3833,1402631,1814767
8537,5259,397068,39667,4240,1406755,1864267
5315,4444,192203,33741,4981,376275,619497
9925,6204,202283,31833,3630,1432133,1687786
6092,4555,277549,81926,4463,1374701,1751490
6796,5797,414313,87241,4445,273755,794070
5092,5037,125652,45519,5796,318141,507275
10370,6407,164566,64667,3685,1433814,1685231
4759,5278,671721,37407,4833,1744580,2470320
8074,5611,1109246,68148,3611,1458072,2654818
5258,5315,126953,41352,4926,323137,509645
5536,4741,131385,55408,3500,292056,494682
8241,5426,219020,49241,4796,1461599,1751009
6444,4444,992992,38888,6723,1589419,2641707
18406,3667,432552,33407,4889,305870,801125
6222,4574,128371,63352,4648,2029246,2238654
7666,5000,182507,38482,5092,293046,534737
6981,4426,323235,86037,3704,1825900,2252079
9555,6018,400872,33592,4797,1447710,1904378
5833,4851,172636,28352,4852,295398,514756
6444,4778,172234,28111,4444,1506793,1725323
6815,4925,288518,27352,4426,243905,578645
7833,5074,350968,35130,4315,297046,703310
6259,5667,1582551,54944,5926,1672671,3330037
5536,4704,583595,39463,5833,1400671,2042580
5425,3908,258041,34408,3759,1456800,1765101
6259,5203,324807,35222,4871,331930,712126
7610,5074,393072,37463,4260,321738,771718
6222,5092,213077,40982,5907,252920,526441
11481,5778,172768,30500,4463,408932,636570
6499,4926,313886,28074,4815,1378327,1739194
5259,4000,384113,107945,3556,1369190,1876156
7981,5370,168231,34407,4722,307526,530404
10740,5815,154162,58333,6426,341650,579830
7407,5093,279761,33796,5278,1308859,1642695
9055,6111,326489,47444,5445,1447093,1844563
8018,6000,413291,52945,5352,236297,724422
9129,5500,139704,39000,5722,306794,508330
9981,6055,205210,39370,5556,1408317,1676564
8759,5759,392790,41760,5796,293113,749977
7704,5222,424722,65148,3741,1467785,1976452
8833,5407,152802,75093,3129,361621,608682
10055,7074,589457,38926,4481,340001,992069
8537,5777,286832,29000,4463,2020562,2357783
7685,5111,366245,31945,5111,303528,721755
10240,5871,127713,53760,3574,296931,500220
6073,5019,158719,53130,3074,256667,484812
10092,5907,241356,42111,5907,1903373,2211450
7314,5204,327009,36833,4945,1532665,1915803
6777,5111,420367,53075,3333,2079247,2569633
8259,5407,124502,36130,4019,304995,486312
6351,4870,211249,51834,3426,370117,650181
7666,5296,300811,38315,4759,345074,703996
11721,5741,403317,39703,4538,328715,795551
6574,5148,143785,74667,3907,270675,507535
6314,4519,181254,43037,4963,319447,561682
7555,5204,274019,40593,5796,286940,622645
9759,5722,394488,34426,3834,1474408,1925156
6907,5130,169826,40038,5555,287522,517534
5777,4463,191703,64649,3592,1446195,1718064
6222,4833,242061,34352,4760,1329781,1624287
5314,5111,328530,39593,5796,1408256,1794675
7222,4963,428499,37740,4704,1319972,1805082
9815,6018,122819,44130,3703,324012,512164
8537,5759,209121,41315,5371,1386980,1659750
6981,4741,313035,29741,4352,339720,700367
4647,5093,392189,49130,5351,1510671,1969599
7277,5019,139638,33723,3333,336618,527293
5537,4481,205978,28185,4482,1404716,1655972
7870,5129,272243,41667,5982,1362376,1697601
6351,5000,358898,47333,4944,284765,709181
5574,4315,126921,37204,4685,344094,524460
10055,6352,145242,34481,4871,331236,533923
6277,4685,238897,28351,4500,1511446,1795804
8259,5537,327458,48130,4888,283594,680515
5721,4426,418872,35796,4574,319643,790736
9092,6000,878434,38037,4111,1297831,2236191
9000,5407,207253,35074,4519,237763,501312
7907,5833,295852,39759,5630,256348,613885
8259,5667,384283,42112,5537,303619,751144
7926,5685,176307,27204,4796,339893,564386
6685,4611,179091,36871,4796,265350,500053
7111,5129,265653,65556,3777,1358893,1708361
8833,4981,354751,58223,5370,1366331,1800582
8962,5852,314794,38852,5518,1416270,1793008
8758,4482,147966,36056,4611,377956,581904
5815,4389,240861,38704,4555,1442925,1739287
6870,5056,339848,39408,5741,349036,747774
10129,5944,409855,55908,6000,1492559,1982933
7111,5463,125248,35001,4777,323452,503942
5148,4629,208403,57075,5648,1432735,1715398
5036,4334,383724,40796,5871,271327,713903
7685,5111,384304,39389,5463,1469999,1914656
6537,5000,154364,82001,3963,243298,496831
4777,4297,180815,33889,4130,354625,585238
6815,5296,305432,39093,3982,1449816,1812675
7425,5852,395735,37389,4167,321186,773421
6148,4889,127295,76815,3482,294961,516516
6592,4759,149339,34555,4815,302881,504719
6370,4722,237493,36630,5074,291041,584163
5592,4648,404999,33444,3500,310182,765125
5277,3907,427024,36500,4944,1450521,1930377
6184,4556,125306,32260,5092,331598,507812
5537,4315,209794,40388,5852,315444,583423
7518,5130,311522,39519,4518,1480615,1850860
6666,4278,460621,29000,4741,323929,831236
5925,4796,178571,28611,4908,283926,508848
6407,4444,184947,53574,5797,264235,522201
5296,4148,309027,33315,4260,1430888,1789749
6796,5018,357182,44129,4686,306296,727033
6481,4851,1013041,27741,5129,1416649,2475708
5814,4593,149266,32296,4778,319934,519404
5777,3982,238513,46907,5926,1416107,1719379
11999,6130,333704,41389,5037,1395489,1795860
6481,5056,413729,37037,5278,1364668,1834657
5814,4204,131141,51334,4463,317725,517034
6777,4389,207333,34037,4648,1367177,1626565
5611,5111,297635,41963,5000,340046,697978
5315,4981,395104,40408,5815,1392922,1847656
5740,4593,155924,75852,6056,312942,563404
9129,6111,220246,39963,5926,1438596,1723509
5907,4851,274844,55093,3833,298393,645663
7092,5370,360757,46482,4463,1476565,1902859
10130,6463,123373,37889,5019,341216,525886
8592,5907,146398,46945,5593,1483166,1698360
7777,5371,235496,41852,3945,1405290,1702398
7110,4871,332688,53500,3704,233456,638033
6944,5185,426305,61445,6129,1407036,1915859
5110,4408,174569,44686,6037,1488457,1725990
7388,4852,258594,34130,3963,1487303,1798915
5685,4926,301952,57926,5037,338858,718033
7611,5315,385587,43630,6482,1457956,1908711
6129,5260,157982,41944,6204,317848,537201
10852,6463,176858,66685,4426,240880,508571
6185,5000,267160,58075,5277,278058,622052
11851,6630,365482,48426,5185,287347,727126
7703,4963,126117,36796,5185,294529,477683
7444,5055,148789,60667,5185,1371184,1600343
5630,4407,269091,81797,4074,1407620,1774675
10092,6130,397857,41389,4389,281601,743440
9926,7148,436048,44259,4704,1448626,1953693
9518,5963,125090,41482,5092,315574,506256
7481,5074,252097,45018,5963,1396857,1715083
5999,4296,296862,48111,5852,1317999,1681231
9796,6259,419609,42592,7019,1884415,2371783
8926,5629,136781,40166,5945,301198,501460
9092,6130,173027,40222,5482,1471389,1707398
8740,5370,262941,47981,7204,1482660,1817878
6722,4814,355428,92723,4315,1353857,1820693
8111,5352,145396,37463,5815,343267,547534
7518,5167,168624,41908,5888,1516162,1748064
5333,4315,243501,58981,5797,1402619,1723139
4351,3926,330563,40777,4982,1439853,1827212
8129,5111,413735,35056,4204,298890,767237
9518,6593,127999,45500,6074,290702,488368
9741,5944,201968,50408,4333,255344,529627
9611,6129,290456,35482,4203,1473719,1821397
7666,6019,382684,44389,4963,1445027,1893582
5684,5223,138356,43037,5482,319807,519293
5463,4259,194103,37759,5408,378578,627182
4204,3963,270849,43815,4963,273591,604164
9036,5371,411911,42963,4722,359862,837365
7444,5518,164547,30981,4648,379247,595496
10055,6352,141293,41500,5389,323037,529589
5425,4741,235114,35314,5315,288568,576922
6500,4185,366676,47092,6185,1495221,1927989
7555,5148,1186480,45555,6241,1381209,2634262
8814,6019,160909,43315,6055,312551,539812
8870,5667,200248,37519,5555,313582,573460
6314,4796,293810,50704,4982,284297,646866
7425,5019,386353,71463,4555,1427488,1905063
6537,4537,137432,46852,6296,325102,528997
7147,4519,175864,51611,4723,270003,517108
6332,5019,325018,41038,5889,1444304,1830508
4759,4111,410877,35092,4759,303138,765533
7259,5055,126993,67907,4667,280060,494738
4666,4037,198962,35611,5037,250813,501904
8499,5389,237153,40852,5704,280492,580256
9759,6685,315752,38981,5463,276819,655830
9870,6815,446072,30259,4815,1411454,1911285
6833,4889,290744,30667,4963,321103,661292
6351,4482,214583,34538,4685,1432166,1698805
9592,6333,336201,28944,4834,233962,622126
10000,6426,384003,42148,5963,1393227,1843860
5518,4222,194472,29296,5056,273025,513682
6851,5649,213070,33796,4667,1500068,1766194
9666,6259,726559,56037,4129,331954,1136863
7814,5611,351212,37777,4297,1436037,1844841
6944,5241,515385,40370,5074,335703,911162
11407,5944,138353,46703,4019,279404,488386
6185,5018,233563,40111,5592,261805,554386
9684,6148,425495,39759,5519,307890,796977
8962,5963,450130,35982,6741,1469525,1980655
7388,5185,125783,44093,4796,317973,507904
5555,4611,246178,33463,3926,1496811,1792304
8629,5426,291203,35167,4722,1373046,1721342
5222,4000,386986,40723,5703,387268,832532
9999,5685,168233,36037,3815,362264,588533
4574,4093,179034,39149,5018,381702,616441
9888,6148,1803026,45871,5092,1687898,3560312
8462,6556,978960,34704,5463,290902,1327714
6610,4167,139071,30407,4593,356315,543645
10500,7111,135836,41000,5796,316495,519201
4925,4278,235472,34759,4611,1467556,1755175
6981,4463,333978,43500,7648,396869,795514
8666,5612,425539,32981,4741,1479320,1958933
5444,4278,127507,52778,3593,361026,557108
4555,3833,209958,41963,5723,275964,544089
10647,7112,283945,52056,5426,342883,704736
10537,7259,374044,63093,3315,1402278,1863397
8462,5630,164624,49981,5278,319595,556330
5185,4056,175740,51852,4630,323811,568312
4629,3778,266654,75352,3741,325823,682478
5314,3759,127382,37296,4278,430930,611681
7351,4797,140017,42593,4537,402960,604830
4999,4056,147875,43945,4481,396862,604737
10333,7111,273844,62019,3185,1338054,1697120
6907,4778,368016,41964,6981,1465194,1896433
4796,4037,1182432,39982,5944,1383608,2623207
5778,4055,138195,52518,5500,393469,601645
9425,5741,736184,53018,5334,369957,1182012
11203,6704,323337,44222,6111,1472264,1867304
8370,5648,1067474,38463,14500,317888,1454510
9647,6519,150236,44334,5333,282446,500608
9944,6408,168835,36667,5777,341236,570886
9259,5666,256027,40130,5166,256378,574700
10073,6815,346292,39370,4945,277149,686718
5592,4074,143409,37555,5630,322274,520979
10240,7074,160933,42370,6204,311546,541052
10184,6019,271401,38426,5963,270799,605404
8074,5629,363038,41463,5926,364958,791588
4870,4352,411784,40000,5148,1379854,1848841
10444,6259,123326,44315,4760,345763,537830
6166,4111,247314,42389,6204,1424232,1732990
9537,6407,344431,42463,6204,337009,748681
4648,4055,389715,40111,5778,367558,814643
9499,5815,153535,41593,6315,321110,540793
6407,3815,174985,43019,4740,1438450,1674009
9370,6574,265529,35740,4315,365283,688904
7722,5907,462924,40722,6148,332294,858458
5240,3815,133817,37019,4556,387864,574848
9629,5130,146712,34407,4334,355655,558422
10073,6593,273829,43186,6111,289667,631848
9778,6222,320650,45334,5870,1357895,1748416
8111,5518,416435,35333,4389,1416573,1888471
10684,6278,124958,51871,5444,315428,517571
5370,4407,206890,40611,5112,323532,588460
6407,4426,368081,49093,6148,289155,725440
9814,5797,717810,38926,5204,1244418,2024470
7537,4537,155259,32537,4111,349849,556812
9296,6796,170765,35500,4241,329880,559108
9722,6074,261382,77852,4408,1357126,1718990
8518,6278,817111,38741,5482,302918,1181086
8314,5223,158875,35981,5111,372603,588145
10240,6537,152067,46407,5963,1886162,2109377
8555,5889,227831,43519,5982,1429991,1723823
9815,6333,1350840,38056,4926,1291477,2704170
7629,4981,410344,38796,4186,1490441,1959118
9777,6241,124793,70260,3629,278019,495479
8241,5370,240855,61167,3278,1368209,1689676
10741,6722,357694,43889,6037,267006,694922
9462,7315,380348,48723,5481,1318752,1772415
9055,5834,164372,34630,4926,268106,489053
9944,6555,168008,51093,5222,1441871,1686045
6759,4685,262551,46463,4796,1400125,1728175
7333,4889,361279,33074,4056,383605,796032
8629,5574,132211,40981,5074,391824,587034
11555,7111,141828,45129,5537,318522,532441
8888,5704,227130,40796,4389,334089,623626
10407,5852,314747,39241,4759,236028,613090
9815,6852,405530,54056,3685,1389959,1872212
5907,4963,125943,37093,4685,318665,499886
10648,6611,241561,43833,6222,263307,574627
8814,4907,294382,54204,3981,217819,586996
6870,4666,388980,58649,5777,196794,663977
9259,5981,145263,79908,3907,251512,498904
6666,4833,172010,72982,4722,1428962,1692786
9796,5777,262850,42222,5815,1411307,1740397
8611,5555,352022,54445,5629,1475634,1903989
8851,5759,125509,35333,4945,345229,528163
10555,7296,134404,35296,5555,373186,569219
9555,5981,1384968,42019,5000,1442811,2892890
8592,6000,315064,34129,4667,1899460,2270098
5981,4518,943905,34907,4722,371366,1368233
5555,4055,138520,32889,4463,390143,578533
11944,6445,235062,61630,3315,1350020,1670935
6537,4777,883293,43111,6463,1255473,2202080
9870,7185,373093,56019,3889,1501414,1954081
6018,4537,154413,36963,4500,300973,510089
9278,5426,174437,44186,5203,1402961,1643991
8888,6130,254462,40408,5648,2043672,2361356
9555,5704,359394,69037,3889,1430632,1880397
10130,6518,137566,43667,6037,336190,542868
10480,6371,140276,47111,5648,1525066,1737693
6795,4889,236819,36593,4870,1452116,1745601
9499,6204,337973,39593,5574,293690,694570
10500,5963,403183,35055,4686,1395065,1856860
7888,4667,127373,43778,6019,348753,540293
5407,4074,225158,42574,5852,1428184,1713731
6629,4649,310904,34296,4444,300685,663663
5185,4167,389558,57778,5777,301660,766940
11388,6370,167675,43537,6370,382674,620681
9166,6685,165143,34741,4593,1428902,1651842
9167,6351,257631,47186,4537,347254,674589
8425,6075,347507,42259,5056,1414260,1826434
5278,3981,134717,46222,6204,288725,487220
8555,5463,137074,36111,4981,306331,500626
6222,4481,231673,41611,5611,1362392,1654398
9222,5741,329623,50334,6315,353279,756366
6425,4593,408703,34278,4630,246366,707496
6851,4778,127690,67019,3722,278714,491534
10704,6296,195548,56370,4760,1378035,1654454
5925,4074,289739,45297,5426,1343028,1695971
7666,5130,375801,36019,4777,1433152,1865193
5092,4944,145806,42667,6241,1477610,1684656
9740,6537,421739,46722,6093,1282269,1775341
5611,4722,273485,42241,5777,1424894,1758916
5240,4555,350047,41315,5370,309357,718273
10296,7074,362515,38815,4833,405073,831162
10111,6870,154873,44592,5815,1467340,1692231
8962,5834,227137,55630,3815,303877,607607
8518,5222,319811,59389,5259,1493956,1894304
9833,6592,427484,41222,5537,351327,844865
7111,5166,150933,67241,4796,290361,527756
5611,4685,201365,44759,5908,235947,500775
6222,4259,328482,61797,3889,1367044,1775175
10370,6574,423803,67334,6000,290748,807125
8315,5518,142808,39260,5277,397430,601478
9000,5389,164369,36852,5334,393200,616552
11648,5981,252024,41093,5129,1422485,1740471
5592,4038,362567,36796,4963,1362349,1778601
10037,7092,134721,41629,6297,355794,558164
9777,6759,170023,42333,6297,296326,534311
8944,5741,223584,40741,5500,295153,582127
8332,5926,353683,43575,6055,274702,694422
7796,6000,451393,47129,6056,369565,890662
10240,7018,138084,41592,5019,306543,511312
7851,4408,197737,40000,5056,335129,592793
5518,4556,308706,38908,5222,351863,716940
10352,7111,436657,32833,4371,293838,787718
8296,5370,142737,42407,6296,1423366,1631213
10703,5963,168742,41796,6037,1405545,1641231
9259,6185,261581,36204,4574,1391613,1711583
7148,4704,369680,42352,6166,1449291,1881489
9555,7075,127685,41000,5389,341645,534368
11018,6519,152580,44352,6111,324917,547923
5629,4203,252309,42519,4574,348835,661329
9036,5723,320259,35500,4963,355477,733921
10537,7259,1044933,42093,6222,1487145,2601115
9407,5426,751160,36982,4981,389388,1199956
6314,4463,245592,40129,6000,1400807,1705805
9888,6315,286282,40667,5704,1402022,1753193
8536,5667,372733,38074,5278,1487774,1920748
6203,4333,165238,34852,3760,345017,561830
5815,4185,171225,43001,5222,1444376,1676324
10129,6408,258009,53834,5518,1415703,1751731
8203,5334,359404,36759,4574,360888,778440
6314,4000,134966,40166,4667,373106,565460
9611,6907,177972,68333,3630,1475648,1744990
7092,4704,276292,42408,5981,1483420,1822268
7574,4740,321539,55796,3741,311457,707014
9666,5778,414564,41852,5703,1354686,1834638
9610,6519,190698,38926,5963,343243,597052
6240,4297,230463,109278,3833,1302509,1658731
10462,5982,332710,34556,4500,321267,711570
9629,6000,372531,32111,4352,312817,740070
10259,7056,166240,41611,6185,291961,526053
9333,5926,170931,43482,5944,1451633,1690231
6944,4722,303938,41611,5778,1401571,1767231
10741,5833,345332,38926,5704,352756,761477
4962,4482,129337,37204,4926,379696,562682
6222,5222,136973,48371,5962,396024,600830
10555,7111,226127,38889,5889,254000,545034
6499,4815,400708,43148,6370,309196,773199
8499,5908,402843,32889,4815,1449960,1907322
9721,6593,123811,37445,5111,350537,535423
7647,5241,195280,40149,4333,320068,574811
6056,4444,284453,52593,5240,303969,660163
8055,5352,386903,73352,3815,316629,797106
11074,7611,139798,78185,3630,292717,535812
9537,6870,162433,35889,4760,1449075,1671546
6204,4240,258291,44019,6759,1415958,1738305
9481,5797,359649,38426,4555,357976,778329
8296,5888,138062,36167,5111,2147258,2342949
10240,6982,174567,67834,3315,1465088,1730694
9481,5686,270184,35204,3889,1377991,1704731
9963,6500,314839,41889,5944,282157,663404
9610,6778,415345,36611,5111,1341219,1817452
6185,4852,124739,36778,4000,362684,541627
10314,6944,191042,37926,4926,1355023,1608787
8222,5481,330974,62722,3482,1465423,1879100
6147,5445,141571,28204,5519,346462,536163
4759,5111,126429,53112,5796,315679,513719
10148,5407,545843,56352,5408,306818,933087
4814,3963,274201,39222,5389,1358530,1688397
9203,6537,359818,123148,3778,1347134,1852137
9333,6444,143842,31278,4926,286378,484368
9037,6129,152181,33834,4722,350557,558479
8777,5834,263835,35370,5056,1429136,1751712
10129,6426,355879,43074,6000,306914,730552
8759,6055,405458,53575,6037,218426,700607
10296,5852,145611,65038,3814,1410861,1643676
6166,4574,240729,85593,3259,289768,632163
10536,6667,324402,42148,6352,252520,645200
9036,5760,375852,42815,5796,260625,702126
8944,5370,142617,45518,5889,310196,521293
9740,6722,157919,56315,5685,282060,520497
8944,5815,254851,60296,5111,1384528,1721768
10110,6352,339709,59815,4981,1404781,1829693
6573,4204,133455,36518,5204,369894,558571
9741,6629,134405,39186,4537,352202,549423
7703,4852,228393,47222,6333,1426616,1723657
5166,4352,322584,42055,4871,1413146,1794323
8370,5241,444608,44093,5518,326387,836273
5222,4167,158151,43370,5296,278587,496905
7241,4870,198453,35611,5648,1402816,1657528
7444,4722,285514,46667,6778,1344531,1697712
6258,4130,377095,37018,4741,281957,714088
8147,5778,169211,41611,5260,296656,529367
8148,5611,571922,67444,4630,1447807,2108821
5667,4074,261019,38500,4574,1443896,1760120
10703,6426,340988,46093,6056,337229,749736
10926,7074,155494,34611,4463,347373,562515
7055,4333,145518,40463,5778,453071,658218
10222,6241,270672,34519,5111,1401984,1731175
11944,6352,285049,52796,3519,1263627,1625454
9906,6945,415666,64370,4593,342274,846254
7184,4352,439839,33166,4982,1399076,1891063
8870,5463,192622,43426,6204,1411998,1671028
10592,5982,290887,35963,4574,1354288,1705750
10130,5944,404189,33352,4297,326343,786737
9759,6037,148176,43223,4425,318006,531682
7018,4722,167386,80944,4519,1435234,1702897
7685,4315,254706,39630,4500,309716,623237
7907,5926,340897,44167,5093,361746,768421
10092,7185,582367,42426,4667,335423,984735
8000,5518,157983,45315,5871,350495,575590
10092,6204,223804,47889,5463,1384149,1680009
5611,4315,352828,79000,3815,1335495,1783157
10018,6445,395797,33167,4241,1402654,1854934
6555,5166,138099,49371,3278,282194,487200
11110,6463,186976,46741,7166,364003,624570
9592,7056,276592,36593,5204,1383564,1720842
10074,7666,364025,36907,4982,323952,750125
10203,6704,124437,33778,4555,308634,490682
7352,4315,164480,43130,5407,1480454,1707194
4870,3759,254690,56593,5611,307936,635534
9722,6203,336974,42204,7259,329411,734070
8407,5389,1197778,37593,5352,313398,1570380
9018,5389,131930,35981,4704,368864,558238
5204,4500,225269,49148,4407,1460629,1752601
7925,4926,325979,69463,3667,317146,731181
10296,7203,497893,40111,5611,331788,895532
10315,6240,329380,31333,4426,397987,782329
7944,5611,192052,46982,6518,359056,620627
5648,4630,283576,32444,4334,1455135,1787786
9944,8537,366397,36871,4574,1464629,1893045
10610,6445,251588,48000,5796,313779,638811
6963,5037,162704,36352,4685,280293,498627
9796,6648,247303,52037,4815,1314169,1637509
5740,4463,345050,43630,5407,1424736,1832748
11499,6222,279760,37037,4889,1288416,1629916
7944,5371,134024,39815,4629,1458430,1652398
6333,4537,618438,41538,5018,411389,1090105
7943,4500,334703,77130,3445,1432860,1863081
10370,5481,439672,79112,3333,1425150,1965618
9851,6315,165492,43797,6277,334542,568626
6370,4648,240573,41796,6074,277887,580034
9241,5777,284671,54222,5352,319529,681367
11241,6055,369695,50797,6148,373152,819255
8333,5759,142127,44185,4500,315148,522108
7685,4926,204373,44407,4797,1391635,1661324
5481,4259,301417,38555,3852,258951,614571
9833,6019,365255,87186,3704,1493529,1967637
9425,6000,142613,32426,4834,299439,497238
8130,5333,162989,40241,4426,374711,598090
5444,4629,234255,36074,4130,1415106,1702009
9962,6223,333186,85149,3166,1397784,1837582
9870,6982,404266,48889,6241,279285,757922
6814,5167,190550,41944,5852,247170,499978
8814,5463,193871,47796,6667,1372583,1637305
11369,6223,279080,41167,4851,315305,661681
9666,6685,387531,96463,4241,1306644,1814026
9241,6888,144759,46296,4630,323849,538775
9647,7297,159875,43426,4870,284289,512219
9981,5352,291159,60908,3241,1365553,1738694
9277,5963,390851,40018,6408,294589,749533
8315,6037,321096,37037,4519,407232,786292
9851,6000,135992,38944,5148,313062,511145
7277,4185,228979,48852,5537,1380530,1677546
9704,6463,312540,41000,5611,350141,727589
8314,5537,110101,34019,4759,409673,575070
10592,6889,126070,44908,4926,316241,512275
7926,4592,1144801,40204,5666,381968,1587713
7574,5537,281397,46148,4444,291211,638811
9351,6333,679274,52667,3259,413071,1166104
9444,5685,181927,32667,4296,275367,511701
11999,6408,188025,44111,5648,1355743,1614546
5407,4314,262254,45204,5667,1425032,1750471
10129,6334,419389,37556,5574,279754,760848
10222,6204,129487,35574,4741,350954,539868
6166,4537,167752,40908,5166,1486183,1713286
9907,6277,227944,36185,4908,293479,580904
5722,5166,359024,48296,3482,346138,769921
9055,6296,405474,55445,4889,293077,777217
6499,4871,159201,38612,4833,307851,524663
10499,7500,187634,40593,5426,438955,693477
5388,4889,333159,62241,3777,1507905,1920193
8703,6315,398979,35649,4944,312498,769533
9537,5704,156484,32815,4630,321475,533071
7833,5333,169879,72760,4555,1397278,1660139
10352,6611,248033,59167,5333,1489253,1821453
6630,4518,349299,48463,4722,391030,807311
8888,5408,1196936,46907,6111,251129,1517584
8166,5407,170032,69927,4277,1456458,1716434
7888,5408,233334,44648,4889,339458,637755
10036,6834,377044,48408,4963,321673,770977
7333,4944,412310,45352,5815,1424827,1903600
7018,4796,162963,42204,4963,302090,526145
7574,4851,189025,39037,5519,355361,603367
10147,6834,272345,42333,6297,333558,674440
7185,4537,799167,37648,5074,381215,1237585
9666,6981,135264,50075,5981,315270,525737
9630,6407,155326,39037,5574,1472201,1690843
6666,5000,290276,42704,6778,1445732,1800008
9833,5815,1044117,41445,5981,1479923,2589596
6110,4500,119251,40241,5518,394098,571830
10333,7093,125515,66445,4500,1972564,2189025
9148,6148,216059,53981,3463,327382,618404
9000,5240,309898,58501,4944,296024,685607
9999,6537,450108,45260,5796,1388844,1908896
10352,7037,181039,49537,6167,312827,569682
7388,4833,246157,40055,5352,1395890,1702305
10055,6593,283662,62556,5796,1372291,1744175
8481,5629,439687,36112,5185,322104,819643
8480,5963,139896,43797,3722,1397002,1601564
5204,4055,164272,39223,4722,369261,589256
11332,6556,253889,42297,7444,386625,710033
7536,5130,344932,38259,5297,349267,752847
9907,6908,422235,66592,4352,260131,772218
9389,6611,129480,40667,5074,317220,511423
6148,4166,254395,43963,5203,1397948,1713972
8351,5871,305511,45204,4963,1416534,1788879
5111,4000,402073,56481,3426,294626,767847
9592,6630,177467,41741,5055,341585,584756
5648,4111,197973,34611,4426,314487,563849
7241,4833,317775,59537,3500,1424900,1819916
10203,5833,415560,50870,6148,368584,860217
7833,5426,129046,34445,4852,332747,516572
6110,4111,162682,47333,5574,1448476,1676416
4555,4111,254076,60000,5037,1498191,1827859
7407,5574,338879,43092,6500,1418796,1822749
6722,5630,129902,37223,5296,330835,517942
5611,4833,133964,56278,5093,317643,525367
5907,4519,383655,52463,4519,329414,783033
4666,4018,313477,42833,5593,1884844,2257209
6592,5370,439075,71223,3685,1398432,1927118
7166,4649,136098,49667,6204,315046,521182
8778,5740,192587,36259,4759,1406108,1656361
6888,4852,282537,55500,4889,1952580,2309283
7425,5074,447543,42833,5463,258879,769180
6852,4407,144844,37056,4648,322542,522331
6221,4686,189535,34259,5000,376924,619533
6370,4093,251875,79444,4426,1444485,1794360
10852,5833,335492,42037,4759,1361739,1763416
6092,4222,138109,42814,6278,1517937,1718286
8832,6223,148225,38093,5278,417993,627218
7074,4778,241287,42333,6278,1425203,1728676
5611,4277,316979,41870,4741,324721,700366
8870,5371,464151,31815,4592,294678,811533
6369,4852,166249,42130,6296,403970,631681
9704,6074,204366,40981,5797,1395976,1665639
7166,5259,281742,40649,5703,1454618,1797156
6907,4259,365989,37222,5223,360580,782217
7500,5166,156124,72149,3926,325280,572515
9796,6037,155334,46982,5111,1406064,1632732
5592,4167,248340,66518,3908,259508,590163
9685,5611,332809,54555,3112,310890,719015
8315,6000,1250261,49907,3278,363063,1683546
6832,4463,139191,52241,4759,1388485,1598157
8999,6019,262289,43111,6111,1407924,1736712
6018,4056,316851,47240,5463,349220,730978
9240,6019,390190,36519,5148,1398873,1848175
9815,6685,140399,44852,5240,332320,541312
6537,4574,189183,62055,3722,1498270,1766546
9573,5963,273504,48555,5574,284512,629792
9148,6241,361787,43241,4407,1391721,1819008
9092,5944,125589,49185,6334,310741,509108
8741,5925,933357,37963,5537,1227038,2221339
6314,4352,264786,38815,4926,310877,632329
4462,4130,417126,42463,6222,314055,791421
8962,5796,138039,39685,6037,303829,505182
5074,3796,139748,45315,5908,317138,519109
10518,6019,259735,39815,5815,242132,566404
5074,4185,314149,46519,5370,283366,660534
9648,5870,391822,40148,5796,1502834,1958952
7963,4925,332550,44500,3648,2026548,2422838
9092,4722,185574,39944,6000,274072,521164
6221,4759,315969,45278,6074,1535483,1915637
6166,4352,417289,43241,4204,317095,794032
4703,4018,131332,77908,3629,284129,508738
8944,5481,156116,35426,5018,314511,527404
4703,5296,248992,45130,4907,689484,1000846
7055,4870,335054,44074,5592,344850,743958
5407,4315,143947,42426,6334,1439580,1644120
21296,4851,113547,38926,4870,1502426,1688842
5703,4444,226145,46982,4907,278982,570589
9777,6000,554985,36537,5222,330529,945069
7722,5037,449694,78389,3445,225227,772366
7611,4870,166644,49482,6259,279316,516405
7074,4851,229891,44019,6537,1493302,1787916
6777,5000,296619,38389,4611,1378482,1731749
9462,5815,410736,84519,3370,1416753,1933267
7184,4982,169186,44166,5963,280423,514682
5573,4334,164395,46815,5667,328453,558108
6111,4722,246605,39852,4593,306817,610460
4314,4222,338760,32500,4055,345941,733403
10315,5888,419618,62092,3704,1399316,1903026
7815,5352,129122,44722,5574,303690,498331
7166,5296,215610,45722,8334,1393898,1678064
5426,4704,328653,35777,4315,1393059,1773694
6111,5241,416400,46000,5796,1396700,1878008
4741,4574,166664,68556,3444,1869638,2120155
7870,5055,206856,40889,6407,1361506,1631435
5333,4352,283362,44389,5611,1425295,1771064
7537,4907,384553,41389,6167,1361381,1809490
7073,4963,174669,36464,5111,239235,470682
6333,4982,165341,37556,4722,1408668,1630454
6758,4982,292237,42944,6204,1387031,1741990
6204,5055,357650,36093,4722,328049,740589
5314,5093,122878,41629,5556,309749,493016
6295,4630,129013,45334,5166,313929,506163
4814,4370,217964,44778,5611,322755,603218
5111,3852,305618,35704,4851,362823,720200
8092,5203,391439,56778,5315,309871,778810
6759,5185,150074,47611,6204,1515823,1734490
5777,4778,246469,36314,4741,208584,508645
7481,5111,285345,43982,5352,209874,559182
5851,5759,389685,33518,4963,341145,783773
5574,4407,153801,31611,5204,296733,499534
10611,6852,153658,46704,6278,352245,579034
5778,4037,252905,53593,5944,331628,655626
7240,5759,359690,43166,4630,341214,764477
7981,5240,460918,40870,5556,1517571,2040914
5833,4222,127348,59463,4297,304611,507904
10203,5815,214132,43334,5314,1466784,1748323
8925,6315,368546,77371,4092,251580,719311
8129,5408,446163,63648,3185,1364993,1893674
10684,6519,181298,43444,5519,303884,553885
7499,4611,221434,33481,3574,311878,585181
5444,4204,284939,44519,6759,1439643,1788082
7481,5648,402909,47018,4519,321216,790921
8814,5463,155155,36519,5629,271454,485997
7610,4241,183346,71278,3852,1438014,1711175
9500,6055,292297,37444,5889,1531082,1885119
5111,4055,346803,48111,6148,1380650,1794342
10444,6111,474976,32518,5500,2019158,2550763
19592,3722,124332,44667,5667,351942,552071
9277,6370,613525,50722,5259,365359,1052642
7425,5297,326603,34704,5055,1378572,1760582
7740,5426,955203,35612,5092,1463875,2475059
10481,5815,196986,40907,5389,259197,520831
6944,5203,186028,59445,5148,367746,633200
6036,4778,274590,79778,4666,1389252,1761378
9074,5926,564522,40185,5685,1593595,2221839
7037,5241,151786,43148,6463,279340,495257
5629,4870,156367,40333,5333,1513624,1729045
9722,6259,240002,37018,4963,209273,510052
7518,4796,330452,42260,4815,285173,677236
7907,5111,420700,37315,5296,1497826,1976026
6203,5111,121816,36778,5314,323089,500052
10963,6926,208599,47982,6222,1415020,1697935
9648,5999,315699,42092,6056,393705,774829
9389,5481,412649,41185,5296,336365,812107
8426,5740,136839,42500,6167,296880,498756
9777,5538,177937,40945,5092,1459164,1701194
8369,5445,287666,42796,6259,330756,684847
9148,5333,359784,46759,5852,1413465,1843008
7500,5407,159863,67444,5908,245745,494627
6926,5222,152406,36463,5092,1428659,1636565
8647,5852,242449,56296,5871,215233,536071
7074,4944,331955,36185,5129,1423369,1811490
4963,4944,1218481,42575,6129,1505559,2785281
7018,5704,168707,41981,6000,243698,475757
5370,5426,223472,46315,5351,302562,590423
5555,4629,375664,41407,6407,377277,813736
6573,5093,467299,79481,3852,249585,815699
9685,6500,119212,55759,3537,1467742,1665713
6370,5629,184125,46797,6055,1452569,1704361
8778,5555,314983,63056,3722,1444377,1842619
8759,5555,375119,42333,4685,357840,796440
5425,4296,124087,54037,5463,353077,549219
7888,5796,536353,39204,5333,333161,930142
9981,5648,279432,42834,6296,217861,564089
9703,6778,366216,42074,6148,1479699,1912693
9370,6592,416407,57204,3741,1560840,2057118
6500,4463,354135,40759,5426,1421577,1834860
5388,4149,218566,57741,5130,228745,521756
8092,5148,528796,38629,5686,1466618,2055248
6277,5518,421949,41204,4834,382212,864921
6759,4500,593918,36130,4870,1508292,2157340
10352,6018,217738,36871,4685,1434882,1713398
5722,4722,282059,46000,5537,1506282,1852748
5888,4500,372917,45852,6352,318023,756458
8981,5778,131218,75649,3944,260112,488534
8185,5148,207206,38370,4963,1486932,1754786
5240,4667,254304,45426,5760,1379685,1698009
10648,5889,335921,42223,5888,1457939,1861230
7685,5055,1234319,36129,5148,315691,1606713
7037,4907,127711,73093,3574,366082,585182
7278,4870,216531,79093,4537,286150,600312
10574,5944,297686,38389,5537,308681,668497
5685,4389,434673,64760,3815,1352945,1869027
4778,4148,185641,38686,3185,324374,563479
7574,5740,227648,42778,6278,1402527,1695287
9147,5871,312709,40981,6000,1388448,1766823
6518,4963,366715,44611,5574,302189,733311
8592,4963,139202,42426,5518,289666,492516
9592,6629,152190,44555,4463,1445320,1665546
6111,4722,283251,44389,5389,228060,574608
4481,3889,335164,37926,5130,1548824,1937266
5296,4408,951579,48167,5907,295821,1312956
9481,6444,119009,38408,5296,290192,470997
8574,5518,208238,41852,5055,1427309,1699157
8036,5408,306576,70389,3556,219031,615144
6092,4815,160601,42426,5333,328192,550182
5074,4833,326700,42592,6223,1253624,1641102
7370,5519,181038,31426,4759,1402878,1636380
4647,4130,280526,40833,5815,1334205,1672971
6925,5315,399013,45334,5889,1537475,2002081
5166,5055,604761,41130,5111,1613615,2276727
9537,6092,147914,45130,5574,1512502,1728953
7870,5407,829551,38870,5000,324628,1213419
8833,5630,327981,47167,6148,1411527,1810323
6444,4926,399654,35630,4852,379878,833588
9407,6333,120807,50778,4815,2193253,2387504
7574,5148,597833,48148,4685,262569,928699
6777,4926,302375,63500,3445,296324,679422
9147,6037,389826,44185,5871,1392293,1850730
6944,5148,183627,41482,6092,290481,536460
5684,4778,241189,34463,5278,1479634,1773712
8332,4982,321565,37722,4815,1504906,1884118
4759,4352,366145,46666,6093,1421622,1852582
6462,5222,128577,40352,5092,322440,509923
10147,6315,147119,42889,6482,296989,512034
7092,5389,251403,37815,4444,1378273,1687268
7999,5222,377317,40722,5278,1349840,1789193
5925,5315,1193121,38963,5000,287778,1537861
6796,4648,154606,42000,3982,303224,517220
10388,5963,243075,38908,4592,1413119,1719657
5500,4129,408007,33481,4945,238341,696496
8314,5167,413475,42556,4518,1362144,1838637
8481,5666,189574,41574,5056,338219,590848
7611,4796,183135,41870,5408,341065,586015
6166,4908,323474,65667,3889,1382459,1789416
6629,4371,385480,34722,4223,326107,763625
5759,4685,137319,76500,3148,321882,551386
11555,6333,148936,45445,4352,1465202,1683879
6685,4666,245072,56000,5259,220111,539886
8666,5926,131189,48667,5240,299883,501553
9981,6314,1053567,41704,6333,1387938,2507967
17815,3870,133922,39223,5500,1447957,1650954
6555,4556,209669,39018,5426,1391766,1659083
7055,4870,311861,39981,5315,362413,734273
7148,4722,451940,68723,4333,348314,887310
10703,6223,123057,35648,4926,335384,518034
8184,5574,202230,45945,6111,1847832,2117895
9074,4740,273606,32297,4648,1434828,1762175
5777,4519,848372,42204,4982,388509,1297733
7870,5222,144951,41444,6149,312712,520349
9444,5945,167975,41204,7333,1463756,1699454
6166,4426,248796,38778,4685,335571,640274
6907,4907,327969,44574,5796,1510520,1902544
6259,4370,1171847,44241,5500,1965116,3199556
16388,3889,341445,37056,4537,384661,791217
6796,4889,991136,45278,6962,359301,1416529
10129,6315,292344,37592,4556,1455053,1808119
9610,6759,390239,41315,5482,333793,789958
5796,4463,192040,39815,5167,277419,526941
10684,6926,186880,41333,6334,387950,642903
5814,4185,270108,45149,5889,1409752,1743508
5407,4074,397947,42852,5704,222438,681144
7758,5278,124471,56075,5407,298137,499423
46629,3407,132292,42167,5352,302575,534478
11092,5944,233446,37519,5259,1388767,1683768
5981,4204,336267,50722,5148,305710,709755
9814,6149,411902,42445,6037,280963,759533
6592,4723,164148,42000,5797,279774,505979
7741,5166,206600,39981,5537,245750,512905
8389,4944,300143,39944,5574,363817,724922
9610,6352,433556,34463,4778,307477,798347
7370,4870,155320,42223,4851,261770,478460
5833,4370,221142,74926,4037,1365701,1678824
7185,4370,765148,52408,3537,1499412,2334227
4648,4129,292209,32889,3759,1980149,2320431
9370,6000,157880,33075,4870,320486,533793
7370,4963,153683,56833,5796,1410049,1640861
10333,6019,248151,107093,3704,1306635,1684120
9036,6204,3884333,54019,3778,314253,4273679
5722,4111,109822,36685,4944,344176,507423
6222,4611,137410,87556,3741,356697,598738
5240,4037,231934,31630,4593,316543,596107
9851,6574,314682,41944,6741,2115952,2498967
9110,5759,425743,33371,4963,1347672,1828637
9741,6425,139878,29149,4611,1186799,1379548
6259,4444,180217,39315,5185,387131,624996
9389,6333,263927,38167,4518,1432193,1756731
5796,4463,355989,53870,5389,694783,1122309
5981,4315,144624,38481,5556,315985,517183
9092,5259,161148,35185,4704,1402676,1620268
5314,4296,240358,53889,5407,202455,513867
5610,4667,330919,45741,6018,1464330,1859304
9981,5871,1285186,60963,3778,412174,1779990
11536,6222,887247,42260,5555,1441480,2396226
4741,4277,252344,72556,4444,1417905,1758638
7870,5018,347128,41945,4815,358312,767236
8499,6074,383023,54037,3278,255751,712421
6074,4204,208935,45037,5519,259839,531294
9870,6148,172293,39889,5352,1466160,1701416
9129,6056,263410,38944,5556,1406783,1732045
9110,6019,383175,40982,4074,333338,778384
5907,4648,140441,27407,5056,337094,522701
9981,6667,142816,47482,5833,418661,634015
4648,4518,240174,39501,4851,350452,646941
7851,5019,395940,36241,4351,316963,769403
6147,4371,887002,35278,4815,294712,1235363
5092,4222,145618,30148,4741,1508428,1700082
4240,4018,333736,28166,4482,369742,746144
4240,3963,316352,44333,6241,336588,714681
5611,3870,387914,36907,5519,1478927,1921434
9666,6037,160234,36278,3963,316967,535163
4666,4222,182740,44093,5037,325812,569293
4685,3852,270986,40260,4815,2191388,2517745
5185,4648,404641,30315,5111,229855,682589
4630,4425,134406,29000,4759,426554,605460
10240,6130,148763,41685,6000,1523153,1738749
6185,4463,239806,37537,4723,1439628,1735231
5277,4574,327238,61796,3704,320813,725088
8036,5259,414282,32481,4352,257511,724662
8388,5889,123434,61408,3370,275433,480627
5000,4555,210089,59593,5722,242316,530145
7648,5000,306687,55741,5870,282587,665904
9981,6722,422268,36241,4889,308042,790570
7036,4815,170384,29167,4666,290984,509163
6055,5371,182167,62834,3666,252959,515331
11093,5907,267285,41129,4575,278545,611108
8332,5982,447828,28870,4463,299297,796976
9185,6129,187315,27278,4722,277979,515404
7444,5000,154635,29093,5278,1408411,1612657
7426,4888,241660,33926,4797,1487274,1783471
8000,5148,325221,34093,4370,1443472,1822360
5185,4055,417931,35667,4982,314990,785069
5796,4481,121511,43167,5666,339098,521756
12370,5944,198387,58278,6019,1401232,1685120
5629,4296,296319,57204,5500,1454133,1825341
8018,6259,380232,55334,6148,214171,672237
6722,4963,147386,34574,5019,320259,521016
7425,5000,213911,40870,6259,1376580,1652046
9351,6426,261065,56463,3852,297839,637052
7240,4908,404607,47223,6000,332684,806069
8666,6000,144391,41870,5204,388958,599052
9314,5463,946435,55908,3889,311205,1334381
7167,5074,234791,63075,3722,225520,541442
8722,6204,320723,56297,5370,243606,643145
6870,4907,413508,38778,5166,1463241,1935267
6536,4500,164161,46186,5907,371484,600941
6870,5019,208722,45111,4982,1418564,1691305
4962,4000,343025,42352,6074,1329391,1731841
7463,5037,863272,40037,5963,2663429,3588202
4981,4112,1114395,45463,4333,323763,1499177
7629,5092,174987,48759,5148,1382097,1626990
9629,6593,351456,33852,4074,333466,741200
8851,6056,418054,55371,5889,354348,850773
8851,4889,156467,74074,6871,280715,533589
7852,5370,143139,49593,4556,325172,537423
10796,7685,229164,51704,5426,242370,548978
7074,4907,349689,51185,5056,325344,744866
11851,7611,402084,40130,4555,1504794,1973266
8611,6166,120626,56148,5556,375426,574626
8463,5241,201094,55982,5556,1361062,1640269
8499,5537,306750,88296,4370,1466000,1882397
7000,4537,461589,45129,4037,260000,785107
7037,5574,193816,37240,4537,256033,506108
10055,6018,208674,70167,3130,1406409,1706268
5666,4592,312958,38982,4537,222316,591941
8778,5240,354630,55741,3519,305625,735829
7555,5130,125265,41852,5555,316325,504627
6519,4740,143475,30685,5093,324967,517794
9648,6278,232444,48352,4740,253183,556812
8092,5296,369080,34574,4000,1392521,1815638
6000,4722,454882,28055,4797,1473495,1974674
6592,4574,141535,60926,3686,320128,540182
9240,5963,206912,54037,5796,1465875,1749712
7018,5185,327899,71556,3537,1401312,1818212
5018,4296,386368,34593,4352,285183,721459
7296,4741,160244,38889,4574,1955151,2173729
7481,5000,197750,29481,5519,376487,624700
6258,4315,273182,31056,4592,1504252,1826452
7629,4352,365354,42037,6019,397270,825587
7518,4944,156971,38464,5481,290434,506534
5240,4111,161996,31537,4833,1469958,1680509
7592,4389,309613,33315,4407,322828,684367
6074,4796,322618,34278,4871,316988,692626
5703,4389,666570,35593,4888,1286141,2005470
5666,4278,120741,33574,5019,343311,514738
8129,5019,587859,34907,4760,1397814,2041359
5722,4352,296567,36889,4537,255448,606589
10610,6537,429926,35389,5019,313199,802458
5370,4277,183598,28167,4889,325028,554256
7703,4815,179714,54445,5556,265948,520960
5129,4444,265629,40037,5426,1411713,1734360
6258,4889,368931,82148,3741,1426373,1894600
9500,6092,127195,35519,5204,303061,489257
6129,4185,144405,40056,5463,320370,523256
4499,4148,234022,38630,4463,218512,507034
8333,5592,384603,71852,5518,231690,709811
6166,4722,414164,49167,4611,294831,776384
6425,4130,139465,39130,4463,295291,492460
6241,4703,203879,37204,5314,1412408,1672454
5962,4704,295348,38389,5185,292945,644570
6240,4815,398891,37833,4612,382678,837106
6888,4482,158099,67038,3037,318323,559922
7759,5814,185588,32740,4797,1526643,1765212
5796,4574,271260,52981,5759,271089,614348
7147,5241,347988,39241,5556,309637,717699
6536,5574,137290,35815,4908,331577,524349
6166,4574,146000,34518,4463,301350,498849
6221,4852,271210,33352,4111,1449058,1772378
5203,4815,325197,38685,5130,404502,786051
6074,4111,411295,38500,4871,1348675,1815527
10018,5908,136689,58186,5944,287011,506479
7499,5167,238807,31092,4926,279876,569441
6888,5630,290405,54500,5371,257739,622700
10277,5908,373522,34685,4760,294140,725348
6907,4889,158972,38667,5204,256728,474164
5592,4444,175201,37592,5093,309259,539293
6778,5629,260336,52130,4389,224624,556071
7703,4630,126323,44555,4760,344155,534997
6925,5204,124958,39760,5648,323668,509015
6277,4630,551002,62963,3463,304807,935661
9796,6241,234211,67074,4667,1323872,1648713
5704,4537,326087,50426,4445,1424142,1818194
5852,4185,1227799,31741,5037,429395,1706379
8778,5777,127062,59111,6019,349138,558145
5388,4093,251975,41333,4538,260262,569700
10574,6056,286462,32445,4815,1471915,1814323
8814,6500,397580,68093,3259,1402724,1890452
8703,5981,168586,39463,3203,328727,556719
8129,5371,195869,37629,4834,1457047,1712194
6444,4148,283450,43518,6334,1438151,1784935
4611,4167,371140,27963,5167,313633,729459
7406,5389,128924,35500,5333,347333,532052
9241,6611,140614,33556,5093,366715,564090
7314,5370,230399,36000,5055,1430759,1717545
6110,5037,322368,37889,4222,1509566,1887304
4926,4148,413151,40556,5703,1328116,1799379
4185,3907,167046,30481,4797,311933,524571
8481,5908,200218,36556,4759,1463679,1722935
4685,3870,296725,39407,5037,1477932,1830731
7481,5204,427897,85852,3055,1332593,1864175
9462,6093,155735,33963,5093,353502,565904
5796,4037,196889,35056,4185,1440175,1688879
4611,4055,309692,67149,3148,1474482,1865434
7796,5371,427605,30093,5167,328074,806199
9537,6315,126573,28686,4703,348942,526812
7203,4111,922767,41148,5963,1408164,2392115
7333,5129,228993,39593,4611,1411608,1699472
7611,5611,358592,65056,3537,1422508,1865656
5444,4148,412950,37796,4945,1377503,1846286
5278,3852,186455,51629,3056,312153,565479
6870,5778,206720,53370,3204,1420714,1699231
5462,4333,828191,35018,4537,331951,1212159
5074,4555,425436,37649,3925,326578,805440
8610,5575,468053,35703,5056,1528342,2054062
5926,5703,185411,28203,5204,307679,540997
7129,5111,261175,40815,5815,224747,547626
6389,5148,350959,35852,4482,1467585,1873286
8148,4944,135113,30648,4556,280384,466516
5555,4963,145600,47056,4685,363563,574274
6741,4685,229347,63815,3796,244187,555405
4740,4352,323742,58185,5686,215217,614719
5166,3834,410655,52482,5203,237582,717070
11148,6759,168161,30204,5092,317522,540812
8907,5648,220889,29481,4130,1538860,1809656
8055,5074,315191,40926,5852,373101,750310
8481,5241,390475,69852,3315,336798,816255
6407,4667,153795,79000,3519,349053,599256
6278,4963,185930,35241,4982,1537633,1777786
6074,4518,262622,38148,4834,1466664,1785490
5407,4241,353609,35500,5019,310627,717255
4425,4093,122559,86611,3537,286086,510145
10463,6499,154621,64556,3352,1404703,1646009
5129,4278,234108,34723,4555,1430067,1715824
9444,6370,405948,40000,5685,321770,792181
4814,4130,409658,63463,3722,252431,740885
4370,3889,123422,32389,4315,383890,555034
5611,4814,217632,32908,4814,1416526,1685046
9463,5537,286545,37185,3722,1382149,1726916
5500,5278,441588,74611,3260,314517,846810
6425,4408,785021,37111,4352,368342,1207938
10425,7074,167563,41740,5482,350953,586607
10536,5815,280458,40370,5000,1478125,1822323
9462,6185,357223,45667,4574,336754,762254
6018,4537,277802,36889,4611,1503873,1835897
8777,5815,141030,43463,6186,1442071,1649324
11110,6093,839186,47944,5982,1583077,2495467
6629,4741,330746,40408,4574,1477984,1867545
9611,5907,3521537,41926,5426,283867,3871126
5499,4445,389024,69963,4667,1508908,1984451
4981,4408,204541,39296,4815,1467579,1728398
9444,5981,294529,39093,4870,348301,704681
4648,5166,432572,53686,4833,381849,885569
4333,4223,155799,35685,4667,285994,493627
8537,5611,186972,44037,5926,1371352,1625157
8462,5223,262589,45889,5574,1429752,1759897
6963,4833,349669,36760,5000,371141,776552
5962,4371,579805,34241,4592,1285943,1917026
6388,4722,148088,41704,5481,1482921,1691472
6833,5500,226538,45426,5908,252421,544627
5907,5426,320044,41537,4704,1484797,1864564
10518,6611,491014,43537,6259,286037,846717
7296,5611,116407,35722,5389,328738,501738
7777,5259,195302,51075,5185,234695,501015
8925,5926,300420,36055,5000,1514181,1872248
5889,4481,394148,38722,5630,264811,716070
8222,4981,143098,47870,5000,327640,539460
7981,5000,169047,36538,5203,277153,503182
9555,5814,262684,121723,3944,272497,678014
6926,4722,371949,37222,4741,322769,750107
5629,4259,146936,34537,4611,329951,528071
5203,4370,149701,52241,3370,294852,511812
9870,5926,234521,44964,5722,250549,554349
8426,5500,258898,40704,5759,1464369,1785823
8536,5408,1390554,34426,4667,274935,1720675
6555,4574,121798,35926,4686,372476,548145
6685,5092,221323,45371,5037,1455111,1740675
5703,4444,290144,54278,5019,1519400,1880804
10314,5611,690003,63981,5778,1527429,2305098
7129,4870,157581,37556,5148,286898,502052
5667,4259,247550,43130,6277,1960326,2269950
7407,5019,256445,35981,5500,283700,596812
7703,5056,346858,41204,4555,1841037,2250043
8944,5926,127863,42834,5463,307615,501219
5166,4333,140944,38685,5019,1518842,1714823
6518,5018,227913,43537,5704,271065,562515
6926,4518,325104,38334,5426,1408570,1790731
5907,5852,447499,36481,5445,1460175,1963174
5406,4704,177153,42555,3982,352603,588181
10426,6333,206973,37111,5093,1443573,1711676
7351,4852,383535,42148,6111,271554,718366
5611,5259,382652,44130,5296,247381,693237
5629,5167,139490,38704,5148,312729,508738
7277,5037,169460,49833,4834,279278,518553
8629,5500,254465,33223,4796,1477469,1786304
9518,5944,342953,48871,5314,294488,709199
7518,5037,134477,38537,5204,328205,521071
10573,6000,136927,38130,5259,327903,527237
9962,5352,227748,95834,3852,1280020,1625546
5981,4889,320809,43112,6055,327779,711051
7630,5370,436723,38963,5630,1400877,1897378
6462,4574,156562,36556,4629,391657,602145
6870,4537,210605,43130,6222,1394811,1668935
4536,4111,300259,40760,5129,1378694,1737212
7500,5000,386172,44278,5519,1385465,1836119
6759,5278,170974,41408,6500,294652,527571
11740,5907,167295,36649,4648,399868,627904
8370,5963,1510915,40630,4204,1468993,3041872
6315,5037,274251,43871,5426,297430,635071
7703,5167,125368,37852,5333,335796,519738
6351,4648,191837,38445,4759,1443394,1691490
9167,6111,227879,84871,4259,1432518,1766916
6906,4852,319349,44463,5833,1853120,2238079
7129,4889,455855,73482,3852,300306,847199
7851,4833,179286,76278,3186,252784,527145
5240,4278,201514,47852,6389,1374569,1641749
10074,6222,286205,81445,4241,1381932,1772471
6777,5649,378563,93704,3537,1384389,1875230
9074,4963,165809,43834,6000,294706,527090
5203,4778,215408,41463,5796,1494508,1769379
6833,5000,166710,57537,2371,408916,650293
7481,4667,369438,37760,4518,320668,746681
11203,6055,124667,32870,4241,343664,525515
6888,4796,143469,42777,5834,1470781,1678342
6741,5333,226585,33723,4333,317263,595775
6778,4185,409258,41371,5352,283663,752292
7407,5574,403431,42648,4778,1422817,1888933
5074,4630,170232,42241,6389,318838,549442
7870,5389,242239,42166,6186,1430418,1736324
5796,4871,369855,39501,5722,280251,707848
10740,5908,429195,46574,4796,298689,798310
7500,5056,122570,47852,6037,322130,512905
7481,5240,184133,43463,7018,367568,617329
5462,4574,257453,55871,3426,236080,565811
8185,4907,344626,45667,4241,1444141,1854545
4685,4129,139243,44555,5908,312495,513312
7740,5537,136822,82019,4593,1438075,1677138
10314,6574,224421,43852,5555,302835,595607
7185,5407,343520,36833,4500,325699,725329
9610,6315,408044,40463,5815,300933,773217
6333,4777,137791,44740,6223,290873,492830
10370,6019,1800948,41944,5982,287447,2154858
6963,4852,291431,43112,5389,1393576,1747398
6258,4463,415957,44592,6112,483297,962753
6944,5241,134184,46018,5908,840384,1041698
5852,4648,165097,32222,5056,1439948,1654991
10981,6074,251233,40648,4778,1473424,1789194
9574,6870,407314,48222,4963,291682,770311
8592,6537,121633,36297,4296,309586,489090
8741,5833,135935,41056,4759,1421852,1620843
9259,4982,224848,40871,4593,252240,539571
6352,4722,337003,71241,3296,1404894,1829879
8148,5222,426472,47704,5778,318375,814069
10777,6574,146737,45055,4667,314075,530126
9388,5371,201816,42167,4611,1428655,1695305
7722,5241,300434,30592,4463,1414556,1765157
6333,5259,412940,43055,6167,300574,777143
5685,4314,171186,31297,4796,347477,566811
11518,5944,161655,47092,5926,408749,642922
10110,6945,249494,35926,4611,1390663,1700231
7406,5019,365223,36648,4963,1355452,1776878
8647,6074,124524,29501,4833,350436,526145
9815,5759,136697,43240,6056,293412,497035
8610,5815,230795,61574,3519,295460,607903
9592,5908,351598,46722,5889,313398,735866
6981,5055,766512,42260,4148,376740,1204234
7777,5759,124794,46278,6797,337276,530756
9370,6092,190541,35908,5592,1423580,1673027
7889,5648,287102,41463,5278,1429239,1778416
9296,6185,376609,60148,5741,286257,747033
7314,4574,146818,81389,3852,295105,541312
9667,6722,160453,53130,6259,267951,506275
7814,5185,255885,42593,6278,1455734,1776415
6111,5185,367836,39407,5741,295271,722292
7055,5093,129341,44759,5556,279693,473683
8148,5240,151662,45445,5425,1877697,2096155
6241,4592,226575,70334,3926,220421,534257
6110,4574,322359,40760,5129,1497075,1878100
7833,5296,407384,36667,4296,1359236,1822712
6740,4926,124555,45630,4759,324442,512997
7555,4963,235432,68444,3575,1423132,1744860
10074,6389,279012,32944,5093,1417959,1754268
7833,4574,387426,55389,5444,254089,716441
8703,6130,251005,47148,6445,1410059,1731638
8000,5574,161474,41926,5185,1387295,1612176
7500,5222,250850,36222,5056,1412436,1720138
7055,5148,347023,41055,5112,281473,689607
6703,4889,127824,45760,6370,307265,500682
5221,4482,135812,40148,5333,294408,488256
6537,5462,227911,50296,5352,232383,529664
7147,4889,316454,46037,5592,283691,665496
10110,6871,407126,42556,6370,327906,802680
9981,6204,128057,68408,5537,288532,508497
6833,5111,195786,39444,5167,274841,528904
9851,5371,283921,41556,5351,1446383,1794804
10204,8536,445743,40000,6445,1478246,1992730
10037,5722,157803,40649,6055,293138,515423
7796,4778,163161,48444,4982,266299,497646
11592,6685,253278,45593,6055,1369083,1694805
5333,4092,424136,38537,5482,290563,770069
9296,5870,124123,43648,5963,322578,513997
7296,4759,142647,82871,4018,276813,521219
6333,4667,238264,50352,6148,327066,634645
5129,3963,323048,45907,6037,416003,802921
4814,4445,416943,45445,5629,381330,861236
9944,6592,124486,48630,4888,332956,529367
5814,4500,208843,60723,5481,1415017,1703120
4556,5333,284312,43445,5537,264814,610793
4370,4648,374281,49612,4703,1461615,1902063
9055,5760,127583,46389,5333,326451,522960
10870,6055,162478,35537,5112,307667,529830
8407,5611,321818,34852,5277,318327,696867
7499,5000,340953,47297,4352,1433462,1840749
8926,6185,129680,44222,6130,326761,523979
7240,5000,137668,53148,5648,289681,500460
8351,6056,221525,41352,5019,332600,617533
7667,5074,322291,44333,5463,320983,709422
10055,6315,409797,62963,3908,1433284,1928322
7796,5074,209895,42574,5445,257491,531034
5518,4723,170400,31260,4926,361910,580516
9241,6111,277018,43055,5260,317218,659663
6611,5981,419877,83092,3852,576655,1098864
7963,5277,145659,78112,3277,310153,553015
6536,5278,169128,50500,6093,1431418,1671157
7055,5055,259375,40741,5463,1360078,1680101
5740,4852,346788,42593,5426,365540,773180
10018,5704,120812,43741,5074,344277,531516
6018,5352,134337,42759,6000,1512543,1710398
8777,5426,241917,39463,5000,1314204,1617287
9574,6444,319756,47815,4889,231907,622459
11407,6500,408558,47778,6056,255418,737570
5907,4870,117656,44741,5444,358082,538386
8166,5333,194996,54352,5870,246038,517515
9925,6222,284706,44944,5556,230587,584589
8425,4611,402471,67518,3649,1494221,1983118
8611,5778,122587,50074,5852,358669,553738
10666,6686,155592,43352,5389,1392750,1616935
8944,5907,252840,34889,5037,343045,653237
5555,4870,375124,65833,3500,297965,755755
6870,4852,124184,32760,4537,316720,492257
5740,4334,133616,38556,5315,1460929,1650676
8592,5815,226937,51944,5297,1416978,1717712
12814,6389,363610,43222,4297,373848,806514
7944,5574,399801,35315,4630,326527,782496
50703,4796,152511,39685,6352,265672,522219
7963,5037,124590,79445,3833,1565511,1789083
7259,4907,286226,31130,4333,336974,673052
8407,5852,374917,44445,5704,1424720,1866656
8814,5537,162589,42593,5278,371018,598441
10166,7149,158021,44259,6074,334235,562571
6074,4537,253878,48815,5871,1377778,1699342
9462,6204,765793,48889,4352,318978,1155863
9018,5315,127187,40629,5130,368717,558608
5500,4278,555600,38167,4611,372783,983513
9703,5241,226513,51981,5889,1424625,1726656
9537,5685,311649,46500,6278,1452044,1834268
9185,5778,464747,40612,4926,314265,842532
9962,6537,128623,52500,3630,1450349,1654472
8425,5056,190981,37222,4833,330498,579126
5703,4741,296024,43519,5463,1383002,1741397
9184,5612,369493,48500,5259,1432996,1873711
9036,5963,152184,41704,5166,392628,609218
6389,4074,161301,40722,4685,379918,600756
8296,5722,255381,40852,4759,1416813,1734305
9999,6315,345813,44833,6149,298423,713755
9277,6685,768468,77908,3444,1532556,2400634
6352,4852,130435,41037,5667,347283,538405
4981,4759,222423,41814,5260,341018,622440
8000,5889,355095,41112,4629,366993,783848
9685,6315,394527,48482,6259,1412777,1880601
6499,4037,154903,104186,3352,301464,577015
4518,3963,199168,46630,6574,332106,595700
6666,4334,281100,54667,5778,1483815,1839119
4629,4426,373273,40204,4629,326093,755403
8462,5648,147890,44833,5186,292959,507830
10148,6796,169080,86149,3389,1341724,1619991
9111,5889,254309,46037,5333,1326015,1649176
8222,5444,349760,59130,5074,329236,758959
10185,5667,1242082,45148,4667,290205,1599954
9018,5834,137381,43482,6185,419856,624182
5610,4556,223036,40574,5111,1431954,1713064
8499,5630,341190,47833,6148,346639,758717
10962,6334,390789,54981,5389,300762,771347
8407,5704,459757,79741,3556,1559359,2119043
5277,4537,190744,41593,4185,1400598,1649823
4870,4703,431177,30574,4186,418447,896476
10518,6611,394053,59445,4129,1446751,1924045
6833,4963,332003,43166,4130,1489190,1882730
9389,6074,155101,37685,5167,370303,586645
10666,6648,250274,103575,3370,1413734,1791138
8851,5037,346817,35149,4389,1423691,1826175
9018,6037,138600,40519,5666,1470891,1673064
5277,4593,132439,42111,5259,1491422,1683268
10092,6556,214538,38963,6389,1377248,1656157
7296,4444,315748,44222,5500,1477075,1856508
6444,4371,465179,38389,5167,318334,840106
4537,4092,121241,36130,5314,349738,523312
9573,6426,185617,40889,5167,1405651,1655860
9611,6240,282568,41518,5167,1318571,1666268
9259,6370,370278,54852,3851,265756,712996
9925,6926,131597,40204,4648,358048,554052
9703,7222,159511,37352,4722,392264,613904
10814,6426,258331,37908,3796,1378714,1698768
8129,5426,341985,42871,5278,1397578,1803804
9426,6092,2044237,38611,4463,382194,2488560
6759,5185,147479,35704,5296,372981,575553
11592,6482,212669,39723,4740,1418691,1696472
9036,6259,385862,44740,4852,310876,763643
7148,4889,309681,45148,3834,418610,791458
9963,6611,168946,46741,4500,263754,502479
9444,5445,199563,37889,4537,1406798,1666972
9574,6518,275736,38130,5185,1403587,1741046
5148,4019,207964,38074,4203,328626,590775
6240,4278,581415,37741,5203,538838,1175659
5296,4019,175031,35111,4593,1502588,1729528
8314,5834,253037,46278,5759,296737,618367
9722,6333,331895,35463,5222,327249,717959
10315,6888,524291,40611,4741,401185,990828
6352,4092,154499,44556,6185,1449158,1667602
8425,5704,249227,43371,4463,1886519,2199969
8259,5963,312270,103000,3686,263447,698959
10332,6982,869907,44278,6315,1426857,2367282
7981,5056,194782,36685,5092,259956,512238
7074,5129,201992,36944,5260,1414073,1672657
8481,5537,275793,45149,6481,319851,663699
8889,5963,369226,45185,5055,1412338,1849082
11370,6111,143102,43629,4297,330617,541738
5796,4278,168366,40074,4852,288223,513701
8981,5611,250965,67630,3778,214383,555089
11389,6537,348805,39814,4408,374968,788422
6351,4204,427644,43704,4574,453609,942791
4722,3833,136575,45667,5667,316977,516294
9685,6352,217544,36889,5055,281972,560053
8370,5407,312384,44611,5500,1374939,1753453
10906,6297,473556,42334,5389,278920,820013
8185,5333,190525,34666,5056,270880,516979
7648,5389,229142,43129,5371,231244,523942
10055,6630,274037,56259,3944,1497564,1850508
6832,4389,373080,47333,6223,1420631,1861711
7499,4574,191030,52500,3574,349985,612181
6870,4944,160498,53463,5852,1515899,1749564
5111,4519,269022,36204,5019,1359893,1682028
5314,4834,409936,44019,4259,326022,796440
9721,6074,1193185,35204,5111,320140,1571491
4833,5129,132318,44241,6056,437567,633200
8093,5518,215843,44777,5019,1440351,1722305
5870,3648,517794,37648,5241,364886,937625
7629,5500,1103504,42741,5537,1733257,2901742
6259,5111,162137,64001,5351,347322,592589
10499,7222,179718,50259,5019,272446,527330
6851,4815,281391,36240,5204,1490895,1827527
10018,7370,815175,41389,5482,413780,1295659
9944,6815,128698,86426,3741,361095,599608
9425,7074,152630,47926,6167,1458972,1684935
10407,5648,255766,45093,5426,1407131,1731527
4907,4204,358790,34741,4926,333687,743367
8999,5611,121407,34333,4297,395627,572756
5629,3908,140801,56648,5797,355917,571423
11296,6648,213215,51759,5167,318800,609478
5944,4426,312258,55889,6296,336720,724218
10314,7241,404968,53203,6482,334601,819514
9055,5611,126010,38518,4519,390672,577107
12166,6686,200219,51519,6093,1385789,1665120
5222,4445,278874,40926,5574,1435764,1773472
8833,5852,373380,52111,5648,269338,717422
5333,4018,178126,34723,5129,370574,600774
5592,3944,202336,46537,4870,1401970,1667694
10092,7185,272527,38796,4704,1374686,1710527
8833,5592,389515,35519,4074,347388,793458
8147,5815,421928,46463,5185,1423580,1913803
10740,5981,132156,35018,4204,322342,514274
5259,4314,222940,54685,3574,354057,648126
9185,5926,323464,75648,3167,296198,715867
6315,4963,394099,42760,5333,1456704,1912804
9907,5778,148253,84704,4537,331781,587553
6259,5148,189889,36426,4870,1506750,1751287
8203,5685,272395,38111,5241,256009,587848
8259,5870,360160,44241,6055,291021,718292
11518,6389,168906,32148,4908,306035,532571
7351,5185,169190,42704,5555,1384524,1617380
6407,4315,489214,41649,6315,1782142,2333820
5926,4352,337516,44037,5982,1416195,1816768
10129,5555,491431,41592,5389,421749,978716
8907,5704,171824,39500,5204,314543,547960
5444,4370,256256,49278,6019,1391641,1715083
9944,6426,323355,37278,5018,2146779,2530930
6055,4000,403509,45648,5945,381634,848865
10203,7074,124311,61648,3871,537944,746922
5907,4426,191094,40704,5018,1368341,1618435
7704,5166,277008,44648,6019,1376093,1719046
8666,4592,369144,41870,5019,208686,640218
9574,6870,155612,38019,5777,328237,546719
5926,4055,159044,38241,4870,1404817,1619121
9981,6481,248254,47296,5870,248522,568515
6518,4500,343167,40574,4759,301829,703459
10166,7037,417451,55685,3722,225934,722051
4981,4074,134900,41241,5519,327004,520127
10240,6667,215147,37481,4519,333960,610218
9981,5722,307172,43389,4574,1491280,1864489
8888,5889,1170328,44833,6093,382552,1620694
9055,6277,120831,76278,3611,338592,556682
9981,6352,188948,59241,3944,295123,565608
9667,5166,282917,44334,5444,1349333,1698880
9666,6222,421164,34723,5185,264072,743088
5814,4407,135651,45352,4926,300661,498830
7759,4944,162823,39945,5556,1405259,1628324
10111,6444,251108,37370,4148,1388661,1699824
6778,5185,340946,34093,4370,254846,648200
5851,4537,918676,41130,5222,314632,1292067
6073,4315,134162,35278,4463,285132,472108
6425,4222,230575,36019,4148,1451878,1735749
9574,6185,300229,49278,5241,1337928,1711824
5500,4537,396309,38519,4259,1329551,1781249
6240,4482,175852,38592,5408,1436824,1670268
5647,3871,195913,44370,5519,358602,616441
10369,7130,297882,35093,5148,295596,653718
9332,6723,364573,36852,4111,1456490,1880081
8370,5666,153875,38778,3204,404436,616348
10832,6167,153807,50093,5333,1438665,1666916
9462,6074,243184,44389,4537,210554,520201
6407,4666,392505,34111,4185,374769,819366
9796,6926,1291735,62870,3222,1895858,3272500
22610,4723,191870,47796,6389,1415768,1691657
10036,6945,639170,45889,5667,372971,1083420
6463,4518,303250,39926,5056,1386814,1748731
7425,5315,398404,36870,5352,1364530,1820211
9055,5574,149113,48037,4500,362495,580774
6240,4852,192971,56445,3685,248063,514497
5944,4334,281180,40389,5093,1408809,1747749
5203,4241,406612,69019,3741,1457154,1948618
6722,5296,128655,48463,5074,392138,588441
9944,6778,164753,44482,5482,1410088,1643602
5907,4741,249389,40389,4759,251126,559219
5703,4037,334358,57019,6389,254638,664737
11055,6518,418790,105371,3444,261520,808717
9574,6574,126388,31111,4278,341572,521534
8147,5612,219727,47574,6185,272955,563404
4851,3796,313252,41019,4537,366873,736495
8759,5592,402462,43482,5277,1425843,1894137
8573,5908,129263,69685,3407,334919,553959
10370,7148,184491,53223,5555,268246,531775
10074,6167,272219,54112,5018,288962,639126
10518,6130,361763,38000,4963,1411227,1836194
8555,5611,133046,36130,5111,370451,561071
10444,7371,148607,41630,5592,1439328,1655787
7426,4926,243094,41575,4574,202865,506979
10481,5815,375564,50500,6389,311468,761958
8148,5370,709256,52686,10407,388367,1176568
10278,7074,124019,39963,5463,341626,531071
5796,4352,214822,56241,6204,284545,574627
11629,6593,338383,75889,3519,1392828,1831767
8425,5871,400093,37111,4426,1481155,1939563
5778,3963,120394,39260,4389,388213,564182
5592,4130,192678,43075,5685,1500015,1754583
10796,6222,276721,38519,5704,342533,683237
9352,7203,356821,43444,5389,1446854,1871304
9166,5871,297511,41611,4315,1451849,1812730
9592,6648,163554,42537,4185,367165,596330
6814,5111,634542,37667,5167,325989,1017938
9667,6814,379233,42908,5259,274115,720533
7148,4870,458276,46000,6408,436885,961717
9333,6629,164522,45611,5037,304846,539015
10778,5814,206917,35370,5075,360765,626923
5593,4296,306922,59056,3945,1488733,1871804
10314,7000,386429,39222,6037,1362709,1814137
9444,6889,202786,40000,5796,337359,604571
9573,5741,178570,54926,4963,282446,538330
8906,5723,280872,42222,5018,1464063,1809211
6592,4741,367989,43074,5389,1383519,1813842
9777,6222,158383,36686,4592,267910,485664
9240,5444,168575,33815,4111,1475527,1698768
9758,6204,239673,36759,4093,1379169,1678194
5463,4352,350994,35037,3870,327206,729515
4740,4130,496296,47000,6445,1429081,1990340
9296,6037,126079,33148,5075,358306,540849
9814,6926,205826,39352,5093,277596,546293
5370,4018,309610,41537,5593,226572,594941
5518,4500,393875,37334,4981,1341930,1790342
11426,6703,156085,39240,5186,1482924,1704268
8962,5630,183498,41537,6333,1460919,1709342
9648,6296,281281,44334,5537,269845,618737
8555,5722,374676,41500,6574,1510757,1949933
9666,5407,127997,53241,5055,324334,528145
5685,4444,154244,41500,5389,1501413,1714935
10259,6333,116805,88444,3815,1465815,1693639
9666,6593,396051,47056,5000,346962,813236
9314,5297,459372,89352,3445,211085,780644
9981,7018,130582,35815,4111,388452,578663
6518,4667,716477,43278,5556,424719,1204160
5907,4389,341334,57241,3871,314495,730089
10962,5797,1156879,40092,4815,319779,1540732
9741,6462,129068,75260,3574,1459496,1686102
9869,6315,360371,41463,5666,369255,795439
8499,5796,283710,43407,6445,1378873,1729286
8833,5388,438049,42000,5945,301687,804365
7777,5648,127962,44426,5852,326665,521034
10296,6315,146004,52167,5241,309937,532960
8851,5686,246769,58056,5630,1495293,1822638
5981,4389,380072,44722,6019,366849,810755
10055,7129,453856,41741,4834,1489484,2009118
6166,4981,125769,37944,5093,340543,523256
10314,6722,208423,46222,5148,292445,571570
10444,5945,332595,57889,5333,396937,811699
9851,6889,477750,36926,5056,343337,882532
6184,4297,202310,36056,5092,451704,707458
9258,6111,191521,37426,4833,1440711,1693305
6832,4500,277156,39074,4611,243638,577848
9704,6981,381125,70204,3370,407222,881181
10092,7223,124500,47019,6333,331848,529442
6518,4611,152766,36981,4796,1487521,1695546
9111,5740,244365,46129,6093,1386607,1701138
5425,3889,420963,39222,5371,344587,821643
10277,7000,413802,35741,5130,287045,761292
7758,5982,126400,37445,5463,362189,547904
6166,4555,212592,40481,4871,327479,598718
9981,6889,293913,44648,6296,392750,758385
8332,6074,389122,42538,4685,333725,786699
7203,5130,177813,83407,3815,257351,537238
6741,4852,356652,39352,5518,299807,714996
6499,4648,271677,42000,5333,1417517,1750434
10167,6333,358275,41667,5278,1294585,1718620
9555,6703,129707,39815,5018,384179,577570
10018,5630,682362,43777,5352,1371515,2121451
9629,5963,276126,91371,3407,1305661,1694583
9407,6574,652670,39333,4315,446361,1160660
7351,5092,457027,54871,6148,407227,940587
11184,6741,536311,36296,5407,1453159,2051877
6999,5093,215464,40889,5296,1470730,1747268
9721,5519,295433,39685,5222,366971,725088
8444,6167,407124,79352,3481,326982,834180
6629,4556,130611,58185,3167,1465990,1671879
4555,4833,183135,46186,6407,1431966,1679657
9740,5741,272919,47352,6055,1442089,1786212
12999,6074,383851,47019,5093,305848,763236
10425,5611,139690,35685,5630,319714,519015
5629,5463,160955,48556,6092,1447461,1676305
8444,6148,239776,41037,5371,262683,566423
6666,4259,334597,40444,5000,314714,708347
10777,5981,1039938,44500,4963,310239,1418492
7851,5000,121571,35981,4593,315537,493497
6722,5000,208836,51722,5204,224809,504386
10000,6074,293787,36926,5111,337339,691052
6573,4000,454423,37815,4463,264943,774384
10592,7037,147539,38871,3333,279958,490127
4925,4149,195267,34981,4315,1344428,1590158
8981,5759,266810,43815,5278,1363198,1695953
10203,7723,356260,34111,4112,360512,775403
5888,4796,138970,42037,5278,322268,522256
8907,5834,146938,44371,4426,351762,564905
5573,4315,246889,46445,7444,1348194,1661157
8907,4796,330766,36963,5055,1506298,1895248
5185,4129,647161,36130,4870,1281920,1981581
10277,6963,349426,45333,6148,407940,828143
10184,7223,201523,42297,5888,245567,515145
5963,4759,304529,42278,5445,342503,707607
8943,6223,387683,38852,5149,1360361,1809545
7462,5241,330615,44186,5722,1272190,1668120
9981,6574,189732,44093,5278,1439665,1697713
7667,5074,739554,37889,5222,387143,1185364
10592,7629,412171,32426,4926,347547,817939
9796,6519,527602,37704,4574,398484,986791
9111,5814,146700,77945,3815,262760,508330
10888,6297,239687,39037,5611,325328,628904
5592,4945,327101,37074,5167,334228,716144
10073,7019,409033,45333,6296,270611,750644
9518,6112,123315,40500,4667,321885,508794
9944,5870,214877,39130,5815,1430835,1709045
10277,6407,294161,80334,3759,301039,698181
8110,5852,384704,35019,6018,280699,722458
10296,6574,144784,33018,4445,329824,531182
7666,4426,179123,55871,3814,262522,515553
9222,5648,265185,38666,5389,297497,623663
7759,6074,359598,46185,6630,1418224,1847174
9444,5685,125103,35038,5277,300061,483071
7037,4814,131332,43259,5871,1430807,1625194
5926,4648,240967,39352,5018,1511041,1809082
6240,4981,334066,44315,5667,1453220,1850545
9777,5926,411905,108112,3759,250553,793384
8018,5574,164040,82778,3667,292845,559330
6630,4963,228786,60945,3167,1435721,1742527
9370,6407,333349,66426,3204,1361807,1782675
6740,4722,404559,63815,3037,343251,828588
6610,4371,169934,38740,2889,261138,485738
10148,7074,187792,46648,6352,1390939,1651139
6370,5074,267353,43649,5981,231644,562108
10426,8611,267563,42315,6611,1464297,1802045
10444,6167,151828,58500,4259,1811012,2044322
6462,4907,154964,44592,6278,300460,519737
8037,5185,237303,42129,5093,301323,601145
10184,6760,322364,47667,6426,362186,757921
10870,5982,764834,45648,5889,1616226,2451486
9055,6166,121005,44112,5259,311288,498997
7129,5278,206455,61241,3926,2047161,2333301
7222,4926,312721,34019,5018,1457287,1823453
7111,4815,390801,37759,4704,1842167,2289913
8981,5648,161696,81370,3370,234469,497794
7166,5074,176720,49611,6612,344813,592534
6055,4796,313115,44389,6056,1414467,1791342
8240,5408,365917,57407,3889,277005,720422
9296,6000,130737,37111,5167,329574,520016
7314,4981,155318,40592,5056,1445284,1660638
5592,4722,248083,32278,5796,213507,511997
11999,6574,333219,44074,5592,1462494,1866545
9778,7000,409335,40445,6426,1435005,1910601
8537,5648,125322,38222,5075,347952,533386
10277,6463,208514,41963,6037,301464,577423
10296,5722,296371,57963,3426,1395989,1772601
7870,5037,387563,42741,6333,203767,655867
8518,5704,144920,30129,4926,331578,527831
7481,4834,178629,38018,4889,369627,605978
10833,6222,264839,38667,4685,1378040,1705397
7259,5167,354326,42723,6463,1427570,1845712
7000,5667,170091,37907,5445,681237,910347
5370,4796,148042,55815,6407,283807,506645
8278,5370,238307,47704,5000,1500349,1807323
5499,4537,378425,38722,5389,319368,754162
10092,6796,408930,41278,6260,1409725,1885156
8647,5889,136324,39297,5314,340618,538052
10611,5926,208534,40852,5055,1434457,1707916
10037,6518,519707,43575,6611,332898,921550
11055,7260,383916,41574,5297,241950,693145
9721,6796,142922,82593,4259,302816,551107
8703,5444,179947,34685,4963,1469359,1705138
10000,6463,260544,50408,5278,1476056,1811101
5241,4759,356143,35389,5278,1807807,2216691
6185,4463,125000,35204,4963,373533,551460
9315,5555,149859,30870,4648,288787,491257
9277,6056,235679,42556,4315,1413125,1713342
6296,4666,323167,37334,4444,313089,690978
10462,6981,416118,39815,4833,1474001,1954340
9981,6055,128271,55759,6222,1496146,1704564
8777,5982,209165,55111,5797,212813,499682
6111,4537,302727,37630,4833,361454,719422
6240,4741,420567,89463,4148,1425644,1952878
8592,5685,152498,36889,4111,310259,520127
5796,4889,180226,67222,3759,1448505,1712453
5222,4111,274547,36500,5074,1363795,1692527
5592,5704,362182,44926,6204,1493973,1920600
10444,5815,127928,45649,5851,295254,493571
8851,6296,149972,46482,5666,1432445,1651879
7555,5444,238959,43982,5963,301500,605478
10129,6611,340669,39426,5223,1390228,1794453
8148,5351,416749,45334,5315,1349925,1832823
6370,4463,133384,37389,5241,718018,907791
4833,4111,209631,40963,4981,1423731,1690509
10907,6703,330545,36092,4556,1504648,1895581
7258,4389,388680,56185,6352,248020,713033
9741,6814,192260,41740,6056,308756,568423
5481,4241,185653,56427,5425,281714,541700
4500,4018,273160,57723,4074,1422755,1768972
8926,5592,359648,87426,4000,343051,811421
7962,5482,134153,34537,4648,370085,559311
10592,7148,139473,33926,4537,404894,603311
6907,4500,1039260,39037,5240,342714,1439862
11258,5982,335949,42759,5296,405677,809051
7648,5648,411122,42037,5352,348096,822792
5647,4519,125664,36796,5537,362463,543071
10295,6797,198651,45333,6278,274253,544200
5852,4111,299065,40777,5408,1477202,1835045
9592,7352,481089,41204,6241,344146,892439
10999,7296,165873,37259,5463,303977,533552
8111,5333,178453,36444,5111,314674,551164
6036,4574,267051,50408,5259,1397754,1733786
9222,5907,363279,46426,5334,1410506,1843193
9295,5908,142007,44907,5648,391842,601589
52240,4797,118272,41185,5056,355317,579386
10463,5925,236260,39722,5074,247164,546719
9388,6389,332692,46444,5130,1412076,1815878
6166,5259,424624,44944,5500,1425643,1914248
8240,5649,121962,54666,4871,311831,509460
12129,6611,204246,42981,5500,306214,579867
9073,6834,291733,43111,6074,1481312,1840211
6240,5111,493129,32333,5204,347051,891495
10500,6852,124078,35926,4981,326382,511368
6166,4611,176047,47019,6018,1463369,1705564
8259,5592,284442,66464,5055,293591,665552
10130,7203,353059,44871,5574,382214,804977
6295,4537,153083,47612,6388,263896,483941
9703,5722,147756,88000,3778,354370,612996
10018,6703,231855,31166,4537,1463581,1749990
9518,5982,363749,44148,6315,318987,750792
10055,6611,407293,34055,4667,1456104,1921045
8647,5315,125094,46333,4871,371329,563645
6574,4889,244488,42797,6148,225045,532442
6277,4445,299106,42129,6037,1460032,1820545
7018,5370,382668,83407,3982,1441580,1926174
11369,6075,128524,50908,3907,349028,552533
5851,4667,176141,50649,5018,1868532,2113080
9111,5815,305944,46852,5463,1411693,1788157
7740,5481,365413,39852,4278,305546,730921
11222,6333,128789,38185,5037,318597,510867
20018,4408,132406,38777,4537,360425,563053
10721,6500,233986,39260,5148,1423763,1721471
8907,6167,317455,38815,5278,391485,770496
9314,5482,411035,43926,6296,1453287,1931896
10629,6518,129726,51426,5852,403660,610719
9574,6870,212602,37759,6000,1352519,1628139
9166,5778,327700,67075,3444,1442566,1858267
10055,6611,424151,88445,3388,1462597,1998488
9647,6482,173489,39963,5334,288026,525459
6815,4740,181626,45148,5463,325168,571127
6703,4500,261113,36426,5092,325124,641033
11833,6407,348360,38963,4463,325006,737144
8481,5648,138087,38371,5463,329225,528016
5500,4463,142833,41852,5297,336718,539238
10222,6444,229840,47260,6555,1397243,1699972
9555,5278,329179,43519,5463,1473365,1868915
9481,7167,445259,64463,6315,1473637,2008470
5758,4723,124135,46685,4944,385825,574107
5778,4555,210919,39074,5759,1400887,1670583
10184,5667,293314,40889,5555,289831,647570
7907,5815,385190,50204,4870,333343,789977
5407,4741,154936,40241,5370,331616,545034
8758,5815,171276,42185,5241,387498,623496
8926,5629,265745,38592,5482,295085,622274
5351,4130,351695,58185,6426,232320,660663
9407,6444,132089,36797,5222,470610,663607
5314,4185,148317,43426,5723,362901,572404
5129,3852,280805,44407,4482,1368222,1709971
6018,5500,390793,38778,4111,342758,790385
8036,6093,2340007,35185,5685,387089,2784502
22092,4870,107397,54055,5426,320138,515960
9870,5463,205328,55648,3889,234502,516849
9833,6685,299668,39759,4870,367773,730662
6444,4649,387840,34759,5185,1442520,1884212
4888,3945,125790,40389,5944,372744,555830
12111,6537,171240,78556,3908,1402157,1676954
6518,4537,261636,40889,5407,1433095,1754212
9166,6092,352920,39055,5463,1377200,1792008
9907,7296,132443,47074,6278,366628,572089
10240,5611,137079,43167,6074,413547,618237
8518,6093,312585,42611,5481,342522,719996
9537,5963,322072,56018,6315,317572,720311
10370,6982,1182654,37148,5537,1478997,2724096
8351,4889,158621,44963,6296,292932,518108
9870,6870,204441,45741,6056,362832,638311
10499,7148,288096,84241,4148,286715,682996
6407,4908,389657,52389,5389,1399573,1860712
8814,5185,156570,42297,5074,375537,595570
10407,6833,166039,50037,6223,289921,532053
8481,5648,272694,54166,3778,1313760,1662046
7981,6556,361255,40926,6185,340722,766644
9518,5982,134056,28945,5185,334996,520905
6666,4833,146970,42315,5296,1388114,1596306
9703,6260,227475,56389,3704,1513421,1819064
5389,4037,380019,46240,5297,293402,736570
9648,5777,411784,46945,5241,220249,702348
9963,6981,121789,42556,5296,352893,542349
6907,5296,233295,45389,6500,1392936,1693323
4962,4148,302653,45463,4445,310139,674385
11426,6426,381363,54259,3648,283040,742737
10203,6444,161850,37315,5426,296091,519497
8592,5537,166393,36111,5333,345419,569497
9869,6778,256714,40407,5037,1382444,1703360
9351,5611,424683,47981,5371,350793,845902
6259,5018,478171,36055,4686,1355152,1887360
6648,5111,141027,82093,3852,261544,502331
9944,6815,467645,43926,5908,1424214,1960804
9703,6574,324558,40482,5778,323178,712848
7722,5629,408490,43111,5001,1439258,1911859
9759,6315,174013,78686,3981,264354,540015
8370,5500,197778,47130,6315,1468952,1736730
6315,4055,296822,54445,5759,291007,660700
10648,7148,104809,35315,5518,408170,574441
9056,5925,175760,40611,5815,335311,575034
6944,4445,541969,38667,5778,1274668,1874675
10555,6241,254308,36593,5019,1460922,1776638
8388,5463,346555,38223,6055,289404,696978
10537,6778,128375,34611,5185,347196,535146
9166,5667,139603,66982,3685,1409035,1637231
5870,4092,238351,45648,5926,323331,625922
10147,6797,386263,36982,4000,310880,757551
8537,5704,415251,53518,3556,334577,823366
7963,5259,123868,55240,6500,378593,579775
11463,6333,198966,41056,6037,363104,629404
9740,6963,290898,43111,5667,1423295,1781804
6277,4759,479682,30037,4630,283647,811865
5888,4148,155780,78815,3704,262309,513293
9796,5555,177138,44944,4686,382525,626978
8240,5759,256940,57593,5944,638203,975216
7018,4222,401354,81963,3704,260216,760903
4462,4000,123748,40704,4167,302564,482312
6833,4278,142605,41982,4574,378836,582071
8555,5741,234574,42352,4630,233293,531312
9999,7241,322821,37426,5056,345822,730496
5777,4092,598662,42722,6185,302519,962864
8851,5074,167629,89760,3889,234219,512219
10222,6907,198876,53166,6371,754581,1032716
7333,4500,289937,108001,3851,1310016,1725713
8926,5833,379443,53926,6223,276774,733626
9203,5500,190245,41629,6019,242067,496960
9944,6926,151084,42981,5186,413412,632200
8814,4704,259368,44000,5741,321498,646940
10537,7444,342504,38204,4833,1396838,1802749
6259,4185,131287,44037,4370,332100,524812
9536,6852,522701,46648,5056,1606786,2200524
4944,4148,244725,42278,5333,1421358,1725694
8536,5630,586213,39944,4926,1612645,2260709
8907,6019,400644,40333,5426,351426,815292
8944,6296,355539,37444,5111,429697,845939
5944,4370,241452,92482,3481,1374113,1724712
8500,5777,330903,64796,3148,1384606,1800267
11167,6500,386334,30093,4277,1365767,1807712
5962,4815,138692,51981,6019,317361,526978
6240,5407,168549,42630,5352,1464497,1695545
6426,4777,263963,35741,5111,263367,581812
11388,6167,409543,44741,4333,304249,783125
8129,5519,126751,36278,4852,343005,526627
8573,6019,148794,42834,5537,288832,502645
7110,5463,232042,41185,4797,1441022,1734212
5870,4371,325288,41722,5408,1421682,1806675
9240,6037,421091,41722,5408,406478,892106
10240,6926,171819,44703,4019,296123,536830
9907,5852,195991,62500,3611,1390221,1670972
6240,4371,297478,40426,5167,332573,688348
8888,6185,452189,80981,3649,334750,889495
6851,4834,144545,31778,4092,415118,609959
10685,6759,168496,54389,3778,263149,509757
10036,5500,257817,37833,5926,1328841,1648879
6574,4370,401971,56741,3574,281839,757533
8056,5629,125587,43612,5629,344873,535497
9129,6222,135927,37463,4963,294830,490645
11351,6315,227896,43092,5426,239398,536053
6592,4593,324216,54426,3871,1485902,1882971
6444,4704,406667,41704,6388,1421989,1890656
5888,4500,1038267,30871,4981,436465,1523528
5870,4092,213160,44778,5518,1337832,1613639
5796,4389,309981,36518,5019,1421861,1786064
12462,6204,371931,34426,5074,299824,731959
5407,3926,1052716,35389,5074,1501083,2606133
8944,5574,180016,44056,5222,1434270,1680249
8518,5981,267356,36741,5000,1823187,2149265
5592,4407,360566,49166,5056,313226,740106
4833,4185,124015,78389,3649,1946250,2164247
4999,4111,1738803,44296,5741,288371,2089340
4740,4223,227249,37759,5241,1434111,1715564
9759,6500,346700,37240,4908,295148,702440
7351,4759,404317,36575,5277,1437376,1898341
8814,4574,128693,34926,5000,364230,548071
5259,4741,203754,41130,5277,243114,505757
6351,4519,329816,46537,6241,192402,588015
9500,6611,377118,45130,5870,1322353,1768712
9037,5851,127642,40204,4130,361447,550201
10055,6148,164407,37649,5351,1542305,1767916
7203,4611,258802,41704,5833,1439206,1761397
8481,6000,347753,36148,4982,1358644,1764286
7593,4796,136221,43148,6408,1481843,1682157
5129,4241,140023,36741,5370,317974,511571
10407,6944,219307,37778,5167,1382813,1664472
10130,6574,310239,52759,5444,280369,667293
7018,4315,408505,35518,5278,351583,814385
9963,7278,165287,84797,3796,224376,498423
9648,6666,190553,36741,5444,1482901,1734120
7425,4352,331466,77260,4111,1473930,1901192
13092,6000,370954,41370,4371,1435868,1874285
9203,5963,137014,28834,4259,343797,531886
10611,6666,161169,56722,3945,1424340,1666361
8369,5556,258952,33408,4389,1457722,1770730
9556,6407,313162,70389,3037,1469123,1874230
8888,6833,1201263,56371,6592,1320741,2603077
5721,4371,140303,34000,5741,386415,578644
5018,3889,235605,59056,5574,1423403,1734638
10036,6186,318574,36463,5056,369606,748107
10111,7296,791933,56445,3833,1472405,2344653
9444,6556,207678,43834,6148,293837,569608
5444,3963,199999,46223,6092,2377467,2642818
9536,5611,287746,48926,5371,1415281,1774638
5518,4444,375122,42778,4963,2156326,2591318
7777,5574,145091,79240,3297,375035,618570
5592,4055,173486,38241,4814,290253,519071
7870,4463,270788,39314,5000,1414851,1744712
5425,4315,404831,84259,3389,302035,806569
10648,7055,121892,37741,4852,366734,551701
5703,4204,138064,34260,4703,392118,581423
6889,4315,231607,53574,3574,292963,594997
7388,5519,315854,49815,4852,374956,760866
8963,6296,400582,49501,4870,1416240,1888619
5684,4185,127736,62389,6130,330057,538996
10740,6129,190502,44463,4963,262810,521774
5684,4352,293822,46315,6204,1456390,1815211
10536,5686,372124,42334,5333,258501,696681
9907,6944,182426,39056,6019,307533,554052
6055,4315,167839,47333,5574,1451225,1684453
9574,6611,248568,71241,3944,1476459,1818508
9130,5648,390518,68148,3945,1509526,1989508
9166,6074,125690,41759,5463,499362,690570
8907,5834,133492,50019,5277,423097,630626
5870,4296,225832,43722,5204,1375325,1663102
10018,5926,312209,46870,6019,1445188,1828879
7962,5723,407381,37722,4778,305114,771273
7944,4259,155275,81075,3537,345332,600071
8796,5685,191874,35500,4963,317864,566997
8796,5685,672306,61130,6130,1448903,2205728
6314,4796,457460,39482,5704,331553,848199
7055,4797,138317,36389,4814,373736,567608
9592,6426,168805,39648,5463,1492704,1725249
8684,6315,258440,45797,5629,1469031,1797434
9796,6037,340076,37907,4815,2047484,2448190
6833,4815,122359,45296,5908,379119,567219
4722,3944,146124,36574,4797,368613,567441
9481,5833,233667,52889,3649,306218,614719
5166,3889,324025,44889,4797,1411186,1796490
11555,6537,404661,45907,6056,311131,788588
8926,6592,126426,57444,3871,1545546,1751639
9240,6482,191802,37685,4685,294399,547016
7981,5425,282438,44241,5981,1485867,1834637
10759,5833,385981,77463,3685,1418120,1905563
10092,6945,130967,37260,5185,338789,532016
9721,6778,167325,43741,6093,1432276,1668101
10148,6778,249257,47852,6074,332369,654960
10221,6093,343522,37074,4834,352362,756273
9111,5815,121305,40982,5796,385951,571108
6000,4315,139292,67389,3556,249945,472738
10555,6574,268429,41666,5500,1400469,1735231
7444,4907,320361,52555,5149,261820,654292
7166,4611,1227868,37167,5111,326882,1611046
9370,6203,123557,47297,5111,1407286,1601231
6426,5037,198878,42518,4834,1444223,1705343
7314,4759,292217,38778,4704,1424439,1774563
10758,6167,373594,111074,4074,1309174,1816971
5981,4685,159451,31352,4889,1490502,1698897
8018,4537,170883,81945,3963,1340867,1612195
6758,4519,280500,72074,4593,1282934,1653453
5703,3963,354376,42037,5093,310360,724144
6296,5204,125826,44740,6371,663410,853773
8389,5389,134869,85185,4111,1404399,1645121
11611,6481,227116,30481,4963,1963112,2245839
7092,4556,325085,43389,5481,1431590,1820860
5796,4166,104924,40389,5778,319332,482867
9852,5870,124281,52501,5555,1472265,1672620
6703,4518,193899,49574,5315,374672,636866
6703,4519,282256,58019,5944,1353012,1712508
10351,6352,421355,40463,4389,316474,801829
9333,7056,185620,40426,4796,264192,513553
6611,4296,205051,30260,4574,244112,497016
10018,6852,247280,50500,6500,271810,595034
8018,5870,347656,43964,5425,1509037,1922970
8758,6130,119884,43111,5389,374520,560385
7648,4982,131685,37352,5315,1522693,1712268
9777,6037,218285,64778,4055,1351928,1657324
8278,5592,312865,42963,5148,1514180,1891230
10241,6870,395352,41241,5630,1468877,1930693
7852,4611,125635,52667,3630,365102,561571
6203,5037,206586,43889,5426,1424423,1693768
6222,4555,287814,39296,5797,304015,649922
10333,8222,379950,32315,4648,1462077,1899749
7129,5260,127362,42019,5037,368245,557608
5536,4889,172943,40370,5019,272091,502941
10296,6352,250689,48111,6278,293381,617293
9203,6445,354491,39723,4685,353726,770385
10000,5426,1039517,47667,3426,1507819,2616356
6222,4519,134854,48278,6241,402512,604997
10203,6166,216102,41018,5500,1387167,1668453
8388,5463,323071,38167,4685,297666,679903
7925,4593,484354,35537,5112,302566,842236
5648,4111,126823,87926,3778,1363742,1594288
7832,5723,196143,58185,3667,1392106,1665731
8036,6056,289668,30444,4889,1460618,1801804
11666,6333,376026,41630,5926,1467019,1911489
5240,4296,172161,39500,5537,337095,566589
9814,7000,180259,35982,4593,2003524,2243468
4777,4019,304024,90482,3148,1300410,1709879
10555,5852,349623,43982,5759,297391,715848
7555,5389,745075,42833,6056,1621393,2430949
10055,6574,134227,40612,5555,337566,537108
8407,5445,218529,40834,5074,271004,552164
6944,4686,320128,43111,4704,374312,756441
10036,7056,415616,44648,5296,1337541,1822471
8018,5315,222639,42574,5445,289542,576108
9925,6945,187145,55741,6130,248981,517812
8648,5333,317115,44166,5667,336196,719588
9166,6111,425769,38907,5389,366893,854328
10333,6907,1557592,42908,8056,1370390,2998946
5277,4204,153373,40889,4333,394994,605182
8963,5389,259508,38704,6037,1361445,1682639
9499,5871,344921,40982,4685,251056,659403
7055,4778,125167,41130,5537,294107,479904
8925,5722,146766,46093,6741,268360,484941
8352,5129,232032,42426,4463,1357885,1653046
10111,6574,328630,87686,3370,1411100,1850990
9370,6870,441192,64723,3277,1459038,1986618
8851,5945,185104,45315,4704,295633,548219
10074,5907,193518,40278,5241,1490601,1747861
9852,6055,283487,104148,3519,1312503,1722046
8740,5648,433827,35463,3981,388409,878717
5870,4426,131350,42760,4611,363850,555534
11388,6741,155264,35426,4333,404455,620274
4537,4111,261158,52685,5760,424837,755959
8870,5777,336591,58704,5926,1504380,1922378
5962,5297,139947,42519,6518,393660,596515
11574,6333,128083,47334,5981,1515889,1717824
9203,5704,258348,43556,4482,1373030,1696564
9352,5814,351448,67777,3593,1457005,1897434
9167,6314,402250,83611,3926,273765,781514
10610,6204,126829,44518,5482,329761,525830
9203,5537,226779,44297,7278,1401303,1696916
9815,6203,379767,40723,6203,325210,770292
8166,5759,419773,92037,3593,253630,785569
9703,5592,128205,51407,5667,323607,526719
10147,6759,178266,36019,4444,1487206,1724971
9018,6056,258327,42444,5037,1603032,1926415
9610,6537,415778,43297,5463,363921,846736
10222,5667,354395,46037,5148,1301484,1725083
9741,6444,134567,42352,5444,1531312,1731750
9221,5593,216832,58889,5555,1531565,1830489
7222,5018,357561,49778,6389,314472,742774
10407,6019,401937,45963,6018,275800,748570
9352,5907,169368,36722,4371,310888,539330
9370,5611,189226,38667,4741,263771,513720
10388,7074,285695,62222,5426,278450,651404
10907,6371,402349,51889,4296,306165,783977
9370,6796,126540,46574,6370,334013,532145
7481,5093,158823,42278,4907,1416353,1636991
8592,5500,245070,78963,3963,1425697,1769915
11704,6259,337002,40222,4389,1440821,1842656
5518,4167,142266,31926,4704,313564,504682
10481,7371,131531,33686,4222,444687,634923
8463,5722,225223,45315,5630,1446878,1740176
6407,4055,316859,38278,5426,351785,725329
9740,6870,393291,34500,4426,382630,834273
6518,4630,161981,45834,3222,287831,512627
9388,5871,185487,34685,4241,1472281,1715009
10055,5852,321808,87852,3111,1317089,1748472
7518,4703,368148,37741,4981,337811,763329
9481,6500,149042,44222,6222,366752,584997
7166,5204,158659,50907,5852,286301,516682
7000,4314,256221,36463,4629,1407659,1718472
4999,3982,372374,72741,3296,301806,761329
11314,7352,1194086,37667,5129,1890581,3148426
7611,5944,325943,37389,4389,1484120,1868748
10148,6148,1032431,45500,6277,1416796,2519374
20148,4963,298101,43815,4500,318376,692015
9481,6518,392571,41352,5259,281629,738848
9759,5870,152595,40074,4204,279569,494127
10796,6074,391453,39944,4704,364116,819903
6074,4592,286458,79686,3833,311223,693737
9277,6907,273798,45740,26519,386198,750643
10295,6815,166581,35945,4870,293231,520441
8499,5167,1500219,34741,4908,344343,1900063
5685,4407,260112,88092,3537,278441,642348
8647,5537,366933,42703,4575,337044,767514
7481,5166,650920,34908,4333,1274124,1979396
6870,4740,151907,43370,5056,316146,530182
5333,4203,247431,43815,6167,1484651,1794397
4463,3944,315771,42129,5482,1454293,1828268
10499,7204,562073,44981,5686,1305138,1938377
5370,3981,173300,40963,4926,332308,563441
9981,6777,193899,43945,4518,317802,579811
9462,6426,283035,70037,4129,1419363,1795101
9629,5889,368114,35408,5166,1447190,1873785
10221,6019,129805,43389,4518,373970,570645
5610,4223,164607,31963,4704,510759,724681
9703,5852,267910,45166,5260,1364747,1701527
5555,4870,361416,45981,6167,1446666,1873193
9777,5778,425663,58648,6519,1365493,1874582
7000,4759,131279,44092,5667,416384,611571
5610,4223,224229,40907,4463,1453872,1735416
10555,6519,303883,43000,6241,1464328,1837101
9110,5537,784242,48593,4630,390621,1245215
7852,5740,176932,39982,4055,306658,543886
10481,7203,213290,43722,6038,739796,1022475
9037,5778,282314,42630,6259,1426120,1775897
7870,5259,381450,41685,4852,338009,781255
8518,5537,369270,46723,5148,1466903,1904063
6888,4815,973352,40889,5722,334085,1368548
10463,6722,244319,36167,4407,241474,546090
10129,5352,348640,46371,5259,304578,723107
5944,4370,473554,33556,5037,1441398,1966100
10926,6148,696542,43592,5926,1549112,2314672
5796,4111,225065,45740,4945,1355796,1644435
9407,5889,1471296,33481,5056,324990,1852286
6592,4593,404354,79167,4167,1483097,1985581
9574,5981,1065251,44371,6130,303703,1437066
6314,4426,211347,43519,4963,307205,579959
5555,3963,283298,55463,4667,298976,653923
10055,6722,429601,73981,3167,305654,831162
5000,4093,151012,34334,4870,384354,586479
9277,5963,175426,47574,4945,1461564,1707434
10296,5871,266876,46260,4741,1411427,1747916
9222,6777,334031,41149,5703,1486940,1886359
9073,6056,1105187,35574,4611,1410298,2574115
7778,5574,149246,47129,4908,1489262,1706009
9759,5685,218659,42945,4759,1403164,1687972
10110,6371,320072,42204,4759,343090,729477
6592,4389,418671,46963,5112,1348947,1832841
5463,4426,141713,43630,4870,316876,519071
9369,5815,233257,45371,6240,1478455,1780582
5258,4611,279874,36741,4722,1461098,1794952
7370,5796,364306,58852,6056,325263,770162
9870,6203,159145,41371,5944,322037,547219
10740,6037,173262,46222,5167,597955,841347
5536,4037,250027,40741,6296,1382482,1691860
10018,6241,429218,58834,5852,264184,776459
10278,6796,149705,36685,5149,1435970,1648065
7833,4963,139859,48556,6481,1511761,1721934
5314,4297,220254,41722,6259,253632,533534
8129,5630,400353,43982,6481,351939,818644
8481,5334,313766,41759,5926,1530408,1908527
5963,4055,172531,42315,5685,1792865,2025451
9703,7111,226759,42611,6130,311478,605681
5944,4389,328191,43093,5981,1410428,1800342
7036,4537,367846,43129,4815,1475959,1905730
6648,4685,1011186,40592,5852,320029,1391159
5611,4611,200968,43444,6000,1430282,1694398
7759,5037,267251,43352,4759,2085661,2416430
8370,5407,383498,79056,3945,327756,810755
10185,6166,2181786,45019,5537,1483341,3734293
8870,6537,140201,39296,4426,1467605,1669305
8388,5722,263275,40278,5111,1312771,1637990
7592,4834,326929,46296,5815,425529,819977
9758,5612,394675,42537,5334,1386036,1846674
4758,4241,148811,88815,3500,324556,577274
8518,5686,194001,51130,4148,287366,553664
10111,6500,279767,40630,5852,1334593,1681195
9795,5612,391236,43222,5796,1419327,1877452
8796,5759,150519,40463,5908,316737,530553
7166,4704,158580,56130,4648,277306,510571
11000,6666,264254,80111,3167,293464,661070
11277,6463,331038,41055,4482,325514,722496
9185,6593,452487,38482,5370,465359,980217
8481,5463,127048,44148,6278,320226,514200
6018,4389,239962,106944,3537,232201,595959
5758,3945,318486,80093,3074,340287,754088
10148,6444,395734,67519,4203,1465867,1953230
9388,6611,177073,34463,4796,297721,532034
9462,6222,183338,43666,6426,1428598,1680157
9704,5907,316399,49444,4815,1332351,1720731
7814,4426,383738,41908,5685,319665,765995
8518,6037,184966,41482,5815,338530,588145
8870,5926,154286,66908,5611,1437871,1682231
9889,6018,278997,34407,4741,1417345,1754009
6870,5074,2266414,41445,5889,320681,2648577
6221,4667,129230,44370,5500,317360,509386
25796,4796,111421,43426,6519,326613,520979
10684,5834,209279,42000,6185,297996,574348
4999,4278,398952,44481,5945,313043,773810
5777,5223,395698,48556,5703,1876233,2339338
5295,4760,134888,43408,5481,370960,567441
5407,4981,188099,66889,4092,334435,606385
4629,4889,279975,43630,5815,1388256,1729361
11130,7814,356037,39907,5630,2123523,2546578
8148,5518,126913,45074,5629,362881,556312
5296,3777,160733,36371,6889,1439053,1654768
8944,5629,251332,38574,5130,257091,569182
5278,4888,392579,34908,4592,330250,774663
9999,6371,426362,77426,4297,419206,946217
6295,4797,178571,49074,5926,322574,569700
9925,6444,258244,42686,5000,1402801,1727415
8185,5389,306046,43649,5963,379430,751089
10518,7000,389238,37389,4981,325481,776718
10555,6203,167799,73982,3500,236957,501386
7000,4778,192804,44759,4500,1471908,1728565
7370,4852,275680,68963,4037,1406643,1770082
10296,6722,359761,43037,5500,1445395,1873322
6574,4815,132266,41833,5537,344657,538108
8778,5648,156901,89167,3741,375946,642497
8888,6074,249778,56075,4314,292533,620348
5278,5166,351229,41333,6167,337989,749792
11351,7000,400142,40648,4611,1391477,1857785
4518,4778,136018,33185,4222,291906,477090
9537,6185,220764,46371,5685,1476818,1767490
9129,5593,352104,45407,6500,342651,763681
11166,6537,480851,40852,6074,347107,895254
5352,4740,127949,83148,3796,1445061,1672194
9722,6092,180547,57723,3944,1476554,1736620
9666,6186,1066184,41815,5482,291899,1423992
7703,5518,381671,45519,6833,327806,777125
5370,4722,151231,40111,6111,293822,503404
8925,5759,150812,40426,6296,1490308,1704601
7110,4759,248929,44889,5981,1435043,1749064
10888,5833,335324,49556,5722,418523,827939
10018,7093,447644,48074,4463,1400697,1920174
8333,5370,132094,44592,4889,354607,551885
6388,5334,224581,40352,5259,1461001,1745712
5759,4277,312032,43389,5426,318353,691940
10148,6944,385075,48500,5148,1434303,1893508
9166,5834,139487,37612,5407,316435,517016
8277,4944,180790,41241,6259,1469997,1714045
6055,4741,293555,37686,5074,1370860,1720305
5999,4982,370394,40612,5166,1395484,1824804
5926,5018,155382,79000,3648,265653,516664
10555,5797,155368,43352,5649,1390640,1613991
5888,4222,250727,56037,3871,322436,645440
7963,5870,718752,45519,6426,1548475,2335024
10463,7148,413516,55982,5389,1499120,1994211
8147,5722,129467,46815,4907,353197,551015
10296,5537,220176,41686,5574,1468277,1755231
6129,4519,316960,41463,5389,322517,699070
9629,6093,385021,40593,5296,1414153,1862860
10277,6963,169286,64704,5074,337951,596737
7778,4888,180978,60185,4074,1457957,1718064
4648,4055,275428,35259,5074,1499173,1825860
9777,8240,376564,44500,5296,324803,771791
6185,4926,129643,51000,6018,326614,527071
12518,6555,144130,42426,4982,1572230,1785452
8833,5611,637749,41241,4851,317357,1018143
10629,6278,378124,45241,5241,296871,745292
10000,7000,796038,46037,6093,1677965,2545300
10240,5982,130765,37518,5130,303825,496053
8814,5815,221530,44852,5555,1810717,2099858
8833,6204,304740,84278,3814,240553,650589
7388,4852,397505,39241,4703,296676,752884
11185,6278,292066,36704,5222,1498719,1852341
8759,6519,188257,109241,3574,315757,634404
9314,6352,315078,72204,3315,1390948,1799878
7111,4759,393436,77759,3408,289133,778440
8796,5351,128367,42186,5666,341426,533923
4722,4185,550670,37296,5260,1378633,1983026
6130,5018,246768,42482,5611,1305889,1614602
8555,5518,392441,39260,5092,1386789,1840563
5944,4277,459207,45722,5000,272641,795106
9537,7092,129323,39056,4759,348619,541108
9629,6370,213403,37408,5111,1400365,1674861
10092,6259,349261,39055,4426,369309,780903
9629,5833,466082,38852,3185,294951,820958
8166,5482,126068,82111,3296,1470330,1698250
9259,5908,183129,52760,5796,259682,519460
6221,4871,271394,48704,6482,326120,666551
11444,6315,363549,34241,6111,330409,754385
8443,5741,125147,68889,5111,360035,575330
6925,4759,155153,44204,6204,339492,558848
10018,6667,242344,38093,5185,1341461,1646472
7815,4592,343702,81612,3148,1373824,1817545
7037,5000,1201450,37963,4704,281263,1539639
8536,5963,129343,37482,4426,364172,552015
10259,6574,252497,66667,3445,1372529,1714546
9777,5297,307447,43538,5592,391807,766144
7888,5945,385639,36870,5500,359468,803643
9147,5908,150588,49686,6018,369279,593422
10259,6981,197817,34130,4630,1428136,1684176
8351,5278,318989,65204,3093,1352278,1755527
5222,4759,369033,35482,4055,1402161,1822842
8018,5111,121390,44277,5815,301867,489052
5963,4963,153118,42852,5037,309416,523331
10295,5963,241532,32426,4241,394594,690922
9222,6222,333371,56297,3907,315977,726811
10074,6907,413247,34334,4407,220638,692533
6777,4926,130012,44259,5575,342262,536553
8555,5223,213221,55500,3630,269775,558979
7796,5037,379858,40777,5149,291860,732070
5777,4333,475438,34981,4889,300132,827273
6221,5111,326166,48685,3889,1971247,2363542
8740,4741,567116,38741,4611,314786,940513
5833,4481,271325,32611,4445,1803792,2125321
5018,4000,362127,55000,6352,261998,696866
7740,5259,126670,43685,5222,302180,493738
7203,5185,156583,43260,4592,1538333,1757749
5740,4389,242181,37204,5019,1371549,1668712
4796,4055,389892,43296,5260,349307,799718
5166,5463,419157,73778,3630,1431609,1940989
8574,5111,128754,78982,3759,1460532,1688583
5999,4482,215631,34815,4889,269828,537219
6795,4797,300600,38444,5426,325637,684496
7129,5074,392866,37759,4815,325222,774662
7888,4889,203574,37038,5574,241237,503071
6241,4963,178524,41667,6296,1427540,1667380
5055,4111,271735,39944,4945,1478218,1806971
10166,7463,355574,80278,3611,1450192,1909896
5685,4389,140949,81056,3518,305362,542719
7074,4981,149308,47370,6259,1454091,1671843
5352,4259,241313,38482,5352,244202,540664
9518,6204,322653,35574,5018,1494022,1875415
8444,5370,658975,36981,5500,1273533,1990878
6537,4870,125553,57722,6038,314832,518423
6851,4907,210393,45148,5185,298993,574237
6536,5019,310954,38741,5463,1439628,1808989
6685,5611,395016,59852,5907,243351,718663
7481,4870,133021,69148,5686,276087,498978
5870,4537,188490,36685,5000,333248,577349
6555,4944,655534,43833,5537,1452713,2172006
6092,4963,362262,45629,5982,1464487,1891212
6185,4833,127044,44278,5889,352842,544034
6000,5092,167847,45037,5333,1412089,1644250
5074,4722,554631,41630,5185,1429728,2043803
8944,5722,325247,46112,5944,1455334,1850045
5148,5352,650050,38204,5278,278610,985254
8500,5629,126056,36203,4260,325349,508238
7185,4926,608358,55482,5870,1385907,2069766
12388,6334,294845,40241,6111,1495848,1857693
5926,5518,628556,47500,5833,1269822,1965396
9333,6278,150782,43019,4315,295011,511664
6111,4777,187177,35334,4778,1406850,1647824
8667,5129,273165,52037,5537,287609,634423
4851,4537,365115,106852,3185,1411189,1898396
6111,4722,129732,73944,3130,364506,584497
8018,5500,149163,44815,4519,311778,526127
5907,4111,244874,49944,5222,1376895,1690361
9425,5778,323916,37982,5222,316857,701477
7388,5130,416256,45722,6148,1414900,1898396
5926,4185,132057,40111,4574,378366,567330
10296,5685,215601,39463,4685,1414797,1693305
5370,4851,298236,48778,4593,246223,610422
8351,5019,391908,41982,4333,328328,782069
5351,4444,120248,41944,5148,387231,566552
10444,5814,176920,38538,4592,343799,582941
5166,4074,270333,33574,4389,1381046,1700953
7537,5000,363802,56834,6500,297841,740311
8000,5296,129512,46481,5815,370078,569053
7240,4963,161832,41445,4722,1436936,1659527
9111,6111,246172,36703,4556,1426189,1730916
6611,4444,393067,43574,5445,290651,746033
6277,4889,376072,40778,5037,388719,823884
10073,6093,123041,37463,5222,387585,571682
7573,5297,214787,32111,4963,354209,621107
8832,5815,301479,37870,4408,343276,703736
7444,4963,386096,45444,5519,1396374,1848619
7389,4370,139824,78204,3240,257952,493720
6925,5722,468330,43112,5037,1428491,1961192
6407,4592,270854,49241,6241,1335192,1675453
6240,4241,964213,36852,3926,1501791,2519115
10056,6222,123365,39500,4648,318873,504905
6703,5093,865188,41815,3629,1454188,2378727
5537,4389,256470,88148,3407,1410076,1770101
9018,5796,337495,39389,4574,280742,679681
7444,5315,422815,48945,6278,1358618,1851545
7758,5297,124450,39333,5371,317009,501404
6610,4889,206716,38000,5074,1440867,1704897
5499,4630,329018,41704,4481,332015,720199
6332,5111,405099,35129,4926,1394225,1853026
9426,5889,119436,55019,3148,307283,502312
7425,5278,182868,37352,5167,1498270,1739397
6110,4722,277042,47889,6296,1370004,1714230
8721,4797,426992,78222,3574,258152,783199
5444,4963,121849,52815,5500,309666,502923
6574,4611,147114,36389,5204,318993,520756
6333,5111,237676,39278,4907,1391500,1687583
7296,5722,332034,55889,5111,314721,723700
5888,5241,1071208,42204,6278,1465758,2599392
6907,4223,140637,44260,6129,1502779,1707842
8314,5426,211273,35223,5166,1416680,1684861
7333,5000,301854,49092,5797,423882,794829
9426,6537,379174,40963,5000,1515259,1958100
6110,5241,155569,46611,5722,397317,618218
6259,4648,182408,43852,5500,1469860,1715509
5389,3925,276507,37518,5167,1393243,1724527
8018,6593,364809,46889,4259,236854,670274
5333,4148,121259,38703,4297,309775,486479
6296,5018,1005489,45260,5611,289059,1359196
6740,4593,236677,52130,5482,193615,502015
7425,5389,330388,78630,3352,1537749,1964785
6018,4388,415876,45518,4278,1454836,1938414
7463,5222,507493,47277,6371,1344515,1921063
8314,4870,210424,42945,5277,1385438,1659935
5833,5111,294985,40111,5056,1903446,2256376
5722,4278,135750,52074,3815,315932,519219
6536,5223,169459,39074,5686,1980046,2208265
7944,4981,196447,36408,4888,1373915,1627435
5759,5093,269286,42963,4778,1403796,1734287
6944,4685,355014,58297,3629,207760,639940
5722,4463,144835,36296,5371,288773,488368
6481,4796,149655,45260,6500,288304,502774
4499,5241,242476,53519,4481,330483,642422
11722,6500,332742,52741,5537,291291,702719
7407,5074,412767,48648,6518,269767,752922
6092,4741,124123,42501,6722,307540,494460
7611,5148,209185,42296,5333,333534,605348
6241,4685,390635,38038,5518,1489631,1936897
6684,4926,382920,54870,6648,330669,788588
12110,5926,128684,39796,6223,335368,530237
7166,5000,175912,78352,3778,1536466,1809378
9296,6037,270214,101815,3834,1344294,1737509
9129,6222,349257,46686,6185,1455491,1875082
8055,4852,155819,37278,4537,286438,499831
6258,4686,159416,48963,6130,1478592,1705916
5129,4518,278497,90352,3463,1356604,1741323
9592,5907,321577,47167,6204,1356431,1749582
5870,4426,428472,37648,5130,343319,827514
6425,4907,126515,38037,4500,318816,502108
7573,5185,210243,42444,4223,347716,619107
5536,4167,351378,41593,5074,280859,692403
11648,5907,592681,46056,5741,312091,976217
7111,4703,149760,79427,3314,2008561,2255598
5259,4629,176933,46296,5112,352693,593571
5704,4222,266568,40926,4389,1433162,1756768
10481,5797,370907,51371,5389,1375785,1821897
6092,4852,131654,44222,4426,2030852,2224969
5259,4426,151141,42333,6389,1433812,1645453
7684,5130,274258,47371,5722,2084246,2426523
11129,6296,361746,43426,5500,1428540,1859397
6315,4963,413863,49259,4815,1902030,2383413
7110,4871,123294,41463,5111,329221,514626
9185,6092,209504,45704,6111,1411449,1689861
6074,5037,351158,52241,5926,299227,722552
6185,4574,388738,39667,4463,286869,733144
6592,5000,158669,82667,3704,257734,517330
5852,4351,182750,59259,5741,1430648,1690416
7037,5018,271052,41741,5278,269852,602348
10574,6074,400150,37426,4204,333123,793681
7685,5185,126878,36815,3870,330934,513405
9167,5814,144903,45593,5907,376427,589923
8185,4555,241705,52630,4759,1410156,1725508
6222,4556,356248,59944,6019,270488,705496
7296,5129,411458,41574,4426,242946,714607
6037,5740,121352,41426,5130,386200,567886
7851,4889,208543,31167,4537,1434040,1693009
6295,4945,296456,39593,5333,1509737,1864452
6888,4667,387055,47334,6222,263181,717440
9981,6185,134968,35648,4796,327011,521275
6777,5018,174622,41908,4278,1458368,1693046
9296,5982,260535,69019,3722,193035,543664
7574,5111,352467,41519,4408,1357744,1771657
5499,4204,132991,34519,4926,347635,532682
7278,5463,144386,39740,4797,1459826,1663676
5203,4593,243707,47574,6444,236160,545404
10259,6537,325139,47130,5944,284302,680978
5852,4444,419756,52426,5723,225795,716885
5148,4019,130316,36667,5389,312532,496683
6222,5093,204137,39871,5185,1440797,1703713
7778,5463,291588,39667,5259,1486049,1838027
9926,6518,380761,54334,3796,282235,739403
6870,5037,144600,85889,3963,221675,470942
6907,5055,173439,34074,4741,1443626,1671305
5462,4704,268186,52852,5889,1401822,1741508
5222,4278,399673,79204,3500,290711,784329
6925,4760,124252,45889,6204,309633,499793
7888,5611,141111,38037,4630,282275,481479
6222,4981,249654,43037,5518,244658,555923
5758,5167,398567,41760,6166,295595,755106
11332,6167,595833,55982,3814,304106,979457
6426,5240,124171,52778,5222,317327,512979
5592,4667,205288,41907,5204,334134,599682
5611,4685,317813,42722,4852,340294,719626
8499,5315,391337,53426,3593,301047,765384
6055,4555,161380,29426,4852,322747,530885
9981,6388,169830,45352,5093,1500345,1739841
7092,5037,267966,58704,6000,225975,572867
10444,5481,352750,35111,6019,1439980,1851878
6500,4611,141606,41834,6537,1500587,1703675
9055,5722,139891,43222,6259,1468693,1674861
6815,4889,231896,44778,4926,239397,534812
9778,5592,330199,37722,4630,1429643,1819620
6944,4704,411056,36964,5296,1459951,1928878
6481,4926,129210,41870,5370,318880,509552
9018,6074,199475,38612,5259,370669,630978
5518,4352,316297,33037,4537,1359416,1725935
4592,4037,388858,47203,4204,285768,736866
7370,4926,159103,48704,5204,301319,528719
9647,6130,183073,38222,4722,318591,562478
6166,4334,896950,34389,4574,1267111,2216210
5111,4352,382233,44907,5537,316041,761070
7926,5240,156183,38352,5630,302184,517682
6481,5129,144004,41555,8315,322697,529959
10629,5630,233028,46445,5722,1428091,1732879
5110,4167,391886,39148,4612,267572,714551
10258,6834,418299,35056,5241,1398097,1876248
6777,5074,139286,42037,4204,324248,523645
10611,6111,221644,72445,6555,1408494,1727879
5610,5204,293539,87963,3852,1448450,1846563
5444,5370,170285,41241,5241,966245,1195604
6721,4408,201087,37630,5500,575093,832402
7574,4815,173501,43463,5166,1360361,1597288
5056,4185,269988,51796,5445,1492964,1831490
7259,4537,360921,38074,5574,323020,741681
5944,4963,133240,35519,5074,316035,502886
9758,6167,139209,31612,4666,335454,529385
9462,6223,228808,40796,4185,317189,608793
9351,5833,392611,40778,5426,289996,745903
7110,5278,409117,46537,4703,235954,711459
5833,4833,124492,48482,6370,316857,508608
5018,4482,208331,54556,6056,1423010,1703602
7852,5166,301745,40130,4685,1412023,1773675
6073,4537,396066,40908,5611,1389220,1844526
7426,5648,151756,36445,5259,289630,497923
7130,5148,171429,45389,5444,1437321,1674546
11074,6222,254787,35111,4611,1463926,1777398
8129,5352,350885,45871,5148,308407,726051
6907,4926,133687,45685,6093,295180,495534
5147,4556,145823,35722,4574,316230,513719
5629,4222,234717,41778,4908,1389680,1683731
6462,4945,334835,36277,4667,301847,691829
6944,4629,421137,44908,5648,1432333,1918507
8333,5000,127068,50741,5500,307133,506627
6074,4259,202296,43667,5370,1425972,1690509
5351,4630,361895,81926,3870,259601,721032
10147,5945,381179,48426,5537,1431958,1885878
7167,4907,181869,40408,5889,241276,483627
8888,6185,191098,43889,6519,1424892,1683472
6684,5648,264123,40537,5278,1423830,1748934
7574,5148,354610,32278,5259,348349,755996
6221,4834,127893,41000,5259,320660,508219
7740,5000,139843,79852,3611,316950,555830
5851,4574,230831,43352,6037,1560621,1854119
7278,4926,375466,38222,4778,301418,734348
5592,4667,416824,39389,4556,1395609,1870600
5426,4277,135589,78834,3352,1458012,1688194
9759,6240,196077,45889,4722,231865,497478
5795,4278,296638,46167,6574,1333482,1695119
8610,5908,383366,43889,4926,234370,683162
8000,4962,165520,37797,5351,330385,554145
5833,4389,172414,35222,5482,266749,492867
7277,4834,263309,41926,5408,345853,670533
6906,5575,439630,42371,6370,299087,802217
9944,6111,123025,35018,5334,307250,488831
7166,4908,140808,54093,6129,308115,524108
6777,4426,236036,51667,5685,306590,614015
6666,5408,337542,53908,4148,1588075,1997692
5296,4240,411845,79964,3259,1475347,1982359
4703,4037,128406,37907,5482,351443,533793
11815,6000,205097,47778,5389,228807,506553
4777,3981,304215,38851,4982,1418720,1778101
7870,5370,383628,41334,5981,1455491,1902156
7167,5481,134374,82981,3852,337864,573553
5870,4908,177398,37463,5259,343321,576275
6704,4925,267775,51611,5611,275907,614645
10426,7481,341985,40722,4722,276419,684515
7018,4723,128526,47871,5981,334730,531757
10407,6000,138032,36593,4926,329575,527200
9166,6296,231743,63500,3963,1459432,1775842
8555,5222,639064,37555,3741,400430,1096308
8315,5500,817274,52740,5852,311590,1202919
7796,5408,121315,41889,4944,323627,506720
6518,4685,241840,44315,6130,1536779,1843027
6592,5018,492680,44778,5389,1482049,2039395
5629,5111,379389,36370,5278,1448415,1882711
5722,4518,277284,39574,5352,333527,667811
6703,4593,176900,41167,5222,278338,515645
9740,6278,251406,72519,3685,1562194,1908008
9462,5408,345764,42278,5333,1510243,1920229
7222,4907,129029,35908,5166,324006,507905
5777,4537,142201,42371,5481,303703,505756
9259,6111,225133,57611,6000,282049,589089
5518,4222,324269,40686,5555,1371814,1754305
10240,5852,408572,35777,4408,1452899,1919804
9389,6166,128095,45186,6111,354124,551182
6870,4815,201212,46111,5963,316674,583719
6685,4648,288422,54667,4889,1391086,1753971
10629,5982,386391,100833,3778,1318950,1828601
6481,4444,142286,36185,5370,355304,551941
5777,4315,184921,44593,5703,276484,523478
9351,6019,251279,35759,5315,314310,624200
9555,5556,349599,105816,3870,288988,765977
8000,5722,126623,32408,4129,328004,507034
7926,5462,144445,51833,5333,308312,525145
5778,4685,228117,36907,5204,305676,589127
5277,4704,325197,48556,5129,1498422,1889878
9536,6037,448370,67612,3611,1361841,1900600
8500,5055,132375,56945,3352,1475819,1684805
6963,5037,198473,48241,6000,1361239,1628158
9944,5907,289369,45889,4203,397942,756273
6129,4834,378152,47593,6426,323120,768329
5907,4074,137751,42518,5649,296969,495016
7147,5223,169793,47945,4611,289351,526682
10852,6129,648671,39111,5463,366416,1079531
6833,4907,353213,48611,7352,1409962,1833693
6333,4371,138014,36982,5277,300761,494701
7296,4611,148224,44111,5649,1545784,1758453
6092,4852,447138,37093,5389,1391758,1895193
7259,5204,408384,43074,6111,266167,739051
6722,5555,713484,43018,6686,386713,1165012
6130,4296,124007,55907,5759,330268,529145
7277,4815,817977,43611,5556,1487453,2369319
8055,5186,284555,46001,6351,1384694,1737398
9925,7056,390543,32871,4981,300953,748440
7037,4944,136438,38166,5482,308726,502923
6888,5797,169073,40648,4481,1405029,1633990
9296,6074,252542,37945,4129,1433022,1745916
5962,4870,349086,33000,4759,308040,708533
5963,4426,128553,32500,4149,355443,533812
7185,5315,137393,43963,5333,298882,500979
4963,4574,229547,42130,4574,1482165,1770138
5277,4797,338979,40037,4111,1414807,1810027
8296,5185,1203950,49185,5185,302671,1576232
6296,5537,159768,119408,3352,1366777,1664027
4870,5148,205663,40260,5722,1413605,1678009
5092,4981,286744,38333,5056,1470116,1813100
6036,4445,383675,38907,5519,1412240,1853656
5222,3925,151218,45370,5649,299964,513201
7000,5129,173002,36315,4963,1412378,1642602
4926,4240,260063,36056,5037,1408668,1720898
7277,4759,363884,41037,4926,329353,753570
5944,5111,134760,38852,5259,308978,500942
10148,6370,131821,41889,6333,309787,508423
8221,5260,227141,51204,5259,1444997,1744897
6129,4278,352518,41945,5333,302218,715163
7222,5055,411284,45648,6259,1446076,1923674
5351,4371,163640,42538,5648,259634,484108
7425,4871,395943,40315,4944,331590,787773
6111,4611,353338,39426,5074,336472,747811
5221,3815,387418,40778,4482,333725,778162
4536,3889,128349,74797,3315,1528622,1745323
10036,6593,847005,44055,5445,1263519,2179487
7573,4926,255898,35241,5130,1382814,1693694
6833,4537,828535,44111,6111,345717,1238567
4759,4333,128132,37204,4518,348198,529367
9852,6222,706435,37889,5371,371854,1139605
6259,4666,226570,36519,5240,315927,597978
7240,4685,317668,55982,6537,318457,712625
7852,5481,409545,55148,5945,224358,711218
5666,4685,123272,45797,5648,340428,528367
5444,4278,211649,45185,5426,298959,573201
5296,4000,293358,50667,5111,285453,645978
9981,6814,375532,56296,4000,231354,686348
6314,4648,128888,61686,4333,289609,497719
5537,4481,168876,58371,5500,231473,476423
11852,5981,253938,41944,4741,332670,653256
8981,5648,351351,43296,5537,1385102,1802471
8740,6074,138653,43000,6352,393566,598441
8221,5445,135603,42055,5889,305561,504941
9610,6167,222461,49000,4926,1401881,1697360
7037,4463,354411,43019,5574,1450282,1866990
6611,4944,449769,70723,3648,347559,885310
9444,6166,126145,38834,5204,327204,514960
8258,5667,193355,42648,5093,256179,513312
8555,5870,285250,42833,6371,1451406,1803063
6129,4334,381089,36074,5148,357332,792366
4888,4019,140113,45074,5185,371921,573293
11721,5704,174563,46797,6722,1421075,1668564
7666,5111,257366,37259,5630,1325199,1640324
8722,6593,340612,39408,5166,315273,718570
7018,4814,269137,39722,5167,333563,662125
10259,5574,135827,39185,4685,1836365,2034155
5851,4778,236203,45889,6500,1439990,1741341
7777,5574,321117,41760,5111,1457002,1840415
6259,4815,418568,77370,3223,1470254,1982415
7073,4648,1002835,39092,4926,337195,1398788
6129,4574,209246,43981,5686,215992,487756
9925,6167,276881,40630,5056,2022716,2363838
5259,4093,462072,33315,5130,382422,894106
8999,5685,150467,34334,5148,303937,510293
6907,4629,163065,59260,6278,276228,519034
5555,4444,262905,39518,5778,229314,549200
8870,6204,351855,55722,3963,297252,725533
9592,5630,128286,38815,4278,322044,510386
6518,4556,134755,85352,3148,1445402,1681528
7925,5704,222317,48370,6482,307827,600292
5777,4445,322693,36149,4759,1514351,1891063
6758,4315,417570,43796,5334,1349290,1830082
4685,4130,127797,43908,4444,322755,510405
8259,5666,192618,49260,6092,232027,496219
9870,6185,283550,42908,5574,1370773,1722583
6851,6444,376649,52259,5149,1313396,1762823
5425,4648,133877,36370,5741,322121,510349
7722,5371,170530,41000,5407,1452034,1684787
6258,4426,261944,42852,4852,238349,561422
7481,5537,346172,45852,6204,1420854,1833989
5222,5056,127196,45037,6111,323245,514831
6185,4444,136091,43093,5259,1420159,1618121
7518,4852,266430,43112,5648,1425244,1755009
6407,5055,316844,35000,4796,1529960,1900859
9870,6148,410794,50759,6537,1348325,1836860
6000,5629,121078,43129,5241,346050,529794
5314,4519,194379,39000,5111,1433445,1684398
8073,4797,284978,35037,4630,1549399,1889656
5907,5352,372410,36778,5389,1323228,1751046
5370,4463,1311566,43982,6241,465256,1838563
9296,6426,2091241,40889,6092,320245,2475893
8888,5389,258853,52223,5704,1331822,1665638
7018,4889,346674,38056,5148,275729,680218
6407,4908,130975,43667,6019,333391,527127
5352,4314,139390,46203,4908,299867,502664
8758,4574,234525,37093,4722,1473595,1765008
8796,5963,409938,30019,4944,275317,737200
8314,5685,407519,41130,4759,2120448,2590578
17444,3926,106191,56426,5629,304974,497275
7870,5203,197530,39111,5352,256875,513719
5129,4778,286165,67963,4019,213535,583274
9574,6203,479061,36556,5370,268250,807366
7203,4834,172066,34277,5093,305839,531423
48425,4093,142461,46296,6241,389295,639533
6500,4648,255096,43556,4778,245382,563330
9370,6259,342955,38796,4500,275783,679700
8610,5593,1074184,44333,6278,1483875,2624670
7851,5315,135503,44833,5093,374827,575534
8981,6111,218305,37593,5241,1397648,1676083
6073,4704,377219,67537,5777,280074,744088
6296,4963,401928,57963,3796,1470728,1948433
8722,5037,179248,80371,3685,298359,577571
6111,4944,198791,44093,5907,1444162,1706083
9721,6519,282501,35944,5056,351254,692736
5870,4704,372506,57408,3537,1409001,1855804
7277,5111,148309,46204,5000,291818,507367
5240,4611,165926,48000,5074,283664,514534
7741,5518,252395,53000,6093,1451261,1777990
9796,6111,351808,37612,4574,1472903,1884619
7444,4963,133332,45260,5666,314850,513145
6148,4685,138338,37481,5222,318474,513201
7666,5260,227436,58815,5667,1407090,1715138
4592,4426,1061741,39019,5259,1416726,2534245
10184,6186,394893,35148,5093,1431188,1886044
8130,5666,148880,42093,3963,279487,491646
7851,5130,235312,67222,3611,1363234,1685064
6074,4389,296225,29944,5297,1385635,1729601
7925,6167,421453,38445,3093,310801,790032
6500,5315,156273,45612,5851,298853,520182
5481,4666,163002,44482,5426,1525210,1749990
9647,6204,257730,44778,5537,1367130,1693119
8925,5259,343033,52074,5204,355426,771662
5611,4574,164964,34555,5204,1429434,1646472
10370,6426,127359,36092,5130,337342,525127
8018,5056,223031,34908,5074,1449033,1728527
7722,4907,320853,40926,5111,393199,774885
7999,5759,396803,48278,6463,309508,776884
7166,5019,131215,41611,4574,327652,519312
9537,6074,188647,49093,4981,278480,538664
10166,5648,282728,44574,5926,1413836,1765082
9685,6574,368974,50352,5482,243429,687219
9388,6426,139090,35371,5185,320795,518608
10129,5685,167893,42056,6296,367326,602182
10666,5926,254010,44371,6148,218690,541978
7814,5056,409683,44555,5204,291887,766810
6796,4833,122632,43001,5648,345753,531534
6425,4500,155657,44482,6222,1473907,1693230
11704,6074,220570,39945,4796,1484660,1769546
5499,4075,319520,39464,5111,1470672,1846156
9518,6333,396564,85704,3704,1308185,1812397
5870,4166,127088,40297,5500,313872,498793
8907,5297,190371,34074,4778,1400730,1646417
9074,5833,283544,37297,4963,1419130,1761805
5592,4426,386050,44796,5519,1429050,1878322
5796,4277,136408,42593,5277,343386,539886
6463,4537,166876,38352,4426,1519762,1743194
4907,4166,293975,92149,3907,1833049,2234987
5148,4222,351704,34463,5778,309144,713237
5703,4129,134746,32408,4592,287474,472219
51203,4667,120252,43574,4426,313856,540719
4555,4333,235332,47389,6222,1386825,1686490
7074,4778,308819,37889,5352,286640,653219
7444,5167,401658,59852,5408,1499867,1981989
6555,4352,152405,35055,5371,305888,511405
5185,4241,584874,37741,5185,386379,1027198
10833,6370,276232,37555,4611,1382703,1721527
6426,4629,121478,54482,6370,299149,495220
7370,4259,156225,38093,5074,299494,512368
5481,4277,178527,47889,6408,341469,586218
10407,6426,245366,39611,5167,1439179,1748860
5129,4259,356743,43722,5445,1404821,1822786
8666,5703,119082,37148,4759,327490,504663
10851,6778,132624,43982,4833,380613,581885
8666,5759,259890,92741,3889,292736,666181
7184,5037,323007,34241,5518,1447631,1825230
5833,4222,412383,43463,5538,1429605,1903711
8314,5612,155240,46944,5241,297090,520960
5555,4592,222265,104704,3741,1311873,1655361
4944,4797,282956,39537,5611,1417756,1757768
10370,6129,367611,38389,5074,1433934,1863304
7963,5592,125597,39259,5093,327085,512256
7055,5130,159936,39297,5203,305450,524886
6148,4518,257498,46167,5352,240165,562015
10203,5870,369097,38037,4019,333621,762903
8111,5352,414324,38186,5481,410041,883588
7222,5074,138089,36296,4500,329056,522312
7296,4778,230891,39315,4815,1436598,1727194
7314,4685,324750,51129,4537,1444036,1838359
9426,5815,544959,36000,5260,394386,997884
7222,5148,134502,38000,4296,330310,521479
6907,5222,189656,37037,5333,1420779,1666786
6630,5259,288125,40833,5056,292667,640626
6685,4945,366556,33945,4685,1419822,1839231
6036,4426,169025,40371,5315,295731,523089
5815,4444,176549,37334,5222,375225,607200
7370,5500,293704,88482,3741,1272471,1674713
9925,5889,348080,30278,4574,349286,750792
6036,4815,122012,48037,6222,333282,523201
6926,4888,522352,35685,5222,1403545,1981433
6926,4222,225857,84333,3871,1310633,1638065
7425,4963,389474,55982,3574,282836,746292
6351,4611,1198001,44333,5537,317324,1578991
5611,4537,115540,39686,6000,324919,499164
6870,4277,198992,40185,4130,317079,574496
7000,5314,284924,39944,6000,1431622,1777194
6278,4592,380411,45111,5500,336955,781681
6130,4351,173231,41445,6278,304432,537683
5407,4666,167107,47315,5593,355723,589348
6129,5314,249132,43074,5760,1399747,1712212
8870,5111,334693,53426,5686,252080,662070
5944,4759,432311,63407,4111,1422438,1934804
6092,4796,138149,42370,5223,1538581,1736953
4611,3907,225470,37371,5148,1434076,1712287
4778,4018,318624,43149,4907,280409,657589
10537,6222,399297,46759,5852,1478951,1949711
7796,5222,126395,38741,4870,294232,480164
5314,4241,198289,44593,4685,1385201,1645046
6888,4871,286869,36519,5074,244886,588848
9833,6463,371931,48056,5852,308694,752959
7518,4815,121937,42851,5315,296098,480571
8592,5611,161776,55630,3741,253776,491256
8647,5463,249893,61112,6611,198122,531848
6444,4408,350269,57111,5445,260263,685793
5944,4297,121256,38074,5111,329889,506683
15777,3796,128003,40963,5408,1516302,1712008
6129,4796,266658,89555,3815,1284870,1657879
10092,6481,285423,36759,4593,1512974,1859915
8611,4889,415280,42556,6129,1414635,1895378
6407,5315,128804,73574,3167,1460686,1681139
7240,4722,187588,56538,3907,206631,468757
9444,5945,282205,54130,3278,310068,666793
7407,5185,375600,36741,5444,341525,773570
5444,4667,310180,43463,6203,1294385,1667102
7167,4740,157686,32370,4741,1487101,1695602
6055,4926,510914,50667,5408,363246,943402
5962,4185,343568,34963,5148,343650,739218
5481,4408,121499,31130,5278,355757,525312
6666,5241,130005,40723,5259,341510,531145
10241,6462,220419,42130,5185,245097,533127
6666,4556,374406,48370,5093,256164,698292
5352,4259,1187433,95796,3574,1374848,2674040
17092,3981,105177,41037,5630,318394,493478
6906,5019,225164,42241,5241,1445492,1731878
6221,5130,281059,34482,5296,1400264,1734601
7778,5185,369898,37538,3981,1380350,1806749
6055,5111,165515,34797,5148,350037,569404
6944,5185,172447,53278,5037,321383,567015
7203,4426,265619,35834,5111,1420907,1741897
4555,4111,378644,34796,4408,1415252,1844341
10036,6556,418613,46315,6278,1422690,1912730
6685,5092,133767,35055,4593,310508,498645
6184,4537,230421,59408,5685,1300385,1609287
5721,4408,308501,45444,6371,341309,713588
9407,6259,391767,76463,3981,1519852,2010248
7611,5259,176957,72926,3482,277484,545942
7407,5055,192241,35741,4740,1453195,1700379
6870,4871,281820,42185,5223,277139,620941
6370,5722,369660,46759,6334,224188,661126
6444,4629,151536,42185,5741,1461158,1674509
6092,4112,554190,44574,5815,1437131,2053951
7425,5074,258622,43963,5926,331800,654792
10555,6185,338202,45963,4926,1469620,1877507
7574,4889,1209135,37556,5204,292781,1559324
6666,5129,139306,42834,4444,376987,578311
5166,4537,481998,82741,3722,1487805,2068673
7129,4796,334244,47167,5130,288974,690163
7129,4981,1039289,40926,5333,1461197,2561670
6815,4055,161644,36148,5315,300112,515849
4647,4186,800670,32166,4963,284990,1135327
7185,5259,315212,63167,3130,1360944,1757861
6722,5907,430440,78056,3167,260481,786884
5981,4648,135779,44481,6408,312422,511849
10055,6407,150914,41111,6112,1494742,1711434
7204,4722,250531,44407,4704,1502125,1815805
6222,4888,334816,68574,4018,1443823,1864082
5925,4926,1222027,53944,3371,311130,1603027
4944,4519,135474,38685,5297,327282,519164
5277,4204,228499,42870,6278,1398269,1688287
6666,4575,315597,53778,5667,237398,625534
12092,5722,393641,44371,5500,1496996,1961915
8111,5407,156443,36648,4037,306018,519960
6278,4481,190300,37519,4648,1472338,1717639
8759,5648,274584,40297,5222,1392721,1729916
7648,4685,427609,43630,5444,277646,769422
7648,5314,167985,41630,6462,293291,524201
5351,4352,159453,44148,6000,1402390,1623805
9406,6278,244719,42055,5352,1416401,1726841
5815,4037,409039,37815,4259,301271,764051
6092,4852,448453,51870,5722,1463277,1983007
5055,4204,126958,38000,4833,319465,500275
6370,4260,225982,39186,6574,225607,510720
10573,6111,304582,50074,6148,305563,685329
6462,4611,395069,56667,3870,1376421,1845304
10740,6259,357056,43741,5796,1428748,1854896
6685,4278,874063,35370,4797,480039,1407196
10759,5666,277494,43945,5500,1389977,1736083
5926,4074,366240,48056,6222,251978,684941
9259,6148,131190,41500,4019,303325,497553
7352,4870,421585,45149,5852,1793419,2281117
9426,5185,295573,92222,3259,1237900,1647510
9166,6833,340931,35092,4648,1904686,2304227
6388,5185,121751,35704,4129,320377,496293
8295,5371,130571,53926,7037,1916824,2124728
8629,5185,220152,60129,5760,1501060,1803675
5388,4982,305806,35148,4574,1422980,1781138
9555,7223,395163,34611,4204,1372122,1824657
9592,6204,170558,48741,5240,307162,550219
6722,4611,223212,44259,5074,1419445,1705638
8203,5685,310218,37463,4574,1416624,1785619
8703,5667,396280,76981,3297,290364,783496
9722,5963,131914,43648,5612,334860,533886
10073,5704,154069,39370,4389,1423015,1640009
8277,5389,254426,43852,5630,1463174,1783267
7369,4315,336488,43223,5444,1456594,1855507
9740,6222,463031,91612,3555,1349439,1925692
9870,5703,127389,38259,5611,295313,484219
8944,5852,222987,45944,5871,1420855,1712527
7055,4834,361196,47537,4463,326540,753774
7352,5296,477518,37555,5019,284144,819755
6721,4630,137763,39297,5148,324807,520330
9685,6111,179399,45759,6315,1404573,1654231
7055,5019,283053,53297,5944,1431196,1788342
7000,5926,391800,46889,5352,1464281,1924082
8555,5185,125083,38723,5537,327728,513127
9241,6185,158737,42056,5407,1456883,1680620
6796,4778,247762,44611,4981,1414302,1725027
5407,4981,333213,42037,5241,1472017,1864674
7315,4666,815812,36852,4482,247811,1119124
9110,6223,126612,50408,6000,2134670,2335023
6555,5944,213193,39333,5223,364840,636829
5499,4852,336736,37408,4611,338723,729977
5444,4815,395057,34926,4500,295031,742663
6222,4518,194951,41871,6148,1854333,2111747
8074,5574,229050,64629,3575,1445255,1758231
6852,5092,284611,32667,4741,1460267,1796045
6111,5407,439914,47315,6055,291286,798144
5629,5537,141808,45259,5445,322911,528368
5741,4889,162961,36167,5074,1409529,1627324
5092,4870,257598,43666,4149,1412800,1730286
8759,5129,348030,33907,4426,277263,679607
9814,7260,417220,37260,4055,1399176,1877193
9518,5889,120188,44575,5277,306346,495108
5907,4703,220566,63500,6833,211395,515737
11629,6556,300127,45000,5611,1465992,1837545
6630,4537,397503,34055,4593,1363097,1812768
9647,6982,162286,44167,5482,289655,520941
9278,6703,187348,52630,6000,311741,576423
9796,5444,273891,36000,4907,1410285,1743064
9481,6352,357990,43296,5408,1483999,1908730
6036,4297,138847,36703,4852,331761,524849
7536,4945,153853,42796,5389,361403,578293
11203,6241,280155,68519,3704,1462927,1834916
8611,6055,381606,77389,3130,277112,756551
9666,6556,221926,29278,4222,320682,595793
8963,5852,121339,48444,5241,1442003,1634028
12278,5981,211957,51926,5851,1419923,1710083
7129,4981,300555,77537,4038,1437823,1834211
10277,7092,372691,34426,5019,1666315,2098858
6704,4444,126492,37871,4685,365116,548127
5629,4259,232776,46093,5315,291127,587737
8314,5741,267467,36463,5333,397233,722662
8629,6463,374511,42889,4407,392244,831940
5555,4129,146164,43556,5370,375203,582626
5815,4092,161874,37352,5537,364401,581275
9889,6481,237306,35518,5408,1420888,1717953
8611,5704,329459,39667,4685,1364493,1754712
9425,5852,422632,37575,5333,1962057,2445671
10296,6130,123434,39111,4426,334822,520275
9795,7111,211089,66870,5019,266556,568515
9796,6093,332112,66019,3648,386809,807829
9851,6982,391137,37963,4130,1470796,1923563
8129,4760,151049,48538,4240,301188,520738
7629,5074,181593,39204,4814,589255,829495
7166,4722,286285,110296,3667,1373687,1788527
10389,7111,363494,32037,4815,1409514,1829860
9092,5574,128277,30889,4963,331979,513737
9611,6351,153580,45074,6055,294863,518590
9370,5889,236400,38648,5056,268948,566830
10036,6722,324592,36259,5130,353848,739143
11277,6574,415968,34796,5093,271083,747199
8647,6241,126269,40315,4537,376265,564460
5055,4648,215553,48130,6592,292296,574330
9537,6685,299207,44426,5389,1491097,1858453
7278,3926,389639,54019,5314,284190,747070
4666,4167,167459,34519,5315,606313,825588
9462,6167,176669,56037,5407,280513,536682
6962,5222,271101,41482,4630,1435259,1766878
11129,6315,359681,38389,5278,1380938,1804100
5851,4185,164150,44203,6334,418754,646144
9074,5944,146896,34185,4556,335693,538904
7296,5037,249069,43092,5297,1453383,1766082
6555,4556,329019,37111,5315,363013,748311
10037,6963,419581,44185,5889,1393630,1882767
5426,4388,129531,40389,5593,317818,506090
4537,4389,220499,39463,4667,283590,559812
12037,6351,295488,81518,3760,1406446,1807823
8240,5278,386993,34241,5166,1462700,1904655
10333,7074,113221,41778,5648,287388,467868
5796,4111,184115,41278,5111,1429820,1673194
9981,5611,268695,40297,4592,1443443,1775026
8314,5074,369406,35945,4463,295775,721477
9981,6944,132800,81611,3223,291511,528108
9203,6852,145268,49630,6315,353209,572607
9592,5778,237053,37037,5407,349129,646126
7259,4851,332670,36241,5278,1457560,1846248
9647,6093,434750,39296,4426,1404387,1900618
5555,4574,123996,36148,4260,343019,520331
7481,5148,216095,41740,5482,356680,635293
7037,5185,297804,56000,6334,312377,686830
10111,7130,382106,34852,4982,1443030,1884175
5777,4537,2053135,42167,5166,492980,2606651
23240,4703,557360,58222,3686,329301,978753
8407,6574,446587,42241,6148,1286606,1798693
12203,6370,398186,69019,3888,1471155,1963303
9278,6296,142672,79112,3277,302140,544979
11332,5463,156012,43148,5704,298930,523182
9259,5777,242981,51500,5389,255109,572256
7092,4667,331505,42648,5241,1429132,1823360
6426,4259,1279661,41834,3481,331940,1670213
10018,5204,138350,35648,4185,363888,559590
7555,5630,214245,42870,5111,284400,561941
10481,6574,295028,56149,6296,326134,702792
10185,6000,384368,33667,4444,330146,770978
9648,5740,151337,44018,4945,358623,576626
5944,4389,189213,42778,6203,319136,570293
9536,5741,265960,43296,5500,1428567,1761527
9129,6833,364392,45889,5703,1431357,1865470
5981,4185,160804,46037,6334,296359,522367
9944,6833,150459,41944,5093,655851,872106
8907,5685,235927,59038,3963,2103984,2420449
9537,7129,356341,37408,4740,352859,770514
7722,4314,130235,48186,6500,318910,518460
9055,5852,119982,44333,5463,342071,529719
8925,5463,210543,50723,5537,323434,607107
10314,6611,293642,43482,6500,1400792,1763490
6536,4259,138907,36481,5445,325553,519256
9795,6945,128690,59111,5074,1439041,1650953
9295,5649,230937,41407,6352,321782,617681
10074,7092,310684,70186,4037,503792,907662
8407,4778,361764,36166,4686,1387466,1805767
6166,4408,127102,38963,5463,321469,505719
6777,4592,153257,35389,4648,300055,507071
10148,7056,245614,48167,4611,1348580,1666880
7796,4741,348972,48648,6297,1421331,1839971
4685,4148,422738,31519,4870,1441010,1911452
8851,6018,126855,39629,5334,317624,507460
5962,4389,217693,45167,5630,348192,629663
7074,4315,302551,47685,6389,1434013,1804545
9203,5648,382724,42945,5463,1399135,1848711
9222,6408,199525,41260,6352,491784,757496
8500,5370,199958,43518,5945,1342088,1608454
8018,4908,282074,47149,5666,307403,657737
9833,6204,362488,39704,5815,262415,688719
9666,6741,167105,37148,5148,307596,536015
8463,5259,155944,47722,5056,1477583,1702157
9574,5518,246265,40296,5963,1371189,1681324
9832,6130,327975,53129,5241,288410,692866
9518,6463,413944,48870,6185,1568267,2055358
9388,5759,127245,57297,5203,339900,547607
6444,4370,210640,41630,5167,1377980,1648954
4740,4963,344942,52315,6223,1369084,1785138
4555,4796,402041,41352,5278,374565,835051
10889,7203,154565,34704,4204,400431,614515
9907,5574,174441,46444,5408,288296,532941
8629,5982,271873,52130,5463,246475,593200
7592,4445,407990,34445,5666,332764,795792
9167,5629,125811,38796,5445,326964,514794
10518,5703,153021,45852,6092,1519877,1743971
5481,4445,248767,41981,4778,323359,631163
9685,6241,332550,56815,5871,355389,768699
9629,6111,433965,40277,5019,1474395,1971952
10240,5778,901990,47611,4574,1422200,2394949
7592,5092,210587,39352,4926,334799,604996
8296,5352,900094,42685,5519,1371226,2335357
8648,5519,382506,55518,3612,1499834,1958100
10055,6389,151697,34648,3944,381448,590941
5907,4204,181795,39074,4963,289998,528071
9277,5907,277505,56130,5537,1494558,1851063
8592,5704,432011,50130,5944,294170,799088
7592,4630,157257,36463,5537,350258,564516
25778,4703,143726,33408,5055,1478987,1695157
9000,5870,235732,38426,4667,376134,672033
5444,3963,375850,48833,5148,364850,806459
9704,5833,622078,36019,5425,1268633,1950045
9907,7000,127731,35814,5204,346562,534386
10203,6648,202460,50889,5240,1451679,1729175
7184,5167,385577,48407,3611,295882,747884
10851,6630,380156,42167,5222,1486518,1934470
7481,4796,196218,44166,5889,299965,561163
6407,4481,225094,67204,3740,1450082,1759675
8888,5778,316267,63963,3222,1367686,1769008
9277,5481,375977,40926,4315,306852,745273
6500,4611,131370,78648,3315,280960,508145
10129,6963,148117,42352,5649,425342,641237
9277,6352,232123,51352,5185,1460997,1767786
9277,6185,366537,68444,3445,1416175,1872433
10185,7055,2393751,79149,3426,349510,2845687
20944,4833,506790,40130,5481,374798,955606
8667,5611,202109,50426,5296,271147,545719
11573,6722,115375,39037,4889,383900,564478
8592,5889,393177,47612,6426,1421571,1887027
9444,6500,134423,87297,3592,293315,536719
8592,5482,174577,46648,6352,1459598,1703435
8869,6112,266694,40148,5371,1379721,1709360
6851,4963,359275,34352,5296,280110,693051
6166,4574,1567598,43760,5407,405112,2035136
9647,6075,1774048,39464,5500,279938,2118062
10055,5703,481237,41167,5278,1284400,1830452
7315,5833,326409,31574,4611,1438581,1816545
8963,6278,973138,51278,5241,328094,1375104
10296,7055,122198,55964,6425,382873,587608
10666,6463,200797,47352,4833,1437582,1710342
6444,4648,316211,42241,4796,1411150,1788046
7129,5074,473328,42352,4537,284649,819273
5944,4777,160555,38630,4352,292849,509200
10166,5833,173043,40278,5203,1474059,1710675
6296,4907,265678,45778,5926,1389238,1719935
9463,6018,352462,39186,5277,315127,730441
6166,4778,125319,51297,5870,392807,588849
7499,4667,169529,48018,6185,1442443,1681083
9500,5963,234090,47667,6018,1417233,1723231
8592,5704,343504,104833,4093,1355800,1826193
10074,7037,408195,38870,4760,1458108,1929248
9203,6186,127200,32148,4407,344575,526349
5741,4444,210743,49260,5092,1413081,1691046
6574,4833,301657,44148,5852,1394018,1759157
11240,7111,405867,68407,3704,1429437,1928137
5870,4518,158206,50185,6167,335661,563052
5092,5166,176860,85741,3981,296378,575663
10185,6519,265717,41648,6370,314816,647386
7851,5945,356612,37370,3871,1394173,1808156
9758,5760,122506,36000,3648,409805,590126
6296,4500,153086,44167,5056,459409,674552
9407,5796,2163208,46852,5130,298870,2532189
19240,4686,331913,44556,6481,328342,737329
9296,5352,416475,37648,5611,296687,773162
9814,6648,123221,55130,3611,364257,565552
8833,5963,317782,43482,5944,393213,777680
9722,6908,294159,30648,5741,1514015,1863323
9981,5352,863981,34741,4963,414400,1335474
10073,6963,128115,43630,5611,330049,526941
10129,6833,1117734,31371,4759,401720,1575287
16944,4667,256756,48278,6111,284648,620941
10630,6648,407910,83001,4018,346584,860940
8814,5686,130360,40796,5167,339785,533034
10907,7148,144478,48703,6463,386112,606719
8629,5519,237131,40649,4870,320346,619515
7000,4185,329582,47982,5870,1444611,1841305
9129,5834,411995,41760,5740,1403901,1880860
9759,6481,137501,43204,5407,336774,541293
6333,4630,202451,34889,5259,1421447,1677046
11277,6000,299643,45630,5037,1476606,1846582
9389,6814,396205,43574,5259,329162,793310
9389,6759,135895,80852,3851,292177,531905
9222,6315,171382,46426,6537,275541,518442
6832,4556,276184,44260,4852,1470842,1809785
5148,4129,366487,43519,5555,1423892,1851582
10500,6537,134751,48611,4500,342690,549442
10611,7074,140239,40833,4630,1402548,1608509
9703,5796,241004,44260,5815,1404226,1713268
9426,6037,317714,35741,5166,1378776,1755139
6722,4796,410332,34500,5037,1360010,1823508
5332,3852,124522,42259,6333,370791,555385
5610,4389,214213,43722,5556,1470314,1747064
9944,6667,286293,40000,5278,1441197,1791583
8703,4815,387724,57223,5815,335714,802365
5462,4574,137656,40389,4722,449304,645088
6500,5037,188736,41982,5259,1801363,2051248
4851,5056,277538,46815,5926,1387396,1730064
4722,4870,362767,57537,3704,289396,725681
9741,5870,130383,41963,6056,311484,508349
11314,6092,620613,37445,4796,429770,1112493
8444,5981,277932,44815,5760,1375020,1720490
5981,4482,404957,35315,5222,1942511,2401172
10574,6203,363278,47352,5704,403291,839144
9222,5833,190006,39259,5111,1958612,2210525
8759,6037,217307,42408,4981,1479498,1761194
9074,5870,289406,43000,5871,1438879,1794212
6462,4278,385542,47519,5981,1348578,1800379
10574,5593,171436,42833,5333,328542,566756
5555,4223,176960,53760,6092,287148,535960
10240,6797,261892,43074,5852,313956,644589
8278,5518,356177,38370,4815,311245,726959
10111,5555,131052,41871,5926,367352,564627
5314,5056,153909,30871,4981,329773,532663
8296,5555,244546,45352,5630,292506,604330
4999,4056,359607,42648,4315,292166,710292
10129,7222,451373,43593,5500,1481338,2001488
8500,5870,119563,46000,5000,314823,502349
10295,6426,198736,50352,5444,1486792,1760730
8926,6111,369797,46667,5907,374365,814477
10684,5963,417433,44537,4093,372673,858254
8036,5760,140456,41871,4426,402651,605978
10536,6648,168037,55167,5889,1417509,1666620
7407,4722,266283,36982,4907,1414466,1738582
8295,6204,356604,56241,6056,290354,726236
7963,6055,127851,36111,5037,356665,541849
6056,4500,147430,47352,5518,1451671,1665083
9240,5685,233807,59241,5741,1423627,1739675
7500,4426,342683,47833,5926,1466640,1877267
5296,4167,269226,41111,4982,1528392,1856138
4870,4500,133694,40982,4593,386672,577441
8277,5815,200034,42167,4778,1442808,1705953
5611,4759,297577,32315,4518,347827,694681
9814,7037,416843,45037,5593,1464146,1951970
8129,5518,123015,42741,5166,523241,709848
5629,4926,173558,37240,5093,366421,595960
6129,4426,267730,41093,4926,1348260,1675231
4889,4926,398291,65519,3519,1466511,1946267
10314,7074,139575,34315,4574,346699,545311
6518,4870,144396,48074,6333,381434,593904
9148,5444,231346,38148,6167,1518662,1811915
8296,5704,317815,41815,5185,411458,792959
10629,7130,409247,36148,5204,234582,705403
6796,4704,119604,41630,5296,340060,521034
11444,6352,195406,36352,5407,1389918,1648268
9370,6592,286820,48852,6649,307565,667885
10185,7074,373011,41407,4389,1452423,1891248
8407,5371,155516,37704,5445,299795,514257
10573,5889,166745,45055,5223,1506338,1741842
9574,6722,258380,57908,3555,1416128,1754786
6963,4759,359812,98389,3741,287109,763348
9129,6092,129577,42260,6055,354920,550867
10315,6425,141972,75352,3334,1443833,1683528
8611,5907,242237,41778,6093,329574,637145
4592,4241,322891,45297,5277,291939,676941
5925,4000,409361,35648,5056,1438313,1900896
5258,4297,120773,37759,5574,417798,594181
10314,7056,196686,37074,4871,384439,642348
8611,5815,291729,46704,6445,1340001,1701768
10073,6612,379661,42482,5296,298130,744792
8111,4463,220611,44352,6426,307237,593941
5036,4019,173858,42926,5740,394991,629552
9462,5908,256975,69204,3796,1388033,1735805
9055,5926,1178131,55426,6037,299193,1555824
11870,6018,137635,41889,5352,1508763,1713694
11889,6314,134900,44019,5870,361079,566460
9870,6518,231869,42056,5667,215294,513330
6407,4963,325894,36963,5055,1460670,1842008
7852,4759,808419,44074,5574,1782510,2655578
6166,5167,142720,66666,3482,302277,529275
5852,4685,202540,54982,6277,1514672,1791453
10073,5852,296602,45130,4500,289487,653644
8370,5611,381886,51740,5241,1515047,1969914
10000,6907,137095,39907,5352,336513,538608
9315,6888,165842,36482,5129,1406946,1633343
8333,5630,264125,65000,4186,232389,582164
10092,6574,2172877,76666,2778,385830,2656966
8130,5777,124804,77352,3481,396415,618293
5166,3889,150384,53037,5963,328224,549442
8240,5648,233316,55648,5426,1394823,1705638
5703,4000,325896,37277,5186,341952,722236
7684,5463,408735,38519,5833,1481513,1949952
9796,6574,139666,64167,3463,286367,512515
5796,4222,202802,81315,3500,1442966,1742675
9351,5555,329012,87482,3111,1343441,1780415
5370,4056,395906,29611,4334,359885,801718
10240,6945,124152,50112,6259,312733,513386
4741,4129,192807,34778,4740,1466906,1710972
9259,6074,268535,54611,5537,216277,562534
6111,4315,363041,37222,5204,344769,763255
8777,6092,133269,37741,4685,416913,609533
8314,5797,140015,50537,5945,411647,624997
6389,3870,238706,46482,5333,262179,565460
8184,5278,388916,51297,5981,372005,834087
10277,7037,401182,43463,5926,233314,703496
6610,4167,127724,57778,5685,292662,496664
7814,4722,200489,47538,5055,262156,529886
9981,7000,288977,51352,5333,1921362,2286469
5444,4148,380224,42148,5537,1447654,1887878
9388,5963,160136,38519,4204,343397,563700
11074,6333,172660,45686,4278,385724,628348
8222,5703,259797,46148,4796,424866,752459
8944,6741,426339,36723,4277,312545,797995
6203,4556,121178,34704,3926,342504,515090
9944,5463,141869,42481,5371,1444936,1652175
6407,4426,286820,46722,4871,311843,663496
6055,4481,335326,54778,5852,395262,803810
6462,4593,407443,38018,5000,1340177,1803804
9629,5574,125893,46815,5222,329049,524497
4963,4240,203936,57648,6074,1443518,1722527
9277,5889,285349,84556,3759,1439344,1830322
9907,7037,372078,47778,6611,1355134,1801175
8166,5296,195287,42778,6611,335136,595774
9704,6796,177755,45760,5666,1445180,1692935
9296,6518,269429,43740,5130,312476,649163
5462,4167,170526,50852,6463,247378,486960
7888,4815,140865,44574,5463,1479588,1687045
7926,5870,138205,40722,5093,304107,504016
10221,6315,229137,35130,5166,224935,513145
8370,5796,358328,44075,4833,297779,721274
7889,4685,414908,37000,4815,1435896,1907323
9888,7130,153413,81575,3703,351713,610070
9259,6852,195956,45500,6519,1441367,1708268
6944,4574,294425,58815,3667,275941,646866
10777,5926,383154,37778,5907,239287,685274
5759,4129,169104,36704,3944,416097,638626
9685,6240,167184,46296,6074,1399974,1638435
5111,4296,266338,50185,4648,1406893,1739824
7944,4648,360344,56092,3889,285912,721422
9944,6851,130201,38464,4592,373814,566645
9518,6574,531393,42519,5389,301917,900162
10592,7444,264232,90018,3778,1227759,1606676
10611,6018,318219,34037,4778,1439215,1815064
5536,5167,449596,89518,3556,1271968,1827841
4722,4944,139693,43963,5463,347174,548997
4203,4722,203181,103704,3685,1357069,1678916
9592,5981,302150,38111,4149,1384951,1748916
4351,4019,551767,34278,4445,397134,998420
5315,5222,144902,51815,5926,338057,553386
5463,4777,941577,55000,5389,1395947,2411153
11315,6092,257099,41519,6370,1487095,1811638
10351,5574,355291,45259,6185,334835,759644
9259,6111,128055,41611,5389,319349,512145
6018,4648,141302,43871,6425,356733,561701
6444,4760,235455,47075,6018,1384849,1687065
8166,5686,317739,40019,5704,392459,772125
5518,5222,446524,46018,5352,1382132,1893230
9574,6056,122936,49370,5111,392783,588553
8611,5370,195850,56148,5297,297480,571256
5278,4129,289708,45130,5407,286604,638386
10185,7204,396787,93186,3741,289337,803477
7870,4703,151182,36185,4426,314427,521571
9869,6093,169132,36186,4796,1427265,1655620
9685,6093,259786,36908,4722,279895,599552
9147,5982,341478,49296,5148,1480863,1894211
9870,6555,140243,36463,4574,318514,518775
8278,5296,151322,33871,4407,359711,565201
5629,4407,229940,32630,4500,362390,643015
9370,6223,327390,41222,4407,352347,743015
8407,6185,401859,48778,6389,1428148,1902452
6740,4204,139161,41129,5982,322114,522053
9759,6333,203778,44926,5611,263553,536367
10499,6611,282784,32278,4870,1491762,1830989
8499,5796,371735,47833,6500,1428551,1871396
9740,5982,127961,43426,4612,342164,536738
5315,4037,169486,54333,6278,303566,545534
9962,7352,250122,41000,5130,1482349,1798860
5295,4223,292572,39759,8334,403497,756255
10296,5907,138967,36093,4592,1421913,1620547
50573,4815,116214,51389,4704,343653,574034
9370,6370,222183,45093,6203,1413864,1705583
9333,6481,330541,56370,4204,302103,711792
7666,4871,419842,42834,5278,302449,785070
5110,4537,282089,36130,4981,1395457,1730416
8018,5962,205558,40352,6037,273958,541848
8926,5796,453453,44722,5649,345264,865625
6296,4018,419385,44981,6593,1427956,1911859
4870,4278,175575,31778,5074,289570,513664
10852,6537,169322,41740,4611,381805,617441
9166,6759,277347,47666,4352,1359903,1708009
9203,5871,1508447,38241,5315,1291499,2861076
8981,6389,127209,39445,5296,428731,618459
10463,7259,143493,46704,6093,329670,546071
6499,4648,226389,59463,3722,1435805,1739397
9851,5759,319932,36963,4629,1466169,1845785
9629,6852,399845,42833,5482,1450163,1917119
9111,6944,151110,35648,4037,346610,556275
9370,6185,192375,111611,3945,1382059,1708194
10277,5611,286677,35630,5000,1370146,1716971
8740,5704,425646,45055,4945,299090,791458
8130,5425,145411,80463,3778,293642,539664
7315,4648,165620,40908,5907,367876,594719
7944,5148,264144,47464,4888,1386586,1718730
7741,5240,392225,40204,4148,346771,798866
5611,4074,129304,35908,5703,364841,547608
7536,5426,143977,45426,4778,356557,565904
7851,3833,258983,42648,6075,280513,602626
10647,6334,331674,31537,5000,384932,772773
8222,5481,400421,42352,5630,1460179,1925008
9815,5907,126075,36018,5019,366737,552331
9277,5630,120043,40111,3871,422305,604126
9167,5814,538828,39482,5167,316814,917643
4999,4519,381833,37037,4482,325514,760569
6666,4704,130876,31555,4426,312455,492849
10388,6130,165289,43370,5426,298078,531589
9222,6741,250313,47889,6445,1437972,1761027
6055,4741,374486,75167,3704,1396262,1862711
9981,6241,701789,45204,6241,1270439,2042544
7518,4149,137701,44907,6130,1516141,1719583
8129,5352,1081821,32222,4704,336263,1470881
9481,6704,318528,34315,4667,1359221,1734990
5833,4204,455071,64778,3537,1399233,1935063
5684,4371,125058,42278,5777,343476,529200
6296,4667,201027,37500,6389,289562,547738
10370,6333,284848,42833,5500,1446994,1798989
6703,4574,372354,38741,5352,1410320,1840230
10166,5371,128526,34148,3722,387175,571460
5241,4259,169587,46038,5611,580333,813144
4851,4074,257538,38000,4944,1396045,1707823
9833,8203,341007,41574,5426,377452,785903
9481,5722,125420,34648,5333,383892,566626
10777,7074,136148,45741,6481,504533,713570
5814,4352,226321,58815,3796,1434836,1736138
10166,6889,312049,42389,5019,379113,758107
9555,5519,478610,47889,5315,337588,886884
6148,4407,182968,37203,5149,337454,576108
10204,6185,1466199,35389,5222,441734,1967526
10703,6741,286202,57092,6908,348534,720070
11277,6297,366856,47630,5944,1345337,1786082
7018,4537,131658,43463,5907,307821,502571
10037,5814,978685,41981,6259,1478635,2523319
5703,4500,259670,57926,4148,260549,595404
9796,5611,346676,46222,6260,1465387,1882397
10388,7074,426626,89167,3630,1461547,2000729
9795,6260,752003,94852,5167,1387502,2258172
5648,4463,1462640,49056,5018,382867,1912526
12555,6130,320847,44797,5741,1421401,1813953
9777,6982,401909,40518,5426,329753,796921
9944,6667,122729,42555,5371,325360,515034
7610,4556,3447835,43389,6315,383679,3895551
36389,6259,566657,42259,5352,321819,980773
6500,4870,970545,46074,6148,412021,1448214
8018,5111,144716,78555,3834,380836,623645
8147,5630,161055,39111,5296,1862267,2084043
10722,6240,249821,35444,5093,320843,630311
10148,6444,379085,35686,4796,326651,764958
10555,6907,1198186,52649,5092,324101,1599546
6852,4722,140819,34574,5963,320493,515497
11259,6333,230381,54370,3722,1413776,1722286
9721,6574,317998,38130,4667,391905,771162
5944,5093,412744,46056,5741,1419633,1897897
8463,5185,128287,60018,3723,317654,525757
6073,4056,199830,41889,5574,275685,535348
9647,6537,275873,35389,5167,1360265,1695342
5462,3926,373083,57870,6649,1450313,1900119
4555,4000,189625,36463,5148,250816,493275
6481,4463,180631,47538,6074,1377267,1624824
6907,5037,258304,35129,5093,1451186,1765119
10259,6352,348995,34074,4667,1425883,1833064
9758,6982,121982,45166,5667,297719,489830
6666,4519,134062,46685,6278,398842,599200
9130,6203,219827,42482,5185,315244,600275
10462,6685,307204,49167,6129,291608,673311
7388,5093,405987,46445,6296,397396,871198
10888,6315,216067,45241,6018,1463442,1750805
9573,6112,197239,43833,5778,1431010,1696416
9758,6778,284949,39926,4797,275547,623904
11111,7055,372807,40593,5926,340744,781014
11111,6074,336053,45963,5334,333331,740625
9018,5889,160522,36760,4722,1965465,2184932
9277,6352,254861,54315,3611,1404499,1735786
6277,4037,420942,40407,6056,268294,748088
11777,6649,129372,30038,4963,343253,528108
10666,5741,142064,46630,5963,1454167,1667639
9907,5889,217681,39167,5463,1392753,1673027
6537,4556,357298,42222,4241,304920,721422
5870,4074,403674,37112,6388,1418556,1877767
4592,4074,126661,46112,4963,287891,476923
7277,4982,197630,63389,6167,1393249,1675398
7963,5462,324507,46834,5870,1352354,1745527
7870,4518,374810,32296,6481,1390292,1818693
7481,5593,148462,39223,5907,338127,546923
10907,7278,176468,39037,5334,1366263,1607935
5740,4722,260308,33556,4407,249504,560756
11592,6648,352222,44667,5778,334181,757311
7999,5834,428875,46093,4445,1441557,1937896
8277,5649,130158,31834,4111,366153,548349
5351,4482,223164,42352,5148,340202,623200
6963,4777,321004,39334,5593,574545,954050
4852,4814,408751,41241,5556,1458904,1926359
5499,5315,119423,37407,5278,337889,512886
9851,6055,192281,41926,4482,337364,594274
11777,6334,315286,44445,5741,1399351,1785008
9444,6722,411700,42038,4425,277518,754014
5556,4518,150595,42592,4111,345384,555294
6221,5241,163378,42889,5315,606247,832365
10703,6000,252514,58852,5259,1512605,1848749
6870,4982,399464,40556,6352,340012,800736
9795,6945,767990,42370,7871,392910,1230585
7129,6055,137106,38092,5908,328225,524941
6759,4629,238260,56259,5537,302348,616033
4815,4000,314784,49889,4926,224008,604626
6925,4667,1184403,111482,3574,1416933,2730058
4555,4092,171926,40296,3352,323127,549145
6148,4444,207561,39093,4055,1490855,1754305
10185,6722,275733,35371,4222,1456515,1790897
8870,6074,371628,43389,6463,1398269,1837026
9333,5629,154078,43537,4149,343714,562941
10388,6518,157714,38167,4389,414727,634366
5463,5166,253072,42815,4778,303054,617089
8759,6222,378781,47723,6111,1321449,1771212
5611,4093,136694,60241,5666,390025,604386
10796,5314,132256,42482,5722,301538,500478
5963,4462,230207,38055,5222,1384192,1670583
10277,6759,399805,30908,4907,256839,712088
9832,7019,421644,86093,3648,1469252,2000210
8518,5185,154039,90185,3259,251125,514886
9907,7111,191137,54222,5556,215489,486349
9833,6166,276217,47056,4722,205410,551423
8777,5741,370463,44186,6037,1469766,1907822
10499,6019,160377,40814,6112,381249,608848
9536,5871,168401,43759,5834,346614,582941
9407,6278,254389,61555,3926,1400676,1738898
6963,5000,350061,40426,6037,282250,693274
9907,5574,1041773,49296,4093,1444212,2557541
20666,4722,116240,38092,4889,325869,512812
9537,6555,261357,91444,3686,1330744,1705416
10111,6130,311103,42037,5444,1528775,1905638
7407,4093,402702,44315,4370,1450361,1915656
4796,4000,191133,37389,4204,365697,609793
6018,5481,205788,130278,3555,1351499,1705564
5462,4852,288201,49926,5037,268943,624848
13370,6537,365022,44407,4685,1383394,1820230
8666,5889,127638,43148,5444,355730,549200
8037,5555,157718,58241,6371,348575,586904
9518,5740,247058,44389,5426,275328,589404
5259,4944,1128603,42833,6019,1427456,2617281
25610,4963,111736,36481,4648,347910,533200
7907,5371,352890,39518,3204,1391951,1803490
7684,4889,257488,66130,3241,1372816,1715193
10351,6093,328513,50463,6092,350113,754533
9314,6166,456149,39093,5278,278235,796865
6000,4240,219247,55296,3389,1385744,1675972
9962,6278,196900,54371,4389,231115,505052
7185,4518,398315,40574,5555,334348,792866
9666,6259,363061,53444,6500,230528,671959
6351,4315,122121,43556,5833,299061,484219
7055,4685,159035,57426,5222,270851,506830
11444,6593,246874,57537,3982,277270,606238
9148,6629,334566,41759,4741,1366980,1766323
10148,6833,1208036,31334,4259,1440948,2704225
9481,5686,129465,43630,3908,365382,559757
9333,5611,219805,47333,6389,1468722,1759508
7962,5241,306293,36944,5297,377295,741273
10092,7019,388706,35019,5278,1353468,1802231
7352,5148,125989,51278,5296,329915,527645
7389,4370,187440,49537,5019,1403384,1659861
9667,6222,274279,37185,4741,1460729,1794972
9444,4852,377359,42963,6408,1425426,1868563
10444,7074,139216,42186,5574,331076,538256
6684,4204,166148,45278,6241,341441,572700
10018,6482,245339,43630,5259,1417540,1731935
8518,5704,350771,53611,3723,1547235,1972081
8796,5685,128999,45000,6389,293313,490442
54203,4870,118839,40092,4445,335603,560200
9333,6148,214771,53055,6111,1440146,1731731
9407,5907,309499,40667,6333,342960,717551
10425,7148,390468,41389,5574,1480503,1938081
6981,4574,164880,44667,5129,411709,640477
8870,5833,185461,37111,5407,1358420,1603398
10148,6463,273688,38167,4815,1983057,2318820
10481,7407,274454,37630,22500,405634,760829
10203,5870,291201,43148,5463,1439474,1798138
5741,4388,161447,42519,5278,1418562,1640732
7647,4723,249267,52982,5833,1480222,1802749
5610,4537,370126,48611,5019,347851,784440
6407,4203,121057,37648,5185,366015,542737
4722,3778,141099,40500,5926,348712,547497
5759,5240,224014,39370,4722,339280,620811
7685,5685,317871,45889,6111,1455674,1841045
11481,6519,164543,35926,5241,308750,535145
9444,6685,201586,41500,6408,317799,586052
9481,6796,182203,55556,5648,295182,557811
9574,6556,276672,51796,4574,1460892,1812786
8758,5426,369975,105648,3408,1386125,1882081
5073,4908,142498,29148,4241,368869,557274
10500,7278,153504,67926,3796,276178,521979
9611,6204,242732,41371,5389,281523,589275
10555,5778,336164,35223,5203,1395029,1789989
8777,5648,1203765,37593,4500,336392,1598750
7462,4852,143473,33963,4129,363673,559571
5129,4259,224941,56111,6297,1386882,1685749
8296,4796,310651,49852,5000,1471635,1853823
5314,5019,446453,63056,5093,339560,866606
10740,7019,154107,39241,5500,302353,521627
9055,5908,183150,51000,6537,348920,607089
6777,4315,282619,44444,5926,1443834,1790101
6111,4518,371144,58278,3851,1454994,1901063
10648,7055,146853,86056,4240,335570,593034
7778,5389,162840,59092,3556,1504279,1745879
7166,4500,258402,43833,6056,286910,609348
10666,6722,417056,33130,5148,369013,844162
7944,5148,1196620,39574,5426,1480402,2737299
5889,5074,143715,87722,3630,1403738,1653232
10851,6574,217832,32611,4852,1375047,1649805
8296,5833,323135,77426,3259,1438410,1858656
9667,6370,130899,32482,5352,360912,548256
5851,4241,130331,46167,5667,333351,528126
5833,4481,188134,36981,6760,1511856,1756842
7999,5593,279621,34500,5555,1365018,1700675
7740,5611,124904,35408,5111,336463,517978
8537,5574,134484,71982,4852,406549,634867
6685,4815,520843,53944,3500,1272943,1865193
5221,4074,253849,45203,5778,1516956,1834508
9481,5759,319244,43166,5482,1585708,1971489
8740,6148,510231,41778,5167,482744,1056975
11481,6444,135255,38370,4852,335946,534812
7833,5351,219965,46222,6759,1411804,1700546
6444,4463,312748,39518,5000,1496760,1867304
4759,4037,2346851,44685,5778,372336,2781150
6778,4814,147463,41352,4223,332478,539997
10056,6796,188247,59500,5444,1431744,1704139
6240,4426,317364,42704,5129,269207,647144
9518,5871,363703,47593,5185,320088,755088
6463,4777,127339,45407,5537,354048,546090
52944,4759,117604,39166,4537,356894,578052
8370,5370,242202,38648,5149,1343029,1644916
10018,6482,337949,40926,4944,1477781,1880582
9259,5111,468159,65519,3518,1396256,1949952
6759,5185,176553,88667,3704,333536,617127
6037,4870,230855,36426,4648,1485450,1771064
9499,6111,306195,100500,3445,1354517,1782508
9073,5463,398331,38814,4426,1397567,1855693
9889,6981,127169,37167,4426,324643,512905
6315,4259,186360,46759,6463,378044,630960
8351,5556,277421,42982,5426,1443994,1786675
6684,4537,372113,42111,5038,368678,801328
8851,5834,138599,47501,5926,373508,582312
10518,6963,149846,37222,5148,387836,600330
5444,4593,247556,42555,5445,298144,606367
9536,5926,126395,43556,4815,1661853,1854637
5018,4111,392957,61574,6075,423371,895791
10055,7389,132666,43148,5445,330312,531700
8703,5648,211246,43186,4944,609619,886328
11370,6611,577660,41926,5982,1437494,2083840
8241,5629,396944,32667,4777,385922,837144
5222,4370,493635,44000,5426,1295669,1851101
9796,5926,198047,44111,5130,364208,629570
6499,4019,403794,54334,3777,429016,903846
8666,6148,437930,35704,5241,273232,769421
5889,4574,124472,56796,3426,312099,510034
5426,4185,118460,34666,5222,1462920,1633454
9111,5611,483429,55741,3852,1427726,1987989
8333,5852,332046,46944,6463,1425462,1827323
10703,6963,419515,48778,4833,1439604,1937415
7481,5092,126187,41333,5315,310940,498812
9981,6148,212674,48796,6352,216286,502774
10147,6704,301310,38278,5000,1399587,1763286
5963,4352,396168,81574,3611,269939,764200
5166,4241,161192,77870,3260,258138,512516
5648,4203,188902,47037,6259,1376830,1631250
9295,6019,275815,36981,6130,1397083,1733842
10444,7111,365247,46426,5852,1434391,1871545
9926,6944,122271,39185,5056,308300,494071
7073,4315,172055,35074,5111,254517,480645
10037,6648,241875,34611,5130,1341449,1643194
9389,5592,328122,38241,4982,321855,710644
6148,4814,421943,36315,5093,209590,686459
12203,6648,127374,34926,4963,350568,539349
10556,6481,206639,36149,5055,276284,543775
8481,5389,404109,34648,5018,358554,818384
10592,7166,384819,45889,6426,1484522,1942211
6666,4315,126434,47259,5038,312118,504182
9832,6797,661534,46093,6111,357589,1090512
10315,6000,1041133,46037,4593,340895,1451881
9074,6111,358897,53093,6130,1444332,1880193
8963,5981,142588,40685,5593,332502,538405
10795,6963,147557,43741,4185,362588,577978
10221,6760,282118,68556,3759,1332464,1706045
7444,5314,389143,32241,4389,340741,781365
11259,5833,126834,46296,5315,1953173,2151506
6704,4703,140747,40352,6018,339213,539997
10295,5797,685050,36685,4852,435036,1179863
9759,6092,319815,40203,6112,338792,723255
11111,6074,392820,45019,6093,1454372,1918304
7203,4667,130844,42426,5278,319820,512608
9666,6074,178480,36000,5240,1471807,1709564
9222,6166,268616,39555,4963,1421986,1752508
9888,5723,390751,40926,4296,367466,821940
8352,5722,171997,35204,5130,284166,513238
7241,4629,194726,68000,3981,1394876,1676120
4703,3926,251936,36907,4167,331265,635163
9110,5797,340256,54648,6167,1436381,1856063
10000,6629,422966,51074,5426,305308,803903
6147,4815,125267,47149,5481,1515908,1707656
9407,5963,230922,38833,4741,1395068,1687565
6074,4833,322613,33926,4055,394568,768570
9833,6852,460767,78371,3037,273116,834625
6888,4463,125162,48166,6167,500427,694366
10795,6611,178483,51759,4518,1461046,1715730
11759,6018,270562,47334,6352,1444594,1788730
5759,4185,361605,42704,5445,280075,702292
6130,4259,152481,39092,5371,321257,531386
5295,4000,163747,35407,4667,1467614,1683231
10555,6056,246530,35352,5611,1514108,1820731
5851,4370,337870,44278,5981,315219,715829
10222,7148,414524,41815,5611,1489150,1970693
9814,6315,165918,40278,5277,361709,591867
9795,5778,208942,48204,5111,1844583,2125117
8722,5666,316726,32575,4759,322455,693551
8111,5222,398566,47296,4241,246634,712385
9555,5982,155774,44667,5352,307630,531923
6944,5130,1195283,46204,6129,1494720,2756947
26240,5241,251564,58611,3815,1355870,1704953
5092,4592,398293,80111,3741,1865953,2359894
9573,6519,128872,30111,4259,418329,600459
11685,6426,160785,44408,5759,2113497,2345227
7056,4722,242273,58055,3871,1417550,1735990
6944,4389,337242,45352,6389,1437192,1839675
10055,7241,420581,40315,4482,1430315,1915730
8388,5611,133383,38204,4944,343707,536367
9870,6833,221889,53519,3611,289867,588460
10073,6648,302525,57389,3352,311564,693718
9814,6907,395698,41518,5260,323779,785828
10425,5797,122684,72167,3777,286610,503997
8611,5944,192042,46019,4277,1442893,1701972
5555,4741,272807,35185,4482,368948,694163
8999,5760,375869,44037,5000,386756,828625
9388,5593,134948,46574,5982,270067,474960
7555,5129,176214,91741,3703,264617,551385
5759,4500,264997,35704,4352,1425103,1742749
5907,5334,358522,39592,4352,362751,778144
10592,6648,420306,45555,5593,209820,701199
9240,6703,123904,40389,5093,291260,479089
6092,4611,211725,40222,5648,1504210,1776434
6963,4981,300286,46500,6000,1353352,1720379
5018,4371,408384,48926,5834,309296,784348
10351,7037,130760,42334,5333,281830,480441
5815,4518,190507,41778,6019,1427075,1678324
10185,6092,278624,37519,5370,221354,561811
9888,5649,423315,80093,4333,302365,827403
8889,5685,153895,30796,4352,342380,548830
5166,4555,155123,47797,5981,375670,596848
9407,6074,245258,34574,4575,332533,635255
9629,5574,338098,38982,4259,371268,770644
5018,3981,2400591,66796,3148,1393795,3875718
7796,5889,120561,62315,3963,415898,618589
21944,4871,203374,48630,5741,303733,590886
6389,4166,305659,50833,4537,1514794,1888582
9888,6370,395906,37833,4797,345164,802717
7611,5315,155336,77778,3278,344660,596775
10184,7000,214954,35371,4407,1448036,1722064
11240,5982,269811,55908,3796,1448586,1797527
5666,4333,360540,36778,5371,1422671,1837471
6352,4296,155527,42018,6426,343674,561182
6110,3741,153033,44370,6074,359242,574793
5148,3889,265020,35741,4518,302403,619645
10333,7130,356396,35667,4093,1487111,1902971
9352,6370,420366,48518,5093,1483086,1974970
9666,6815,158927,77500,3352,1460082,1719027
7074,5222,222192,30648,4296,336694,608626
9296,5944,377532,43037,5315,260649,703866
10110,6926,382389,42241,5148,1394267,1843304
9981,7296,154895,39259,4333,276177,494571
5778,4314,183419,56093,3574,1376646,1632343
9722,6148,268129,36555,4889,1407195,1736157
10129,6408,407338,34778,3889,283213,747903
10814,6778,132029,41259,4648,269228,467090
6074,4278,160868,51241,5759,303332,533219
9574,6333,236948,45667,6204,1460060,1767305
5314,4648,333825,38037,4444,1385684,1774045
10203,6074,950073,36037,5315,323068,1333140
9425,5741,124725,56945,6611,275624,481145
5314,4204,216083,47018,5815,217489,497997
6055,4371,300589,53092,6019,272852,644849
10444,7315,1146430,57815,3759,1296278,2524782
7055,4722,145730,47426,4407,295027,507237
5055,4130,181828,35019,4519,1410439,1643583
10203,6537,270408,58408,5222,258921,611478
8370,5481,447286,37796,5222,305710,811829
10999,6130,122679,45185,7074,304392,499126
9166,6111,161445,48370,6000,1505694,1738990
6907,5019,247117,43204,5777,1400799,1711342
10000,6592,360716,31815,4722,1374756,1791360
6147,4500,124981,37370,5278,293906,474349
8851,5833,129598,43037,4426,1478282,1672453
8851,6093,253270,42556,4222,305393,622515
8314,6037,295221,41518,4834,1462750,1822304
12055,6093,388986,54982,3333,232695,700793
7629,4815,145102,82482,3537,260450,506812
8333,5388,181961,54203,3334,266370,522237
10629,6371,264670,39592,5334,259752,588089
8184,5278,372639,35722,5056,371245,800625
8685,5796,170700,34852,5056,283945,511312
8555,5685,144299,42833,6334,1440692,1650935
6500,5000,240212,34685,4574,1362612,1656602
6981,4055,340681,40482,4796,304260,703811
5555,4259,428002,50185,6241,1453579,1950266
8203,6167,171581,67222,3463,1422521,1681194
10833,6759,210069,32259,4333,233984,500460
8222,5259,306297,41185,5908,305902,674903
9796,6815,430340,38704,4537,312470,804811
6185,4852,185271,32556,5352,251652,488257
10296,7519,178481,42018,5593,251590,498386
6667,4296,274320,39667,5185,1397892,1730601
9703,8222,379642,49889,6314,1478515,1935118
5444,4222,158906,42000,5371,279906,498460
9907,6796,144430,39556,4907,1414542,1622898
5944,4574,248140,55685,3667,1442202,1762860
9629,6111,868722,83908,3740,1344710,2319265
10351,6908,415930,59426,3352,1471040,1969433
9444,6593,124842,42519,5444,310618,502275
10666,5907,249349,90648,3649,1367567,1730545
10036,6297,341151,51352,6074,295326,712514
5889,5166,387491,47148,6222,1443221,1898193
8037,5685,162366,79852,3555,263224,524516
11740,6574,176613,43889,5722,298977,546367
7073,5796,375638,40259,4556,307321,743754
5129,4277,398348,90018,3260,1403845,1907674
9611,6740,140371,36001,4203,358737,557478
9888,5685,143821,41464,5000,1427021,1635120
9926,6240,243291,41629,5778,1397774,1707213
8889,6759,410074,40686,5129,281088,754737
6963,4741,414895,59426,4129,199212,691793
10758,6037,469439,39537,5296,1398458,1931563
9277,6630,203591,45908,6259,1482361,1755953
6258,4463,317283,47019,4833,359417,741032
8815,6166,383196,36112,4852,1476274,1918897
10148,6889,168238,83667,3945,231943,506997
6388,4852,181781,36167,4815,1518394,1754341
5870,4408,277528,53796,5982,1463331,1813064
10555,5593,352294,45981,4556,247202,668496
10684,6167,135077,42500,5296,297791,499626
5981,4722,151249,39074,4315,1398538,1606157
6592,4481,251367,34130,4166,1380957,1684249
9704,5833,332817,44296,4500,1418580,1818731
7907,4611,417953,73481,3260,1412647,1921933
9166,5944,123977,82130,3815,379279,607663
8203,5889,211427,35630,4222,1443508,1712546
5499,4223,348322,54963,3463,285488,704033
11333,6019,453106,82241,3426,236426,795588
5796,4981,148389,31130,3907,292942,489349
10426,6722,173191,66093,3592,1386374,1648435
6721,4593,273956,84630,3370,1348015,1723378
10444,5852,361814,39148,5593,269941,694552
9147,6019,131542,38370,4519,289510,482200
9407,6648,142159,43907,5500,1441184,1651713
9277,6111,238054,36871,5333,1398103,1697472
8370,5407,329338,45982,6500,1394967,1793231
7333,4648,550863,35889,5796,299336,906254
9629,6074,122350,36851,5500,1499345,1682546
6500,4870,593652,49075,4852,1506353,2167766
6518,4482,302879,36500,4093,283302,640385
4518,4074,479942,52074,3889,324461,871791
9888,5556,185983,41019,5352,349513,599755
10962,7037,184249,34074,5296,1412946,1656972
11129,5889,266644,42518,6630,1428531,1765323
10037,6629,356706,74778,3592,288087,741996
10203,7075,117192,35463,4241,351545,528386
6592,4130,147976,35593,4462,334077,535479
9925,5519,238686,45222,5407,1422508,1729879
6185,4907,364785,65537,3370,1454483,1901860
9296,5778,423901,34297,4240,1494699,1974655
11685,7000,123073,54445,3777,331591,534219
9740,6741,200524,37426,5370,1438337,1700194
6462,4556,295067,42537,6426,1380997,1738249
7055,5112,389147,53870,6000,1348787,1812879
6018,4259,166208,41112,5111,311992,538275
11092,6129,176103,38797,6388,1429592,1670694
4999,4389,310424,91593,3796,263646,681107
9333,6111,364467,48223,6277,344677,781552
9277,6371,134139,41259,5444,454061,652589
11758,5741,139108,39741,4796,308667,512349
9759,6463,236762,48982,4351,1429025,1737787
6277,4889,335398,42926,5222,287857,684737
6277,5037,414534,53722,6018,1457474,1945322
11740,6648,127483,38204,5500,318421,510515
5462,4759,211601,45481,6482,1334427,1611565
10462,6722,320199,36130,5704,306945,688329
10129,7148,488075,36408,4796,302012,851365
6758,4945,125506,48334,5296,286361,479960
5037,4629,185735,47148,7500,1455756,1708101
10426,7185,267241,45981,5685,1377176,1716713
11629,5703,354062,36445,5203,1499372,1915063
6795,4982,165622,43501,6037,248226,477793
7185,4815,240443,37852,5222,416312,714718
6111,4444,237209,84407,4019,1378448,1717249
5092,4500,385863,33222,5019,331058,766810
11667,6592,413073,36704,5000,1444953,1920063
8592,5797,124596,35630,4907,337401,518997
9629,6315,200009,107408,3667,235468,564682
9851,6815,294442,58241,5685,210314,588274
10999,6278,383559,46667,5111,277548,732977
9296,5778,145175,42926,5611,368470,580108
9129,6037,186163,42055,6519,1364846,1617416
5333,4945,265946,43260,5481,1333711,1661121
12833,5704,358730,38815,5389,368969,792218
9074,6259,132495,39500,5315,348298,542701
5777,4204,146834,36019,5203,1384879,1585880
7073,4870,238582,39777,6075,211712,510663
10944,5667,323272,46685,6519,213928,609330
10185,6833,405853,41667,6315,1365007,1837934
9925,6315,128450,42278,5148,356065,550033
10278,6981,197716,41129,5149,1361719,1625584
8481,5666,297148,42833,5093,348478,710236
8314,5093,394931,46537,5778,1437243,1900563
8574,5592,126789,43037,4574,304227,495516
7000,4907,177999,54852,6185,1470751,1724416
11000,5944,263856,58649,5129,1448338,1795768
5537,4629,355955,57556,5426,251819,683570
9926,6926,124978,39186,5222,307555,496664
55647,4945,180837,86519,3685,361566,695885
11870,6259,227194,29408,5555,1381759,1664879
8592,5648,210811,43649,6092,456314,733533
9166,5963,414133,43704,5444,1360450,1842027
9778,6092,140305,68500,3537,307322,537738
9611,6370,199385,81685,3630,276408,579664
8221,5815,1064856,45981,6334,337302,1471047
8481,5537,385619,34463,5889,407765,850180
10648,6537,689477,36204,5333,427257,1178252
5907,4148,176463,40056,5278,1499434,1734138
9907,6500,525896,38241,4796,1635888,2223321
10407,6889,421346,47574,3426,291594,783866
9666,6074,129889,36555,5371,340812,531164
9203,5982,143820,39444,4537,1495004,1700101
10259,6667,227733,37038,5370,366485,655608
10296,6870,338703,36074,4278,1413823,1812675
8796,5981,452042,64760,5685,1315539,1855267
10814,5945,127954,118612,3352,1396683,1665972
6796,4815,203979,54611,5944,326036,604626
11555,6204,287282,47648,4518,282493,642274
10296,7241,380491,47482,6463,1335868,1790471
7147,4463,141071,79297,3351,278112,515589
9129,5630,175966,45111,6444,337531,582404
5370,4092,271120,39908,6963,264117,593922
9278,5870,349478,46352,5222,1402512,1821212
6833,4240,145095,78148,3593,340457,581330
6166,4389,151785,54482,5481,296916,521812
10481,6148,226162,37130,5185,1395421,1682676
9499,6259,318761,46722,6408,1496506,1887544
11185,5463,411878,38277,4612,270321,743829
10129,6982,152938,34408,3685,383484,594552
8499,5352,202981,45537,5167,948030,1217456
10684,6482,286524,37297,5203,1406262,1755101
8370,6074,386994,54463,3722,241280,702940
6777,4704,156277,39426,6111,1402195,1617565
6758,5093,179912,70889,3759,293066,562367
5981,4685,888364,45075,5592,324036,1276141
10666,5685,367239,39223,5092,1494694,1925192
8981,5667,136467,32648,4093,374233,564775
5907,4592,146269,49649,5166,396006,610089
8926,5944,1027870,79092,3926,348937,1477473
11407,6463,319003,31408,4648,338770,714200
7426,4722,416880,52463,5611,1904902,2394431
8185,6037,125903,38037,5000,344112,529867
8796,5592,202206,41074,4648,1859819,2124395
7296,5148,310675,37148,4315,1430593,1797934
5055,4611,387218,39426,4074,304463,747588
10500,6833,151020,38518,4297,316366,529960
8684,5612,171840,81259,3241,1454020,1727323
10999,6500,262032,33926,4445,359723,679718
7869,5686,349778,49519,5222,1421822,1842378
8444,5648,142580,40926,5907,1450781,1656972
5740,4630,145567,40741,5352,380003,584552
11795,6815,228574,47278,5833,1429213,1731564
6499,4889,333932,38981,4278,350250,740940
6907,4648,408067,83833,3834,292743,802328
9444,7074,129646,40426,4648,345314,539126
10704,6240,211338,41482,5759,1423060,1701176
5981,4555,376548,45500,4796,312245,751699
10722,7185,375072,47075,5037,303442,751200
9277,6223,127355,46740,6352,422679,620682
9425,5630,173694,42463,6445,266284,506200
5389,4222,270108,40537,5055,321944,649497
10648,6759,365336,42889,5260,288733,722126
7685,4889,135749,76815,3537,344618,576090
6518,4296,149903,53204,5481,292965,515145
5852,4462,232854,42130,6426,1416525,1710342
9018,6389,319729,47130,5871,432320,822754
10721,7000,417681,40074,5667,1433641,1917229
7055,4851,307724,41833,5444,294662,663607
7388,4574,207136,36797,5296,1971684,2236042
9778,7055,284457,48963,5426,1424570,1783157
6147,4426,382519,37592,5075,366847,805069
11499,6630,138450,45148,5130,441842,650626
5703,4333,181178,61334,5963,1855235,2116284
7221,4963,291666,41148,5759,1362121,1715027
5203,4185,352024,41148,5796,2152721,2563559
10425,6130,142158,43500,5482,1489665,1699731
9981,6870,135720,41241,6019,1509251,1711546
8648,5741,234744,44500,5815,309956,611812
6204,4851,331084,42612,5814,332523,725959
10462,5723,410664,42722,5296,1350937,1828397
9629,5852,119632,56982,4018,323921,522701
11351,7389,210250,71648,4981,1313316,1621842
6981,4574,289885,44389,4944,1470919,1823989
10148,5722,389188,39407,4889,357752,809162
8555,6167,125952,36037,4870,378897,562904
10333,6093,172310,42241,5537,259483,498424
6926,4611,264075,31000,4834,1449118,1763046
9129,5686,375803,86389,3834,1474925,1958137
8777,6537,124735,40278,5611,313670,501756
8221,5649,139703,39278,4445,307589,507552
10870,6704,223487,50130,6278,212806,512868
8722,5148,322197,36963,5130,1418922,1799545
10037,7000,403926,80852,3166,208256,715496
8185,5055,186005,37797,5463,277603,522627
5944,4463,201141,38092,4593,1467701,1724564
9833,5722,289425,43407,6370,1441418,1798749
10295,7056,391541,60389,6260,329527,807717
8407,5574,165806,40334,4833,328598,556386
11407,7074,166090,59407,3778,1378160,1628694
8296,5148,264448,41519,4703,290049,616904
10147,6278,362954,34741,4111,1416591,1837322
9610,6945,807905,107982,4018,1514562,2453152
9518,5629,137188,48759,6389,1441970,1651583
10352,5407,231897,33408,4611,1510426,1798231
9703,6444,369367,43741,5092,384981,821458
5592,4907,1216856,44278,5703,338413,1618157
9222,6203,162618,74019,3463,321378,579293
6833,4833,201273,46315,6444,361372,629293
10222,6870,288815,37649,5666,1446174,1797489
9704,6611,380043,34167,5148,1406020,1844582
8555,5667,140067,38167,5593,336522,538145
9314,5389,207407,68204,3537,1375213,1672027
5426,4315,266450,36685,4574,314380,634349
8610,5871,397567,48537,3167,327428,793569
7888,5926,128980,46667,5388,333869,531089
6500,4204,141504,47315,6444,363678,571756
9833,6592,225547,109186,3518,1289592,1646361
9647,5686,318738,36778,5000,278054,656015
10203,6389,907079,36667,5259,334969,1302714
6074,4240,116824,42963,6760,384246,563145
9777,6759,194497,43926,6241,1414956,1678675
10184,5778,284910,80260,3500,1498431,1885285
9759,5759,375120,37130,4685,294691,729292
10592,5870,140163,40852,4926,299057,504256
9999,6815,169168,42574,4389,342903,578293
10147,6926,251619,58167,3555,1451705,1784767
7333,4870,355995,44019,6129,382223,803088
11481,6722,131519,34649,4889,384088,576052
8426,5648,144692,42963,5444,1499465,1709176
10296,6389,230975,88093,3760,1378107,1719638
7944,5278,326056,39240,4315,317144,702348
11277,6852,413617,46685,5889,252694,739255
8055,5889,123641,41259,5500,337097,523515
10092,6944,505907,48315,5648,1436267,2015340
9352,6092,283227,41612,6148,1377392,1726601
7778,4648,834086,40722,5148,326333,1221475
9889,6370,124535,45667,6055,329036,524146
8925,5537,181856,34778,4852,353955,592033
7388,4981,261214,43482,4888,1399795,1724490
10704,5944,354090,38389,4889,326276,742755
9963,6722,125651,42222,5982,355512,548571
9407,5611,211380,31389,4907,434524,699719
8370,5722,226830,37741,5537,316259,602608
11351,6167,315595,37074,4815,396067,773125
9185,6296,404749,45889,6815,297172,772570
10147,6815,117514,53407,5760,302761,498460
8093,5351,196001,55852,6334,230736,504905
10536,6111,291119,47167,5833,241248,604126
10147,6704,407532,56704,4055,397037,884921
5277,4741,160241,45241,5351,351627,575219
6666,4797,169543,44852,6148,376046,610497
6369,4408,263012,41926,4481,489224,811384
4999,4667,355407,87111,3667,1455545,1914248
4833,4907,140783,33204,4888,378844,570015
9129,5704,143529,33611,4723,306245,505923
10555,6018,236980,37426,4426,316943,614922
9777,6241,318615,44834,5574,1488003,1875581
10222,6518,430530,90000,3555,1434015,1977026
6740,4778,120997,49760,5389,320037,510312
7407,4315,209910,36278,4519,358808,623737
6814,4352,309917,36463,4333,1482461,1847785
5537,4166,385016,34556,4037,393479,829255
7814,6130,133762,38666,4297,389642,583015
6092,4074,171101,46778,4352,277507,512330
5944,4204,292570,92481,3426,1374235,1774916
9740,5944,355372,30426,4278,306457,714440
6870,4704,133544,44593,5000,346027,543849
7055,4389,138976,37518,4074,324299,518997
5277,4185,247390,34167,4092,1448230,1745694
10388,6556,309636,38778,4093,2035683,2407764
9407,5667,444568,89463,3334,1365642,1920767
5925,3963,1377762,34444,5167,378135,1807878
9463,6333,205913,33296,5500,302566,565775
5332,4519,348604,45130,5963,386446,798069
8869,6260,452536,37074,5259,322533,835087
6370,3963,167116,78778,3481,1410134,1672528
4721,3797,170677,33259,4148,1462999,1682045
4685,3907,122646,48278,6370,348740,536960
7555,5612,347059,43945,5814,1289690,1701768
5906,3945,124194,44408,5981,398821,585367
7555,5389,136311,39130,4537,1555604,1750749
8203,5722,241392,35741,4185,1423117,1721342
6074,4370,338583,33667,4074,405820,795070
9370,5556,399144,43667,6500,1428455,1895341
5481,3963,123668,42148,5834,408957,592293
10759,6556,196545,58407,3926,286656,565182
9685,6426,311643,44296,4500,352205,731144
10833,6074,367835,45741,5814,1404470,1843138
7925,5408,140543,38556,5555,365546,566052
5389,4926,166864,58667,3815,366428,608830
10870,7296,258185,42852,5982,1463119,1790656
8092,4833,370025,71500,3741,316675,777310
6518,5075,129641,34370,5130,374781,558627
10666,7111,137110,45574,5556,1415603,1624546
7092,4963,270042,93037,3741,243065,624589
9981,5611,341974,48185,5112,369688,783607
5592,4389,423554,31723,4444,1440046,1912378
9740,5796,171078,41019,3167,300974,533978
7962,5852,232306,73834,3296,1437998,1764082
6258,4075,291886,78741,3241,1353659,1740453
10407,7037,446707,39722,5463,371214,882828
8037,6092,160361,43167,6148,309173,535627
8740,5741,202107,69963,3463,1340439,1633250
10444,6019,262391,56778,5945,282605,626478
10333,6926,429545,45500,5093,423375,923550
9092,6371,144421,42259,5574,319465,529571
6389,4555,137483,38167,5129,284385,478979
11815,6537,223044,41389,5148,1456890,1747453
8777,5648,345532,49334,6055,269020,686829
8055,5445,401278,59797,4111,1500969,1982304
5888,4871,160580,77389,3185,319305,573034
13055,6629,577328,46574,6574,276149,929087
6444,4740,285611,36908,5315,394292,735255
6074,5203,1144212,48815,5166,1391311,2603059
24277,4759,152512,87185,3463,1425275,1699823
10573,6223,164183,45908,6370,345387,581237
5870,4981,261412,37500,5500,311103,629274
10536,6537,335325,42667,5111,322726,725032
10092,6500,125682,38686,4870,351537,539534
10277,5704,130170,43445,5111,321271,518775
5648,4648,227509,36889,5185,1403000,1685527
5500,4481,317312,34408,5203,345888,714848
4462,4593,410373,36611,5426,271252,735310
10351,6333,184212,38241,2945,346969,592719
8610,5797,206662,105704,3278,1314624,1647342
6481,5055,285761,56556,3852,1494006,1854082
10666,6704,369656,38407,5260,362987,795866
8962,5741,153550,38037,5056,300447,514145
5815,5037,207834,68944,5908,1456507,1752194
6277,4407,255803,46575,4666,316879,637218
8111,5296,412328,38778,5166,397297,868977
9036,5500,131204,42703,6556,350664,547700
25703,4926,119598,37296,4389,1420726,1615139
5963,4277,224586,34093,5111,1379831,1657157
6481,4130,323666,41963,5518,286460,670459
5981,4222,497043,36740,5223,252601,803903
7093,5129,198529,32111,4963,1498887,1749268
9462,5648,189239,38537,5185,541757,792847
9759,5944,277912,54981,6574,247863,606052
6407,4130,92935,41463,4593,374951,527386
6110,4334,163719,33481,4037,351630,566015
10130,7166,169262,48112,5685,1444265,1686824
8426,5574,249990,36667,4445,1515888,1823064
8241,4962,143571,54518,3334,334371,550979
7407,5092,122595,38963,4277,388051,569108
9981,6852,952157,31963,4056,327057,1334640
9000,5926,219625,41370,5111,1449439,1732879
10295,6185,314631,45056,6037,1484081,1868415
9962,6944,424712,100000,3537,1489462,2036766
5870,4871,133790,39056,3574,1532366,1722305
4740,5148,195815,37612,4963,1451267,1701787
10296,5944,279395,39334,4111,1366095,1707361
5389,5370,412290,45834,5055,1462958,1938934
7185,4555,176758,42686,6037,1387306,1626750
10648,6500,163264,40538,4351,1406949,1635787
10332,6352,251363,42760,5425,407633,725625
5740,4778,348369,57130,4000,261923,684644
5629,4555,128764,45592,6130,337826,530719
6944,5019,133565,40797,6370,281691,477016
11815,6222,219979,39056,4351,1357697,1641917
6093,4592,336152,43963,4630,293585,691608
6741,5185,399695,42815,5870,1421479,1884490
6425,4574,187034,48204,5352,229834,484090
11759,6296,189651,39259,4926,1419655,1674250
7055,4537,284971,38556,5796,1476074,1820656
9092,5649,368644,42555,5149,1449863,1883138
9499,6352,155687,32537,4889,340940,552571
6574,4648,164118,39741,5259,342286,565090
4778,4648,253643,80703,3741,254483,604330
8592,6463,339001,37833,4907,263496,662737
9925,6241,447525,35352,4371,388876,894420
10815,6759,149438,45204,5129,1486016,1706083
7036,5130,122499,34445,4259,365627,541552
10222,6870,1083656,48055,5871,308539,1465399
10295,7019,400049,40093,5055,1395237,1860933
10536,5871,121868,41871,6574,364887,554441
8963,5926,187801,44129,5926,263641,518849
9055,5796,997475,56167,6222,1239549,2316653
10592,6796,365758,80148,3982,1063696,1532973
6406,4149,119818,41667,4574,1934021,2112765
10167,6389,157342,39574,6112,300191,522035
7684,4945,867461,37852,4833,1296545,2221894
9573,6760,343280,72352,3667,297345,735514
8666,4704,130768,31092,4852,371211,553978
10222,6537,135144,45537,5463,1558827,1763731
9370,5796,222391,56796,6408,1291748,1595139
9222,5685,312711,54426,5778,290562,680811
10833,7148,399643,38686,5148,1432419,1896748
9351,5870,217483,42093,5296,288570,570811
8870,5815,189970,45629,5130,1434095,1691972
10944,6482,275364,44241,6426,327872,673441
10925,5334,415463,43019,5055,293977,776144
8333,5667,139061,43204,5018,363380,567312
10352,6425,160068,37389,5000,1437330,1658898
5092,4259,256129,36037,3852,1393213,1700601
9907,5463,371449,48519,5500,296953,739921
6388,4574,137085,35166,5000,307598,499571
8111,5518,138702,44148,4204,1422492,1625454
6388,4834,239985,35889,5148,1339931,1634213
10833,6000,319547,35056,4222,1399553,1777749
9092,5722,398294,40908,5092,1484454,1945970
8796,5537,158540,39222,5186,261642,481849
8666,5333,228398,33815,5185,1415908,1700083
6295,4482,281570,43889,6556,1427327,1772860
10425,7111,415169,40463,5223,308770,789291
5240,4667,133859,36556,4667,339674,527738
10296,7092,838275,49963,4722,1429064,2342098
10129,5759,262668,40297,5129,1715191,2041673
8943,5982,339600,53963,3722,365081,779291
6481,4407,125624,44222,5296,339818,527571
5407,4370,157260,40130,4370,359033,573589
5444,3852,818748,35260,5500,1606645,2477727
23592,4630,363013,41389,4259,302298,741867
8851,5834,399185,44574,4963,1944653,2410153
8870,6314,127154,38722,4815,347992,535737
8444,5223,197363,41907,4722,237634,497442
6999,4630,328647,42426,6352,1390676,1783490
5444,4407,380283,36666,4908,288806,723496
10778,7148,135380,84315,4019,262801,507238
8111,5037,205572,45333,5685,1403512,1676250
5407,4593,293614,37223,5407,1310265,1659009
10795,6556,364324,45352,4037,326227,759328
9592,5852,462386,51889,5926,405090,943291
9277,5648,127114,80444,3519,1413692,1642305
7277,5463,270638,42278,4129,306747,638737
5610,4500,326607,38723,5537,1469641,1852693
11333,7111,479632,44630,4463,348974,898143
10185,5833,125692,41371,4148,331842,521812
10073,6463,187977,43777,5908,1426810,1683546
8981,5871,276667,37185,4889,1423156,1758898
8796,5796,368322,48167,4944,400192,838736
11740,6796,173550,41407,6223,1369071,1611509
7056,4851,199963,41556,6092,1454250,1715916
9110,6352,246747,39574,5185,1415540,1724564
10147,6482,335919,45259,6241,1662550,2069247
10796,6203,712371,39092,4852,389919,1165845
8685,5259,145041,45760,4833,348752,560886
10703,6445,214825,43296,5371,1408924,1693194
9944,6352,303498,58000,3907,267999,652126
6425,3981,450875,42611,5611,332065,843995
4907,4111,686104,38204,5259,339205,1080291
9073,5815,1231259,46833,5574,413861,1714897
5130,4333,281688,39926,6019,1455468,1794712
10258,6889,759529,46889,6259,1615087,2447671
9666,6870,152182,41333,5907,386520,605182
4870,4185,166687,43260,5926,274643,502182
9315,5722,244119,39444,5593,345433,651589
10370,6111,398736,41649,5222,295685,760366
9722,5926,123353,45352,5018,326941,518794
11332,7093,126507,81518,3315,1525817,1758304
5444,4074,228532,42926,5944,194133,483498
11055,6315,314519,84500,3500,1456026,1878286
8703,5963,405136,39075,4925,312897,778570
8907,5352,123141,51704,3611,278560,474035
9981,6611,191999,40852,6334,1354714,1612750
12074,6629,283172,43537,5852,1419707,1773731
8463,5740,472956,39945,5389,250502,785422
10722,7055,129832,42204,5351,366462,564552
9555,7055,170245,39722,5019,1404412,1638935
9351,5537,268973,33704,4185,1420499,1744842
5426,4204,345293,44408,4926,322813,729885
9537,5648,1042783,33407,4075,374338,1472418
10684,7278,138694,30111,4260,353062,546608
9444,6259,236404,33407,4167,1446142,1738101
9148,6315,375910,37278,4185,331789,766699
9907,7000,401416,37055,4426,322876,784699
9518,5926,127217,36297,4889,393797,580348
11666,6167,195242,46722,5500,292718,560645
5426,4537,286118,41722,6426,1507316,1854156
9240,6649,369383,52519,6000,249038,695311
10222,6222,146963,30834,5092,311923,513404
9740,5722,166025,44463,5500,1377596,1611176
9333,6519,247771,37278,5315,332114,640367
10296,6426,415000,38000,5037,354532,831884
9869,7000,1247990,39222,5593,318834,1631101
9648,5519,127511,41129,5297,399356,590553
10130,6814,217536,56759,6389,299276,598904
9499,5870,310820,44611,5982,1509966,1890544
7055,5019,402103,41815,4556,332632,795773
7851,4741,128164,84482,3241,1483455,1714527
5685,4666,200467,35278,4333,376789,629311
9832,6945,299287,29871,4333,1402369,1755193
9740,5981,368812,47630,7019,1388696,1830860
6314,4907,150355,40352,4203,387865,596533
10092,7000,172082,38297,4722,1358186,1592954
9499,6019,251848,40759,5056,1445160,1760953
9166,5741,397613,78204,3333,352512,849162
10204,6722,419823,56167,5333,1382370,1883304
9111,5741,124624,40074,5037,347910,534905
9370,6074,221853,38907,5371,322181,606201
7925,4982,325266,47389,6981,1500594,1895267
11815,6592,850237,37240,5130,344442,1258178
8222,5519,189092,33945,5185,320793,565108
6444,4925,191840,41277,5297,283398,535274
6110,4537,284160,42167,6426,1388886,1734305
12555,6093,460259,35963,4944,356625,878532
9592,6555,132116,44037,5685,330567,530626
9221,6834,152547,35241,5204,1513535,1724934
9444,6685,245683,34445,5204,1429251,1734064
9703,5778,400078,40185,5037,357954,820773
8185,5926,563640,35130,5296,465613,1085772
5296,4870,139071,60149,5815,316574,534182
10166,6722,577226,41685,5186,2168516,2811706
9758,5630,318361,44870,5149,405597,791865
8444,6000,486978,41501,4925,373035,923569
5333,4630,200798,39315,5833,509623,768959
5833,5000,194434,100259,3982,1355852,1667509
9925,6241,278588,44963,5908,236705,584460
9740,6500,941003,52982,5426,367285,1385640
7018,4704,292914,46908,6055,1432149,1792119
10203,6926,159531,43074,4963,1378997,1605842
8536,5111,272464,69426,5074,1316953,1679638
9851,6833,380007,55389,3537,330896,788569
9315,6537,1203773,38612,4814,1820265,3085686
9463,6167,396093,33111,4926,1454859,1907952
11481,6741,221820,42185,4556,1392911,1682453
6888,4575,256826,43537,5111,1481237,1800305
7111,5129,397147,47426,4778,304552,768218
10499,6704,169856,48574,5037,272549,515941
7685,4333,186844,38592,4297,501967,745588
8444,5537,280998,45908,7592,1398215,1749176
9758,6685,364097,36037,4907,274715,698662
8722,6241,140250,36963,4018,387525,586571
6870,4315,165663,83241,3796,362630,629330
10000,6518,241262,40130,5500,408178,713570
8222,5555,335972,84630,3796,1477980,1919822
9832,6945,626904,33944,4982,338868,1023975
10277,6167,123946,48370,4833,296700,492404
7481,5074,223545,34241,4648,1412557,1689750
5278,4259,391254,42186,4166,309593,759700
9333,6740,390798,42278,4574,1404858,1861026
10611,6000,147377,83703,3537,275139,528664
8704,5740,194216,54964,6037,1415385,1687213
10444,6314,276723,47574,5611,1477767,1826748
6407,4333,370154,46037,6482,309786,745736
6907,4333,125327,35203,5037,345949,525442
5518,4351,158925,44482,6389,284461,506608
5370,4130,253819,44186,6185,1446614,1762434
5073,4037,370585,74315,3759,310781,770995
10315,5722,418443,50037,6407,1484935,1978415
5611,4167,140003,46389,4685,406641,609886
4666,3852,224991,38371,4907,1447740,1727027
9648,5926,308071,58278,3537,228610,616534
11185,6463,496318,41741,5574,278973,842533
5462,4074,123694,56778,6166,424821,623903
9814,6259,180626,43167,4593,1417068,1663824
6129,4833,323151,67315,3833,1458857,1867341
6092,4222,376416,40611,5556,1436870,1872489
8795,5778,728960,38296,5278,1573471,2362893
5370,4537,164279,53945,5888,300941,537608
5148,4870,252359,51556,5870,1331910,1654028
11481,6426,335384,45389,5981,1503032,1910378
8999,5796,379019,43852,5334,1474358,1920155
6240,4908,133783,39426,5630,313658,506201
5463,4555,220994,88907,3685,331466,657219
10259,7259,319444,82593,3518,1484508,1910137
8888,5685,389413,37260,4796,1334114,1783527
8406,6112,178492,41019,3555,370171,610903
8721,5815,196573,36370,4630,1415714,1670379
11296,6074,273986,37574,6093,245899,583293
6129,4222,363548,45166,6556,1386349,1814545
5481,4352,144701,39963,6093,306426,509127
10480,7371,150336,85760,4092,1344303,1604787
10129,5704,244083,38834,6185,311672,618830
10000,6444,340553,81870,3648,383388,828292
9536,5778,1201782,40426,5686,340634,1605916
9592,5815,122600,42482,5204,1485315,1673064
10352,5370,231977,39982,4888,1418884,1714676
7259,4703,323984,34148,4444,384105,761033
8277,5908,389674,37278,4963,319339,768347
7407,4834,131235,38944,4630,327669,517257
12000,6703,177353,47204,6370,471014,722570
6684,4426,279821,55352,5334,214305,568126
8999,5908,362457,35426,5056,306427,726477
5444,4018,144389,44722,4111,315627,521034
5611,3889,160820,47981,5278,1487540,1713527
8925,5926,261623,33203,5037,1472275,1788989
5851,4148,348759,39463,4500,297608,702440
9740,5852,245134,52574,5722,330455,652218
12296,6185,131196,49648,5167,317153,524516
8036,5352,221091,45389,6092,348888,637459
8592,5704,357041,50889,5407,405436,835513
8999,5852,126528,55944,6426,345321,551848
11685,6555,144923,37629,5130,341148,549719
5889,4889,294002,44927,6611,404270,763311
9241,6499,269250,41389,5278,1393148,1727583
9703,7315,411219,38667,5000,333091,807088
11462,6611,147761,80797,4037,340791,593941
8351,6019,158674,37130,4722,1439242,1657916
9481,7074,249643,40297,6074,1444161,1759156
5722,4111,345649,42964,5500,1396451,1802434
11721,6612,419007,103315,3815,1390629,1937137
5388,4352,143902,43500,4555,1450293,1654879
6222,4981,213093,37500,5204,269015,538108
8352,5833,318488,35314,5056,364453,739922
9295,5667,385420,43426,5333,1387959,1839804
8388,5463,171518,42889,4370,265128,499960
6870,4426,184394,36778,4796,1455948,1695268
10778,6777,280919,44815,5741,1319035,1670639
7962,4723,413720,32815,5074,338756,804810
9129,6574,159152,55648,6371,275122,514626
7333,5389,176288,39148,5759,1491203,1727842
10629,6074,244442,55630,5389,1383048,1707861
10407,5963,333819,40426,4907,287363,685034
5351,4945,421380,46074,6518,1482961,1969729
8722,5722,149200,39056,5055,402408,612275
10277,6982,218835,39778,5611,266199,550293
10055,5370,314379,46074,6019,364802,749088
9148,6185,387125,44556,4648,240408,694755
5925,4778,124649,47333,5075,356125,546663
5129,5074,222581,45037,6297,1451668,1738434
11130,6333,656681,34537,4666,1441622,2157007
9110,5908,224315,64537,3926,1429212,1739564
5648,5185,169173,39185,6000,386954,614386
11444,7074,154735,45333,5852,1443719,1670676
7684,5056,292481,67815,3796,1431083,1810415
10111,6352,728802,56056,3815,305042,1112568
8814,6315,1228977,52815,3333,366421,1669250
10203,6018,696889,47704,5500,437919,1206678
9222,5315,210504,41556,6277,1306802,1582602
8925,5778,456788,38408,5648,409521,927346
8389,5907,442831,51204,4056,308849,823218
10814,7297,137781,49907,6019,280123,494293
10462,6148,177361,41056,5296,1471074,1714434
6759,4556,269719,36018,5222,1429327,1753731
9166,6186,358410,50778,6500,1422190,1855379
10314,6982,162878,39167,5426,360192,587163
8185,5259,150422,41833,6389,1433736,1647861
9777,7500,242391,49296,6093,322513,639941
8037,5592,341360,87519,4018,1377593,1826693
5740,4760,143976,40352,5944,430039,633682
11555,6685,124038,37296,5741,406125,594089
7926,5370,215507,43611,6370,1438909,1719898
10221,6185,372606,39963,5222,341427,777680
6703,4519,433945,74833,3907,1465063,1991914
7315,4314,123747,37518,4908,383528,564164
4758,3926,194401,54815,3703,375800,639922
5092,3759,287555,45463,6000,267905,618515
5166,4074,370153,43241,5389,1436317,1867156
11036,6278,134159,40556,5000,325134,524793
9981,6740,148202,45037,6352,1475344,1693805
10463,6426,280393,67667,4074,1327171,1698657
9574,5944,332103,34333,5222,287912,677200
9204,5537,1678259,36889,5093,357561,2095044
5370,4463,136447,42611,5241,1399266,1595842
9796,6167,370861,49796,3778,303912,746348
6462,4926,1162369,36759,4760,360474,1578546
10981,5537,391262,53185,6259,418993,888643
5111,4092,194934,41352,6056,347803,602071
4610,3852,186607,50685,5907,256391,510775
10685,6778,1037392,37148,5092,360489,1460158
9962,6130,363100,42222,5259,397988,827032
9981,7074,143883,32593,4981,335225,536441
5555,4148,156796,45223,6278,1445119,1666009
6851,4611,244914,36445,5203,1865445,2166191
10611,6055,329642,35334,5296,1454088,1843138
5425,4278,419592,41389,6074,1438545,1917377
9869,6482,119820,41592,5260,321936,507460
8703,5556,212381,35760,5074,315171,585256
11592,6482,306684,34852,5092,350868,718533
8796,5667,385393,36945,5074,219436,663830
10148,7037,194177,42444,6426,250339,512830
9463,6426,202793,99001,3833,1350567,1674287
11463,6388,271337,48926,5389,580343,926828
5944,4074,367287,35019,5093,395893,815921
4499,3815,139570,38371,4352,386555,579422
10648,6852,154706,45352,4907,1416525,1641195
10722,6129,240805,36167,4852,1413815,1714564
9092,6259,327737,54778,6278,284592,690978
8962,5611,430984,41963,4963,1509283,2003933
5259,4018,126174,42444,5408,1491872,1677972
7888,5185,229347,38667,4759,317446,605811
10259,6944,297242,39278,4537,1431081,1791675
9647,5852,389063,37315,4740,313526,762292
5592,4334,160216,47444,4426,362244,586386
9888,5815,178889,37166,4778,1446009,1684583
9574,6333,266135,34963,4945,274194,599145
11166,5574,364679,49667,5074,1392052,1830397
9814,6926,143369,43167,6019,308720,520701
6370,4333,815247,39926,5944,1348852,2223450
9444,6241,234214,37037,5185,1950477,2246450
10388,6352,328165,38907,4945,1439028,1830211
5814,4871,379263,62482,5889,402379,863458
11629,6889,124917,38945,4611,407265,597089
7500,4648,214812,69222,3759,1821232,2123488
8074,6167,296577,55778,6555,308845,684034
10647,7056,388342,45593,5741,316764,776791
10684,5982,179570,35074,5204,396833,635866
9462,5741,192909,91241,4000,502808,807977
7944,5556,267675,48537,5074,275192,612127
10000,6796,406607,68222,3667,341851,840699
10388,6037,127797,31741,4667,340051,522867
5685,4352,164155,30426,4666,1480428,1691787
9758,5945,249957,36870,4519,1327070,1636342
9314,6037,324353,47629,6445,390958,786810
6314,4259,643229,35704,4574,1253260,1949785
9647,5852,126882,42130,4389,318541,509626
7592,5130,215443,61537,3945,215738,512330
5129,4186,308745,41889,4334,1500373,1867267
10073,5556,397604,99037,3371,1418736,1936470
10147,7056,154461,37870,4074,319796,536052
5629,4351,190116,38296,3963,1454282,1699212
9425,6315,265954,44686,5463,1470775,1805137
12388,6389,358294,101538,3388,1328325,1812971
8814,5982,160410,52149,5740,367179,602348
11166,7518,158713,46556,6574,1430277,1662860
8795,5648,237108,43556,4981,250741,552867
9092,5778,336798,41112,5796,248031,648700
10518,6259,415027,43759,4463,1434481,1917377
8907,5796,141514,30019,4000,319927,512664
6073,4426,213076,43259,3982,224199,497108
6981,4500,301692,47852,5167,1415205,1785193
8166,5834,424273,43129,5352,307149,796773
7999,5389,475316,46037,5556,1296303,1839452
9814,6296,173877,35667,5055,1380651,1613842
9611,6277,265383,48222,5093,1443644,1780582
9629,6204,352444,53297,5907,1455508,1885101
10703,7037,145413,33759,4760,1461133,1664879
8851,6148,154122,38075,6185,344078,559645
11796,7000,243647,45204,6000,1499713,1816249
5684,4797,335152,57445,5574,382565,793569
9018,6444,416622,52149,5037,1535236,2028173
5778,4370,169127,68000,3371,1455085,1708287
6055,4426,214355,31482,4259,1451931,1715194
8277,5574,296232,45833,4574,335579,698570
11240,7000,412886,48167,5000,311035,797421
5426,4259,162577,42426,5537,336753,559923
5944,3703,182824,50111,4889,312488,562015
10147,6500,268719,51185,5352,299333,643329
9796,6426,366724,40019,5000,379641,809810
8333,6111,142378,40648,5130,317823,522997
7777,4796,153662,42129,6426,1433959,1651379
7833,5555,247779,45648,5482,296181,610700
10592,6500,325414,46963,6482,342248,740755
8370,5463,464884,36574,5167,1453179,1976119
10129,6111,129778,43778,5629,372127,570052
8592,5519,211746,40963,4167,290639,564200
10073,6463,291845,39167,4759,260003,614755
9388,6092,383722,46148,6186,1347619,1801674
10240,5797,183060,39426,5296,282159,528571
6684,4778,183659,43408,5111,363115,609737
9184,5648,278332,43370,4871,1389732,1733990
8704,5518,399467,43056,5389,1375800,1841249
7222,4463,153380,46019,6222,357765,577349
6074,4463,149238,40389,6296,338740,547404
5333,4204,246355,40759,5204,1430913,1734749
10815,6555,350306,57315,6055,275413,708904
7629,4518,1009387,43038,5944,1509043,2582226
7758,5723,121853,41037,4852,324070,507404
8703,5759,204971,83482,3870,315174,624830
5537,4277,298255,41315,5352,335982,693404
7907,4556,388909,110370,3871,1292839,1811194
8536,5722,129211,48334,5018,306157,505349
6278,4351,178606,80074,3519,1457680,1734009
5055,4055,277982,35630,5370,1443490,1773712
10907,6222,591173,50649,5852,1467351,2134913
7018,4889,126715,36945,5129,290300,473682
5759,4555,162722,44463,4407,1442325,1667194
5073,4075,251820,47111,5629,1391541,1707675
11444,6649,324585,42352,4222,1359386,1750879
5666,4296,437962,38889,4797,1362009,1855767
9518,6204,120245,39463,4907,354345,536386
10148,6204,216880,45000,6037,234598,521331
7444,4666,379646,43093,5482,262183,704699
4889,4018,486838,35611,5240,250510,790144
11148,6944,140954,39833,6056,269414,476794
9426,5759,174237,40333,4982,322074,559441
10962,6389,266410,38445,5148,225901,555830
8944,5833,360639,42074,5407,311061,736348
10648,6888,130866,36519,5000,328390,520367
7166,4574,146631,47334,5111,335606,548200
10611,6018,588175,36926,4686,394078,1042568
9722,6703,327310,34408,5796,1437402,1823619
9684,6223,414723,44370,6130,1411525,1895526
9018,5926,124265,51093,5204,302880,500590
9943,5537,210291,33685,4611,330540,596774
10259,6944,296611,107889,3593,1361027,1788490
5703,4445,390858,39444,5260,345285,792699
5481,4296,150882,79389,3500,244245,490719
8574,4814,181036,53723,5648,239572,496182
9611,6222,275949,45964,6148,1319133,1665194
10166,7907,359604,42481,6260,310521,739606
8258,5537,121443,42148,5167,360110,544330
12555,6389,174559,34556,4982,259993,495553
7870,5407,233418,43314,6538,1365980,1666342
8907,6037,325164,53112,6092,1432566,1834175
9611,6315,409762,49982,5148,1386930,1869934
10667,6185,124119,53834,6315,367729,571460
6778,4852,210996,38315,4907,302001,570219
11074,6685,114224,41722,4463,374291,554682
10889,7185,379471,41148,4797,277913,723885
11018,6149,311125,49055,6315,1431383,1817194
9295,5982,186464,40370,5963,1378675,1628861
6536,4315,273229,58482,5018,1448150,1797786
10314,7482,465569,49630,4240,348223,887773
11370,6815,127055,35352,4815,351145,538552
7499,5148,163432,44093,5370,360232,588274
10092,7315,228586,38667,5203,1440960,1732916
9962,6630,318166,47796,5371,1478730,1868693
6777,4648,580951,35537,5111,1292557,1927933
9129,6315,120251,84667,3722,1433665,1659916
8277,5667,202035,77667,3722,223184,522645
10369,6482,288967,41389,5167,232714,587644
8369,4556,386696,38740,4760,1462775,1908377
5055,4240,136535,48944,5204,405629,608515
6278,4314,196152,37130,4981,336216,587812
10648,6444,266861,56241,3611,1393462,1740138
6963,4222,359201,38148,5648,210277,626923
8963,5629,135151,47148,6296,331199,536942
5221,4797,151082,42759,5648,335415,547422
10463,6444,228848,38389,4740,331409,622497
6407,4148,332132,40389,5333,372420,762978
7907,5926,679378,44167,6185,445707,1191141
9462,6037,120421,38963,4463,334336,516497
8148,5444,208371,42704,5074,1470434,1742860
11666,6445,331618,70278,3814,1352261,1779434
9999,6686,378512,47056,4722,269891,719718
8592,5852,124185,42815,5389,317553,506572
8925,5556,210042,49278,6000,237362,519348
8852,4963,267493,82074,3648,1415663,1785083
9962,6648,353870,41333,5445,288052,707773
7314,4519,135430,44852,5185,289567,489053
8129,5352,144158,33630,4685,316802,515589
11222,5908,396090,35223,4815,330663,786329
8869,6297,326522,41167,6037,1499541,1890915
10259,7037,323380,109667,3834,1321813,1778120
6740,4926,130367,58185,5426,313019,521441
9073,5630,211058,46149,5574,1374302,1654490
5166,4167,391231,39278,5926,252320,700589
10222,6944,375645,46148,5778,1479918,1927378
8518,5889,147317,42222,4963,384143,595256
9852,5388,176934,36963,5296,1418520,1655065
10037,6666,274384,38167,4722,1421199,1757620
8610,5389,438557,66889,5389,277605,804865
8240,5722,131377,38611,5426,371157,563145
6981,4186,145308,37334,4463,393928,594349
5426,4388,242297,46167,6444,1420768,1729305
9370,6037,394710,35982,4740,350675,803681
8870,6111,409846,110222,4130,1394606,1936489
8611,4462,168222,47592,5482,262405,499404
6722,4518,203820,37055,4852,1442986,1702305
9555,6000,296919,56852,6648,291318,669181
8684,5612,378757,58926,4000,1510824,1969914
6241,3888,159653,79870,3741,257141,513294
9795,6593,173825,42648,5315,1419110,1659657
8815,5500,305034,41889,5074,1460233,1828916
10277,6630,353503,56371,3555,314900,747366
8092,4630,131046,43981,6370,324026,520775
60536,4796,135349,43370,6334,342889,595163
8148,5463,269910,67629,3649,1310839,1667731
5630,4000,408249,47574,5000,303265,776200
7018,4389,409718,40982,5333,392184,862217
8555,5741,121094,37074,5055,324570,504682
7166,5018,201119,47537,5000,1438983,1707286
5610,4278,315921,35889,4555,1343014,1711416
12055,6500,1072540,37963,4222,1266835,2402486
9240,6315,130802,44796,4241,333935,531052
9962,6797,372753,40111,5000,383575,820754
6055,4852,264092,38130,5222,294163,614237
7740,4907,330969,38352,4907,1442206,1831248
5573,4630,651864,36704,4444,1288717,1994785
9963,5815,135813,39537,5315,313850,512627
10000,5851,226098,43666,6278,289622,583700
11778,6203,319326,31629,5037,271579,647997
9185,6111,656703,40333,6111,334107,1054476
6074,4444,126263,37351,5315,334327,516330
10315,7055,202639,57575,5685,304191,589997
6759,4389,306200,53945,5555,316259,695237
12425,6278,373577,46982,6407,1508023,1955767
8611,5574,173897,37648,5315,281137,514904
5851,4760,174829,38296,5315,359908,591441
9130,5407,266243,41500,4166,281069,610664
5574,5611,365786,38203,5556,337673,760625
5926,4555,145902,31315,4649,317483,512331
5944,5074,145334,52926,5259,304089,521664
7870,4574,234896,36741,5129,344768,636534
4610,4945,328790,41612,5129,380076,767551
7703,5704,408463,47722,6241,1418359,1897785
10610,7223,125561,51296,5426,1539484,1742101
10740,6296,197438,57370,3889,1375775,1654083
5833,4259,327981,74370,3667,1468397,1887082
9758,7556,415413,49648,4852,384749,874365
9259,6000,146807,46907,5111,380783,596941
11593,6592,186332,42833,4759,1433363,1688139
5352,4203,437505,41629,5223,280417,776736
6574,4574,619881,37926,4963,1612791,2289561
9796,7222,127053,35000,4833,338019,524479
10222,5759,138336,43148,5148,1389248,1594565
8796,5611,232139,45574,6389,1431703,1733675
6203,4204,1100332,42648,5204,294937,1455880
10573,7278,405077,44926,5629,1394691,1870193
6037,3981,127916,51833,4833,1925166,2122099
9499,6870,195774,81370,3741,431852,731032
6925,4612,764817,54685,3148,400268,1237160
5443,4371,380952,42704,6388,1435149,1877507
7074,4074,158957,48686,5222,342780,568905
5055,4222,180686,41389,5055,343423,582682
8999,5759,263266,76815,3667,221786,583533
5259,4055,376328,43703,5723,410816,848440
11685,6500,798223,41667,5370,424103,1289734
4870,4000,204376,40889,6111,1343597,1606102
9389,6092,233086,40129,6000,1438757,1735528
10500,7092,339907,58296,3926,332849,755107
10574,6166,404968,39704,5444,314935,783866
8629,5871,130491,43889,5722,340339,536997
9907,6722,206368,42555,6056,355628,629663
6981,5223,300244,36204,4518,1420246,1775453
11110,6704,377158,43333,6093,1374757,1821600
9777,6537,128719,79167,3741,299574,530275
6185,4278,173910,39463,4759,1375840,1607880
8425,5685,258416,77797,3777,274729,631348
6462,5648,355682,43000,6259,279204,698755
7221,4630,130464,41130,5130,312458,503219
5777,4315,143193,39018,5537,1471317,1671342
7926,5630,228587,48056,5000,225798,523053
11425,8352,315130,41297,5167,281272,664885
9684,7056,401637,35500,5203,1427371,1889026
9259,6278,169272,80944,3759,316040,587719
6574,4518,592983,39703,4889,1337470,1989044
5629,3686,295839,54278,5277,1723779,2090618
10333,7129,372623,46371,6407,1427922,1872674
5833,4389,143109,43038,4574,307387,510404
4963,5037,174134,63278,3722,1428893,1682083
8518,5667,820364,44296,5963,1267346,2154228
7722,5944,352221,55352,5333,243183,672256
10740,6649,126966,44982,6092,315623,513220
5870,4556,142620,45852,5852,1506666,1713527
12166,5981,242868,39537,5111,2127081,2435560
5462,5037,360578,67481,3648,1484856,1929600
5184,4926,410102,42371,6148,315486,786995
10296,7092,124163,42019,4944,334223,525441
7222,4833,201724,51167,5870,1446636,1719768
5258,4667,311360,45574,4519,314599,688033
10555,8315,414088,46797,5426,1444900,1937396
5259,5277,122779,40426,5945,309496,491997
11018,6944,171026,47963,4981,257787,502608
9518,6037,254568,45778,7260,1372217,1697860
9518,5945,429519,38611,4093,259069,749385
11092,7297,133154,45000,6167,286435,491812
57833,4574,172994,40870,6037,282522,567053
9351,6759,225555,47834,5000,222645,519293
10629,6111,328339,43352,5852,339972,737033
10481,7000,399345,39722,5556,1375385,1840064
7036,4760,158127,51001,5926,294869,524386
9129,5722,202301,43092,5463,286678,555108
9555,6074,282343,43000,5352,268746,617792
10444,6944,378202,36704,5037,307238,747310
7777,5204,188614,42889,6278,272864,526423
7630,4870,170176,37592,5371,379339,607941
9796,6129,251238,34333,5019,1362086,1671027
9500,6129,353855,39111,4907,375419,791662
9611,5481,130138,34574,5019,383914,571275
9889,7000,521737,47166,6926,1391067,1986859
7258,4778,228391,41740,5371,1447062,1737360
7241,4926,318970,45963,5093,373469,758292
10073,5648,415385,45351,5667,1461031,1945914
6129,4481,166556,87538,3537,267718,538552
10277,6741,192710,45852,6444,2099332,2363319
11333,6167,288457,74685,3889,275650,662756
11592,6371,425759,84352,3667,252884,787366
5944,4148,126894,39426,4334,371287,554886
9073,6074,166623,46389,4926,315522,551108
10722,7241,261887,43130,4371,1350602,1680287
6277,4555,430302,43722,6426,309639,802921
9259,6166,1574125,43797,5351,408604,2049544
8611,6204,136275,35630,5222,325981,520071
10592,6593,222874,37481,5112,266585,551849
9184,4649,326306,38389,4592,345727,731681
8148,5907,419349,38297,4815,1425787,1904730
8740,5889,162966,41889,4426,322216,548867
5296,3889,207916,48741,5296,1438315,1711676
10296,5908,288237,57537,5352,301370,670811
8055,5648,428966,63037,3500,322215,834014
8259,5648,140378,48185,5167,440026,650441
6833,4556,170791,34259,4704,1456551,1680324
10888,6019,263686,35222,4538,1464970,1787508
9851,7352,448637,38537,5630,288025,800106
6352,4537,130457,37814,4500,372133,558441
10203,7074,132149,43389,6518,1449639,1651602
5925,4260,233413,36370,6297,318027,606515
10407,6444,313253,44871,5944,1346534,1730083
9462,6704,408518,41741,5074,1394360,1868267
10314,7130,124820,84648,3722,1386116,1619380
8518,5463,245418,88204,3556,1243239,1597157
9241,5944,295776,54593,3889,1457343,1828953
9944,6444,378412,43815,5907,304769,751403
5963,4500,711566,34593,5000,1285199,2048988
10684,5649,169627,46055,5630,358851,598830
6258,4537,258485,51963,5167,1404339,1732916
9907,6463,361454,66426,3315,1389406,1840397
9999,6649,127125,37778,4315,341205,529664
6407,4278,136335,42723,5240,370476,568071
10018,6222,229323,47908,6333,1461315,1763286
5074,4185,378014,37519,5259,278963,711033
10074,5518,402095,41278,5296,1409932,1876675
10296,5889,165007,37167,5092,310823,536534
6536,4519,201791,60259,6426,1416921,1699045
5425,4241,292778,56260,3759,1472674,1837785
10203,6963,436211,43222,4444,276267,780440
10388,5963,123179,43352,4852,347596,537960
10611,7315,169462,40797,4944,1462565,1699417
10981,6352,251894,64945,3815,258602,598756
10537,7407,359494,53481,6278,351410,791329
6388,3944,129462,37667,5314,387017,572589
8295,5574,150375,44741,6259,1484412,1701786
5314,4185,229196,57963,3685,212375,514774
9814,5870,323128,41815,4870,305461,693736
10407,6241,1183654,42000,6371,1368071,2620541
8611,6018,118509,40612,4537,329136,509534
5277,4408,199237,41778,5333,371148,629237
9963,6889,280484,52426,4556,656676,1013994
5814,3963,390954,38092,4297,303875,750403
7036,4797,122421,39741,5074,332816,514423
9648,6778,170576,45481,6167,443253,683978
6092,4593,267767,44648,5445,1349686,1680824
11296,6537,363921,42463,4982,332129,763384
9684,6908,124963,34537,5075,366477,550737
9722,7093,131395,37371,5037,322916,516145
9351,6111,236828,40852,5204,1381662,1682564
9684,5648,322482,41185,4760,383495,769421
8222,5870,401858,41204,3963,1827777,2291394
9111,6203,146475,50445,5925,332430,552627
10740,7111,189017,40852,5574,1428695,1684416
8185,4814,293135,37278,5537,248177,599552
11852,6166,374604,59223,6037,297595,757515
5703,4630,127183,50574,4741,293221,488127
9537,5852,162374,42241,6111,271826,500386
10018,6851,296066,89945,3685,1253536,1662657
6222,5055,617999,35981,4185,1299028,1970933
8889,6296,1201228,54055,6334,267633,1546566
8166,5592,139713,41500,5611,372488,575533
9555,5537,267386,50722,6130,1448567,1791194
6426,4740,333651,37278,5296,419882,809514
9518,6074,406823,37834,4629,380302,847699
5314,5297,185125,37926,4203,327520,568163
7258,4463,197539,47333,5908,536475,800939
9426,6055,282767,35074,4685,1327983,1668250
9870,6815,2309647,49074,4630,353948,2736577
7889,5666,309353,45815,5722,1472341,1848879
10722,5907,158840,36796,5260,1439354,1659620
6704,4759,253197,36741,5185,235874,544942
10259,6500,337463,43815,5055,1464342,1870805
9314,5463,123450,36018,5149,370380,552441
10352,6092,130900,44648,5260,359634,558516
5833,4241,228165,42871,5370,1378640,1667472
9944,5889,350616,37852,5018,303232,714607
8203,4649,408677,37130,5704,211892,678367
11036,6185,185313,36500,5370,326962,573182
9036,5852,206133,30519,4722,1409098,1667583
8740,5648,281658,33148,4667,272746,608293
6444,4611,372645,46463,6371,276776,715811
11073,6149,156632,41574,6204,378290,602607
8258,5760,169249,36500,5148,1507037,1734842
9000,5888,251626,44648,6056,1354550,1674268
10703,6370,337336,37500,5222,288624,687848
10629,6148,885083,42537,6241,315446,1268159
5740,4852,157976,41723,5963,351390,569719
10240,6945,227204,44538,6092,1379712,1676898
9110,5667,322229,42148,4982,1398353,1785526
8129,5074,413735,42871,5500,1469605,1946989
9389,6426,119555,40278,5222,326368,509923
7666,5185,199154,77926,3796,1477744,1774008
6277,4704,284345,49722,6056,1346126,1699675
10704,5537,373147,40445,5148,336200,773607
7629,5315,197634,44186,6037,381065,644107
8740,5981,162067,30259,5870,342246,557941
10500,6629,260628,54537,5371,288368,628645
7241,4240,351708,40445,5111,389009,800292
9833,6500,125084,45222,6370,376061,571052
5629,4037,139997,42352,5852,314148,514330
9870,6611,218189,42333,6944,289253,575719
10370,5611,337454,43185,4445,318671,721866
9777,6611,404978,36130,5241,1462899,1928766
9574,5963,123835,46111,4926,320958,514238
6092,4796,197082,45612,5648,1393982,1655379
6185,5074,287143,37482,5667,323370,666940
8907,5963,372965,44722,5315,266439,706274
10073,6741,147192,28519,4796,322398,522367
9666,5593,165513,53574,3592,282021,522349
9962,5815,254297,45592,6908,307829,632570
10295,6500,337192,47111,5093,1395631,1804341
5481,4278,142679,33463,4926,365225,558867
57869,4908,125110,43371,6000,354330,593978
10092,6203,219135,52945,5759,1396967,1694416
5389,4296,319678,75778,3445,1429181,1840286
8869,5593,407980,42889,5686,1503971,1977229
10296,7037,160486,46648,3333,298696,529164
10703,6593,186473,47296,6241,287524,547515
7685,5555,289517,47278,5944,314424,673126
10056,6796,435689,37833,5500,309733,808218
6889,4444,609603,40482,6092,433484,1103716
6296,4389,178163,40111,5278,1425623,1662509
8758,5778,259929,46518,5741,321753,650922
10851,7223,333138,80778,4018,442098,880939
5685,4426,1216368,48204,4796,340363,1622843
5537,4092,147409,52333,5612,320088,537367
4907,4148,1001416,55575,5333,334057,1407492
11222,7259,326791,47538,7111,1373476,1775916
9833,5907,105890,42704,5740,408367,580552
5648,4037,125987,120297,3870,1496354,1758305
4610,4130,194864,38704,5537,363558,613700
10537,7111,280519,49963,4629,1520878,1875749
10537,6093,366246,52686,9333,282823,729756
9833,5500,190808,40389,6018,360300,615423
5037,4166,192369,42241,5945,341201,593700
8407,6092,256486,46149,4889,1453281,1777712
10406,6593,377363,38222,5482,309818,750792
10999,6222,132850,39852,4611,306629,504034
5518,4333,146986,45926,6000,1492745,1703972
9221,5741,219251,43926,4796,239228,524237
10814,6630,306534,33148,4260,335776,699885
10666,6889,419893,52000,5815,330102,827792
8389,5426,123360,39056,5500,335192,519664
9444,6019,191811,35685,5166,271205,522238
9667,6370,283002,44297,5629,1400562,1752916
6555,4593,382082,39334,5500,292246,732403
9722,6481,142440,39722,6093,337761,545089
5110,4759,162316,36482,5611,405125,621589
10129,6315,245933,46889,5111,1501075,1817545
11500,6592,394754,46334,6000,359593,827347
5592,4648,142296,41037,5204,1446157,1646860
5240,4259,134488,48537,5018,323176,523126
10111,6111,216938,42222,5000,339040,621515
5406,5556,333277,38445,5630,335662,726051
9796,6851,1179045,40593,5203,1450792,2694595
8407,5667,157252,84426,3648,329763,591312
10925,7055,190906,37908,4704,306535,560107
7203,4278,293875,47185,5741,1460318,1820674
6018,5389,473937,41685,6408,424354,959865
8221,6056,178238,32315,4926,364110,595959
9870,6611,771153,39796,4704,1281502,2116118
11222,6352,285306,66092,3075,1388332,1762490
9555,6277,1240055,33333,4056,381584,1677564
6406,5000,121725,40315,5018,323421,503960
5277,5167,135267,33352,4204,346618,532108
8684,5130,223533,56648,6444,1362514,1666490
10055,6333,330780,45703,6149,332919,734162
6592,5019,399896,35500,5019,1357852,1811953
5814,4963,129087,43593,4648,683463,873513
9888,5537,193667,72297,3574,220830,507886
5333,4685,290433,39370,4408,298452,645274
10444,7130,374272,48222,6500,297446,746125
6518,4796,131648,55167,6130,1510175,1716564
11684,6037,160784,38222,5593,376009,600404
4740,4259,252864,48685,5185,277096,594867
7981,5148,377240,47759,6167,326496,772940
5870,4481,123486,41315,5222,346697,529108
7278,4166,132048,40629,6334,282357,474849
10073,6445,217498,52500,5963,1472603,1767360
6426,5000,316559,39815,5037,1367560,1742472
7648,5055,396788,38370,4926,1392961,1848137
7018,5056,127256,51241,3648,284741,481127
10315,6574,185577,42481,6315,1387692,1641121
5869,4463,280139,48019,5851,1427092,1773582
6518,5519,389366,41538,5703,1398752,1849600
11443,6056,125317,40981,4241,724919,915828
6463,4759,171119,55889,5926,1401112,1648695
9574,5999,309181,39019,5852,318593,690792
10740,6056,733910,39333,5833,380899,1179179
10611,5685,1194195,46648,5852,288204,1553917
5296,4870,153809,37556,5296,1499348,1708842
11425,6556,232445,105129,4037,229515,591663
9963,6685,1078489,39371,5370,344002,1486510
10463,5981,397698,40518,4556,331279,792736
8148,5482,122388,32500,4166,343406,518553
9444,6630,186172,37870,4167,1465633,1712101
10277,6629,280641,36611,5426,1899643,2241950
7833,4500,373888,101555,3315,219127,712255
8222,5518,131708,44759,5945,313141,511349
7833,5333,158047,56926,5352,283172,519108
10055,7241,634795,40074,4870,1705895,2405060
10037,5944,197078,43333,6370,2082669,2348190
6463,4815,120083,41759,5463,347506,528942
4926,4407,139867,38759,5259,365723,561608
4518,3889,228780,32408,4889,1441802,1719027
5444,3870,317990,42352,4741,410098,786977
10832,7019,398996,83963,3259,1427419,1934562
8963,5833,118353,41537,4537,412773,594682
11240,7111,191452,52574,5593,261526,532163
10629,5982,279106,44444,4500,221595,568756
9962,6278,423353,35963,4111,325643,807421
10407,7037,126487,33686,5111,339639,525052
9611,6833,157957,35222,4426,1503311,1719379
11685,6018,261315,36722,4111,320182,642107
9981,7074,392117,39204,4018,311879,766403
9055,5648,1198977,33870,4389,317274,1571231
7685,5055,132184,80797,3944,1425436,1657565
6647,4871,225134,40630,4352,1378522,1662842
9221,5926,364011,34000,4111,329615,749458
6389,4407,398832,31944,4945,303238,752274
6888,4778,155541,45611,4444,418678,638144
10666,6000,374696,35870,4259,328893,762996
8537,5648,275904,43852,5259,1983675,2325561
9796,6500,392540,77019,3277,289752,781643
6129,4371,124545,40093,4222,349081,531330
9962,5463,157792,35611,4278,323816,539311
5814,4315,260539,36870,5019,1724560,2039433
10240,6741,345860,39907,5685,1494444,1905007
5481,4203,1840962,35278,4556,338803,2232283
6944,4407,183649,36130,3963,371459,609534
4667,4092,234285,28241,3963,1393390,1670769
5481,4444,317013,48389,6371,1488253,1872378
10684,7111,395556,33723,4352,1393859,1847915
10666,5852,130024,42759,4908,374324,570774
8500,5629,193790,36630,4574,1388145,1640639
10074,6407,287277,53371,3592,1413769,1777268
7499,4889,375876,36204,5870,322768,755644
9759,5759,130955,40019,4796,372005,565719
6055,4314,167165,46000,5519,328702,560404
10203,6926,244653,38074,5241,1340245,1648028
6018,4389,351177,40667,4796,316152,725737
9499,5371,123460,38130,5203,363352,547867
5000,4278,149243,36371,4796,352235,554367
9759,6407,218398,38704,5500,1460888,1741768
10111,6055,310330,60593,5259,1420789,1816508
8963,5944,398281,41185,5296,392085,853847
9648,5907,146267,47464,6296,411618,629348
10518,7111,182514,37667,4963,315057,559904
5370,4815,300409,34685,4130,353642,705496
10073,7074,364897,47704,6481,745375,1183474
9221,6093,136013,45019,5185,281558,485293
9907,6500,153630,40612,5481,367163,585682
9685,6352,244173,40333,4537,1412317,1719861
7536,4426,365828,46537,5296,342983,774699
9925,7167,1192317,39166,5019,1332779,2588818
8500,5666,428414,41981,5445,427581,919976
9073,6278,213011,58945,3629,1458664,1752212
10425,6408,308869,65852,3852,307738,705422
9130,6463,456912,75852,3500,249879,803866
8666,5759,134529,42481,4686,296005,494219
9999,6796,181498,51834,6629,1461900,1720749
8536,3797,280318,34297,4852,315622,649922
10110,7945,367658,46018,5630,1456553,1896489
9092,5777,242349,50019,6185,1498326,1813934
9740,6037,159021,42278,5685,381902,606774
7036,4445,252083,46778,5907,1376241,1695157
4925,4093,349404,40500,5870,402666,809606
10333,6981,417762,57778,3889,1374153,1873378
6684,4630,135841,43204,5666,1490557,1689286
6166,4481,222643,35704,4648,1487421,1763526
9796,6333,308834,59056,5500,1473303,1865100
5685,4648,1186157,31686,5018,1251643,2487597
4629,5000,129512,39852,4426,316077,502182
11906,6389,202130,44926,6093,374274,647996
10241,6388,285155,126537,3537,1277521,1712157
9055,5797,378919,36519,5537,381687,820162
7777,5407,125092,40759,6371,410553,598867
51314,4944,124598,38981,4575,378917,605996
9500,6129,280641,64945,3426,1439108,1806027
9537,6352,338146,56408,3685,271201,687941
9574,6388,1212063,73259,3611,357095,1664027
10962,5556,127584,39833,5611,1414555,1606509
6425,4537,220887,36111,5259,1431178,1706564
5943,4260,306892,48963,5537,377863,751625
10203,7093,389732,110815,4315,1261183,1785620
6962,4278,126292,35704,4982,354148,534441
9833,6370,194206,47019,5833,357291,622867
9740,7056,289397,72389,6296,269506,656496
8592,5593,363737,45518,5704,1416216,1848027
5648,4278,134445,38537,4408,1963523,2153655
10018,7019,173377,43037,5352,1464242,1705750
6426,4796,247050,49037,5167,232891,548627
9463,6574,332001,44592,4426,241885,641663
11296,6370,425414,48834,5074,1424093,1923285
9129,6296,146420,47833,6315,296281,514738
9537,6481,211055,40426,5074,1440843,1715564
9166,5963,355080,73704,3870,314175,764181
8778,5463,450937,78241,3204,357150,905921
7221,4611,171906,42315,4241,255721,488052
9685,5944,200023,30686,4814,340418,593700
10536,6926,275974,43111,5093,345652,689496
7870,5852,453850,35852,5111,316904,827625
5833,5203,142152,43667,5537,309956,514423
10537,6888,164436,47037,5167,352394,589034
6296,4389,246682,60426,3778,1493511,1817564
11074,5740,334355,39778,5167,1397246,1795916
4999,4000,424806,43889,6370,361690,848717
4741,4185,141755,41167,5240,363835,563775
9463,5833,211057,55056,3574,1433136,1720953
6222,4389,317638,42037,5296,396284,774237
7741,5703,395366,43093,6352,320018,780959
7184,4371,150686,47907,5019,349755,567978
5629,4166,208952,40333,5741,341341,609107
10518,7277,271976,36204,5148,1428070,1762156
5888,4667,378037,45130,6055,335514,777773
7203,4445,123413,46796,4222,376677,565701
5500,4166,158401,36852,4963,360448,573145
11741,6277,241333,45426,5222,1456750,1769416
8389,5666,347358,109815,4185,1360465,1838712
9944,6593,417919,69870,3741,1400126,1910378
9240,5815,131294,37445,5315,340313,531552
11092,6074,165227,57444,4593,1486115,1733213
9703,6167,312492,51055,4611,1450739,1837063
9222,6352,393794,38000,5352,2099987,2555300
7241,6018,124707,50537,4870,309791,505071
10277,5630,187324,45222,5556,275414,532090
7666,5371,317478,66444,3537,1466234,1870378
6370,5241,363540,44592,4741,1482079,1908656
7111,5222,126212,77389,3222,381877,602886
8241,5037,169662,44203,6260,349390,585090
7203,4760,254279,54796,5630,282013,610775
9944,6296,117285,52741,5648,300990,495090
7407,5000,914774,46556,5815,312681,1294382
8629,4852,530057,44629,5667,299586,895476
9407,6426,223914,70000,4852,1355039,1672713
6704,4759,302957,56074,3685,1534569,1911471
5444,5260,396129,41482,4852,1434026,1889675
7684,4889,122135,41334,4814,294455,477886
5092,4592,193623,41111,5204,257689,509497
6962,4907,278221,46297,6407,1399140,1744693
5111,4574,363820,39333,5333,370102,790866
8778,5426,133547,46352,6148,278783,481183
9759,6000,157516,38000,4926,1432104,1650305
6740,5630,243318,41963,5352,1440320,1745638
7481,4944,333677,40778,5074,265801,660681
6685,4407,503720,42463,5278,399867,964568
9722,6370,126632,54982,6055,283180,488960
6759,5074,214434,44241,5945,1469259,1748472
5352,4314,319052,31963,5167,1449789,1818379
8277,5074,397558,48611,4352,237142,703792
6370,4407,154045,45981,6241,358193,577941
5629,5075,190272,33926,5185,1410403,1653269
6055,4703,273779,34963,5611,1493396,1820711
6148,4611,384378,56685,3555,1465278,1923415
5278,4870,121364,59537,3334,381558,578719
7740,5148,152445,69000,3611,255886,496756
6037,4537,246246,37686,5222,329842,631848
7204,5166,333512,44519,6537,1463236,1862971
10055,6815,123110,35667,5148,326980,510072
8962,5871,134708,44056,5500,1433745,1634620
6610,4982,219510,40297,4944,1379406,1658471
7073,5445,307517,41129,4500,324461,692922
7592,5333,429283,74611,3574,1447521,1970489
6092,4907,257732,42019,5296,1436350,1754267
6555,5277,184201,48130,5296,1470623,1722786
6092,4982,1577247,42241,6203,1433921,3073445
5351,5389,299066,72870,6185,1388721,1780323
6184,5260,203663,44129,5574,317686,585459
5314,4648,159576,39649,6148,277273,496386
6036,4630,247508,44518,5704,1390630,1701064
11129,5908,368107,45333,4278,299055,735848
7889,5351,421262,37018,5130,1395802,1874471
8777,6000,123415,51944,5908,437211,635052
6574,4796,220606,52296,5612,1373143,1665102
8667,5888,363612,41537,4297,291439,717441
7463,5092,431970,42407,5149,292822,786718
9369,6167,187753,35759,5315,276226,522274
7240,5685,189055,42741,5018,259350,510737
6092,4463,278616,40074,4778,1436633,1774100
8907,5703,364882,46204,4056,274725,706218
5203,4167,129109,46778,5278,277925,471275
7463,4907,161060,45111,5963,1412671,1639213
5129,4148,249511,53833,4426,331745,650552
6629,4241,342442,42815,4870,308591,711662
8036,5111,127170,45223,5537,306938,500849
7388,5019,126120,32556,4685,325340,503238
5962,4722,222960,44111,4611,225834,511015
6981,4611,307410,79019,3685,221845,625422
9944,6277,400621,35259,5296,1465888,1925952
6611,4278,129162,73111,3260,1385958,1605843
7352,5333,187446,33167,4629,1470896,1710972
9037,5556,279118,40556,6185,308618,651849
6222,4834,367791,42297,6222,1523882,1953137
6759,5148,454890,42407,4908,1392080,1907915
4944,4629,160988,44630,4982,1484946,1707360
10018,5926,284494,89445,3389,1290403,1685768
6870,5074,340593,41000,5352,329032,729662
9666,5648,392599,36278,5148,1258873,1711620
8166,5778,124863,82575,3759,262097,489368
6426,5111,576481,44056,5981,1277119,1917971
8203,5463,349024,36815,5185,313491,720255
7000,4444,716475,38241,4815,379592,1153530
6018,5537,150776,29333,4963,313666,513146
6777,4519,189856,41889,4944,336141,586367
6111,4648,281954,34741,4908,301727,635904
11185,5703,367757,44685,4482,344887,781144
5499,4185,148707,76889,3593,280346,520941
8759,5870,154231,41538,5555,1498148,1716805
7518,4926,241681,106889,3241,240926,607552
6963,4926,375595,44407,5519,1423672,1864527
7018,5704,424268,42000,5148,1384462,1870786
6666,5037,137995,41834,4981,329983,528367
5777,5278,215649,34723,5370,1430545,1699027
11258,6074,387527,42907,5722,360155,816476
5574,4055,407032,32741,4852,1444716,1901415
7407,5370,123630,58371,3222,328663,529404
5703,4556,182339,38611,4519,310491,548701
5925,4426,317068,44667,4278,239132,617681
5203,4463,361037,41389,5259,480921,900310
5166,4204,133301,35945,5111,316640,502534
5944,4093,153789,37889,5000,294615,503479
5073,4704,251517,55352,3667,287386,609848
9611,6222,340283,40018,4871,1466873,1869915
5185,4592,434659,63797,5518,1397552,1913248
10055,6129,127202,40074,4278,349610,538997
6148,4463,215985,41278,4722,1429283,1703935
7518,5130,160268,37223,5370,434135,651904
6666,4667,494238,54482,6500,385441,954087
9074,6444,164021,39945,5907,311198,538404
8907,5408,177804,46834,5870,326377,573238
8111,6222,271625,32834,5092,1383791,1711083
9593,5981,1132948,53556,3704,238154,1446733
6407,5149,142451,42019,5685,265434,469887
50037,3833,121551,42018,4667,2033899,2257728
6741,4981,247890,44074,5593,1367545,1679028
7258,4871,871304,39426,5500,398058,1328381
6389,5018,122290,42204,4982,315095,498108
10870,6000,122203,44500,5574,308072,498923
8333,5852,211080,41204,4629,308473,581701
7425,5167,334308,50185,6241,318891,724236
7277,4333,516648,55574,3834,326032,917180
9092,5482,198245,44185,5982,1437171,1703287
9240,5926,178159,47093,4740,242450,490368
7129,4926,275257,40389,5704,349776,685866
6129,4593,427634,38370,5056,309176,792699
8592,5185,134232,77315,3389,328098,558441
5314,4204,151534,55537,6166,287149,513034
5351,4241,248151,35408,4425,1386210,1686564
7093,4981,273102,30240,4223,1412555,1734953
11295,5926,376275,36778,4111,399295,835884
6481,4444,135354,97334,3037,258550,507034
6926,4574,209934,46166,6334,1408908,1686416
6240,5074,298607,50352,6018,1460828,1828841
9888,5611,432354,60204,3518,1476154,1989840
7573,5167,176081,75333,3186,1413038,1682545
6129,5352,184254,48296,5611,273058,525553
5537,4500,270908,38333,5241,233385,560645
9074,5833,359785,45129,6945,411155,840014
4907,4630,128401,40000,5278,336911,522183
8166,5389,149110,36963,4574,354202,560867
10611,6111,509395,43592,4945,1405482,1982211
6389,4741,328381,42926,5482,1738587,2129099
5148,4796,641907,35315,5130,1281970,1976396
7611,5278,126800,52111,4926,333993,532793
9407,6092,203158,43204,6371,1455776,1726249
7777,5056,1167351,64352,3852,321862,1571972
9018,6037,493134,41037,5315,221121,777755
8573,5574,152195,85852,3648,242247,500126
8203,5500,181293,40574,4666,287816,530774
7481,5111,273262,38130,5444,283957,615422
9036,7334,350046,42611,6407,294321,712551
5870,4463,157106,29426,4871,329816,533460
4314,4000,155687,38963,4852,392421,602959
5055,3963,248674,54352,3612,1453852,1771268
9074,6074,397866,49222,5111,349945,818922
4666,4241,421167,85890,3777,1444062,1966044
7389,5352,121191,42278,5167,1444076,1627565
9555,5945,209827,45426,5704,1426051,1704398
5962,4982,314296,31463,4259,317904,680625
5481,5407,402229,44222,4130,355266,819569
8481,5556,130511,45186,6611,296708,495886
6148,5018,178833,44926,5463,1461250,1704361
4907,4278,282783,57259,4000,1482466,1839786
8204,4611,416048,36537,5444,374429,847477
9685,6463,125887,82555,3704,299981,530979
9277,5741,149837,41463,5630,1486171,1700990
9944,6092,235121,43945,5518,1470221,1773267
6481,4814,326590,109501,3463,1392177,1845878
6352,4574,657448,32537,4241,1285929,1993970
7222,5167,125879,47889,5203,313841,507294
5110,4334,224718,36963,4500,1371587,1649861
7685,4629,391225,41315,3296,238345,688551
7462,5186,398471,34907,4186,1505313,1958378
5500,4796,140495,79019,3185,272224,508738
10388,7019,218297,48778,5000,285458,577015
7759,4851,265841,39907,4352,1389316,1714101
8537,5648,397921,90907,3482,1419568,1927897
9240,5611,133167,39852,4315,310552,504793
7333,4870,156580,37037,4352,368917,581108
8593,5574,246901,45666,4667,213818,527238
7185,5741,342833,43481,4389,316793,722404
10888,5648,410376,68482,3907,2435126,2937261
5685,5759,126956,40592,4500,1501906,1688065
6259,4815,252943,86945,3296,1324732,1682509
8110,5574,314579,35167,4037,1393281,1763508
7314,4741,383436,49149,6944,284263,738644
7203,4871,146460,43926,4074,381888,591108
8389,5777,176430,48111,4666,1439247,1685342
6055,4537,268287,49223,6426,226487,563886
7426,4555,358442,34129,5112,365331,777422
5740,4223,126557,35834,5111,377439,557664
5536,4111,149342,38574,5463,1449056,1654842
7777,5148,236237,48685,4889,1452679,1757564
5647,4019,367557,58112,4055,296346,737755
7111,5574,1200750,40982,7944,1443327,2708540
5240,4352,142346,43389,6759,1513366,1718212
7018,4870,217705,39148,5704,1416693,1693416
6388,4815,395711,37056,5074,354729,805829
6888,4889,405605,41556,4463,344556,810162
5981,4815,156462,45000,4500,312312,531867
5333,5389,192376,35611,5240,1350486,1597139
6685,4444,270919,36834,5259,1407219,1733564
8943,7871,373592,42426,5000,342126,782606
7352,5037,122245,82074,3556,307270,530238
9518,5944,142863,42426,6130,331153,540978
7222,5352,248572,86019,3407,1390621,1743027
5703,4481,334245,33926,4963,321048,706070
4907,4074,1198382,40278,6019,366756,1623287
4795,4000,809999,34389,4222,1615228,2475467
4944,3963,215317,56630,5611,290735,580348
6925,5371,302657,43778,5518,311284,677792
5759,5370,384590,45703,6297,1429196,1879990
5462,4259,198965,40871,5129,241847,498275
6481,4926,174674,41778,6408,1470963,1708749
8518,5129,275607,44685,5296,1405013,1747397
10277,6648,390965,38444,5019,1500913,1954137
5295,4148,141711,36889,5167,312527,507423
10111,5685,142531,36185,5111,309985,511738
5314,5074,242667,39408,4852,325181,624571
9870,6204,321302,57260,3722,229249,629330
8259,5963,450772,67166,3612,1455772,1994433
8092,5704,143110,65778,3148,290146,517719
8647,5704,202228,33092,5500,258251,516367
8110,5445,293678,47611,4944,334763,697477
6166,4463,384277,36815,4907,324608,764033
5426,3944,142782,83722,3723,238400,480905
7352,4944,174418,55129,6389,1499869,1749879
9055,6074,267998,54685,5667,1470010,1815730
7610,5000,353800,48815,5074,1531726,1954729
6685,5148,138176,43574,5370,306618,508423
5352,4389,148496,37334,5203,310001,513794
6332,4630,238243,44815,6482,220790,523571
5962,4944,322620,40093,5667,1410944,1792230
8537,5241,415922,46204,5981,260296,744274
9814,6889,122649,40760,5240,335718,523108
6999,5074,202989,40278,5741,1393872,1657768
5722,4277,300995,38019,4130,314260,669570
11000,6074,384834,46760,6296,339476,796514
7555,5259,176859,41963,5666,250491,490701
6721,5482,174697,33371,4889,1363071,1590953
6833,4703,276111,43778,5556,1492582,1831397
10092,5667,363025,54611,5944,254083,695070
5814,4241,123641,60815,3648,293282,494256
7647,4926,152906,39908,5926,1411066,1625175
7407,5000,243394,43500,5296,239752,547127
5925,4130,330659,38722,5093,1518626,1905970
4685,4111,416351,40981,5204,233905,706922
4833,4000,196763,30148,5130,300530,543682
9000,5018,205121,54185,6445,1423036,1704583
10592,6130,295664,51018,4815,272610,643293
9536,6630,385392,61667,3815,1435078,1904341
7018,5278,128175,47093,5166,331952,526830
6833,4667,174977,87056,3629,305834,585108
7666,5148,266891,39167,4648,1521654,1848082
9574,6963,361471,52371,4222,289247,725811
6166,5481,156088,34333,4334,363205,573404
7259,4370,191909,95482,3315,1394526,1699731
7074,4815,244877,39982,5722,1438057,1742379
8944,5815,327180,39944,5648,1421754,1811508
6184,5149,419389,36741,4500,318050,792125
10889,5907,141413,46723,4407,284806,496072
10722,6166,203938,49649,5370,1460700,1738305
7777,5482,296295,44223,5166,1447787,1808823
6314,5352,391394,38000,6260,331471,781625
7648,5500,132807,79370,3556,270394,501442
7092,4333,174813,49260,6296,1491621,1736267
7129,6000,267134,40241,5833,1479615,1809675
6314,4537,353510,46926,6260,307800,727477
9795,6371,149182,36630,5352,375777,585293
9258,5575,162281,37574,5222,1447580,1669546
7407,5556,233472,41945,4481,334024,628923
8833,6148,320219,49000,6778,313888,707033
6481,4666,417911,53222,5537,248585,739255
5647,4426,121675,55482,6092,364507,560015
8870,6203,212237,65278,6241,260945,561886
4944,4982,357631,42408,6018,342105,760181
8926,5574,1240936,42907,5389,1499437,2805947
6278,4333,1070201,36722,4907,1576877,2702337
16796,4185,396724,88555,3834,1398117,1910378
6073,5056,999805,55870,3852,367891,1440547
9296,6056,357735,47870,5945,1364458,1794231
6222,4185,125629,43889,4297,331608,517923
8740,5963,200858,39611,5982,328324,592349
5055,4185,236734,41500,4648,233263,527219
7926,5518,197666,34500,4148,281016,533034
6462,5093,418968,71389,3111,1361354,1869767
9258,6019,499715,48685,6167,1411681,1983655
7944,5278,206887,53129,6334,240739,523256
6684,4963,311486,46074,5574,365436,742347
11592,5907,374177,39704,5389,300004,739440
5703,4519,148978,44500,5315,350259,562108
6740,5574,173021,40408,5111,1455635,1689416
7610,4852,267583,38333,4760,1402814,1728656
5981,5074,356830,35537,4704,1432900,1844101
4926,5037,127057,41222,5371,311736,497553
5055,4611,150841,41778,5037,1381613,1591046
7444,5056,231773,72185,3797,218057,541090
10944,5870,361094,66815,3426,1388784,1839063
9462,6815,423378,35648,4241,1391611,1873211
9296,5722,121605,46815,6574,333688,526219
5925,4259,251334,71241,3481,1398823,1737045
10370,6426,297858,34482,4259,315397,671348
6685,4370,392254,43000,5796,230280,684089
7555,4741,155481,45333,5685,382516,602997
4870,4222,181265,37851,6186,1428485,1665176
10684,5797,270252,44259,5352,1334849,1673805
5481,4297,357480,38574,4778,1498046,1911452
9555,6556,139448,33111,4463,338549,534349
7499,4871,144973,46259,6463,1456314,1669157
6851,4556,238682,39871,5741,1415825,1713268
8388,5556,332411,37852,5389,319121,710903
8685,5685,171620,42537,5371,298080,533738
7463,4981,738794,36482,5185,1420434,2216043
10388,6074,237207,74055,3741,1507357,1841471
7166,5037,292379,57963,3982,1407314,1776434
6685,5093,384385,37037,5277,1446586,1888952
5499,4722,117428,39592,5204,331829,507663
9796,5426,173285,38297,4629,351360,584904
9407,6074,503292,32241,4296,1678770,2235913
9593,6148,442038,31444,4871,290624,786866
9537,6722,135655,40537,5333,344861,544756
9222,4574,140123,34296,4704,317466,512460
9518,6351,227593,70593,3722,273885,593755
8240,5463,317339,39371,5333,246861,625700
6833,4982,409419,43426,5167,1324070,1796546
9518,5759,123036,55426,6370,444146,646163
9332,6204,203783,35259,5667,1426096,1689916
8611,5463,345677,45000,5019,308040,719940
8018,5186,484720,34075,4926,259330,798292
8407,5314,141338,46222,4518,301994,510497
6388,5056,202565,41111,4222,1461999,1723119
6092,4871,304849,40537,4315,1389826,1753342
5851,5185,351004,42277,5204,420603,832384
10796,6018,145194,39037,5093,279433,487701
10018,6907,135292,36649,4944,300964,497478
7037,5037,231224,52185,6093,1416988,1721323
6925,5315,325453,46129,5852,285081,678255
9944,5741,416958,38593,5482,1353549,1832341
6999,4908,213334,40204,6389,291106,565070
8870,6000,198044,46112,5814,1361354,1628195
7536,4760,293531,40167,6000,1406625,1761471
6110,4463,383242,40981,5297,1453766,1896656
7407,6315,181561,33889,5297,293472,529830
7296,4982,168234,36241,5315,308985,532812
10074,6222,256388,46204,6315,1469842,1797286
7499,5130,437784,54981,4111,322119,834384
7277,5204,252548,45204,5796,352189,670552
5963,4388,142628,49130,6333,282203,494071
10592,6648,225005,46593,5277,302955,599312
9462,5445,396992,81019,3851,1406886,1905452
7407,5445,129479,30148,4611,421870,601053
7370,5500,121540,45149,6055,307179,495386
5462,4648,1573217,40277,5204,312754,1943692
8759,4925,301331,56481,3648,294111,671977
6630,4574,1152819,44334,5981,1531942,2749133
5536,4297,192452,30186,4796,295507,534571
9944,5981,170440,41612,5333,1432976,1669175
5907,4760,267149,40019,4556,1384840,1709935
6759,5463,352915,45315,6111,359580,778977
7592,5167,125106,81037,3500,289428,514145
5777,4407,141260,43241,5315,333718,535997
6518,4315,236544,42037,5333,235213,532516
9925,6444,315328,56852,6130,254224,651033
7314,4834,407833,43593,5926,287032,758607
5925,5222,126358,44185,5537,321269,510626
10777,5833,204827,45074,5944,1367979,1642490
6629,4741,295147,38500,5093,330996,683218
9611,6574,385764,39926,5871,419971,871291
9184,5852,132955,39574,5982,317968,514849
7036,4815,172331,36001,5259,293777,522034
6055,4722,261967,84185,4167,1481152,1844489
10055,5185,424270,33630,4740,302560,782755
9852,6815,301423,43204,5555,1282993,1651898
7833,4278,143966,37926,4833,298809,499701
9666,6482,230750,42518,5871,1419277,1716824
6926,5166,351201,39666,4278,287037,696311
10295,7111,399836,36815,4871,1437097,1898896
8499,5834,127600,39296,4556,325063,513034
8685,6703,202440,46686,5666,318668,590941
9277,6815,122964,35296,5111,350070,532904
8759,5962,659286,42260,6315,1495867,2221117
7129,4704,151809,42389,5629,295873,510200
8074,5259,169093,42370,4815,264571,496238
7184,4556,259673,57704,3852,235064,570015
10536,6185,996273,40815,5334,1536175,2598003
6648,4537,2066041,36111,4815,620665,2740484
7778,5315,281931,43370,4574,1961797,2307024
6277,4741,234715,53685,3704,1519756,1825490
8481,5833,1250723,37537,4352,322657,1631231
9037,5166,451079,47704,5574,1387151,1907434
5129,4167,127714,36370,5204,347061,527293
10073,7149,192719,44297,5240,339036,600700
9426,5240,286059,42038,5314,197086,547182
9444,5722,381250,81278,3963,1453609,1937118
8889,5611,463812,36481,4963,1330826,1853397
6740,5092,167929,38518,5334,280013,505497
8758,5778,261120,43722,6371,213821,541774
9056,5537,347218,43778,5370,1489437,1903915
6833,4833,145742,40834,6111,1448785,1655879
6518,4889,140989,85370,3796,1445446,1689990
6296,4796,240699,32574,4296,244984,536645
6092,4463,370649,43982,5574,302624,735551
7889,5426,405470,36833,5167,1453426,1916045
9092,6037,122216,42944,5334,1470737,1659101
6778,4703,198704,44741,4741,1372824,1635250
6722,5518,301210,40871,5537,1545964,1908600
4963,5092,389661,37740,5482,332669,778459
6203,4389,123091,49760,6370,1436862,1629564
6221,5019,209356,42871,6148,237233,509163
8518,4963,261788,44723,5296,1447812,1776138
5537,4241,383831,42815,5500,311183,755348
9666,5982,130781,55482,6352,390455,600700
6814,5500,145751,47055,5630,298802,511645
10610,5593,534905,34204,5482,1437397,2031118
6222,4852,330040,39185,4334,1917539,2304672
8037,5129,448621,91871,3963,1358590,1918323
9018,5833,134108,57166,4223,309241,521701
9352,5703,201650,46371,5704,239106,510627
6759,4908,286952,38667,4815,1840738,2185932
4851,4445,376458,42963,5056,315129,751514
9815,6148,140593,37500,5260,276996,478479
8259,5185,171137,38018,4445,282990,512164
7685,5167,255439,55222,6482,2161398,2493523
6037,5111,423075,41315,6129,1499044,1982841
6574,4685,136802,47352,5556,409861,612626
6814,4797,145437,42834,4796,377374,585015
6721,4871,236740,42518,5260,1448490,1746767
6018,4926,328820,40019,5981,335342,724033
5592,4333,405382,40686,7092,1396663,1862600
7443,5186,127053,44075,5314,364666,555848
10055,6223,191282,49611,4759,1452782,1718305
7981,4833,283103,42500,5593,320689,666866
9092,7574,370313,83185,3574,427978,903495
7204,5037,143429,34167,4370,317216,514294
6721,4760,167916,54000,5963,1422444,1663620
8925,5796,254830,48167,4593,1367327,1692045
7352,5018,399188,46519,6018,1490042,1956156
9778,6037,117619,39834,5814,340063,520849
6963,5111,138847,44019,4981,324187,526182
6314,4352,234687,56833,3723,223680,531589
11721,6426,316286,39463,4852,1488166,1869619
6759,5000,417384,43352,4278,1394068,1872563
6832,4797,127852,36556,4907,341200,525015
7536,5278,196414,35630,4722,1477965,1730249
6407,5037,307661,29889,4482,1377699,1733398
7592,4759,387852,42334,5222,322217,771977
6370,4685,154394,79760,3592,278936,529552
5425,4704,1954220,48055,6204,1333724,3354166
5092,4796,308076,40482,5555,2220076,2586207
10369,6408,112023,39130,4926,311288,485941
6018,5148,122844,44241,4333,384579,568904
9148,6055,133443,37981,4796,343629,537867
6370,5093,236522,37463,6093,243937,538201
8388,5130,367565,46426,5963,309115,744347
9074,6185,411034,41186,5685,1493361,1968785
8074,5074,122929,41148,5852,286439,472238
6129,5241,195138,53556,6093,237692,506590
7444,4815,289329,43556,5778,1422234,1775323
5073,4722,397781,36222,5463,1532856,1984914
5462,4667,144896,43371,5500,323248,528848
6110,5630,166365,39982,5926,1410866,1637083
5925,4463,275594,41093,5259,1375174,1710990
9777,6259,374267,40445,6000,281321,720181
7907,5297,124012,44223,5444,280985,470553
5814,4352,140352,45037,5685,303275,506719
7315,4907,229914,58537,4055,207232,514683
6556,4907,336605,83370,3871,1376310,1815453
6055,4500,409759,32648,4611,1463934,1924248
6870,4870,134968,33760,4463,292399,480034
7610,4871,199455,38371,5296,334115,592274
5222,5333,287703,44389,5444,1367510,1719194
6963,4722,378283,40926,4833,1448206,1887175
9851,6204,126380,37778,5185,296024,484701
6833,4982,172867,44204,5630,351999,589349
7036,5056,254541,43203,5204,1339876,1656972
8870,6019,341232,53314,4982,242449,658663
6500,5092,123163,39630,5519,334537,516145
6240,4741,138039,41260,5185,1514562,1712879
7870,5333,259842,91741,3815,1322278,1693435
5629,5389,321015,34444,4685,1481271,1855249
6592,4611,420206,106926,3519,1348894,1892915
11870,6111,137229,60741,3074,1852111,2073247
7315,4815,193846,33408,4518,280910,528294
7129,5222,285279,48778,6426,1400581,1756045
6833,5019,371266,42296,5371,1397612,1830397
6555,4852,175512,37371,5148,280947,512441
10444,6648,162259,47890,5166,356312,590849
7074,5407,495247,40074,5167,4105967,4661732
5722,4389,1012027,30796,5297,391057,1452121
6481,5111,91019,43166,4649,319386,472275
5037,4574,144171,48186,6500,288400,498924
9740,6185,223659,64852,4111,1453905,1765193
5981,4963,326406,43463,6185,330738,721903
9926,5555,399523,57519,3518,1461207,1939415
5943,5204,140528,41963,5500,322710,524756
8611,5778,192552,37630,5352,243981,496609
7870,5315,282336,42852,5204,1457264,1803064
6741,4444,434787,41871,4148,315967,809681
6037,4888,153478,37278,5037,317316,526219
10592,6352,174984,46574,5796,1414711,1661009
6314,4889,254230,49704,5037,1382704,1705842
8833,4759,348200,58037,5556,1444141,1872360
6759,4926,141297,40963,6130,332588,535201
8092,4889,133155,43537,5296,1496724,1695231
9795,6112,223068,43315,5241,1445903,1735564
6611,4296,316982,38000,5796,1467378,1841193
7240,5371,787452,35314,5075,2044420,2887743
6129,4518,122660,79204,3611,1444294,1662897
7148,5240,116629,40019,17981,413238,602274
10944,6056,285876,107167,3629,1323651,1739416
6499,4760,384900,33963,5778,287669,725699
8925,5870,320481,43426,7241,1371324,1759434
8129,5889,253745,34630,5018,372196,681829
6833,4666,260492,52482,5463,287171,619830
7574,5278,341590,42075,5296,1441473,1845508
6111,4481,133652,35740,4852,320124,507812
5536,4185,144491,47426,6148,1332538,1543120
6888,4907,607257,36778,5426,317367,980735
6092,4500,317484,40352,5167,1407968,1783823
5166,4037,941769,44019,6037,338704,1342418
4370,3981,117273,44889,5408,402982,581719
5184,3889,600651,40889,5241,385861,1043790
10518,6778,275712,40315,6148,1346538,1688231
6648,5018,350699,43908,6333,1349736,1764379
8778,5648,1310336,45130,6093,360727,1738916
5851,4112,122339,60815,4630,401120,600867
8092,6000,4118170,42796,5371,1322113,5506098
7870,5519,270483,45000,5575,1580931,1917471
20370,4463,97165,82019,3611,1444454,1654194
8536,6186,348402,34981,4741,1429680,1834508
6406,5000,222036,70186,3574,214257,524274
5870,4648,313690,55315,6352,237066,625663
6259,4926,402659,45871,5889,369669,837403
9407,5963,164313,42630,6111,287814,518294
5907,4630,201893,46444,5741,303789,570460
8629,5482,282102,40278,6019,295671,640089
5814,4685,378461,47092,4815,1455455,1899026
6944,4518,134133,41407,5000,299624,493849
5037,4277,207750,46334,5481,1487296,1758823
6166,4944,292978,44611,5278,217056,573922
4944,4426,352225,46981,6056,468048,885310
5166,3981,127842,49240,5519,316841,510312
10166,6537,127958,38611,5130,309354,499904
7888,5500,221131,38018,5315,1454433,1734397
9758,6278,307248,43093,5333,268563,642459
6740,4278,407273,37611,5796,258464,722218
7444,4648,122296,41815,5500,357201,540997
7073,4741,194080,40056,5444,1739464,1993914
7110,4889,299235,93019,4500,1390995,1802323
7573,5204,376611,34167,4426,312736,743125
9925,5963,1187138,46796,6315,1288663,2546985
7000,5499,124937,61223,6537,399356,607145
6037,4166,264851,44463,5944,224684,553719
9980,5741,365283,68852,3481,1385114,1840841
6852,5074,427066,34944,4371,1317497,1797823
6981,4574,884888,40704,5556,334438,1279826
8481,5814,217541,37593,4889,1493301,1769971
9203,5592,122824,38519,4315,402358,584959
6500,5148,407034,47759,6352,1520343,1995063
6074,4481,2047489,51796,3759,1421251,3537332
9944,5852,390680,48926,6074,1417309,1881211
7907,4389,289477,44889,4611,1457568,1810934
10055,6981,379743,33241,4889,356752,794329
5500,4611,132582,47574,6389,348045,547442
10685,7204,203884,49185,5333,1458958,1737898
6370,4074,258353,41667,4851,1425564,1743416
10240,6352,373766,37278,4352,355099,789088
7889,5981,124920,38000,4259,327300,510608
10259,7130,131370,37592,4815,322109,515979
10722,6259,237747,44148,6185,1371374,1679009
9184,6611,312068,37185,4778,418965,790884
8018,5870,405981,42334,4630,1356027,1824897
9666,6185,163764,40907,4926,281456,509571
11574,6296,192159,36982,4296,249264,502720
8222,5852,285090,41963,4389,1439436,1787027
11907,6352,377171,38963,4407,354325,795681
10055,7092,139362,39037,5389,308432,511441
11166,6149,174571,30241,4370,332740,561516
9592,6556,247170,34018,4408,252419,556867
7758,5278,352787,51186,6463,1432257,1858637
7944,4666,124663,46019,6129,323594,515552
11555,6260,134798,45481,5501,1413562,1619787
5907,4185,228100,36556,6241,1378390,1661731
9611,6555,312885,41611,5556,1412864,1791768
5648,4056,403094,41407,4852,1409914,1871527
10259,5703,600286,28667,3982,360652,1011976
4778,4111,195865,40055,5019,1413273,1665620
5259,4074,285963,45538,6000,1448600,1797601
9684,5908,367877,40204,4981,307397,738088
11203,6444,380365,37389,9092,410260,857161
9184,6260,163221,37963,6056,365830,590515
8185,5333,497340,54167,5777,1460557,2033618
9722,6315,390660,79370,3500,311854,804125
6685,4167,817314,52445,4111,1506412,2393949
7037,5314,135246,38722,4148,376437,569756
8962,5686,220973,43278,6463,1367424,1655027
8981,5703,239276,43000,6092,1485863,1790952
10315,5759,405522,47093,4945,340509,816866
6703,5260,118009,53963,3704,347673,537831
10740,6537,198571,44889,5870,1333550,1602639
7407,4555,284151,45000,6149,301919,651422
11277,6371,367249,34649,5296,1477739,1904730
7592,5333,120977,39038,4055,422964,601904
9536,6019,158372,42426,4889,1471062,1694397
9907,7185,249119,44704,6037,1453334,1774045
9407,5445,417458,40463,5408,238574,719126
8000,5333,2230172,35075,5222,1547916,3833830
25870,4796,445515,45074,6370,325777,855551
5574,3981,274291,67926,4037,2033621,2391949
7314,4741,122648,38241,4389,589773,769051
5722,4852,403932,45704,5685,1484723,1953433
8444,5963,127919,73722,3408,1442793,1664305
7463,5185,187925,36222,5185,1402381,1646602
11444,6296,276764,45223,6074,342176,690625
10888,6000,368493,54296,5797,317077,764755
9777,6333,128832,45500,5981,313037,512201
10167,6611,163263,37537,5019,1385986,1611491
9111,5389,259103,43111,5555,313061,637886
8222,5852,756443,35314,5093,412976,1226530
6463,4629,740634,36463,13334,391322,1195216
10426,7000,127120,57907,6389,306025,517683
6537,4463,224755,40982,5352,248500,533164
8703,5889,350521,44389,5666,348419,765717
8129,5667,836547,44240,5852,420335,1323474
10518,5777,157885,89704,3555,1404217,1674157
11166,6537,184409,47185,5093,1830449,2087451
5758,4463,283230,57130,3870,255693,612348
8425,5500,2113684,35000,5093,1455054,3625368
9204,5944,193728,37500,5259,1382207,1636695
9574,5611,164117,41778,5056,338935,567441
8388,5834,249845,36315,5056,329410,637663
5332,4297,389055,33297,4666,401847,840550
10314,6630,866618,41981,5500,319986,1253566
11833,6445,127622,45222,6278,327078,527312
9055,6167,213332,35333,5371,1418787,1690546
8221,5760,307949,48148,5778,1512799,1891211
10018,7055,436641,47018,5834,300280,808884
8073,4759,155739,41129,5630,309777,527496
9611,6444,185393,46129,5056,1484486,1738953
8092,5444,280399,49871,4351,1414925,1765823
5240,4093,377016,46852,6037,309517,750885
8685,5277,144262,47723,6314,346772,561867
10351,7000,160027,40630,4481,310470,535534
10148,6963,241477,39241,4574,1397605,1702472
8944,5833,342614,54259,3722,332068,749514
11555,6519,638638,42704,5241,335855,1042939
9092,6944,125569,42371,4685,344335,535700
5666,4148,219631,41722,4574,1457674,1735953
6944,4519,306821,55334,6370,337248,719403
10907,5981,398458,33463,4389,1390902,1846712
5407,4722,153092,43426,4945,322571,536774
5870,4222,196876,41778,5852,259954,517127
9758,7149,743587,39259,5482,356813,1164234
10925,6000,1041594,36166,4723,1737815,2839409
25499,4926,105023,45593,4445,382732,570256
10499,6963,153270,39130,5240,1386906,1605083
7277,4907,248017,69593,3241,1469324,1804971
10074,5778,336597,35000,4981,328566,723663
5296,4055,126899,38037,5019,388375,570200
11685,7222,130330,46186,5407,341166,544645
9573,6871,214058,39815,4352,1429469,1706508
6758,4204,353991,50796,6611,1915996,2340912
5148,4092,406201,45204,6018,389017,858421
8610,5630,160817,82648,3556,317883,581959
5240,4352,190823,45796,5852,1422575,1677194
10296,5592,270440,38760,5407,1348180,1680805
6833,4388,372576,42445,5185,1487339,1921415
10129,6037,139952,35241,4129,353138,551367
9888,5908,172198,38148,4797,362261,595571
11795,6426,247371,45778,4259,244534,562996
10981,5944,344266,45964,6037,1500260,1916230
5722,5019,123400,38723,4296,340078,519738
9018,5723,132740,37926,4222,330386,522553
7999,5019,259691,43759,4556,336527,659848
9795,6926,318641,37889,5056,1413997,1794860
10333,5815,391925,42556,4185,1402953,1859897
8518,5797,201060,41907,5445,251937,517201
6907,4704,187584,41649,5129,273950,522034
10073,6408,275979,40500,5186,1514861,1855137
8555,5629,366893,36000,5352,1439263,1864322
9870,6334,143528,38963,5203,340951,547645
9610,5389,159534,39296,5148,308667,530552
6443,4982,284855,65389,3037,1362783,1729878
8722,5592,377176,64407,3074,1374018,1836471
5018,4037,126218,47630,6296,332928,524368
7814,4630,134946,57648,6111,353254,566959
4852,4703,856584,46926,5037,357261,1277400
10425,6981,305440,46260,5703,331427,708255
9111,6259,458835,85815,3630,273123,838792
11406,6741,124525,38723,5518,354750,544330
5555,4352,187568,40648,5130,1478440,1723805
8258,5556,274463,73685,3575,277551,645181
10111,7074,392969,66778,3296,1355391,1838416
8962,5667,137400,28093,4148,417485,604237
8500,6129,155036,36315,4963,1416881,1631417
9852,6166,242931,104186,3407,1260541,1629658
6536,4760,361418,38686,4314,362188,780403
11166,6444,425259,52740,5223,217552,720533
7537,5648,128930,43685,6445,307048,501849
10167,6425,216844,55907,6037,269561,567571
8500,5833,315238,39297,4667,335664,711644
10277,5797,403892,43019,5463,1416115,1887156
7240,4889,169158,43740,3352,245711,476479
8629,5703,191349,39185,4315,1415123,1666416
5500,4722,290299,79593,3389,1353617,1740324
10037,7092,370676,38240,5093,1441018,1874786
6796,4778,127532,46352,5445,320149,513794
55221,4852,121890,42889,5204,315329,547478
8963,5870,241971,40518,5296,1434168,1738824
10333,6000,335421,59130,5444,1490883,1909989
9000,5778,648260,39815,4704,1291376,2001044
6833,4611,168377,43945,5037,256157,486923
9278,6000,213086,38352,5111,1466737,1740842
9907,6648,303630,36666,4519,1485786,1850008
8222,5741,398506,45166,5686,1418686,1885545
8777,5870,192938,40555,6223,253763,510719
10055,8574,219906,66852,3611,1399565,1711175
8296,4814,278727,56519,4093,1396651,1751342
7018,4426,371733,98130,3352,1375700,1862674
9833,6944,124165,42814,6037,362296,554626
5703,4260,158411,33926,4407,352123,561238
9999,6537,251121,60371,6018,1470369,1807212
7944,5611,330776,47426,6314,1456548,1857045
10092,6315,1092561,35704,5018,1486721,2639374
5536,4908,128841,35093,5630,336229,518904
10555,6000,218589,40129,4778,247353,529552
6167,4370,381187,36075,5370,299030,734385
8629,5556,397953,40833,5611,309154,769755
9962,6852,119810,42463,4926,310465,496682
6388,4945,201445,42611,4612,342939,605589
7629,5796,273322,57074,3889,1506704,1856767
4981,4371,372179,34093,4370,1442199,1864286
9907,6592,129797,33926,4074,337201,524164
10036,5870,163395,44630,4482,1454058,1685305
6203,4556,290716,89426,3352,1300959,1697620
5481,4037,346166,45908,4240,304311,712218
10518,7296,1352989,49315,5759,284742,1713267
9814,5648,135029,76093,3500,401208,633700
9759,7056,213702,40926,5537,365109,644719
7981,5370,299245,57797,5500,1485762,1864063
7666,5167,462381,82296,3630,286373,849588
11240,6778,141868,36111,4241,327944,530942
8055,5611,184522,38241,4815,448363,691607
10444,7074,268546,43315,4371,1431554,1767731
6370,4463,372886,47277,4537,302388,740070
6277,4463,122835,43445,4259,309847,493126
9815,6518,156230,38482,5148,418155,636404
10074,7148,242662,39074,5371,1398753,1705527
7166,4612,346279,49537,6000,1457136,1873249
10055,5778,1551603,46038,5851,355089,1976767
8184,5352,168828,40556,6555,269336,500923
9889,6000,255908,40556,4351,1482841,1801953
5963,5241,308154,44926,5019,1467409,1838786
10314,5759,1174515,52611,5445,313402,1565454
5573,4259,192056,39685,5556,295182,544385
10259,7259,180172,100371,3463,1334836,1639305
5147,3908,280474,35389,4315,1445849,1778730
9741,6370,374684,37963,4278,354922,790125
9203,6759,127431,44222,5185,416400,611922
7129,5093,162566,35852,4703,359579,577774
10500,7240,248369,33259,4982,322887,629422
7222,4407,341856,41611,6130,1382689,1786286
9869,6389,125399,47203,5538,317154,513663
7611,5333,125349,67297,3907,378648,591108
9889,6629,301522,34093,5074,328696,688496
9148,5425,300750,42963,5371,1416166,1782453
8648,5629,394386,88370,3519,1323437,1827712
4907,4315,120242,33204,4278,341310,512090
10370,6518,185286,47574,6648,306026,564608
10629,5537,277421,40038,5814,330149,671663
5314,4518,364020,43297,5166,1462710,1887563
10240,7204,150192,37167,6259,332138,545867
5889,4370,162180,84407,3537,1385774,1648769
7814,4630,250723,37759,6500,255922,565571
5222,4092,381470,36018,5149,328063,762125
10351,7037,416068,41186,4574,328409,809995
8573,5352,128092,43463,5018,324887,517645
9573,5649,224746,110778,3574,235398,593256
9648,6407,344123,46241,6074,1438607,1853175
10129,6926,405777,42926,4333,333941,806477
5610,4871,119374,56630,3500,333456,526219
7333,4314,182640,57593,6278,273042,533904
9814,6315,270128,48037,4426,301424,642737
9240,6630,1004820,43871,5000,1581220,2653041
7351,5093,127639,42574,6203,450339,641441
9148,5703,148886,80111,3759,1363476,1613509
7870,5445,242095,40463,4389,340401,643515
7851,5518,409361,36593,4481,338246,804273
10277,6833,433237,51926,5500,1505159,2015729
10370,5907,163187,91130,3537,321106,597497
8759,5907,209897,78889,3759,258341,567867
10222,6574,304310,40019,6333,386612,756218
9999,6778,384686,35130,5148,336531,781143
7666,4666,180859,42055,6463,288028,532015
6074,4796,229568,45741,6185,283799,578293
8981,5944,282112,47518,5648,1445990,1798268
9536,5908,393099,46777,5834,327174,790958
10758,6000,145215,40371,6055,290227,500737
9129,6426,153647,60963,6055,299165,537497
7796,5185,246134,37963,4871,292362,596959
7944,5296,339696,40000,5852,281652,682681
11240,6593,419035,102815,3741,1397453,1943303
7500,5259,127652,45666,5760,315493,509849
10537,6518,207936,55944,5630,1518221,1806842
8684,6148,342535,41222,4352,2115599,2520911
7110,4815,397800,59352,6000,1371449,1848730
8518,5815,127934,41593,4648,296526,487238
9333,6870,184774,37037,5963,293982,539645
6851,4889,278521,38741,4574,1441209,1778045
7221,3889,454787,40833,3204,271246,783588
4351,3908,144143,39463,4704,308539,507701
6111,4389,193649,44370,5315,369699,625941
10481,7055,237544,36112,6111,286304,585774
7296,4371,332291,34703,5223,380075,766181
9740,6296,414297,57667,6259,269328,765736
10425,6908,119857,41315,4852,330010,516275
6074,4259,217179,36241,6148,255651,528257
10926,6407,315296,36556,4315,390181,766477
9351,6759,386339,50130,5148,1405372,1866711
5648,4259,206029,31686,4537,327448,583256
8110,5519,654592,32296,4149,341587,1048938
11685,6481,305561,88815,3222,207584,625460
8888,6574,400456,64592,3019,1474496,1960415
8314,5537,138202,27907,3963,332407,519090
8833,6148,725171,41204,5611,1635741,2425412
5703,4019,242398,43278,6056,335301,639200
10648,6518,413386,47871,6222,312276,799551
4944,4166,749837,90019,3704,1508297,2363412
8648,5814,719603,40777,5019,1480774,2264135
10389,5611,216551,41704,4333,1437569,1719194
10036,6315,865244,39482,5703,282027,1211141
6166,4241,390563,41982,5111,314506,764236
9555,6352,362217,38834,4666,1272199,1696416
6296,4444,186278,43649,6518,221238,470534
10129,6389,268858,46519,5093,211267,550348
5795,4593,360161,43852,5241,252964,675236
9037,5593,117796,36629,5185,529608,705663
10666,6296,146469,38500,4796,358454,568163
5815,4907,243308,40574,5926,1395627,1698824
8333,5778,344777,39019,5463,311866,717478
7852,5611,424042,55574,3723,1453539,1952545
5999,4000,131178,48981,6574,372968,571774
8203,5741,208128,38500,5240,1396159,1664620
8629,5685,295023,55833,5926,338659,711885
10184,7000,382140,43686,5814,1390813,1842082
7203,4963,151441,37056,4167,328111,535256
7407,4537,181429,40870,5296,393679,635033
5278,4555,276695,56426,6314,1288204,1640380
4685,4944,360182,48944,4741,1417622,1843656
11481,6648,136224,41815,5074,329588,533701
9018,5778,168860,44185,7000,1496205,1734676
8759,5981,281311,39870,5796,292279,636237
5574,4222,357983,46833,4352,327550,748700
12444,6685,424952,37870,5056,1422648,1912452
7278,4777,122087,57019,3741,313354,511071
9907,5851,205816,54648,3315,298329,581033
10537,6796,380136,30426,4389,326970,762348
8074,4851,325605,42482,3167,1401644,1788712
9648,5852,650112,30574,4185,313605,1016550
6592,4685,180728,48629,6408,1423559,1672972
5667,4648,293067,41944,5148,278300,632071
10147,6019,366758,40870,4630,1422305,1853026
5296,4240,144949,38297,5018,411770,612256
5332,4797,165362,35592,4741,339968,558367
9926,5870,710740,43778,5444,388531,1166623
6296,4000,332504,45537,4315,361992,757255
9629,5833,501140,43852,5111,403429,971401
10536,7074,134478,42704,6204,308926,512386
7055,5074,211613,54297,5204,319956,605459
9833,5500,297601,41167,5074,303580,665737
8629,5908,386459,43870,6056,311425,764940
6333,4315,126501,57760,3703,285755,486442
8277,5518,183008,42759,6352,272675,520737
11314,6278,271106,43260,5388,1447995,1787508
5278,4222,371316,47500,5056,333086,768977
9796,6500,129284,35148,4537,368972,556978
5129,4203,152828,45370,7963,351262,569533
5666,4296,246648,37352,6037,225645,527849
8370,5518,332636,41352,4833,1400095,1794897
9796,6722,642624,34222,5260,1276476,1977878
9314,5982,126443,45352,4593,364423,558867
9333,5426,211949,46574,5797,1407744,1690472
9629,6222,309085,38537,4963,1454645,1825341
8759,5685,397313,41223,4981,321997,782644
10000,6630,130615,36926,5055,334549,526349
9018,5907,183380,36852,4908,1448499,1691342
5759,4389,281256,40778,5130,1358437,1698546
9388,5796,370837,37371,4555,347770,778291
10611,6981,122824,52778,5944,362266,564201
10647,6926,142811,60686,6222,301982,531700
9259,5925,232910,38611,5223,273994,568404
7259,4537,304175,43574,6167,1256685,1624824
10296,7037,1198424,31870,5186,1272080,2527245
23926,4722,109112,40056,4870,351626,536979
8462,5648,218952,43130,4555,1417742,1701119
6666,4000,320291,75519,3296,1455105,1867044
4703,3944,1355318,40630,5630,369171,1782101
9481,5667,181191,37278,5148,334602,575867
7870,5667,178345,48537,4963,2072697,2320227
5555,4648,273555,41389,5112,328811,661218
10500,7166,350414,37222,4870,1853204,2265858
8963,5203,128993,40982,4777,311134,502479
5963,4648,170739,41741,5093,1404529,1636139
5463,4500,238300,58019,6093,220529,535034
6185,4962,325696,34334,5296,312356,691033
11407,6445,421720,62667,4056,1455286,1963637
5055,4556,143059,56037,3389,302716,517053
9481,6518,210232,41241,6333,1396833,1672694
8870,5574,344849,47852,5519,309443,724144
6722,4204,418781,43889,5111,1465356,1946897
6222,4204,193582,34556,5167,314191,559830
10629,6686,190514,107463,3982,1286254,1608361
5795,5111,308225,66926,3111,1453524,1845989
10259,6092,415805,38166,3112,385431,860939
9055,6186,139920,67019,2982,371149,598330
5685,4222,164167,81260,3463,1379656,1641250
4981,4092,282655,88112,3314,1329243,1714990
11184,6389,339069,85648,3093,510277,957513
7499,5463,451112,30833,4130,1375211,1876859
10832,7037,134302,49223,5111,312213,520700
5333,4759,210623,36333,5297,317448,581812
11592,6389,295666,40481,5019,1359898,1721119
8796,6537,443802,39833,5482,292934,799773
9981,7148,163233,35074,5186,320689,544201
6370,4370,217536,41037,4981,1475307,1752323
9296,5648,639820,46315,6167,1410501,2120525
10055,7037,354622,48204,5537,2055790,2483431
7759,5796,137275,80408,3092,361444,598423
8648,5741,149855,43148,5944,327864,544034
11407,6574,235139,37722,4537,236210,534404
5944,4778,851553,39204,5093,417938,1326751
9036,6500,411799,57167,3741,1413819,1904156
6481,5074,130008,51871,4870,361507,562534
11573,6408,199532,37797,4815,343204,606052
5370,4870,306039,44611,6371,376697,746533
8647,5648,385175,39574,4389,367821,813476
10018,7074,123309,37667,5129,340410,526163
8630,4777,173130,34630,4445,378607,606645
7833,5852,264191,58130,3704,1485112,1827304
4907,4481,357124,37778,4629,1491958,1902989
9148,5648,137574,36537,4833,326683,522923
6204,4370,146894,42741,5463,332214,540886
6111,4852,246048,31648,4389,1466664,1762194
10315,6351,334888,48908,4667,2108486,2515801
23704,4592,91968,41277,5871,435270,604793
9611,5703,166881,93019,3722,255116,536904
6055,4871,207331,35426,4407,1448233,1708472
5981,4260,394874,39445,5703,271196,723867
4777,4019,387232,72222,3908,1465293,1940118
5351,3778,190756,31241,4629,337500,575811
8777,5982,172836,34870,4019,609937,838291
9295,6278,304176,67018,3686,1408517,1801471
8518,6092,369274,34649,4537,299999,725236
11740,6426,133724,38741,4166,335995,533256
9277,6648,145749,31907,5722,287268,488664
5888,4167,282940,35333,4241,1405513,1740230
9944,6463,370687,28833,5093,302364,726052
8722,5666,991953,30815,5037,348058,1393047
6129,4851,121235,40630,5963,331873,513126
5592,4241,481130,35889,4630,399309,932884
9573,6148,289377,35907,4426,316305,664348
5907,3871,400605,30815,4407,389575,837718
7759,5741,181221,42038,5759,365053,610219
6018,4277,192431,37815,4667,1462170,1710119
9426,6055,265345,43148,4518,1379905,1711824
6629,4574,364721,43556,5852,305386,733292
9740,6852,132652,30408,5333,323882,510923
9370,6556,194732,40185,5815,318524,577571
9703,6759,233905,36333,4834,374017,667588
11592,6611,320448,37074,4426,279900,662737
7259,4815,418250,43000,4185,1481665,1961841
8240,5556,127774,86167,3518,1442198,1675935
10240,6482,211576,35815,5982,1412321,1684453
7573,4389,301731,35148,4574,371450,726921
10110,6648,383274,61223,6555,1356290,1826452
8130,5388,133539,36167,4592,327663,517572
9369,5982,185267,41277,5686,1402464,1652490
6963,4426,266754,39630,5352,239631,565830
5925,4741,427205,38333,4371,358568,841588
8425,6130,140173,44037,5852,347342,554256
10351,7222,137809,34537,5278,372410,570052
10055,5574,236426,41204,6907,1422564,1724935
6537,4574,320080,41722,5519,333119,714107
5166,3963,421475,38500,4722,233373,709607
9741,6037,118850,51130,4444,335239,527590
11295,6371,196893,39667,4982,1428911,1690138
8018,5481,298992,40630,5445,1405071,1766101
5499,4445,384054,48759,4111,1452342,1901303
10278,7481,157263,41611,5741,302530,527442
6240,4296,178991,38982,5463,348190,584774
4629,3908,266460,48241,4703,239889,569997
7963,5611,355466,56222,5908,1469522,1902748
5333,4555,127935,66500,3481,353155,563663
11518,6425,141774,40537,5686,1877658,2086117
8389,6074,234317,41500,5907,1376155,1676231
5351,4963,324175,36260,4351,433284,811069
10611,7259,548700,39204,5444,364832,978624
8963,5277,124909,54926,3574,406125,606404
5092,4037,208229,37500,4908,536192,797810
4759,4000,300253,38001,4777,1356181,1710360
10962,6112,387223,55074,3555,1478025,1943693
10611,5907,246210,60426,3445,1457835,1787138
9333,6074,174790,34537,6481,1437442,1671213
10055,6797,256314,36759,4778,1454861,1772360
6092,4722,437006,35370,4871,265656,755847
11240,6760,128770,44426,4444,368931,567553
8314,5574,153461,74019,3519,1453714,1701305
5222,4000,244634,47481,4130,325214,632885
9999,7241,397437,43426,6111,355021,821532
11537,6592,404073,41574,4185,1351047,1821712
8073,5945,137633,34870,4482,351308,544886
10555,6574,197102,30278,5204,274154,526090
9592,6463,293997,40518,3260,1457214,1813100
9167,5648,394892,40240,3075,1463245,1918712
5629,4666,164324,34870,3037,366785,581811
5851,4352,187329,36204,4648,1440791,1682231
4925,4111,272021,31166,5149,1364562,1684027
5333,4000,413397,87797,3203,280006,795792
10370,7037,129624,40130,5815,313891,508941
9981,6444,136927,39852,5537,320681,521645
7463,5148,236673,28408,4870,285249,569923
10981,6000,349976,62815,3592,367464,802903
5685,4315,412130,34778,4111,1433933,1897156
9758,6778,157172,90371,3500,244973,514663
9573,6759,202790,29704,5500,308392,564830
10944,6334,291055,40722,5481,1365454,1723546
9425,7407,379172,27519,5519,335471,767162
7018,4463,139437,37055,5278,398467,594478
11536,7185,171369,43444,6093,640663,882235
10092,5667,263560,36481,4630,1437041,1759657
7870,5129,346844,82333,3871,1478330,1926970
9092,6241,125015,40648,4186,335314,523386
9592,6759,142503,39611,4889,1511394,1717453
9648,5796,239065,34611,4704,356746,653145
8462,5463,357386,76870,3500,1507437,1961618
8685,6259,264576,43612,5592,1412543,1743620
5888,4148,117064,28592,5019,328008,490830
10388,5981,205181,39889,5685,381409,650700
4592,4130,294909,40777,4834,1416192,1767990
9352,5888,376378,31852,4223,291895,722126
8833,6074,146161,48426,4963,350206,566811
6370,4111,209223,46407,5074,1421416,1695157
5463,4611,299173,48722,5630,1339187,1705138
9740,6074,349105,41871,5463,1457310,1871656
9592,5649,126147,40296,5093,381127,570108
6499,4630,153635,39740,5278,1511892,1724342
4889,5148,240771,47944,6037,340892,647774
10203,7297,324128,42667,6296,290664,684015
9463,6777,402246,36852,5352,1382725,1846267
6759,5148,123343,41797,5055,325357,510349
9667,6240,197720,48704,6315,282517,553497
5277,4926,292597,53592,5167,325622,689329
10500,7240,374418,38296,5056,360337,798755
6444,4870,156700,43000,5278,284871,503274
9795,6963,174836,42241,4278,1399655,1640157
5407,5426,304546,90166,3704,202377,613682
11777,6612,398755,38241,4130,366036,827644
6555,4907,139020,41427,4759,370569,570163
5129,4574,145007,86927,3796,1456964,1704564
7703,5667,235458,39778,4722,1346810,1642157
10240,6278,324631,100908,3481,1299618,1747231
10314,6241,414174,44167,5166,245563,728162
5962,5148,123513,38500,5055,406910,587237
6944,5167,359759,43130,6593,314106,737829
9962,6722,283969,49186,5314,236769,594163
7167,4851,389531,45185,5556,279113,733515
5351,4648,148703,48370,3685,377628,590533
7258,4741,196616,54741,6407,283455,555570
5721,5130,261585,39852,5000,1612144,1931285
7407,5259,124758,45092,6019,390943,581682
5648,4704,135911,78519,3574,286123,516553
10333,6667,615381,38963,4704,293983,972235
5907,4834,237904,38686,4648,1456363,1750416
11240,6148,325282,45555,5538,303529,699885
9259,6296,403658,44407,5148,1361591,1832582
8518,5629,134830,36815,4815,363019,555811
8573,5574,211354,31908,4537,1389155,1653583
10037,6555,291212,39963,5278,1370241,1726527
9110,6389,479589,42130,6314,224963,770995
9685,6796,169076,39611,6056,254903,488850
7759,5444,175896,39056,5241,358489,594126
6055,4444,277347,108944,3649,1356865,1759323
4648,5055,399335,42870,5352,305846,765736
9444,5629,139729,42259,6204,1441373,1647398
7648,5574,142012,46093,6129,1445738,1655546
8610,5797,233777,54222,5797,199367,509719
8407,5019,315857,48593,5129,259713,645219
7277,4667,412400,34778,5167,252299,719347
5222,4500,121424,43204,6445,316424,499868
9296,5593,199763,42482,7481,313011,580275
10259,6981,290863,41778,4963,226171,583219
9851,6315,382424,49463,5889,1445694,1901637
9259,6074,159541,36185,5167,308141,526405
10870,6166,184139,90223,3852,1364351,1661675
6704,4611,279145,37444,4686,370091,704718
6074,4407,355800,39222,4982,379825,792422
5944,4259,290787,39074,5185,1470833,1818990
5573,3871,122958,35963,4760,423908,599107
8870,6648,225724,37315,5296,1352544,1640138
5166,4500,321674,35464,5092,375117,749588
10481,7148,480626,38685,4778,414461,958680
5333,4278,542150,28592,4575,340270,927791
7963,5870,197192,80408,3814,291249,589071
9278,6148,1004274,40222,4704,1397304,2464857
10092,6815,463186,40852,6352,290383,820588
9481,6518,748304,36778,4815,335819,1143919
10703,7259,170586,47241,4463,1396997,1639824
8555,5611,257573,68130,3760,1464564,1811212
6518,4611,350598,40630,5055,379639,790088
12203,7111,129437,35963,5352,348579,541312
5944,4371,149942,42704,4500,301777,511479
9444,6223,235559,34593,4852,2137426,2430931
9722,5963,325769,38019,6130,366022,754088
11721,6389,411739,46722,6056,1407343,1892081
7185,4926,136707,67482,3500,1383450,1605399
8740,5926,210028,30296,4241,1419925,1681879
10055,6537,284738,45092,4852,1400790,1754305
8037,4518,377540,33111,4537,1395542,1825378
9758,6963,146749,32704,4074,312211,514552
7814,5074,168311,79444,3834,226427,493016
9721,7019,256816,40963,4963,349495,671144
9851,5463,364323,44796,5426,404839,837013
10018,7055,430088,40871,4444,1482845,1978118
8870,5741,151056,30241,4111,1475416,1677528
8111,5241,227932,41278,4167,1365484,1654676
10185,5611,337550,74889,3203,335946,770199
5851,4426,408278,56407,6908,224884,709533
4796,4092,130635,39741,5667,538601,726533
9351,6074,192845,45130,6296,270430,533034
10999,6370,287592,39463,4445,1383620,1735379
8944,6185,122912,38037,4093,333936,516978
9499,5870,468401,87852,3814,1378089,1956025
7926,5148,174757,46722,5537,330647,572886
10241,5740,258541,37167,5797,329714,649626
10036,6667,360029,43074,5389,344448,771792
6000,4185,730072,90352,3426,1621488,2457486
8481,5722,137966,48092,6556,1481006,1690508
7851,4722,232565,84222,3093,1761534,2096376
8962,6426,313515,43685,5167,1488419,1868489
5647,4186,412224,37649,5407,1437190,1905489
10370,7130,127841,42296,5334,331656,526571
5833,4204,197921,38722,5648,1381107,1635546
9518,6833,284668,33186,4444,1431785,1772934
5129,3981,378749,42481,5185,1346020,1784267
6592,4852,151679,79556,3500,252892,501404
10277,6778,165889,48648,5130,1458453,1697379
9314,6000,260544,51833,5704,210287,546164
5758,4204,347457,37352,5166,1471829,1874081
10092,6389,1201464,78204,4056,1330260,2632540
5556,4518,144931,52722,3741,320214,533516
10166,6463,221770,38704,5500,1453164,1739008
10518,5908,312665,33111,4741,1407528,1776583
9407,6315,1177340,33926,5019,1397496,2632004
8833,5426,120158,39556,4333,324061,505182
9962,6723,207386,35519,4185,1439659,1705990
9555,6296,282597,80389,3926,281251,666181
10203,6963,369991,39649,5444,303431,737755
10944,6241,189515,40537,5204,262278,517405
9092,5963,176095,51334,5166,334031,584200
6018,4796,293879,68741,5704,1428351,1810452
8833,5722,349533,44908,6277,1432308,1851026
11110,6556,128112,39408,5574,378791,571848
10018,7018,130452,55149,6259,307971,519627
10703,6537,230125,53389,5685,1500439,1809490
8666,5667,687853,45241,6185,367399,1123308
11443,6352,1262084,42277,5463,370463,1700805
7926,5666,120976,60814,4112,364521,566404
5870,5240,200019,42111,4815,1421435,1681768
5314,4704,304265,73796,5500,312935,708662
8870,5296,1353218,41352,3315,1433988,2848613
4574,5259,138554,78130,3482,364516,596700
8278,6333,175801,30982,4018,374844,602904
6370,4426,270177,60908,3944,1372276,1720638
11777,6500,380017,64148,3019,1878969,2346986
8648,5592,128948,36482,3926,333475,519238
7259,4981,135510,38666,4945,326506,519867
9796,6778,222034,43278,4500,284147,572645
11351,6111,329874,48759,5297,373955,777810
5277,5241,444361,46778,5574,269097,778477
7592,5667,123774,54407,6260,364815,565349
7129,4130,198113,52074,6019,333531,603608
6741,4889,292897,37203,6223,1411796,1763046
5184,4630,377236,40408,5333,1464605,1899581
10110,7037,138298,39537,4037,349199,550997
5352,4962,174785,52889,4723,300860,546441
11536,6574,260847,38759,4111,1379811,1704601
8962,5834,355908,45333,6167,388272,813032
10389,7000,122858,42852,5296,490823,682200
6611,4667,138641,40426,5445,327559,526016
11536,6204,263518,86463,3223,1324509,1697934
5425,4482,332876,65667,3055,380471,794514
9758,6445,436956,64074,3093,1351255,1875026
10259,7259,191313,50611,5926,336591,604719
6815,4185,199578,38112,4426,1378393,1634065
8666,5834,294084,31019,4296,1388924,1734898
9721,6093,383424,47204,5000,1451194,1905507
6963,5148,153188,78593,3630,333382,583849
11185,6296,166732,42537,5759,1429999,1665120
8462,5630,1024906,41278,6222,1385543,2474522
26481,5093,370355,44167,5148,2102686,2556319
9018,6000,123768,41000,5592,378322,566275
7295,4963,141681,88371,3611,594518,843217
5296,4130,231946,46982,6463,1444191,1742027
4777,4019,317267,38944,5371,2021089,2393745
10147,6593,400032,36223,5240,367371,828254
11389,6907,153056,48278,5167,316885,544479
5611,4759,201359,42111,6018,374657,637497
7648,5333,387606,44166,5371,379223,831958
10166,6982,121018,42834,6314,1540842,1730861
10999,6074,124988,44666,5704,283603,478534
8388,5796,164364,42278,5518,1480349,1708786
6574,4314,259777,50815,5760,1454397,1783675
12685,6389,400042,41667,5463,285768,754662
8666,5166,193215,41000,5759,340301,596830
6592,4778,137905,37778,4759,411221,605922
9537,5852,220856,45518,5797,1424837,1714990
9129,6037,311862,37056,5315,291300,663107
11073,6241,403553,78204,3519,1451694,1956359
8833,6629,149578,38314,4463,353994,563849
7221,5148,197787,61426,5852,1469074,1749267
6481,4574,328552,48297,5981,1484919,1880971
12759,5982,471910,39944,5575,297677,836514
9888,6537,135045,41926,5500,315045,516534
6907,5037,163996,40333,6074,392927,618923
10648,6704,253075,84464,3796,1391507,1752861
6018,4444,357193,31148,4370,1456241,1862081
7703,5148,143458,33870,4296,315466,512071
51962,4666,165427,49593,5166,344385,623514
9499,6759,234859,135000,3445,1330150,1721768
9981,5759,352198,65185,3112,1388254,1827397
5037,4093,402463,36111,4092,1356971,1811397
6499,4111,151450,50704,6055,306140,527867
4555,4074,205049,72741,4000,1732291,2024951
9611,6000,292166,39851,4315,323868,677830
10222,7037,380246,39389,4166,332213,776033
7240,4592,184937,52426,3592,1491424,1746841
5259,4018,174350,33574,4389,318295,542367
9740,5593,259337,43315,5389,356455,681922
10332,7019,342565,47538,5074,1419683,1835545
8055,5370,127312,35944,4371,317648,501089
9240,5907,132558,45186,5592,331772,532478
6648,4445,227675,55093,5648,312395,614978
5147,4000,319941,43000,5130,1496641,1876044
9426,6037,438743,43537,6148,1470505,1976693
10018,7000,187768,47111,5259,313767,573460
10389,6166,226977,71537,3648,460038,780700
5740,4574,291372,53926,5537,1452488,1815638
7814,5148,377897,43926,5463,313377,756329
7444,4685,164309,71834,3555,318132,572164
6185,4056,171648,34204,4111,1379472,1602121
8944,5686,293635,63575,3000,1395798,1773138
9221,5926,355031,35685,3945,406335,818328
8629,5907,135444,45944,6278,430682,635533
6759,4278,141023,38204,6463,311103,510331
9851,6352,224474,56093,3389,241337,543663
9795,6074,315999,53778,3407,256554,647718
6203,4445,408689,42964,5407,229213,698996
7962,4963,121344,39426,4500,299635,480312
5240,4278,200368,54759,3426,1487715,1757879
5555,5000,289151,47352,5871,334196,689292
11741,7296,378102,55278,3519,303708,761866
10370,5685,128793,45333,4426,357834,554571
10241,6444,174280,52297,5852,1460395,1711620
6963,5426,252916,86296,3611,1425315,1782897
8999,6963,343311,48370,4278,1376642,1790989
10073,5686,134168,46352,6203,342292,547237
6518,4722,140878,40759,4296,1509187,1709286
10148,6796,222717,44556,4167,1424569,1715416
5166,4315,328205,43667,5944,311180,700663
9647,5667,403285,104408,3481,245525,775477
5222,4185,120845,55482,3926,391743,584293
7518,5444,191815,38019,5388,1464102,1714731
10407,7093,271820,37056,5222,309250,643589
12333,6018,410438,45130,6370,349261,832254
9444,5963,293259,41629,6075,1521490,1880601
5556,4314,204227,63130,6408,314825,600960
8944,5611,253436,55630,6278,313578,645940
6221,4241,453443,39278,5759,330071,841125
6166,4166,124060,42463,5815,413289,598163
8814,6334,131769,38222,5111,337228,530164
8481,5648,227127,45519,5407,1463326,1759064
11536,6500,312244,36148,4982,1296894,1671194
6870,4685,400176,40500,5149,1378554,1838212
8740,5815,204996,34815,5185,291334,553404
5462,4018,194688,48185,4982,1432284,1691805
10240,6111,278194,51074,5222,1411445,1764694
8592,6463,374644,57760,5925,284445,740014
10536,6815,124519,45908,5352,308237,503423
8981,4870,159044,52834,6722,267083,501701
8629,5222,254810,38203,4926,1354441,1668972
5722,4981,346575,40111,4981,312403,717162
9259,5685,376600,44759,5500,414340,858421
9185,6444,128586,38000,5389,383392,573478
11407,6333,218555,46667,6445,1379176,1671120
9351,6723,307061,41370,5500,1433021,1805508
5259,4759,409326,34426,4537,374299,835088
10814,7056,125165,46370,5074,340480,537626
9333,5481,228005,43852,5463,249640,544349
8833,5852,276881,37666,5241,312282,649311
10259,6481,368276,41019,5148,1382195,1815879
8611,5296,130115,43315,5259,345401,540145
10925,5648,165454,51741,5074,338246,579570
8055,5389,353645,34722,4760,339850,748921
10111,6444,342189,36296,4500,1379487,1781712
6278,4833,363027,36723,3870,429023,846199
9314,5445,128755,41463,4518,359927,551571
10018,6944,606132,37278,4445,1500336,2167043
7333,4537,314027,47352,6481,304488,686941
5851,4389,275902,33500,4667,305372,632163
11629,6204,169593,67222,3815,281218,541867
8110,5426,300878,55203,4019,380637,756977
8203,5889,279513,37259,4667,328335,666607
10574,7240,368630,37704,4537,1454544,1885767
8074,4944,122784,32889,4630,333435,509498
6574,4259,169345,45037,6352,398318,632237
9722,5833,251944,54760,3555,306275,634126
5814,4278,342672,45685,4963,1510706,1916656
4795,4019,139973,34463,4593,366375,556867
4592,3963,137979,36982,4592,327536,518108
9944,5944,215930,38889,4519,1404282,1682008
5852,5333,309103,56870,6463,285616,671330
9685,5463,399664,45408,5333,1426565,1895341
6185,5814,200948,41556,6037,254808,517682
5777,4723,239731,49315,4315,1411462,1717416
9889,6092,314219,43519,5389,1504436,1885952
10333,6055,368781,37426,4315,1462579,1891545
8351,5574,135138,42407,4278,367082,564960
7240,5722,160125,75297,4129,1499958,1754471
10221,6408,249946,41000,5352,1443044,1757971
7685,4537,352600,32463,4667,1424982,1828971
9721,6686,119364,42556,5370,333151,519219
6499,4704,137056,47778,5352,1481026,1684916
6721,4871,262043,42260,5092,1337503,1661768
7999,4667,312105,36167,5130,1365292,1733638
6129,4259,1006743,39722,5944,1509651,2574504
23722,4963,133431,32408,4889,356824,558812
9203,6685,410716,45333,6445,308650,789088
8333,5166,276370,41648,5426,1428787,1768082
6592,4852,376282,47556,5833,1396355,1839637
8833,5889,155862,76222,5575,250394,504831
6629,4574,547443,46686,6259,1397712,2011470
11425,6130,245837,43296,6056,633620,948198
7332,5204,1112771,41648,5315,1494788,2669169
6740,5055,138386,42074,6371,405370,607496
9481,6685,233947,56278,4093,398548,711459
5536,4871,223656,41352,4834,1322111,1605139
9129,5611,311089,82222,3686,1461289,1875619
8907,5870,400466,32796,4259,1423691,1878656
5833,4444,129304,49204,5018,352175,548682
9259,5574,187255,81666,3871,1477328,1767046
10037,6444,278353,35037,4889,354254,691385
9574,7092,368470,40001,4537,320543,753125
5833,4296,125976,42074,6685,316207,503923
11500,6629,164648,45741,4352,1463564,1699212
7814,4908,290988,93963,3815,1353020,1756397
5592,4667,343642,33888,4778,360373,755755
4759,4963,124018,47314,6297,313368,503627
25073,4870,108876,43593,5351,328048,518311
8981,5963,215585,37556,4963,1402479,1677731
5407,4685,322480,43333,5612,1400102,1783786
10258,7260,391616,39481,5852,1431410,1888193
10333,6481,169751,39074,3463,354764,586459
5981,5000,228368,64352,3093,324128,633330
9796,6241,290689,36333,4537,331604,682107
10425,7093,158639,34018,4426,288173,506534
5851,5222,130941,39037,4278,441685,629793
9907,6796,162466,45259,6092,1521007,1753508
9351,5963,288379,89778,3704,1292148,1692194
6592,4870,359367,38185,5370,413166,830125
11684,6500,122446,43778,5445,322754,515404
5277,4797,350618,38575,5277,344118,751033
8777,5648,216680,46074,5834,1464939,1750675
9167,6074,308982,35167,5148,2263428,2630263
9111,5388,407433,33741,4556,1497630,1961433
5963,4296,602272,44149,5981,311222,976013
6148,5463,212000,92592,3667,1298769,1621398
8018,4907,914915,43500,5352,1554237,2533337
6129,4018,370105,39407,4871,1374700,1801860
4722,4222,1119631,39241,5407,1410095,2585485
8000,5944,165042,45222,5667,1392245,1624324
5518,4926,252788,37889,4982,1417386,1725971
10185,6278,341424,54093,4741,287516,706311
9611,5759,960247,40407,5463,358357,1382955
9740,6445,130917,38333,4982,1556832,1749860
9481,6870,225664,33444,4871,1314456,1597565
9277,5500,307207,79759,3704,343770,751736
7611,5888,408695,33630,4685,386097,849051
9315,5796,206367,38814,5093,304630,572553
10110,8185,195410,36815,4981,1401952,1659564
6758,3982,296453,87889,3444,1331982,1733082
9851,6834,378496,35963,4500,1464382,1902878
9148,5704,155797,38481,3445,316237,531182
9092,5926,191970,64148,3407,1450817,1728286
9536,5667,249402,36370,5037,1393422,1702157
5166,4092,338371,38426,4908,1348193,1742490
8240,5000,453988,56593,6426,426506,959105
8314,6056,126438,40092,4704,353485,542015
11629,6777,256889,64648,3167,1459193,1804952
5222,4204,352079,36315,5148,384027,789366
8610,6167,408271,39574,4685,386465,856643
5240,4000,119980,40371,4500,369072,545867
8796,5408,192837,59741,3852,380510,653775
4741,3963,286751,106500,3685,1374868,1783435
5129,4537,173590,41870,5871,357314,590422
9518,6370,1207858,42204,5129,1479812,2753706
6296,4925,156547,40574,5130,403802,621181
4685,4740,248404,59612,3778,275851,599793
4481,4351,340114,35741,4482,369826,761514
10537,7092,477899,38537,5222,426967,968717
10370,6167,128662,35111,4760,368186,555905
10074,6481,213076,33926,4759,251607,522534
6647,5019,303304,46185,7685,1415519,1787082
8777,5944,393607,34167,4666,1408439,1858470
9444,5445,159945,75000,3667,328514,584627
5407,4926,199896,42778,5518,1393651,1654732
8296,5574,271735,82723,3851,291687,666330
10259,7333,358797,44259,6371,303588,733274
6425,4167,120505,36852,5167,409769,585737
8259,5648,154734,29722,4907,1474331,1680083
6574,4425,252240,37778,5685,1476046,1784916
9722,5833,350635,42648,6463,1470262,1887600
10296,6037,360381,57741,5630,361725,804532
8425,5500,130961,38111,5408,370925,561997
10536,6463,210375,35185,5111,1481912,1752527
5407,4074,311695,36149,5166,408875,773848
11499,5926,402794,42630,5241,368312,839180
9184,5926,136114,40834,4426,317086,515941
8648,5815,184027,50371,4703,1495204,1750916
9981,6445,268737,44185,4630,345055,681126
10018,7889,362706,49926,5333,1395617,1833508
7962,5500,138101,48370,4741,392081,599700
4740,4037,200774,68463,3796,1402328,1686916
8592,5963,253650,41648,5593,1479969,1798045
9870,5574,335045,33222,5870,323081,715070
10055,6870,656551,43278,5593,1297696,2022599
9777,6815,123204,50481,5426,404626,602700
7963,5629,211488,34759,5519,1370336,1639250
9185,5518,117975,37315,4907,418985,596237
9333,6185,1584336,38667,5463,1506701,3153130
6000,4648,393044,33463,4871,236414,680589
6815,5129,185678,45000,5241,1415887,1666343
9463,5685,290480,45575,6574,298219,658478
8444,6093,993562,41907,5315,1591349,2649077
5166,4889,149603,35278,5241,370819,573108
9444,6444,152609,57278,6000,316943,551033
10388,6426,243707,44797,5611,1420690,1733730
5740,4648,386899,49389,5574,264523,718885
9981,7185,952777,37611,5352,346752,1361733
5370,4963,134003,45722,5963,348105,546701
9518,5871,233657,69315,3722,1444758,1769305
4426,5092,312200,35296,4500,293352,657200
6074,4759,393706,48278,6259,1418116,1879397
11204,7444,148730,82111,3704,248285,504183
10592,6444,178588,59241,3889,1380125,1641564
5944,4685,275019,40241,5222,227089,560756
9074,5740,365119,36018,5334,306007,729403
6111,4555,139791,35463,5111,339003,532831
5389,4852,154944,57019,6611,281960,513294
10018,6389,243469,37685,5204,1439669,1744490
7795,5315,404290,38167,4389,353927,815717
10110,7315,417018,86241,3741,1394674,1921785
8074,5129,169894,38408,4963,256047,485349
6370,5148,218585,40963,5111,252560,531589
5592,4297,304165,33407,4630,303257,658033
5222,4240,457024,40759,5519,1408280,1923341
5870,4500,166658,84704,3629,224617,492627
9074,5981,181424,46833,6222,1368068,1619880
9758,6278,272059,41056,6018,251456,589478
5666,5278,362398,40612,5981,306597,729514
7278,4518,127737,41315,5259,360964,549812
10204,6759,154410,39389,5000,304328,522812
9703,6148,1012677,37722,4982,370740,1444547
9444,5889,329014,49760,5241,376110,778051
11407,6444,420687,55667,6222,1327377,1830156
7907,5296,125767,54000,6037,322286,523534
9240,5908,211680,36481,5130,1387255,1658139
5073,4315,317668,40685,6370,263459,639866
7685,5074,460748,34815,4907,1446334,1962785
9963,7037,168549,75648,4075,222744,490738
8999,5926,192185,44019,5852,1460601,1720249
9166,5445,312987,45500,5222,298398,678829
5703,4722,362567,44371,4889,324039,748773
9814,6444,133240,47685,6519,318257,524423
5629,4445,154023,51167,6240,253271,476905
10295,7019,242751,34334,5333,1400017,1702156
11073,6278,330609,45167,5870,240869,641885
6536,4889,1199692,38222,5296,317374,1574176
51296,4870,167306,39241,5111,294561,564645
8999,6278,218405,45167,5240,232222,518312
6851,4778,305170,44926,6481,305197,675515
9185,5833,612065,46278,5963,330522,1011753
8185,5389,178496,85259,4130,286889,570756
8981,5611,192946,47686,5925,1400952,1665083
6759,4129,284490,37889,5000,276988,617719
9555,6445,372366,41963,4870,1500919,1938360
5981,4611,125797,40630,4870,377144,561737
5740,4408,162803,42129,5556,1445169,1668287
5295,4130,250069,41666,5463,1460533,1771026
9815,6796,346649,42778,5166,373291,787292
10259,7314,416489,84592,3704,1355501,1880545
5278,4814,130549,44723,6296,317189,511423
8981,5241,225814,46074,5630,1350602,1644472
9851,5944,299136,35407,5037,1422614,1780508
5611,5018,394456,40889,5315,318669,772681
6314,4537,151665,85501,3926,331016,585830
9463,5685,192597,29574,5463,1887539,2133210
9685,6018,276992,44797,5685,1464016,1810101
8573,5519,356794,44963,5463,1425695,1849433
9907,6759,163374,39778,5185,281827,509330
8074,4685,152324,43315,5037,375043,590811
9722,6444,240331,37203,4908,225055,526034
6944,4944,417596,40685,3481,293882,769662
10221,7167,453787,66907,3445,1411479,1955451
6555,4704,128940,35852,4148,308946,492145
8110,5889,211372,33612,4463,1352451,1618305
9481,6056,317174,47667,5185,307674,695348
6537,4963,391347,40093,5018,286019,736089
11259,6555,164686,42056,5166,385329,617737
5925,4185,196525,44167,6037,331805,591626
5167,4296,282901,39186,5444,1385774,1725583
9204,6574,356500,58334,5314,1423267,1861897
6092,4111,149376,44889,6019,305861,519145
8426,5685,148882,39037,5296,321856,532090
10259,6481,235388,32001,5148,351349,643071
9222,6259,331542,41778,5223,351860,748200
10222,5926,422400,42556,5407,1377478,1866767
5481,4314,124850,35074,4593,386480,563552
6129,4092,228097,34889,4500,353770,633959
4907,4204,304603,37666,4463,1499146,1857712
6426,4222,395461,37870,5981,291332,743922
8870,5945,141984,50815,5018,313031,528219
10055,6537,177380,54407,5278,1434222,1689917
10389,6963,265459,36278,4796,288241,614238
11259,6574,356503,43981,6204,279252,705903
9185,6389,141119,38000,4852,388025,590367
8777,5537,149625,42334,5296,382372,596163
10333,6814,242076,51889,5204,263624,582626
7962,4259,335045,46685,6204,345173,747884
9870,7240,412495,57334,3815,226408,720088
8426,5722,120074,48241,5389,351811,542312
8333,5648,238969,46852,6500,1426854,1736749
10241,6703,302402,40000,5278,479630,847051
6222,4611,403148,41815,5037,1380008,1843045
7055,4500,140172,73722,5074,295029,527867
8204,5518,179900,42167,5408,339189,582664
8000,5037,273425,41111,6111,1405139,1741453
5999,4334,363023,43908,5722,325065,750125
10073,7019,187029,38481,5500,512708,763736
5481,4296,151905,36037,5241,1494659,1699619
10314,6333,272226,38315,5278,309844,644459
8611,5889,327343,44259,6204,1417906,1813712
10241,7277,412294,72315,3685,1408121,1916008
8610,6000,127577,36593,5092,302995,489793
9148,5759,219676,70315,3463,1462870,1773453
5036,4574,313441,34130,4629,356333,720644
4944,3852,401280,38130,4981,1404747,1860378
4240,3741,163026,36982,3981,363785,578330
7203,4704,181550,39075,4592,1436681,1676009
4926,3981,275039,36574,4944,1354637,1682546
10110,7315,355081,76871,3722,1328723,1784397
7333,4500,126994,32259,4759,433929,612237
10000,5778,154518,39723,4648,350533,567627
4685,4018,254488,35370,4593,316379,621960
9611,6500,435012,40963,5982,297038,797144
8092,5796,836242,42481,6149,1596540,2498134
5963,3833,124579,36574,5130,384010,562719
9018,5926,221974,44574,5407,1458294,1747693
5000,4463,316461,36260,5222,1486583,1856601
10721,7093,440968,37592,5056,367064,870587
10296,5666,194195,42241,6074,326598,587515
10259,7111,174905,44352,5926,1407067,1651824
8833,5815,306337,49389,6000,1408819,1788934
5055,4055,425140,38611,5704,320393,801273
8167,5148,2394002,41111,5055,378334,2834392
16981,4648,230206,34574,5038,297808,591774
9315,5611,123860,40796,4982,372525,559756
7185,4759,389589,29704,4592,356111,793773
11314,6593,411206,31388,5389,1493154,1961563
5055,4685,123767,35019,4388,355231,530516
9129,5740,245829,67444,3482,1306681,1640916
8647,5945,346668,42426,5277,296440,707477
9296,5463,273803,34648,5352,1283317,1614343
9981,6797,137327,41574,5148,367670,570293
9351,6833,258797,38240,4945,309422,630422
6851,4741,268839,45204,6574,1465558,1800175
9704,5777,358846,49537,5444,251410,682904
6129,4556,120461,38093,4111,342091,518293
6537,4944,152097,35575,4796,323751,529627
8351,5500,250363,45611,5611,1509534,1827137
8629,5315,345258,46426,6315,1452972,1866953
5129,4963,1190358,39148,5315,1284702,2531967
8852,5852,180120,36649,4129,294376,532109
10648,7093,211478,37852,4759,310296,584978
6259,4463,310836,37612,4537,354048,720255
9925,7000,394195,41241,5574,300579,761236
7037,4963,162903,49037,5445,307297,539145
8629,5685,176409,41982,5130,782251,1022438
11092,6037,268545,46667,6611,236989,578756
6833,5056,368718,36111,5222,1421216,1845582
9037,5741,129056,39593,4648,347200,537849
8943,6278,150729,35797,4667,338397,547626
8611,4685,237883,44463,6223,279317,583367
9277,6463,325686,42833,5463,346181,738477
10073,7056,417285,42463,5296,432673,917587
6203,4722,119345,41649,5037,297041,476145
7074,4814,212667,34796,5407,324386,591293
8926,6129,291969,41000,5278,333768,689071
5388,4222,462067,35741,5186,321575,836272
10518,7148,469240,36944,5278,1087640,1618787
9574,5444,1265618,46797,6018,2878469,4213939
7889,5481,207447,51037,5241,323790,603571
9388,6148,401424,34148,4500,413108,870865
6221,4649,834523,33889,4519,1437074,2322986
9425,6241,848825,30093,3241,1392920,2292783
9629,6815,246256,39074,4185,1479734,1787805
7759,5685,983135,37722,5333,1504500,2546134
6666,4796,123583,39074,4333,322063,503312
24240,4667,467867,38185,4037,1552528,2095228
9166,5833,210354,40741,5370,1412766,1687694
9758,5945,300730,47796,4297,1385333,1756434
8926,6055,383551,49723,5185,1372475,1828156
9129,5593,176427,47277,6445,272663,519886
8018,5370,174822,44370,5222,1463576,1703323
4963,4333,285902,34722,5148,1452644,1789898
7111,6018,363112,76037,4148,224514,683033
11629,6444,139617,42333,5945,305417,513367
5685,4667,154289,31500,4852,323004,526220
8166,4926,250518,53796,3575,1337435,1660454
9981,6352,333487,40555,5463,1496003,1895119
6148,4148,366122,46260,4851,382984,812532
9685,6426,122887,78463,3519,339757,563664
8703,5667,211559,43612,5814,259012,536923
6481,4555,302788,45167,4426,1464961,1831156
7777,5333,431220,50593,5907,1464491,1967729
9870,6592,155041,74092,5408,273586,526738
6611,4907,190509,42037,5963,286692,538904
8704,5796,263885,48315,4815,314592,648349
10481,6259,353855,41130,5185,292456,711755
9906,6704,123156,44297,6074,313322,505663
7258,6056,147032,44834,5018,1418699,1632120
9981,6445,238464,35352,4519,315365,612127
10574,5852,333359,53611,3611,273378,683052
9870,6759,876812,38926,4518,356182,1295623
9222,6204,496556,40019,5463,400438,960291
8925,5815,206025,41222,5778,1463298,1733916
9610,6130,335605,46556,5222,1368329,1774138
8833,5425,403093,42334,4166,359588,825995
10259,7296,275543,38222,4760,399434,737940
5685,4148,187344,37723,4870,1460571,1703064
4962,4222,282462,53278,3611,1919933,2270912
8962,6278,431579,51186,5444,317194,823662
9074,5963,715937,36241,5278,357204,1132456
5852,4777,149109,37426,5352,306481,511534
11203,6037,236171,40185,5111,292493,593367
10296,6666,370066,42741,5018,351930,788736
5666,4352,414534,45186,6463,1475676,1954303
9037,5648,199280,36815,5426,278920,537793
9370,5740,3940981,61945,3851,1432007,5456413
8055,6500,126831,47463,6259,318777,515830
8037,5870,371929,42166,6556,273419,710126
6555,4630,121211,64408,5981,279601,484516
10315,5740,176607,41018,5445,276205,517368
5963,4241,263890,34981,5148,1371526,1688157
8370,6445,405137,43574,5130,375283,845995
9629,6129,133606,38222,5556,357095,552848
10740,5945,142537,33722,4723,323237,523608
9758,7130,230858,43037,5278,690803,989494
7037,4648,1171088,59778,3796,307199,1556102
5684,4593,417259,77371,3611,1410822,1921470
5889,4148,124412,38000,4408,340547,520516
8019,5333,205715,49240,4963,329430,605534
6888,5018,300444,58055,5074,331960,709662
6203,4611,387690,36223,4981,371380,813755
5518,3666,152677,50259,6315,374894,595459
8278,6037,177460,37037,5019,1450104,1686342
9888,6241,267948,36797,5259,280048,608700
8796,6037,428510,37185,5463,287504,775551
6240,4167,171756,33314,4778,1882084,2105154
4536,4037,162244,36333,4111,1503395,1717083
10555,6574,232249,41074,4611,1428704,1726508
8926,5944,360774,67037,3352,1319068,1768879
12184,6593,976226,40481,5315,1315853,2358727
8092,6222,131230,47685,6408,406341,608034
6166,4389,244699,38296,4352,1429458,1730194
8407,5407,302927,38056,5166,1403767,1766230
11444,6592,380378,38111,4815,1796202,2239727
9796,6889,142142,47926,4444,316522,530256
7259,4518,175870,67649,3629,318756,580200
8296,5629,276451,41130,4574,1459502,1798027
6036,3926,366031,37074,4741,329854,749829
10055,6833,2793579,45945,6111,372402,3237314
5055,4759,312915,61519,3944,345433,736070
10703,7241,234714,42297,4166,1433442,1735619
7555,4445,371183,68852,3593,1353176,1810934
5795,4334,1198117,38797,5481,1485978,2741132
25055,4852,101306,37074,5037,346043,521497
8148,5537,204294,59481,3667,1418641,1701935
6611,4592,299522,36963,4796,362234,716811
9888,6926,377010,45944,6130,1494665,1942915
6259,4352,154255,38111,3926,295075,504441
10185,6481,172354,110797,3444,1332933,1638713
7148,4352,268545,49260,4851,265507,601997
9574,6981,355089,47963,6315,1385901,1814638
9092,5703,126502,36740,5241,392533,578459
10073,7093,142025,40760,4648,308564,515978
6111,4759,242513,56574,3612,1367347,1683379
9722,6296,319853,34056,4277,1442934,1819694
7610,5204,1191509,38500,5167,315463,1565602
10481,6240,122735,45481,5704,395707,588589
10351,6352,205851,41574,5130,1345917,1617194
5833,4611,402024,39852,6260,293249,754311
8593,6240,379253,36407,5056,2068011,2506819
5388,4778,121943,39722,5000,336647,516182
7148,4833,178079,51778,3666,387455,635571
6203,4222,272103,37019,5148,1368443,1695249
6888,5130,355535,38685,5593,2123931,2537800
5018,4667,131522,48926,6055,317401,515775
6592,4093,144194,42223,5092,344654,549664
4722,4055,238238,37185,4649,401258,692904
4592,3926,324818,41926,5222,356511,739625
10425,7444,412824,36612,5259,264746,740014
9796,5444,123885,49296,6334,394685,592348
8648,6259,203965,42148,5444,329402,599737
10389,7018,291582,54260,4944,1388723,1759546
6648,5019,380699,42296,6593,272333,716404
6425,5037,138908,46445,4759,311015,515256
7703,5204,186118,43074,5944,1508169,1758249
8814,5889,278420,92501,3685,1439087,1830230
5685,4667,1430447,32371,4185,1612238,3091853
16981,4297,306266,43611,4056,254637,631830
9888,6556,144252,37501,4185,456114,661218
7925,5278,448352,50537,5833,1454470,1975173
7833,5148,354617,65445,3370,1459835,1899786
10092,5870,418419,30019,4259,235188,706718
7444,5408,127702,55481,5537,317388,520868
9221,6315,198727,37481,5222,344493,603107
5926,4759,345436,43889,6463,296948,706255
5258,5074,382109,45019,5982,256535,701736
4630,5092,154151,33297,5370,284383,488738
9611,6037,170287,37259,4389,1436759,1666731
8055,5278,268163,54186,3703,1401086,1743305
6092,5111,363854,43649,5555,1417598,1844433
8407,5907,124453,42185,4241,343452,530368
7925,5556,141070,69074,3574,268705,498664
8407,5556,693854,34000,4926,415065,1164549
6759,4815,323174,46908,4963,284821,673311
4407,4111,120439,41000,6148,310929,489923
7147,5167,124927,37240,5389,291849,474775
4555,4204,208080,45575,6296,339453,610885
7037,5777,302180,42648,4500,1440718,1805119
5240,4667,393500,45352,4796,229755,685348
9833,6222,184117,29759,4815,270806,507478
6333,5315,181104,44741,4741,1490700,1736620
8685,5426,281110,45019,5074,1370435,1718639
8962,6056,352264,51352,4667,258176,683885
6444,4537,135381,42963,5130,343319,539590
5500,4407,145498,31741,4815,320851,514516
7388,5778,239004,50741,5166,277271,587145
9611,6055,391936,37852,4556,327652,780458
5685,5037,411053,66852,3759,210258,705329
7703,5408,133632,38630,4315,315679,507645
6963,4852,198397,45167,6111,1385352,1648991
6852,5685,311293,40351,5926,317778,689904
5407,4685,401484,48148,4704,304604,771421
6925,4778,138582,47037,6037,309100,514608
7407,5185,179162,42907,4667,1374662,1616176
6055,5259,268520,44555,4963,571401,902976
5462,4426,362711,40926,4352,316377,736347
5944,4759,125791,46518,6371,298317,489812
11573,6222,133890,44444,5426,322034,525645
6962,4574,231414,39852,5222,236046,526348
5278,4629,322642,44722,5500,290317,675144
6630,4796,410741,40981,5241,1365526,1836101
6926,5185,128153,43334,4148,332547,522442
5426,4629,204049,41315,4740,1428072,1691602
10426,6185,297369,49444,4260,299775,669941
7129,4852,391820,54944,3889,230825,695422
6444,4148,142066,82481,3500,251691,493293
6925,5093,169664,36389,4611,1402253,1627139
5277,4667,264115,44370,5519,1400319,1726323
8055,4945,225657,54612,3611,1439536,1738379
6592,5722,138682,43852,4445,315278,517386
6685,5056,182891,50185,6149,1444395,1698157
6092,4537,271916,69685,3407,1471666,1829859
6333,5167,330422,33018,5074,394759,778329
11092,5982,415465,45037,5426,1358821,1843860
7870,5556,127637,38611,4722,335490,521682
7407,5185,211958,34185,4481,1461551,1727601
6610,5519,681928,56796,4019,265159,1022086
9944,5630,455433,36241,5352,290821,805422
6537,4796,181309,35630,5185,360225,595886
6555,4481,185408,34778,4444,1524249,1762119
8036,5093,260173,39944,4463,263565,583052
5407,5148,428457,36722,4148,289946,771866
9574,6111,134981,38222,4204,329683,524905
45759,3907,116820,36463,4130,324232,534719
9536,6093,233029,54482,5611,227245,538089
7130,4481,397295,80074,3686,290181,785514
5722,4481,424320,36907,4204,1445540,1922859
6759,5871,126269,43296,4278,355691,545034
6925,4630,201034,47297,6444,1373160,1642398
6185,5056,343040,44000,6185,1432320,1838990
7500,4703,389065,40482,5056,332874,782625
5684,4574,127071,43815,5500,320686,509126
9815,6166,163373,35111,5074,1455025,1677417
5000,4648,268490,42777,6037,1352908,1682676
7574,5574,348589,40907,5167,1442641,1852360
4981,5222,136760,41167,6315,306662,503386
5648,5111,142822,45408,5925,1506520,1713231
5684,5019,1524016,42426,5704,1494207,3079797
4778,5370,229020,47018,6130,1617432,1912360
8073,5593,473414,44223,5685,331895,871643
6130,5092,124216,63056,5481,305892,512516
6018,4907,206259,40500,6000,1451194,1717564
6018,4852,117024,36759,5371,322455,494923
9999,6334,386511,42241,5074,314058,767681
7944,5389,130554,72241,3222,260443,481923
6166,5611,180338,43815,5759,1510838,1754268
5277,4963,261104,45185,4518,298708,621793
10463,6333,407091,46148,4445,278960,755366
8722,5981,392967,68741,4278,1678631,2161099
7000,5092,148861,46167,6000,1473333,1688157
4851,4686,275997,38741,5500,1408289,1740786
6833,5389,324836,43815,5630,1411245,1800341
5518,4834,941214,45555,5778,281853,1288419
10981,5963,123459,42019,5240,336353,525868
7073,5260,198909,45408,5333,229995,494793
7518,5130,329249,94389,3463,1421907,1863471
6166,5500,376718,40760,4833,1434067,1869897
5777,4111,143723,41686,5074,318033,521163
7944,5426,170637,41055,4704,1460983,1692602
8295,6000,255995,46667,6185,1412088,1736989
6240,4926,349908,39611,5241,1328471,1736916
11073,6204,573062,40760,5944,325136,964253
7092,5167,140456,43223,5944,389318,594089
8259,5592,229111,52111,5722,274498,577237
6685,5500,318079,42167,5370,1336800,1718249
10018,5834,647290,38944,5315,1528753,2238562
6185,5111,128887,41259,5185,340869,530349
7907,5074,197560,37574,5130,351455,607386
7573,4926,293918,45407,6315,1543220,1903248
8314,4537,374350,38260,5259,385256,817829
9703,6296,168670,40815,5963,327049,560959
7962,5037,167639,45630,5796,1466963,1701157
6796,5056,263682,43778,5426,1345808,1673380
5296,5315,349577,36629,5667,338419,743736
5777,4815,124286,45518,6278,307193,496756
7314,5037,136588,37278,5204,312260,507237
6203,4463,615502,36556,5389,321732,991994
7314,4982,321341,46648,4630,1488870,1876693
6092,4426,409977,49463,6333,1380216,1859137
6092,4500,122667,50426,6130,328200,520367
10944,6370,202692,56278,3815,1336354,1618454
9592,4982,294235,42537,4796,1454681,1813730
7166,5760,1153835,43204,6204,446655,1666935
8962,5945,114431,80649,3648,384306,600441
8889,5981,271142,46092,4704,362873,701811
8000,5093,263091,51834,5981,220868,557664
5870,3944,408487,49889,4945,306712,781996
9073,5963,128066,35186,5222,292746,478404
5962,4352,143831,46426,5834,1400214,1609583
9055,5241,231430,36204,4703,1426357,1715860
7092,4870,318492,70648,3926,217375,624829
9611,6685,405683,41834,5296,1451287,1922434
6944,4574,118910,34945,5222,338920,511608
8722,5574,196564,56352,6611,1412630,1689212
7092,5055,288552,108630,3871,1374067,1789415
7055,4629,894356,55000,4019,300878,1268678
7499,5371,3440775,43370,5574,1505363,5010767
6462,5500,295364,34723,5148,1514477,1864304
4889,4648,118231,40111,5148,337637,513497
5074,4611,369582,44370,5926,1398389,1829694
10074,6444,123124,36574,5149,304891,488923
7092,5055,139130,41000,4778,292719,492589
6722,5093,224765,37019,5407,1446984,1728842
5759,5518,334679,38871,4463,377946,770033
6148,4963,405870,46834,6555,1457637,1930248
10352,5833,121320,39315,4463,313029,496386
6222,4870,198326,42834,4018,1404535,1664343
8332,5500,288833,38074,6444,2313616,2662855
17499,4093,280486,41148,5019,2008204,2358542
7203,4926,121992,42463,6370,330487,516238
6573,4630,467702,48259,6186,1303231,1838471
6055,4833,297245,43482,5111,316751,675237
6555,5037,392510,43648,5445,318892,773773
7721,4704,141552,41223,6111,1453790,1657860
5111,4240,429041,39889,5722,1828428,2315061
5463,4777,228713,37296,6297,1383333,1669546
10147,6019,1197239,41593,4926,334048,1596824
8556,4666,417336,51852,4167,268863,757700
9240,6185,1025491,36075,5518,382871,1467695
7629,5463,201532,43148,5982,1498587,1765045
5740,4352,303112,40982,5574,374772,737403
7240,4593,375692,38556,4500,1444056,1877526
5037,4278,151827,80056,3185,300521,547164
7648,5407,166315,77260,3963,1463860,1726546
9777,6315,251728,39722,4778,1360503,1676212
7647,4908,381049,36815,4482,312909,750644
5314,4389,130110,41889,4334,281646,470719
5759,4833,144838,35315,5704,304807,504330
9425,6074,231159,48889,6112,1465071,1769452
5500,4000,324036,41666,4741,1530787,1912712
9073,6222,400524,59333,6222,284287,767384
8259,5778,125250,71223,3352,286894,503016
7889,5518,200665,57555,5482,312832,591664
7500,5203,288226,36093,5074,1406875,1751749
7555,5518,374195,40963,4500,1396591,1832786
7815,5296,138867,43611,5833,1500068,1704342
5926,4500,170224,79537,3982,1450987,1717953
9777,5815,256972,70407,3204,1335000,1683342
5148,4907,346682,79685,3352,256351,697867
9073,6222,129817,38852,5111,322699,513441
4889,4796,139248,43889,6204,1443427,1645157
5203,4871,244995,58444,4685,306743,626682
4499,4315,326390,39037,4185,1350989,1732008
4833,4685,137303,36796,5037,383676,574145
4962,3982,1091959,48259,6148,315996,1474065
10259,6278,189296,31444,5852,1503490,1749101
9629,6370,283006,54426,3834,1440724,1800638
7814,5371,417104,46186,4463,1285422,1768471
8314,5185,525593,36944,4834,357309,940291
9351,6055,168616,43223,6185,283751,519885
6481,4778,271196,44944,4982,2004309,2339264
7684,4445,388110,45166,6019,309293,763421
8055,5481,139689,36908,5370,316104,513904
8222,4833,133806,45926,6297,1485258,1687176
5500,4389,233312,107426,3759,1343456,1700639
7111,5185,318948,42593,6166,354715,736885
9999,6500,480639,42130,5296,283616,830976
8166,5037,121997,55629,3574,320390,517590
5370,4630,206687,52297,5314,1513784,1790027
7203,5500,283434,48056,4870,328192,678885
6037,4852,382347,59667,3778,1449771,1908119
10518,5963,125668,37426,4833,334829,521423
5944,4944,174304,44314,5463,1458113,1694731
5907,4593,255994,37371,5203,1419051,1730249
7537,5203,345501,42352,5093,1494025,1902489
6870,5056,124487,46278,6315,337009,527738
5889,4407,137105,72796,3926,269170,496201
5240,3963,238722,33407,5537,1441917,1731582
7388,5037,388210,40482,4963,264878,713181
7222,4333,416086,45241,6222,1470755,1952655
4888,4167,156128,43000,5445,294313,510645
6666,4778,212153,74592,5871,1334245,1641083
7092,5759,295289,33963,5074,1490238,1839286
10647,5963,400628,47796,6149,303589,776477
5758,4852,151874,42537,4260,283086,495349
5352,4351,169658,47556,4870,271673,506220
7889,5148,263312,44370,5611,1486882,1815971
6536,4297,124224,43463,5000,381661,566904
4815,4092,131675,41463,5593,305396,496090
7240,5018,136274,37537,5093,318205,511108
10110,6260,225872,35945,4611,1428932,1713416
8259,5315,322878,44797,5500,360617,749718
6703,4852,409532,56908,3666,1828732,2312394
5870,4426,120779,46463,6370,363978,550756
7147,4963,209026,42185,5852,1397539,1669397
7147,4704,253531,43963,5371,1435088,1752323
5481,4334,760408,36982,5259,1481208,2295876
4518,3926,166450,36352,5408,287861,506756
7463,4796,165178,42852,5297,268837,496571
5741,4240,266481,37445,5037,1402491,1724398
4406,4075,400079,86167,3593,302971,804106
8444,5556,122733,42741,5629,329894,517238
6555,4815,136332,35018,4667,329406,519794
6740,4371,237578,44185,5741,298270,599700
4555,4240,352085,42741,5037,320152,731662
6037,4241,405646,83778,3722,1461713,1967378
9888,6426,121781,37852,4926,380678,563644
8592,5240,198288,55074,3537,1474999,1748527
4814,4000,285052,56797,6481,232574,592867
10018,6241,375818,42852,4926,233122,674774
6796,5111,126767,38982,5037,327563,512979
6074,4278,178866,44241,5555,351464,592238
5240,4741,260094,46982,6315,1431395,1757009
5240,4537,359415,36945,5370,326118,739588
5184,5111,136699,37074,5259,321132,513274
6055,4037,135556,39408,4741,340496,532127
9573,6371,218673,35519,5259,1488742,1766897
8074,5574,314772,40574,5148,1324978,1701324
6536,5167,398759,30982,4963,1390804,1840008
8888,5704,204950,36963,5260,257250,521738
6036,4945,209141,42370,4334,1403960,1672620
5425,4741,658833,37241,4907,1290378,2003747
9907,6500,373838,36371,5148,311157,744699
8222,5722,150659,37593,5129,286820,497034
5296,4500,206702,51259,5204,1322492,1597602
5388,5000,283060,38500,5500,1396819,1737138
8166,5463,346325,43593,5500,294967,706163
10555,5908,424849,48741,6574,1519472,2018952
5907,5352,132670,37611,5259,308939,498423
7166,5130,224416,40204,6204,1387166,1673009
5777,4759,369330,36649,5333,324443,747995
11240,6241,395114,36370,4741,257567,713385
8259,5945,153933,43982,6037,1410927,1631824
6481,4722,193162,38222,5185,1454662,1704175
7148,5741,288131,40333,5612,1392192,1741916
8537,5500,376526,110148,3797,1340889,1847638
5148,4278,153735,78130,3537,291502,538423
7592,5185,163130,38500,4704,1416731,1638046
6370,4778,256358,47611,6500,1418521,1742213
13778,6111,364772,42537,5074,359260,794829
5518,5259,127389,34611,4870,362498,543275
48481,4333,123117,43278,5092,322362,548756
6333,5018,222789,67167,3611,285689,592681
10444,5926,314369,37130,5000,1472435,1847415
5259,4389,407468,44815,5926,270490,740477
9647,6093,130047,59908,3685,344005,555441
6703,4685,190887,39889,4889,1431455,1681342
5203,4371,281430,76555,3593,192845,566201
8907,4778,368158,55371,6074,223393,668774
4944,4722,138997,39741,5796,1444605,1640843
10167,6277,156966,53463,6537,278791,514183
5666,4834,262083,58907,5796,1380185,1719546
9518,6092,347497,45796,6296,305444,722903
10036,7148,462614,43537,5259,407696,938346
5167,4722,150248,40019,5185,1507927,1715287
10000,5907,221495,78982,3278,1829955,2151581
9258,6278,313964,50852,6093,272458,660977
9518,6148,402748,45408,4500,260414,730811
7592,5408,120327,53037,5759,317966,512886
8203,5167,196185,41463,5648,271830,530460
5759,4129,282599,45241,5778,1416113,1762305
6499,4408,377475,111259,3778,1422421,1928026
7703,5018,129777,43019,6074,323609,517312
6574,4629,168691,37833,5278,295751,521571
5814,4556,249863,41185,5963,1484978,1794564
10037,6074,335332,43500,5741,1492972,1895730
7166,5611,141819,32648,4778,1514412,1708620
10000,5777,134640,40074,5111,324265,522479
7222,5092,228294,38889,5741,1374844,1662176
6999,4833,315467,37833,4852,328474,700551
7000,4722,407306,41704,6333,1436887,1906749
6722,4611,124552,39241,5556,338167,521534
6184,4537,194114,46852,5796,249995,509478
6814,5611,282305,44630,5500,1492777,1839434
5092,4278,377459,36611,5074,335148,765366
5518,3963,145964,47074,4982,327217,536867
7333,5296,179007,40741,5056,1394705,1633898
10018,5963,254013,44111,4334,219076,539608
7092,4889,344223,38852,5074,1404229,1806360
7926,4759,128117,45852,5648,300398,495664
6018,4629,132957,86426,3796,1426238,1662416
5129,4500,233981,42741,5870,319627,614515
5888,4260,310117,40352,5351,282843,650626
9777,6055,398401,36408,5074,299298,756625
5148,3907,181444,36796,4889,278183,513016
7537,5259,190561,35796,5333,1462338,1708620
8703,5815,277251,39074,4778,1504368,1841730
5852,4463,378461,51500,4426,235035,681534
4796,4074,128411,44018,6111,304438,493515
9166,5981,157251,42074,5629,259266,481534
8388,6371,250182,43852,5111,1404826,1721379
5574,4166,348892,44334,6130,1537466,1949026
8092,5722,366269,37296,5889,332375,759181
7833,5277,136663,44889,5463,1406754,1608972
8555,5629,256373,72537,6908,1426191,1778767
8684,5278,429638,41260,6129,254617,747699
6593,5055,399459,34407,6130,1400049,1854008
6851,4778,533928,37593,5259,331789,922198
6203,4741,199877,43760,5796,331767,594607
6425,4667,334717,34963,5130,337223,725255
10000,6222,363704,54315,5982,1417525,1859897
8999,5982,156321,39944,6130,340120,559663
7981,5685,158845,46575,5907,1450293,1678583
6907,4556,269592,42741,4889,1397009,1727416
5258,4667,389191,47185,5556,312212,765736
9369,6186,121548,40555,5186,321504,506460
7462,5334,129535,40334,4925,326684,516312
9295,5463,222708,36260,4074,1509244,1788860
9074,6222,304122,45074,4444,299449,670108
8332,5741,448702,68185,3112,299089,834810
6018,4240,121948,44167,5926,374752,559922
5333,4111,197658,38889,5537,311042,565312
7018,5407,277960,42241,6500,1420159,1763175
10000,5889,384910,44963,5963,285123,738885
8444,5111,150490,39926,4426,319988,531330
6555,4648,176515,45611,5407,1478032,1719527
6648,4981,253743,35241,5222,1355636,1663602
5277,4945,338675,41889,5240,299322,698200
6722,4629,427014,84797,4370,1388105,1918267
7055,4667,134778,41204,5241,1494563,1690305
6758,5371,219618,47740,4982,353249,639440
10203,6093,301605,44593,6241,263705,635144
7444,4926,451668,38055,5241,304069,815070
6574,4333,120913,42778,5333,358769,541515
7130,5203,228549,46408,6166,314670,609886
6370,5000,291110,36204,5260,1274176,1619824
4832,4297,369801,47741,6945,1403373,1839730
7314,5463,152159,40722,5093,319097,531589
9388,6334,152387,36130,5166,289832,501442
7536,5130,247356,48833,6315,1323227,1640490
6889,4926,1499254,40740,6075,1492395,3053298
6573,4852,672796,39592,5204,1518895,2250579
5758,4852,135559,37296,4926,284476,475626
6574,4704,605954,47482,6333,1518181,2191043
4722,4352,429256,32333,5130,278813,757385
5018,3870,409725,56815,3778,213956,696125
4499,4074,131694,77852,3555,355785,579219
6018,4018,197459,48555,5686,1346087,1610583
4629,4000,283798,37556,4778,1378562,1716379
5258,4500,396156,44815,4371,1558110,2016118
4722,4037,170902,40797,6240,280206,508646
7907,4852,158630,36111,4907,292997,508219
8129,5463,248100,71555,3389,1438631,1777934
6055,4222,348902,37315,4778,313094,717255
4703,4092,128352,44019,6296,321182,511367
10592,6463,124227,46112,4703,322436,516256
4666,3944,228771,46537,6445,263318,555867
9888,5889,304648,37926,5277,1422639,1788360
9907,6592,397987,39222,4815,1367762,1828693
7315,6074,158973,42889,4296,369579,591201
5685,4778,209905,37463,5148,1446585,1711842
10777,5815,276523,54278,4370,314010,667848
5741,4426,380843,37519,4185,1457905,1892767
7555,5185,127997,48963,4315,427759,623718
4963,3833,162021,39093,6093,362567,580719
9518,5907,249490,48723,4444,1397852,1718008
7796,5278,340144,45834,6481,324222,732607
6296,4963,118483,42778,5593,329032,509256
9685,5981,123804,42112,6111,328896,518645
10111,6055,566700,78797,3574,1600139,2268228
8499,5815,374798,40759,4352,264069,700440
7277,4926,397192,35575,4759,354247,806736
8037,4722,129476,46351,4593,317225,512090
6092,4278,757002,37518,5093,300362,1113068
7703,5204,274210,40759,5371,337712,673496
5425,4167,1212125,32204,4889,279495,1540546
7759,5389,136907,76352,3611,300571,533590
6129,4204,757062,42055,5408,315709,1132345
9740,6556,241104,46944,6352,1486571,1799230
9166,5445,331776,42019,5148,1581175,1976470
7110,5185,1113396,50296,3741,1499793,2682225
9703,5945,130695,56463,4111,425209,633830
5925,4981,223443,36240,4834,1327678,1605305
8073,5519,305763,49815,6500,1494226,1872619
6185,4889,390417,42871,5203,1428869,1881249
7999,4852,125811,38612,5555,342223,528904
7758,5463,185318,35852,5222,1424303,1665990
10648,6056,274656,108334,3778,1302426,1707916
6703,5148,364886,35963,4851,433184,853384
6499,4148,124002,54278,3500,339829,533904
6425,4389,157322,47019,6463,1475464,1698842
6221,4649,254143,42333,4778,309594,623496
9647,7426,336502,46870,4278,342568,749310
9741,5537,1216379,38241,4778,1377531,2653929
7352,5333,139124,44666,4500,296374,500016
6907,5074,223685,45481,5500,1452583,1741990
8240,5759,388970,40815,6333,1490760,1942674
8740,5259,395957,57759,3871,244428,718384
7555,5537,154647,41759,4796,332572,549570
7481,4407,186616,42538,5407,1425985,1674546
6462,5463,272345,49185,5259,241597,583089
6499,4852,366110,38759,4778,1428398,1852100
6240,5037,310449,41926,5315,294936,666681
7425,5093,519103,44519,6148,388280,973216
6055,4574,268257,36445,5055,1423122,1746323
10370,6093,385133,36056,5092,345603,791181
7573,5500,123065,44537,5926,324414,514849
16406,4019,128922,43926,5500,1509976,1711582
6018,4500,217854,40463,5241,1345211,1622139
8148,4963,2378587,34371,4092,310064,2742966
46463,3500,356811,47370,6352,304111,767422
6352,4370,133131,42333,5075,324403,517368
5703,4037,191767,46685,4759,260897,516701
7462,4926,279347,55630,3741,1466587,1820378
9611,6222,365779,45352,6000,1467821,1903545
10351,6204,127265,36889,4074,324491,512034
6222,4963,158086,80575,3611,305021,561238
8833,5481,255333,47538,4370,1431582,1755730
7129,5648,344284,45481,5556,253397,663736
9852,6352,372493,37741,5315,408890,842699
8574,5537,128777,44351,6278,1488029,1683694
7351,5315,215671,39926,4611,1447393,1722397
8555,5482,312122,38222,5148,1494441,1866823
6685,4500,400961,108223,3407,281182,806718
6574,5018,121356,41778,4722,337975,520238
8703,5463,190954,36259,4167,256024,503812
9740,6037,282738,40723,6259,1453696,1802082
8018,5240,366874,45408,4981,245845,678551
8796,6056,129934,39334,5185,304137,495590
8036,5074,161978,48889,6148,1394661,1626953
9796,6352,239946,40686,5333,288420,592756
9314,6592,326249,35463,5149,327895,713403
7463,5444,421292,81482,3833,1464271,1985933
10407,5907,125872,45426,5481,342774,538034
8389,5833,213785,37241,4963,1360224,1632528
8147,4871,304105,43945,6630,332371,702884
6388,4463,394482,58519,3852,1440599,1911822
9592,6203,125099,42222,5426,338806,530015
6852,4648,182789,48630,5167,1518255,1768527
7129,4870,272944,50019,5204,235849,578756
5759,5055,361747,37111,5259,272528,689755
10610,6111,131160,43389,4111,1888125,2085562
7629,5167,160350,51371,5204,269128,500997
6684,5278,250079,55278,6074,1450355,1775564
5500,5093,336732,48982,4704,277911,681071
9518,5222,1191204,53463,3759,1461892,2727947
5999,5685,131837,35852,4648,328494,514441
6147,4871,226991,46759,5611,1418722,1712694
7444,5518,300460,57297,3500,1436659,1813063
10943,6408,392096,53426,3389,226585,694718
6611,5167,158175,87167,3648,288284,551294
8925,6093,180014,43130,6204,1461772,1708805
6537,5111,283058,41500,4703,248495,591238
10166,5870,431342,45111,4500,284710,783884
8536,5556,227606,41037,6259,1476773,1768582
8463,5259,165797,35611,4556,1456508,1678768
5722,4815,252507,57074,3685,226101,552034
10352,5611,399846,74204,3296,323557,819755
7166,5241,464834,53593,6167,412067,951532
7314,5259,130432,45518,6149,324546,521293
10629,6740,218383,78611,3463,1397441,1718082
7499,5334,312740,36333,6278,308960,679255
6092,4871,398820,37074,5685,1440854,1895971
7481,4926,124751,54427,3703,1508776,1706157
6833,5018,183813,36445,4352,398979,638033
11055,6574,278838,51018,5834,1430392,1786267
6926,5685,411140,40278,5130,491483,963476
8851,5797,139608,42537,6148,311500,516738
4870,4074,156207,30555,4834,1479728,1683657
10241,6166,251306,52111,3685,213692,539312
7463,5111,879831,38000,4593,345976,1282882
6370,5463,118114,45240,5649,307920,491312
10555,7148,125934,79556,3296,393322,622145
10574,5963,213606,41723,4500,316389,594811
5074,4685,324909,36333,5186,297586,675866
4777,4130,393063,35463,5111,2031886,2476615
6241,5277,173606,81334,4500,1448477,1721509
5796,4741,187074,45741,6222,1371342,1623083
5926,4889,274932,37741,4482,339989,671348
7407,5093,419753,47593,4500,317501,803996
6536,4945,142296,42889,4518,320831,524441
60518,4777,161599,34352,4592,298658,566737
6370,4722,243937,43612,5481,1493145,1799545
9851,6167,327870,58351,5926,275275,685626
9610,6963,421283,43111,5760,1448594,1937785
7092,4407,171937,48148,5704,1452979,1692601
6240,5037,217276,42389,5148,1390752,1668953
10370,6648,325486,55500,3611,346695,751033
8074,5315,394880,37334,4889,1402423,1855749
6092,4574,125330,42297,5426,288463,474794
8741,5648,178169,39389,4834,1401580,1640806
10296,6370,267009,41093,5907,1440055,1773027
8907,5537,355627,31833,4685,416480,825866
6444,5185,125039,41686,5315,377994,564460
4925,4593,171193,32889,4981,369767,590941
10777,7148,239977,80241,3685,356964,700570
5314,4907,412854,41704,5352,287271,759551
11166,6389,449490,37426,4148,1411777,1922452
9092,6093,131661,36982,4611,430242,620793
8981,6630,207130,75518,3871,297366,601756
9352,6685,331488,41944,5463,358360,755478
8777,5148,404920,76278,3778,329446,830828
5055,4240,134352,38537,4907,360757,551145
6240,5352,181987,42240,5204,1431763,1675657
5110,4037,281104,37538,4926,2000771,2335764
10518,5981,356240,44981,6130,1390935,1816878
9833,6278,123504,31723,5074,367029,545886
5352,4296,155584,41019,4666,1397462,1610472
5796,4778,249164,37075,5240,1447270,1751564
5389,3815,335800,35815,5315,379695,769218
4592,4166,495918,41926,4926,426188,979901
9092,5759,167960,89037,3871,309481,587959
8481,5592,210781,80315,3814,214680,526367
12333,6130,297101,36963,5296,1394185,1754712
5296,4592,394089,34537,5149,386961,833069
8407,5185,162632,78741,3722,469846,731533
8351,5556,186304,55259,3445,242767,503886
6555,4796,286458,36649,4370,750554,1091290
5926,4370,422668,42074,5278,259254,741663
4722,3981,147433,35129,5111,717729,917124
6555,5630,149105,45926,6666,374244,591608
7722,5018,243611,35204,5019,1462100,1760823
5296,4352,336710,42000,4259,282416,677163
5499,5074,418828,87611,3963,1491068,2014284
5722,4555,124240,40260,5037,1399825,1581658
53907,4741,1637897,53778,3797,1521176,3277352
23074,4389,399902,39223,5537,1411327,1885637
5537,4296,389591,41889,4315,241257,689144
9425,5723,129726,48926,6167,324029,526071
11815,6629,172788,40982,5111,1455906,1695472
10518,6759,267553,78760,3778,1429880,1800434
9851,6407,354949,36185,4944,1455152,1869544
7907,4722,141917,78389,3518,358488,597441
5907,4000,162644,41926,5815,1501753,1724731
7518,5370,236317,41482,5204,215883,513960
8944,5500,337712,34630,5166,360691,754866
10630,7000,409551,47871,6407,1367179,1851268
7259,4352,130871,41408,5389,318162,509534
5629,4592,213397,35148,5129,1435983,1701971
9981,6296,321513,73260,3722,263464,680736
6629,4741,394853,43241,5278,287753,745329
10167,6018,178747,38926,5037,300565,542238
5278,4222,191697,36334,4778,1457829,1702509
10647,6482,291981,38593,5500,1419249,1774989
7703,5463,356172,37852,5111,1462354,1877100
5944,4018,124567,41426,4222,288949,471201
8907,5574,691093,46315,5278,1431542,2191062
8444,5722,238764,37833,5408,1480207,1778434
10203,6611,327752,42889,4926,1423811,1818471
5814,4889,423702,61556,6426,1411009,1916729
6796,4871,133559,42296,5982,291215,486757
5906,4723,222176,48074,5741,1394740,1683842
5721,4963,307516,53241,6019,303072,683292
11147,6019,394022,39963,4981,307826,766088
9241,6407,163157,35333,4500,265100,485812
6981,5092,180737,56148,3371,1490753,1745119
9907,6370,275984,39945,5388,1413432,1753082
11055,8963,362656,43908,4444,367154,800903
7740,5426,128051,45944,6000,361076,556941
10166,7037,143612,40186,6481,314477,524682
11740,6482,232118,47519,5537,299063,605070
9740,5297,329161,67574,5297,1373402,1792601
10036,6667,1242521,39964,4796,292247,1598583
8796,5685,121432,37278,4908,320861,501572
7703,5463,209512,41019,4722,1414793,1685397
7666,5185,333907,74575,3629,303737,730829
9870,6926,381339,48889,6352,1375280,1830805
5703,4407,123530,45444,6112,300708,488293
6796,4815,184128,47259,5852,1433899,1685324
11258,6445,275708,45908,5685,1410744,1758434
7129,4685,445382,38389,5963,296706,800458
7055,4871,148720,41759,3685,313703,523479
5833,4426,158170,38186,4611,1474394,1687657
9703,5592,246677,55129,5926,1496832,1822859
6907,5241,331794,44240,5575,340461,736441
8981,5834,416466,40685,5130,1453189,1937693
5981,4852,128860,38982,5407,347230,533405
11018,6074,206515,46203,6111,1416421,1694675
6426,5055,121706,52259,5611,320181,513609
11555,6686,378397,55889,6352,228654,690182
9481,6704,643033,48426,5741,1358325,2074507
9648,5741,183167,45241,4963,225626,477146
9056,5722,141729,43796,4908,379008,587942
5259,4315,376050,44296,5408,346149,784607
8685,5888,127389,41056,5278,386404,577737
11574,6611,146821,35537,4981,437472,645571
9370,6741,240271,50241,6185,432502,747236
8944,5833,334444,37186,5481,320163,715052
8184,6297,414728,39222,7000,1463391,1941211
10981,6166,125659,42871,4870,347505,540941
8574,5889,208739,38648,4259,1404029,1672676
9592,6574,290023,39389,5092,342714,695847
8666,6426,380918,45074,6463,310466,760495
7426,4833,182683,43815,5351,260222,506442
4869,4426,179485,53574,5945,328345,579570
10610,6167,263472,40834,4944,1383833,1712342
5129,4241,364330,40371,4981,1433196,1854915
11370,5667,144391,35519,5352,334605,539794
10148,6944,149898,44666,5519,1491982,1711713
10111,6426,232125,49945,4870,262279,568182
8666,5407,325502,38334,4796,374031,759625
6055,3944,424508,50315,6148,311525,805106
10259,7130,131291,41907,4945,322243,520590
8740,5537,209927,36815,5666,327811,596867
9592,6537,299025,41982,5759,1488038,1853082
6481,4166,411736,72518,3760,1489068,1990136
4592,3926,163000,42241,4352,397052,617793
10407,6944,170284,37611,5074,549990,782181
6185,4648,168308,37018,4722,266875,490571
8518,5278,354092,34241,4574,320978,730292
6222,4667,125023,48093,6389,321899,514720
8277,5519,146029,40944,5463,1472517,1681823
7407,4870,123998,46093,6185,420832,611793
6777,4334,329856,41241,5259,280806,670404
8555,5870,577363,57167,4185,404798,1060235
5073,4130,144053,78666,3723,1444400,1682805
8925,5852,727505,30222,4685,402359,1181938
10314,6315,348602,42704,4870,319986,735310
7629,5519,438645,47444,4297,297146,803310
6073,4075,170150,81722,3797,258439,527145
9870,6648,177156,53019,5555,278063,533015
6537,4278,270699,73648,3297,346629,707811
8203,5704,413539,37296,5056,308068,779940
9648,6796,139266,41278,5278,319731,524423
9592,6074,143606,43037,6444,319577,530367
9407,5963,237723,45185,5852,1487730,1793971
6777,4852,348488,41519,4852,1496834,1905822
5907,4778,427235,53352,3778,1451642,1949396
9037,6111,125018,42370,5019,409386,599219
11277,6463,210579,38241,4574,1457040,1730156
9407,6407,296938,45852,5630,1404478,1770953
6499,4852,384518,38407,5352,1369379,1811915
9055,5963,172412,34333,5352,309492,539237
7110,4352,178362,57519,5815,1470961,1726712
4740,4223,272590,37315,4908,1477158,1803582
10240,7074,353319,46630,6407,1447004,1873397
9425,6093,125547,42555,5426,349395,540978
6295,4167,147312,39352,4944,1490864,1695694
4629,3963,240929,36167,5666,1447487,1741249
9851,6500,337120,46241,6260,381375,789421
4870,4074,417737,35389,4797,1381974,1851249
9000,5277,130021,41463,5407,354754,548701
5036,4222,684694,38464,5407,380781,1120623
5963,4204,336514,70574,3704,1384901,1809694
9907,6167,431131,46574,6426,320642,822903
10907,6204,154525,31945,5259,272953,484257
8518,6130,182328,46629,6111,364688,617293
5370,4185,274556,48093,6407,354718,696181
5851,5093,1519880,58166,6149,1408973,3006335
5018,5648,411494,35667,5426,346168,811458
10037,6944,691297,39278,5981,416326,1171790
8611,5703,233820,42982,5907,1449633,1749083
6018,4722,382864,92685,3852,1486477,1979396
9574,5407,409777,47352,6148,1378805,1860563
8870,5833,126356,58296,5167,383715,590663
9926,7055,202992,41296,5482,1381758,1651305
7518,4703,345813,45093,6018,385961,797310
9092,5519,437911,42723,5315,333768,837107
5277,4148,164232,81130,4407,1481999,1743675
10796,6297,170274,55685,5815,272723,524072
10018,6722,269169,38149,5759,274605,606626
12777,6019,360601,42963,4241,1465628,1894711
9111,6259,123699,46075,5185,316834,509571
8907,5759,158261,45297,5759,299958,526497
10352,6870,233100,44519,5352,1449797,1753546
6259,4000,379810,39852,4556,367685,804458
8870,6092,410409,37278,5056,1461395,1932156
6018,4741,160562,43963,5111,380249,603330
5629,4667,205957,46130,4537,266632,536164
11241,6407,291315,47370,4945,1398471,1762175
9148,6500,380747,43222,5815,297804,745940
9018,6297,123919,45314,5241,334356,526831
9018,5778,171054,42223,6314,1455362,1692083
11407,6315,301283,70074,4408,1336892,1732546
8389,5241,372251,82464,3926,408965,883903
8370,5759,153183,39223,5055,339518,553219
9963,6333,150467,39018,4871,1716707,1930119
9833,5815,240917,44871,5574,302931,612015
6703,4852,365553,42222,5352,215628,642533
10685,6611,409096,61223,6592,1409319,1906156
6925,4611,962826,38593,5666,344037,1365251
10722,5963,213052,42315,6389,364000,645182
7666,5389,312021,85241,3981,2010780,2427597
5166,4797,437694,78926,3611,321208,854014
10462,7241,129051,36870,5112,344501,536071
10537,7185,178927,50537,5778,1412063,1668954
9518,6260,271007,55630,5111,266711,616738
8796,5703,354977,53130,5222,260223,690403
8722,5870,124704,44389,6260,343700,535905
8666,5685,151469,50297,5963,260380,484534
10296,6759,246568,40260,5759,349391,661311
5740,6037,334222,40111,5519,1383545,1777675
4537,4000,415154,51630,5722,288063,771829
7851,4889,125549,46074,5352,1507812,1700324
9499,6259,213333,39148,5407,1435492,1711564
9611,6204,307190,41185,4537,1444300,1816638
9444,6870,424030,48592,5148,335947,832069
10092,5963,123183,41500,4333,360870,548904
5981,4574,184485,46278,6240,1431931,1681934
10240,6445,263935,48019,5556,1381424,1717712
5185,4352,354497,38019,5796,414368,824440
10852,5907,130188,41667,5333,338513,535219
5129,4130,154138,48408,5037,354951,573978
9351,6074,229607,45723,6907,1348698,1648805
5703,4686,345150,46796,6297,1506079,1916785
12370,5982,407934,41130,6240,1321945,1798953
5888,5037,139569,45001,6129,387705,591589
8537,5851,205094,42760,5814,327440,597571
7759,5593,288266,41222,5815,325915,676663
9869,5297,992311,33148,5611,385644,1434010
8963,6074,160018,82945,4130,285589,550145
7111,4999,173025,56278,6370,318509,568386
10666,6611,269235,39463,5426,1418774,1752545
7814,5000,366537,43722,5519,1365323,1796545
8833,5814,122357,38815,5019,333103,516645
6851,4852,142826,44778,5500,321319,528960
10184,6371,246961,32908,4851,1378696,1682619
7463,4926,335838,34111,4518,346584,736015
8518,6111,412918,53315,5870,2123104,2612281
8351,6000,121275,58927,5592,362981,565182
10148,7055,195411,53556,5185,1519764,1794083
9166,5722,286640,36611,5333,1385740,1732138
7074,5000,380478,49185,6630,292387,743570
7536,5945,176910,70074,3963,1481728,1748767
8870,6000,174323,51704,6111,278415,527756
10518,5704,260384,35445,5370,330815,651126
10129,6796,357484,44093,5240,322957,749199
9500,6592,120045,35963,5185,345730,525090
7333,4982,141698,56130,6463,283576,502701
11370,6037,230853,45741,5981,1501878,1804823
5333,4666,338767,48481,5574,1399335,1804934
9851,6704,417106,35870,5148,1398976,1876100
9592,6740,127000,33722,4686,351182,535700
9666,6315,201525,47352,6333,235713,509720
5370,5518,314142,44500,5518,337410,715107
9962,6574,378963,41685,5185,242423,687292
5259,4667,146708,45111,5445,395269,605293
11518,6278,175641,44444,5778,1484646,1731009
5111,4240,264295,49574,6574,1377344,1709824
9814,5852,354745,38500,5056,1428429,1845174
9407,6092,129881,44703,5408,341135,538701
9722,5500,145441,43871,5370,1484882,1697509
8629,5741,226410,36223,5185,1389598,1674194
9574,6000,997529,45648,5334,1458845,2525023
8444,5556,405700,36315,6000,1384122,1848193
9648,5444,128613,42686,5240,318736,513090
5166,4463,220971,35463,4500,1370334,1643434
10426,6648,284125,38630,4444,1371439,1719583
4815,5018,383076,49500,5019,2049465,2499727
9111,5315,141692,38611,5408,282675,485257
9888,5926,175513,41056,6148,1399033,1639879
11055,7130,649612,36593,6371,299473,1012846
6351,4537,358303,38574,5463,317396,733218
10148,5963,136938,34741,5074,358966,554478
10055,7186,179018,44148,5926,268831,517571
10759,6741,273395,31926,4981,269898,599849
10648,6722,337753,40778,5518,374262,777774
6555,4166,412907,51685,5778,1474453,1959063
9796,7130,193208,43167,4278,332510,592793
9389,7333,212603,41612,5425,1445350,1724565
5574,4407,339813,92463,3575,1276639,1724935
9666,5500,382301,35889,5426,233918,675533
9814,6019,156898,36871,5370,584671,802644
8907,5982,206571,67333,3648,1422456,1717861
9518,5833,269466,30186,4666,1434672,1756842
11462,5945,350342,52630,6185,1436462,1865526
9592,7000,123144,37037,5575,338241,523256
5814,4389,143095,44629,6223,1514062,1720620
9574,6778,239952,41537,5926,1483538,1790749
9370,5444,321700,47240,5408,264056,655737
7869,5686,415057,45037,6093,1453376,1935525
6277,4463,123729,37815,5556,351027,531515
7721,4908,200383,62167,4092,1379496,1661416
9832,6130,290667,34019,5278,1416989,1765267
7926,5703,425988,45889,4445,295452,788310
7315,4796,140734,44222,5019,363466,568460
4962,4537,181315,40889,5370,1486713,1726231
5018,3870,269005,44112,4296,1802260,2131024
7944,5889,352604,39611,5148,1391571,1806397
9370,6555,134666,36796,3870,401887,595182
10741,7222,139245,47093,6296,1479967,1693028
6648,4741,235102,36630,5037,1378999,1670157
7870,5000,325572,36592,5463,1446214,1828860
9462,5963,539690,51685,3722,428823,1041420
10129,7223,125490,39519,4685,347821,537682
9574,6315,588238,32926,4593,345959,990476
8611,5426,291502,53445,5463,293401,660515
5592,4074,386638,38075,4814,1372481,1814211
4611,3963,183773,40834,5370,255205,496682
5203,4056,171872,40500,6185,1376452,1607324
9018,5963,253934,54204,5370,233693,564700
5074,4296,357940,65704,5944,343852,785236
10110,7019,126723,45685,6278,303589,502015
10444,6611,135340,35871,6055,314269,510997
9684,6945,224401,48000,5889,2287343,2584725
5333,5000,321204,43204,5519,320977,703293
10092,6963,400339,34945,5111,269601,729588
8814,5611,360346,42333,4982,341409,765588
6333,4389,206777,42445,5240,1317881,1585176
7889,5000,285097,40093,6019,1373521,1721287
11037,5778,451734,29351,4500,365465,869977
11036,6000,128221,50555,5945,310702,515126
6722,5037,170207,32778,5093,337307,559552
8704,5926,263584,80389,3593,265486,629812
12684,6167,372609,58926,3833,304942,761625
9259,5185,129910,44519,5815,346049,542775
6166,4481,141954,49389,5074,1498425,1707897
9758,6315,222997,69241,3574,1530733,1845415
7296,4851,322633,110463,3796,1308246,1759916
6555,4315,420342,45055,5074,1397370,1880767
8369,5723,133551,40981,4093,327390,522848
5277,4741,215446,40741,5407,1383971,1657972
8462,5778,293100,62334,3740,290655,666514
9555,5926,386477,89240,3760,346222,843532
6185,4352,178630,29463,4963,332441,558757
10925,7148,170914,45185,5352,378823,621052
9352,6814,292032,67555,3593,476593,857866
7537,4592,395519,43037,6297,301162,760644
8370,5796,124617,44963,6000,303343,495516
7463,5481,568772,53574,3648,341982,983032
5833,4240,231647,108797,3833,218220,574774
10037,5426,537820,45241,6296,399137,1006106
5147,4075,414159,41537,5648,1368589,1841804
9907,5778,127664,79741,3556,377868,607070
10721,7241,199115,41185,4778,1432579,1698564
7296,4555,356936,30519,4833,410374,817014
8277,5759,389239,43518,4186,1421880,1875304
8611,5722,169651,43611,5389,295198,530812
10092,6408,183749,37537,4778,1481963,1726675
9037,5314,267830,102241,3574,1377734,1767823
6240,4463,395299,61463,3204,1438838,1911859
9573,6611,136175,34185,4463,362193,555885
6314,4741,140865,49945,6426,420427,631533
7296,4648,233205,58241,5667,1389710,1700953
9796,6537,311619,56870,5500,1487019,1879675
9999,7185,444810,48426,6241,1360513,1880470
8684,5797,121833,43260,6370,317812,506201
8074,4592,203044,40704,5574,318860,583330
7555,5722,299068,32722,4648,360725,712533
9111,5870,408648,45241,6056,383513,861199
8369,5815,127357,49297,3889,409454,606737
6166,4963,182474,43852,5630,1461682,1707731
4703,4981,259444,47722,6278,301479,627181
11185,6037,340708,44223,5796,1465021,1875545
10647,6778,431511,45352,5315,1492663,1994859
9425,5630,155609,50185,6074,1474900,1704453
7370,5000,225744,39463,5000,333956,620015
10166,6593,122287,44074,5130,340135,531089
8685,5870,401942,37296,5223,1328121,1789934
7426,4870,116058,35056,5092,379087,550238
7630,5722,196916,39963,5185,1491426,1749157
8481,5648,669275,49241,6167,314959,1056327
7888,6371,375391,37296,4722,341605,775884
9110,5519,358082,45556,5426,1577647,2004321
5333,4111,172106,34518,4982,271298,494941
6166,4315,660317,43778,6204,354899,1077716
10537,7333,350044,52482,5370,336914,765477
11573,6519,134531,37185,4982,315817,513367
5295,4315,147741,48278,5055,426423,639477
10092,7167,225377,45611,6129,1355281,1652195
8833,5537,319808,41871,5018,1442700,1826304
10296,5852,404666,41482,4611,1394860,1864138
9648,6963,132764,68223,3907,1391375,1614973
8407,5537,200492,39186,4778,374577,635459
5962,4574,325036,64278,3408,1390620,1796638
6370,4277,422746,88519,3555,1310225,1837971
5278,4166,147714,35908,3185,354561,553534
5518,3963,171368,51537,6574,1412586,1654194
9647,5852,254819,42796,5556,219585,540626
10129,5796,344510,33815,5259,275894,677718
5870,4426,118459,41223,5277,407001,585182
9056,6018,135373,37370,5223,305716,500868
9925,6426,222490,81426,3667,1495647,1821712
9629,6333,315626,36203,5167,371870,747662
10740,7092,405392,38852,5037,1369839,1839582
9407,6278,125952,46722,4334,337730,533145
9722,6241,194272,36463,5056,1444903,1699287
7018,4667,293149,40722,5297,1415637,1769879
7555,4926,396507,40945,4111,1352297,1808731
8444,5630,128716,42648,5296,338781,531905
8629,5519,280000,35796,5074,371070,708718
11463,6648,1129471,55352,3611,329391,1538751
5629,4223,455956,42315,5685,305669,821959
8555,6000,141740,37407,5463,436831,638182
9703,6500,133894,38408,5018,313826,510164
8055,4648,378141,46407,6593,293966,740329
9555,7018,314388,32926,4814,1376492,1747360
6963,4944,1955027,44907,4593,312237,2331209
9055,5944,129547,31723,4388,333210,516071
7574,5333,968369,53038,5111,337585,1378770
5407,4333,292226,57315,3870,216123,581923
9518,6703,377269,43704,4426,1435683,1879452
7852,5166,162034,36426,4166,376408,594960
9944,5611,177984,36463,4815,1466840,1703879
8962,6204,262249,44741,5611,1486296,1816804
9351,6000,344589,84185,3796,1462549,1913470
6833,5000,130501,39389,5130,325477,515015
10888,5630,137451,31148,4815,291805,484589
7685,5277,232439,38723,4685,1452458,1744712
8944,5611,326520,39444,4593,304903,692052
6056,4388,411655,79278,3852,197119,704533
6722,5352,125753,36685,4685,305633,486831
9685,6481,196481,60852,5908,277941,559311
6166,5389,283469,57666,6167,278972,640015
9851,6870,371735,47815,6037,289706,734847
10500,6685,150999,36204,5259,340202,552719
9499,6704,161616,44852,5240,318381,548015
5758,4278,263807,107148,3667,1463627,1850433
5352,4370,350591,35074,5815,234498,638460
7333,5074,135245,42518,6148,343956,542960
26277,4982,113658,50796,5704,297284,501368
5666,4445,233034,53852,5426,1452215,1757138
9888,6445,321540,49815,5852,1427171,1823804
11259,6111,485676,42111,4130,254504,806903
6426,4852,196125,38075,5518,303741,557682
10148,6074,618892,41259,4889,393417,1077068
6741,4722,289137,51204,5278,212878,572571
8055,4537,375736,34889,5093,242463,673607
6777,4408,166223,41815,6519,263310,491923
10407,7037,842101,91223,3722,1382719,2339968
7370,4722,259828,60075,5833,298502,638756
10184,5704,345853,40666,4815,1854875,2265061
5481,4574,136173,31630,4574,409694,594497
9777,6223,145993,45500,5111,1880495,2095729
5443,5056,231148,55722,4074,276497,580959
5759,4555,320821,39148,4593,1488946,1866582
6462,4907,410827,64889,3500,1446459,1939266
5370,3870,145795,46648,6945,360202,571349
8703,5852,197708,39315,5741,1437467,1697027
6204,4388,292085,41500,5982,303930,656441
7926,6148,376257,43426,4370,383979,824421
5295,4648,126374,44241,3982,345326,531941
10667,7129,160139,85352,3778,1362055,1632084
6740,5130,263848,46075,5777,254722,584811
8332,6000,354374,34389,5037,349770,760051
10037,6741,124971,43352,5500,340914,534220
8703,5796,148533,42241,6222,1482161,1696008
7314,4611,228391,53241,3852,320198,619737
9703,6463,327860,48518,5482,1441648,1842193
10055,6389,396903,39667,4982,1496567,1957508
7925,5315,137038,46018,6000,338367,543145
6240,3982,195007,33537,5037,388471,634496
8537,5833,285920,55037,6537,221928,586034
11259,6148,366408,42241,5130,263791,697015
5462,4426,182728,44519,6074,297028,542311
10352,6055,163308,31019,5204,1425034,1643046
4629,4093,257925,66111,3741,1441712,1780916
5166,4407,349932,37703,4908,321694,725847
10185,7074,376456,55759,4500,383928,840014
8537,5314,141054,38445,4370,1831398,2031914
7018,4741,222948,46297,4777,309345,597552
9870,7278,313510,44352,5074,1441628,1823805
5055,3889,412609,35833,4982,307942,772866
10685,6592,180818,30797,4889,1898965,2135562
4740,4167,209268,43963,6056,287284,558330
10888,7056,277496,34611,5167,1439141,1777026
9333,6352,371132,39223,4759,330845,764533
6240,3908,194471,37259,4537,467858,716237
4500,3944,170588,49204,5926,1496995,1733138
4981,4148,261335,50186,5444,232236,561034
9851,5926,343341,45889,5889,324340,739014
5481,3907,128069,41481,5111,331392,517960
8907,5611,128575,36648,5000,306849,493923
6055,5093,222488,36704,4907,1411910,1689694
9592,5852,317383,45352,6630,284983,671793
6870,4648,411241,40741,5166,326199,797828
4963,4315,119949,52704,6482,307306,498368
9166,6444,188771,43130,5926,1400146,1655694
10129,6426,280554,35649,6092,1418324,1759416
10611,7703,380450,40778,5370,1418280,1865841
6685,4426,134251,36093,3777,337431,524775
8796,5851,159258,42500,5333,415221,640644
8851,5760,256652,46093,4185,316473,640867
10759,6056,364399,46352,4574,343300,777977
6851,4611,1247815,60796,3722,253899,1580454
8647,5797,128891,30852,5315,323976,505441
5370,4204,225879,41648,5093,1413000,1697879
5222,3852,320126,45815,5389,332869,716255
7999,5667,485503,34944,5167,312048,854087
4852,3870,132082,37667,4981,341119,527145
10204,6685,187421,36852,4667,1388458,1636528
11722,6481,293187,28945,4518,491827,838810
6184,4482,1149639,55778,6259,261612,1486621
10815,6740,168532,36556,5500,347650,577960
9759,6852,156500,42519,6296,382681,606682
9888,5870,244470,36055,5037,1434206,1737804
7184,4741,339513,50759,5296,1405403,1815730
9889,7129,815112,39723,5278,1600540,2479838
7203,5574,139154,42037,5278,1400374,1602509
6870,4352,228400,46852,5741,1404460,1699472
4722,4000,391480,37204,5074,303145,747995
10481,6093,459672,87611,3963,233823,803829
22241,4888,96437,34074,4759,316006,480516
9296,5574,190627,40611,4612,240628,493404
6907,4703,280949,71500,3629,202289,572274
5611,4481,372529,37740,5371,1395850,1823693
6092,4389,123645,34444,5204,390944,566571
7166,4260,205262,65055,3704,1385062,1672731
4963,4185,253194,32889,4278,280265,581534
9907,6259,342404,48278,5185,335740,749477
5685,4778,127390,47575,5833,288643,482090
10500,6574,126730,40963,4870,350156,541516
5647,4371,235458,44130,5407,1353403,1651712
9241,6129,310242,110223,3629,1379840,1821379
9722,5981,467415,39037,4112,311709,840051
6444,4370,163846,74796,3760,232021,488108
9369,5834,193778,40981,5500,1497694,1755601
4907,4185,293729,38981,4389,1405021,1753638
7685,5222,380087,34074,4963,345705,780236
6222,4629,127166,41334,5129,434775,622052
5240,4204,162672,39315,5500,275881,495923
5944,4574,249363,37019,5185,1385220,1689768
8500,6166,435666,42537,6222,271367,772551
11629,6352,421116,53870,5408,384656,885717
9222,6963,133214,39815,5166,474801,671145
8759,5870,222350,84148,3815,1425640,1753434
9130,6092,917135,42056,5592,1521777,2504245
23332,4834,423695,49370,6278,1386035,1895840
5240,4500,161274,36315,5223,314500,530293
10222,6833,187114,46074,5370,1429988,1688361
9147,5741,280157,44000,6685,329821,677977
9703,5759,412423,45537,5352,1384326,1865748
5648,4092,126335,48834,6444,327051,520849
9111,5851,155563,38500,5334,315878,532312
10296,6907,247421,51611,5093,225687,549737
9537,5666,411113,48352,5037,369734,851421
6129,4519,127543,36889,5296,342565,525090
5555,4500,132272,31741,5814,318170,500127
9129,5777,218149,41111,5148,1417416,1699916
7185,3889,328709,40519,5130,359063,746607
7555,5759,395401,45315,6296,326336,788755
10258,7315,123814,100926,3815,288183,537015
9574,6018,191542,44074,5574,1442504,1701824
9629,6519,280899,41389,5186,266985,612737
8685,6130,363165,40315,5055,325886,751570
5888,4389,177023,42611,6222,337363,576293
4888,3852,203362,67889,3556,1379499,1665861
10666,6148,257368,55482,5611,1464696,1802878
9629,5518,342189,47759,6352,333066,746995
7944,4685,124491,36203,5500,313785,494756
9037,5722,126293,41741,5370,291056,481368
6962,4537,226447,50889,4833,1381896,1677638
9740,6444,314953,110760,3518,1366018,1813526
9629,7092,414459,42945,6093,1356567,1838804
6407,4907,217890,39038,5851,234514,510978
8166,4574,234693,67685,3759,1450927,1772249
9611,6555,280421,31815,4704,288131,623330
8481,5759,364612,54019,5259,291458,732200
8240,5981,149303,52815,5815,329509,554367
9722,5203,155679,62093,6593,347206,589219
5184,4296,261223,58111,5685,292237,629533
10074,6759,352636,46185,5926,364786,788810
5851,4704,129622,44722,5593,320060,512626
9241,6092,125240,40852,5277,332684,521812
9889,6981,214357,33870,4741,1412800,1686046
8222,5370,315770,41204,5426,354133,732644
9963,7074,398609,36019,4778,309682,768755
11481,6278,146152,85797,3833,329067,585479
8018,5278,264324,40112,5389,378874,704866
4925,4093,320405,65241,3389,1356085,1757212
9610,5926,383485,32074,4722,1423634,1861841
11499,6574,125157,45889,6352,321766,519793
5684,4352,160737,42426,5741,491926,713699
5148,4056,248761,40871,5296,1390006,1696861
4870,4667,338786,37333,5371,327080,720533
10852,6370,424274,38629,4834,1352660,1840156
9425,6333,135631,42000,5408,460532,662292
5000,4611,224211,110315,3926,1346723,1697305
9944,6444,308736,37722,4889,1464087,1833915
6425,4297,410445,44611,5445,344568,818754
9722,6926,163172,80945,3778,262065,529404
4610,4093,192197,38834,5277,1413016,1660860
9555,6019,273129,44408,4981,276367,617108
9610,5648,424506,42889,6426,318305,810328
5426,4555,145770,38945,5315,359430,561978
10500,7037,168961,51408,6093,1447806,1694565
8203,5444,246801,43056,5555,1455615,1767267
11555,6629,334789,36981,4667,321041,718070
8018,5426,810443,44760,4963,1540894,2416615
11907,6907,123226,39500,5445,420585,609978
8314,5537,218398,36575,5351,1488555,1765508
6907,4389,326590,38426,4815,1455899,1839212
10130,6796,453781,35352,4204,335491,848070
5296,4870,122046,47574,6352,1440352,1629324
8759,5555,185570,37463,5130,380408,625200
6777,4186,284224,54518,3630,300846,656607
7778,5629,266693,46889,6222,1557241,1893341
8314,5667,128254,36870,5130,314391,501330
10481,6611,152427,40833,5889,1448675,1667305
9555,5871,287488,69038,3722,1426760,1805046
8388,5537,334125,52611,5278,309093,717903
8926,6000,808168,51315,5222,1335189,2217265
9462,6019,510154,58501,3574,1313908,1904063
10426,6055,219309,44463,4963,1421070,1709009
9018,5796,125591,42815,5593,336850,528145
8370,5333,398524,32556,4926,414452,868088
7907,5334,152399,47797,4889,335023,556034
10536,6667,221424,40982,4704,1427436,1714453
6907,4797,314874,48204,5611,281714,664534
9740,6463,371881,42500,5130,1526033,1964155
6000,4481,155701,39093,5241,396240,609515
10000,5777,154818,44797,5426,402456,625719
10093,7314,248695,88574,3611,1395092,1755638
8981,5926,335663,48945,4722,316388,723107
9166,5723,420836,55611,6315,1490486,1990285
10925,6130,127008,37519,4963,326618,515923
7259,5000,259236,53889,6093,320482,654348
8351,5389,308835,41501,5759,322661,694644
10333,6926,501952,33686,5314,316246,876828
10481,6314,155421,79334,3777,330595,588663
6611,4481,188223,39963,5648,554699,802588
8111,5778,278692,53129,5760,289489,643497
7925,5648,363365,43296,5222,1433199,1861174
10240,5815,191796,44019,5815,340107,600108
5888,4204,204802,67741,3555,319509,608329
10407,7333,252215,32500,4297,261948,571348
9352,5592,342388,43223,5463,1455749,1865249
9370,5797,784858,59741,3500,1513757,2379839
8351,5389,130010,38982,4870,346209,536330
5333,4204,218498,38352,5296,289721,563793
5537,4648,123911,35371,5148,368160,545257
7962,4833,432844,51445,6074,1396904,1902526
8870,5759,123886,79648,3574,1496623,1720582
10352,6203,187689,43704,4185,321697,576423
7963,5574,279120,44019,5629,1311130,1655843
7222,4389,369071,37963,4407,1411641,1837490
9092,6019,709373,33945,4426,879524,1645342
6481,5074,163211,43667,4500,1437001,1663657
6703,4444,475848,42852,5130,1520418,2057451
10277,5852,382113,34759,3834,377012,816532
7851,5593,423508,43241,5462,417969,906310
9962,6926,127458,38629,4000,416058,605811
9629,6259,253408,40019,4018,1450860,1766434
9851,5815,305211,38055,4815,1378613,1744453
8666,5518,398717,37241,5389,1364217,1821971
6462,3945,179925,36334,5370,339756,574793
10092,6463,180968,49148,4852,1478411,1732767
8500,5277,277660,50408,5277,300874,650645
10758,6834,356091,34963,5241,1468120,1884766
7037,4611,154542,33092,5074,297104,504294
8148,5592,167085,41574,5222,1439425,1669713
10351,6018,246665,99889,3630,1308585,1677175
9870,6260,389022,77723,3092,309028,797070
8278,5833,420473,58297,7351,1493868,1996489
8073,5722,123108,40815,5945,392518,578626
11221,6574,215892,32760,4333,282809,556608
7111,5148,306768,55185,6297,217320,599941
7537,4630,390922,45982,5000,1399437,1856879
11296,6315,180705,36463,4667,342180,584071
8647,4759,187805,41407,5389,1361631,1611750
9852,6574,269217,43371,5166,1447272,1783620
11796,6314,357243,41815,4870,305624,729829
9426,6814,124544,43945,6148,346527,539960
11036,5667,158624,56630,3740,349651,587904
9889,6203,418742,35741,4777,381902,859588
9889,5444,355562,43296,4945,339878,761125
9574,5981,442235,55037,5519,1418550,1939359
10648,5685,137684,45334,5389,312072,518960
6648,5093,297505,42871,5407,342935,703089
9999,6704,297493,40481,4704,229448,591645
6592,5407,1586576,45093,6278,318060,1970433
9518,5630,192430,41019,5203,242549,498479
6389,4926,721233,40019,5259,368426,1148383
7407,4778,285646,35685,6204,1384196,1725991
6277,5667,370485,133019,3981,245843,767662
10018,5407,128324,76797,3555,274803,501034
10351,7297,146663,54000,6445,268037,495238
9370,6352,253243,107815,3630,1409190,1792397
7018,4833,337157,68815,4167,317209,741866
9462,5649,1203127,44149,5407,344104,1614287
51518,4963,126057,34834,5074,305162,529997
6222,4389,220786,51000,5370,1439501,1729602
10296,6352,309347,52500,5389,230964,616978
9037,6259,390446,33352,5222,1429007,1875434
8277,5481,202452,35500,5130,240564,500145
7036,4612,197753,39407,4723,1407718,1664120
9499,5852,277130,47778,6296,255552,603700
9740,6240,367118,43315,5352,316285,750384
6333,4685,140400,45001,5463,293355,497979
5056,4148,156814,44685,5704,1382010,1601362
7648,5074,242394,37222,5185,284214,583441
11574,6759,329030,41667,4889,269374,665867
8110,5556,420054,80056,3926,1501211,2021025
5703,4093,135171,31000,4611,296660,479294
10370,6796,214825,36186,4944,1460109,1735453
10870,6389,318368,44185,5444,353387,740255
5481,4407,391930,36593,5203,270363,715718
5018,4222,149694,80260,3685,236821,481849
6999,4889,204515,44537,6037,1792233,2061395
10129,6222,286466,32889,4222,1370191,1713527
6055,4537,362527,38130,4500,275876,694199
10241,6611,126958,48334,6314,313669,514516
7240,5185,904152,37203,4815,1330836,2291598
9999,6074,451990,97074,3648,1370148,1942377
8036,5556,347902,56982,4185,296131,721662
7074,4944,125797,39389,4778,320626,505071
10111,7000,128469,55001,3500,2121017,2327783
9777,5815,209549,38537,6723,1407829,1680934
7074,5463,301426,58000,6278,222496,603034
8777,5815,389395,56574,3723,1454353,1922044
5388,4185,157289,35760,3944,358967,568441
7685,5074,187980,39000,4778,336294,583274
4685,4963,280079,42963,6148,287510,628460
10314,7130,362715,37907,4648,377003,802384
6074,4240,159535,39760,5741,337480,555386
10444,6426,165819,31315,4814,406530,627959
4981,4148,259807,50259,5852,1460591,1788379
4630,4037,342868,44111,5500,328850,732422
4741,4259,124373,39426,4704,336494,516960
11537,6203,119194,44649,4333,310525,498794
8314,5518,215126,53630,6315,309852,601700
7314,4834,300558,54370,5945,302512,678070
8481,6296,408842,67389,3500,1497184,1993803
6852,4407,162903,35092,4463,346465,562941
4592,4019,192075,55185,3741,341329,603052
8463,5648,281618,41908,6593,1411315,1757638
5463,4166,362569,35019,4648,1387032,1801008
10167,6463,127815,48167,4888,328108,528127
5833,4352,152043,59981,6223,1568057,1798378
5425,4241,289864,47741,5833,1372126,1727730
9981,6593,343944,43037,5630,327607,738811
6685,4314,137395,40796,4963,396362,593237
4629,3982,129474,80148,3574,355189,579404
10388,7074,205240,46481,4334,266831,542812
10167,6592,296005,45871,6518,1367615,1736046
8332,4834,391326,37333,5389,204318,654088
8129,5963,168553,41593,5111,302666,534145
10425,7204,180893,40574,5222,1417172,1663935
8925,5389,274214,39259,4611,1332092,1666620
10166,6389,403479,88833,3000,372183,886513
8944,6463,150225,49092,5278,308865,531034
10055,6500,185768,66389,3408,1489666,1763916
5389,4778,250533,38241,4203,1432957,1738268
7759,4870,334576,40667,4944,194661,589885
6722,4685,419860,49019,6315,1455924,1944711
5925,5093,125532,41167,5111,353835,539423
10129,6481,206094,38963,4926,1436359,1705119
5611,4889,315785,44259,5370,1499186,1877137
9629,6741,400569,45111,5574,321704,792051
5092,4852,159315,36333,5167,1485638,1698472
4740,4944,183118,42277,6241,1398318,1643009
9648,6056,270549,58185,3630,1427607,1778083
8907,5833,373278,52944,5371,349162,797551
6278,5092,125413,39481,5278,398418,582108
6166,4352,159437,41463,5981,289486,509089
10352,6518,241758,43315,4204,1374010,1682509
6722,5167,329930,40982,4981,301029,691126
5204,4962,1219532,54370,3611,303849,1593695
10222,7296,119831,42741,5500,317981,506127
7907,4741,214670,34463,5093,1508227,1777971
7055,4649,296954,36518,5037,272172,624812
10055,7167,381849,35963,5037,298961,741255
5018,4148,160281,47814,5149,334679,559256
11204,6462,188602,42277,6112,1393482,1650250
7778,5574,269107,45852,5926,270500,606812
7370,6741,666984,35556,4222,1565984,2288968
4907,4167,127933,88482,3740,360156,592108
6037,3889,156865,96426,3259,1410403,1679861
4703,3889,248223,43463,6093,330310,638904
10407,6518,401822,49741,5370,294007,770384
8870,6204,432735,43038,5240,2047898,2547467
6018,4111,125667,34167,4685,423071,599830
9074,6352,212672,56223,6389,1488520,1781620
5036,4519,348604,46389,4797,327816,739699
9277,5796,385981,41982,5537,1471526,1922174
10888,6296,159135,43092,5297,301158,528163
5666,4352,182400,38833,5278,233431,472090
7204,5129,271110,40055,5130,340164,670867
5870,4908,361319,46556,6259,1438114,1865119
8870,5704,133176,34741,4945,334265,523831
6537,5074,155589,47408,5111,1504956,1726768
10018,6371,287670,43148,6000,1476264,1833045
8630,5648,335213,40204,5703,373486,770978
7481,5019,415126,39260,5555,278962,753588
10018,7074,127003,39259,4333,337476,527349
6481,4555,210805,82037,3982,246525,556552
7148,5056,307551,39889,4871,337185,703885
11166,6370,420984,68518,3667,1425894,1938840
6166,4685,174526,72926,3204,1396187,1659953
5870,4408,186143,41259,5722,1174442,1420826
4777,4093,278149,50685,4297,1427766,1771879
5036,3963,372378,44240,5630,318507,753088
5370,4537,144993,33926,5278,297670,493830
9259,5833,155000,46648,5871,281664,506257
10666,6722,232691,72241,3574,1505539,1833433
7629,5055,364271,79204,3482,291557,753384
8277,5482,458684,51519,5611,430662,962346
5574,4370,136857,103241,3370,278900,534757
9167,5314,206900,40889,4907,1434498,1704083
11592,6259,298758,34926,4870,1846656,2205117
8111,5759,394393,44204,5426,402287,862292
10166,6796,176806,35204,5148,341376,578200
9444,7203,188572,43852,6574,560016,817532
8518,5648,315355,66426,3648,1376542,1778749
11351,6056,422065,78500,3333,231190,754625
7425,4574,148774,40538,4296,310556,518238
5222,4259,152465,35704,4778,280736,485868
5018,4056,247008,56037,5870,214582,534701
8315,5648,368811,47166,5982,291852,729867
10314,7074,123594,85630,3482,1371822,1604602
22277,4574,103155,35241,4852,344731,517052
9667,5833,210106,55815,3537,1428291,1715620
9370,6074,299463,37297,4481,1433434,1794008
6092,4315,441988,74723,3555,292192,824773
4481,4000,195771,36870,5704,297411,546922
11388,6408,178647,49371,5981,1434491,1689657
8536,6093,272783,48148,6149,1445021,1789045
11870,6240,356086,39556,5704,309410,731403
9240,5982,125943,42981,4797,365257,557071
9129,5371,151356,43185,5426,379066,596200
8814,6222,233141,50648,5167,1482645,1788934
5703,4426,329517,46667,4481,278720,671589
10277,6852,1189284,55167,3870,308429,1576565
51684,4148,124936,39889,4407,359043,586663
9500,6000,202274,35815,5074,1438808,1700027
6518,4407,304522,43296,6204,316826,684070
6611,4759,390491,42944,6334,322338,775829
10037,5833,163255,47334,4926,367537,601552
4981,4593,224983,40852,5333,357476,641126
5092,4370,273119,59352,3315,1382038,1729842
9703,6204,353199,39500,5111,1452124,1868156
9518,5667,131353,45389,4352,326422,524886
9185,5815,149340,41574,4593,389508,602071
8000,5037,243902,44722,5963,1355515,1666528
5833,4574,332593,41297,5240,312607,704126
11240,6222,121228,34334,5203,343510,523848
7203,4723,122400,51056,5574,302522,495905
9518,6259,202222,38222,5352,1337991,1601732
9166,6111,295024,45833,6019,1532706,1896970
10018,5445,386123,40963,4777,1360126,1809638
9000,6352,133516,47186,5907,330610,534682
6962,4574,451727,49963,3704,1468724,1987729
8944,5852,1435106,29704,4222,1379377,2865428
9518,5703,355702,36186,4055,275757,689051
9407,6685,124077,42056,5204,317623,508312
6463,5055,146399,39537,4814,1398982,1603324
8574,5963,252034,41407,5537,1358475,1674083
6721,4889,369707,67519,3537,1451171,1906192
5481,4592,415880,34741,4500,251486,718773
10204,6685,121329,48870,6111,287335,482609
8314,5556,210131,38334,5314,1438192,1707823
10685,5981,297267,38815,5130,309432,669311
9574,6703,384625,37982,5370,319871,766829
5703,4259,122704,43056,4389,369052,551793
10203,7056,171784,46778,5056,1527612,1771175
6852,4666,288754,37889,5000,1437662,1782916
7833,5389,398797,58555,4815,1343952,1822045
7759,5629,122191,45575,6370,323454,513442
10425,6908,142697,54259,5093,299392,521441
10388,6000,234796,50555,5111,393978,703903
8092,5389,330080,40796,5241,1493261,1885063
9018,6833,409808,58519,3870,1437404,1927563
10426,6981,125702,40500,4222,299499,489479
7592,4500,206208,55908,3314,1402931,1682527
9537,6722,295399,42000,5223,1458516,1820823
12166,6240,376591,40481,4649,1391473,1833748
5852,4666,174855,42408,3222,354623,588053
7278,4611,190120,33963,4500,1401185,1644417
9555,5815,262497,42407,4667,1400734,1727953
8574,5537,268243,82389,3186,1467579,1837601
10204,7203,126731,48018,6019,321563,522405
10722,6296,149311,47759,5537,1524902,1747194
7055,5185,234187,57963,3704,1381896,1692157
7814,5352,213230,41685,5389,1527000,1803119
6055,4074,1580832,65444,3741,1310503,2972816
8240,5907,653484,42277,5297,1482337,2199783
9963,6944,239618,41963,5148,233157,539460
7851,5537,1450923,40018,5352,315234,1827304
10907,6519,377018,35686,5259,1398563,1836304
9925,5722,130154,40778,5315,407639,601959
5611,4241,177715,43481,5167,1461664,1700305
9777,6259,268499,43278,5611,1425084,1760656
8685,5907,362024,57222,5259,314213,756162
10555,5797,140788,41500,6352,321597,529238
9407,6074,141164,36167,5260,339943,540423
10073,6463,228912,40741,4963,331270,625163
5222,4018,328825,46037,5778,1380869,1773527
10574,5926,453127,90945,3740,1310269,1876971
8241,5314,126170,48870,4186,348419,543608
8907,5667,207453,46815,6222,1488000,1765379
6814,4648,295867,56575,5185,1405030,1776212
11184,6426,382873,41334,5333,1427801,1877711
6573,4723,174952,34482,5129,272508,501089
7148,4667,174143,54260,5963,304371,553201
8074,5444,261928,48666,5926,1440822,1773508
6629,4315,375452,111686,3666,253359,757588
10352,7037,122587,40315,5389,346002,534571
6778,4814,149353,40259,4519,1491286,1699250
4759,4444,247988,41741,4889,1471743,1778083
5611,4981,339790,38167,5445,325261,721329
9555,6703,416297,49037,6315,308643,799236
6110,4667,122672,40648,5704,325010,507349
10055,5981,338253,35111,6315,313614,711440
11869,5797,121906,55870,5333,386498,589663
7407,5278,387246,47667,6296,236806,693700
9907,6666,147252,36666,5112,315523,523812
8611,5944,180090,37667,4611,589053,828995
6462,4093,424300,39334,4889,344528,826680
8778,5833,428214,46333,4389,311874,808366
5333,3982,629794,34963,4685,383348,1064883
7574,5907,150985,53741,5574,286475,513090
10925,6056,1003844,46704,4907,307092,1382177
7481,5407,397701,45741,5129,291721,755792
9518,5870,421188,52870,5537,1378024,1876637
9278,5833,127230,50704,4981,421563,621534
7740,4648,208236,57612,5389,1530179,1816712
5574,4222,301705,52815,5685,284291,657015
7314,4981,389008,42630,4425,312155,762736
6684,5204,130865,37277,5075,328780,516330
10036,5741,183611,51556,6130,1427582,1687490
6258,4760,266469,50056,5000,222212,557589
6704,4870,356253,46074,6778,240817,664460
7444,5204,135221,35704,5204,321590,512738
7740,4982,147246,43092,4389,1478559,1688768
10203,6241,269937,71908,3907,1501015,1866193
6722,4981,377258,80852,3278,261126,735940
8926,5703,406820,54148,5389,219343,703052
6555,4481,127788,57852,5296,422135,626885
6907,4815,205220,39889,4833,283407,547330
10111,6222,328763,43945,6148,1371171,1768398
7259,4833,387436,50815,5167,1415498,1873897
6814,4963,137941,88167,4037,252963,497682
6055,4630,178095,37981,5241,1396821,1631602
5629,4833,265324,38926,4500,1381240,1702619
8203,5333,446682,35296,5093,265388,768106
11073,6556,142224,31481,4741,1524544,1723453
6555,4704,272082,36537,4611,297711,624923
5462,4315,525552,46703,6297,456239,1048235
6703,4759,322372,37778,4907,363754,742514
10166,5778,426785,38463,5260,1387685,1876212
6333,5203,118994,48445,6333,306763,494775
6815,5203,720261,44630,5907,328344,1113883
8111,5444,351877,36018,5037,325916,734588
6592,5111,380364,42797,5444,1895826,2338209
5018,4296,147536,83649,3759,357127,603219
5759,4203,191857,31037,4574,1889705,2129932
9833,5870,302919,88481,3649,1298089,1711268
8833,5315,368388,39426,4963,419811,849199
5295,4223,141170,42871,5370,321567,522960
7037,5352,143732,42852,5241,373894,580645
5944,4537,232756,51889,5204,1442918,1744990
6221,4334,329726,40963,5111,1392245,1781026
5000,4685,953733,44037,5445,1513400,2528356
9999,6389,160848,90834,3963,1395568,1669675
8222,5056,200391,42685,5741,1415340,1679509
9685,5945,293045,33482,5203,484672,833922
5796,4481,410181,43649,5722,1476363,1948415
9740,6278,160150,80592,3556,243014,505719
7426,5333,172007,35760,4907,393322,621793
9426,5611,276199,36426,4463,1453679,1788435
7870,5167,354334,49315,5093,373698,797700
6648,5148,128969,68686,5259,288935,506349
8481,4926,145160,54204,5981,290485,512089
7666,5203,234834,41926,5703,1427472,1724638
8425,5797,320024,47000,5223,218990,608219
5833,5000,533531,45815,5185,457667,1054791
9592,6111,127388,44944,5648,321110,516923
9315,5425,204598,40963,4722,1352893,1620528
7870,4889,311122,31130,4537,401188,763459
7000,5129,430740,33129,4426,319941,803088
5407,4593,1011061,42945,5259,305301,1377289
5944,5167,1284790,55926,4185,1451453,2809762
17777,3963,157775,34889,5037,347074,569441
6592,4815,367096,54685,3667,300603,739755
6778,5185,139101,41926,5334,315877,517145
5796,4574,142996,56834,6352,1795696,2015026
6574,4833,232280,44278,6074,1459895,1756138
7444,4945,367582,41797,4944,272136,701589
6147,4426,415644,53186,5148,299018,785384
7314,5334,122186,42648,4833,344922,528904
6592,5148,223692,47630,7000,1405131,1696971
6129,4963,292476,41297,6018,252465,605682
10462,6482,373223,42556,5426,1396858,1837008
6796,5074,128561,81297,3741,359823,588052
7592,5167,176975,37019,5018,1400571,1634528
6018,4370,274704,45537,5722,1364138,1703342
6333,5166,378432,35315,5352,338879,772347
7389,4685,119048,39445,5000,353633,531016
6093,4685,142591,43833,6445,1425714,1632861
6018,4778,230764,42444,4945,1375652,1667398
5833,4574,337381,43870,4815,1473793,1873026
6889,5074,1186833,45593,5778,327990,1580380
10296,6333,117337,59889,5334,403363,604293
5796,4629,215047,63352,4481,319469,614478
8759,5982,287515,38797,5389,249277,597904
9110,5371,382484,44760,6167,306029,756032
6444,4852,177045,40426,6297,239229,477071
8055,5278,174904,37463,4981,1404180,1636972
6148,4500,262798,37556,5222,268421,587275
7981,5166,360157,43518,5371,1457573,1882470
4851,4796,136532,36075,4759,282169,471978
7185,4944,147853,45871,6481,331200,545886
5981,4481,235415,36870,5630,1389761,1680212
7499,5759,325032,43611,4723,269020,657459
5166,4371,1295466,48092,5297,401098,1761657
7000,5055,134284,42056,5222,385120,580886
8703,5019,199438,49537,5333,1376941,1649083
6425,4741,307444,35611,4574,1357139,1718064
6000,4537,383468,57093,6445,354915,814236
11037,6703,156863,39297,5055,286616,507645
8426,5648,167609,43852,4723,1553472,1785490
8907,5408,277393,38093,4722,1384023,1720639
9425,6297,399307,45203,6075,362817,831606
8944,6019,135423,37296,4908,312888,508108
7684,4871,141744,33259,5315,318475,513534
6740,4815,268602,29019,4852,1470554,1787416
7907,5185,319145,32741,4481,316573,688866
10130,6000,403688,68704,3833,1431338,1926230
7129,4704,139416,49056,5018,305340,513553
6203,4592,201682,35685,4518,1501791,1756489
7222,5555,294577,39018,4778,303716,657033
11925,6815,385490,49870,4556,1476629,1937211
6536,5297,160643,36148,4037,307891,522293
10703,5722,173446,55574,4815,270088,523015
8055,5037,264804,42629,5352,1497168,1825434
6444,5037,410902,79759,3611,257612,765495
7462,4445,144944,38019,5241,312497,514682
7295,5315,140673,45685,6389,417750,626422
9759,6389,246364,42018,5426,1483978,1795749
6592,4852,318074,38944,5204,428051,803644
9314,5981,412784,41389,5352,334415,811643
7815,4944,159418,41834,4037,276819,496942
7592,5278,200813,49204,5148,238480,508590
6037,4352,289227,54314,6371,240862,602904
5277,4260,380918,35796,4981,312634,745866
10907,6000,133590,41092,4723,325684,525163
5981,4426,171632,51390,6222,257438,499052
4278,3981,263491,112130,3685,1445980,1836342
9185,6685,350701,31093,4111,306462,710422
8388,5259,130447,32852,4111,338291,522274
5573,4333,142212,50630,5500,263878,474904
7425,4593,226347,44982,7055,1350625,1642972
8963,5815,316909,42148,5722,327420,708700
6314,4389,412249,44704,5796,248599,724829
7240,4741,128198,35185,4630,316373,498515
6129,4111,212371,54797,4222,224459,508127
9610,5926,297211,59130,5555,310786,690348
9518,5463,435458,41648,3389,316334,815348
7851,5556,163148,28222,4185,287294,498312
6703,4686,169079,38519,4167,349750,575793
6148,4166,297790,64130,3074,1401052,1779304
7925,6463,414907,76463,2926,1401619,1912915
4499,4148,135116,43352,5148,347381,542441
5629,5185,141511,42519,5426,348375,550867
4407,4500,229405,45093,6074,271647,563996
5185,4519,334800,48056,6111,325584,726237
8037,5222,416788,110500,3482,1313756,1859767
9704,6555,150146,41592,4500,337333,551812
5055,4944,205930,42277,5241,1413135,1679305
5148,5019,320101,45501,4370,1340647,1722842
8500,5870,380942,46592,5223,351387,801163
7518,5204,125335,44908,4389,326365,515516
5740,4371,171286,41333,5445,294914,524849
7203,5055,262329,36519,4852,1435550,1753712
5315,4611,437946,36130,5222,274882,765848
5315,4444,128007,40704,4852,326564,511923
7425,5352,141050,39167,4593,293891,493627
6777,4371,233889,47574,6630,1387471,1689786
5814,4444,325100,37333,5056,325433,706699
10296,6852,415642,45278,5426,1377569,1863156
7203,5056,134703,71426,3593,1390343,1614509
7648,5630,201320,39926,5704,334139,597423
5111,4148,295882,53000,5815,203541,570423
6537,5389,387036,40074,4722,317589,764051
4592,4463,121801,36537,5241,318863,494682
7795,5185,206344,66482,3519,1459108,1751212
4555,4185,259072,35945,4092,1424863,1735656
6703,5018,359320,29759,4204,1420651,1828545
7147,5037,121139,48093,6241,328728,518719
6444,5259,139830,33611,4167,334241,526460
6222,4722,228984,79112,3926,352752,677478
10314,6371,373935,50519,4963,313652,762422
6240,4741,285348,80000,11389,1489382,1879341
9852,5537,152298,48945,4944,278736,502423
7019,5074,235748,89797,3333,1354501,1698343
5962,4796,347755,51815,5741,284334,703144
7129,5259,395465,43037,6722,321420,780792
6518,4889,171007,41611,6185,400990,632904
9296,6222,164013,69519,3833,1577088,1832693
5629,4685,260556,44296,5945,1450915,1775063
5222,4907,349174,43944,5704,1536871,1947581
11259,6222,138049,36111,4926,1425664,1624990
5444,5777,152296,50334,5944,1441917,1664046
8777,5815,266728,91297,3611,1331225,1709490
8851,4796,327123,37945,4185,293392,679218
5962,5000,411629,50834,6370,1403823,1886507
6444,4537,163523,90185,3463,205400,476478
6203,4852,205418,32130,4185,1449498,1704638
7814,5315,296424,39482,5222,1420954,1777267
11111,6703,378616,46444,4815,339010,789477
8481,5834,144750,79241,3759,298450,543256
6981,4741,166738,49130,5018,1435512,1670213
5888,4815,256596,45870,6130,1361358,1682787
9314,5537,354564,44167,4463,1534184,1955081
6055,4611,127663,38667,5444,388260,573626
5926,4148,140224,42722,5908,392624,594441
4870,4963,233601,35703,4797,1360353,1646713
8759,5389,318792,47704,5333,336611,725607
7407,4815,332205,50815,6018,1492377,1895971
6388,4648,164618,41278,5704,352249,577034
10741,6462,190236,43277,5704,1452866,1712824
8833,5185,285834,42204,5407,374514,724052
5351,4278,395118,38889,5277,322434,773458
7204,5037,129808,40333,5278,402485,592256
6129,4333,365759,38389,5186,320329,742718
5796,3926,259339,54722,3611,1423226,1753398
5759,4444,275104,88797,3870,1359720,1740805
8925,5760,126387,39704,5351,299907,488460
6055,4778,159226,35685,4963,1471227,1684768
6370,4611,232140,39648,4500,252209,542238
8907,6092,317331,36389,5093,251406,628052
6481,4593,415615,43759,6778,1584317,2063433
5981,4685,151843,45778,5018,297377,512534
10852,6018,231256,67704,3278,1467159,1788509
7703,5352,284188,34352,4111,1495894,1833323
8500,6259,418194,51056,5870,247542,739459
8148,5704,161218,36666,5575,272742,492720
8203,4963,180094,37704,4481,1386989,1625157
7981,5370,259804,57760,4092,227211,565108
6203,4630,347125,39537,4408,1369883,1774638
6629,4926,132371,32260,4351,340071,522738
5407,4371,143562,46092,5760,367471,576275
9555,6315,226216,41019,4982,305428,595608
9389,5611,310926,45352,6037,1464581,1843582
6092,4407,421803,39667,5426,1332094,1812211
5426,4944,168234,35389,4204,388670,609534
7851,5296,195166,36315,4648,1387918,1639268
5500,4426,285968,37722,4296,1500059,1840878
9351,5778,374548,42297,5315,302947,743033
8407,5186,169979,41815,6315,333758,568127
6703,4593,165430,40463,4389,1446541,1670879
8722,5926,252399,32722,5074,338838,646367
8944,5870,192590,39038,5018,328629,584052
9352,5444,125448,39315,4592,347642,533645
8000,5796,134250,76778,3315,1466333,1696565
7203,5093,228978,46129,6334,1375456,1671861
5481,4167,120335,45519,5796,335958,520275
9277,5463,399564,35574,5741,244024,702440
6037,4963,498978,44704,5463,1378214,1941193
6351,5056,201909,54463,3704,234977,509256
7462,5278,287786,39092,4834,282600,629348
11407,6352,373051,37389,4259,314186,749404
8074,5963,152426,35649,5352,300181,510201
6351,4796,164062,34500,4982,292046,509515
6000,4351,256124,46630,6352,1458995,1781119
7962,5185,425908,41130,6129,292977,781495
9296,6093,132598,34389,4519,311084,499794
8500,5574,139419,34037,4259,314578,508127
5463,4314,239185,56352,3814,1341770,1653620
6777,5445,395357,78111,3111,276416,768014
7667,5555,408271,41666,5852,1498663,1970396
5111,4166,133628,47519,5314,1544215,1742527
9555,6000,190838,57426,3592,1443931,1714805
10296,5222,284529,39259,4667,411634,758496
5185,4167,387220,36481,4630,1422714,1862916
10092,6500,156633,40241,5574,261809,483460
7462,5148,168843,40518,6000,1454500,1685601
8462,4870,258682,44556,5796,1429086,1754749
7185,5185,339947,37130,5333,1466931,1864267
6296,4870,135471,37963,5333,317286,510145
5426,4667,145495,42759,4685,386168,592164
7925,4463,234187,44407,5704,299791,599200
7518,5630,398267,35944,5111,1502167,1959692
6685,4537,400625,37944,5222,222946,680256
6741,5092,127501,34944,5056,340682,523053
8129,4278,267321,46482,6222,317508,651811
10073,6204,516606,37629,5093,1266976,1844878
6184,4778,380074,81260,3981,239848,719162
5592,4778,165135,40648,5260,297547,521071
11426,5796,196993,71722,3704,1494737,1786731
5463,4722,356443,46241,6426,368589,789977
9073,6130,337431,38389,5166,323306,721570
8093,6444,125658,37001,5148,1896348,2082063
6315,4092,137683,46334,6166,1488326,1692065
6944,4963,863653,41112,4833,1273908,2197506
5277,4222,316158,35630,4685,353356,721440
10147,6074,397831,41297,5333,364386,827199
9333,5241,120614,33907,4185,363254,538849
7722,5426,230953,65093,3111,1416888,1731416
7759,4611,322330,66944,3093,1460641,1867508
9592,6426,390410,37315,4167,348289,798422
6740,4685,143119,51074,4982,388211,601644
7166,5408,162699,44537,4370,286928,513905
5240,4611,260335,40704,4203,1458859,1777619
9611,6204,397674,31574,3981,334470,785644
7981,5425,143902,29852,4111,346818,540163
8110,5556,131426,46333,6204,1467805,1667694
7074,5130,225006,38278,5296,1361281,1644139
5537,5018,314531,44963,6019,1465699,1843786
10536,5926,413778,87722,3556,1361470,1885155
5518,5111,126246,39241,5389,364991,549108
7481,5352,197234,36315,6000,1452423,1706824
9314,6167,285202,45352,5926,1458620,1812637
8499,5408,375153,47148,4648,315232,758088
6055,4611,151437,50166,5408,364986,584664
10129,6667,162497,41389,5167,263055,491201
9389,6037,249244,57722,5352,1419005,1748898
6962,5222,345955,53092,4834,242838,660922
9777,6759,436442,51037,5463,1520621,2032506
8889,5537,134132,39315,5296,293772,489775
6500,4611,228268,46222,4408,1794794,2087785
10296,5926,319940,44426,4389,1527697,1914896
7815,5611,455132,40704,4963,382510,898532
8092,5611,157730,45815,4871,295137,518960
8500,5463,707533,35778,5481,412516,1176938
10222,5907,276409,36778,5111,1452951,1789416
6333,6351,369360,47740,4630,229100,666477
8315,5426,156142,43148,4759,292188,512849
6537,5111,163593,37426,4870,2044561,2264876
7426,5055,256562,36278,4741,1414298,1726139
5870,5370,347679,38686,5629,227855,633978
7333,4944,126777,34056,4074,340368,519219
10388,6611,134617,46222,5722,313640,518904
5537,3963,234344,38334,5611,1434849,1725416
4704,3944,357758,81241,3833,282738,736941
4481,3889,420801,35908,5388,327047,800329
7907,5500,130992,42833,5908,327227,523183
5314,4148,191405,43222,5259,1418586,1669712
7129,5870,278096,47408,5981,1490431,1836785
5389,4907,372547,37037,4629,1349721,1776490
5240,4815,166256,41963,5481,305297,530756
6277,4648,180725,36111,4389,1396395,1631472
5407,5185,250972,40037,4148,229655,538331
7907,5093,414200,41000,4704,300610,775181
9926,6185,1198448,38204,4370,323728,1582973
8536,5074,144878,45204,5778,1415983,1628213
7092,5370,228514,38204,4333,1446606,1732583
5425,5056,324871,38667,5815,263014,645830
5277,5111,409026,49537,6241,1465963,1943211
8944,5056,124438,41834,4870,315096,503090
6648,5037,225944,45500,5519,1484193,1774730
6740,4667,284913,39723,5148,1496668,1840101
7907,4741,383012,46129,6000,1436866,1887285
6203,5074,978019,35797,4889,392157,1425584
5203,5018,171579,50649,5796,1398078,1639601
7518,4907,254289,39463,5241,1430108,1744193
10240,6370,394017,38908,5481,264942,721995
7666,4834,428301,78018,3371,1402725,1927045
6092,4370,137343,44112,4833,283450,482275
9184,6074,215257,57222,6278,239703,535774
9111,5907,328318,40649,5981,395566,787329
10295,5611,403621,35778,4685,1421980,1883989
6870,5074,128145,44963,5944,310612,503683
7777,5186,189261,47537,4445,252587,508516
7500,5240,285379,42334,5463,1402222,1750860
8240,4537,377644,38963,5334,1481493,1918915
7647,4723,140408,46371,6389,303532,513015
5852,4666,201267,65889,3555,1467390,1750490
9426,6111,245624,45371,6148,1431754,1747268
9630,5574,340038,41666,5371,1448766,1853360
8333,6055,1003471,39482,6019,302317,1367455
8852,5944,127938,44889,5852,391096,586719
6888,6037,254389,64223,4407,1511656,1849675
9092,5222,326395,37926,5056,409360,794810
6259,4648,398141,44315,6204,1405237,1867545
9092,5852,187351,36852,5333,267258,513905
8888,6167,186412,41518,5389,268604,519719
9666,5222,280381,39371,4500,300059,641348
10110,6778,374369,38519,4796,326515,763255
6795,4889,158745,41148,5352,293845,512848
9648,5944,156158,39834,4740,372691,591571
9500,5852,251571,54037,3445,234740,561219
9481,5944,420726,36796,4722,294992,774847
10277,6000,893566,46315,6352,314945,1279400
6796,5166,131682,35981,4871,333352,520608
8722,5148,224021,35963,4648,1388766,1670065
8833,6037,310842,39926,4574,1489444,1863471
7963,5240,1558721,43482,4648,1511243,3133371
6074,5314,343818,58315,6056,306529,727792
7758,5482,196748,37963,4815,1477205,1731619
5074,4778,288124,45981,5575,359538,711570
6481,5019,374242,60166,5778,1421266,1874767
4592,4926,172321,40000,6185,293176,523497
7018,5093,165512,41685,5074,1410553,1637732
4963,4870,253555,36204,5167,1488008,1796323
7611,5129,338617,34648,4908,287564,680848
6406,4963,989606,43889,4296,335183,1386380
11055,5814,146240,45185,4908,1507102,1723638
8110,5093,231671,54112,4314,1427541,1732934
6963,5074,313881,45352,5204,338374,716755
10018,6204,391572,54038,5277,1449621,1918434
6018,4740,147856,53592,5241,292234,512682
4703,4463,199009,51593,5815,239376,507719
7278,5370,282701,41167,6092,1430400,1775823
8166,5092,371893,39203,5723,1451393,1884359
10518,5667,138212,51315,5963,335711,549682
8351,5648,161774,41370,5186,256390,480867
8073,5852,248021,43000,6222,1469580,1783508
5833,4889,425083,37129,5463,347154,827255
7073,6000,1117053,43371,3981,1449136,2628336
5129,4852,135501,81352,3537,1505915,1738046
4777,4278,220711,81741,3926,306637,623737
5962,5019,307809,38722,5260,1454883,1819730
6093,5592,399705,43648,6370,331032,794144
9851,6204,150488,46463,4889,366509,586108
4907,4297,191660,37407,5130,1469441,1715472
5611,3852,279981,38463,4482,1419971,1755324
8018,5722,368414,35629,4685,1435317,1860601
5000,4111,128585,35352,4889,328634,509368
6481,5204,158610,51611,6333,256851,487812
4925,4575,255893,40148,4834,286010,599052
8148,5518,345437,40296,5667,393374,801218
7166,4685,911629,36167,4852,2272389,3239611
5314,5000,272136,29851,4537,1331356,1650879
7444,5259,253695,35630,4500,1475999,1784842
5925,4759,354053,50408,5907,306851,729959
10074,6778,439614,67834,3685,1358671,1888786
6333,5241,124379,36129,4704,378951,558441
9630,6296,187588,41889,5519,1436994,1691694
9241,5685,395336,41222,5352,1426098,1885082
5370,4204,367100,34908,5370,320932,740422
10518,6982,216921,43592,4223,313686,598756
9463,6926,154834,39778,5259,1469823,1688842
9944,5518,261711,64019,4148,1314668,1662287
8795,5686,387087,68407,3797,1424031,1900507
10500,6814,1197355,47278,4518,349525,1618435
8351,5371,134487,44593,5981,397639,598867
11203,6463,217272,35926,6333,1415552,1695324
8869,7000,310222,43537,4686,274478,651292
8277,6074,398209,70204,3797,259804,748458
10629,7186,133288,73445,3629,1491517,1722027
9055,5370,190943,45463,5574,288017,546867
5833,4278,277745,43556,4778,1434374,1773101
10055,6611,357992,58241,6315,1432182,1873452
8333,5778,164812,38241,5648,380684,606108
7425,4686,174466,95074,3741,1380598,1668435
8814,5870,249269,42981,6056,1392758,1708490
6518,4704,343219,38537,5186,1441344,1841731
9944,6759,732708,41907,3908,385971,1183697
7352,5204,134045,33796,5556,319192,508016
7944,5370,221663,47037,5778,309537,599811
10463,7259,377021,49203,4908,294716,745811
9537,6463,415008,46092,6982,1396685,1882841
11407,5481,120292,36055,5259,326818,508201
8444,5389,183816,49074,4963,320440,574978
5426,4333,275729,44463,6482,351600,690570
9351,5871,378105,88612,4074,346000,834106
12222,6685,130796,32019,4444,345461,533886
9148,6370,198358,66852,3166,1420225,1706360
8296,5704,283882,65352,3204,1472626,1842360
9518,6500,343518,36556,4648,1477527,1880526
10814,6592,424765,39389,4000,1336206,1824508
6907,4685,127862,48686,6259,323505,520534
8981,5426,425481,46926,4518,1580267,2073933
5370,4333,306542,40463,4629,360584,724755
5537,4537,319047,70982,3685,1464849,1871230
10018,6722,135182,29982,4056,325555,514034
5111,4296,190133,47407,4093,312067,565978
8944,5611,270972,47223,6555,326820,668663
8944,5574,367923,38352,5204,376202,805033
5611,4000,122928,44482,4555,408476,592904
4833,4037,160193,40445,4907,305989,523108
4703,4148,247051,39278,5407,333983,637014
12295,6482,329020,32482,4704,348327,735829
8130,5537,408619,44389,6166,404450,880051
8314,5704,125346,32963,4778,345651,525534
9240,5796,228260,53759,5352,1320527,1624990
6241,4592,312970,43704,4778,260878,635256
10222,6833,396032,67648,3907,257668,744348
5518,5093,313148,47889,4407,1500656,1879619
8240,5334,183283,41926,4981,416287,662107
5296,4629,282160,31278,4926,1401423,1732453
4388,4704,381092,45056,5648,303255,746681
9629,5815,153875,33870,4833,344622,554719
10463,6888,154289,39055,4908,436911,655385
6166,5370,253202,43685,5500,291610,608478
9667,6333,334263,47112,6444,1397504,1803842
8999,5945,419288,43037,5870,1420627,1906859
10370,6037,128701,39148,5111,310537,502516
10018,5796,218929,40889,5500,1478654,1762045
5851,4222,365546,44186,4741,349486,776162
10999,7111,121089,42574,5296,333909,523145
6851,4648,185299,37833,4370,287125,528441
10722,5963,186174,34149,4796,344914,588811
7148,4592,278959,53945,3796,536258,886569
9352,6166,748522,40500,4574,322935,1134235
6426,4888,137396,45445,6074,328045,531367
7518,4926,676773,44537,4686,345146,1085808
10018,6796,239057,39463,5500,319273,622608
10351,6204,491674,37870,5482,314469,868088
8351,5408,643661,31797,4981,286259,982661
10814,6908,130092,55870,3556,324182,533404
9926,6666,209432,35148,4796,280992,549405
9870,6278,307104,46833,5686,1367311,1745897
6684,4426,390425,36112,5166,1436972,1882693
10889,6407,149134,35167,5093,299659,508942
4647,4019,186344,52259,6630,1419202,1675490
9759,7203,278628,40907,6038,1500954,1845619
12055,6611,356986,44537,5926,1357263,1786638
6648,4166,130065,42315,5204,387061,577552
9685,7000,158219,45278,5648,1384660,1613009
9185,6129,240541,42259,5037,1377691,1683509
9203,5723,336416,51241,5630,252116,663163
9777,5482,424089,49797,5981,1427400,1925396
8870,5815,130780,39000,4741,329569,521201
8277,5371,224711,40000,5723,1394704,1680824
9148,6167,302977,30814,4889,365815,722052
11203,6629,396113,40797,5240,360790,823680
5721,4185,121989,39796,5019,339416,518793
9870,6482,180235,42037,4778,317780,563756
6907,4666,278130,35000,4260,344440,675848
11147,6408,442599,47704,4889,355914,871050
5685,4241,192308,42389,5389,230170,482701
9962,7204,189981,67222,3407,1431787,1712490
5148,4056,1019729,33389,4315,401873,1470899
9592,5556,150159,28722,4148,444893,645293
9870,6945,420888,47889,6407,1308435,1802657
4833,4611,124764,37407,5352,351308,531146
4500,5037,219177,34981,5334,1483387,1754638
9944,6037,301627,40482,5111,1492788,1859341
8203,5704,410671,40481,5315,300473,772940
6148,4463,1925254,45445,6407,389306,2379338
8314,5648,181256,35222,5223,1387382,1625731
5962,3833,470948,56963,6019,432935,979198
10166,7278,362102,39296,5519,1440702,1867675
9852,6481,156126,36833,5685,273687,490720
10777,7778,165539,69908,4055,334180,594367
5925,4149,248507,37834,4204,1494833,1798341
9406,6889,327792,37111,5185,1478216,1867007
8815,6333,415075,58204,3908,1379524,1874471
5611,4185,126932,42371,5037,355212,543071
11480,6500,248884,43889,5981,1479477,1798471
8425,6185,297038,39574,5759,348237,707274
5241,4685,393469,39241,4870,1456538,1906082
10241,6463,164771,37704,4166,276874,503072
8611,5018,189555,39019,4592,1417954,1666824
5407,4741,274042,36037,5519,1521873,1849545
5685,4333,363493,48778,6945,320465,752700
9111,6296,165943,41482,5574,301813,533127
6852,4740,159986,85000,3852,1438819,1701379
9555,5871,242658,40278,6167,1406961,1715342
5259,4315,420294,36963,5519,318330,792718
8425,6222,1246692,81555,3889,1430589,2780187
6036,4593,123861,37093,4166,370118,547960
8629,5815,221867,36463,4389,281555,561089
4907,3815,318928,56593,4648,391845,783088
10555,6963,399750,48408,5889,1409128,1883230
7833,5129,125477,32760,5240,333872,512978
8851,5667,519817,47963,5759,1420764,2010988
9036,5834,651897,82167,4074,1460497,2215561
8999,6056,357828,37037,5186,312389,729514
8684,5389,131742,39870,4963,314756,508367
8685,6759,153081,42296,5352,403545,622071
10389,7222,727884,38482,4370,375220,1166475
10592,7389,348519,73352,3519,315643,761848
8703,5444,1581232,46815,6481,403646,2054766
9351,6019,120456,50796,6278,353615,548738
6296,4574,222814,54796,5426,1420676,1716620
10203,6426,296450,43759,5000,1516984,1881545
6129,4630,453104,50611,6093,1464143,1987155
5314,4315,156035,43019,4389,370035,585386
4796,3852,194078,44445,5166,1397024,1652102
9074,5537,274103,55722,6463,1375202,1728250
12685,6352,360535,36852,5277,349776,773718
5481,4130,228800,36352,4481,1394357,1675750
9833,7037,155361,42759,5186,1431796,1654120
9796,6370,274386,42315,5055,1418049,1758193
5370,4166,343503,36296,5037,379456,776291
7092,5741,421083,42907,6463,1519424,2004840
10684,7260,119014,44611,6037,338261,528515
5333,4555,257780,64463,4685,301476,640422
10795,6648,305619,36797,5240,1398983,1766693
5259,4222,401106,39260,5796,401944,859995
6518,4408,135278,73704,3278,397903,623163
10314,7259,181600,53815,5703,277954,539386
8870,5166,273291,34666,4667,1434663,1763416
4573,4519,415556,41592,4112,373402,846384
7647,5926,131932,45611,4889,365398,563404
57981,4962,124512,57297,3518,318967,569237
8963,5352,241851,37611,4926,1367824,1668546
10055,6537,329875,42260,5611,315768,712792
6277,4407,420363,39038,4314,348299,825476
10092,6481,1008760,39055,5222,331566,1403862
9184,5500,209449,38870,4074,1821503,2091099
10222,6444,294510,51093,6630,1368146,1739268
6963,4741,945351,46314,6000,318623,1330715
10000,6537,120280,42352,4945,382197,568849
9314,6222,185139,41148,4963,305729,554941
7777,5408,842572,39111,5333,1611802,2514208
23351,4815,341929,36259,5185,1429432,1843101
9167,5833,113804,35574,5037,321878,494016
7000,4851,156274,38129,5556,267520,481386
9556,5796,281538,65223,2981,1478192,1847027
6703,4815,388896,28278,4093,351784,787199
9999,6519,419810,50630,6296,1386864,1882785
6573,4667,123204,81445,4018,365311,587737
8593,5999,214025,42538,5222,241527,520534
10221,6315,299050,36185,5093,358205,717588
8314,5870,385241,40204,5037,316607,763995
7536,5019,177302,44222,5981,342751,585459
9889,6907,179271,34556,5296,1445090,1683694
8444,5278,265702,35908,5389,315849,639459
5667,5000,400134,45149,6648,365268,830773
10296,7000,140566,41019,6074,415023,622811
5388,4315,152924,35130,5370,375962,581311
9388,5741,239189,54944,6593,283622,601922
10296,7000,389436,47759,5296,403911,865847
10147,6019,655479,36667,4685,1289194,2004692
5296,4425,130466,45389,5519,319475,512738
9592,6833,211417,37111,4870,328173,600200
9388,5648,301626,53500,3648,1380531,1756582
5592,4297,396761,103538,3740,1404764,1921434
8296,5407,152823,71871,3129,349470,593663
5758,4334,545255,47648,6371,377609,989809
4611,3870,271242,34537,4815,1404007,1726046
9259,5778,431822,48278,5185,297729,800625
4722,4074,151198,45111,5445,1466625,1679657
9129,5741,147481,36908,5185,1468398,1674990
12611,6389,239173,110611,3796,1321354,1695990
8166,4334,343438,57389,3907,320317,739625
8074,5463,829019,43426,5297,336880,1230975
5222,4407,122450,54203,6000,466232,661366
9315,5963,217493,38963,4944,320374,599386
6648,4333,1158112,41037,4611,1909129,3126852
5370,4056,244450,43074,5371,1321929,1626454
9851,6889,128584,60556,5407,315080,528923
5295,4630,181313,54018,5908,1442122,1695971
6000,5204,279244,37482,5500,1528207,1863804
8407,5666,361288,45241,6481,215876,645107
5907,5092,132164,49018,5685,323964,524219
10611,7296,143595,42537,5500,1418970,1631194
9870,5574,239231,40037,5204,1493481,1795841
10055,6759,326700,36537,5223,256055,643829
5852,4129,423947,43852,5963,323586,810107
8296,5685,120230,80370,3760,345729,566904
8759,5463,214421,36537,5093,1461643,1734324
9426,6074,305520,38222,4759,343217,709052
8852,5703,398637,44167,5630,1382334,1847638
5259,4296,143476,35704,5278,277429,474275
9481,6759,178945,46130,6555,1387250,1637231
5741,4389,267043,51111,6000,245268,582219
9722,6037,362401,40889,5926,230854,657885
8592,5278,144258,49649,5092,288294,503608
11629,6222,145617,35926,4592,278011,485682
9463,6185,232900,39630,5296,228356,524330
6036,4852,325869,37537,5074,274109,655551
10166,7037,554395,44389,6185,321322,946328
10444,6259,124529,86426,4074,1370573,1605010
5944,4814,222480,45518,4685,230370,516349
5018,4537,306115,44592,5630,263789,631867
10481,6963,380177,44426,5351,229468,679904
9425,5722,152182,44204,6056,261463,481738
6759,4833,183039,43630,5000,1443969,1689601
10092,6037,270250,56778,5944,244969,595793
11888,6074,350848,35167,5574,1477789,1891229
9703,5723,129501,43500,4963,341810,538016
9055,5871,156044,53704,3500,265119,495349
8556,5518,1235479,39833,5945,291141,1588528
7592,5074,571224,41445,3611,1485079,2116766
5962,4370,429415,36352,4889,396673,880346
5814,4241,129068,42963,5556,296707,487238
5277,4075,220629,42019,6296,1469101,1749546
8074,5518,301062,42574,5130,1457298,1821656
6722,4259,393124,45629,4371,1439384,1895526
5018,4056,300073,41074,5130,1419638,1777730
4721,3834,198616,94389,3833,1317449,1625527
9722,6037,273900,52371,5555,1410386,1760286
10851,6204,355591,53389,4019,244757,677478
7685,6166,127838,39222,4926,329641,517553
9073,5982,150639,36093,4537,312005,520422
10889,6666,285350,90685,3871,1293862,1693435
6426,4222,339226,37037,4815,1435634,1829804
8092,4815,421177,42611,5444,1453424,1938026
7277,4833,124274,45926,6537,340834,532459
10129,6519,207743,37778,5833,350420,620811
6925,4130,301286,42130,4926,247876,609718
9406,6575,379051,49426,4889,1518974,1970933
9889,6592,159280,47463,5277,647568,878921
8370,5722,209082,92648,3945,1405612,1728064
5740,4111,280921,34611,5074,284668,617237
9648,6148,361594,43537,4333,1480970,1908397
5185,4111,136636,79148,3519,370823,601496
10314,6630,140661,41574,5426,324410,531719
7833,5407,247556,42148,5000,1394824,1705435
8370,5592,360914,65296,3315,2169127,2615077
8759,5685,416549,39445,5074,1475402,1954341
6925,5259,143444,37185,5389,334683,536385
11314,6223,201931,43444,6389,320584,592349
6629,4629,302086,39851,4556,1452627,1812508
6315,5333,452295,43556,4203,297293,811273
5685,4389,143078,43611,5166,300105,504071
11240,6760,177658,44611,5463,258080,505923
5851,4315,118293,36482,4889,347499,519626
11129,6259,349578,47444,6167,274566,697199
10778,5981,147157,33371,4981,330062,534497
11110,6278,139811,44259,6056,305408,515404
8870,6315,273984,48833,5704,1395173,1742379
8889,5889,321230,42556,5333,337062,722885
6333,4593,461403,40704,4259,308407,827607
7259,5462,126854,54907,3945,307106,507682
5370,4444,220359,39741,5889,1433001,1710601
5407,4297,301254,39592,5575,325075,682867
5944,4648,391372,37667,5592,274347,721755
5240,4352,138413,50649,6166,300639,507515
7962,5315,174475,40056,5907,1475256,1711212
6629,4889,270166,33537,4167,1397083,1719379
6370,4666,358895,46500,6500,234842,661311
11130,6185,123641,38315,5203,325282,512331
5611,4278,153646,40371,4500,449794,660941
9018,6259,231172,38982,4240,1466819,1758231
7537,5444,367937,88019,3444,213578,688144
9314,5463,452202,64537,3056,1356027,1893340
7889,5333,841246,28908,4129,1435759,2326024
7832,5463,204232,50278,6445,1478924,1756082
9314,5815,296034,42667,5685,296684,658885
8240,5278,343985,53574,5445,1390801,1810064
6166,4297,190120,42740,5371,272043,523627
4481,3926,216737,44574,6463,217630,496497
8092,5352,261540,36796,5315,1434154,1753879
11018,5833,350287,35833,5056,1391536,1801619
6611,4778,126847,42629,5000,407242,595774
6425,4871,151927,44204,5425,1408842,1624509
6926,6166,240248,34019,4444,1398520,1692435
5388,4889,330606,45055,5167,1440328,1833563
7351,5204,1825115,41148,6315,1456032,3343555
5815,4981,144750,34926,5722,1446537,1644787
5259,5167,561031,71667,3574,1279069,1929174
8944,4908,300333,61056,3759,225145,606923
6129,4352,392005,57686,3203,1290336,1755878
6185,5129,166882,44574,4445,302189,531330
10629,6666,173203,35222,4741,1495584,1727823
7314,5407,269598,43203,5260,1470985,1803582
8630,6611,354159,37203,5334,299226,713570
8351,5722,135628,35592,5334,306869,499664
8166,5222,143763,43334,5055,1487765,1695898
7370,4648,233528,48259,5093,280598,582256
6963,5129,381202,50240,6278,263887,715867
6481,4759,410911,38593,5518,245937,715052
6018,4574,122416,34926,5445,399969,576052
8925,5722,200848,38500,5334,247686,509830
6129,4611,295724,78464,3703,1389951,1780860
10314,5852,379027,36500,5667,1446777,1885915
6518,5260,174384,43055,4334,334186,570534
6944,4630,188353,34148,4815,1494674,1736323
4463,4241,267618,49815,6222,292286,626441
4444,4111,370272,32315,4889,1436587,1855415
9352,6166,127982,31852,4685,348571,531386
8444,4982,147265,46389,6167,1491095,1707750
7055,5037,231809,40629,5704,1325090,1619620
5129,4944,332000,46815,5092,1426398,1823230
7314,4796,409988,39018,4908,376063,844236
6963,5778,120992,35408,4407,380597,556960
5574,5370,203943,46112,6370,321720,591867
6315,4629,308560,47426,6112,1421003,1796694
6184,5000,765827,43241,6222,317000,1147197
8369,5278,149331,79723,3648,304314,553533
5926,4481,175689,38000,5315,1456098,1689250
6277,4389,271158,38833,4741,272764,600848
6314,4778,719276,59667,3666,1261583,2058081
6907,4351,129262,47056,6315,313235,509404
10611,6370,522306,43204,6000,1425423,2016470
6129,4185,282366,45815,5797,1373660,1720656
7055,4889,196613,35667,5222,357069,608793
6629,4982,804565,46666,5130,1328534,2199376
7278,5314,127569,43593,5334,324816,516627
6166,5000,209760,42315,4926,1417027,1687990
5796,4648,312173,57593,5204,315433,702718
6888,4371,606902,39426,4649,1271882,1936989
5055,4204,173519,68963,3592,1630193,1887749
7481,5037,187173,41778,5407,340361,589978
4888,4296,265605,43611,4408,217207,542145
11018,6037,432259,44945,6278,303976,806569
7148,5056,151375,41204,6111,1436059,1649009
46129,3500,119974,76815,3685,1498386,1751212
6240,4649,239554,39574,5185,1434140,1732805
10685,6092,351153,44093,4481,316454,735088
6925,4796,411382,47611,5407,1408182,1886748
9777,6297,184219,42130,6259,280796,531812
7499,4556,215355,39648,4945,226531,500590
11740,6093,299639,40592,4704,278598,643626
8981,6111,384257,51777,5741,1417733,1877119
8981,6240,132280,49241,5945,329420,534256
6666,4463,172267,41297,5944,351451,585126
5463,3925,272534,73722,3593,1407623,1770434
8129,5167,353298,38945,4426,1396357,1810341
6481,4611,132933,33241,4685,353156,538460
6592,4797,142976,33074,4444,314151,508164
10647,5945,580038,41389,5797,1514022,2160802
5407,4222,1025064,38778,11500,1397736,2485486
18296,3963,102864,37796,5593,320448,490701
9777,6055,154852,42815,4130,320126,539478
7981,5685,200283,65093,3889,1524354,1810008
5055,4260,1168477,38426,5203,317292,1542677
5629,4334,426425,65519,3555,1509600,2017748
9351,5759,129857,33297,4185,1944334,2129321
7722,4593,175344,44926,5278,1369535,1610047
7815,5389,863222,35592,5000,1631356,2551152
6499,4426,350838,42130,5425,1503818,1915859
7092,5148,136399,40481,5222,346302,542478
11889,5722,135553,40259,5241,369962,570886
6685,5315,235781,55908,5185,1435986,1748175
7092,5148,327584,36593,4703,310709,694403
7277,4667,413608,47741,5129,1473659,1954859
6759,5296,164113,51001,5796,284643,519478
5814,4278,203009,48426,6148,1447241,1717620
9925,6130,328107,70630,3851,1470475,1891711
7722,5500,428724,78926,3260,260511,787348
9241,4796,162952,38722,3259,330471,551775
7444,5130,170198,53315,5945,249669,493683
6722,4500,262464,46926,4759,276773,604219
10259,5981,347766,58352,4037,1398964,1827434
6814,4407,123698,37204,5352,329558,509812
6314,4871,147907,43019,6092,306201,517293
7852,5055,229876,45797,5981,1394411,1693250
6241,4333,335419,55556,3741,297947,705237
6203,4741,416129,40871,6296,1460267,1937174
6185,4352,193875,49074,5148,295288,556571
7555,5444,198770,33667,4574,1435332,1688064
6407,4685,292036,46167,4796,305090,661941
7278,4629,424153,94889,3759,1335818,1872360
5018,4667,130769,47741,4296,322673,517960
6481,4425,368498,39759,6056,330442,757680
6240,4926,268374,42241,4981,1764763,2094395
6666,4389,369195,74630,3611,302930,764199
6518,4815,124348,41982,5666,309964,495608
5444,4444,143577,40148,4444,1490118,1690953
5481,4592,855084,45519,5574,1272459,2190931
8703,5278,322700,88704,3685,1377827,1808712
10277,6426,422521,48741,4444,2029113,2523263
7962,5444,278508,50296,5871,1436204,1787026
6389,4444,200847,69407,3908,293557,580275
10111,6074,290797,43111,4945,1416341,1773601
7110,4871,397266,42093,4926,352544,810829
6073,4926,138605,41945,3907,325577,523812
5555,4370,179315,43592,5797,1458101,1699453
7277,4611,267302,48075,4759,1373040,1707453
7092,5056,359345,46648,6204,354984,782792
10055,6871,141369,35870,4204,334628,535238
6851,5519,152652,29537,4112,299529,500682
7222,4000,236307,56944,3852,1428405,1738990
9833,6500,410609,30352,4612,282089,746533
9444,6740,404579,48389,4889,1442540,1918711
5388,4130,128639,85963,3389,1469444,1699120
10573,6093,194219,43537,4259,1349198,1610361
8815,5777,292744,37834,5444,1427635,1780453
9777,6704,371306,41222,5241,318875,755588
6981,4666,159534,40740,3760,303278,520997
10110,5797,165706,37481,4334,1416914,1643861
7055,4833,305101,63778,3129,1468055,1853933
8296,5888,351978,57518,5778,223686,654848
7610,5371,126279,43222,5907,321978,512108
7278,5351,137989,41074,4759,317620,515794
8537,5740,237625,39852,4518,1481717,1780379
8240,5407,323279,42167,5185,342958,729014
7500,5185,406488,37000,5778,1464112,1928822
9703,6018,767551,42167,5407,1267604,2100988
7648,5148,202407,33537,4759,2141783,2398023
8574,5981,293284,39555,4889,1367040,1723546
7167,5370,388215,76760,3315,315039,797644
10999,5741,124017,44185,5537,325091,517182
6704,4870,177171,46722,4445,287103,528738
9537,5703,270048,44260,5666,1456868,1793823
8815,5629,365721,49111,6074,1482935,1920712
8814,5389,138781,37019,5166,310531,507386
6444,4537,141194,86260,3648,379135,622885
7203,5241,226200,35982,5018,1379105,1661472
4889,4352,343855,41963,5167,324048,727144
8740,4945,401509,36630,5092,1372962,1832490
6315,5462,133996,39556,4482,325704,518053
6906,4649,205817,39629,4259,301328,564830
6388,4426,320564,39778,5130,295413,673848
6389,4814,382330,69685,3796,245389,715144
5833,4667,162686,75315,3611,336347,590589
7314,5371,174729,43259,5667,1490335,1728509
6203,4556,258809,33760,4851,322465,633348
5814,3907,363075,44908,4259,313384,737995
4592,4186,139783,30130,4204,332935,517534
4648,3926,143752,37019,5259,399077,596534
7259,5037,282074,45981,5408,1385064,1734490
5962,4593,327598,33889,4426,1432743,1810952
4907,5222,408420,37444,5093,1384607,1847805
7833,5148,124906,56926,3500,371535,571978
10740,6297,194263,54704,3315,1394764,1666120
7185,4889,294140,39500,4834,1418793,1772323
4981,5129,387647,54185,5611,315349,774995
9443,6482,140300,35629,5315,301994,501237
7778,4944,166121,48500,6537,266561,503275
8370,5185,257923,36944,6704,1420530,1738416
6204,4574,354336,44056,5074,1526578,1944452
4703,4241,130286,37870,4167,355859,540608
9703,6260,141329,39833,5148,1457236,1661583
9147,5611,238799,49852,6296,1362229,1674194
8370,5574,321249,54018,5852,289784,686959
8685,5759,401977,49500,5111,1509401,1983211
7389,5203,136798,37129,4945,319903,513460
10185,5518,201655,69352,4019,269601,562423
7296,5351,293699,40333,6074,1424736,1779564
6407,4500,488427,33000,4815,254198,794255
4759,4037,149635,46963,5223,300565,513867
7500,5000,167216,44240,4686,327058,559219
7463,5833,261370,58889,6037,1472472,1815157
5148,4778,359931,39167,4333,347638,763218
9962,6111,889680,44630,6259,357628,1316344
6018,4982,138128,30852,4537,367813,554293
8018,5778,225282,47408,6055,1486948,1781805
7722,5574,315770,46333,5871,345059,728478
6907,5315,408053,41260,5666,1426750,1897545
10629,5333,135430,41166,4704,359938,559330
9092,5815,193102,43407,6019,1430666,1691416
8277,5352,300275,32981,4852,1467937,1822841
8610,5667,374818,38426,4074,336640,770458
8740,5537,127490,75944,3538,295247,518571
7741,5611,165347,50741,5667,290334,528072
6296,5148,254428,42407,6519,1438155,1755286
4592,4852,357434,36778,5537,1417463,1828879
9999,5667,123180,39074,4852,374724,559552
4296,4907,139797,42389,5352,396699,596256
4592,4759,228877,38649,4537,1407316,1690823
7851,5778,315327,38501,5092,339057,713792
12184,6426,466705,42000,4055,375772,910420
7148,5222,130209,43815,5111,334936,529608
5852,5277,205049,44630,5593,235911,504368
9314,6074,281704,40555,4759,1385435,1729916
5963,4555,457099,29463,3889,308341,811477
6685,5018,129085,39426,4111,341375,527701
9592,6333,171239,40500,4482,1454529,1688805
7999,5704,263208,64834,3963,263566,611385
8481,5407,349640,54519,6185,1504664,1930896
7259,5333,126108,34223,4315,340925,521127
5277,4333,146707,45686,5796,1427543,1638083
8981,5778,236305,36241,4482,1467887,1763064
9037,5296,304738,38593,4037,1254067,1617861
8203,5778,451040,47759,4982,319510,839328
8592,5518,326046,36111,4111,1410463,1792971
6574,4926,196662,38574,4333,1451347,1704694
9481,5574,286206,54019,3629,1449821,1810897
7332,5926,412138,37908,4314,344210,813958
5851,5574,137495,42352,4815,322446,520960
10629,6796,160668,43685,6500,709457,939661
6351,4741,265118,57166,5778,1468872,1810137
5056,4203,354254,54704,3926,221520,646237
6907,5148,146019,35537,4537,326293,527145
51259,4537,120061,46223,6092,306677,537627
6592,3982,227382,34018,6093,310448,591145
6277,5000,322944,37167,4333,338293,716922
5185,4111,405857,34593,6185,1462928,1921119
8259,5333,179733,80963,3519,244153,524108
10667,5759,197239,33704,4351,1458900,1713565
5667,4240,300171,29130,4556,1438318,1784546
7426,5018,375140,83500,3371,1442293,1918785
9981,6055,141072,47500,5018,302019,513571
6388,4297,190095,67501,3500,1471801,1746212
4518,3926,265731,31426,5538,240302,553608
7759,5833,377405,41703,5186,289572,729514
10444,6537,128206,36185,5463,327439,515997
9555,5537,141174,67927,3555,286378,516219
6925,5093,234959,43074,5685,226279,524164
8851,5556,314761,46296,6297,1500265,1885193
5369,4315,504101,39537,5333,409653,970309
6481,4241,129495,39666,4667,327095,513349
9259,6185,191760,49259,6315,259367,524534
7648,5870,285396,57407,3704,238508,601367
6369,4389,381143,29796,4593,1535661,1963692
5536,3908,160073,52075,5370,316404,546052
7926,5574,168950,43796,6408,353324,588590
4907,4166,578587,43444,5315,1416513,2055117
7111,5574,371573,94186,3666,1311750,1795990
9703,5185,278876,43333,5389,1432207,1777527
5259,4277,144752,86037,3407,282135,528664
6944,5259,222387,38019,5092,1381826,1661694
6519,4870,320004,42185,6889,1416467,1800564
7759,5037,406640,39259,4741,1507571,1973822
5315,4685,124793,51778,6130,326703,523016
6833,4888,193781,33963,4611,1447747,1694749
6389,5722,293583,37797,4926,256783,607960
6407,5259,385386,31870,4741,1441085,1876582
4999,4389,168076,39778,5593,304624,529274
5815,5222,189508,107760,3925,293155,608015
4870,4759,300663,59574,4296,273927,649867
12963,6241,348983,45574,5630,1513505,1935175
6092,5111,126026,37093,5222,348323,529701
5537,5240,135661,44056,5204,277225,476349
5036,4685,263483,36518,5111,1519489,1837174
5240,4889,323358,39741,5167,1467890,1848082
4463,4333,424328,57167,4740,322872,819551
4296,4333,118111,82148,3852,280664,496442
4315,3926,209228,37351,4352,1448633,1709565
11110,5982,283400,38111,4241,242930,587515
10148,6907,412722,71685,3444,1499749,2006859
5907,4148,126856,34611,5019,317159,495793
9741,6315,168362,36944,4556,1475813,1703805
9148,5055,264776,39167,5018,1416548,1743694
8870,6093,352800,45704,5648,261270,682385
9629,6611,358658,56797,3444,1521460,1959062
9074,5944,136516,47574,6185,302074,509516
9778,6037,217781,79685,3778,278993,598608
8370,5981,315546,54204,6278,304672,697162
8648,5667,328700,46815,4796,1491308,1888508
6481,4519,134298,42445,5815,355457,551257
10555,6222,751713,43481,5815,341743,1161271
10185,6685,282329,39926,5648,249205,595700
5610,4556,250909,39833,5093,1579247,1887489
10629,6518,153822,39278,3519,285564,501052
6351,4241,170828,38593,4722,294965,522479
8648,5944,255112,37629,4352,238682,553164
9518,5445,336118,40018,5389,1454835,1854249
8278,5407,130623,40649,5074,316633,509386
5999,4630,152870,46611,5185,1493491,1710972
7092,4871,221672,42018,5204,1480781,1763397
10426,6185,306771,39167,5037,263188,632515
6907,5037,403054,42612,5240,1459879,1925063
9166,6055,129505,40667,4926,331603,523608
5462,4500,203288,45519,5407,1453795,1720230
9147,5926,277257,37778,4871,1461176,1798841
7703,5537,387171,37481,4593,365380,809477
8518,5667,126380,54444,3908,325191,526960
9166,5852,160589,51186,5426,264370,499367
6555,4833,255225,50945,5129,1437802,1762397
9518,5685,357250,56649,5555,1528757,1965304
6389,5592,135274,44333,6056,393390,593738
7296,5074,136502,39611,5000,326680,522627
7962,5648,231823,38037,4852,1443963,1735119
8888,5889,320829,47759,4408,1478919,1869248
10315,5740,402854,49944,5704,204958,683996
8110,5852,160655,39741,5000,308823,530997
8741,6092,189161,42871,5259,1505847,1759694
7351,5130,278889,37815,5222,309366,645940
6721,4834,600618,32741,4870,317969,969513
6537,4926,133160,76500,3018,307448,534330
5426,4037,180073,34389,4500,1531102,1761342
7056,5055,249635,38741,5241,1360170,1668287
5981,4982,520771,80482,4870,1411995,2031211
8166,5166,119851,41722,5889,343147,526034
10463,6296,670228,41445,6000,356321,1093494
6203,4148,224585,48129,5093,250505,542237
8129,5593,1069185,52519,5833,298473,1442603
5148,4518,405190,39666,6130,1427281,1889786
5721,5037,121380,37981,4982,318877,496886
6407,4611,193775,44370,5889,1480586,1737972
5258,4574,331929,90315,3889,1239284,1678138
6037,4518,372269,40259,5407,1459221,1890545
5055,4000,175607,34426,5222,319612,546145
10796,6593,194502,42166,4612,1412914,1673972
7537,5629,257267,43445,4315,298247,619182
5055,4111,351625,43519,5648,1477327,1889971
4759,3833,139446,41870,6426,274570,473035
8018,5482,131710,45797,6148,280990,480275
10795,5649,219253,32426,6111,249744,525737
5518,4222,392390,79833,3593,260625,748329
7426,4889,404766,34018,6296,1433002,1892471
4796,4093,140956,87500,3611,1527849,1770583
11110,6167,207740,68556,6648,1382769,1685749
8277,5685,323117,46018,5297,1499613,1890507
6722,4592,375345,57204,3833,314780,765069
7592,5074,155647,39259,6000,291832,507497
6296,4852,176504,38519,4555,1483412,1716713
8684,5815,253881,57870,5686,234949,568959
6036,4723,354090,42926,4426,1512639,1926637
10111,6018,719931,41296,4223,413599,1197345
7148,4648,133528,41944,5223,1482629,1678083
7721,5204,605831,42278,5407,309738,978698
6184,4686,1080615,31797,5222,1414073,2544744
6389,5370,400213,48981,5371,236228,704608
6481,4426,118940,44037,4371,344019,524219
8907,5833,229946,95741,3685,1329489,1675564
5796,4648,786157,32000,4167,316614,1151660
6222,4574,385088,55185,3926,315185,772421
11426,6259,119964,43407,6834,327348,517349
6333,4593,176451,52111,3574,284879,530071
6166,4519,257105,43111,6000,1870308,2189414
8425,5815,390964,39518,4648,309996,761940
10425,5815,151006,42444,5926,1498022,1715675
6852,4463,137085,41649,5592,336300,533905
7351,5112,257869,45241,6278,1442824,1767416
9574,5907,319968,40241,6537,324657,708533
8296,5000,398548,47112,4814,313614,780033
8814,6130,119702,37685,4166,349277,529645
7666,5074,196930,47371,5944,303159,568275
8944,6370,274566,36889,5093,1372609,1706490
10277,5759,371757,45371,5796,1466917,1907729
7333,5315,137040,52111,6278,394197,603904
7407,4759,159694,43149,5426,1449851,1672027
8370,5740,251590,54203,6260,258740,587033
11352,6092,337336,45686,5963,1435468,1844601
7184,5167,471620,39500,5482,1498886,2030062
8926,5851,141348,40518,5130,1398014,1602472
8277,5611,261298,37648,4204,1326841,1647509
7593,4888,308027,39481,5037,1475797,1842916
5499,4944,406199,51871,5130,287870,764254
4425,4685,208057,35592,5019,287051,547497
10814,7074,184340,56371,5389,276379,543312
8907,5500,280143,42166,4574,1402404,1745990
12185,6370,361297,37593,4555,335977,760144
9814,5871,128709,38889,4518,334714,525219
5370,5223,979846,47667,6500,374719,1421529
9333,5870,253629,45667,5722,1882766,2205469
8796,5926,339449,38538,5259,407008,808866
4796,4407,123140,34463,5241,376634,550775
26092,4722,112647,41944,5167,392924,586071
6759,4352,232819,39482,4481,1885372,2175914
7148,5222,310251,45185,5945,1474386,1850341
9555,6612,401034,44797,5241,421274,890810
9574,6777,176078,42629,4037,273272,514553
9592,5815,187509,38129,4574,2146829,2394578
9351,6389,278645,54018,5334,273388,629959
6759,6148,437021,35223,5166,301789,794847
6037,4574,149415,43352,4297,305451,515201
7648,4852,161421,51556,6389,1417661,1652935
9963,7111,243483,42426,5907,363328,674330
10296,6481,355545,44574,4352,316358,739699
8796,5740,568422,37704,5333,1280586,1909174
7962,5074,135371,39648,5223,1522508,1718268
9537,6037,219507,38370,5130,1478409,1759435
9074,6074,311883,47481,6223,259168,642274
8685,6148,399278,37685,5371,293903,753218
10443,5686,160820,35648,5297,348231,568533
5295,5186,189530,53074,6166,316504,577867
4703,4815,280739,45241,5741,1454324,1799230
10130,8185,373986,33741,5074,1372633,1805934
9203,6334,122047,75908,3185,433226,652719
6444,4611,172794,44908,5704,1423770,1660528
9574,6444,243060,48352,6296,1448949,1764842
5444,4426,347843,62149,6703,355985,784643
6703,4370,1079963,41963,5833,1369319,2510837
5203,4407,131559,43018,5630,1499284,1691546
10166,6574,217306,46352,5129,192562,480331
10463,5555,307293,37148,5297,238944,606830
8851,4593,399021,34556,4963,1487393,1942100
6129,4260,124082,44555,5241,351193,538071
11222,7018,189218,44037,5000,1402495,1661953
6055,4760,290668,38000,4407,1390193,1737046
9129,5981,377841,42241,5037,1432760,1875433
5352,4111,168624,30019,5055,394391,609589
10148,6778,159963,42445,5611,282534,509535
9277,5593,248599,39630,4796,343305,654033
6314,4074,1089867,53148,5370,1944746,3105723
8166,6185,741910,43074,5204,402713,1209808
6278,4296,127876,44278,6314,354714,545905
8463,5648,214789,55186,5796,258448,550516
8536,4667,360592,33500,5111,303941,719125
5240,4278,411913,54667,5759,509026,993143
9666,6796,168196,81278,3352,275393,546348
6870,4555,194017,37907,4612,293961,543552
5407,4740,316171,45797,6407,1430319,1811230
11055,5778,368714,36555,5259,1452776,1882341
10018,6222,140571,44649,5166,315722,524441
6833,5000,158429,38981,4612,305345,521756
6185,5093,254231,37518,4963,282229,593404
5814,4278,383682,65741,3185,1450474,1916489
9796,6889,465466,90278,3481,1441948,2020563
9573,6278,139675,36074,4222,321822,520182
10537,6203,217922,47666,6445,1395921,1687527
9314,5778,314983,48500,6389,338216,725292
10721,6945,438489,93000,3482,204247,758940
5666,5037,142698,120204,3222,1492773,1772508
8240,5741,197574,45908,5407,1448157,1713934
6185,4852,284877,38685,5296,304879,646941
10240,6944,380383,39186,5407,395723,840476
9389,6055,126388,46667,6333,315128,512479
10685,6018,158820,34223,4981,300418,517738
8944,5722,251030,66575,3740,298411,636922
8592,6129,339962,37556,4815,331034,730570
8351,5315,128653,45092,5612,321418,516571
6407,4092,134622,39704,4629,371968,564404
6093,5111,229442,49741,5667,336016,634812
4833,3926,315004,40666,5408,366417,738551
7703,5685,393751,41037,4926,1396998,1852526
6407,3981,128682,44871,5463,372907,564886
10203,7037,181151,47630,6222,1473691,1728694
7759,5018,286546,36945,5296,335413,679422
9481,5574,449664,35315,4296,274814,781959
8574,5425,125558,36815,4555,312218,495905
9592,5796,154286,44685,4093,307156,528127
7148,4833,243736,54778,6093,293204,612774
9574,6037,355261,32926,4259,334568,745237
9092,6203,422619,46463,6352,324099,817421
9462,6778,127587,41500,5389,379521,572941
9962,5630,211944,42056,5482,1457934,1736934
9444,5852,334247,55796,4019,1493149,1904841
5926,4203,397476,84704,3685,1346884,1844952
9889,7074,132536,40741,4389,340423,537516
8333,5555,184746,58297,5685,279454,544441
8666,5667,276641,39630,5333,313540,651959
10611,6111,389277,43574,4852,326885,783366
9722,7130,133985,43223,5481,335178,537201
5573,4408,158473,55463,6704,318523,551959
10444,6592,247887,43519,4703,206592,522367
9648,5574,343337,45556,4833,1468134,1880415
9536,6556,125417,40166,6112,350172,540071
8592,5722,134867,41574,4537,313667,511756
7832,5556,256318,44592,4574,1451006,1772526
9963,6166,313991,47593,5166,300376,685348
10148,7111,394367,45759,5426,338906,804570
10888,7685,134632,80111,3426,351273,590756
8407,5240,185619,45538,5351,339304,592089
6278,4444,274866,43000,5111,257112,593497
9240,5944,426539,35981,4963,370160,855458
8759,5667,140729,78463,3592,268935,508590
5629,4111,157828,75037,4111,309187,558830
10573,6482,246778,38037,4426,1342824,1651916
5444,4186,341895,37741,5629,1359502,1756453
5481,4204,587235,41611,6315,384722,1032254
7462,5759,123648,41370,5426,1492510,1678305
6018,4315,222301,44000,5797,1464577,1749175
9925,6241,346308,39056,5777,286411,696181
9444,6907,433832,50593,5445,1413508,1922248
7277,4852,291190,36759,5148,1425596,1772878
9296,5370,179862,35685,5167,1482091,1720064
5500,4574,275386,36871,4926,207221,536941
9111,5889,356634,35351,5038,1478725,1893508
5963,4425,155251,43240,6574,314340,531941
10944,6019,148181,35815,5093,1379457,1587954
5278,4259,253243,44686,5222,1318988,1634398
5055,4074,335749,44075,5962,1495684,1893100
10407,6963,470533,33760,4481,382683,911550
5647,4167,127576,44981,6056,302088,493089
4907,3926,221452,53000,5574,215193,506497
10277,6574,297514,45278,5185,1494105,1861489
8962,5963,389242,53593,4833,219939,685255
11185,6667,153840,43167,4222,336360,557997
10370,7167,179901,56760,3685,1438922,1699861
9000,5981,278019,36908,4425,1459916,1796527
5592,4704,383006,35667,4185,1437149,1872507
10666,6296,136068,68537,3315,300114,527867
8258,5704,152240,49926,6259,276054,500774
9833,5889,240672,37963,6241,1399466,1702824
8981,5778,334660,36796,5685,1507404,1901527
10722,5926,420999,45259,5834,1389416,1880378
9555,6759,121856,52778,5852,339696,539256
7703,5222,220732,41667,5334,341856,626589
10258,7130,304035,60333,3834,229665,617848
7166,4444,122892,43574,5371,417419,603348
9666,7074,472343,35945,5352,1516811,2050006
9000,6277,178627,36148,5148,481925,718940
6444,4667,274225,59741,3815,1454097,1805490
7796,4315,431565,46852,5259,283727,781588
8888,5889,263014,39167,5407,1400106,1725249
6037,4500,170001,46501,7370,391069,627923
9814,6945,533267,39871,5333,309672,907402
11018,6277,326033,37648,5259,1490957,1880470
6889,5055,435242,33852,5445,1287395,1775860
7907,5352,129358,41537,5241,313379,505682
10111,6944,209495,62296,4148,1416070,1711268
9981,6481,304871,34166,4075,376236,737866
7703,4871,399450,52964,5277,322786,795051
10296,6611,138345,83185,3889,236615,481442
7222,4463,190758,49019,5648,227795,487035
6111,4185,279505,46111,6556,1341392,1686064
10907,5833,451401,31278,5166,280132,787329
9722,6926,138794,43093,5278,337757,544275
6055,4463,170486,46111,4167,316641,551349
11315,5648,245714,54667,3833,1429035,1752287
9518,6778,332961,52537,3352,1354140,1761786
6277,4871,1136413,34889,4796,1296943,2486930
6110,4463,127898,77167,3500,279284,501312
6407,4019,220589,38556,4222,1472530,1749175
4425,3981,310114,34241,4185,1495783,1855267
8610,5667,390157,45204,6259,1437814,1895933
10426,6981,178051,40982,5370,476760,721477
9814,5778,198594,42185,6352,1452729,1718268
6907,5037,285786,46426,6222,1372130,1726194
9759,7963,359866,39778,5963,1471234,1896638
8981,6741,152093,35871,4926,306422,517423
9500,5648,156025,47907,7482,292842,521497
9815,6740,237661,42056,5148,337965,641775
6926,5055,332964,40777,6149,280236,674089
9666,6833,538785,36852,4981,305192,904754
10185,5815,126196,38649,5148,318356,506830
6203,4611,221944,53167,5426,314238,607682
10166,6611,295949,49093,4593,385620,754292
10222,6852,156900,42555,6278,331430,556738
9500,6537,168016,43482,6000,481368,717663
7592,4740,822839,32482,5167,335246,1210585
7537,4926,273380,49093,6000,301320,644756
6204,4426,597535,52648,3741,330181,996828
12000,6629,190855,39982,4592,248087,504164
6277,4482,165990,41778,5222,414636,640904
9425,6092,239830,42445,5481,307908,613589
5796,4130,332003,37426,5037,363048,749774
11370,6370,420083,33945,5740,1302315,1782693
8740,6000,128773,43167,6278,349223,544756
8815,5481,249465,69574,3611,1461525,1801434
9166,5871,304767,34666,4778,1383297,1745435
9389,5407,391051,44074,5056,1361642,1819045
8704,5722,137704,38445,4740,402663,600664
5981,4425,190248,110370,3519,1389057,1705953
9166,5926,296679,39927,5962,1447422,1807138
7481,4722,424574,43093,5315,334513,821773
6277,5074,140932,37926,5426,308158,506219
6036,4982,150845,45444,5667,1457183,1672231
10092,6445,234739,36352,5130,326016,620904
9259,5259,332913,34351,5112,369972,758940
8204,5944,416345,55018,6278,281169,775014
7851,5778,126646,44111,5445,385665,578052
5241,4389,216855,35760,5370,296919,566960
6185,3777,341159,41685,3815,322522,721162
9759,7129,394109,45889,6204,321312,786921
10184,6834,141466,41778,5500,297753,506238
7315,4926,188842,33481,4778,1403463,1645528
7407,4722,313237,41686,6037,1469381,1844989
8592,6092,376966,36333,4667,1416468,1851563
5666,4185,149156,45852,4445,369044,581219
10333,7166,160922,41796,4241,1452458,1681342
6055,3833,263372,36908,5000,1339692,1656935
9055,6148,599805,44648,4611,396504,1062864
10185,6852,1193219,50185,5852,295198,1564361
8241,5277,125390,46592,6352,1882895,2077433
10018,5629,210285,59296,3926,1426613,1718749
7778,5981,3055649,39204,5407,371202,3487702
8888,6222,347653,36426,5296,300732,707755
9295,5741,156765,40815,5092,305695,525959
8481,5277,176771,59334,3722,270652,526515
9592,6537,265444,41167,5222,348793,679052
9778,6222,353024,36074,5018,328176,740700
5388,4185,124770,81815,3834,373208,595589
11462,6593,150646,39648,5204,321777,537515
9685,6796,247800,56186,5926,1336634,1665490
6907,4944,339695,54204,5870,363134,777514
9221,7056,420331,46852,5703,1444714,1936914
8056,4666,147040,44630,6166,394031,606923
9278,6037,219286,42019,5833,1388722,1673694
9092,5648,293663,42278,5259,330722,689162
9592,6278,385818,40852,5074,297215,746885
9758,5593,128137,49815,5037,322119,523145
10000,6129,175051,71871,3907,1461495,1731009
9925,6111,273594,41389,4630,348902,686736
8573,6037,367286,46148,5889,246766,682811
11166,6833,134217,37148,5074,335743,532867
10037,6907,145260,43519,5074,319330,532757
9204,6296,242025,40870,5482,243898,550479
9574,5648,331494,54037,3722,241336,648108
9389,4574,424778,43389,4926,1425914,1915526
9814,7000,138098,45259,6019,299566,508330
9518,5945,390363,31037,4982,359132,803607
8944,5981,1305446,54945,3629,1457538,2839243
8537,5167,392190,59630,6129,263102,737089
10203,6907,164918,81352,3371,268005,537256
5759,4315,180238,37500,5315,384536,620460
8722,5815,698708,37315,4686,415432,1173419
6389,4555,368751,39907,4352,1386517,1813267
8833,5814,278423,43519,3167,2165155,2507226
8889,5777,148151,47686,6740,329902,549571
8148,5370,238046,57593,3815,2107458,2422709
6518,4740,338089,35612,4759,331870,725125
5610,4797,1201134,49648,5463,287783,1556639
6111,4481,122526,48612,5889,1451668,1641880
10814,5926,204588,34630,4481,1382181,1644842
6703,4741,342946,40055,5148,316087,717773
5425,4370,436416,46555,5908,299024,799791
6314,4982,214050,39481,5519,241465,514349
6185,4796,577298,31315,4759,1405617,2032118
11722,6296,277395,107037,3760,1477334,1886452
6778,4537,404420,36777,4612,307186,766792
8166,5389,123888,46667,6092,289998,482960
7944,5407,146450,44130,5463,1500558,1713323
6204,4444,261400,90408,3593,1386385,1754990
7814,5518,330759,30685,4259,257386,638718
10573,6834,588116,48371,5907,1463723,2125710
9315,5351,323011,31389,4519,370077,746551
6018,4148,217220,45426,4833,1343641,1623916
8592,5778,370189,39019,5833,384936,816847
7981,5463,388770,36389,4870,1426257,1872619
5592,4686,158145,45611,4648,274852,496183
6999,4482,219354,91519,3537,1329525,1657749
4981,4481,278861,42426,6148,1455092,1795267
8851,5648,356664,41722,5092,1383975,1804286
5999,4519,156946,34000,5148,355051,564571
8555,5259,1308622,43018,6500,384128,1758564
4907,4056,263902,41908,5574,2124361,2447116
10351,6685,320465,36537,5389,324494,706070
9944,6759,416285,42852,5296,1423982,1907766
6222,4166,127272,39852,5241,312558,497404
9555,6722,201667,40630,5204,2078838,2344709
8741,5870,298747,36148,5204,347397,704533
5574,4833,399457,59648,6445,343390,822051
7074,5000,134851,41926,5055,374368,570978
4999,4741,184079,48130,5148,338121,587404
10778,7259,301289,45074,6000,1394997,1767657
9388,6241,438943,38704,5556,320551,821995
9019,5407,144726,34167,5259,398345,599627
5277,4130,155362,43611,5037,354894,571145
9499,6056,232905,51648,6000,1344141,1652638
9592,5815,321781,42204,5260,1490596,1878026
7666,4889,462251,92333,4186,1210794,1784490
8351,5945,124070,46389,6260,313500,507756
6055,5574,212373,39852,5389,1468024,1740601
8333,5833,301324,68815,3574,325968,715829
10277,5667,393478,35833,4741,1400215,1852841
9092,5704,130243,46666,5704,315366,514923
9240,6315,172730,35833,4407,394711,625348
8147,6056,270773,42815,4852,1481457,1816878
6537,5129,375391,45296,4537,354716,794514
4907,4537,139044,41481,5000,384398,582108
9203,5852,145290,42130,6093,1496700,1708157
9518,5759,241019,35352,5018,1420101,1719305
6203,4148,332210,48001,6259,1357094,1757138
9629,6407,723180,36259,5519,1370197,2153728
9722,8333,164351,89167,3722,308405,586626
5407,4185,255561,46945,5185,1392874,1712379
9500,5574,361493,43389,6018,1486533,1914841
6593,4592,383221,70760,4092,1491064,1962674
6148,4407,2279306,44722,5685,1490839,3833256
8796,6759,113869,42463,5444,1806268,1985674
9110,5519,398905,41519,5278,303997,766847
9666,7481,453227,37352,5518,1503892,2019303
6074,4370,151620,40241,5296,277025,487497
5518,4203,494924,69722,5445,1395454,1977396
12148,6685,471689,79407,4667,1793909,2371116
6574,4296,339565,29981,4371,1439073,1826083
9462,6556,128996,60592,3815,347297,558830
10110,7148,122335,43871,5093,302828,509663
10777,5963,246008,65241,3574,1418260,1751934
9369,6334,302976,58945,5796,1503365,1889026
8685,4537,389464,44704,5500,1409414,1864304
9833,6537,161285,35222,5167,297138,517997
8222,4945,172920,83000,3870,257873,533220
6240,4408,266333,38463,6223,1428471,1752953
4833,3888,367229,42907,6334,312619,740051
7147,4575,126270,37482,5074,339041,521793
6592,4167,147036,42018,7519,1389084,1598583
6351,4834,237097,47926,4852,244492,547645
10592,6315,320604,53037,5926,283281,681848
6870,5333,416499,37556,5370,1400750,1874434
8666,5667,134948,47797,6296,317048,522997
9999,7278,199955,59370,3834,1389906,1673046
8185,5963,292961,40222,5463,323850,678552
7277,5204,397171,46574,5333,1441930,1907230
9685,5518,174417,37056,5074,296339,530257
10111,6926,168478,36259,5074,1503531,1732509
9259,5907,261281,37129,4593,229327,549515
5926,4648,412620,43982,5444,305690,780348
11425,6444,127663,43666,5593,308076,504904
5055,4926,147427,37852,5185,365181,567737
9536,6630,234526,42093,4926,1374797,1675064
9018,5796,368736,67796,3574,1386476,1843396
9388,5500,416724,53796,3852,1788300,2279561
5499,4871,124599,35852,5111,598581,776384
4833,4741,209901,35352,5093,250317,512460
7148,4574,347278,38241,4482,342458,746274
6167,4259,465099,36500,4130,347377,865588
8481,5556,139160,39889,4277,286542,486090
10370,6518,592648,44463,4760,308716,969494
9444,6908,261209,36370,4556,1396281,1718268
11352,5777,125344,37241,4037,314042,500553
6889,4926,135201,44815,6111,340647,540719
8610,5704,144874,47000,5926,1491597,1706360
9073,5778,230492,51722,5204,267060,571830
10795,6167,330331,42963,5093,363850,761643
8573,6037,412171,101482,3611,1325429,1859452
9037,5444,127602,39000,5482,329284,518349
10444,6574,196367,41149,4240,1451290,1712824
7463,4685,298077,37870,5982,211475,568108
7073,4760,381731,40889,5462,1450147,1893544
9814,6815,152718,39685,5241,1422828,1639972
7036,4833,173761,37389,5185,321477,551459
9185,5352,307433,65149,3555,1394945,1788157
8981,6204,394921,48500,4797,305444,770977
7037,5167,129019,44685,6370,292775,487812
11555,7148,174803,66630,5685,1479039,1747231
6999,4389,238791,49629,5389,221744,529515
6148,4740,332704,44352,5241,1468915,1865008
5037,4666,418414,49815,6574,1381483,1868600
9444,5852,124215,44982,6000,369133,562312
6925,4611,203759,81963,3870,308794,613607
9166,6259,291098,41444,5389,1373670,1729101
10148,8518,373178,44371,6407,325262,770236
6481,4704,171054,42074,5889,291980,524294
9722,5574,176874,57759,3852,1433635,1689435
6537,4592,271770,33926,4833,1405110,1729009
8777,6018,360313,45759,5741,1397881,1826563
10869,7426,128633,37611,4778,333772,525441
8167,5185,559658,45407,5075,314188,940273
7500,5333,242034,46018,5852,1396920,1706379
6832,4815,331021,42704,4389,347197,739347
9666,6778,413527,39056,5593,1397480,1874211
10259,6092,130589,71444,3574,313390,538034
6000,4815,210668,42648,6074,1364656,1637083
9240,5963,571619,48315,5148,1423221,2066191
5425,4537,576607,41074,5111,1474474,2110062
5333,3944,251872,42648,5352,364291,675515
10222,7240,167618,48037,5315,403101,644200
9351,6241,258309,43111,5203,1384256,1709138
9555,6074,370741,42426,5297,1375933,1812416
10333,5944,150098,28704,4315,336325,538127
8629,5426,143919,41204,4333,364522,570886
9536,5907,226666,46574,6426,250405,547719
9852,6963,315097,42056,5574,1528151,1909804
10648,6500,410215,51203,5204,1465144,1951229
6074,4111,127794,35648,4945,329739,511090
7388,5093,208967,50315,5388,284456,564033
5240,4019,294232,37018,5056,1468350,1816378
10870,6426,379924,59593,6037,265498,730478
9240,6667,138466,44204,5852,376919,584089
8277,5444,190250,47556,5870,1446315,1706583
8555,5574,265663,108630,3778,1384752,1780786
12129,6203,345003,40685,5223,347826,759069
9963,6870,145749,38370,5797,1463945,1672972
5981,4166,147903,39556,5000,386168,591385
10073,7093,232298,36592,4630,326939,619755
9981,6129,325489,43964,7425,305581,700662
7870,5426,407106,91333,3704,1381420,1899693
8314,6259,120352,42019,6167,377033,562348
10166,6389,218117,35982,4685,1339484,1616879
9037,5740,310606,45222,4519,1413643,1791249
5759,4278,382018,41241,5722,1417064,1859656
9926,7018,276525,42037,5111,1536557,1880156
7185,4703,175030,72074,3667,263634,528738
10166,5537,260814,42334,6389,1368546,1695842
6815,4537,461153,38778,5556,288064,807385
6815,4555,332752,38037,4889,1513793,1903619
4981,4740,194554,68148,3296,1473789,1752138
10999,6389,487283,30222,4296,1538428,2080006
5832,4334,334954,38815,5352,1475498,1867470
6370,4315,293868,46259,6000,1266938,1625935
5907,4611,137929,43630,5851,1482710,1682768
11332,6204,201028,36166,5186,776077,1038938
5092,4093,293848,35185,5408,1391123,1736934
9537,6851,375355,50111,5389,292234,741885
7351,4630,128100,52185,5371,319322,520015
7499,5241,182403,37926,5463,1389736,1631175
5833,4482,307242,44778,5111,1364229,1734157
9981,6574,364545,38537,4944,1412834,1839619
9944,7092,128810,45222,6167,328817,528756
10684,6778,136611,40686,5111,1424120,1626546
9110,6611,226525,40223,4592,1446187,1735471
8037,5685,325716,60260,4129,1370514,1777527
5648,4815,457667,66667,3462,1402415,1942711
6796,4148,167968,88612,3315,301361,575034
9944,7037,202955,31371,4556,250652,508923
9777,6537,325073,41926,5963,1448731,1840119
8999,6223,375394,52685,5741,261639,713459
9999,5741,130233,41259,5185,341709,537126
8241,5388,171739,42908,4648,351943,587664
5259,4537,263171,54426,6037,1470634,1806379
11518,6833,394418,43222,4796,288745,752106
10925,5797,126682,42648,5537,354111,548145
8796,5759,140744,42889,5870,342661,549164
10129,6444,231102,42315,4889,1444444,1741453
6870,4407,326775,41852,5889,380054,768607
11092,6389,215502,37204,4629,366420,643959
8203,5778,134471,33704,4166,328397,517497
4722,4592,1366036,46889,6296,307566,1738212
7666,5741,293909,33000,5148,381420,729403
10814,6204,1407399,40759,4852,1504084,2976612
5407,4889,111791,64185,3407,302521,494553
10055,6630,1035150,38538,4314,353564,1450770
10167,7092,263081,44722,5278,1417946,1751435
6685,4611,485328,35129,4426,362223,900458
9258,6223,129221,41223,5092,314350,507867
8981,5963,136746,43556,6574,317399,521367
9907,6963,228844,40889,6019,1455441,1750230
9573,6333,322814,45445,5778,341533,733884
7315,4592,454043,90481,3704,245323,807551
5166,4370,123381,40593,5833,381320,563793
6593,5074,214831,37555,4297,358498,629330
11740,6852,295245,43741,5389,1456133,1821638
6573,4889,416992,42370,5093,1353850,1833600
9648,6185,179312,36056,5185,320407,559293
6055,4612,171076,86741,3593,1441191,1715972
10018,5463,263046,32315,4148,330691,648070
5500,3963,350070,34982,4000,1434326,1834916
10037,6815,138316,38278,5204,351347,552942
5630,4592,142249,44407,6204,326748,532720
6240,5019,240365,47889,6204,303668,612033
7703,5796,329187,39296,5167,1347137,1736434
6499,4223,916638,42870,5982,352335,1331196
9648,6870,125476,47426,5722,329688,527090
10463,6074,201944,39464,5574,334866,601886
9537,6574,284284,46352,6352,1480742,1835675
9240,5722,436217,38166,4871,281816,778477
6796,4759,160666,38334,4611,274257,491738
10907,5629,172802,39352,5259,1425745,1661676
9907,6333,445308,76797,3778,1485068,2030007
6407,4945,912852,43685,6167,315455,1292067
10036,6945,122727,34851,4963,411437,593589
8814,5259,137455,80519,3296,341024,578941
8499,5963,225498,41463,5482,1414084,1703490
5944,4741,918265,84648,3648,1398925,2418505
10611,7259,406047,39278,4611,1442035,1912675
7073,4500,125553,38185,4204,293222,475108
9407,6907,201540,43870,5482,1401024,1670379
9814,6926,298991,48018,7093,1807015,2180321
7370,5370,376145,41130,5481,1441493,1879137
9314,4926,133206,40685,5296,310236,506312
4796,4056,178952,36796,4889,1404742,1636935
10333,6518,282385,42241,4444,1362180,1710453
5481,4630,418168,40482,5037,303697,779551
9296,5259,127081,41148,5278,312768,503275
56110,4778,156087,40519,5130,338131,603645
9759,7166,222778,42297,4889,226681,516386
8036,5278,321562,43611,5278,1395465,1781786
11315,6740,398383,35815,5148,1463217,1923378
6777,4759,166796,92000,3611,1395936,1672027
8815,5833,195913,58111,3870,224399,498960
5407,4148,295827,54685,3129,255411,620367
10592,5463,374925,43037,6630,344404,786810
10129,6926,148097,37574,5000,1461338,1671509
8351,5519,166362,50537,5556,1405665,1644009
7666,5037,258276,38740,4889,1468233,1786008
7870,4593,351985,55519,5185,327862,754792
10370,6945,124157,41445,6315,350524,542423
5352,4296,147534,45815,6074,349481,561016
9962,6278,237466,46981,4889,1379376,1688064
7444,4630,329361,45667,5944,1458480,1853694
5167,4296,419848,58593,3444,1408752,1902841
10073,6667,125298,47130,5277,318810,515756
9315,6000,1017972,41167,4630,285593,1367270
11740,6352,286255,78926,3518,1829733,2218839
9925,7148,378372,85612,3481,1440691,1928655
9518,6370,145840,46371,5370,339323,555459
8240,5574,166253,43500,5167,1423719,1654972
8055,5037,258315,40722,5149,1836561,2155950
5518,5259,434581,34648,5111,279415,766514
6240,4667,126845,44870,6334,333225,524830
9796,6167,142480,47297,6092,1409047,1623417
9796,5740,234191,39833,5760,1395429,1693916
5259,4629,414864,51037,6685,1446662,1931766
10518,6944,408185,73981,4445,246163,752718
9258,6260,131800,45704,6463,344826,546811
9907,5908,236732,50445,5852,1416683,1729120
8870,5611,292775,44112,5666,1412177,1771582
9907,6703,388819,43926,6093,322251,779792
9463,6870,129880,56111,5815,320043,530719
6555,4185,171441,49408,6296,1487105,1727416
8777,5926,273966,41611,5815,348493,686681
10296,6555,412491,38815,5759,300171,776736
5832,4852,140681,39834,5574,302427,501997
7740,4537,143002,34500,4981,307144,504386
9537,5759,228619,39370,6019,1413223,1704638
8518,6037,317866,42037,5574,1393976,1777453
6851,5963,962022,74296,3741,1531204,2586633
6278,4389,126006,44871,4203,317787,505997
6389,4962,196976,34908,4981,1394163,1645009
9332,6149,286500,42093,5426,281403,633422
9759,6500,442562,38630,4907,359026,863569
8704,5629,140901,35000,5296,338708,536979
8129,5426,165332,37130,5296,1458788,1682620
5074,3926,258246,61722,7056,321805,660163
10407,6629,340326,38926,4556,293299,696792
6629,4222,127221,43370,5481,386351,575719
9741,6833,132448,82408,3889,1535893,1774731
9407,6463,227769,54019,3445,1472812,1776360
9333,5630,316460,41575,5444,1435547,1816842
10259,6204,406022,42093,5185,1446281,1918360
5630,5351,192269,36741,4630,354635,601756
9444,5778,200385,46482,6259,290630,561571
10074,7241,284410,33926,5481,1405728,1749620
8185,4222,408676,43704,5648,350930,823773
7555,5722,317515,36407,5149,1428326,1803193
10259,6815,177094,38315,5019,1398340,1638454
6888,4741,267693,32333,4667,1433000,1752563
10685,5944,355514,51426,5259,302204,733033
8611,5870,117908,38889,5630,335052,514090
9074,5648,134025,39982,4444,1516780,1712379
10148,6444,227254,39481,4593,1367515,1657861
10555,6241,320445,42111,6037,1472619,1860045
9999,6500,401321,40297,5648,1506556,1972229
9537,5833,127623,47037,4926,290041,487460
5574,4648,196925,36685,5111,1439103,1690972
9500,5815,285023,42019,5315,1410577,1761027
6611,4759,373771,39667,5240,339633,772200
6870,4908,184442,43538,5314,276592,524238
10295,7000,167227,42185,4759,291456,525367
10203,5815,256436,46074,6222,1404795,1731934
9741,7777,344554,47926,5963,304313,722589
10407,7093,143688,40167,5907,315494,525312
6388,4574,145583,40926,5926,360932,566922
10407,5667,232867,40037,4759,294185,589997
5185,4500,367596,45648,4555,1440024,1869638
10499,6852,466787,43037,4315,311893,845810
9462,6871,131347,45241,5482,332260,533423
8722,5407,198873,41611,5259,353495,616886
5352,4500,287211,46482,5111,298692,649608
8184,5889,372403,37778,4963,290519,721792
9629,5778,156593,40204,5630,2035431,2255617
7037,5129,173451,37149,4722,1426187,1655694
9925,6148,257587,45704,5870,1405366,1733175
9518,6204,365074,42111,4463,389328,819051
8667,6037,128746,39037,5297,367472,557812
7258,4871,136919,39166,4315,310986,506423
7277,4908,236110,30204,4185,364349,649219
10370,7074,308506,57685,3833,1356244,1747935
7796,5500,407437,60222,6186,268687,757940
6907,4444,130128,45019,4759,315425,509090
9999,6815,192523,45870,6315,258178,521867
9426,5629,284992,43056,5574,1427387,1778175
6296,5296,372295,37555,5574,322961,752089
7777,5259,138411,35537,4815,309605,503571
6518,4870,211528,67500,3537,1347907,1644027
10203,6278,290330,88482,3666,1351345,1753527
9370,5963,379799,66000,3315,1416098,1882712
7963,4833,120175,40704,5129,323119,503998
9537,6093,136754,36223,5166,310446,506886
10203,6519,224761,39741,5500,1429192,1718638
7110,5167,311600,42556,5185,1444575,1818693
11073,6074,403625,36686,5407,234334,699514
7648,5592,181464,36222,5500,345700,584312
8925,5778,207377,67333,5297,324711,621589
10166,6519,319642,89278,3556,1353680,1785656
6370,4426,385778,71981,3463,1449507,1924266
7925,5593,142635,47500,4574,312880,523812
9462,7074,175845,51685,6167,366374,619422
9388,7000,248666,56556,5407,437959,766866
10277,5963,343894,53112,5240,308898,729866
8370,5777,122752,34426,5148,314486,493423
7684,5130,141516,35982,5074,319240,516756
6518,4518,228856,55612,6333,269918,574163
12055,6241,314066,35463,5907,325689,701533
5370,4611,416701,45149,4925,263572,742755
9796,6648,139725,44778,6259,303791,513553
4981,4592,263139,41611,6037,380505,703514
10203,5871,279293,46130,4555,295537,644034
8981,6203,368262,45834,6333,1427838,1867304
9759,5907,179860,39612,5926,276081,519738
6425,4685,166663,53741,4703,230372,469479
7092,5185,257650,38000,4111,334883,649237
8999,5519,1115491,33389,4278,312537,1482380
10426,6870,135699,46685,6148,1478699,1687120
10851,6907,171482,45871,4426,395755,638163
7258,5352,227414,62056,5537,1417224,1727712
5092,4759,352939,47315,5814,261724,679829
9444,6203,396426,38778,5037,321977,780643
10129,6759,118487,52222,5352,375954,571737
9648,6296,190271,67185,3741,1487904,1767601
9352,5851,285796,54556,5889,287385,651219
8814,6092,388487,43000,5000,343435,797439
6166,4907,136529,43278,5019,402745,600978
9944,5519,162554,36037,4574,327591,548645
5425,4093,267838,59222,4704,1396319,1740046
7407,5092,343566,42852,4796,389282,795625
10370,7074,122275,37741,5204,351000,536423
6610,4630,132466,42907,6408,1501543,1697305
6833,4685,223194,46389,5852,1483758,1773527
5296,4278,366496,85538,3870,1486325,1955063
8203,6167,897874,38908,5315,378377,1337289
6111,3759,154193,85500,3834,366062,621960
10110,6815,187162,42704,6074,1484661,1740397
8444,5741,283242,45833,6000,1360433,1711879
8907,5759,369730,72111,3760,1390611,1852971
10222,6907,133754,78630,3371,299798,535071
5574,4204,170241,49241,4833,392348,628849
9944,7278,264766,37592,4760,1450964,1777342
9759,6463,357642,29371,4222,288187,698126
11778,6222,122092,41963,4963,289516,478609
8703,5833,519155,34092,4223,258711,832810
10240,6963,229660,32944,5723,1393608,1681972
6222,4333,343037,54148,6370,280015,696274
10703,5704,400468,40241,4426,301120,765403
9833,7111,121622,36166,5093,304227,486590
7870,5333,194109,36260,4444,1432141,1682694
9981,6408,121059,45704,6333,385623,577534
9203,5630,372399,41908,6018,1358757,1796008
10130,7074,331571,79389,12111,1471269,1913952
5370,5000,171614,34370,4241,1460561,1683916
8518,5537,256879,38871,5055,1404407,1722768
10444,5556,352496,45334,6315,279999,701848
8221,5556,132280,39555,4649,404550,596848
9777,6315,135360,72926,3834,295340,525682
7055,4500,233069,44575,5740,1457032,1754045
8463,5241,394613,36555,5408,256457,709237
6685,5037,399804,40889,5037,360858,820977
5388,4778,126402,37315,4240,385502,566330
10110,6537,186371,38667,5241,1378471,1628805
10036,5778,283081,79463,3703,299360,683884
8222,5500,373457,40907,5945,407667,844403
5796,4926,131870,50852,5648,361349,563682
10518,7056,154598,36185,5334,1446707,1662769
8296,5222,252734,75037,3518,1418219,1765156
9444,6222,336481,56611,6259,274293,691829
8592,6000,426672,40370,4908,1400206,1888878
8574,6111,151270,44667,5240,1473350,1691657
6222,4759,269517,40278,4333,1343474,1670731
6148,4426,312652,35426,5260,289862,655885
7555,5870,1047735,44703,6371,417331,1531639
10351,6612,165034,32666,5112,1465974,1688453
7518,4648,193411,46389,6074,359974,621663
9647,6704,275676,47518,6315,1336611,1684953
6370,4685,1187740,32574,5407,1387023,2626226
8222,6074,849967,38167,5518,299989,1210475
7462,5389,173027,44556,5907,1462297,1700694
7481,5222,254570,52833,6370,1475328,1803878
9444,5834,340001,49797,5203,1433081,1845841
9074,5778,416211,41704,5055,1503907,1984174
6944,4611,136143,35833,5093,364576,555293
8444,5519,829650,36852,4907,1285134,2172784
5981,4463,308506,43204,6297,354637,725736
10185,6555,872070,36944,4463,339942,1272937
10759,6463,156444,45796,5278,282942,510275
8203,5185,229561,65612,3389,1327836,1642157
9999,6944,280512,33760,4592,1406275,1744249
12296,6333,368258,44612,6129,1445305,1885082
6666,4648,139486,41815,4185,382066,581811
5463,4389,168399,37648,5315,292765,516479
9832,5852,246776,44297,6037,1368251,1683082
7795,4815,345838,79333,3593,1440207,1883600
11555,6167,426584,29426,4685,420892,902050
5852,4722,141015,44001,6000,353907,558293
4629,4500,229855,45204,5666,339883,632200
9111,6222,311972,35889,5260,362801,733922
5389,4778,403181,35964,5185,352683,809625
8629,6370,119206,43852,5611,368309,554126
5166,5037,202749,45574,5556,1385556,1651842
10537,6555,277348,35574,4815,2132916,2470023
5518,4759,494206,29704,4851,386771,928513
4629,4815,152155,79315,3815,275657,522960
7129,4611,159606,49093,4703,1456978,1684824
5221,4112,252556,35722,5167,1450044,1756267
10241,5629,371340,77612,3555,314285,785181
5277,4500,126530,41612,5703,367707,553959
10352,7203,128407,34445,4537,340460,528183
5111,4111,230672,53501,3814,318917,618608
7370,4371,422715,33019,4444,426742,900829
9740,6204,602740,45686,6389,334846,1007661
9240,6592,152486,40612,5148,311400,527960
9537,6648,195251,39112,4740,280079,537979
7444,4982,289609,43704,5574,1377714,1732490
9796,6204,159115,40870,5204,1600856,1824286
6074,4981,155380,36482,5259,350172,561201
8426,5722,174552,48908,6981,1999194,2246524
5981,4130,255984,37241,5260,1359524,1670546
9629,6019,889677,41333,5278,386334,1340622
9000,5722,125496,39686,5277,337242,524534
7296,5463,130428,41926,6352,1433914,1627695
6499,4630,226286,42666,4889,1383927,1671046
9833,6759,303552,38185,4629,419334,784848
8241,5907,442668,89686,3889,331845,884717
10129,6852,157062,44482,5556,337730,564385
6500,3963,191402,59240,3760,280076,547590
9426,6203,278075,41963,6574,346996,691737
9907,6648,361322,56777,3445,1468130,1908841
9184,5963,135457,52722,3500,330577,539830
10333,5944,160203,43074,5352,1407399,1634472
9684,6149,281227,92001,3981,1411780,1807193
8814,5278,380623,68129,3723,316465,785217
11055,7019,421073,46500,6352,1329212,1823916
6925,4482,135745,36185,5074,353992,545108
9573,6185,220826,47963,5037,1415776,1707471
9204,6092,317369,39241,5444,1400140,1780564
7981,5574,397282,42722,5148,1394115,1855008
10092,5667,159102,43871,5222,503171,729070
5295,4037,207479,43796,4315,1464993,1731879
6036,4760,279169,51075,5018,1495190,1843637
9480,7056,373917,52092,5704,1435202,1885563
10278,5814,126811,49148,6315,303575,504460
6481,4593,158724,45111,6389,268125,492016
4740,3963,257471,44093,5796,1395982,1714879
9629,5945,793719,38481,5278,427052,1283086
9666,6500,500965,31741,4870,418640,974976
9277,6019,132210,76797,3629,1479632,1709934
9963,6333,218031,47093,6519,1459791,1750157
9407,6407,791891,33833,4852,1428930,2277968
8703,5574,409396,45222,5074,372896,848995
5444,4481,137253,37426,4759,375522,567607
10221,6371,191444,36944,4648,1370917,1623398
7203,4611,284506,68333,4019,1913666,2284949
9888,5667,373919,44371,5370,299558,740829
9555,6815,175758,36092,5260,354646,590737
9852,5759,154838,38148,5519,1407375,1624306
8389,4667,259232,39741,5111,1440739,1760490
6462,4315,355202,46555,5704,428793,849124
9129,5907,122763,44204,5018,330605,520126
5259,4166,133195,47926,6444,1454944,1654046
9629,5852,222256,43797,5963,1407197,1697620
5889,4222,314151,90463,3797,1442060,1862749
5926,4537,403564,39408,5500,359671,820718
8295,6111,186256,39611,6111,320167,568996
5888,4426,210243,41241,5703,1422526,1693657
5666,4149,291360,56481,3945,1372296,1736620
5963,4463,381551,34704,4703,369667,803162
5407,4445,123575,34278,4574,355014,530275
10425,7093,159840,44167,5482,1368706,1598176
7777,4889,251421,39926,5481,1419885,1731620
10055,7000,330463,41371,5203,327551,724273
10055,7000,398933,38815,5055,1399631,1862286
7462,4667,141771,36315,4500,279856,477145
11481,6889,252962,65741,3445,1485323,1827934
8999,6185,318191,39723,4611,1393262,1774341
9462,5926,391290,59741,3852,1406792,1879156
9481,5926,161628,49723,4333,341035,573923
9611,5722,380579,41500,5037,335990,780681
9592,6611,272011,44111,6056,2020587,2361468
10240,6444,420128,92334,4185,1418212,1953673
9092,6222,128633,77797,3463,312734,540774
7259,4296,156935,56612,6370,306376,540700
8870,5778,242756,39426,4963,2022841,2327227
8888,6185,337374,42444,4574,1476468,1878730
5369,4741,684343,45297,5500,408928,1156511
10351,6000,161552,38093,4925,323520,547089
10388,6352,212539,48056,6518,1456803,1743027
8203,5778,377879,39296,4260,248876,686459
9777,7074,392866,36334,4925,240334,693866
6611,4666,120223,38667,4611,302367,479886
8074,5648,198155,40667,5370,1454242,1714583
7722,5000,273680,36315,5296,1421217,1752138
6870,4667,373111,41778,4945,300532,734774
7611,4500,141024,76556,3704,291083,527145
9944,6963,157900,83815,3630,1418497,1683101
9796,6592,247500,39907,5371,1474156,1786989
7333,4815,452061,36371,5555,236768,745052
11925,6574,458827,70889,3704,1373421,1927878
8759,5778,130942,80001,3592,1424344,1655879
9685,6333,212023,49371,6278,1368671,1654750
5814,4667,305288,42463,5630,268208,634181
10129,6592,429221,46537,4963,337164,836865
9222,6907,185078,54852,4130,1516449,1779231
8129,5593,185694,38834,5370,1440759,1686490
10148,6519,275571,59463,5204,1434455,1793546
6962,4834,371521,41297,5074,1398097,1831156
9370,6426,162712,40500,6185,324340,551626
5296,4833,160644,80408,3963,1459308,1717138
8055,5611,245965,38056,5166,300958,605996
11185,6555,339453,40222,4741,1394667,1799268
9758,6575,456662,65722,5019,1420956,1966748
7037,5093,126223,34055,4704,348755,527905
10296,6704,216599,48797,4704,1427260,1716472
6333,4963,350920,49334,5407,354520,773551
9981,6889,440501,42185,5185,340476,847291
9333,6981,154932,44519,4315,308176,531108
6463,4852,186511,49982,5130,252374,508349
8777,5352,281351,38815,5519,268867,610922
7444,5815,367672,37982,5277,380768,807699
10055,6686,120362,81538,4018,384041,609145
9092,7000,150425,55722,5907,339980,570978
11518,6297,245319,45944,4945,1418541,1735231
8648,6129,346752,37185,6093,342318,749496
10315,7259,554443,40685,5537,399125,1020272
6185,4685,125392,37130,4648,324309,505220
8888,5259,219547,55537,6259,1406222,1704212
9944,6371,303478,47945,5185,1405382,1781861
6018,4907,437318,48445,3667,1451578,1954044
10129,6315,132119,38297,4592,381766,575404
6148,4667,187366,50074,5167,304075,559590
10277,7037,282447,42685,6000,1434877,1785527
9814,5463,367731,87222,3704,1409129,1885508
7962,5482,128661,30019,5018,327391,506589
8481,4945,179427,34907,4500,1472545,1707287
9758,6667,239655,52130,5241,1495945,1811934
9759,6611,442921,39741,6129,278408,785718
9426,7167,118185,36815,5296,365941,545608
7944,4797,130839,40648,6074,359861,552831
8611,5518,221549,38889,6111,1362664,1645620
10240,6166,352963,47037,5945,367681,792736
8740,5723,464413,44722,3648,335823,865828
10295,7019,126548,46315,6241,319152,518145
5648,4407,185776,47111,5241,297758,548867
8444,5685,268894,34870,5223,1426615,1752138
9648,6537,376844,52963,5148,1435664,1889008
8332,4815,128368,46037,5463,324555,520404
10000,6796,149411,41537,5185,1428376,1643472
8296,5629,126435,37445,4963,519709,705366
8721,5834,331682,42389,5111,1366178,1762601
9500,6129,417059,58260,3926,1432374,1930082
6667,5574,133527,38537,4759,399673,591238
9055,6000,217218,55148,3741,1392439,1685935
5240,4778,344743,72037,4037,1391265,1824212
11036,5685,193027,33222,4722,368285,618330
4777,5111,125106,50797,5926,332243,526219
9573,6056,189001,80704,3815,242162,533960
5981,4777,281748,32537,5834,1491741,1824878
10388,6963,385365,133186,4018,1256476,1799601
9315,5889,123240,44538,5388,302164,493127
6073,4612,155302,44926,5000,339305,556848
7093,5148,264271,47074,4352,1399182,1729194
10018,6463,332796,46000,5796,1460545,1863730
8944,5630,424950,51148,5093,1314965,1812860
8796,6111,124900,37981,5519,335949,521960
9444,6000,209850,41649,5222,206036,480683
10425,5926,362079,81167,3833,246398,711847
5315,4481,400252,50833,4741,1439571,1907249
9981,7222,153238,46537,5185,275593,500404
9518,6555,218874,45019,5037,449381,736236
6759,4407,317195,43759,5482,1389684,1769804
9926,6370,361071,36167,5148,1485918,1906711
6796,5055,125966,43240,4037,314643,502330
5685,4852,154194,68611,4000,1454648,1694731
6203,3944,252570,46019,6148,315463,632885
10314,7074,326002,55445,3389,1470894,1875156
9888,6778,423138,37926,5074,1330426,1815952
6759,4648,144921,29852,4463,358668,551386
10166,6537,214501,54000,3667,222478,514034
5481,4148,308378,37981,5389,297730,661756
9259,6630,388124,37278,4907,286464,735478
10314,7000,124797,43000,6092,348182,541775
10852,6074,329525,36444,5297,315008,705774
9184,6723,286438,30259,4667,1437125,1776601
9018,6166,359648,81241,3759,334552,797106
10092,6481,139987,30704,4981,313659,508701
10222,6000,191548,43166,5334,319615,578534
9314,5889,239295,43648,5315,1377418,1683064
10018,6185,130060,32889,4407,394326,580496
9666,6889,418196,31944,4519,1448830,1923304
6388,4185,130905,36500,5315,407147,593015
4555,4056,217670,44222,6074,1407005,1686120
8962,5741,298287,46519,5092,1448462,1815174
10592,6537,385534,36223,4981,1442696,1889063
9999,5815,130243,51426,6093,380309,586904
5166,4703,183972,48167,4666,309989,558904
9536,5704,268959,46111,5000,355778,693347
10833,6907,373614,37111,4611,328345,763477
7536,4649,156915,39296,3463,385470,600293
5425,5056,197180,65463,3463,1505847,1785156
9981,7037,235834,60241,3963,1499952,1819786
10055,5574,332229,55167,6111,291952,703662
12166,6407,880422,34963,4722,340127,1281677
24147,4611,103815,42574,6019,309201,492978
8833,5482,208950,42130,5463,1385558,1658750
8148,5740,302253,57463,5778,1446144,1827601
5888,4037,394000,43074,5796,1507952,1962822
4666,4148,167172,41593,6278,264770,491183
7592,4722,187863,41482,5370,1440016,1689194
10259,5981,272351,42981,5463,1454269,1793897
6148,4111,362634,46185,6204,241880,669811
10370,6926,126251,46278,5277,297654,495146
9925,6926,148146,34796,4648,313537,520793
7167,5092,244319,36907,6111,1332117,1634584
6573,4204,343046,45352,5945,1362239,1769878
9555,6463,1194907,40314,5278,1474560,2733392
5574,5018,302984,40389,6297,300623,662941
9629,6092,208564,39686,5759,1392222,1664101
6369,4908,311070,43519,4722,412518,785236
8962,6037,392058,44796,4833,1447672,1907007
8777,5871,318452,41815,4778,1503851,1886137
6333,5370,180069,41037,6482,367372,609145
12092,6759,592835,41130,5241,441880,1102605
9204,5889,366859,33500,5018,1421186,1844045
9647,5741,845551,38648,5575,1490305,2397671
5500,4666,162148,36241,4519,1482934,1698787
10832,6037,250525,86852,3648,1345466,1705860
9926,6240,332142,32889,4519,1458736,1846564
9870,6056,428907,38759,4704,1363416,1853731
9778,6981,129449,36815,4815,389677,580405
11592,6574,214345,41111,4537,1395498,1676639
6370,4537,302591,35444,4852,1456491,1813804
8740,5907,385468,54222,6352,1386892,1849637
7833,5315,168084,46315,5944,271413,507756
11351,6315,181812,44278,4722,262852,513682
9703,6667,277763,38296,5093,1410931,1750657
7314,4963,371732,38204,4425,309338,738662
10314,7259,130441,37223,4944,348649,541719
9833,5851,152984,44575,4370,1389433,1609583
9240,5741,252990,32333,4537,1441056,1748378
8018,5500,418478,34111,4130,318314,790699
8332,6074,1188449,49907,6260,303875,1565083
9499,5593,122600,84167,3777,1415632,1644972
9648,6537,208069,48018,6260,318742,599274
8129,6203,298927,46371,5833,426476,794421
10129,7000,395766,43649,4796,408321,872069
10777,6278,132586,44871,5741,318743,521534
5481,4370,196556,39093,5370,1431138,1684231
8500,5574,267969,70704,3981,1425891,1784657
8296,5741,127067,35019,4740,365060,548664
6796,4722,355185,51241,5018,1262380,1687731
5000,4852,156597,37704,5074,327659,539256
6722,4388,263085,39538,4444,347078,667477
10111,6518,322814,46370,6389,312794,707070
9240,5500,122689,55908,3629,426215,625644
5259,3982,127232,42000,5259,310543,496979
6777,4611,876944,38944,4593,1298877,2233024
5037,3925,307059,44667,6130,1424875,1794175
9351,5500,946066,47982,5722,371685,1389047
54147,4945,130145,39444,4630,325260,561052
6166,4556,187595,59519,3611,327568,592034
7703,5574,269490,79167,3370,1492240,1860507
5259,3982,367088,36167,4907,1478438,1899489
8796,5685,130539,45389,6259,529216,728737
5000,3926,157377,34037,5019,299693,507145
9758,6463,239940,40778,4426,1424939,1728786
6389,4852,335001,45981,5926,351365,751681
4629,4889,123562,39796,4833,379917,560015
4833,4926,128993,37445,5167,285503,468997
8481,5852,222537,44741,6129,215516,505349
5814,5426,376877,39704,5759,276527,712163
6426,5407,1083218,38815,10240,1452860,2599393
8518,5703,370648,54667,16111,403792,861495
5722,4722,205727,32241,5037,2348295,2605096
5870,4259,285178,54185,5537,1393405,1750638
9759,6574,350850,52093,4889,285442,711422
5222,4426,132337,43075,4259,336678,527683
10573,7722,144677,40463,5611,1452944,1664546
7888,5204,238719,49204,6389,1364141,1673749
4962,4111,328263,44481,5945,321103,710495
5018,4259,1362030,44093,5908,353829,1778045
4944,4093,137422,38833,5278,342612,534941
5500,4074,216928,49204,4704,268475,550479
5148,4963,686565,48500,6018,1604644,2358561
7999,4963,1012868,39000,5056,296142,1369399
9278,6018,117113,44018,5278,1454434,1638584
7815,5666,175526,37204,5037,1475076,1708417
10259,6555,263329,39574,5685,1360143,1687861
6055,4852,3164100,34889,4241,296324,3512572
6667,4648,358178,46407,4148,347966,769922
8369,5408,145123,36556,5296,293300,496441
5148,4370,240833,34222,4649,759105,1051383
5944,4963,946915,43685,5556,347521,1356862
5203,4963,416401,41945,6389,296946,774014
5907,4870,132758,41149,5518,306887,499719
9444,5889,205153,43611,4667,1443300,1714287
7629,5389,335307,52426,6000,1412775,1822026
6555,4926,386499,44907,6111,310701,761533
11555,6407,139874,44889,4149,278196,487830
6277,5093,180584,37833,4815,379209,615644
5851,4426,277609,47815,6055,1379844,1724434
5148,4574,360207,42500,4926,1408838,1828916
10870,5852,128435,33519,4907,302340,488887
8814,5611,146312,41889,5870,357649,568589
6981,4963,241798,108464,3944,1392598,1761656
5166,4278,341805,52982,4703,300228,711866
8907,5389,583330,36555,4112,433497,1074587
10259,6962,129909,45426,4482,1449730,1649546
8963,5740,204638,35888,4538,316063,578164
8240,5648,374125,69130,3241,277444,740125
10481,6111,381483,67426,4056,281272,753681
6796,4426,127988,52037,5778,331194,531090
9110,5815,181272,44407,4389,289096,536997
5629,4519,280926,35222,4407,1431564,1764990
10184,6889,427432,35852,4186,369748,856717
5314,4648,124197,35056,3889,377689,553793
6444,4463,151351,76852,3425,1450103,1695398
9018,5722,441135,31500,4797,452563,947457
10388,5796,327437,30426,4556,1881698,2262690
4925,4000,2359300,42722,4648,318463,2736910
7370,4963,133318,51167,5685,305438,510478
5425,4167,241417,49778,6241,1459368,1769675
12222,6574,295442,45556,5963,1534010,1901823
6129,4481,384893,40222,4574,1435430,1878248
9907,6074,157065,76926,3296,357061,612923
9777,6722,179256,71852,4056,238482,512182
7815,4574,276261,40038,5666,2091150,2428171
8889,5537,359879,43815,5000,1359129,1784805
5926,4166,135829,50445,5963,402482,607608
10277,7037,164890,38075,4703,439051,667070
9129,5519,245748,45371,5722,212545,526757
4555,4093,374588,49648,3426,386111,824995
8092,5777,416279,48056,6500,1432525,1920063
8999,5870,123081,43463,5370,317824,507237
10592,6055,198624,39852,5111,1411978,1674620
9944,6741,290167,37259,5296,335200,687126
9648,6759,377376,42760,6481,1408446,1853582
9037,5759,133901,44796,6148,353671,556145
6018,4037,197481,42870,5389,1416973,1675287
9944,6463,302394,134593,3796,1293596,1753342
5111,4833,419178,40426,4482,385483,861958
8703,6093,128979,42982,6074,319184,514904
11481,6537,143356,38259,5222,1435005,1642620
6870,4611,243250,50538,5166,323764,636496
8241,5555,333887,36463,4963,339146,730367
10147,6963,415393,43333,5556,1347115,1831174
5629,4740,125287,43074,4963,338636,524441
9592,6463,223182,34037,4648,1469142,1749471
9425,5852,318651,39537,4463,316678,697070
7444,5130,463675,33482,5463,422263,940198
9981,6074,176088,42648,5926,275557,519108
6037,4370,199946,39297,4889,330606,587423
8703,5852,292082,64667,3259,1379167,1757120
5537,4500,428680,76556,3592,315482,837106
10481,6204,125426,44927,5444,359441,554571
10074,7037,148525,38000,4278,314324,524645
9425,6259,236957,39852,4963,1325219,1625324
5981,4333,386907,40019,3426,264977,707792
5370,3945,422006,37759,4130,318119,793422
10814,7500,127511,43241,5704,300301,497238
9499,5630,205314,43185,6222,265017,536997
5555,4278,302116,38592,5556,1410892,1769508
6629,4945,387344,101982,3426,1272886,1780731
9407,5759,151498,77945,3111,318887,568738
9759,6074,170763,54259,6297,256326,505571
10129,6500,264159,38148,5666,1342907,1669861
9000,6055,355720,51111,5130,1412362,1842045
6389,4388,146170,36537,4500,319105,519905
7592,5129,153676,38593,5074,390895,602829
9704,6629,244145,45482,6166,1387716,1702176
9925,5260,337688,38314,5519,342012,741033
9944,6611,500231,34371,5240,262783,821384
7389,4740,138348,41870,5278,334242,534034
6778,4703,202668,36408,4981,288792,547830
7148,5074,296767,35333,5130,1485093,1837175
9241,5814,376570,44518,6463,1467976,1912823
5704,4592,122186,51852,6426,301385,494849
5277,4444,183173,54038,5666,1477095,1732564
8777,5907,260513,49389,6278,242632,576422
4907,5092,424667,42167,6204,1462340,1948415
6259,5093,169542,39982,5370,267066,496146
5499,4445,146141,53389,6519,287300,506127
6147,4908,246036,39981,6056,237553,543645
7611,5666,321672,41667,5111,1425966,1811230
5962,4741,1037309,40315,5222,339516,1434936
5333,4518,165795,89907,3241,1923952,2194784
11332,5834,205319,82778,4129,247826,559293
8277,5629,303066,42000,4352,349708,715162
7629,5333,393813,41833,6019,1502083,1959452
6555,5130,141151,44723,4796,339957,544127
11074,5759,214287,67500,3556,1364426,1668676
6092,4760,271070,70649,3833,231426,590034
7277,5926,365003,55241,3407,281715,721440
8851,5593,171748,52334,3296,325378,569348
10629,5871,146588,43630,5333,1399440,1614139
5203,4352,641965,89889,3445,1416966,2164617
7870,4852,328878,36833,4167,271248,656571
6037,4315,413328,51148,6297,1382457,1865397
7814,5611,124056,34297,4555,335145,513738
9500,6240,205470,32704,4000,1427131,1687213
6074,4648,303346,59463,6093,309002,690737
7759,5259,381149,44222,5000,1387045,1833212
6721,4315,155395,39963,5759,297677,511737
6425,4945,187437,57500,5630,1485848,1749971
11036,6093,260406,35704,5370,1377732,1699027
5444,4370,359246,41556,6333,357954,777070
8296,4981,124807,55074,3871,313320,512479
9370,6260,145516,41685,5760,1445492,1655972
8073,5352,235226,41167,5148,1493467,1791323
7018,5074,328028,51945,5204,296467,696440
8444,4722,415572,37592,4537,206110,680070
7073,4963,122744,44555,5945,334716,522737
6759,4185,203731,40500,5111,1334649,1597287
7351,4778,293978,60685,3852,1492974,1866489
6314,5037,399632,35334,4667,390214,844828
9499,6260,152804,52333,5760,293396,523293
6037,4703,172940,42538,5296,333483,567682
7389,5018,261020,49797,5111,1400340,1730805
6889,4314,355990,38926,5018,1459278,1872526
9277,5963,151995,36185,4463,1480773,1690731
8777,5686,140963,34370,4167,351922,548275
7629,5389,232303,48815,6315,1312521,1615843
7111,4574,327957,48648,4352,320798,716126
9314,6537,406315,48723,7333,303958,784347
8481,5518,154135,78371,3389,285176,536830
7351,5389,205771,62037,7037,1509812,1800138
7499,4722,331870,43759,5093,1475897,1871748
7500,5278,158523,35389,5389,311640,526442
6056,5055,123622,41518,4408,323542,505942
5462,4926,175054,37833,5056,283980,513978
7963,5037,267652,40778,5333,1483319,1811804
4666,4203,365511,50944,5037,290152,723440
7277,5222,128312,36759,5112,288129,473664
6259,4852,153466,51555,3667,284142,506219
5518,4834,232935,41574,5296,1419944,1712231
6851,4796,380868,45444,6056,411720,858513
5852,4759,408873,36889,4759,1419857,1883100
6833,4777,174231,44240,4315,312378,548459
5573,4889,203866,36759,4871,1388384,1647805
6796,4925,292261,47037,6852,1458599,1818637
6351,4537,387211,39630,4463,1448055,1892229
10204,6148,167883,82019,3389,234076,505886
8055,5185,175927,51740,5537,267182,516608
5351,5112,264858,37778,5037,1365539,1686509
8167,4648,350123,36371,5241,314483,721385
6444,5130,140258,36278,4685,310294,505460
10610,6111,142876,46759,6278,1495577,1711582
6092,4815,237660,41685,5093,1387756,1685583
10147,6537,384759,44333,4352,306293,758551
6315,4481,411191,47426,5074,1453595,1930212
6389,5463,153251,48093,5796,292338,513886
8888,5760,199535,42333,4797,1501936,1765120
6018,5259,331671,46574,5389,1488337,1885341
9777,6500,455677,35575,5314,352263,867254
8333,5926,133441,41926,5056,1452345,1649231
6352,5352,594300,31963,4555,262695,908569
6962,5333,272010,59592,5908,184969,538015
11055,6093,400367,42315,5278,296850,763940
6629,5222,130132,45463,5592,328791,523737
8611,6130,139008,80852,3814,282489,523053
8351,5611,228181,40963,5333,1374606,1664842
7555,5463,453335,38945,4759,321734,833514
9370,5333,408101,36278,5148,239451,706403
7666,5370,661922,78556,3222,1411066,2170154
6555,4556,201315,54148,6074,294089,569441
6999,5093,291025,42037,4278,221194,572774
10574,5889,380716,48649,5037,1418698,1872916
6573,5167,163092,82056,3611,1531638,1795026
5278,4481,174080,34722,5204,1374892,1600806
8981,5759,270568,59111,5574,221726,574293
6907,4648,355740,37407,5130,334959,746977
8000,5111,140301,35741,4592,327641,523108
5296,4241,144936,43593,5241,399430,605311
4685,4000,233442,37926,4482,358554,645700
7425,5537,323819,33760,4111,1504503,1881822
5018,3963,454159,63870,2908,1445404,1978174
5852,5611,158089,88075,3296,1366493,1630176
6167,4870,199725,43111,6112,1378191,1640880
6536,4963,300028,37389,5426,1420814,1777397
4944,5203,382331,50907,5222,329721,781292
5647,5167,124724,51482,5352,308439,503589
8703,5074,171379,77722,3537,1401223,1669824
5851,4852,268033,34593,5055,1396754,1717009
9851,6037,350261,48222,6037,334476,756995
8518,5908,121025,41926,5167,314471,498812
6351,4741,141068,54889,6463,286929,502293
5481,4148,236631,51889,5870,1406656,1713398
4333,4055,390378,43981,5926,299415,751792
9981,6574,440217,30389,4759,1488346,1982933
6999,5815,884224,57759,3833,250474,1211789
8685,4981,200969,55778,3092,243825,519738
7370,5074,288493,57611,6371,1495070,1861767
5111,4148,382573,34297,5500,1423027,1856934
9592,6093,198245,38722,5167,314992,574997
7777,5334,180547,36871,4777,350505,587830
7296,5019,658406,47130,5666,1292267,2018748
5444,4148,370986,39166,5371,400972,828754
4944,3982,359084,36556,4722,446244,858440
4963,3963,159015,32815,4074,375759,583423
7129,5315,229262,40889,5130,1438949,1728434
4944,4296,401213,42112,6481,262116,724107
4852,4018,533553,44833,5500,410794,1005346
5111,4037,166280,43426,5092,298365,524034
7592,5167,195582,53593,6241,1453981,1724009
9833,6000,288718,54481,5982,225908,592626
5166,4223,389205,45130,5741,1421246,1873490
5222,3963,152266,82556,3778,274212,523756
9499,6260,173272,70352,4000,266780,531812
6740,4796,271427,35352,4518,1438452,1765045
8481,5389,386674,45055,5537,1450279,1904378
6148,4055,146086,36797,5315,315373,515682
25185,4833,124370,37778,5111,325257,524682
8703,5741,225839,38518,5093,366583,652922
9722,6870,320475,43889,5389,1509403,1897841
6833,5685,413611,53185,4945,1417897,1905026
5221,4630,136764,38815,4722,310789,502756
5796,4241,201140,49334,7055,202376,472739
8129,5574,290905,37167,5352,1392177,1742027
5185,4278,388689,40056,5130,234862,681774
6796,5111,128158,36889,3907,316543,500645
9796,6388,166775,40556,4537,1504715,1734545
5222,4074,260114,47445,6426,1446394,1771453
5221,4019,350750,41185,5259,1249204,1658546
4537,4037,438848,78889,3630,408164,939883
9462,6426,136613,37296,5204,303366,500571
8222,5481,231008,41278,4889,286655,579867
7740,5482,320422,40722,4630,359999,741033
5796,4981,239113,34333,4130,432606,723663
5741,4462,127415,38519,5407,313472,496849
7444,5592,228217,45056,6463,1838234,2134006
5796,4704,293278,45093,5963,310014,666645
5999,4333,1277917,35074,4852,312426,1643360
4574,3926,168549,48481,5463,269133,502608
6388,4926,182703,37482,4315,341460,579496
10888,5982,256654,46074,6333,198325,526312
7092,5037,345068,56926,5648,296428,718348
8018,5482,131221,38241,5370,342887,533405
6500,4778,140319,41482,5981,380455,581516
7518,5000,233604,53889,3703,278412,584182
9500,6000,333387,39426,4537,321868,718255
10870,6314,399431,53685,6185,192251,670811
6851,4741,130510,41203,6019,325654,516793
6277,4315,202756,36038,5333,1395123,1652528
7444,5055,312615,47426,5333,309308,689348
6055,4500,380953,60797,5537,265153,725773
5759,4500,132533,69703,5408,289390,509997
5963,3907,173447,57630,5907,1465340,1714361
9610,6000,292564,42259,5982,306636,664848
6555,4148,349237,41000,5129,327297,735125
4499,3982,124982,41648,4445,330162,511885
10907,6129,140841,40222,5056,1474742,1681175
7036,5408,261735,44315,5241,1464791,1790564
8555,5481,336279,44000,5111,1359896,1762008
5370,4648,413988,45149,5740,1421094,1898730
7444,5278,165457,45111,7074,283540,516164
10388,6759,195426,42278,5796,265664,528367
9148,5907,289802,40222,5463,254213,606737
8222,5537,811383,41241,5204,385831,1259123
7888,5407,119814,68296,3556,318350,525200
6018,5019,174467,37019,4574,402121,631719
4851,4167,266807,34833,4333,290171,608700
8092,4981,1070111,45741,5778,1505855,2642577
7666,5222,123615,43204,5167,337826,524515
5444,4685,140121,43518,6019,1486610,1688546
7333,4926,270812,65611,3407,1473196,1827267
6074,4851,325282,48370,6296,2053594,2447486
6055,4277,410454,56482,5981,1450239,1935637
10573,6315,129515,47204,6037,321704,523163
8314,5574,194002,69000,3945,1386692,1669583
8796,5074,283693,37056,5018,1394853,1736509
9629,5630,384422,43315,5574,335240,786607
5129,4371,132630,73704,3574,1441045,1664380
4704,4037,172025,37500,4908,1412613,1638417
7129,5833,255791,56185,6223,257557,590885
6074,5277,360575,40074,4926,1388934,1808527
4963,4129,129432,42056,4500,317028,504793
6222,5018,142920,42778,4777,297282,501849
8221,5019,227666,34611,4760,1424471,1706786
6759,4741,319894,47834,6426,258157,645922
6573,4815,1177940,43130,5537,282014,1522787
5222,4425,121129,50241,5796,291035,480145
10259,6333,189913,36333,5315,411084,662978
5204,4203,293344,39797,5481,230227,580090
8851,5926,383739,57149,3944,1390343,1852137
8147,5537,196597,39611,5296,253086,510052
4962,4370,170214,37055,5056,281839,505348
4758,3982,263145,55167,6537,1443141,1779638
4222,4037,354911,44555,6204,1472708,1889489
4333,3907,137065,31666,4982,316618,501349
7648,5037,144496,80500,3945,265926,509720
5944,4445,382632,45667,5537,338493,784811
8110,5575,312582,40500,5944,311210,686737
6388,4926,408014,36112,5185,1367956,1830656
6351,4852,156612,38945,4185,372495,586274
6184,4111,204082,101537,3870,1392372,1714860
5907,4741,291217,38574,4518,2087251,2434671
7851,5223,371186,49129,6334,1354840,1797249
5648,5444,150599,42463,5722,294621,507293
6981,5074,164383,94204,3833,349688,625960
10463,6500,257240,57408,3296,222090,559293
8629,5555,351062,42944,5259,254176,669551
5944,4444,134308,44185,5370,321079,517071
7555,5019,136184,34407,4759,336739,527219
4500,4111,240079,43074,5481,1426060,1725435
9463,5759,308752,40963,5222,406225,778940
8759,5666,422888,64463,4166,1357380,1865378
7481,5389,182226,31592,5167,282067,517015
5296,4481,210936,37389,4463,1499961,1764453
8685,5926,289164,36722,5852,1386344,1735453
8963,5796,379818,47408,6222,1419634,1870397
6537,4148,151990,36500,4093,313803,519886
6481,5019,169163,38333,5389,1432957,1659583
5610,4760,256687,49222,6352,1505710,1831674
8444,5463,348693,40982,4796,303506,713885
10629,6223,124661,38315,5186,309298,496386
6222,5037,149408,45259,5575,1454970,1668342
5518,4111,224730,37704,5500,1357853,1638324
6129,5092,325662,42389,7648,318797,707921
6148,4778,774872,38278,5370,337992,1169457
8259,5759,158710,43704,5111,280120,503701
9851,6037,197475,37352,5352,1407275,1665935
5388,4260,1062853,57556,5833,1417873,2555652
5314,4000,562488,42963,5760,1420796,2044303
6815,5333,160715,38481,5741,348078,567812
7333,5092,1255909,53778,4000,1316113,2645022
16610,3833,251598,36852,5111,1414226,1730916
6277,4241,359807,45611,5463,1461534,1884859
6240,4926,135368,33778,4908,307314,494849
7222,5074,136985,46722,6426,1492246,1696768
9796,6352,218454,41667,6204,268024,552516
7147,4649,1213573,36796,5000,350695,1621602
5759,4444,130763,41426,6148,347623,538386
5481,4611,196731,43204,5296,323432,580941
5129,4389,200200,37185,5315,1447865,1703324
10592,5852,280706,45259,5352,1426247,1776045
8573,5241,399342,48685,5130,1509313,1979766
6574,4574,149273,47167,3703,340224,553515
6722,5130,166408,32334,4648,342718,560016
7722,4926,257470,43889,5278,1425538,1747675
5370,5148,350846,34204,4926,294335,697107
4352,5148,124333,36371,5241,334626,511923
10018,6370,138284,47000,6371,473267,683126
9425,5574,220642,46334,5037,261354,551071
5962,4963,324981,37130,5222,313589,694551
8055,5500,397709,41686,5111,243471,703273
9352,6148,125104,38648,5315,332504,518720
7277,5371,202147,56500,5314,249110,527423
6018,5148,304209,46778,4444,426120,794440
9573,6371,380307,39500,4630,1425107,1867193
6111,5352,145720,41703,4945,352184,557701
5889,4629,166819,75000,3667,1430782,1690176
5074,4703,260232,37019,4778,1645867,1960081
8925,5833,423128,45555,6297,330182,822180
7944,5518,269966,44908,4815,1412246,1748138
6796,4611,135027,35574,4648,328766,518349
6295,5000,264349,57944,3241,1386234,1725175
9037,5888,358966,42148,5352,339938,763366
6184,5648,408009,39574,6333,1435685,1904081
5944,4500,124791,91390,3555,396668,628645
4944,5148,201668,47612,4222,333884,599349
6926,5000,330229,44982,5482,333025,727385
5055,4741,397328,45889,6241,381426,843403
8759,5111,795650,37982,5204,345769,1201179
5129,4389,255654,36889,4982,430397,739273
10888,6222,365569,40315,4574,368001,798236
5463,4777,722390,44871,5926,2823885,3609591
16704,3722,547067,57000,3667,264650,895551
7111,5130,137029,31371,4870,314357,501979
10148,5963,1133575,39759,5371,401286,1597917
7925,5408,315393,52871,5129,261344,649755
7962,5426,406048,38537,5130,1383534,1849341
9389,6166,148609,45834,5907,279740,498331
6407,5055,317505,42444,5278,316510,695866
7000,5111,875567,38130,4833,326259,1259604
9852,5888,190646,40111,5296,329518,583089
6074,4648,126317,36575,5370,323161,504794
8574,5926,607658,35111,5166,407077,1071735
8000,5537,252552,43092,5000,1518086,1834971
6832,4834,252669,50611,5259,434994,757051
5333,5018,590250,36111,5185,336393,979994
9258,5834,198088,35370,5185,343001,598459
6110,5093,244483,68481,3556,1481729,1812211
9703,5704,373341,48574,4945,382246,827495
5314,4074,418440,30703,4760,1450197,1915729
4647,4019,184111,39667,3241,343107,580922
11629,6407,226636,65704,3167,1330021,1647472
9685,6111,282457,46037,6222,1369737,1722361
12203,6019,379222,44389,5944,343718,793958
9814,6648,162505,32760,5426,303195,523034
7481,5870,164937,67963,3723,270078,523089
6907,4555,263944,35389,5000,1464750,1782749
9277,6278,337079,43630,5500,366305,770329
5130,4222,738178,41667,5426,363259,1160012
6685,4556,139868,40685,4463,340388,539349
9185,5389,407393,39741,5888,1438985,1910156
6093,4666,315992,34259,4870,1457906,1826008
6462,4685,411850,41796,5074,1355214,1827119
5574,4296,124262,43463,5611,337865,523182
11167,5888,320324,40556,5185,340728,725922
7018,4907,279534,68315,3685,273018,639329
7758,6204,247521,43148,6259,1303544,1617379
9240,6111,1235825,52574,5537,385295,1696230
6352,5148,122532,41148,5352,351354,534720
7444,5037,255390,39963,4945,1477747,1794082
6148,4833,341563,39815,4722,334044,733922
6092,4426,431439,54056,6204,1375160,1880359
6110,5519,144148,40852,4741,319089,522608
9666,6426,230284,43167,5444,1429965,1727045
7573,4722,314661,40815,4815,321854,696366
5555,4074,500722,29685,5130,325976,874161
5185,4000,159209,38704,3815,282825,496645
6962,5130,192826,37593,5074,1382646,1632953
7537,5056,283258,48907,4834,1381954,1734324
5185,4148,466339,42074,6333,283453,810366
5166,3889,139677,63630,3537,247042,466442
6832,4889,167054,37852,4444,281925,504719
5592,5185,258782,43370,5260,1351819,1671861
5092,4944,412362,43519,5259,1464627,1938674
8277,5315,428646,49426,5018,1389473,1888230
9351,6241,132762,44926,5796,401049,601941
5667,4389,228379,37259,4815,1389778,1673102
4647,3982,318663,43315,6056,243462,622885
5722,3963,406743,34574,5204,1389042,1848934
4500,4074,184119,41778,5555,364489,606311
4222,4000,201217,37241,4778,1449828,1703990
4258,3871,290779,43815,5407,293680,644940
10000,5796,368211,40167,5148,290025,722348
7851,5463,129643,46537,5055,306577,504015
5296,5130,548501,86037,3871,246049,897199
7111,5148,256692,59574,3370,1408410,1743453
6388,4686,370975,40500,4556,328668,758199
5888,4667,1207576,45981,6352,368674,1641972
5796,5389,713655,40111,5945,1444758,2218210
5388,4296,222030,61519,3463,1408034,1706990
8388,5426,432610,52130,5871,403014,909698
5166,5260,405301,56037,5704,1504946,1984655
10759,6389,357455,34723,4814,1306054,1722861
5295,4093,198868,65593,3519,1467232,1746675
5351,4519,336226,95537,3297,190399,638144
5629,5111,390584,33759,4315,303801,745495
8870,6444,127609,44833,5556,320129,515553
10240,6796,154355,85871,3685,1415672,1678768
9259,5963,258417,40481,4648,309580,630664
9740,6703,345571,37222,4278,354814,760754
7666,5463,1038930,41167,6259,1469166,2570763
6703,5297,146248,65000,3500,1417501,1647713
7611,4889,224477,29370,4648,231909,505109
4981,5037,315224,46185,6204,295569,675774
10888,6019,393267,36185,5074,1414945,1869026
5074,4407,152143,45926,5444,272670,488442
8055,4963,189334,46704,4556,264996,520849
6870,4574,284340,47278,6444,1344465,1696101
7555,5407,378272,37704,4389,329464,764940
6703,4463,146462,85464,3222,308516,556960
11518,5741,159654,52759,5833,288159,525849
7018,4723,260289,51870,5575,1491033,1824712
6018,4352,338110,48963,5093,1370342,1775064
9907,6703,2356658,55611,3945,1453986,3888903
6092,5333,365500,49315,4648,1422286,1855248
20000,4592,213609,47093,5019,240721,533090
9110,5649,309004,61722,5574,272492,666329
6092,4426,226399,48148,3463,1389202,1680601
8000,5500,696498,79222,3445,1442452,2238173
6981,5277,228929,73130,3204,1477301,1797360
5870,4371,278435,39666,5315,1431555,1768935
7629,5482,364700,41241,4389,320110,746292
8592,5222,127909,36371,5166,450106,635959
10167,6370,155156,32778,4889,319211,530812
7981,4982,888960,38037,4685,1318212,2264691
5833,5148,338261,43778,5352,250420,650459
6074,4741,942601,35611,5093,328613,1325770
5148,4667,137216,41963,4834,1469255,1665324
9555,5777,228834,50575,5222,1440026,1742730
6537,4629,310433,35907,5056,1409187,1774694
5851,4389,397809,39389,4574,310576,764329
6926,5611,161092,51574,5889,307738,541127
9425,6093,186043,42111,5278,325528,578015
7759,5278,273789,35722,5278,1415034,1744879
6963,4611,370092,38574,4296,1425898,1853175
5425,5093,134764,81018,3760,315177,547849
8332,6241,162548,29777,5093,1457313,1672027
5092,4482,263757,44593,4370,1324215,1648657
10574,6000,336096,32649,4926,428972,821681
8111,6148,122528,42574,5315,323154,509719
9185,5926,126478,48889,6630,306074,505794
8074,5148,216873,54611,5204,1355154,1647157
7574,4666,312361,51889,5000,344672,729015
7611,4907,393478,35815,5093,1417585,1866248
6740,5481,201836,40963,5018,247403,509774
10388,6482,181378,59593,4111,1418316,1682027
5999,4833,284514,40908,5444,1376291,1720823
5962,4185,371150,37130,5148,1465302,1891082
8203,4908,137599,37723,4666,291287,486460
10351,6370,150069,44444,4889,1467311,1686323
8684,5297,251056,34296,4519,1382545,1688823
7203,4796,117543,45463,6074,327047,510274
6500,4426,1239589,37592,5297,330938,1626473
9667,6314,127055,44575,5463,320071,515627
5759,4204,224357,37686,5796,309620,590219
7092,4944,326697,92538,3407,1394422,1831026
9221,6019,704185,37833,17000,354253,1130234
9907,6722,861303,32889,4278,378875,1296660
5796,4056,201066,45611,5685,2167698,2432894
6611,4981,281276,42574,5149,1417973,1760897
5796,4722,1316247,42389,6407,325706,1703971
6204,4814,182214,38111,5556,278913,517923
8758,5019,169386,43722,5408,362314,597367
5055,4315,250410,39574,5167,1459450,1766953
4814,4593,336768,40538,5074,282635,676181
7073,5130,1039276,39648,4944,1385155,2483411
5481,4814,139521,38148,4278,298625,492923
10092,6370,217082,36167,5574,322803,600367
7981,5074,372904,39815,5500,340018,773459
6795,5723,434724,66444,3463,1415413,1934674
7389,4518,141155,60482,3037,313916,532238
6055,4815,193698,36370,4204,1387033,1634768
6074,4963,282037,46038,6370,306736,653959
6277,4963,435118,77852,3315,249192,780421
10944,5833,126938,62833,4111,289022,502978
6611,4796,164925,45686,6037,1401935,1632176
9074,6204,250098,49704,6092,1482299,1805286
6463,4981,346105,47463,4537,335984,747163
9907,5666,692871,58537,3704,374363,1147160
7333,5297,129319,36889,4611,291604,477831
6093,4777,217529,42112,5333,1459516,1737453
6963,5574,315776,41870,4963,331072,708978
6944,4482,391689,35797,4981,1436355,1883675
8925,6111,127547,37167,4203,288229,474256
7759,5333,182034,55760,6481,248926,509034
6129,4667,994060,48871,4074,293469,1353881
7333,4944,443510,33870,3926,1812496,2308098
5500,4148,138366,47260,4815,372815,574830
9999,6334,153131,36686,5537,295828,509386
6500,4740,258972,33963,4148,1434370,1745564
8055,5314,1307887,47593,5537,1369745,2747076
6277,4371,822299,43555,4630,1658723,2542263
17721,4056,122599,50464,5500,279434,481886
10166,6481,210588,38648,6130,330483,604311
6759,4481,316778,43167,5315,305477,684940
6981,5148,398359,44056,4870,1467797,1929378
6018,4352,153067,86426,3630,252985,508237
6741,4426,191759,56333,3722,1453824,1718546
10666,5908,282765,43148,5296,308731,658719
5351,4223,411234,47518,3889,314780,789588
9611,5944,137536,78556,3296,271517,508997
6240,4426,196671,47000,5426,1388931,1651583
8259,4203,250270,56074,3908,216338,542071
7444,4981,336146,78593,3259,1429547,1862915
7518,5519,1004283,54723,3352,1530886,2608911
5222,4926,128732,57111,6333,310802,515868
7203,4463,220312,39352,4389,1486196,1763694
5666,5018,318411,36556,4796,1495208,1867452
5796,4204,406806,38944,5500,1437554,1900619
10092,6240,132274,38926,5278,321705,517256
6036,4186,187576,46666,4556,216014,467793
7648,5037,286749,33852,4611,1425740,1766323
6518,5222,409366,66093,3055,1408753,1901859
7092,4889,148575,45315,5259,311848,524812
6018,4389,170192,42815,4333,1495372,1725860
4630,4166,295939,43315,5019,282520,638200
6759,4611,339964,53815,3944,230551,641923
5610,4722,425192,53038,5981,1411667,1908266
12481,5963,169790,91297,3426,1369681,1655324
7666,4981,215278,48259,6167,1944413,2228580
6259,4370,367358,36518,4352,319657,740199
6722,5185,404494,39796,4518,320762,783088
5444,4685,172999,65723,3185,238313,493294
7055,5000,220745,33352,3982,1459263,1731953
6259,4907,274252,35352,3963,255393,581886
6092,4630,362850,46778,5926,353312,782273
10870,5963,123541,30851,5075,351678,531756
6500,5648,155213,43167,5426,282210,500201
7351,5093,247775,38333,5204,233574,540108
5759,5019,333799,34871,4537,1485264,1871934
6463,4259,428972,38204,4185,1398480,1883415
7240,5074,146293,38018,4056,1433772,1636620
6240,4500,214669,56870,3741,224236,512293
6444,5352,343767,67834,3259,1475166,1904526
5352,5037,437107,63074,3130,1429104,1945619
7018,5148,140742,65833,3223,1413193,1637305
9870,6371,193266,33556,4166,1463372,1713417
6426,4296,274106,42630,4796,1380125,1714509
10315,5944,365557,34555,4167,343606,766366
7222,5389,164043,43445,6241,288046,516553
9444,6296,153920,35815,5648,1430923,1644750
5537,4222,253574,49000,5407,1426583,1746860
8277,5686,369598,36982,5203,301009,728496
6277,4592,817587,35112,5074,335998,1207585
6758,5074,148906,42223,6592,299739,511422
10962,5963,207875,41556,5963,1412244,1687434
7277,4722,314492,55167,5389,273985,663829
5443,4352,397628,45630,6296,1401565,1863081
9537,6111,121707,84260,3981,362141,590200
7704,5592,187602,42149,5426,1397666,1648269
9648,5815,275441,46260,6333,1376715,1722287
7129,6093,433633,43056,5296,303270,800625
5092,4315,153916,40760,6574,305117,517830
10648,6000,147070,38908,5537,392185,602478
7999,5463,249724,39908,5370,1407692,1718693
8333,5444,348953,37648,4760,1460036,1868860
6851,4482,454181,34129,4260,1424826,1931340
4703,4130,129149,34667,4111,384662,563459
8407,5426,214859,35296,3982,267563,537293
4981,4074,338717,46204,5371,1428550,1830138
6648,5352,607446,43074,5000,1313654,1983100
9629,6444,126784,42148,6352,333084,526089
6129,4296,189012,44204,5963,310374,562867
4648,4055,281093,36926,5315,276663,610812
8480,5426,364321,38685,4686,288564,712292
6833,5037,126511,42352,4315,1432127,1620009
6315,4259,193480,65037,3241,1385214,1660269
6944,4815,260578,89167,3352,1367874,1736397
6314,4963,369066,65019,3019,1382922,1834100
5314,4482,461202,66148,3259,1394935,1937989
8426,4851,168208,88352,3315,248882,524868
5610,4500,217269,56019,3907,1481277,1770767
9666,6074,368461,40241,5703,300665,732663
5258,4278,391892,61001,3500,1411319,1880044
10000,6351,154843,50500,5166,309155,538127
8278,5555,181293,46407,4667,229223,477553
8406,5556,282928,33297,4277,1372933,1710842
8574,5463,405971,49815,6056,299431,778014
8759,5185,129940,48926,4833,301169,502182
5926,4796,159575,37648,4963,1387490,1603195
5981,4537,248582,37352,5000,1470741,1774249
6740,5296,406014,38130,3981,330352,792643
7426,4629,426353,36037,4723,1437858,1919045
9351,5908,132969,56889,6166,298750,512108
6463,4815,213067,36056,4704,1379089,1646398
6907,5426,307537,46037,6278,316477,691607
7259,4722,395988,58000,5740,309323,783884
6129,4537,168178,43537,4149,250930,480220
6777,4593,188110,51796,3556,261202,518868
9907,6815,266542,80926,3315,1447855,1817582
8518,5259,384270,43000,6112,303466,752718
8870,6093,136479,43630,5722,334462,537256
8684,5593,149115,45796,6296,1494968,1712230
6444,5351,244603,35759,4889,1415147,1715156
6869,4500,343868,37611,5056,2288376,2689003
5796,4981,1209265,36815,4852,1725773,2991094
8869,6019,102731,53241,5481,318100,496497
6351,5000,406108,36574,5167,1545010,2007155
8944,5592,299688,49759,5149,1447338,1819767
5907,4611,412212,41501,5111,427838,898995
5555,4630,145773,35944,3796,330465,528330
7185,4759,182928,46037,5889,1440581,1689139
10740,5889,273082,36407,5334,1355075,1689509
7055,6111,366069,71686,3703,215631,672052
6370,4592,143945,44408,5704,377440,585423
6203,4889,165988,46500,5278,291212,522478
10777,5944,240865,45203,5037,1481848,1791767
9796,6203,326130,41945,5259,1487508,1878767
8611,5629,422062,40759,4852,298804,783218
9685,6537,128881,43112,5166,330727,526238
7907,5352,220795,41593,4777,251517,534089
6407,4833,307524,47130,5777,359065,732811
9888,6685,397511,37408,5389,1407293,1866304
7444,5055,159924,43870,6223,301628,526441
10963,5981,174208,32852,4907,1365913,1597324
6444,4555,277603,41907,5241,303171,641070
10110,6593,424812,86260,3981,281239,815013
6444,4500,169429,33352,4630,304772,525146
9778,5611,160249,28945,4055,302303,513368
6573,4852,240163,43852,4852,1398160,1701953
9629,5815,332021,38352,5130,252012,645070
6203,4723,419897,77149,4314,1442943,1957415
10296,5963,124976,43667,6241,341890,535089
9963,6722,589058,41778,5222,408862,1064735
7129,4666,299730,45056,4741,283525,647200
7444,4611,392643,47667,6426,202353,663311
7962,4630,190241,35778,4907,263478,509219
10166,6315,1392787,34834,4814,360610,1811564
5426,4352,275475,41074,5019,318724,652219
12166,6852,132221,39056,4963,372516,569941
6055,4074,130654,47907,5500,303955,500238
8870,5870,1691608,40815,4870,1418170,3173908
6851,5148,129038,54130,3852,380773,582478
8481,6278,324375,38056,5407,283288,668681
6129,4000,421456,31018,4760,296706,766662
8833,5797,130238,44297,6148,525831,724274
9722,6111,211967,42796,6167,1339431,1619805
9388,5815,302325,43334,5055,226209,594793
6869,4334,446683,46481,4482,283812,794958
9833,6778,139632,43945,5315,269457,477590
6222,4240,180824,41759,6334,1372370,1614157
9241,6129,312719,90223,3703,1263364,1687491
11740,5926,364096,102444,3500,1334487,1824249
5592,4278,135989,44649,5592,317249,516071
6278,4925,149959,47204,6352,1394847,1612343
5296,4037,239743,41018,5852,309699,607978
11221,6482,326211,45315,5907,294378,691885
9499,6611,416033,38981,5667,1523882,2002562
7333,5166,128834,36871,5370,329052,515590
8518,5741,218617,56556,6148,230935,529108
11852,5981,303920,42315,5852,341113,713329
7962,5926,396278,47149,5703,319384,785310
10277,7259,169598,88075,3926,240528,522423
8463,5629,183160,53000,5426,465336,722903
6184,4537,275555,57574,5371,1311824,1663379
8740,5834,421597,87982,3834,274545,804532
10036,7056,123862,29667,4259,343338,520849
10555,6463,119350,53000,5982,491090,688904
9110,5445,240041,45500,4130,1383356,1690157
6611,4407,331343,72334,3704,1409146,1830008
10092,6741,414220,34389,4556,1363584,1836305
6278,5148,180244,42481,5463,289642,532090
9647,5445,210046,36852,4426,1460370,1729619
9129,5907,661739,46852,6500,377311,1109623
8499,5389,388318,42055,5315,299937,751940
9166,6037,296286,41741,6185,357543,718774
8315,5074,178051,43463,5204,1389976,1632806
5240,4518,274206,57185,3889,210458,557570
10555,6685,353971,35519,4574,357043,769996
6407,4648,139198,41241,4704,394242,593052
11685,5574,155889,36908,4704,1445119,1662046
5000,4944,246581,43592,5463,307490,616052
6796,4889,331216,47075,4518,368816,765718
10444,7223,414889,36796,4185,317884,794033
10851,6093,130913,48000,6370,327362,531626
8444,5685,207882,46407,5667,281652,558478
5221,4463,370259,39278,4129,394404,819754
9240,6333,404543,45333,5093,384119,857291
6166,5149,159344,35166,4926,364838,578460
10055,6871,173498,43148,4500,551053,791940
6573,4834,270189,36870,4963,1322098,1647935
5814,4445,358510,56982,6370,282134,716755
9814,5685,129497,42926,5834,335333,532126
4796,4796,190781,46371,6055,1387136,1642713
4740,4778,240435,47593,5926,1466647,1772582
10259,6426,322052,36704,5259,1334216,1717342
9833,5667,445873,31426,4722,448937,948699
7851,5463,167860,82963,3686,347969,618385
6037,4185,213440,47018,6352,1430995,1710805
9240,5889,341001,40964,4481,284272,688459
9778,5685,667582,89260,3759,1437071,2215728
9888,6167,784588,46112,4500,1503323,2357060
6444,4907,178982,48852,6222,272126,520663
9332,6371,262784,65815,4037,1366095,1717267
9962,6185,359309,36352,4723,312797,731532
5759,4444,291686,46092,5945,348496,705348
10944,7074,141339,39407,5704,380176,587441
9463,6241,231271,45796,4222,1885902,2185062
5481,3889,334703,49389,4945,1420656,1821897
9425,5981,1119674,39482,5167,402094,1584268
8777,5852,127307,51518,6500,1444091,1646138
8685,5963,209239,49944,4649,285387,566423
10259,6463,341634,47130,6148,319880,733977
9222,6314,384696,58130,3815,274466,739496
10092,7167,127719,35056,3907,337148,523868
6444,4426,179373,40834,4759,1484061,1722046
10111,5796,274936,53333,5815,317598,670015
8018,6018,359756,45778,6519,353387,781866
10240,7204,119854,42130,5833,336199,523923
6481,4463,190675,77241,3685,1435501,1721787
6259,4074,243236,50575,6537,1414661,1727472
9926,6203,319391,33871,4926,1489228,1865601
10500,6092,417453,54870,3537,224303,719237
9592,6389,122791,43667,6018,339891,530997
6518,4463,217686,56074,3463,1501156,1791545
7684,5426,359840,49001,4277,341952,770551
8426,5981,428995,44648,4241,387537,882773
10147,7223,160851,35000,4278,311923,532034
9815,5722,215376,37593,5259,1449447,1725861
9148,5740,273197,44112,5574,1427496,1768749
8036,5352,358833,42037,4389,358274,779477
9648,6370,127635,34796,4259,378437,563293
7870,4518,144511,43741,6278,375319,584886
5129,3963,243535,40389,5463,345331,645903
10055,6278,241893,42111,21593,1435837,1760397
9277,6722,2276978,43852,4259,1464426,3807996
8055,5592,115115,42167,5093,350400,528552
8722,6056,204688,46852,5185,1338395,1612287
5722,5037,300731,34037,5723,273338,626718
8259,6389,382015,54519,6296,327814,787329
6944,4815,129280,52093,4555,314625,514701
7629,5592,182101,84834,3444,1418964,1704768
5296,4407,285496,45407,5112,344055,691959
10573,7037,408910,41148,4611,1969095,2443411
9166,5703,142045,36759,4482,303100,503441
9981,6648,150236,79982,3240,1423107,1675639
8777,5518,241316,39945,5296,1411508,1714360
7833,5352,322340,42445,5629,379748,766088
6055,4092,419143,39704,5463,1411402,1888655
10147,6149,127333,52185,3593,357367,559478
4648,4204,211802,36222,4704,1482243,1746639
9536,5871,372271,78074,3334,323409,794847
9870,6370,379333,55278,6111,341885,801403
9000,6870,163431,43185,4000,282103,510738
8796,5815,174085,51833,5741,274968,523738
10370,7000,260276,107611,3482,1330584,1721471
12555,6185,358801,43278,4759,731878,1160512
5500,4426,141491,75371,3240,260413,492664
10370,6852,147720,51648,5481,296370,520590
6481,4593,240337,33704,5351,1366654,1660121
4889,3963,340843,44463,4388,350764,752737
8796,5629,446757,48241,6055,1477677,1995618
9222,5907,164744,91185,3500,1466228,1743824
5629,4037,213730,34834,4722,1486389,1752045
10629,6334,316699,64204,3297,356888,760255
9666,6815,459817,62648,3223,1452060,1996877
8851,5797,133711,44759,5556,362100,563571
6073,4222,190828,37278,4408,1412699,1658138
5499,3834,849835,44741,5074,374083,1285511
9814,7056,348914,57426,6130,280841,712792
7889,6185,122846,76018,6037,304318,525423
10129,7093,155500,41740,6260,1432305,1655583
6592,5093,238524,41204,4685,1462428,1760601
8166,5389,404901,43760,4740,1856197,2325709
4888,4186,415296,48370,6000,1463230,1944989
8629,5445,129449,57648,5260,1574670,1783823
10333,5870,199067,41167,5425,1434720,1699009
10018,6352,301943,43371,5111,1430880,1800101
7963,5333,387949,40500,4149,1390632,1838471
6500,4370,126732,57667,4055,1424333,1625861
10036,6482,173756,42148,5612,1492566,1732823
5463,4111,267541,38351,4612,1383042,1706454
9759,6370,348325,40611,4685,374115,786125
9518,7111,130015,44315,6037,361593,560719
6111,4166,145225,37111,5333,311717,512386
4740,4111,239434,34852,5223,1454722,1745416
11055,6352,317200,35333,4871,368814,745848
8943,5926,414540,38796,5722,1376839,1853489
6499,4260,124303,42797,4815,399952,584737
8518,5759,208069,45000,5630,367927,642941
9110,5389,327187,69703,6482,1423136,1843119
5203,4185,392285,36056,4648,310970,755532
11129,6019,129568,45759,5204,312855,513719
4906,4204,191741,38481,4686,1502990,1750026
6037,4426,270284,43315,5870,1480872,1813231
12333,6611,403938,43111,4371,284113,756718
6777,4370,131518,37852,4981,287035,475182
9795,6908,139708,41038,6111,547972,753458
8352,5426,237289,34463,4888,1354887,1647602
9833,6352,317776,45426,6019,1430935,1818471
6277,4111,412801,37445,5352,1455613,1924415
6610,4963,127918,57537,5722,284432,489867
5407,4222,217794,39408,5722,276221,551701
10499,6611,292004,32574,4834,1430504,1779619
6555,4426,411010,53278,4555,284412,767533
9944,6871,131533,42704,4241,302278,500664
10055,6629,190966,48815,5889,1479598,1744193
6407,4537,269082,54389,4204,1444259,1784971
10129,5889,355922,54204,3278,337406,769514
7962,5630,125390,43334,5851,296515,486719
7759,4982,141711,38555,5334,1451575,1652028
10592,7278,232292,40463,5222,1453624,1751601
6721,4686,339278,106556,3889,211310,675218
10166,7129,413730,56093,5352,1466759,1961637
6259,4574,129031,44148,5463,1429812,1622195
7741,5111,201296,68722,3686,1436193,1724861
9259,5277,293377,35389,4574,300527,650774
9685,6185,389290,39056,4870,1456829,1908989
6518,4704,146592,36463,4870,295794,497849
10259,6574,175486,44297,5444,1418671,1663324
10425,5611,264197,113685,3574,1366571,1766601
6333,4426,372702,56704,3722,323330,769292
5925,4315,130597,37852,4333,315567,500645
6388,4463,159714,40870,5371,1441350,1661768
5648,3925,239998,44945,6611,1395066,1698286
9500,6000,323022,48074,6093,231104,626275
9518,6777,419251,55519,4018,1349572,1846785
7870,5685,121200,82093,3519,276111,499164
11203,6315,210836,55630,3259,184550,474609
5184,4000,336787,70204,3722,1477054,1899341
11481,6740,381700,57445,3389,215092,678033
8740,5630,127316,57815,3463,419254,625218
11277,5759,178823,45407,4556,1447501,1695508
9389,6907,257069,44260,4870,1413847,1739657
7167,5092,434446,34130,5037,332568,821088
5907,4667,131080,46334,6222,373749,570700
11703,6611,136050,87204,3907,1351978,1600305
8370,5667,227296,56926,3778,280348,584849
4666,4260,334395,37759,5315,363823,752625
4722,4074,413901,36611,5241,1418069,1885582
10592,5926,219888,42611,6408,255016,542608
5629,4574,208653,51426,6000,238844,517386
5018,4167,290345,37407,5111,218652,563442
6204,4611,387036,36518,5093,1472786,1915638
11110,6482,316263,62223,3907,1456874,1859526
6832,4704,172788,49537,6482,337616,580256
9722,6685,319702,52241,6129,314350,711570
7648,5018,396523,32852,4611,351732,801273
10480,5926,124621,44759,5907,309433,503626
9814,6112,137811,37870,5260,290204,489349
10204,6518,226114,38944,5371,271772,561442
8259,5370,315768,42852,6241,337802,718422
6258,4167,425107,44241,5537,1465622,1953192
5981,4500,137446,42389,5111,290218,487738
7536,5259,198915,44464,6259,328933,594033
5592,4260,291180,41519,5407,1438254,1788508
10129,6686,379353,44481,6093,1473265,1922137
9555,6704,142543,32130,5130,319083,517590
8203,5556,178457,48907,5723,1466477,1715823
9777,6334,277574,44519,6370,1476341,1823175
8666,5370,352006,41926,5426,399526,814976
5907,4611,164493,30926,5538,377688,591497
10407,6926,137869,35352,4704,327960,526052
9778,6203,234339,53630,5370,1473392,1785490
7778,4370,356734,37740,4982,327058,741163
9925,7204,405240,73870,3593,1467175,1969155
6481,4408,123411,36241,5222,351919,530608
5018,4222,210695,46945,5500,1382443,1657749
5666,3963,297090,36945,5111,332257,683125
10018,7185,484189,35630,4870,262806,806791
10166,6963,144935,48185,5056,353283,570718
8370,4630,211589,66685,3834,1358493,1655824
10815,6000,265762,53926,3907,336068,678534
10036,6463,370620,55204,3352,327061,775236
8351,5482,128014,39574,5333,339150,528719
53462,4741,114909,36667,5055,416217,633959
9666,6241,226119,41852,4907,249656,541034
9832,6278,318051,34185,4908,274353,650237
10018,7148,253686,31038,5055,1681339,1990248
8907,5815,2537586,48723,6259,1621463,4230976
8889,6148,99300,42075,5277,344808,509386
8185,5222,291963,35112,5037,204348,552553
6592,4722,396636,79593,3981,1453890,1947581
5295,4037,131271,32630,4148,353541,533645
9815,5611,172462,112389,4185,1330528,1637435
9222,5907,255617,33740,5149,348824,661922
5351,4611,349567,41889,5260,348521,757903
6444,4796,133109,36889,5241,386461,576089
5722,4648,141690,38666,5278,387437,585775
4370,4352,238955,36889,5130,1449757,1741546
10425,6426,323517,74148,3759,299905,721088
10388,7056,409448,30426,4371,1356541,1820971
7999,5186,123157,65667,5296,302451,512553
8944,5889,201385,41186,6185,1415882,1681564
5185,4389,291206,45038,5796,1431450,1785546
9166,5870,392084,40166,5111,342024,798273
10351,6149,161440,45037,5167,273779,504738
6295,4223,175112,35130,5111,256014,484738
7407,4630,257822,35889,4963,318896,632237
9592,6185,408773,37889,5352,321722,791977
9499,5500,134297,30038,4666,326219,512886
8481,5593,139895,38834,4870,388675,588811
5889,4222,231179,46130,6315,1386274,1682805
9259,5907,344667,108445,3629,1442044,1916063
9481,5611,409507,65704,6130,1389093,1887934
5648,4148,717439,46518,5426,1410604,2192191
8147,6000,226111,42926,4963,331682,623311
9611,5759,286357,44889,6149,1399965,1754916
10777,5963,461401,46537,5370,273058,805625
9758,7111,166443,36537,5389,359591,587737
6555,4574,1077673,42815,5426,1609570,2748873
8648,5944,254251,40926,5796,357690,675477
11204,6537,514702,62796,4167,404403,1006661
9295,6537,126022,42482,4889,326845,518626
21037,4796,784270,40519,5389,1304069,2162173
9815,6444,226053,37666,4871,1342531,1630343
6852,4185,401318,30574,4370,360807,810237
9944,6704,432176,89870,3667,1357813,1902397
8666,5611,124403,48056,5296,398205,592367
8647,5556,196168,45908,6315,1457414,1722675
6185,4685,292619,48611,5649,1473907,1834064
4721,4871,380625,58685,6296,1385513,1843341
7055,4481,136612,43260,5981,328348,528201
8759,5796,165896,37834,4963,1467964,1693861
7666,5019,269291,53148,5278,1424162,1766990
7647,5241,427890,36278,5111,293346,777810
6000,4444,133932,46926,6315,359231,558923
6722,4537,146419,43259,5315,392244,600756
6333,4352,233536,35167,5222,336979,623663
10240,6518,362747,72556,3722,1508723,1966711
5370,4629,415512,49389,4870,1438107,1920470
4907,4630,167072,43908,6259,352517,581775
11148,6852,191208,37648,5389,1415653,1670528
6259,4352,299103,49333,5630,1471571,1838656
9832,6889,377017,43333,6500,1402603,1848433
8888,5648,126818,44260,5833,378864,572515
7203,4815,179861,47463,5519,340357,587293
8055,6408,259034,43889,5426,302388,627275
10444,6500,351411,43556,5333,1490912,1910675
8036,5444,249028,80296,3704,1310482,1659138
6333,4222,918183,41111,4667,1457377,2434005
9907,7167,237705,38223,5944,231273,532460
9055,6870,316675,45963,5185,318562,704422
9148,6666,402163,43203,5352,1418883,1888230
5463,4981,155798,46074,4926,407217,626423
9703,6519,199210,42371,5555,332564,598441
4778,4740,768422,39574,5685,428942,1254586
10481,7111,455168,66630,5166,237495,784718
8962,5722,559989,38963,5185,426505,1047808
9759,6259,162716,73222,3667,265373,523738
5629,4537,257629,44130,6389,245460,566145
12203,6093,344135,39852,5685,1474706,1884878
10258,6278,125604,42611,5204,320930,513534
8092,5463,142869,42093,5111,424146,630219
10203,7111,226709,45981,6445,1387115,1686250
8296,5666,312974,52426,4741,251615,638274
11721,5797,404794,102704,3685,1298473,1829211
9592,6815,159114,86038,3407,1378320,1645768
9296,5555,195417,80575,3407,335487,631811
9314,6222,300886,72574,5463,448461,844902
6444,4018,397466,35371,5111,291400,742773
4777,4167,152305,35500,5314,318878,523108
9981,6556,161088,41704,6204,1458383,1686490
9240,6315,253021,52018,5389,310124,638237
12166,5889,350286,43907,4500,1442704,1862045
8907,5815,127254,42204,5445,321520,513571
5907,4222,137742,38185,6870,369459,565089
10073,6537,226378,38481,4871,318452,607237
8444,5296,318366,47574,6389,423111,811273
9962,6926,397705,43129,5482,1374674,1840082
9222,6981,207173,40963,5500,1417318,1689657
5388,4704,201160,38538,5185,1499903,1756953
12814,6555,282704,40389,5648,298367,648570
9759,7092,141135,43760,5592,313640,523016
8870,5482,1139532,38296,4907,1420990,2620226
8241,6000,187183,49149,6463,1369121,1628602
9481,5259,251838,54278,5241,211140,539682
5036,4222,347159,48815,4926,244578,656996
5981,5352,919722,44203,6186,351455,1335529
9518,5833,137744,41519,4518,333642,534996
10500,6074,227139,41222,5500,220506,513016
9869,6963,309164,85926,3537,328814,746736
5777,5296,1022728,35926,4870,1572721,2649948
5018,5111,119805,75037,3537,331914,542738
10425,6574,190496,56112,6518,1431957,1704360
8166,5667,281576,49093,5333,279272,631219
9777,6315,466175,41371,6074,384616,916439
10222,7204,149625,41092,5760,328186,544164
8481,4537,178613,56537,3981,224422,479164
10074,6352,256525,35445,4593,1496241,1813138
9777,6074,349236,42963,5426,344464,760903
6037,3963,148815,37315,5074,370330,574071
11777,6629,128988,35611,4445,326065,516293
9222,6185,222660,48371,4463,232299,525664
9796,6074,310388,54704,6352,1358453,1747934
5499,4796,411636,51907,5352,1415243,1896952
8962,5389,130641,41259,4130,354763,547367
10333,6555,189517,41871,6204,313831,570441
5666,4981,285950,36814,5000,502991,843310
4610,4667,384326,42555,5315,334448,779680
9111,4778,138516,38759,5445,317573,517127
5314,4074,556968,48685,6259,349453,973013
7907,5444,252510,43463,5741,316672,633922
7777,5648,355738,42667,5130,336517,755662
12018,6463,424004,32555,5112,1444892,1927137
7999,5741,145694,46685,5963,304192,518385
10315,6055,226441,36685,5037,1465346,1752379
9722,6833,1299672,45981,6148,331449,1701879
10110,6019,396990,41593,5833,1797330,2259931
9870,7204,167736,80111,4018,278298,549830
9426,6111,192501,53241,6092,291774,561664
8741,5537,281433,55908,5296,243230,602571
10147,5741,1139256,38741,5296,1280915,2482837
5444,4204,145981,49612,6185,277219,490849
10092,6278,165247,39408,5777,1417077,1646750
7259,4889,262846,44370,4982,1433459,1759879
11351,6186,446741,37777,5538,257736,768014
8611,5889,123709,40500,5333,363473,549497
9407,5944,130993,44889,6129,1486572,1687286
5332,4926,272796,92629,3908,1253621,1635842
9888,5611,326023,43889,5593,315213,708366
9963,6833,489345,32926,5259,350650,896810
5777,4463,129220,40685,4852,308666,496367
7425,5185,193152,46074,5519,1342265,1602324
6870,4111,292880,49186,4518,253042,612404
4610,4019,385738,47741,5741,1456306,1906674
10332,7204,151040,40556,6000,277401,495423
9481,6185,160231,81834,3815,1497351,1761879
7648,4796,274089,31648,5223,1381012,1707768
5944,4260,351335,46852,4704,241253,656274
9074,6018,126601,43463,5296,404007,597015
10500,7148,135329,37018,5408,310575,508886
6981,4314,238872,39945,5111,1437396,1735341
6129,4889,339007,44593,5667,382247,784625
8999,6445,474736,39277,5537,314741,852217
9481,6407,142297,36334,4777,345589,547756
6129,3963,197673,50056,5537,327083,592589
10092,7203,282198,37185,5297,1368274,1712286
8277,5556,439056,43037,5352,353476,858069
5036,4037,161487,37741,5389,288751,505256
7259,4537,163178,38870,5204,1419460,1641213
9092,6167,255962,81759,3649,1449860,1808786
6518,5167,340431,39666,4630,1416966,1815730
8333,5463,434252,37648,5204,320336,814144
10740,7019,131127,35759,5056,326407,518645
6759,4630,225059,36389,5019,279770,560349
8574,5703,331807,63592,6352,307171,725681
10314,7000,394905,41945,5370,1427103,1888915
9741,5444,122410,43686,4148,330661,518794
5130,4148,195490,66760,3888,1496018,1774750
8388,5704,281533,56038,3240,1487419,1844693
10130,7074,571818,36296,5130,1275208,1908267
5444,4222,171527,44241,6037,279526,513997
11110,7352,154847,70501,3500,1436346,1686157
6203,4482,260909,56630,5666,304791,641274
10315,6481,378934,51926,4778,311580,766144
9074,5518,123921,35426,5111,374169,555793
8110,5278,137593,40741,5648,362200,562108
9962,6352,223266,46204,5315,207324,500479
6389,4500,390661,41704,6296,1404958,1857953
7166,4297,400722,36963,5241,1475785,1932193
10018,7259,199932,40814,4963,222511,488182
5851,4370,194512,41018,5130,1467145,1720767
9574,6129,281814,41482,5185,332386,678996
9277,5592,370376,40833,5297,1338781,1772767
8148,5185,173363,36129,4797,331041,561219
10481,7334,157109,55815,6352,292128,532053
5647,4778,260449,50037,5666,1468097,1797267
11000,6129,348511,38129,4908,1424460,1835564
7833,5667,128978,41760,5518,329537,521442
6426,4648,148929,36111,5037,329457,533627
5555,4352,264009,41537,6111,1341278,1665546
10018,6315,305626,39389,4722,1432604,1801341
8370,5371,482002,40593,5704,343103,887329
9759,6704,190045,35518,4167,326952,575775
5833,4352,193903,57463,5740,1896492,2166636
10148,5981,275854,39055,4667,1398192,1736046
7111,5037,369841,51333,5260,281654,722792
8685,6074,125124,41833,4408,412168,601071
10333,7111,158501,36759,4852,370181,590664
6870,4240,259174,45629,6371,1407280,1733342
9555,6129,342828,40611,4834,1497420,1903489
9610,6907,125611,41315,5445,336997,527996
10333,6722,140173,57055,3611,252159,472868
7518,5167,234067,39112,4722,252244,544868
8370,5648,1680558,37222,5111,1269092,3008409
6685,5481,361710,48500,5740,1500650,1930859
8092,5463,158010,37408,5092,374079,590218
10629,6296,187684,41407,5574,1358900,1613231
5759,4593,306300,98593,4185,1290282,1712194
9666,6704,389695,66871,4333,1369701,1849878
5129,4593,166015,48297,4722,353907,585348
10759,7333,164504,44259,5815,326049,560886
9926,6962,244269,47500,4519,1402555,1717953
5648,4481,354479,34537,4926,1382270,1788471
5166,4981,139836,34815,4537,353365,544737
6574,4870,131879,36000,4204,371840,558238
5203,4871,222069,61649,4129,1382106,1682453
10240,6426,309779,54223,3315,333457,719551
9092,6481,404952,40871,5944,1389945,1860026
6481,4629,130902,50945,4370,419761,619200
8499,5741,194593,41241,3926,2042653,2299468
10129,7037,285952,63426,6555,1383835,1759361
9351,6759,363754,42704,5759,266909,697385
7277,4963,132796,38907,5519,301645,493163
5611,4685,160487,46278,4241,1427503,1651287
10074,6777,291086,67297,4518,284503,666496
8370,6056,334980,52686,5426,1385990,1796119
11574,6055,1201470,64556,3796,285873,1575917
6222,4685,137974,36592,4463,301894,494053
7110,4908,226350,35222,4518,231129,511348
10037,5852,354115,37315,4000,350065,764126
6888,4333,446992,83686,3815,259595,808162
9796,6666,124146,80592,3556,365925,593830
8518,5778,192559,34167,5148,1372358,1621417
8018,5333,352084,75555,3500,1408110,1855322
9555,5537,371571,43538,4518,339776,776922
9315,6537,314447,36741,4685,1472431,1846545
9425,6760,155323,35315,4222,298618,511793
5481,4815,270218,38611,5148,306019,632756
9518,5889,339724,40556,4611,1462524,1864953
5240,5074,429749,45759,4167,1579980,2072692
5778,4574,176939,35648,4037,297336,527257
10036,6889,219908,38778,4093,368014,650237
12092,5629,418693,39704,5888,289896,774366
7537,5500,395754,53981,5389,243057,713644
6314,4315,129018,32241,5019,396960,576534
6092,4352,192505,37075,4277,1389078,1635398
11092,6352,279012,35666,3945,1469015,1807823
4759,4074,376777,40648,5037,1378120,1812064
9759,6296,147819,37260,4852,351418,560071
9370,6870,162067,77370,3519,376504,638737
9795,5575,258128,38666,5574,224369,545034
5333,4259,346282,68241,3426,252066,682385
10315,6703,127621,40371,5796,340561,533682
51925,4648,159924,28037,5074,329610,581478
7425,4815,220337,34018,4797,305326,578793
9462,6723,304842,39649,4370,1475554,1842767
8369,5482,432849,42944,4686,1420991,1917914
9851,5871,170872,39760,4629,347698,581274
7055,4315,189064,38482,5407,346192,593515
5833,4537,293348,34408,5481,1401994,1747879
9240,5963,376928,29834,4963,1392672,1823249
4925,4741,128063,34315,4611,332878,512089
7333,4611,157958,48593,4537,434723,660626
7889,5555,328742,35444,4463,325643,710107
6370,4760,336877,38259,4130,331915,724478
10277,6815,465309,40667,5704,1435697,1966600
11333,6555,123222,38964,5425,329164,517034
5759,4444,223265,55371,5629,255362,551960
7388,4945,305864,37981,5463,1421200,1785453
9221,6019,749648,45056,4852,1505708,2322745
9166,5667,136486,42760,4648,318066,519201
9573,6426,715438,58593,3630,1497696,2293857
5610,4185,280740,36444,4648,339035,673644
4777,3889,408653,67037,3352,315028,805218
11648,6111,129362,31185,5185,302506,488220
9481,6500,159979,27500,4241,414369,624182
5370,4259,255967,56722,5926,270901,602201
4426,3796,345676,43186,6611,1452128,1857860
8833,5370,468812,38723,4685,435793,964569
10352,7222,132280,123871,3611,1470080,1750138
7555,4852,216083,45407,4500,256637,537201
8166,5592,313256,55148,6074,314407,704755
11629,7889,768263,41333,5852,1482409,2319376
8481,5482,174470,79945,3370,1506797,1780638
8240,5611,185440,54778,5592,1429496,1691490
8463,5444,280316,40130,5555,230237,572201
8037,4611,368526,39981,5556,1470685,1900397
5722,5130,146179,35482,5370,296633,496942
6518,4463,159815,43593,4889,1499693,1721453
8314,4797,250672,48630,4722,257102,576126
6018,5278,389327,41722,4834,318779,768403
10074,7074,464203,69074,3760,1482636,2040118
5703,4889,140745,78501,3148,1457818,1693527
9203,5833,219585,41649,5926,1448738,1733397
5555,4000,307776,36852,4222,332201,693199
9926,7055,1200859,27389,4129,403225,1654824
7740,5815,177602,43630,3759,331691,572293
10203,6945,491683,65760,4259,1445694,2027359
8870,5333,280522,36167,4315,317807,655626
9666,6408,366528,41611,5759,1412165,1844693
8185,5629,127164,33648,5500,318186,501145
5333,4148,200669,35556,4704,326586,579627
10240,6722,241491,58611,3629,1446963,1771323
8167,5222,1238146,39037,4889,318474,1615973
9777,6593,116372,44037,4370,322218,505627
9703,6944,737435,37500,4982,353428,1152511
7259,4278,224051,42203,5926,1519087,1805249
9722,6666,317039,42444,4778,1460822,1843897
5314,4445,401822,83129,3760,357228,857865
9444,6092,157828,39296,5759,288985,509497
6370,4260,186296,42148,5000,338515,585016
9611,6722,271543,42815,5796,286657,626015
10778,7351,362457,43352,5889,298224,730478
10055,6851,133166,36611,4574,351054,545145
9259,6722,152524,45111,4963,1490096,1710676
9610,6871,244715,53500,6074,312392,635274
9574,6111,344665,28741,4537,349645,745329
10481,7092,445302,54518,3963,389231,913402
10222,6592,129048,39814,5630,328783,522997
8963,5444,210294,41222,5482,222740,496738
9204,5833,307522,40334,5574,238548,609127
9999,7019,406769,42408,4777,289542,763366
6870,4333,122756,38648,5037,365649,546182
9759,6667,195614,97870,3074,381123,696996
8999,5537,284768,28408,4370,1357315,1692361
8814,5741,361626,42852,4722,1434197,1860693
10148,5555,139965,36407,4296,363792,562756
5574,4425,164397,40222,4519,372470,594034
11500,6407,243069,31000,4352,339483,637978
6259,4333,391446,89759,3297,345882,843717
10925,6500,354711,42093,5296,1292724,1715046
5370,4166,794737,37648,4481,361016,1209697
9221,6056,263815,43130,5963,303774,634792
5277,4074,326543,77464,3574,1472501,1891952
10222,5796,389494,35315,4296,263169,710625
8796,5778,625481,35241,4445,331938,1013790
6926,4722,186820,41296,3963,253751,500331
5610,4463,277030,104500,3389,1830309,2227839
11241,6240,370147,44352,6352,1461231,1901730
8926,6055,733969,32981,4297,452117,1240289
8870,5925,152548,41037,5111,346375,562311
9981,6759,240942,56093,3555,1377456,1697212
10166,5797,336837,37185,4630,422547,819236
9999,7056,839215,40463,5796,330630,1235326
5759,4537,141533,40056,4574,337260,536478
6259,4815,213632,35778,4537,283124,550831
10796,6296,303416,35723,4592,384302,747311
7815,5351,390089,41797,5648,1428178,1881286
10277,6611,147428,40852,5556,324569,537349
9740,6667,179693,35500,5092,1403187,1641972
7389,4870,281699,79000,3704,1360383,1739305
5500,4352,408094,42648,3741,1507154,1973619
9351,5908,183618,45074,4018,230417,480868
7037,5240,155365,34130,5314,366503,575663
8036,4482,247352,35148,4352,1442416,1745157
9611,6889,334488,37852,4203,328842,724385
8240,6445,1109921,38611,12760,1428341,2606503
22888,4907,114259,39870,5741,354257,544496
10462,6278,255080,44944,4297,1486336,1809582
9648,6481,303012,41203,4593,349133,716200
8833,6222,434166,57981,3074,354478,867328
9758,6741,162708,39204,4444,287382,512700
7463,4759,186955,53703,4519,296894,556923
8425,5852,273350,48370,5982,1406751,1750934
11481,5963,355856,59666,4482,1705576,2146525
8758,5686,128990,84834,3518,1931219,2165506
11110,6000,150645,43260,4815,1458123,1676398
6425,5426,244781,39852,4981,1348303,1652083
5851,4185,337750,38704,4796,371838,766088
5258,4148,1043758,53944,5426,326142,1441436
11167,6500,127686,55501,6240,345088,554497
9018,6075,218785,41093,4870,1366001,1647954
6185,4741,310440,36574,4185,435722,799848
10055,6963,436686,37686,5407,334105,833310
10092,5463,201118,40352,5352,298452,563385
9795,6574,177939,56074,6556,1462329,1723101
5555,4056,284574,41278,4834,1478100,1820527
5648,4129,371155,45630,4500,345581,778736
5759,4352,174586,35111,5444,295652,523497
9833,6648,194592,64686,3389,1339269,1621084
8499,5908,245450,35815,4129,1327504,1629361
10111,6722,328549,48630,6462,258115,661441
10185,5851,421740,41871,5315,1351749,1839471
5277,4778,125689,37241,5259,317178,497960
8147,5111,212992,50223,6444,1438387,1723434
9870,6629,338276,47315,6315,392016,802532
6666,4667,404560,60666,4223,394861,878217
9833,6592,143065,46019,5074,316321,529330
10036,6408,179478,35760,4833,1455401,1694212
9000,6407,574170,45704,4760,402564,1044864
9944,5852,421824,82055,3426,1406758,1931933
8148,5685,206885,57537,5870,280797,567034
10407,5852,150242,43574,4982,1443933,1661972
5463,4259,247508,56870,3611,1484575,1804971
11111,6518,344496,40982,4926,444795,854903
5000,4277,1180782,46537,6370,1323741,2568745
4166,4055,135433,44149,5407,377193,573367
4685,3907,219254,50518,5167,367187,653589
11537,6481,302575,47593,5111,1379267,1754898
8407,6111,430285,47833,4444,1923424,2423542
10610,7056,165456,36667,4185,276134,502256
8444,5407,182037,48537,5055,1387417,1639879
7925,4685,278988,59426,5407,1478928,1837730
9148,5944,401827,48314,5926,1743883,2217006
9388,6296,165777,42277,4945,387201,619033
56481,4982,165671,44871,6333,330399,611238
10444,5833,241400,43796,4334,1431868,1740416
9018,5796,336072,49797,4963,253294,661477
9037,5833,765394,45074,5611,357377,1191215
9055,5981,126825,40333,6667,312117,503738
6944,4537,213367,55445,6259,231537,520497
10037,6666,303281,41648,6611,354845,725551
7888,5907,473028,41426,5519,361911,898068
8388,4686,148051,40945,5352,302741,512775
10333,5778,177465,46334,6111,1462821,1711194
5999,4796,279231,45518,5186,1413815,1757267
11296,5982,363829,68444,3871,211667,667700
9110,6111,134483,38556,5444,319848,516200
9870,5537,169544,69889,3926,1449854,1710935
8944,5982,239050,47018,7056,1379810,1690601
8426,5259,329408,36667,6185,1465933,1854045
5018,4389,424803,76000,3760,1486852,2003007
10740,5185,132660,40426,4834,329207,524941
9666,5759,215000,56537,3500,232682,525274
9815,6740,305191,45371,5722,1383355,1758583
9018,5741,386734,41648,4741,1409811,1860489
8388,5093,171054,44574,4537,331405,567367
5074,4592,188431,44519,5370,1433708,1683731
8759,6093,275325,43259,5352,1320369,1661676
5333,3963,362905,59815,3722,1392603,1830452
8518,5203,134671,37018,5130,330901,524182
5870,4629,155158,66704,3555,759670,998142
10221,6815,241238,40519,5037,1449493,1756786
7815,5240,338096,40593,4778,1460115,1858860
10999,6426,1576512,42445,5389,1449729,3094278
10666,5482,642294,34889,4686,1276916,1977341
10129,7018,205243,37926,5148,263514,531719
8111,5352,300582,56778,6667,1481610,1861471
12278,6203,453144,81612,3703,330518,889606
5814,4315,130093,38149,4815,345995,531571
8963,5833,185414,45334,5500,326026,579793
5167,4000,293309,47704,5056,1477068,1835101
8259,4685,379204,102260,3574,487660,987587
5204,3944,149636,77796,3315,263398,506849
10703,6130,153142,47944,5426,1468052,1694398
5333,4445,243444,108222,3760,1404304,1772138
11148,6481,330432,57778,4056,1428242,1840230
4796,4056,510956,39037,5315,434538,1001161
10055,6926,161647,90204,3704,235776,510423
9907,6037,208060,37000,5074,1401893,1670361
8815,4925,306474,39482,4963,374559,741681
9740,6796,385258,47148,6482,1424676,1882433
9426,6241,158948,41444,6019,271697,496275
7351,4926,182621,45204,5777,1491666,1740249
10425,5667,269294,53463,5722,1395326,1742453
5203,4260,363133,70167,3944,1469134,1918230
9666,6056,130861,39852,5000,489894,684367
8277,5482,165570,37982,5389,362833,588089
11499,6445,239595,42481,5778,1372710,1681083
9574,7278,331582,36038,5037,372635,764366
7592,5648,417219,79407,3796,217537,733625
10148,6630,126834,35278,4630,350236,536738
7000,4388,217156,32982,4462,1440705,1709287
9685,6148,348218,45500,6648,409759,828107
5166,4648,408242,58907,6334,378420,863791
10777,7129,157655,78167,3685,282953,542811
8999,4445,186234,29315,4982,2158677,2395505
5148,4148,272926,45778,5463,1457360,1793230
9592,5648,371173,39314,5482,337526,770866
9407,6074,128530,50518,5982,378467,581496
6500,4444,180351,36667,5481,1448436,1684046
8647,5574,242691,54852,5370,275880,595978
9536,6760,322548,37370,5278,351707,735977
6444,4556,419110,46574,4833,294108,778144
11036,6278,506375,62963,3722,283546,876606
7888,5370,209084,40778,5334,256412,527274
8944,5852,348239,43037,6315,359016,774163
7943,5723,393781,41315,7278,352140,810847
6777,3945,173027,43982,5407,333192,568719
8759,5759,177496,42945,5315,327185,570163
5444,4223,271113,46537,5167,1491357,1826268
4333,3944,378620,53074,4926,1483332,1930693
8851,4500,139162,44519,4352,356908,560478
10184,6667,152668,41963,5852,355495,575144
10037,6722,282341,68797,3777,1385149,1759249
6666,4963,392181,49741,5703,290556,752163
11611,6556,1193021,38148,5038,1416444,2673541
18759,3963,122692,44981,4352,1426336,1623510
9426,6185,212550,60389,5277,310114,606015
10240,6444,298871,41074,5018,319922,683588
9944,5537,1098545,56037,3666,1500681,2676540
24962,4815,129456,34871,4074,299337,499571
7370,4760,181647,46111,6018,1446399,1694361
6240,4333,271598,47204,5741,317324,654940
8462,5315,363493,39389,5111,1384201,1809323
9833,6871,176498,39667,5870,377683,619293
8425,5426,164634,38259,4704,1438523,1662416
7055,5037,242621,48241,4463,236542,545978
11111,5981,332831,56297,5907,341387,755811
9481,6963,417245,44981,5149,1361985,1848305
8815,5870,160435,68871,3777,1406463,1656750
8296,5555,212682,57481,5686,297425,589570
9259,5389,153762,33166,4630,390661,599293
7814,5593,400361,40611,5166,1418592,1880563
9833,6463,154162,42278,4852,288668,508905
8277,5556,185631,42519,5389,379754,630885
8370,4574,272341,36333,4759,298693,627996
10166,6389,356088,67667,3778,309685,755922
9204,6777,283909,36259,5222,1270990,1615047
6389,4222,152414,45315,6204,1459224,1676287
11018,6388,316476,35834,5259,375260,752940
4611,4111,339056,39111,4630,1430470,1824249
9944,6981,415970,34667,5814,1413428,1889471
7240,4870,128882,42834,5166,393615,584978
5796,4000,210906,40389,4815,336146,604126
9555,6296,292302,35982,4944,324213,676626
4963,4518,408956,44111,5463,1422052,1892786
9481,6297,133591,36240,5037,327073,520146
7204,4444,183393,47093,6296,1461671,1712602
9185,5926,269195,40945,6203,1489257,1823230
6777,4908,366257,51148,5852,296294,733755
10074,6814,158985,43574,5593,358401,585849
9888,5556,162194,48389,6223,1383463,1618509
9167,5944,240386,39518,5630,1453863,1757046
5463,4167,341632,45278,5537,1359968,1764379
9092,6000,409750,38018,5334,1397091,1868545
6926,4852,126884,41334,5592,338242,526479
9833,6426,205353,37667,5204,340309,607200
9426,5685,296026,46371,6055,279989,645626
9888,8389,381644,36648,4944,1455142,1899545
7296,4704,173075,30055,4889,303885,526590
7629,5185,183637,46796,6260,1439668,1691861
6444,4611,266883,57556,3685,1450736,1792119
8870,5796,356500,37426,5371,1383433,1799452
5629,4056,127043,46037,6296,373047,564923
4740,3963,292882,52649,5963,393835,756995
8111,5463,412074,44852,5833,1347545,1826897
4629,4778,424042,36871,5333,336193,814291
11536,6389,406734,40704,8092,1365774,1841711
8944,6204,123813,82148,3834,307998,535423
9647,6019,602264,43852,7852,1380705,2052821
4907,4296,345492,46667,5778,1493478,1902711
10685,5926,471516,44186,5852,387700,928272
9926,6888,144115,35185,4963,331160,535053
5389,4555,443825,42537,5574,1271962,1776305
8518,6167,260811,54075,5759,1403215,1741472
8000,4777,382411,44556,4574,339010,786181
9851,6222,145286,40278,5704,327377,537404
6555,4833,147551,37686,5185,1493365,1698027
9778,5963,237557,42648,5723,214032,518127
9851,5574,341138,29722,4093,1425815,1818637
9740,6871,457662,31982,4129,334333,847792
7296,4926,168464,88019,3352,1490803,1765750
10277,7167,201211,59259,3889,1358261,1642713
6130,4592,301309,36463,5167,381687,737904
4741,4926,473445,42426,6481,284439,818977
4814,4630,173320,43278,5889,279232,514163
4796,4852,189030,48352,5870,1481830,1738379
9795,5723,274684,43926,5519,1403120,1745304
5184,5111,441469,31000,5371,303397,793847
7741,5722,130585,43982,6203,316005,512905
5592,5018,149980,49222,4963,373295,590348
11999,6593,243856,39000,4500,1440337,1748749
6703,4796,333344,48686,5981,565706,967328
10703,6815,1009259,41463,5945,1356097,2432727
7944,5685,143577,31593,4926,319494,515386
8685,5167,249676,66259,3019,1443684,1778675
5685,4703,338183,34148,4648,1371789,1762749
10351,5445,394410,81445,3704,1424189,1922433
9129,5629,871325,63797,3481,1357866,2313431
8907,5352,276792,29833,4982,408888,736829
8962,6296,266539,47056,6352,300253,638163
6000,4777,366897,35519,4778,351246,771718
6314,5019,134661,45278,5278,356891,555960
10685,6648,652113,43352,9537,344158,1069253
8000,5518,232008,35314,5463,1499057,1787824
8889,5907,1257664,36129,5445,314660,1631065
8629,5500,419612,44407,5630,1348025,1834508
7832,4741,781489,46871,6333,1606126,2455541
7722,5630,203827,47111,5333,260652,532849
10426,6574,293518,109556,3704,1343304,1769212
5536,4834,384894,46037,4556,197250,645885
9481,5519,152251,28038,4463,333930,535830
9481,6537,187499,29741,4518,326665,566590
8426,5296,267819,56130,3889,198251,541867
9611,6222,452048,42741,6055,259892,778736
7055,5185,125886,36704,5426,314648,496978
5888,4741,145651,37241,4815,1426061,1626509
6018,4537,243399,42704,5111,1428795,1733935
10055,6408,324238,44926,5833,1383456,1777509
7630,4962,414430,108796,3778,1337375,1879582
4833,4111,125787,46852,5129,316970,505886
10426,6518,207459,43426,5519,1358031,1634009
8981,5778,294595,40370,7649,337604,697348
10055,6037,383471,43796,4204,338821,789310
5259,3944,142977,46889,5852,480278,688144
8259,5463,174316,44037,5185,1462489,1702286
10333,6445,263655,37315,6000,331044,656885
7814,4593,364976,45648,5500,1382791,1814545
9314,6722,141575,39296,5463,332626,537626
6852,4296,146024,36741,5241,310880,512831
9444,6000,235215,34852,5093,291503,584515
10055,5500,330463,36982,5407,362607,753607
9759,6815,280135,48833,5445,1437132,1790342
8036,5556,775198,41833,6056,1568584,2407486
6814,4371,220535,44019,4278,1428343,1710990
10444,6037,294005,38408,5592,1488503,1845879
6704,4555,389363,44593,5203,1496700,1949767
8944,5759,1279242,43463,6203,1440836,2786725
50666,4760,137948,87556,3741,1422115,1710231
10351,6056,263491,39815,4778,230024,556923
6018,4611,362016,42981,5871,266591,690181
9944,6740,133577,39204,5259,315402,512201
5944,4741,146916,41315,5407,1505593,1712064
9758,5834,235144,45019,6111,1475771,1779675
7722,5389,412595,32704,5185,295641,761292
7925,5944,1190992,47889,5463,273888,1534806
9370,5778,119347,78500,3926,304075,523349
10296,6574,205946,36092,4945,1420396,1686398
4925,4389,295600,38408,5352,357099,708200
7741,6222,382236,43889,6518,1442124,1891138
9740,6130,132944,79649,3815,289718,524478
6870,4889,188061,41538,5574,1371299,1620750
5795,4445,269531,43333,5315,311502,641922
9389,6333,356870,57056,3741,332088,767644
6667,4574,128153,44315,6130,291010,482905
8204,4463,2303275,36556,5259,311561,2671318
9351,6778,289999,40778,6074,387460,742477
6073,4556,323690,52463,5648,281584,676811
6462,4352,426233,41427,4851,1383701,1870508
8943,6223,129460,44797,5185,303203,501737
5629,4722,211967,57611,3648,185846,472442
8574,5852,414658,40148,5482,232763,709922
10240,7204,382497,41834,5426,1450973,1900952
9907,5648,142040,43278,5130,287975,496831
5629,4149,184638,36167,4741,1555054,1793601
10111,5852,271459,54186,6314,234223,584627
8925,5759,968486,41463,6204,285451,1318585
9925,7000,125008,35352,5130,319637,504108
6129,4444,145255,42778,6259,1454329,1661361
7481,5370,234335,45871,6259,1364137,1666861
9555,6055,322785,42019,6630,235266,624348
6832,4741,1576387,52982,5111,1359058,3007408
9630,5963,107297,38574,4666,321182,490109
7185,4500,202210,49593,5037,1452965,1723620
9222,5777,328494,40630,6259,226040,618570
11537,6389,378778,46259,4741,2044356,2494801
5981,5222,166579,39037,4538,273362,497589
6315,4314,173771,41926,5296,303282,536701
7722,4796,275037,32314,5112,1413824,1741231
11166,5852,358783,37500,5315,1488225,1910211
9574,6556,129603,77481,5741,297320,529034
9926,5888,139628,35556,4796,314332,512645
9703,7019,234115,45778,6018,317918,622626
10463,6833,323010,120797,3703,1416257,1883712
9129,6111,411035,45778,5963,238665,719329
9370,6741,159706,62130,6278,266605,513571
9221,5723,207305,39741,4852,1439684,1708786
11277,6111,332441,65593,3518,1426993,1848711
9981,5371,424502,86519,3741,261678,794625
9240,5926,192786,35315,4667,294766,545608
5389,4185,175014,44241,4481,285298,521553
12870,6203,257706,46592,6297,1481247,1813397
6944,4629,350471,43685,5500,317451,731533
8833,5463,134753,35649,5426,320965,513238
5870,4556,156259,45389,5649,1452675,1673287
10241,6000,233710,42037,5667,1485279,1785249
9573,6056,341438,70371,3500,1533124,1965988
6444,4778,411833,53964,6148,195773,681811
7129,5204,124654,104796,3778,240769,489090
11481,6334,199511,46019,6241,1349905,1621621
5592,4093,293944,43833,4722,269646,624682
4518,3851,390061,37482,4796,1485095,1928211
8703,5741,132881,44629,4149,315560,514330
6481,4000,175517,50000,6037,1405548,1650176
9777,6389,275096,91427,3814,1367467,1756897
10000,6148,357899,46611,6204,307671,737126
9537,6944,123868,43000,5407,329093,520238
8259,4629,142633,46333,5797,1410876,1621435
5073,4296,235695,47092,4667,312302,611626
9610,5685,333201,38648,5019,1395937,1790711
10351,6908,409966,43833,6315,1452060,1932211
6110,4389,126527,57963,3796,1551112,1752786
9537,7037,213977,32945,4944,1390661,1661509
9295,6315,329928,88482,3518,1326284,1765841
9666,5963,393860,30870,4593,1487295,1934933
7240,5130,131087,37463,5111,378335,567108
10018,6907,168612,47889,6444,1395527,1637953
8759,6463,262969,55760,5944,1425779,1768249
10074,6944,392106,42167,4296,351241,808921
9944,5815,142110,46575,6203,1407788,1620917
56759,4889,200672,36186,5370,296361,602645
8684,5556,232715,46593,6352,333688,635663
8037,5852,332407,42518,6056,346737,743737
7833,4500,433283,47389,5519,1441964,1943100
7055,5092,143178,41222,4315,1490831,1693953
5388,4352,204202,39389,5148,363202,623867
8407,6000,288763,42278,5463,1422745,1776008
6111,3926,389288,35296,5167,329800,772310
5666,5148,126109,40592,4241,314945,498886
9444,6241,183522,46500,4852,1447172,1700676
5258,4815,273898,38611,4463,293895,623496
9462,5648,357534,39463,5426,1460900,1881989
4907,4444,129929,40666,5426,382884,570349
55518,4833,178027,35926,5426,300247,582219
9499,5760,241570,45259,5074,1365994,1675620
5999,4111,343817,45259,5112,1440376,1847322
11647,6019,416360,49222,4389,1395444,1885859
7185,4944,135828,82186,3629,279928,515812
6277,4445,206927,32018,4667,1419786,1676639
9648,5777,290748,46482,6352,229267,590719
9962,6741,380495,40796,4741,273723,719218
8777,5907,128463,69982,3611,291701,511404
5814,4260,198080,41963,5333,364139,622348
10259,6481,286790,45519,5333,1428015,1784453
7648,5537,230480,44352,5389,667403,962791
8573,5352,126801,37759,4815,335400,521404
10722,7259,150159,47333,5667,1423498,1647176
10851,5963,229591,40537,5037,305350,599774
10018,6315,402727,34148,5574,270065,731366
8055,5833,414900,57148,3741,214022,705866
10537,7278,124015,41501,6037,329647,521516
10241,5666,223356,43389,5851,400548,691867
5073,4315,321121,43889,5018,286339,668274
4796,4092,389683,43648,4852,1413473,1863323
4814,3889,171799,46259,4537,329272,562885
11648,6666,165175,40204,5093,343914,575663
8648,5593,262218,107167,3722,282574,672330
5574,4407,349095,37019,4888,304772,708496
8906,5871,131026,37574,4963,329878,520385
6555,4148,189235,44408,5500,1434958,1686953
6500,4630,230630,42945,5278,1469729,1762138
6333,4926,321026,44055,6334,322340,707163
10407,7148,406550,42056,5389,211094,684700
5740,4111,128574,43093,4925,308424,497645
9629,5982,200857,42223,5352,248991,515201
5426,4037,291549,40426,4907,1391089,1739953
5166,4371,387110,37130,5259,1430064,1871193
9814,5760,144690,94611,3685,406751,668126
5185,4334,178140,40259,5612,1426479,1662324
9555,5759,254092,55296,5833,1464640,1797860
6055,4740,360820,39222,5074,294936,713588
7259,4203,129788,38408,5148,312635,500182
4704,4074,150830,45186,5463,332629,545090
10240,6889,223503,34982,5259,1386043,1669879
7185,4759,394695,43167,5185,288264,746088
10685,5963,402386,36926,5334,1419399,1884156
9500,6278,369262,41889,6055,1491153,1926730
8352,5592,222287,73926,4018,1382667,1699305
10296,6185,695812,34148,5037,1344602,2098506
9684,6648,385466,40166,4352,386178,835180
5833,5259,131915,53389,3815,456377,659570
6499,5278,175180,51037,5260,266835,512330
9426,5777,258224,36000,5185,1424582,1741231
7221,4630,354155,45630,6593,233877,654644
9963,6740,134976,41852,6037,312003,513645
9444,6741,160759,41352,5963,290774,517515
6259,5130,237321,40518,6130,317583,615126
5629,4574,331198,82111,3815,1415791,1845304
9907,6389,414815,48296,5945,1371119,1858619
9537,5685,123505,44815,5704,290362,482405
9296,6741,208585,54519,3870,1364554,1649750
9388,5796,293147,39852,4796,1461676,1816785
9666,6445,383930,43445,5537,217399,668533
7889,4944,168066,42833,6315,284135,516849
10740,6722,163905,41464,5537,295536,526590
9832,5723,259318,37611,4889,287326,607329
9111,6037,365213,78074,3723,1459034,1923730
5444,4648,125848,31797,4537,343722,518886
5333,4981,147947,46204,4315,1467524,1679009
12444,6130,269027,91741,3519,1334388,1719768
8462,5889,313293,36259,4463,335370,705848
8481,5759,401577,44092,6574,1495135,1963822
5648,4796,127748,45519,4926,368637,560015
6870,5259,235625,66000,5112,1494253,1816027
5056,4851,376724,28611,5389,412642,835773
10666,7130,380656,40314,4408,361932,808458
5166,4815,140253,39371,5278,353576,551256
10092,5648,165889,43741,6408,1422323,1656287
9536,6871,317451,40518,5945,383081,765403
10407,7000,341179,41074,5389,1424514,1832415
7444,4945,632463,88352,4056,1517245,2256672
6370,4908,144709,34259,4685,336362,533423
8832,5908,538845,46408,5796,1423328,2031710
4851,3815,423981,38907,5611,302367,781625
10389,7055,397227,43815,5463,2269443,2735985
10277,5704,480085,39982,5074,418724,962402
9129,6796,559036,33185,5149,1421471,2037248
8352,5481,292726,47371,6092,497362,859217
5536,4241,385158,37815,5204,1398183,1839193
10796,6444,140904,80001,3926,359832,604534
8870,5907,176411,33703,4704,1407765,1640139
5870,4241,264676,36426,4833,305284,623478
10295,6334,354070,40278,6037,1450511,1870248
7926,4722,911874,43759,5815,325304,1301863
9573,6833,136860,37334,4963,335433,533330
9889,6444,222810,56204,3630,1404902,1707250
6389,4259,337038,75075,3814,1476840,1905489
10074,6963,958027,46038,6407,298706,1328733
5778,4351,122106,55444,5797,277984,474183
9852,6944,199630,54222,5556,1461101,1739861
8611,5426,284784,64334,4111,1441057,1810657
10814,6018,431661,82038,3592,308038,843773
5796,4352,155296,78185,3315,265423,514368
5222,4148,168357,40259,5463,1448948,1674527
9814,6889,256956,37704,5537,1328868,1647879
9981,6000,346407,56185,3685,258738,683867
10278,7166,960914,46593,6407,303505,1337659
7241,4888,171122,34796,5093,319764,545553
10166,7000,610869,36797,4204,1310211,1981377
6499,4426,403986,45648,5907,226455,695588
10167,6888,405677,41871,5018,1355554,1827379
8943,7130,129849,52074,4463,285630,490293
9573,6611,972061,44759,5611,1382907,2423763
10259,6703,320861,90278,3778,1380851,1815952
5814,5315,665886,31908,4537,1441897,2158451
8926,5481,168928,28352,4426,277440,495886
9426,6000,2129142,90722,3612,1394892,3636220
20351,4815,379928,65018,3630,1369062,1845082
8869,6111,347928,38241,5130,1456580,1865729
8870,6407,127859,43611,6111,311472,507034
21221,4704,122106,43370,4778,318873,516663
10463,6296,229112,38741,5037,1429174,1720935
6536,4574,322618,44963,5760,1442149,1829156
12130,7074,449531,46019,6203,1476235,2000489
7314,4963,167074,47981,3667,272423,506052
9129,5352,200709,98260,3740,1337800,1658286
9851,5963,280345,53593,6222,1402256,1760805
9925,5852,369870,34518,4500,1377398,1804230
5037,4462,123487,38000,5203,374381,553256
10574,5740,171159,34723,4685,338486,567867
10147,6408,251368,46574,5834,1408140,1730804
9166,5889,341579,49481,4815,262158,675163
9388,6537,127251,36370,5111,331673,518775
6907,4315,147312,37666,4278,393074,595737
10352,6889,233040,54889,5648,305401,619701
9185,6222,316472,50371,4481,389338,778255
8259,6074,399701,57426,3537,1427640,1905360
8518,5055,209021,37500,5371,235476,503090
10148,7092,188934,44982,6204,315729,575700
8796,5907,289700,36666,5056,1390346,1739342
9852,5944,378650,78722,3612,280530,760163
5944,4574,383545,39963,11667,1502777,1951359
9426,6000,469310,40574,5611,379907,913588
10610,6926,247130,37556,4445,1393230,1702508
9110,6148,342378,42852,6203,1430464,1840859
9203,5333,1212071,42555,5797,383698,1661546
5630,5240,696927,43593,5333,1547190,2306117
8462,5611,226395,36019,5000,1454854,1739138
8407,5370,335549,68444,3649,1846086,2269709
7352,4907,469685,78167,3407,294255,860644
4722,4759,130449,47056,5037,316807,511145
9481,6019,196603,45704,6481,316875,584552
5777,5204,283498,38500,5093,319276,659496
6981,4167,381430,40019,4685,383787,823329
4425,4167,128491,72482,3314,407524,623163
6074,4814,174183,37333,4241,362407,591497
5166,3852,268521,44352,5797,326307,656422
10537,5944,345065,46593,6222,309098,726274
8981,5962,656813,41778,4963,1623989,2345005
9815,6426,137650,43315,5981,384902,590201
7092,4740,262824,42166,5037,1392241,1716156
11962,6222,327033,44760,4407,1458234,1855026
9518,6463,404817,49000,5167,266530,744144
9407,6796,127563,78500,3482,350248,578830
9999,7241,195884,42333,5389,1480921,1744619
6129,4537,282964,48278,5259,1374767,1725601
10222,5556,386618,38685,5037,350451,799236
9167,6148,128864,49111,6222,318726,521349
9555,5685,183260,48814,6519,507403,764181
9629,5685,261414,43870,4389,235991,563848
5148,4074,358549,36944,4186,1385440,1796897
10351,7000,125981,40648,5333,323758,515590
6222,4666,144394,47778,5833,415788,627200
9389,5648,234826,40889,4314,1462776,1760712
5518,4759,326258,42444,4556,224794,610904
6092,4666,251412,36389,4778,371714,677459
10667,7166,166288,45519,4518,1845904,2082785
6296,4537,197405,46666,4500,249796,511441
9092,5926,288948,45759,5889,1440857,1798953
5981,4593,379898,39722,6130,1394424,1833656
6018,4556,811313,56259,4685,1258286,2143821
9444,5407,166188,44056,4852,394475,627070
10555,6278,252675,39315,5555,297396,614385
9296,5685,337589,37500,5111,249519,647422
8074,5630,124483,44444,6093,335995,527553
9462,5315,133619,41981,4426,336934,534460
8741,6000,241735,48760,6241,1359791,1674731
10333,6555,384094,79093,3667,261383,747588
8722,5944,446008,39685,4982,345895,854125
11352,6426,124845,85964,3537,1491588,1726768
5703,4352,196703,57204,3722,1461990,1732156
6648,4611,284432,36796,5278,1528927,1869137
8444,5796,441087,67740,3667,259353,788495
10481,6222,168073,30111,4500,1467288,1688712
6130,4555,170598,34407,4482,1414874,1637491
9351,6333,247826,46778,6296,1390350,1709545
9407,6166,342943,83501,3666,1395769,1844267
8759,5074,130522,42038,5148,313252,506849
8314,5593,139306,44574,4370,1396648,1601713
9111,5759,226683,50760,4388,293907,593164
6332,4204,396708,43611,4333,291881,749588
10925,6852,415195,46556,5037,1399794,1887082
5222,4314,173034,41445,5740,282093,514626
9889,5463,187947,35092,5000,1431303,1677213
10351,6907,290731,39352,5649,1423740,1779175
13055,6204,460515,45593,6092,293925,828032
9370,6648,121724,44852,5778,326477,516942
10055,6741,157285,41723,5000,1419168,1642639
6444,4666,258032,44723,6166,1361329,1683731
9462,5630,936355,37389,5074,455100,1451084
9444,6148,127192,33241,4907,320343,503664
8499,5667,137642,31167,4852,320595,511367
10055,6833,224834,43389,5815,314848,608034
11259,6018,314303,43981,5371,1402465,1785508
9888,6945,410512,37260,4759,1818845,2290209
8481,6315,164981,37203,4074,343813,567386
10573,7074,187635,35056,4463,282565,529959
6407,4130,293271,33815,4240,1377646,1722324
6129,4556,437758,46019,5796,403088,906143
10870,4963,161301,49926,5963,354140,589682
9037,5852,156195,39167,5648,309190,527812
9351,5407,252183,36537,5778,1379400,1691119
9722,6148,359059,37482,4815,1473077,1892470
5759,4240,126139,36093,5204,337432,517423
5852,4426,142478,45648,6056,1476382,1683009
6092,4111,278281,91055,3500,1339950,1725101
9648,6333,376046,78334,3352,330245,806329
9351,6963,417219,89241,3611,258277,787496
8203,5611,119816,47241,5648,338588,528126
11426,6481,191749,34555,4630,1376409,1628102
9037,6370,277347,57075,5166,1440494,1797638
5055,4482,375427,44500,4204,1466043,1902545
7056,4722,141062,42556,4981,327676,530146
10148,6092,160383,38667,5019,311243,534349
9629,6555,250316,37944,5185,342181,653959
5463,4222,399785,43963,5926,346451,807866
10259,7056,1510274,32000,5130,1281246,2848706
6333,4481,141703,45037,5408,336960,542478
10221,6649,215746,48481,6556,1477577,1768545
6241,5018,309567,32204,5630,391317,751978
10388,7333,430111,51796,3611,1382916,1889063
6388,4667,128060,81074,3685,307437,534052
9684,6500,186677,47630,5741,1377758,1636342
9221,6149,283109,34537,4481,314406,653996
9906,6260,370300,43519,5611,352473,790532
6389,3944,151843,42945,5314,335340,548534
5518,4611,171256,43889,4519,286629,519256
10129,6093,246707,67981,3834,1499393,1836860
6925,4426,341028,40351,4463,1408833,1810082
5870,4704,127996,40796,4926,356594,543812
8685,5963,141427,45778,5537,384828,594774
10203,7074,221397,60945,3870,315877,621996
5092,4704,316514,52778,3537,243593,628663
10444,5852,392742,41945,6315,1359469,1819601
8907,5796,128840,56463,3760,300545,506830
6795,5056,201439,34648,5278,263280,518849
9055,5741,292167,62333,5926,1497396,1874656
9129,5129,386433,52907,3704,329359,788976
5999,4759,193550,39426,5963,255244,506978
10203,6648,153167,38240,4815,306387,521534
10148,6333,247099,47314,4371,317250,635145
7500,4426,360215,43982,4166,331040,753885
4851,4371,121350,42907,5223,407794,589422
10463,6167,125226,36445,5018,1426968,1613084
7203,5185,223863,80815,3815,1362646,1686101
7685,4611,347702,40371,5166,362572,770237
9814,7037,392375,44666,6389,304936,767792
5907,4037,201288,43037,5592,260876,523442
9092,5963,184497,76222,3945,281499,563830
6499,4612,285206,59593,6222,1493246,1859082
7610,5297,372120,102408,3759,1338758,1832156
6352,4963,134514,79834,3222,331575,563238
5592,4315,168058,39981,4889,382957,608534
11296,6408,255267,58463,5852,1351797,1691565
5110,4908,417329,46593,5796,390351,872513
9203,6092,125650,40185,4889,334014,522682
9888,6982,132507,41648,4963,371379,570089
9240,5778,229568,48075,5555,374020,674940
7722,5148,304889,39463,5500,335662,701311
4888,4037,401100,44444,5167,1476259,1939933
9499,6074,201013,35741,5481,305022,565497
11666,6297,184277,43704,5500,1404917,1659120
7796,5592,276265,39389,5278,1459947,1797175
8018,5148,377512,57278,4185,319613,774514
9148,5926,173388,35296,4852,301091,532516
10055,5796,693080,67185,6167,1485407,2270209
9536,6611,246308,34537,5148,1362461,1666842
8444,5574,419369,41741,4093,300849,783292
5296,4278,430893,52297,5815,1387188,1888564
9944,6148,129324,35482,4833,348376,536626
9407,6685,222312,49722,5834,1344289,1641750
9832,6371,358670,66574,3667,401565,848791
9536,6019,393491,48259,6389,220875,686625
8573,4945,123255,49352,4944,301390,495182
