56592,34759,193270,178203,8463,253004,761403
7241,21574,176589,87223,10518,120705,441535
8036,6426,225642,129111,8908,255039,653940
8778,7500,183288,85185,21629,137081,497072
8259,6425,842007,136963,16259,218505,1245696
9852,7648,131282,84074,10315,331029,625404
6907,5778,147557,60444,12704,249792,527793
6944,6297,172869,57630,14074,137313,448238
6315,5796,365608,66740,8908,326925,796496
5667,5574,728975,76018,13278,202297,1079198
6315,6222,155121,123851,12500,307784,662663
6722,6055,1108969,61315,14556,234615,1454380
5537,5685,237781,46000,12093,142438,464645
5796,5703,114520,47611,12852,255348,476812
6685,6111,526591,33204,9240,169924,771940
5481,5667,142032,56408,15611,171372,432330
6667,5889,202659,74871,8314,139061,453109
4685,4778,818934,34074,9389,251596,1156104
6703,5889,173710,47167,10352,242417,506849
5334,5259,144929,60833,6871,303716,554831
6611,5871,178093,38203,10371,144164,399665
4556,5092,270183,31778,9056,143314,514590
5944,5741,173365,45889,7352,143947,401590
5018,5796,143326,42426,6889,375671,595070
7296,6537,146379,36796,10704,168471,411183
6426,5778,208950,31166,8815,183048,460905
5315,5444,116318,29982,8815,169884,354887
4073,5000,141297,50315,5352,334478,591422
6684,6019,145516,36296,10185,138779,359516
4351,4889,218810,29259,8444,131689,455997
8425,7797,283325,62037,6778,143949,528145
7056,6203,143490,58796,6704,242934,496553
6259,5667,142894,27963,8703,139271,346553
5833,5834,177335,35445,9722,216588,484460
6407,5481,274704,27333,8056,115423,452775
5593,5648,177330,74278,7315,190111,479183
5055,5149,343975,29556,8222,245113,670144
6259,5796,140010,36685,10408,140951,377164
5963,5852,258266,28056,8148,187657,510775
5981,6130,119449,41648,7241,284400,483905
4704,4981,574335,27000,8593,576380,1214771
5648,5592,183944,62907,6537,247980,560719
5351,5704,192163,25463,7537,175427,427053
4519,5166,94013,33833,9722,838982,1020939
6648,5981,134399,45333,6704,244450,462552
4222,4704,147988,37926,9722,149899,371035
5796,6370,170690,48444,6259,158864,414368
10777,7926,379835,36592,10334,273309,766088
6278,5944,875665,27093,7796,292865,1231956
4796,5037,144311,53185,6944,375649,607237
4463,4815,144345,38167,9944,154820,371776
6371,5870,212602,70018,7093,210506,528460
4704,5000,583747,30778,8740,184249,835255
5277,5908,147337,46074,6981,279160,506867
4574,4778,646575,35648,9722,263920,1008809
5925,5648,204462,49888,6963,135389,459386
7278,6389,459328,36185,9519,152778,690274
4407,4889,131474,46908,6666,329282,539867
5833,5685,145453,35667,9056,168433,386294
4648,4889,174136,48722,6759,184233,442572
11444,7907,296541,34111,11203,159383,536534
4278,4907,169704,70167,6648,155034,428998
6111,5537,143016,49315,8222,143037,376294
10074,7518,143347,29963,8167,137799,387924
8277,6222,206752,34463,9667,160153,445071
9593,7481,126064,30000,8444,152953,353332
6685,5592,146672,50500,7093,359454,594070
10426,7630,149947,34333,10648,138144,366295
5648,5370,388686,41092,6945,150922,633589
7166,6000,100979,36741,10166,189112,376590
9759,8055,1162957,29260,8611,130165,1403529
48259,5111,169604,33055,9130,252949,538997
9574,7092,169286,32537,9203,144046,388683
5537,6037,389727,28093,8093,264250,756385
7222,6278,145188,46555,7056,203143,436109
9482,7703,141852,33629,7500,329646,560423
7111,6315,145997,50592,6926,152372,388739
10481,7445,373457,26481,7019,1030016,1518269
9685,8000,147492,43592,6482,215524,457257
5093,5685,144229,25500,8019,343212,548886
5444,5555,142246,49370,6759,141586,390831
9555,7815,190316,26667,7759,177089,473367
7703,6204,914998,35037,10371,382845,1377954
4870,5092,136589,57815,7556,333833,595792
6629,6278,1614993,27204,7703,369070,2052229
4593,4981,776232,50814,7019,175207,1039346
10574,7945,349432,34611,10852,272230,703348
6351,5797,176152,44278,6944,231771,489312
4925,4982,143094,28407,8056,335477,542274
5296,5741,150721,50352,7018,143370,380831
9833,7463,322236,49574,7556,367629,779347
5482,5222,118771,41963,6944,165579,379869
17148,5408,119842,26722,6778,349618,543553
9833,7407,148932,63685,20834,163399,449479
7241,6166,188337,37426,9722,138680,404276
6778,6203,119761,64722,7092,233127,456886
6000,5833,121887,34482,9500,145222,341517
5111,5444,147329,50963,6870,161169,397294
5000,6148,163011,34815,9722,196209,435016
10166,7778,341379,40185,9408,368802,795236
4907,4944,164617,45648,6871,292213,538719
9277,7352,146077,28000,7815,302531,518738
5389,5815,149815,66537,6833,148683,402868
9740,7241,226479,47037,6722,137259,450256
4944,5834,1392827,36982,9740,290218,1758193
5592,5167,142900,57222,7185,299783,536645
4814,5612,139804,28648,7667,157860,359887
4945,5074,202894,48889,6851,137604,421961
4463,5463,99651,25370,7741,209643,372628
9796,8371,122407,54463,7296,381812,599941
4444,5723,147275,24518,8111,143705,348554
4833,5092,173217,48389,6704,157336,450497
7852,6370,402232,55223,6722,345152,839662
9185,7722,145119,24444,7445,199564,416887
9907,7593,143820,26370,6907,170401,383479
5407,5630,657650,45962,6575,329714,1066882
6037,5759,252963,26777,8334,158961,474720
5204,5574,158126,35500,10556,153538,404683
7666,6796,142346,48556,6666,318577,547256
5110,5797,146009,28093,7667,138914,348664
9926,7296,724322,29148,9833,172488,971532
4797,5703,116486,37407,6612,146382,337443
9222,7407,478205,24574,7537,170254,715681
6018,5722,141480,25241,8556,126573,365109
7777,6574,169552,61945,6518,137280,407664
4370,5223,345289,31204,9259,251540,665589
5277,5778,150139,67333,6389,172711,446238
7167,6425,140192,29371,6666,315009,524553
9036,7426,135393,65278,6796,142161,419145
6166,6278,265371,49870,6612,140163,496089
8870,7352,166757,36796,10352,264573,548645
6833,6166,138700,26703,7611,356816,560144
5759,6055,137530,29093,9055,158802,364775
9315,7315,391471,36112,10537,292653,782792
5148,5796,336432,26259,8055,277009,682459
5389,5592,125318,41204,7574,138606,346609
9222,6981,139390,36111,8944,114850,333239
5129,6019,170201,49185,6963,189593,448793
6092,5759,330718,35870,9722,114336,519348
6240,6148,175974,28704,7555,151987,398053
4851,5760,142471,58833,6982,229007,514923
5518,5685,143283,35389,9796,169085,385979
5018,5982,349225,48481,7148,239883,723774
5407,5871,97833,28278,7722,174961,343554
5351,5723,141330,33797,9944,310870,521775
5092,5648,139958,50352,6888,152726,433867
10185,8296,198604,26592,8019,183987,455275
5055,5908,92637,29574,8741,157064,335257
17703,5667,113894,69592,7278,359733,594107
9518,7574,147595,25519,7759,142699,356368
6259,5981,158537,28019,8333,196609,455905
7036,6704,327016,63425,6519,151259,583922
9999,7667,156328,37648,9815,246410,486737
5352,5722,140825,24815,7166,145803,366424
7222,6112,138007,49130,6981,139657,364498
5204,5796,249468,29389,8148,147455,463683
9908,7629,94373,39611,6537,267069,456016
6741,5778,139981,26351,7630,366146,603719
5574,5704,138793,48499,6797,151871,378609
9722,7685,194049,28297,8074,141022,441219
6389,5777,376418,36611,9481,294283,781699
5741,5574,131452,47870,6518,282620,557497
8241,6944,139468,36796,8963,141068,393424
6537,5907,168965,26630,7777,142867,378831
9629,7352,314758,36963,9278,141850,536015
5796,5426,137793,23981,7241,296260,496497
9166,7667,144475,63574,8963,356373,606255
6537,5870,138343,33037,11055,829874,1041549
5593,5370,727043,44926,7778,232543,1043253
9536,7630,123615,27056,7814,160439,355683
5037,5852,145224,24500,6611,351403,554349
5962,5797,141721,64037,6796,240628,485275
10167,7463,189699,29686,8481,142465,403739
5759,5463,281142,48185,6518,145116,510201
8963,7370,127305,37111,9723,350821,592830
7296,6148,648617,28389,8315,279747,1022179
5518,5741,177818,27426,8167,142957,385498
9148,6815,296816,48278,6425,136386,539442
7315,6370,174702,25519,7388,174444,415035
6574,6537,139348,47241,6722,346908,571849
9445,7703,143382,26315,7704,147801,359220
7018,6093,219786,28130,8444,142860,428386
4481,5222,114210,38870,6722,292140,495812
7222,6167,144577,25167,7555,315828,526442
9389,7407,137427,61555,6352,250775,526812
5851,5556,305924,26759,8019,266017,663107
9444,7482,341606,50167,5111,272982,704940
5148,5037,139418,25500,6630,141505,344387
7537,6148,138398,50092,4722,160212,388220
9130,7000,377894,25259,7723,179139,642589
7018,6037,325077,65000,6408,271085,698755
5629,5852,118741,25741,7592,169054,353479
9889,7425,148294,47593,5092,187056,423349
5852,5167,149865,37963,10259,185577,432794
6611,5815,331418,28889,8740,161802,562330
5408,5407,299989,63500,6760,144804,579404
5962,5445,149098,25537,7629,294400,503645
4851,5204,139058,62537,6759,148681,383423
4592,5778,191907,25000,7667,147442,433034
6611,5907,119072,51111,6481,151779,372442
4611,5425,125439,36463,10167,137911,392497
9536,7852,147029,67000,6648,148525,408738
4481,5518,162471,34426,9537,161860,416738
9110,7000,253579,26760,7814,144104,464626
4426,4926,137724,44241,6667,261458,479497
30315,7148,144092,26834,7722,240368,476442
4333,5000,144386,29352,8629,174927,420757
7259,6574,350031,46371,6500,279094,712440
9704,7463,120769,48704,6592,254543,466683
4907,5223,143063,24648,8037,334860,571590
6833,6019,137467,62315,6463,140938,375591
4703,6000,207947,26092,8037,206977,498441
6667,6351,274092,29833,9167,148091,490590
9315,6944,1288607,38685,6704,325754,1694490
8351,6759,530124,25092,7463,145002,737940
4666,5482,167824,47630,6592,141803,389590
6333,6074,1246617,24982,8018,163078,1475676
9314,7259,136708,41593,6426,168308,388220
5944,5445,144464,49241,6352,245847,477145
10408,7222,333499,25833,8000,176535,597386
7925,6426,208089,64148,6519,142964,453108
5167,5296,135993,30648,8926,220097,483479
10240,7963,1627694,49518,6445,140777,1867748
5888,5296,148618,36130,11129,139881,365201
6129,6278,198819,25611,7481,238382,499534
4388,5056,1467667,48574,6926,301248,1895637
9722,8370,129647,58241,7592,284295,515330
4908,5611,140551,25944,7889,118855,320961
7444,6500,172030,27704,8333,175320,465793
10907,7556,301286,28574,9111,153711,546219
6278,6092,141766,36703,9871,208695,428461
7055,5778,151207,22278,7370,190328,420627
6185,5574,137687,35925,9408,150830,361980
5444,5407,744350,43704,6722,358940,1180419
5055,5019,147903,48352,6666,210243,456349
14666,4519,126900,33611,9259,262616,511589
5370,6111,137768,29834,8407,170545,379294
10018,7463,184747,49852,7148,139807,415646
7426,5870,1192781,28870,8870,288785,1553843
5314,5982,1323555,38741,6537,156010,1570731
7056,6074,145460,37963,10260,128407,352869
10093,7407,164699,46889,6370,155633,413257
5129,5852,242493,28944,8111,250486,616570
6500,6018,153935,42314,6260,165378,426072
26000,5778,141469,46555,6333,254085,498627
5500,5630,143910,29537,8426,150255,382628
9945,7425,327852,43741,5611,231126,653441
6352,5648,123571,35352,9315,254148,478034
6019,5851,202995,28408,8926,264039,539886
4593,4981,140937,33240,9167,147358,381498
10796,7760,182489,63241,6481,729598,1019217
7185,6000,340339,31777,8630,240177,704681
9759,8093,124058,41518,6778,143755,360554
5055,5370,312167,36629,9871,182312,574163
4667,4963,165256,47556,6574,144927,413868
9666,7593,290605,33741,10796,181188,553182
4204,4981,163622,41629,6778,167451,411942
5740,5722,134638,38833,7759,162416,427201
9722,7389,369930,27852,8167,187788,632348
6759,6074,290910,35907,8908,116439,481942
4500,5037,132888,70500,6556,175035,466405
5944,5852,140312,36074,9685,371407,587719
9444,7741,140476,26574,7352,148411,376109
7852,6167,196584,24037,7351,213914,477553
9278,7333,543248,35000,9555,169248,798366
6685,5815,128041,48945,7111,298604,513090
8907,7315,597279,35037,10075,276344,951420
5648,5370,166647,26760,8851,144407,373720
6130,5907,315922,31834,10833,267296,658089
9667,7685,160438,70778,7037,155615,430683
4518,5019,147824,48667,5963,258340,486183
5740,6148,143285,27055,7723,154306,362312
9981,7315,333671,70370,7259,333048,777458
4999,5834,119149,26167,7685,214478,397794
4945,5203,144166,37185,6611,376072,593738
10055,7167,298718,24982,8037,214519,598404
7871,6425,200327,48259,6741,178782,468924
9111,7185,275916,36315,9685,215803,574348
9352,7592,120581,44722,5167,140695,347480
5833,5593,139800,35889,8981,131939,346313
9610,7445,139964,26685,8130,199071,445441
6778,5851,392758,34852,10741,350737,818903
6592,5741,935384,33982,9981,215868,1240456
6278,5851,144808,61111,6778,360985,605034
10481,7704,139713,36481,9259,140990,361424
6463,5852,218117,27093,8203,162992,446702
9555,7297,711725,29796,8574,189510,995698
6629,5963,302686,35722,9389,295903,687163
5611,5592,141924,26185,8649,173351,397794
6333,5760,186921,34574,10241,142187,410405
9407,7352,278289,25833,7759,210375,592811
7463,6482,566508,35981,10019,200857,850310
9259,7203,145191,43445,7537,118826,347868
6944,6018,157411,53741,6907,162458,445830
6685,6000,237611,34870,9482,148386,459627
9667,8018,157813,70926,6278,200999,473942
9093,7703,140292,34314,9334,369409,588201
6648,5888,135048,28130,8055,189876,395720
8870,7111,192175,33685,9870,189545,458534
6630,5592,356432,29963,8000,359768,802255
7296,6314,141392,57093,7926,362419,599052
6685,6204,138815,24981,8000,158239,359665
4333,4963,826164,27296,8204,171219,1078123
6462,5815,280791,34630,9426,144484,497867
8629,7186,118622,65555,7074,189783,433942
6166,5389,146916,26371,7944,150860,380498
6111,5481,160155,27926,8740,207788,433405
4685,5185,261708,63926,6907,160271,555034
5888,5778,161446,26870,7926,242830,471182
4685,5129,680517,50389,6667,183366,950531
6722,6148,138626,23945,7852,146353,344924
5037,5148,709086,37871,9277,350463,1145827
6926,6389,118991,40278,7037,144840,343591
4592,4982,139489,38370,6167,260323,500016
6296,5481,174339,26222,7982,254621,494497
10629,7686,194984,28351,8149,122717,388387
4981,5167,1510740,23666,7389,121732,1692897
8259,6796,129202,23611,6851,155630,351238
5555,5833,140644,64074,6963,375001,614015
6537,6315,157270,26593,8111,161561,381739
4685,5407,340120,39907,10111,350432,768421
9259,7389,1032025,50055,7111,192838,1317363
5852,5833,141300,27167,8167,159790,368276
9907,7629,144372,62111,6389,146774,394905
5999,5797,210536,30111,8574,198183,496015
7778,6222,104793,38333,6519,148834,332035
5185,5463,141346,27167,8056,283058,488757
10129,7778,139825,64019,11241,167283,437201
6944,5963,180415,25556,7722,154286,397479
8148,6278,278302,36018,9574,188955,547608
10185,7759,144559,70704,6759,245735,529330
6277,6148,135334,27426,8019,287478,492460
8777,7315,148091,49463,6611,140666,412849
6870,5870,387699,36352,10204,330741,805662
6000,5759,171326,45371,6555,143190,398627
9667,7703,136880,34167,7574,272136,486349
5981,5371,141988,51667,6537,186287,417479
9389,7629,263671,32741,8519,147807,487016
10240,7426,137873,45889,6574,197866,424960
5703,5815,142777,27593,7574,256165,475089
6851,6000,139942,48907,7074,138668,364960
4982,4963,195291,26148,8074,257576,573627
11129,7037,472881,61259,6500,171374,765384
6630,5759,735563,25315,7685,300116,1100160
5111,5666,139784,48944,4797,152714,391942
6407,6018,156430,26111,7852,152883,375627
5314,5408,253834,23482,7907,187274,502237
4648,5445,157535,24260,7703,252832,471998
5833,5926,136737,51130,8296,315612,541664
5111,5093,139160,51037,7074,175115,399739
4870,5130,263250,29148,7834,143395,508978
9092,6685,114730,39148,6463,146565,361387
10537,7759,146339,45352,6333,374454,607923
4926,4889,144354,37019,10907,139273,357905
4611,4982,197537,48611,6204,207478,486497
5648,5759,117775,35778,9389,226241,432016
4815,5056,135087,42908,7037,256650,527145
9889,7814,143623,50111,6185,276023,512608
4778,5203,167602,36537,9592,141212,420442
8889,7203,249025,31704,8852,147157,470386
4352,4963,165560,33833,9129,154161,392128
9314,7871,172557,48592,6519,340736,621552
7500,6241,144184,28611,8018,250925,461460
10019,7759,237570,36074,9908,141334,458331
5333,4963,129235,70055,6667,154040,389719
4648,5611,138658,35056,9389,308116,536274
7093,6351,141268,27666,7741,154879,361850
4555,4982,181524,29555,8334,148603,393794
4963,6111,419484,63149,6648,355899,891199
6815,5815,122074,35167,10111,140387,339517
4370,5278,141757,48389,6481,373351,595478
5555,5760,158180,35871,9611,201039,433368
4277,4722,1204104,28259,8260,267387,1569990
7352,6111,260343,73389,7037,181617,555145
4481,5037,117303,33889,9370,161121,386720
7482,6351,137283,51037,6629,147975,372813
4055,5334,220039,29370,7704,186903,473479
10074,7852,105499,29889,9074,149851,346646
6722,5815,142386,46871,6814,292704,517238
6296,6074,145346,25611,7352,151763,361590
8963,7296,191566,28000,8185,151635,446460
7833,5722,320786,48334,6370,141804,598071
10203,8260,201950,37944,10408,203695,500719
6093,5944,140800,66259,6611,151161,400702
5926,5611,151427,27056,8703,260404,508683
9000,6778,302850,28741,8685,266313,668811
9925,8148,113737,71389,6500,228539,465793
6963,5574,271716,35129,9815,205911,558164
6444,5204,137565,28611,8019,155043,380349
9759,7741,212044,33796,10315,146083,437849
6092,5111,293820,64518,6704,190344,590182
5444,5259,143632,26482,8407,317014,548293
6130,5629,140334,49574,6814,122887,347554
5000,4907,195665,25351,8334,255814,550756
9814,8222,274847,47908,6463,182001,548978
7371,6055,117252,57130,7259,341319,601701
9611,7648,140564,24574,7741,266896,533774
6167,5815,153876,33796,9815,146751,373480
4944,5111,354059,23074,7630,139401,558700
5425,5463,156724,24167,7648,208922,430534
5148,5555,137592,28870,7389,142407,349905
5185,5037,136552,61667,6741,168038,400942
5592,5963,659198,38463,8425,232075,970290
8462,7334,853102,48148,6778,259891,1256807
6352,6222,140230,57222,7056,336322,571608
10036,7593,149413,48370,26537,157807,419312
5852,5741,591613,41815,6778,154530,840236
8704,7092,848463,48759,6241,241179,1203030
8741,7833,117276,36833,10000,142574,358869
54832,4871,139273,45648,6500,306520,575107
6630,6111,158252,36111,9167,251578,489756
10111,7648,293620,27222,8315,258839,624144
5555,5408,134488,35092,9667,273546,480941
10259,7815,155393,23797,6222,260623,483331
5037,4907,138280,29611,8241,181348,384183
4667,4963,209814,33000,10981,144999,426850
9574,7315,1257755,33408,8241,309420,1670564
7315,6092,144643,47222,11222,310725,579423
6092,5611,135455,24741,7889,131636,328720
9185,7759,187898,32703,9556,148434,414405
9963,7907,766506,24111,7667,364728,1197456
7241,6481,1103540,27574,8000,908041,2086469
10092,7722,140112,23797,7981,140553,380942
7000,5722,160517,25907,7667,194092,417812
6592,5537,342403,55537,7445,270500,740810
6130,5555,146772,30833,7852,263818,479812
5185,5352,139028,56500,7519,243117,472794
6333,6019,362637,27481,7296,200768,630663
9833,7630,203505,26537,8259,119808,390720
5518,5555,118892,23574,7703,179163,361053
9518,7926,134296,22186,7463,148905,365091
6814,5889,135220,25203,8149,204648,406090
9574,7333,176588,25129,7871,183299,427386
6630,5889,630677,35000,10500,203243,913736
9777,7574,177509,25593,7518,152064,399146
8796,6833,137303,35296,9593,119214,368387
7185,6037,147708,27370,8426,191272,405091
6889,5814,338205,28426,7093,144033,567034
6296,5648,125869,32815,9574,144166,343387
5388,5926,141497,49277,7574,263520,506348
6463,5648,138864,66852,7611,145097,387553
5185,5741,386121,33537,8092,330856,785940
6629,6222,325193,30278,8129,336674,767810
6482,5796,137875,51019,7167,238066,466886
5315,5611,139521,30537,8204,147088,355294
10000,7648,370908,47796,6556,177792,647589
6574,5611,320886,29352,7982,1093197,1491121
5185,5648,123329,36963,10796,308558,514331
5759,5796,144011,27519,8093,182282,397145
5833,5426,160806,33963,10037,149581,405683
10110,7723,688136,27722,8185,274969,1093160
5870,5389,130930,29426,8259,171975,426812
55148,6000,129243,32148,9333,258088,529923
5370,5315,167629,34111,8907,247387,509997
9870,7759,194090,31370,9185,149964,419942
5481,5704,287994,29333,8130,508223,869680
5778,5315,147677,25667,7055,360468,569312
8814,7093,149841,51704,9926,154601,404886
4907,5130,197894,27759,8167,209455,470608
5482,5389,310336,28426,8481,295975,712348
6388,5982,125130,25519,6703,161368,405294
63092,6037,141462,49093,6759,300221,586701
9333,6945,161274,25444,8204,122020,349035
6000,5759,290475,24389,8000,160688,513404
9222,7223,159213,25166,8093,159988,405442
7759,6055,163396,47833,6908,312045,564793
9185,7334,141486,25833,7722,197475,424739
6240,5741,207021,28555,8278,209699,482941
5833,5686,110129,26389,8204,165442,357906
6241,5592,556590,50444,6945,253683,921180
6148,5815,140736,26203,8111,156411,360239
5111,5407,176919,29166,8186,142375,418220
7703,6019,279101,25463,7796,223303,567719
4556,5129,146488,23666,7445,348565,588534
6518,5778,136893,65814,7074,340882,579645
5778,5925,156039,25407,7630,166070,419979
6352,5685,289332,28741,8315,156331,511812
4815,4981,124811,24667,7667,165372,350869
4537,5037,614198,36388,10537,192391,898995
7129,5944,139918,50444,6889,144933,372331
5370,6296,215063,28649,8296,143657,458386
6148,6074,810857,29352,8148,394247,1271641
4629,5463,134373,24352,6574,289717,497812
6574,5648,138945,33870,11555,173350,387664
4981,5463,183850,64315,6704,228684,514442
12018,7593,274032,31037,8315,139928,488923
4388,4926,148327,26185,8407,310856,554182
6944,6092,540213,63278,6611,359615,1001401
9278,7148,158840,26685,7852,148287,373609
6907,5889,911319,47685,6426,194434,1191493
5074,5278,168780,25148,7759,174533,406405
9130,7500,140480,30667,8704,287924,545127
5407,5630,275867,24463,7852,204037,542293
5500,5333,292124,24482,7796,172299,524256
5408,5629,113585,60852,6592,211469,425887
10407,7648,141564,57407,7167,248230,490886
5055,5148,136914,62296,21907,162918,414497
9130,7296,184411,37166,10482,144920,428868
7185,6592,355742,51037,6315,280458,725495
5925,6130,129184,39629,9185,304629,550663
6630,5926,143144,61389,7778,272797,517331
9815,7166,156698,30315,8018,151486,379091
6019,5796,301454,34889,10296,121340,498849
8982,7185,121674,35685,9537,152435,371628
7777,5963,172616,51278,7148,243992,509126
8944,6908,145484,35666,9537,147107,370016
5629,5593,201611,29056,8407,209201,497293
6074,5630,125998,27185,7870,195908,387943
5370,5759,140681,34166,9741,291428,507275
10111,7963,150493,49259,7241,145023,404868
6389,5703,165084,26907,7870,172878,404609
9778,7370,402284,57519,7222,356489,858069
6518,5722,125375,25648,7426,160938,367609
54221,4797,135816,47037,6686,312921,578274
5037,5500,1043851,28796,8463,274512,1388362
10481,7815,469052,24352,7500,173925,711884
4555,5223,167790,45611,6611,149948,414794
6722,6018,170159,24944,7315,228691,462275
9370,6852,137212,50055,6574,173083,399109
4944,5333,206117,28926,8074,145622,417442
9278,7574,96077,25500,8963,216143,384054
6796,6000,864852,39408,10185,268492,1228382
7037,6278,143628,66129,6537,151129,400868
8370,6963,177385,36648,10167,149742,440553
6555,5926,270235,29259,8389,178170,515460
6167,5759,146121,31592,9315,158988,394553
48500,4481,528934,25426,7685,174544,808329
5685,5889,142542,33907,10833,174382,408924
6445,5685,366113,51371,6851,244957,724607
5481,5630,142481,37241,10185,179609,440275
15296,4482,113886,25482,8555,156816,345202
8203,7185,134940,50074,6630,145262,367850
5870,6185,636178,31037,8185,152540,856402
4981,5704,362156,25315,8834,166247,592218
4871,5092,138507,23351,6982,336157,565590
6648,5870,142060,49963,6611,118809,346498
4519,4796,191446,28055,9167,207089,483812
6722,5723,266073,34444,9630,172905,513386
10370,7426,151181,41278,6630,259519,535459
6277,5945,142938,33389,9463,303540,519052
8741,7111,146158,48630,6389,145839,379628
5740,5389,250267,30148,8537,141212,494460
6999,6056,147857,24389,8445,250454,463701
5148,5260,144188,29796,9648,267569,479590
9537,7167,749834,25592,7778,497566,1331122
6537,5889,246220,40945,7277,263166,590015
4888,4908,167532,27760,7889,190742,437738
6111,5574,137716,36611,8629,349152,562460
9703,7408,734694,26593,8815,234336,1090123
6982,6148,176470,24370,7389,319064,575219
6537,5907,272005,23092,7759,142808,477904
9500,7426,114650,33537,8741,155625,348368
5296,5519,132389,23963,14388,316053,533942
6537,5944,155738,52445,7240,152649,397664
4389,5018,275866,31870,8315,141113,484238
9796,7315,124011,27149,7870,844057,1039902
4426,5092,138694,67278,7537,214156,491053
7092,6000,133247,51111,7111,142362,363553
4592,4815,197448,30186,8370,137049,400349
9944,7796,121020,42482,6814,149497,356016
6889,6370,573073,35926,9222,279163,943180
6907,5963,137145,64407,6611,154835,394572
5185,5815,700753,28222,7037,334259,1112456
6500,5815,273658,36370,9574,144210,491664
5481,5667,162119,63111,6444,397396,657663
5351,5537,140654,51519,6629,269788,507738
6814,5889,135818,35630,9537,209809,420534
5129,5481,807390,29796,8278,229234,1106438
10037,8019,119905,33963,9074,198278,414961
6222,5833,137700,27925,7834,414482,618255
9184,7278,140308,51649,6555,146634,377516
4537,4982,209435,28685,7722,162433,469516
6389,6055,100600,64166,7093,224824,428664
4277,4982,137393,25593,8333,284622,483404
9314,5704,136761,24871,8111,154496,355534
7055,6074,174685,47907,6463,143924,403923
4704,4796,464220,30592,8685,148407,682219
9092,7481,118680,25167,7945,168447,355312
4482,5148,134900,48777,5074,153450,371591
6351,6000,147046,36685,9722,143934,367590
9815,7129,267303,25148,7944,120751,454646
5185,5370,121133,33408,9444,238031,432960
4982,5148,561056,56704,7370,259013,915939
9907,7815,138425,24870,7852,124388,329313
4444,4797,288311,23315,7555,122816,503812
7407,5963,106439,33296,10204,201115,384387
5703,5778,143603,34796,8833,270784,501534
6740,5778,625193,40537,6907,144043,849865
10815,8222,172005,35445,9389,147344,399276
5056,5314,1652651,41722,6574,198876,1942489
6407,5796,113149,27889,7185,164720,344072
5759,5555,137128,32593,9611,124296,351331
6222,5704,149533,65685,6629,150577,404794
10018,7500,773419,30777,8371,357685,1206696
8685,7463,143990,34019,9315,906539,1130956
6648,6277,139693,40481,4833,385990,600293
6092,6000,139375,28889,8148,217623,422683
5704,5555,210984,33537,9518,146107,462145
6962,6000,119926,41296,6648,230758,452571
5722,5926,136979,58314,7908,260296,494238
6185,5704,132939,50148,6722,249503,495534
5482,5740,161122,29834,7740,207061,456442
6407,5612,263341,33908,9203,147897,483034
5778,5907,112784,63685,6797,386546,596886
5314,6056,137800,49963,6444,277531,503830
9870,7518,147798,35018,9260,144459,371479
10463,7352,261276,62130,6500,247127,629534
7166,5926,125830,36148,9315,203520,410720
9388,7204,135383,43981,9111,369114,590681
6018,6111,138603,28740,8130,145359,348924
6610,5315,198508,34055,9241,183583,453886
9796,7371,163523,29612,8963,288121,538145
6741,5963,129113,26537,7093,148107,342998
5500,5352,625185,44333,7259,141995,849902
4777,5093,190553,25648,8315,148796,398997
6870,6648,275422,28185,8148,237649,619700
9759,8222,113012,23629,6815,164598,353368
4648,4851,140213,52982,5666,355692,624737
9629,7815,157933,27093,8111,130084,360591
4852,5055,324560,25185,6871,149011,538756
5166,5612,109705,41871,7092,258274,450201
4759,4926,144295,27630,7759,377460,628459
9759,7444,131849,36334,9981,164131,377590
4352,4833,347735,24111,7500,398872,804606
5111,5685,115900,41870,6704,148395,397461
9759,8056,132971,48593,6704,389840,614367
4185,4759,142636,25148,7722,152844,404387
10129,7611,168948,49278,6648,180735,443331
5388,5963,320835,32666,8537,248625,678311
10278,8018,169777,33574,9537,207665,465479
9148,6685,138385,26686,7129,147613,358165
5426,6111,140790,26574,7981,157801,364238
8963,7111,279603,49426,6685,236764,625237
8259,6870,121711,29500,8019,193527,388609
4759,5389,140542,25537,8093,328380,563737
7056,6074,134428,49667,6870,152070,376072
9629,7334,210518,25648,8537,193387,491145
6000,5630,476145,27704,8000,324794,883699
6000,5629,140144,22444,6574,262725,464219
5055,5630,138826,52093,23741,166023,410794
7981,6685,177842,37037,9667,218470,499867
6296,5574,260803,49148,6740,188898,555978
6555,5574,155653,27611,8203,288308,508238
5852,6315,140372,49407,6797,151033,379035
5462,5723,158869,36148,9686,207442,477626
5740,5333,791423,30592,7945,269312,1182881
5184,5241,127198,25315,7908,165318,371627
6667,6111,140492,24926,8370,362320,564756
5184,5815,144138,66833,7130,255100,501163
5129,6111,195747,34777,9500,164233,452034
6444,6019,88189,27055,7982,160069,314369
5814,6130,136205,32889,8259,380959,589756
9833,7667,137110,63425,7075,145962,407553
6482,5722,177533,35296,9778,231075,509627
10241,7296,260642,26740,8241,366817,733866
6203,5889,115936,57518,7630,284376,496127
9000,7500,130914,68649,7055,231138,474793
5611,6444,154079,26093,7963,185493,405979
10259,7926,293761,49926,6815,159310,547200
7315,6074,132704,27888,7723,149812,351035
4944,5963,140942,36426,10056,216629,433831
5389,5704,140310,24722,7722,123503,323239
5093,5315,203289,24666,7704,235097,514405
7463,6333,432046,29296,8834,292542,847736
5908,5888,130303,25500,8778,358435,585367
6222,5630,142671,66574,7333,145846,393757
5370,5704,173687,30777,8000,158163,397831
5592,5833,338407,31944,16445,160738,592700
6241,5648,144459,25111,7982,145538,354479
5203,5871,132031,37833,10482,144356,385812
6130,5537,152473,58593,8481,149802,397572
5129,5648,304379,33759,7704,164341,555552
6296,5574,585080,26648,7889,162175,813347
5370,5649,145966,25611,6870,397845,603497
4796,5259,143446,66185,7129,154757,435072
6333,5648,212758,47333,6278,193906,489312
8778,6851,97552,41778,6055,207947,387627
4944,5166,142068,55444,7167,267689,504886
6925,5945,137269,47574,6444,240396,488034
5722,5500,174970,28723,7796,865320,1124605
6556,5703,293690,35593,10037,144252,511553
5592,5297,202872,27093,7944,167607,448886
6148,5630,139685,33333,11648,248072,464757
10648,7963,138979,24722,7778,215518,423331
5741,5815,352698,25723,7833,279223,697441
9055,7278,122770,33889,9482,153338,371109
14407,4574,115027,25056,7593,273803,481349
5833,5574,131525,35018,10463,146029,384664
6851,5815,203060,25407,8333,157235,425053
9963,7926,284723,34649,9203,148144,511534
9222,7352,133796,57444,7278,264109,529423
6667,5759,138812,26925,7723,178131,381665
6703,5741,171217,24703,7722,200800,437923
9482,7166,284307,35370,9315,146783,509683
9389,7444,110230,27852,8093,323822,506016
5815,6018,129302,25204,7907,278937,507294
6741,6074,147540,34740,10260,147272,369442
4870,5204,272482,66166,5834,184052,583052
10314,8370,141980,29000,8537,271147,512108
8333,6815,529329,24574,7945,174907,772348
9389,8000,141068,61851,6445,171004,434516
7277,5963,215269,29111,8278,146210,449330
6037,5574,118322,22889,7629,197232,377109
6167,5981,528671,26723,7888,151899,749292
11000,7870,140317,25741,7889,151514,361942
5500,5537,165111,27482,8018,192350,422294
10185,7018,328683,38185,9481,117815,527774
7000,5926,157532,73741,7000,190058,482998
9629,7593,132030,31351,8241,278635,518645
6870,6092,144139,27241,7685,166193,378961
4889,5185,372654,54500,6759,324175,784681
6056,6240,126004,41407,6778,377641,584293
10667,8240,143298,25963,6537,265737,503775
5889,5593,139869,34926,9630,165073,415146
7777,6296,201775,30203,7926,182316,452163
5593,5888,101069,25592,8222,164468,331554
9648,7648,617770,23426,7481,276966,974328
7241,5926,136767,49907,27648,158379,423720
6092,5649,173727,27630,7815,147307,384683
6907,6093,335484,36778,9796,155790,570034
10130,7833,136704,40000,6630,159405,380313
5277,5759,843239,36815,10166,191367,1138882
7185,6000,141940,47352,6500,193539,419794
4666,5241,342290,35518,9259,370262,818143
6241,5833,111713,27630,7777,251489,455979
10278,8222,146007,33148,8426,328230,586404
6759,5741,309912,24925,7630,251400,649607
9999,7630,198261,33223,9574,224643,499367
6482,5314,544333,65111,6908,265125,913625
9574,7815,132071,33685,8297,282185,533516
6537,5889,139180,24481,8297,123244,326535
9518,7611,307177,32519,9741,371040,754736
5592,5815,389657,25092,7519,298080,760977
5592,5426,147025,38685,6963,321565,542923
4593,5296,141078,30426,9370,364882,574571
10333,7592,139094,47945,6463,173126,399775
6000,6426,750350,26834,8111,295995,1114142
4962,5074,144756,24463,7685,202539,427238
16167,4944,546994,38148,5130,271352,934013
5611,5833,136233,25629,7834,187728,386331
4870,5167,190359,27871,8129,157194,430257
5926,5648,740357,24074,8722,261859,1090364
9963,8074,130855,55815,7240,254532,482775
6462,6186,138778,25537,7889,158775,363942
8944,7056,151979,24370,7630,161130,377424
5777,6371,254569,36926,11037,154854,506552
6926,5926,546530,25148,7407,204929,816477
5074,5277,135380,66370,6611,343266,577756
6055,6018,149859,36519,9722,145806,370294
4648,4814,314245,30074,7871,190603,588367
6352,5852,145668,25037,8722,234515,446960
9907,7574,676907,66092,7000,479068,1267289
5166,5908,235034,25463,8296,173519,488478
6203,5519,1177531,41278,6889,256886,1539083
5759,5833,113381,34778,9667,151913,355553
6093,5574,124101,26555,8019,284396,495831
5629,5852,135098,36871,8574,146696,376016
6389,5555,159763,26333,7871,223938,446905
5092,5537,748575,43000,8704,245530,1076678
9166,8000,108610,24241,6703,168259,343979
6351,5834,390662,42445,7037,147537,634959
6259,5907,155401,36667,9611,181319,412830
5092,5111,323992,24685,6685,776076,1179048
9407,7537,122711,24445,7722,163324,353665
4629,5111,810635,63907,7037,177822,1125993
6500,6037,342447,26537,7777,219865,631144
9741,7648,191685,28315,8426,221719,506905
6130,5870,96276,24963,7703,282796,444220
4814,5500,133496,55407,6778,246354,469756
8796,7334,139604,50740,5630,162468,393239
6926,5870,168805,26889,8352,148619,385368
9240,7982,343432,23778,7315,151268,562126
5481,5426,170597,35315,10148,172531,420220
9370,7351,137373,52481,7037,250273,518237
6833,6074,659796,27055,7741,150959,880254
9259,7389,375793,47963,6889,370813,858809
9296,7296,117291,29352,8444,161597,360461
5592,5667,136159,48667,6685,294449,515627
5407,5574,135786,25556,8055,152194,371331
9944,7611,724598,38370,6760,370173,1176807
4555,4926,109226,26556,8037,164809,344535
6018,6056,831501,48351,5130,148882,1069383
5204,5259,133017,26000,7704,205925,399998
4907,5259,176348,29908,8296,175168,440368
9870,7796,322364,25130,8277,249781,644737
4926,5259,107880,34611,10000,156525,391535
9592,8092,131378,24537,6297,191472,396294
4722,6037,550690,36074,11408,302619,975254
9519,7963,310835,51667,7056,272012,677089
4333,5222,145537,26537,7574,250794,462849
4592,5241,141220,23944,7408,152370,407960
10296,7870,128903,28518,8482,148873,351516
5185,5537,346307,39241,6778,376725,841143
9463,7944,282083,37296,10037,210544,577422
4611,4888,916710,26000,8315,157191,1139752
5555,5704,134986,49888,5112,167438,443220
9777,7704,178168,28056,8278,194236,446127
6111,5982,269406,25445,8314,142276,474571
5111,5370,128089,35186,10018,197538,404479
5722,5352,666402,40074,7204,150723,947699
9944,8037,133807,28722,7982,167099,374498
8629,6815,286767,35815,9556,121989,486571
4703,5112,124746,40630,6685,161418,365368
5722,5686,141799,26556,6166,329661,530794
4759,5019,131334,50111,6574,144571,358517
6019,5777,191054,25908,7259,180999,436609
6388,5982,94237,42314,6223,286705,469238
4926,5074,621382,25704,8296,270853,959921
5778,5741,140732,48888,9908,162507,396294
4704,4796,171544,27723,7907,148806,386794
4407,4907,386023,44389,6797,257750,727403
5241,5555,119447,38000,10037,147570,348517
4351,4871,132000,25574,7555,291683,482312
4796,5037,131775,64667,6685,149019,381090
8222,7130,205514,26463,7648,176743,450738
6778,6130,129363,35778,10074,227912,449702
8871,6944,139268,46500,6445,357024,584775
9333,7574,139377,27648,7722,146307,354998
5314,6056,206374,24019,7278,169660,436720
8833,7389,543187,23537,7388,166161,791477
6796,6352,130925,23592,6297,150776,345183
9129,7407,1107626,61741,6444,167311,1432954
9519,8444,328828,46407,6333,179503,606534
5185,5352,274900,31481,8945,189282,531979
5333,5723,172989,26074,8482,386025,621997
4277,4797,141894,63778,7333,362343,639922
8185,6814,141967,64092,6852,149939,394423
5148,5722,328482,29815,8352,297477,752773
8944,7093,98535,24741,7611,284740,450034
5389,5333,163848,23945,6740,269465,541682
5889,5574,134012,22315,7092,172357,397479
6999,5722,325695,45297,6926,370541,777550
4889,5407,281304,28500,9315,229711,600460
6370,5981,143172,42315,9815,347177,571219
4055,4982,142224,52334,8074,387753,618366
9852,7629,165260,48981,6630,157275,431627
6444,5593,359238,27704,6981,155629,585163
9870,8092,141478,40407,6537,215780,441442
7389,5574,140974,27537,6519,284171,490942
4463,4963,152880,66314,6982,148248,399572
7370,6426,231118,28037,8574,147083,465682
6963,5852,116282,37667,10129,266901,465608
10370,8389,133928,56777,7371,258754,530089
6519,5759,139240,25259,8260,169646,371739
6370,6389,181460,27963,8481,166112,446867
6407,5666,87514,26296,8222,201096,370664
5741,5703,117974,56130,7352,330967,540756
5722,6074,136990,70055,6945,258581,504386
9537,7259,149173,27222,9407,150307,368164
5166,5500,399282,36370,10055,333196,843291
6407,5815,109797,63204,6907,172664,383108
5722,6166,133277,47907,8685,138963,358775
9963,7259,136663,47685,6648,196946,442368
6537,5907,266828,29629,8760,144781,482720
8593,7278,118899,25963,7926,179561,366332
5537,5926,135397,24741,7148,810301,1010180
9018,7667,140783,33833,9352,152623,369294
5352,5130,200873,63611,6704,149883,485720
6555,5944,95446,25870,7963,166886,345461
5481,5648,125832,45241,6574,293295,499997
10333,8463,138792,37444,9352,138725,360775
8592,6796,158290,49037,6722,147523,392164
5259,5537,464991,30518,8556,199857,753958
7240,6130,116674,24463,9296,163898,346646
5833,5259,131968,47592,5019,176475,432831
6852,5888,139021,36871,9388,149367,382720
5796,5537,341685,63834,7352,266403,707329
5759,5537,115886,40370,6556,151741,345498
9333,7352,141717,48130,6315,287057,516182
5370,5519,135344,29871,9000,203782,408090
10055,7315,198008,61778,6500,225748,556089
5555,5648,451321,29445,8166,323730,849217
6463,5574,133115,25870,8149,149642,349387
10314,7519,140964,24926,7667,128422,355905
7037,5888,172314,22945,7574,210035,442460
5630,5481,263275,28148,8055,148353,475386
5037,5259,146772,24204,7851,190874,400108
9666,7519,140084,65223,6759,301912,583052
6944,6315,134674,37686,9740,145268,358516
8759,7278,292876,49074,6352,153880,552997
6093,5500,117633,30463,8685,259420,448683
9667,7611,146001,25611,6778,256200,508960
5870,5593,543906,38222,8944,144516,765792
9982,7666,177941,26148,7833,185687,431035
7148,8166,1839326,34537,10056,147606,2064951
7629,6778,129769,46722,5241,245765,461886
8741,7111,135767,36092,8870,129269,343313
6796,6185,163172,32315,9777,179512,413090
6278,6092,254133,27148,8092,266606,615645
5185,5722,117778,38907,6370,149943,342942
6259,5889,136238,50019,9814,250722,485089
7370,6130,134921,49445,6907,192058,414479
5667,5574,307252,33833,8834,263077,655793
6241,6018,84750,26519,7500,192600,358702
14111,4740,500081,35241,6463,168248,748125
5222,6018,141023,48889,6852,165808,409664
6259,5685,194391,33315,8333,148755,412646
4500,5444,107648,25315,7944,165536,336276
10555,8074,130830,47852,7000,245445,517145
6629,6149,182865,38740,10297,234021,499330
8778,6870,150159,50426,7204,200968,442072
5389,5518,830601,26889,7778,983666,1880230
5111,4982,130728,33204,9574,147288,351702
9722,7648,136930,45166,8334,276234,525793
5963,5963,133316,26351,7741,186552,384627
8815,7370,363110,25222,6241,330460,793922
7407,6093,95107,23759,7500,192150,350942
5352,6185,133346,34944,10204,389336,598830
9759,7315,136250,52426,7019,246246,492923
6333,5963,193897,30815,8388,145083,410738
8778,7463,515135,25963,7666,215213,799459
6297,5425,127077,54945,7167,324457,576664
6519,6148,133241,25481,7630,172998,369165
4759,5611,161165,36574,10482,176092,411090
4871,5574,314236,53204,7203,253094,692256
6703,5686,168493,34315,9407,196134,440164
4259,4907,138454,30000,9130,365432,571330
9852,7889,133136,26500,8426,154547,376998
6241,5777,1549930,49852,7167,158652,1798101
9073,8111,119206,25463,7482,167440,355034
7167,6426,137240,23389,6426,317072,513794
4629,4889,130794,35389,10074,150426,352665
4241,5370,183569,50759,6908,145743,411868
6111,6296,1072474,30722,8296,143760,1283715
4740,5556,135916,24722,6722,306267,505275
9333,7778,143543,49426,5259,169714,423497
7500,6074,173022,25074,7426,245771,485738
9870,7074,377631,23926,6574,374790,815662
6222,6297,145628,40963,6704,184887,410239
10000,7537,169552,61574,7445,244278,516182
5241,5685,204143,24370,7611,181855,466887
7203,5963,1211250,23315,7537,248167,1542138
9407,7241,112489,40093,6389,163656,357461
5333,5352,506968,47944,6278,343027,965994
6426,5667,135762,28056,8333,166587,367109
5203,5667,215945,25574,8315,125052,435941
6352,5574,110795,25037,7963,166111,340813
5388,5408,137922,37648,6407,278168,491182
10555,8130,134494,25111,8240,148172,368202
6518,5759,148695,34981,10186,1026668,1251566
9204,7370,299970,60408,6185,152934,572442
5870,5704,574560,35370,9445,188250,840199
9351,7408,133058,58148,7204,334272,566571
6037,5574,138185,27259,8371,152535,374072
6777,5815,281461,64889,6629,255555,689774
6185,5389,302773,26277,7760,150168,514404
5000,5203,142882,56241,7111,237023,474016
9685,7351,138565,48944,6574,186082,414460
5741,5537,188229,28907,8093,147528,400665
4999,5408,259245,28407,7815,210530,556441
7185,6185,116428,52444,6945,378661,586071
9370,7315,134240,51778,5592,165388,410701
5777,5371,174719,26611,7648,206186,446849
9444,7389,337402,52333,6907,329390,759958
5333,5482,131658,24630,8093,201320,395868
4574,5148,135508,28667,7314,186897,388071
9315,7166,136765,25889,7778,162992,365350
6296,6037,229540,27944,8186,216679,511034
4814,5334,108038,24852,7815,167811,339350
9703,7426,132684,34944,9945,290072,519126
7278,6092,134534,50851,7130,147391,370554
5407,5408,199771,35371,10185,179800,456516
9055,7167,265936,65092,7037,149524,518904
6166,6037,126915,55334,6907,286397,508478
9018,7296,134950,48185,6463,168252,392275
5222,5407,175503,29778,8352,240939,482164
4444,5129,263130,26686,7925,192294,549219
6944,5945,873757,42148,6278,172477,1126308
6555,6093,660162,25277,7334,211110,947272
6314,5648,145253,48018,6334,224985,477552
5370,5611,274380,24963,8037,171895,527367
6111,5666,130841,43333,6296,215936,448682
5685,5870,130523,27963,7963,313882,542182
6185,5574,136354,49834,6314,147904,368628
5315,5426,200018,26148,7722,153221,413368
5000,5574,699423,28537,8444,193590,960457
10370,7630,127754,23629,6500,155856,350498
4685,5037,136808,51314,5112,154301,375572
4055,4778,180045,25463,7389,239082,481015
9055,6963,260784,27537,8500,131195,459293
6611,6129,148745,25018,7704,170865,383979
5092,5111,132891,52944,7241,242774,477201
7074,6019,137610,38278,10018,145370,364795
9222,7111,249812,64314,20723,144537,514182
6277,6222,117087,27222,8167,162023,344998
4722,5185,129825,24186,7629,147044,354702
6537,5888,944675,65277,6778,1396608,2446967
5351,5797,202061,25444,7889,235732,498904
5111,5204,417355,28926,8722,317233,812384
6722,5889,133705,23648,6629,149072,345276
4611,5222,135647,38703,9463,140630,371535
6203,5778,169774,48518,6519,166168,418997
6351,5575,306030,27000,8370,148726,517793
4445,4926,122157,35963,9759,163656,361054
10519,7703,134915,54148,5426,191361,441387
6573,5815,131283,31574,8130,212400,440071
9574,6981,223836,26833,8093,171088,461997
5871,5944,143130,28037,8000,273756,510164
5278,5351,133628,24926,7611,328332,522904
9444,7093,814735,42519,9537,145703,1048290
5426,5518,199123,54203,7926,147116,470849
6926,5833,792490,36260,9407,564761,1435973
4778,5037,123062,41333,6629,275436,477090
9351,7519,138559,37741,9408,155530,393942
6518,5797,202131,33500,9759,211922,516719
7889,6555,261388,55333,7630,148868,507460
9648,7055,160978,31612,8629,262204,499441
6500,5481,134050,27389,6871,154818,355961
9222,6907,128363,25241,7666,165932,379109
7000,5963,349397,56481,7204,269266,727366
5648,5555,110839,42315,7519,148862,339553
5222,5130,623947,26352,8056,393953,1098994
6074,5574,137279,48870,6611,185942,406813
4388,5000,202277,37370,10148,231388,506793
4222,5056,728273,46945,6426,272368,1100549
6870,6000,123956,56686,7407,328892,545719
4982,5277,137084,50704,7445,256357,477387
5611,5260,169174,28426,8055,222212,456442
4814,5149,339856,30074,8426,173474,620589
7185,6092,141633,25407,7407,167459,373887
5445,5611,130907,39871,9129,351886,593645
6240,5556,141461,52592,6815,233851,468238
10093,7314,205866,25926,8093,152706,425609
6704,5870,114660,35815,10092,182931,375220
5148,5388,131991,33074,8278,357043,556737
5241,5370,139433,50519,7259,242713,467072
4426,4870,109523,26574,8056,200734,374664
12222,7500,271428,32759,9796,179940,568108
7130,6277,124019,24500,7870,387756,574275
5685,5648,137238,48352,5018,159075,379386
5019,5333,173828,48852,6333,146948,439720
7018,6260,242881,32592,8797,168986,483608
7981,6759,138064,25648,8149,218767,423831
6148,5426,974617,41759,6519,326486,1378103
9962,7760,137466,25167,8241,209327,414479
5851,5296,251150,28518,8574,166459,516737
6555,5759,114518,35185,10500,288702,482886
9037,7704,139959,24352,8000,405037,610423
4629,5260,103975,33630,9833,271522,449701
10222,8092,2623139,53703,6612,198622,2942260
6259,5148,425248,30797,8685,286821,794291
6463,6000,131005,38778,6185,335844,543812
9315,7296,131910,26241,8704,127495,346924
6166,5500,170279,24851,8038,163738,396720
9240,7000,281906,36518,11186,185091,547663
5444,5352,154514,70722,7000,172391,467071
15147,4741,108345,25556,11204,281744,489534
8963,7241,128991,49092,6278,159396,376220
5222,5204,311303,31019,7555,174805,571034
6074,5944,113412,25259,8445,301752,504015
6371,5944,137724,47019,6667,349124,568664
4741,5018,135500,25871,8296,214220,502571
6129,6148,194331,49370,6667,245722,541089
6536,5834,92143,25352,7666,300984,472571
5556,5574,121029,55630,7185,263746,479664
9888,7611,131861,23593,7981,308581,535015
5925,6074,154340,27019,8129,216880,456738
6334,5499,254764,36222,9352,157789,489460
8851,7223,153575,63963,6982,229551,500738
46870,4500,135647,54908,7351,255239,523719
8814,6760,705533,49426,6667,260886,1057845
5796,5259,271328,29407,8148,147800,521090
6740,6037,853306,29852,7667,190428,1114604
6148,6166,139397,34871,9407,260100,474330
4963,5426,139728,49351,7278,232622,492738
6296,5889,198485,27370,7852,234679,501516
9370,7555,802260,34815,9518,155401,1043030
6111,5667,123443,25555,6482,823255,1026068
6833,5889,137162,54297,5481,244465,473201
5555,5185,168087,35740,9556,149245,389627
4777,5186,324935,64463,6852,374041,798532
9833,7778,158785,25778,7759,214676,443461
4407,4963,966134,65111,6945,167692,1254900
6796,5926,140410,26111,8426,209254,417627
8981,7204,270204,49722,24833,237460,668904
6703,5982,108257,26685,8500,156074,330794
5389,5814,131644,24759,7574,339909,530978
5018,5481,141160,35278,11740,185968,422275
6870,6037,171565,31277,9112,155099,396035
4666,5445,1254284,25055,8204,167967,1500861
6296,5685,123153,41611,5351,321919,519960
5704,5389,131872,49333,6963,156718,376165
10259,7259,143870,48852,6963,147887,401034
6481,5667,785626,56093,6944,292663,1173160
8926,7426,140476,25907,6685,259799,521571
6111,5555,133678,50074,7889,285430,507441
8888,7112,137656,34759,9630,152008,366850
5500,5333,321914,47592,7019,260601,699163
6388,5797,109133,29333,8278,304068,482330
4370,4852,133501,28370,8334,334310,532997
9982,7222,131665,65871,28814,174407,453016
6240,5630,201533,26408,7444,169001,434627
8722,8204,290234,28297,8314,392910,755514
4537,4945,132713,24686,7166,148673,359128
6148,5592,135193,50871,5463,155397,377590
6741,5833,151431,48185,6778,176715,410961
5314,5278,261392,29333,8092,202439,527922
5167,5852,152111,24019,7518,277460,491275
4945,4944,134350,28685,6759,151482,352184
9518,7686,132940,25907,7815,202743,403535
4444,4944,261568,24074,7500,151411,469404
6111,5741,89250,28482,8425,163508,334739
6907,6056,563784,23630,7685,223507,854476
9537,7704,628875,49203,6889,266731,1013161
5666,6167,197928,25352,8111,197329,479497
6388,5704,267833,27426,9018,204609,564144
10037,8074,113979,23278,7167,172297,363387
5278,5240,133903,49648,9370,183707,463608
9481,7482,153289,25166,7797,172912,393924
5408,5185,383564,63277,7575,237320,740922
9574,7963,152691,73111,7130,230565,549238
6185,5871,129670,30315,7296,174772,377331
5204,5352,130149,26260,7370,181589,395035
9667,7481,291684,37611,9630,124646,517034
6814,6185,102071,25241,7704,185482,352998
4833,4963,129328,41240,6723,278169,518608
6833,6000,728602,37889,8093,239817,1045531
4704,4888,194619,48352,6426,179749,461016
9130,7148,267190,26482,7870,151214,486534
4555,4926,125003,49593,7129,376605,587459
8889,7092,133871,39389,9111,305904,520701
5981,5518,163369,26704,7796,200573,446534
7333,6074,846829,30371,8888,372497,1294289
4537,5018,459771,33945,9777,175873,707162
5481,5297,134806,28574,7889,167951,384998
6759,5593,269711,33741,9426,146804,492923
4777,5222,310894,49852,6759,367343,768291
9259,7500,104243,41648,6278,267717,465441
6629,6130,136741,57907,7241,254849,545885
6092,5870,137128,48518,6278,169611,390034
4889,5407,201069,29889,8148,203984,469682
5315,5092,280900,26167,7870,196542,537793
6129,6408,126027,55926,6833,267711,491275
4629,5019,133395,48667,6352,157621,377850
4444,4815,152781,37130,10833,150531,377331
5888,5833,259261,28334,7740,167959,528645
9481,6982,115647,25741,7796,247721,434998
8888,7630,142386,66259,7056,311759,574348
6574,5667,166309,63685,22871,161966,445701
4629,5056,295436,51574,6408,263634,680162
6482,5777,110897,27630,7907,231749,409627
5481,5333,129803,39055,6389,371158,612015
7648,6555,133893,25963,7963,189679,389109
4481,5130,181908,27760,8203,140738,385035
4926,5629,87758,27500,8500,162055,315387
4297,4648,116755,24259,6463,157317,349424
7111,6185,132197,64908,6870,271466,506904
5389,5148,153158,26297,7592,280173,532238
6629,6037,347433,57426,7611,271582,716384
10240,7778,169894,65130,6778,260010,537812
4592,5241,135225,26482,7722,386309,582774
10074,7666,133353,25037,7463,162516,361905
5111,5222,222813,36611,11333,145185,478608
7389,6315,88106,40630,6889,174799,401961
10444,8037,135604,33871,9444,263874,488237
9463,7370,133473,26778,7481,163044,365220
6315,6055,192470,49334,6537,205231,483368
4685,5167,750449,63537,7259,252138,1119716
8129,7074,119373,47074,6370,291051,498034
4796,5111,130204,26444,8537,152610,347165
9519,7203,147590,34723,9537,155537,398961
6759,5666,377366,44944,6648,258612,779662
8203,6815,154900,25926,8037,279264,517738
6278,5815,134527,24963,8592,148823,348313
7389,6277,593710,51167,7018,349044,1030605
4648,5185,202634,35352,10037,149031,422998
5777,6148,163947,35796,8037,211662,465293
6777,6111,129500,27148,8537,145665,344461
9629,7445,284089,52537,8463,155463,552830
6777,6000,195383,26593,7426,150725,409275
6185,5722,271381,28630,8241,165764,503571
7611,6667,1438804,26018,7908,578221,2100432
6889,5870,177136,28611,7000,182195,427368
6426,6056,159244,25018,9019,186698,408646
4518,4926,241112,64741,7166,150534,490941
9462,7593,126647,29055,8519,204684,404534
5592,5889,134422,36889,7667,149502,360127
8482,6925,130402,48481,6408,149633,366387
4907,5648,216936,26370,8463,168988,448830
9648,7592,758138,27500,8037,124376,951328
5962,5908,138709,24500,8129,359381,558996
5370,5537,137651,61982,5000,175124,427997
7814,6093,179593,28092,8149,148552,394534
4870,5741,776905,36333,9926,391791,1275714
6370,5759,118015,26092,7871,277557,460701
4648,5351,134309,66407,7019,157985,395812
10240,7241,143065,26408,7944,153914,384127
6370,5648,272785,34981,9297,188767,535163
4352,5092,166635,45648,6889,163289,412294
9036,7871,133650,35852,10315,314365,564311
6519,5963,136129,26389,8334,205257,406128
5981,5444,216924,29685,8722,668553,987586
6463,5630,450254,25778,7648,325148,859903
4444,5000,137382,34129,9649,357337,565682
6204,5463,133509,66222,5537,175970,416239
5166,5426,187229,30019,8055,233861,538886
10055,9408,274837,25148,7889,189252,533645
5370,5222,531706,38685,6278,165216,777884
8703,7297,131481,24277,7297,152795,348201
5259,5352,151719,28167,8240,127520,365072
9815,7685,278198,24482,7907,212336,558830
5629,5445,126807,24093,7889,307208,524645
9445,7944,134601,36907,8260,295377,510886
5185,5740,711432,35037,11241,175951,992216
9537,8111,326707,39444,6593,280363,760088
5203,5593,113094,35759,9130,154700,342072
4593,5092,127332,39056,6259,290184,510016
8185,6870,128423,62074,4777,165002,394164
5630,5833,166198,29314,8352,148282,379924
6907,6408,327250,27834,7815,125135,553645
7240,6037,513230,34815,10092,192285,782810
5685,6426,499728,28092,8482,130676,695052
5426,5629,158003,32519,9500,154736,381127
5222,5815,357538,25852,7481,149996,587682
6926,6129,795924,67760,7074,372235,1272770
5407,5278,138162,32482,8203,310946,551330
6462,5871,138456,26093,7722,143912,344923
4944,6093,319324,54852,7981,286635,695922
4500,5778,101970,44037,7019,187490,371183
9777,7593,139487,54499,7315,374381,610144
4592,5722,135947,49741,6833,239902,486645
8796,7222,166519,26574,7741,223534,479756
7055,6389,273016,49389,6296,148666,506608
6889,6018,167792,42278,6240,389890,655904
6703,6000,131401,26370,7630,125153,318980
5222,5723,141064,48648,6445,204785,447646
6351,5685,282896,30407,8593,155861,505145
5370,5945,138430,24907,7667,236049,456034
6314,5871,545816,45426,6371,247363,877476
5463,5555,136463,28426,8074,212720,413590
4889,5092,224238,24149,7759,239296,547886
10148,7759,134106,47185,6241,183503,407535
4351,4871,134566,25222,6611,267228,499200
7222,6575,134916,47722,7629,153342,399609
9778,8037,174561,24389,7630,230750,474868
4500,5018,107800,60945,6185,212105,460293
9759,7907,117927,25315,6648,159590,353831
4259,4759,128814,38074,9870,151277,375738
10092,8111,288867,38685,6482,150389,529089
5703,5426,377272,35778,9537,390112,841069
4778,4999,890881,25574,8018,166503,1137697
8185,7352,127304,25537,8111,364897,558997
4408,4851,134284,50203,7000,188270,409461
9296,7351,339837,26278,7889,260085,702218
6222,5833,630446,36444,9870,172106,880347
7500,6111,141517,34111,8111,394017,611922
8925,7278,136218,65334,7203,152817,413960
7111,5852,186623,25445,8185,168541,418405
5093,5240,492621,42148,6871,272244,878754
5982,5611,116952,26537,8592,156861,339721
6426,5574,136634,49908,4833,163511,402109
6296,5500,154670,25500,7629,162310,380757
9981,7333,281519,30889,8759,159275,514867
5130,5055,125387,39407,6463,294129,494979
4500,4926,130995,38315,10074,316557,521460
6092,6019,134604,26685,7648,153987,350405
4741,5000,198917,63833,6630,154265,448627
5444,5667,114173,30704,8444,161899,346905
9741,7759,129801,55092,6500,314660,577626
7722,6667,582946,24945,7851,207753,858810
9370,7259,187037,48500,6445,150201,424535
6740,5723,110627,25703,8148,286852,475275
6407,5704,122550,54445,6611,326743,539367
5778,6000,126381,49241,4759,180561,393350
9741,7203,158194,36815,9963,159489,418386
7352,6092,123562,47667,6315,295898,509830
9462,7519,126133,29556,8259,161698,378757
52500,5240,117299,26481,7019,158255,386942
5777,5352,132166,47389,6333,200628,415053
5425,5389,204293,36593,10185,150223,428960
4889,5000,101346,25000,6889,383743,546756
9870,7537,125751,34945,8944,348912,552237
4518,5130,292582,24185,8037,340173,695329
8814,7500,166654,24556,8481,154289,387368
7203,6296,266726,29315,8537,766453,1102363
5204,5555,111723,33241,9426,152942,375146
11037,8000,130221,26907,7518,283814,512108
5648,5426,293034,28592,8574,172668,534534
10240,7519,364438,24685,6722,377539,842680
8500,7111,136140,34037,9629,240117,475886
5611,5778,128804,52518,6723,300563,517905
9815,7666,138432,27018,8037,168882,412276
6814,6148,258800,47537,6333,230124,598496
5852,6315,85741,34704,9796,198460,360794
10519,8722,127998,47111,6185,274073,487627
6167,5611,133514,27982,8018,158873,358887
9778,7352,173660,47574,6759,184263,483386
7315,7426,297398,37185,10537,379801,755829
4907,5371,110062,26000,7575,296879,489349
6037,5981,128746,36685,9296,140845,378701
7074,6092,143373,63889,6352,163292,405461
5425,5963,716222,27722,7908,312531,1103660
5426,5537,118831,34240,9926,290796,484997
5056,5426,133976,50278,6630,397223,614867
4370,4759,133234,47926,6148,149024,360405
5315,6407,317379,35148,8463,254914,646996
4500,5056,115914,36500,10185,154343,362239
6833,6241,139171,34092,9185,372197,619163
5685,5611,590797,25908,7685,150698,806069
4888,5426,110926,42944,6907,292813,534589
5926,6314,259849,35426,9593,150315,482682
4593,5611,115976,58778,7481,263485,475035
4536,4963,134807,26112,7925,252395,483978
6981,6407,153879,28389,7611,196897,416831
4444,4834,246783,36000,10889,148714,467220
6018,5907,111930,27944,7630,166383,362146
6556,5722,944890,36352,11722,213696,1238289
4851,5167,133314,65518,7371,180072,412349
5574,5982,195052,35092,9482,152556,440257
6425,5760,104068,29018,8000,166097,355738
6851,5963,128751,38778,6908,251783,500738
5537,6370,338082,28056,7703,297489,706792
10907,7797,174135,33370,9834,226269,500905
8204,6111,303503,48389,6629,239735,656052
10204,8037,125945,26463,7870,264460,461849
5722,5722,134887,67389,7037,380109,619922
9852,7574,155107,36185,9593,158816,392609
6981,5963,348920,49889,6759,369243,839217
6981,5981,126454,27926,7908,164396,359775
5278,5462,132804,36093,9555,271583,504941
5888,6037,131116,65260,6907,151308,419757
6388,5759,203003,28463,7685,176569,443812
5333,5556,392518,31556,8111,279514,773310
5741,5592,130127,25519,6111,368758,559552
5389,5259,130625,52982,7555,154114,391739
5963,5500,175141,25537,7389,234579,474812
9426,8240,351935,28056,12463,184413,613718
4907,5259,123655,40018,6797,276861,475534
6055,6371,135412,25259,8018,133753,365442
6740,5889,141613,48556,6592,149311,374683
5130,5537,340573,30463,8260,352218,792607
6055,5685,158905,24815,8203,230149,474201
5648,6111,132273,32426,8796,284095,500349
5925,5426,899789,33537,7851,246353,1216622
5036,5704,266657,27944,7685,149748,512922
6018,5815,106229,36166,10222,155066,338480
5741,5981,130485,55241,8389,363030,620830
5814,5445,622204,33649,6629,159587,854161
8018,6648,176555,51777,7778,152184,419145
4926,6333,83219,36482,9703,154724,313813
5740,5444,109735,48963,6815,956981,1185344
6556,5759,135233,49537,7574,361523,620497
6352,5685,153249,28333,7500,149953,367368
5148,5333,262061,34537,9371,153751,521238
6426,5852,144447,24741,7574,236680,445238
4796,5389,127723,52000,7222,987585,1236530
6185,5630,132609,37296,9500,147630,355220
4944,5593,266051,31204,8759,249223,599570
5999,5630,97345,26612,7907,184745,346960
6389,5314,131714,46778,6981,282339,524867
4851,4926,607581,25463,6926,286173,968494
6684,6000,178617,36185,9555,158419,412479
5148,5537,856262,28944,8278,182751,1122531
6462,6093,112722,33334,9259,157220,346016
4593,5296,130165,50296,7037,360462,573664
6000,6000,151662,27593,7574,170020,384775
4925,5463,297012,28759,8371,261373,639700
6352,5778,154509,24833,7963,178378,398424
5833,5778,165710,34556,9926,208139,461942
6611,5556,130708,28537,7722,161512,357183
5166,5778,404169,26185,9426,219642,701033
6037,5574,95037,27666,7593,240331,401831
5370,5222,970719,25426,8056,176255,1220937
5389,5777,133014,34741,10963,162725,390775
8925,6945,379770,26018,7852,203375,653162
5741,5574,458712,29223,8388,310876,872680
7222,5740,160803,23981,7704,218917,443349
5314,5722,128504,71834,8018,768731,1024197
6759,5963,161020,28130,8388,167756,394516
4907,5592,272185,49574,6685,192850,551756
10926,8444,123423,26204,7944,239872,458331
8241,7352,136327,63834,7333,339910,579145
6111,5908,131325,50685,6945,157024,378961
9129,7111,397786,24908,7777,166989,634589
8889,7944,125210,41500,6777,262788,473812
5537,5315,132263,25592,9630,320697,513312
5796,5852,129371,49982,6703,158405,375072
9166,7500,181462,26259,8148,154925,404627
4741,4907,339033,28167,8092,271649,677607
9203,7130,490160,23704,8352,289075,896291
5926,6037,134140,49166,5482,152673,373961
9203,7370,729748,26315,7667,239283,1086419
5315,5574,298542,38926,9352,160047,538701
9259,7240,106837,44962,7019,279087,473756
4963,5111,135519,26592,6797,385033,580070
5648,5370,132943,50388,6852,150926,367423
5000,5278,249607,30074,8444,153817,470757
9647,8426,437345,25963,7371,352168,896550
7851,6148,139917,23778,6481,298359,544867
5462,5574,130933,63241,20463,179824,443293
6574,5593,701782,56704,7185,287471,1087198
9611,7425,271429,36648,9889,150828,501886
6074,5648,109685,26315,8056,417941,589386
5667,5481,135387,50240,5223,249444,483275
6870,5741,149847,24908,7833,200373,412090
5203,5889,220863,29389,8111,216468,524830
6666,5852,563157,25759,8037,185968,814236
4925,5389,137618,50352,5333,201343,423127
4851,5075,133596,29000,8537,196753,416757
6370,5667,191038,24945,7592,263996,516626
5259,5334,120536,43148,6889,214850,438201
5444,5408,131089,36093,9463,354037,557719
4944,5204,128643,47574,6370,239040,451090
10148,7611,171474,33777,9445,157876,407053
5907,5833,365397,44463,6315,270710,717255
4907,5241,113135,34148,8963,159326,347294
9371,7444,134485,27019,6851,154365,358017
5129,5981,159242,24797,7426,222422,445367
9518,7315,302221,51481,7389,264479,659422
5241,5185,155533,25408,7500,263297,481164
4426,4759,128198,23648,6629,408744,592367
5870,6130,137121,47463,6685,174358,398775
10333,7852,194211,32037,8889,222045,582293
5314,5593,95005,35778,10204,203937,376423
9204,7648,135059,39074,6555,292754,524238
7685,6389,129260,35740,11037,150202,356998
4981,5075,167850,28148,8092,126833,360257
9203,7037,266681,46704,6222,153020,505108
4500,5074,1086752,30111,7963,1077976,2271524
6759,5759,131529,26926,8203,260266,456683
5129,5148,150470,33686,9259,191509,434775
6371,5611,268023,59370,14389,167252,541257
6741,5852,101780,61852,5926,170477,372961
10018,7333,125852,35148,6019,352886,554089
4926,5037,132424,34092,9074,165667,370720
8777,7056,197013,28149,8055,228817,495256
4555,5000,334919,25370,7426,331633,727792
6018,6037,133324,53055,6852,261711,510423
4796,4704,285692,24185,7407,200213,547053
5666,5741,171189,32260,8759,197771,457590
7407,7371,1089927,39815,18629,299731,1482065
4777,5074,105056,24685,6981,174758,356868
6167,5815,125923,48037,5889,160778,373146
10296,7593,135310,24833,7574,203873,427257
6037,5629,321048,46685,8574,381744,786162
4777,4945,142175,30129,9352,241674,487775
5907,5481,601358,38222,6686,158341,835624
4222,4778,134485,33407,8871,166920,372016
9278,7055,195354,27314,8000,129941,392739
4759,4981,309425,61315,6074,176998,580089
4944,4981,130164,53463,6722,341963,593570
7037,5926,124976,60148,4426,178152,403350
9444,7260,561806,25778,7389,173059,834162
6296,5611,269379,25166,7371,192526,526423
9167,7666,104543,23185,7278,176178,363405
6129,5778,384725,25463,8130,497028,962623
5851,5593,144630,61186,6000,152682,392109
5222,5222,334443,53537,6537,317923,770143
10036,8000,117533,36445,5833,167261,381645
6315,5759,158901,34833,9000,245597,490942
5833,5611,668010,33500,9370,169578,912402
10148,7648,198359,60611,6315,161434,460553
7352,6278,422504,32389,9611,347583,843217
5092,5204,134373,45907,6167,285698,503663
9222,7592,132890,35777,8889,146202,376924
6611,5741,597405,46241,6000,156794,839218
9796,7981,305070,33203,10167,153409,535682
4982,5111,130956,65926,6222,191134,424165
4481,5019,131379,31204,8019,168803,386072
6777,6204,150914,25334,7537,129583,342627
4092,4889,315875,24389,6981,132734,507256
10796,8778,574076,61278,6296,179993,859458
4314,5130,159888,23408,7148,268849,524959
6722,5796,126220,47444,6093,154167,364516
9556,7370,194273,27426,7759,227336,490886
7092,6111,106326,35945,5852,165024,346850
9074,6926,121601,22981,6426,156545,359479
6704,5944,136395,58686,4870,161529,393035
5648,5815,168041,24740,7204,201920,467071
7129,5519,263409,59055,5945,150532,547682
6518,6092,111296,50796,6537,386202,583533
4852,5111,135256,48870,6241,275556,529812
6500,5833,128735,25278,7333,238726,430053
4833,5112,343214,28611,7444,359097,779644
6148,6222,110472,22796,7500,200434,372757
9204,6926,128209,33445,10500,278917,494016
6352,5759,133837,49463,6500,177605,396461
6407,5871,298575,26166,7482,366661,727570
4425,5408,830053,35963,5908,195717,1098086
7666,6519,131403,34482,9870,277335,494312
6519,5851,130013,47666,13038,152189,375035
4815,5315,177121,25574,7537,191062,427498
5999,5667,267767,32648,9852,222637,581867
6389,5777,113431,38445,4481,155975,345720
10185,7741,127818,47296,5741,151939,385146
6981,5759,140631,60833,5555,197349,435108
6277,5852,246591,28851,8112,162462,474367
7463,6685,104848,25852,7425,242799,414312
6056,6203,141697,31667,8463,284559,497997
4833,5037,131713,48593,6833,152229,365405
4297,5092,202692,24389,7148,223713,484035
6074,5759,112209,70500,6500,235140,472053
6833,6149,946742,29167,8593,207583,1225845
4537,5018,130575,60963,8685,182627,435424
9759,7518,174998,25833,7778,210759,453682
4666,4796,306792,24333,7408,156464,522941
9074,7037,106400,44556,6314,150617,342794
6445,6111,133083,24167,7555,306359,504423
9389,7315,143969,27278,7482,154528,366720
5333,5222,339764,57537,7426,314047,761162
7240,6278,124910,36222,9852,162181,366312
4630,5500,157796,50703,6612,328108,584571
6463,5556,127127,23814,7260,196797,383961
4629,5463,190699,47333,6297,201446,472497
6740,6371,110603,27556,7796,167487,360961
6648,5796,134972,23056,7129,381044,575052
5463,5407,132729,32629,11130,156251,359368
5092,5111,160189,24945,7241,192845,410590
5462,5723,339594,27740,8167,278587,696384
6241,5685,126351,23871,7351,286850,500257
5297,6074,130774,65797,6703,386370,653089
6185,6037,331661,24241,7648,236039,630478
5537,5370,284696,26926,7592,128432,509219
6130,5611,125378,37704,5926,161601,361813
6426,5592,157636,36296,9148,314399,547886
10111,7815,127485,47611,6111,158402,374035
5944,5667,214742,41148,5926,178329,473812
9222,7388,344073,28741,7704,387126,804069
5111,5277,128071,31370,9648,319908,529959
7203,6037,130143,48425,4741,179930,395423
4537,5018,168251,27204,7722,154117,382961
6110,6000,319934,34371,8277,155749,546385
5518,5445,139079,39648,6186,276639,490997
4537,4889,132855,26074,7389,289975,509534
5352,5741,138093,62500,6019,149645,382424
4018,5000,267313,33796,9778,153258,524089
7148,6148,103848,27667,7778,277371,470386
5741,5981,133216,24889,7315,357725,550737
4481,4982,128084,32574,10370,156396,352442
6018,6296,187582,61389,6352,179471,465293
7778,6981,274339,26777,7889,230362,590071
6814,6130,452669,23556,7592,327474,844736
5611,5778,137204,23537,8074,157701,353776
6184,6260,168276,59722,5852,152777,415053
4351,5037,79070,23778,7278,169947,323979
6778,5722,109512,51592,6574,288078,487645
4759,5148,1653472,23074,6981,131666,1840434
5963,6204,138748,60314,6037,149010,382128
4426,5574,594523,24129,7500,217102,887902
6389,5963,141947,39537,6278,255958,526294
5944,5722,130667,26741,10166,367127,562219
4685,5278,132201,23130,7185,223722,412164
5889,5796,254273,61722,5500,166854,536127
6759,5834,81937,23537,7185,313838,458275
5074,5537,131676,44722,6333,282896,530108
6499,5815,412136,23575,6833,295656,783921
5907,5481,174153,60555,6352,150197,418701
4907,5334,327094,24148,7186,157698,543016
6500,6407,107740,44185,6241,147314,354312
14870,4741,112312,23907,7537,129372,312387
10222,7630,110587,37667,6018,312540,527201
5926,6241,374918,23333,6426,304004,751255
6778,5870,144916,38871,5981,203859,425257
5185,6240,152747,60741,6611,299435,549330
9981,7722,125152,60482,5907,167716,414719
6296,5704,192131,26944,7945,152255,410905
9907,7334,83295,23111,7352,215258,381239
6259,5704,119515,22371,6666,158242,337609
5556,5592,128050,66556,4981,161967,392720
10463,7500,155640,24908,7111,222727,445349
6426,6388,284379,26537,7963,212692,560922
5148,5203,111358,43630,5944,351528,554237
6926,5963,131633,33777,9408,270438,475108
4888,6463,123594,24685,7074,158238,340794
6148,6315,364887,31741,7704,354386,787292
4759,5389,124922,66556,6740,224298,476516
5759,6037,142531,24592,6148,398281,634422
6926,5870,130326,33185,9518,154321,355683
5592,6019,200915,60296,6130,180064,475534
4518,5074,509839,28648,8296,315731,893958
8185,7074,123930,23388,6260,158902,345998
5445,6203,126520,47814,6149,164034,393072
6889,6111,127850,27481,8260,303369,523293
5555,6018,832626,23166,7575,178905,1083345
5870,5444,109957,37074,6185,158153,395794
10389,8370,128066,23703,6482,153062,355128
8925,6815,131341,64500,6241,157175,411108
6851,6000,293876,23407,7482,132547,489034
9426,7481,128059,22055,6834,199513,392442
5055,5444,126890,52037,6259,792994,1010216
9925,8111,133073,35074,9314,158371,370442
4666,4982,184310,27833,7889,165187,446553
7019,6259,780326,23926,7463,190557,1042772
4647,5056,128676,45519,6925,387803,597496
9388,7612,128877,29000,8111,145195,378405
6462,5778,611208,34111,8408,158287,842976
8703,6870,237947,26482,7870,129884,468201
6648,5833,101241,24518,7611,174554,340294
4981,5315,127461,62426,6277,345685,603052
6333,5574,134588,24740,8000,187521,386053
9241,7055,299104,60612,6259,377447,780922
4815,5500,146046,34981,9463,173119,446757
10110,8000,128174,44926,6055,282620,551533
8036,6778,131449,28981,8463,153994,377849
9592,7667,1397890,32074,10130,196859,1673897
4704,5407,85981,25907,7649,306590,458960
4129,4963,127664,54593,6944,319500,578219
9574,7648,133791,25630,7315,276891,495571
6407,6185,167159,31500,8871,157968,396164
6981,6148,358694,27111,7166,177915,604366
9573,8056,143747,43148,6648,164696,394053
5629,5445,129930,25500,7370,277623,486590
6426,5667,135983,33148,8833,157145,364646
10148,7611,281906,63834,6611,163757,553700
6574,5666,143941,34408,9555,209501,446516
6630,5759,129828,42037,8981,258744,472312
4815,5111,127696,24481,8000,840502,1067198
6297,6037,193193,32444,8704,158841,421479
4722,5315,118783,27871,8000,233862,418294
10203,8000,114078,23407,6204,170643,367109
6204,5833,130575,49519,5074,180682,398220
9815,7666,150888,27278,7555,173018,392553
7462,5963,288274,32167,9148,131927,492663
9518,7630,152494,24111,7037,192004,411294
4888,5908,127121,61704,6241,337190,562348
10704,7666,129416,24111,6778,232860,464868
6852,5963,348968,50797,6870,282972,722237
4389,5426,114466,39370,6389,156051,345128
3926,5611,126482,29000,6833,153220,344424
6944,6649,130035,47648,5908,164407,383479
10759,7833,194959,23685,6833,141706,437219
7111,6148,99345,33297,9444,204708,379646
5981,5889,127435,22815,7371,366246,563218
6222,5704,129470,31426,12759,158509,361405
5944,5926,163227,31518,8334,272825,507478
10166,8389,381836,23685,7481,311549,763810
8518,7334,137352,41574,6778,327515,557015
6333,5648,127572,25834,7333,192167,383850
6389,6333,134051,33111,8796,185114,426053
6111,5537,341438,23500,7574,150189,553923
5333,5741,134732,30296,8500,248340,487146
14907,4629,113878,60685,5204,199472,417849
4611,5648,127579,31018,8111,148512,341294
6259,6352,237909,24723,7555,171144,471238
4741,5630,82111,26463,7500,172665,334498
6555,6000,485794,23704,7851,212906,763199
4111,5666,653903,33814,9112,305054,1057271
5593,5925,591549,24092,7185,170225,821384
4185,5667,269268,27556,8500,252543,599608
6963,6389,104803,22666,6963,219547,386831
5666,5723,128985,22982,7018,305827,497460
10315,7907,129409,32482,8518,225348,433386
9055,7130,293184,65426,6574,294126,709236
5982,5981,113330,33815,8056,281704,496886
9944,8204,132347,46740,6278,252651,482868
4333,5834,128770,29870,8185,189950,384757
4278,6019,181175,47574,5944,176082,460961
10111,9333,76821,27519,7444,200492,367461
7685,5833,124152,45685,6278,377456,583774
4407,5537,133594,27352,7815,282940,478515
4241,5704,203554,33315,8907,189443,463998
9296,7445,349904,48333,6167,274147,714940
4425,5649,163605,25537,7796,152374,394238
53722,4907,123177,31593,7963,271894,534830
7574,6130,131527,50351,6667,198934,420868
9352,7148,234561,28685,7945,153232,457127
5370,5778,89818,24611,7500,182569,351090
53148,4722,107816,44408,6518,342959,576256
4944,5741,131425,23000,7352,154388,345702
9222,7037,186015,26963,8204,150353,403424
4518,4778,89753,32981,9167,166782,326664
5870,5852,121473,24407,6056,362728,545571
9352,7482,309674,31537,8889,195878,599367
7203,6056,157653,62445,6425,217104,497534
5574,5518,259337,29685,7907,235957,559978
4759,5834,132074,24222,7093,208701,419775
45018,4834,134572,58685,8000,333665,600830
5314,5296,134163,33019,8629,159391,361590
5185,5555,311216,50037,7815,154911,555293
9630,7926,629750,62741,6685,178337,930773
9000,7445,136007,29370,7834,250045,479164
5944,5463,129912,50130,7277,151031,368016
9796,7037,193521,28241,7944,184995,447627
5074,5185,95000,23259,7241,238312,411645
7296,6037,125590,21852,6111,154612,363016
10259,8019,125069,22352,7593,138873,348313
7555,6333,166031,50814,7352,189708,444645
5574,5777,242973,29277,7945,162562,473830
9370,7278,133784,23334,7463,173472,372387
5389,5278,121930,23000,7519,135142,348998
6463,5759,654928,53889,7185,265603,1014346
8630,7370,300481,64500,6463,285737,724533
6241,5555,571479,23963,7833,193350,829180
9703,7741,131254,21982,7204,155503,351942
5982,5777,494697,59888,5963,161281,751385
9351,7500,204880,26981,7741,222229,516108
6296,5926,75970,24204,7407,286658,446887
6518,5815,104522,23111,6612,178808,345812
9092,7445,124594,22093,6852,166477,370535
6147,5649,145018,58611,6537,194942,453015
6129,5759,253479,27278,8037,154389,470775
5574,5482,106254,23944,7185,174967,359035
14222,4593,109140,34926,9334,273690,463757
5963,5278,134267,64000,7463,156693,426109
6888,5667,268839,29667,7574,181417,516663
5778,5537,747466,25333,7371,160954,989902
6240,5833,130039,48944,6426,357514,572663
8444,7537,153369,27556,7944,155944,398257
6184,5686,198737,23352,7963,254778,539478
6036,5463,84883,22352,7371,168819,329683
5945,5851,129640,43315,6111,290246,502479
5611,5537,609008,52259,6426,323227,1019198
9999,7426,159932,22166,7223,191714,434812
6277,5760,282484,25408,7555,872731,1220233
8926,7389,120408,36481,6037,166590,364850
4592,5519,124683,50463,5852,369480,579626
8814,7019,577088,25760,7981,324684,1019549
6722,5981,218957,33056,9351,234152,527145
9111,7926,86529,29018,8333,169266,345572
6629,5945,125081,31389,8778,321675,519571
5296,5481,652783,39685,6945,158008,911365
10333,8222,690132,39241,5944,325362,1097919
5574,5852,100204,38685,6315,163924,348628
5722,5833,123554,34518,7852,326480,564126
9444,7519,123848,33388,8519,156002,357313
5259,6260,156715,60611,6463,151338,404350
4555,5018,331695,48500,5741,387449,843476
9740,8093,126303,27723,7722,204009,408831
5296,5537,409986,59778,6074,502526,1074030
9592,7796,135336,25148,7186,137958,341516
4889,5500,274537,47592,6167,245034,622848
9944,8130,108868,39000,5778,275111,472683
4500,5389,126125,30722,8389,159892,357424
5981,5426,122752,24667,7407,163079,369090
9740,7945,196176,59389,6166,156655,453423
4203,4926,386340,44334,7203,341341,816847
7166,6037,128301,45796,6019,347326,558960
9592,7222,133780,49278,6037,342254,566034
5426,5333,163833,24685,7575,225460,449664
5111,5685,243516,27593,7833,164556,469942
5185,5444,534014,23648,7648,280334,914958
8574,7092,125808,37981,9574,385801,594404
9833,7851,651731,38815,6315,301282,1069123
6888,6111,249618,48352,5907,156861,491552
4722,5667,162281,27297,8148,155642,383905
9240,7463,128224,60926,6167,284051,510608
6036,5334,323036,60352,6166,173794,595570
8740,6926,206571,26574,7389,156612,432478
8741,7555,808105,65167,6037,171481,1101160
7407,6259,128678,23944,6296,375875,564811
4981,5574,128861,23315,7537,133619,322572
8630,7055,140932,48593,5907,154418,381480
4018,5926,352782,32388,9241,283159,717774
6999,6093,108872,36574,5981,189460,375034
5703,5852,531962,32444,8556,353162,953772
4074,5889,129867,25574,7518,131076,319221
4185,5556,318975,44797,8444,249391,661311
7611,6315,136770,24055,7167,234857,430590
4889,5648,131101,53759,6685,345841,580515
7851,6685,894469,34777,10982,457634,1450991
8574,6778,157411,25759,7315,200772,426535
5185,5741,374167,38334,9703,435254,888532
5704,5944,115147,45889,6370,309147,500553
4870,5981,1697403,40444,6185,284808,2059765
5018,5500,163790,28833,7630,228893,496700
7759,6481,99436,36111,6019,190766,366053
4647,5223,128211,24611,6815,212046,400942
4926,5926,125005,65833,5945,233400,481683
5018,5481,126596,33333,9722,182181,415293
7833,6074,256297,24407,7685,139516,457534
4833,5259,118405,24186,7722,165796,362164
7481,6408,129977,63352,6889,334501,566719
10184,7686,122549,59333,6593,155986,378534
5056,5925,194047,23852,7296,159266,414664
9333,7944,392063,31889,9426,323673,792532
5166,5204,124764,43722,6148,317085,556848
7648,6000,124355,35055,8426,157255,356109
5203,5260,171926,24111,7926,177257,409257
9148,7370,254146,59407,6093,173537,531626
8833,7500,131643,65704,5759,226984,465219
4981,5704,125641,27352,6629,155913,346035
10185,8018,125084,24851,8112,168174,360498
4666,5518,268266,23112,7944,171361,535385
7333,6334,97615,27278,7555,179476,346850
9592,7722,127354,32222,9075,278310,507386
8574,6722,126074,65944,12482,186294,444701
6889,6185,299627,30685,7889,393276,760570
5277,5167,1181698,24444,7482,231867,1499528
5981,5241,125678,22815,7425,160895,365090
7018,6259,588509,22796,6148,190857,840995
5537,4982,169469,33111,10722,157251,399109
9555,7926,347041,56796,7130,260140,701884
4741,5000,103390,38926,5000,159552,352387
23795,5797,97703,32389,8907,248035,435941
4759,5000,393607,28519,8259,280110,761069
8777,7445,204142,23778,7185,187781,493423
8389,6852,103677,61407,6241,198395,404942
4666,5222,449305,32018,10593,161803,683236
10463,7611,127339,27611,8537,129696,327109
7000,6167,367818,24759,7186,446213,876310
4463,4851,804872,44814,6167,149401,1040420
6056,5352,108591,24241,6518,173370,343980
10037,8037,124126,48166,6260,161834,376738
4907,5092,149087,24574,7130,160133,402090
7482,5999,340770,55796,8241,246264,732440
5611,5944,118230,69630,6203,179787,406497
9426,7926,123894,35519,7889,164751,403516
6722,6241,125873,62204,6278,173624,419720
10241,7759,228908,33185,8778,157997,465849
5500,5944,86869,62981,5815,250129,482090
6055,6204,127107,55000,7056,281019,504960
4871,5240,127772,47537,5815,176374,385054
5981,5482,188676,26093,7463,157266,407701
5092,5278,437137,25852,7555,183100,686755
4871,5055,117690,44186,6129,401862,596793
5963,5722,135022,24296,7315,162106,361350
4518,4833,158723,31722,9741,165849,392794
5907,5889,331924,64593,6277,380905,812477
5389,5759,129866,32741,8778,164447,365257
5259,5630,125141,32019,8518,126098,360442
8648,7037,129083,48019,6740,155304,372757
9537,7426,638914,29556,7778,190932,919902
6759,5649,107615,26630,7648,171827,347647
9741,7518,127817,46019,6315,235088,451664
6093,5722,132148,27093,7463,156405,386146
6333,5759,191220,32297,9463,160185,421720
5110,6149,806569,24037,7370,379590,1247751
8648,7296,116141,32167,7963,156135,362794
48573,4482,612546,23167,8166,296393,1013809
5000,5722,158044,60555,6278,152824,426664
6611,5963,381004,42130,9611,1079450,1541936
6018,6463,128576,32667,8981,250700,465053
6611,5741,131370,40778,6148,353830,560830
5648,6204,520182,34148,10260,297368,903958
6092,6167,332994,29112,8074,331315,730088
5148,5686,131566,24834,8074,192412,388406
10296,8056,130527,48130,6407,386655,641089
6537,5926,125951,32685,9093,189009,389516
9444,7259,195579,47296,5926,229752,512756
6537,5204,333279,35315,8593,167199,576293
7166,6037,133981,30185,8889,160573,368312
9537,7629,130571,62130,6241,259259,495719
5926,5815,661272,29000,7167,161444,889513
6056,5481,320918,55185,7630,161579,591737
6963,5981,138712,35278,9870,397655,611848
5463,5815,128636,36444,12370,153585,366739
5833,5685,128393,49870,6963,153013,365646
5000,5611,218131,31537,10278,163181,468775
6593,5870,750907,28203,8037,310199,1181753
6110,5612,134996,30667,8833,308482,514756
9833,8259,132754,30889,9500,208466,438553
6648,5833,788974,27981,7852,187502,1044235
8629,6982,269527,25092,8037,167989,538497
6518,5685,108488,55018,6667,325935,525996
5648,5704,130837,63815,7759,165698,413701
7037,6111,658742,25148,7352,314382,1040068
4926,5389,1102221,33111,9481,165068,1340955
9778,7592,339812,38518,6389,178759,599404
5222,5371,127253,46963,7223,379298,623275
7037,6074,124807,32777,8908,205339,401849
4852,5204,333656,24667,7796,399598,794922
9740,7723,104931,42056,6370,157233,363109
6425,5926,124485,32444,8945,1019841,1215640
6648,5926,138797,26556,7389,132034,333313
5074,5370,184888,61037,6185,181665,465497
9963,7667,478551,28056,8074,219685,770255
5092,5797,117772,23222,6092,164190,342905
9907,7593,129603,61555,6148,159284,392498
5593,5759,152859,22704,7667,256026,469794
10314,8982,333764,34352,7519,363138,775384
4963,5185,129596,32833,9741,379364,579848
10166,7334,141463,32426,9297,377644,594033
5555,5908,131276,24759,8093,187610,380035
5426,5241,330551,22074,7037,153260,548923
9574,7611,88438,41112,6685,164189,353461
8611,6981,139955,34111,10167,295635,513164
5519,5629,132878,48426,6463,155935,392202
7500,6093,164005,29204,8203,154012,385609
5389,5870,264800,49981,7556,150957,500127
6778,5944,138612,26629,8686,225960,433257
9185,7555,123962,26000,7796,270221,460757
9500,7630,147607,33463,9629,160428,405165
6740,5982,341382,34852,7889,167818,585496
9018,7519,115991,25852,7407,256766,461108
14777,4500,141304,27296,7482,197397,412201
6093,5611,125875,24278,7963,170937,376220
6185,5630,268447,24981,7426,171087,500405
4999,5241,135223,31592,9315,179461,386516
9944,7741,126017,48185,7000,274258,489294
6481,6370,133718,25204,8166,156373,352442
5277,5260,169289,48445,6481,164560,415108
5389,5740,876898,27167,7741,172447,1116308
9333,7537,119933,22407,6204,157917,341238
5333,6056,129782,50204,5296,163067,379313
5537,5648,167021,24500,7315,223384,453942
9167,7129,329371,49962,6593,301107,718959
5925,5778,530072,24148,7129,172999,766125
5463,5814,125255,23870,6278,199077,402016
10314,7574,122308,33796,9408,241893,443608
4815,6111,293935,24889,7037,197914,554330
4333,5519,135766,31981,8519,198935,405350
9889,7981,128597,29741,7815,293659,496090
4093,5333,126410,50111,6926,155199,364591
5907,5982,179907,29537,7907,180572,446664
7814,6389,352386,22908,7444,162796,576070
4629,5908,146976,36871,7037,252169,486775
6833,5814,130586,24518,7760,161042,353275
4740,5815,148305,26760,7777,168156,377368
4370,5704,248136,23148,7778,170343,510923
6851,5797,143152,32778,9240,179624,396627
6148,6018,128317,25759,6556,159477,351127
4703,5722,131000,62000,6500,231646,458441
5185,5463,347960,23648,7222,374499,827328
9370,7278,132291,33445,9314,223781,441979
9093,6981,132696,43871,6629,363153,579664
6148,5963,126194,34167,8870,160619,358461
5389,5556,161247,26907,7926,269676,493294
5315,5815,305096,24426,7278,170882,534904
5407,6074,500501,26889,7648,361623,942328
8408,6981,138259,23740,7019,306350,511109
9018,7333,152793,32945,9852,160056,387442
6296,5907,355662,60425,6760,267335,720199
9055,7500,150122,71222,7130,161820,444034
6926,6315,157156,25722,6741,186323,409775
5889,6000,126950,31722,9186,271084,487516
6666,5870,195171,27444,8056,157234,416590
6851,5908,92927,30463,9000,306348,484978
6704,5981,134833,48296,6537,262498,517553
8574,6834,129626,27111,7593,177353,373628
5425,5686,613160,30019,8963,174075,873087
6610,5945,271270,26981,7537,222635,557811
6037,5574,117434,24037,5889,168324,346221
5425,5945,123006,33203,8241,133178,324035
5870,5870,146707,70241,6537,152939,425645
6889,5796,363742,25629,6297,313365,789736
5944,5907,124036,66093,6352,264109,492182
6130,6074,478441,28240,8167,302166,883032
7926,5796,124235,32907,9093,160689,357980
8796,7297,219380,25315,7556,133006,451812
6315,5537,102470,29630,8815,213601,385905
5222,5630,128431,47037,6148,277548,525608
6371,5740,127189,25500,7074,157698,346665
6981,6352,166612,27648,8260,157904,389850
4815,6426,100906,31981,8963,204111,392165
6407,5796,100978,54222,6555,296724,503052
9981,8037,124605,25129,8389,132912,325924
6371,6203,157084,59630,6055,153914,408554
9833,7314,240749,26740,7426,176175,484571
5426,5778,115542,23222,7519,177196,354980
9741,7778,123799,53055,6093,383623,601015
5630,5463,130204,24981,7889,131572,322369
5482,5944,245535,22926,7167,135481,473794
7204,6278,118681,59000,6111,674628,892828
8833,7667,125308,23945,6426,378596,602978
6315,6074,126528,33056,9074,207062,407831
9629,7130,174303,28056,7629,177639,423979
5630,6037,76153,36926,6129,185216,342924
5593,5796,111243,25760,6555,169292,396961
9907,8037,455778,32759,9185,363791,906124
5073,5593,148831,27778,7796,276129,488608
4370,5278,247106,24371,7592,201446,530311
9610,7852,115012,26111,7148,171005,363016
7704,6389,127306,25018,6426,206655,401776
4611,5056,120766,32834,10166,177195,366795
6314,6204,336782,46371,6703,262973,725255
9703,8037,106873,26000,7908,174773,360275
4944,5241,130666,31408,7426,273645,475145
4537,5203,809109,22759,7556,227033,1124660
9796,8018,172440,22407,7593,249743,489348
4741,5777,261049,30704,8648,180282,546312
8000,6648,111472,52871,6703,371247,577293
9111,7482,1281802,35297,8537,188503,1566602
6222,5648,149245,65204,6407,160086,412145
9740,7315,369558,59981,6685,330457,800884
6111,5334,153777,66352,6278,168516,426183
9203,7241,162219,34445,8926,272888,514571
4814,5352,123551,62389,6314,205855,459978
6203,5926,281622,29630,19315,268133,630959
4833,4963,326082,31741,9371,377264,775384
10259,7870,132025,44611,6186,363971,596681
7389,6093,128745,32833,8741,1056044,1259123
7796,7148,178372,28963,7722,258236,533459
8074,6611,265444,30981,8278,126053,500200
7259,6333,118090,27222,8556,166686,355849
10222,7630,121865,23241,6630,274650,486423
6333,6370,154567,26630,7259,243116,465867
10259,7740,264342,35297,11203,154989,534904
6982,6148,118228,27389,7352,165714,352517
9519,7740,119801,40796,8074,326382,529516
5666,6445,126853,32963,8889,159441,377664
6574,5815,259388,49389,5296,164850,513423
10296,7870,804219,42482,6333,299663,1221530
9166,7500,128532,31500,9740,260188,464312
6851,6334,125955,60111,24741,161153,421257
6945,5666,172620,27074,7278,193581,432905
10593,6796,263543,24870,7074,235843,566682
4741,5722,102689,31630,9777,167902,356980
6629,5611,837464,50149,6574,154196,1078290
4167,5685,160277,26481,7130,170258,392368
9241,7037,127515,47666,5982,202686,436053
6315,5481,107550,32630,7777,193819,374146
9278,7704,356769,38037,6223,319689,756422
4574,5630,127045,32796,9500,157842,388054
6185,5463,349246,53222,6278,382841,820236
6518,5852,107652,37296,5926,163309,362331
6499,5815,133964,44389,5926,349385,562256
4722,5981,122517,26667,8130,158388,346127
10370,7759,177015,62315,6055,151094,464904
6333,5852,363401,52593,4648,197224,649126
7555,6037,112326,58148,7537,365134,576052
9000,7556,135008,30611,21796,172601,411887
6499,5815,145302,25963,7389,195733,406127
11055,7185,237559,32537,8852,159346,473849
5925,5908,112964,28814,6630,206034,386053
9741,7722,120869,31852,7389,394664,624478
6648,5834,126551,26593,9389,154946,346276
4759,5185,346957,48944,8130,256854,723348
6093,5592,86362,26370,6945,272043,446294
9815,8074,129711,32778,8852,296489,529941
6648,6388,124358,27407,7648,156271,344868
4999,5408,658132,31352,7333,153604,879717
6129,5889,259334,66574,6241,155904,517811
9315,7722,108924,26019,6759,170074,346813
5278,5167,127125,33500,8463,282113,483572
9408,7333,148067,63815,6315,346799,599015
5130,5166,323676,26315,8278,190580,579552
9203,7759,1694451,32037,8741,222001,1993266
4352,4926,124116,46704,7481,157864,365535
4648,5074,123929,62333,6611,158958,377461
9333,7092,196778,27760,8277,156442,443312
7240,6130,95646,37278,6055,190074,363405
9722,7426,134495,33649,8074,368760,577811
4444,5037,131142,46574,5889,160116,372665
9388,7926,102769,26315,6926,326895,499367
4111,4963,372359,53981,6278,345933,808643
7388,6241,118560,52556,6870,763305,976383
9222,7592,3596241,36315,9315,377253,4096568
6648,5074,243191,25852,7556,189046,494868
6019,5944,262386,59760,6352,157795,517608
8518,7482,839643,50870,6260,398349,1334159
8704,7055,119364,35870,11852,154394,357554
9888,7519,587046,26889,6000,206745,882272
8796,7537,283655,65463,6296,284971,676570
9111,7629,644338,35296,10352,195565,921550
6684,6019,134539,50741,6444,365717,586403
6333,5833,539481,61741,6167,284680,922420
5296,5389,174849,33000,8963,238574,483090
4556,4944,90773,27648,7667,223762,379072
4314,5037,105863,51222,6519,353078,541700
5371,5851,128139,33981,9630,130786,364720
7648,6574,140637,26259,7185,207695,413128
4148,5000,226301,33370,9741,168308,498182
6685,6074,106576,25000,7371,196255,367683
4981,5241,126425,33778,7741,170072,369220
9703,7593,128868,62259,6555,159020,425183
7167,6037,754327,57056,8019,271147,1124382
9648,7574,100714,36315,5889,165209,343813
5722,5056,135731,31740,7889,379655,581515
5445,5296,583376,32185,8963,310285,998087
6889,5981,176727,47074,6148,177530,440942
10703,7796,920353,26019,7333,1560892,2552466
7518,7019,109684,32556,8352,161351,345183
5426,5111,2776440,61370,4593,1356776,4226457
7592,6963,115261,38574,6111,497717,688773
4962,5797,316788,48019,5926,379040,775977
4222,4666,110305,26111,7445,358007,528571
4962,5315,123377,33925,9000,362343,557015
9000,7426,440466,36426,6056,359565,927235
8704,6963,190964,47037,5871,157588,436942
8463,7241,110073,25574,7148,297350,474794
5963,5667,130219,32333,8370,349464,584515
7092,6371,123216,29056,8240,172800,418238
9741,7611,114751,34834,6203,280135,495183
6240,6000,261008,34334,9574,213340,548052
5407,5167,122413,27037,7870,164881,362979
4871,5296,125800,24722,7204,168624,406183
9963,8036,152131,24167,7148,238959,459627
7444,6352,425202,24278,6944,202572,743792
9870,7833,110959,24445,6870,187113,373534
5630,5833,121494,107685,5704,331188,594793
5000,5426,130954,33537,9778,161877,386368
10055,8093,194730,61481,6574,151971,452386
8945,7463,91561,27611,8018,219400,382257
5759,6019,130836,36130,5889,282401,545404
8851,7297,123982,26833,7963,160349,351627
5352,5463,166072,59056,6111,191888,474516
7500,6037,268033,25796,7019,186982,520534
9425,6982,114401,36222,6074,159949,351812
5055,5074,127269,26130,7259,152599,341312
9277,7426,148230,46296,5908,207582,442534
4555,4833,259394,25426,7074,178400,532534
6944,6148,107707,32870,9611,226754,410886
10037,7889,124185,26112,8888,345404,538978
5926,5444,128221,33000,9740,215833,439127
7536,6186,836995,26907,7075,420107,1328473
9759,8222,269882,26426,7556,168337,507108
4740,5575,128213,24426,7185,307932,506182
4481,5018,124952,62852,6815,276156,498089
5445,5759,178875,26519,7259,232085,476257
9574,8389,331873,63852,4481,317771,753829
4333,5278,108907,31926,8722,158813,336905
4815,5018,124146,59463,5926,864607,1085864
9555,7630,135069,34667,9296,203854,416294
4630,5537,328734,25537,6796,162800,554516
9185,7370,101750,28833,7778,205192,396794
15815,5333,98081,68537,4926,265972,476701
4759,5888,683561,46518,5981,306157,1117011
6667,5685,344335,27760,6703,273772,733959
5537,5204,103315,32074,9037,231794,400109
5389,5130,126090,24555,6908,291425,480831
4833,5444,122848,61629,19574,189966,417275
5518,5278,176104,28296,8000,156357,397016
4852,5463,284972,45907,6019,174766,539164
5018,5130,116414,41611,6241,293046,495608
4351,4926,660838,33611,9593,162342,899531
4370,4870,152854,60889,6296,154422,400627
5481,5852,393740,27130,7333,171682,632811
9315,7129,111183,59759,5834,251407,479238
52000,5889,121699,27074,7685,278761,533812
6093,5518,130197,48278,6259,192264,439609
6981,6352,296527,28926,6741,193284,557682
5296,5241,88822,24444,6926,275380,459275
7277,6185,118764,49778,6074,247511,531348
6148,5815,99706,60611,6111,164626,359980
4389,4833,166129,26704,6963,167110,391146
5667,5870,259479,27222,7574,159315,481812
4259,4778,118939,37778,6000,299151,522701
7000,6056,125085,25704,7333,158913,346369
4333,4796,682490,24574,7130,561002,1318696
6852,6148,300302,24926,7222,135714,496441
6555,6222,112023,24981,7500,216902,393072
4500,4759,574020,65537,5908,170808,844051
5481,5593,127684,59741,6296,154554,410368
7166,5945,197515,25185,7389,255389,515515
4352,4704,98550,25000,7537,237633,417276
6499,5778,128178,48851,5871,369041,580348
4148,4778,127490,33981,10111,160712,355887
5630,6000,168006,26407,7463,279362,509127
4148,4834,272281,48759,6463,155549,507127
5370,5630,117501,51055,6482,279588,510367
5056,5185,127777,34518,8537,132055,365776
7796,6426,132608,32611,8167,198908,402405
5556,5518,234772,25334,8037,178818,477387
10037,7796,96659,26537,7500,219117,402812
16166,4963,97119,64704,6130,234656,437793
5574,5259,127617,60204,6222,151733,407072
6833,6166,295504,28074,7222,283178,646940
4407,5037,102427,25722,7593,193441,358794
4259,5111,128832,42630,5926,393220,597367
9981,8018,125312,26740,7463,176983,370108
4352,4870,174735,24741,6963,162059,430146
6907,7648,98788,25481,7352,265284,470867
9593,7815,98489,42833,6074,155454,353795
7037,6000,120746,37130,9574,154863,354109
9741,7555,139781,25704,7074,161698,367887
7019,5759,278001,33185,11000,162107,515090
5907,5667,103443,60444,5908,232702,465275
5630,5574,799273,27704,7518,209128,1075864
10500,7629,122809,26648,7407,133190,359350
6778,6037,273288,47518,4741,195987,556627
8648,7185,77489,34797,9000,280323,475219
7019,6111,120005,25315,7352,296510,522645
6500,5629,1171651,32944,10260,301858,1595916
4889,5259,176242,61592,6278,218830,579663
5037,5093,255146,33315,8648,161296,485701
10055,7815,104570,23963,5852,178983,350924
6703,5741,124716,33907,8630,135152,333831
8925,7222,148010,59297,6203,203525,454701
8851,7297,326933,27130,7092,158638,573163
6741,6315,93394,32667,8129,303992,495275
9648,7796,127855,40148,4852,330957,538997
6740,5815,138093,26130,7167,169293,407720
6445,5796,246646,27315,8148,170388,481275
5889,5944,89070,61704,6222,232650,452738
6371,6111,122382,25963,7352,157597,345165
5185,5371,119343,33944,9334,182729,372517
5093,5666,163637,29852,7111,231324,478645
7185,6315,684597,27204,7426,214601,964883
4592,6204,501281,49314,7241,381233,1000679
6166,5722,288167,34297,10722,192700,559367
9870,7982,125720,26815,7444,206833,400368
6296,6926,315310,25963,6741,210353,592422
10259,7611,106753,32574,9055,269671,473867
15314,4871,100880,24685,6241,200914,371868
4926,5407,253378,30722,8593,223582,545978
5277,5704,199986,26426,7945,197974,458812
5778,6019,119780,30685,8630,289106,480627
9296,7518,124852,51445,6111,268645,488441
4962,5426,127165,32574,8333,165741,363960
9981,7167,162403,26741,8574,180169,410831
4314,5389,313290,32870,9852,172800,554274
5703,5741,623972,25019,6944,225560,913939
10092,8037,127785,30352,16685,197546,408219
4685,5778,134616,32574,8722,192864,394516
6055,6204,246317,23815,7556,214198,525312
10240,7759,100760,26611,7648,313757,537126
5315,5685,120609,27092,6371,201555,387072
9092,7204,122162,26945,7111,202835,409590
7444,6092,178771,24241,7148,180616,424405
9019,8611,269694,32611,10297,161784,541756
6315,5759,123525,53612,6000,259008,474497
9685,7148,125561,64666,6000,179697,410979
6518,6148,173521,26334,7092,160662,396146
4981,5926,799481,24556,7704,176364,1039197
5556,5777,106776,45333,6537,402166,591349
9333,7204,124477,24389,6944,310668,499812
5333,5833,147752,51019,6278,156208,388886
9259,7389,301121,48648,6277,167303,559052
4407,5222,108711,26722,7093,235842,408238
9296,7129,122116,47445,6759,328937,538756
4408,5777,128188,62426,6407,164977,388442
6222,5908,185870,28444,7686,214164,487923
7222,5963,78387,24574,7389,322944,521368
5944,5426,123810,32352,8444,276373,472590
9537,7518,122956,26685,7315,164190,373720
6462,5612,152731,63370,6352,222007,474367
5352,5759,269229,27833,7982,411859,748162
4185,5389,114116,38741,5925,410437,596663
9518,7333,124095,27389,17315,189773,393905
6203,5815,145981,25093,7333,238313,449367
8871,7333,272997,25426,7056,202333,559238
6962,5852,110181,25463,6814,250336,426515
9278,7296,122808,22204,8370,269893,479109
6259,5574,129435,33185,9852,163582,365961
9463,7000,186229,25333,7000,281102,568812
6963,6148,834430,26574,8130,323304,1249789
9259,7741,119484,47259,6796,348087,555423
6111,5703,126093,26148,7907,179906,387979
6445,5444,159942,27000,7370,177593,400368
5888,5741,336717,24056,7222,273353,694273
5777,5834,108900,46259,6222,290894,506571
9944,8241,128805,27556,16870,186081,396553
4703,5723,131747,33130,10370,161065,362183
5908,6481,364541,25148,6815,333029,759422
9185,7019,96335,32463,8722,283737,468498
7018,6241,128814,43333,6649,305349,526163
9463,7000,125923,32278,8963,158834,391961
6148,5574,324606,25019,6981,314631,701403
9000,7315,124715,30722,8759,260135,484720
6963,5815,131953,36704,4741,308155,510479
5240,5723,632673,33092,8685,213989,936457
6667,6000,171374,25223,7314,138235,370554
6278,5889,244039,28518,7982,215810,524571
4871,5666,104648,31963,8796,168554,361535
6519,5722,123016,60018,6185,250445,470905
4870,5723,141328,25426,7852,163632,398757
6203,5556,318992,62167,6056,385077,799810
4444,5556,112249,28278,7574,171563,348442
5870,6056,536173,36537,5870,160304,769385
5351,5797,125022,25945,7148,151716,371794
6463,5962,663743,58870,5852,191215,950920
4055,5482,104870,25685,6833,189536,371646
6073,5612,127515,37741,6019,297703,496608
4647,5445,136235,25408,7074,186299,399997
5833,5833,177808,49889,5926,158246,419738
4592,5630,252694,27981,7741,224859,541460
6407,5815,106173,51204,6166,303158,498830
10574,7963,126115,33908,10018,135828,361202
7111,5963,147020,48241,6555,160459,393516
9037,6926,280574,27481,7759,170128,522127
9536,7760,101719,25611,7296,176187,363312
6166,5723,128420,37871,4907,198966,402924
9297,7333,125585,26037,6852,179579,372832
5852,5759,261972,24296,7074,176285,518479
6499,5815,85321,24500,6760,318120,465775
6000,5740,114578,34537,9334,158531,363683
5999,5667,122150,25537,6815,171218,354849
9851,8037,148833,25426,7315,174961,395979
5111,5834,253645,25074,7037,174741,531312
9962,7945,97087,32611,9537,173133,358905
5945,5851,118493,25963,13352,202801,395943
4296,5649,147490,31907,9148,205045,475386
10685,7685,252358,26371,7703,175325,505257
4500,5777,108856,37463,6537,185624,420775
9740,7870,756798,27407,7630,191067,1025420
4426,5796,121351,32556,8870,164129,353980
6574,6185,190590,61166,6445,157945,468016
9519,7981,125420,26778,7185,285725,529960
5759,5944,124215,30999,7556,320505,554996
9630,7796,132638,26796,7111,263378,513201
5333,5851,165895,26797,7555,182307,433349
10833,7315,255411,24703,7204,174697,499312
7389,6574,104131,29370,6204,276107,502608
9704,7925,134555,40167,9092,163777,391590
5148,5129,130108,30945,6926,205482,421534
9741,7463,310698,35167,8833,169114,565886
5925,5982,325418,31537,8370,173968,623422
9482,8092,127138,51333,5704,283971,503997
4833,5574,124395,28574,7796,186992,374720
5759,5666,723966,52260,6481,400638,1212159
5204,5944,93927,40519,6667,193348,420590
9851,8019,127480,52241,6111,389868,611793
4741,5630,126718,33260,12166,180705,381239
5259,6056,170012,27519,8185,171744,428609
9555,7611,777955,26759,7407,188688,1042771
5870,5759,104360,40111,6630,167953,403534
9500,7925,123043,27241,15482,172103,380627
4926,5666,138745,26074,7259,191642,413368
9814,7667,236334,25223,7037,193922,498793
6519,5796,100850,33186,10314,290110,488590
4870,5278,124589,21852,6167,198909,381276
5000,5981,671976,25462,7519,204575,956735
7444,6148,198955,66463,6537,160079,461608
4944,5852,83082,28056,7463,173193,338813
6518,5833,121469,48500,6074,371843,577033
4944,5944,121059,62148,5037,183384,421201
6241,5629,912316,35629,9537,332585,1322289
4333,5796,289702,49130,6074,159165,535441
9537,7667,102052,29852,8129,178669,354980
4462,5630,120161,47777,5889,199078,403757
9833,7223,140825,27389,7388,197932,408739
8667,7037,183119,33926,9592,234582,519738
8129,7296,103154,24741,7240,215845,401664
6611,5944,124004,51685,8037,281568,526016
6889,6166,128631,59333,6296,158683,381757
4703,5556,196517,32444,9593,217832,483127
4926,5241,81014,26648,7315,269131,413738
9241,7444,110587,31666,9112,159633,362628
6703,5852,123992,62796,4648,190154,415349
7277,6259,176156,29056,8204,132749,375683
5870,5537,257653,59648,5741,193158,565644
6407,5833,106948,24815,7129,312791,504867
6129,6037,117445,25463,7000,299626,492626
6056,5463,145906,24888,8167,230110,458146
6574,6167,277255,25630,7574,201297,541756
5185,5648,106438,64334,6481,208967,435349
14926,5037,101565,25056,9018,374858,548293
9611,7370,140452,47389,6926,292193,536367
5907,5556,196764,34630,9481,158252,428997
9407,7926,101318,60278,6278,270550,533516
8462,7111,122501,32537,8204,285311,483719
6425,5686,120387,27685,8056,159259,343609
4482,5148,167051,47630,6037,226150,494423
7777,6500,111031,27259,7574,329689,509404
4889,5018,109640,50611,6166,262099,470460
6352,5722,117785,34852,8815,162490,374053
6222,5704,124746,32315,10333,163660,358646
5111,5259,279503,64333,6723,188660,585219
6352,6018,125612,32778,8722,207645,407535
6796,6352,125313,39092,4556,401332,599496
5166,5760,657625,27222,7519,336053,1071160
6407,5722,193253,27222,7426,218523,476553
5056,5463,94935,25222,6778,269784,438479
6130,5851,124638,36499,9130,287712,489090
4481,5092,125469,51037,5740,171160,380849
6037,6333,695762,38574,6315,165918,954606
6371,5796,308148,35463,8037,289737,670404
4333,4982,107109,55000,7759,381240,578034
4444,5000,123607,30407,16852,174151,373090
6092,6593,135142,26037,7740,171320,368590
4667,4722,299306,33833,9908,152209,555571
7000,6185,100582,25926,7185,241379,407461
5019,5111,122764,22241,6296,200308,398257
6481,5704,124614,26296,7018,171829,357887
4537,4777,179353,32629,10463,274775,553515
6148,6166,73461,27037,6982,177111,331331
6371,5703,109403,45445,6629,305446,550256
5685,6129,124345,32649,10129,153486,369757
6259,5685,151399,48814,6630,183062,417942
4685,5315,250451,34352,9222,161027,480460
4685,5759,101135,26352,6481,176216,344942
6537,6166,122170,63851,6760,347198,603589
6963,5926,144426,33963,9204,271775,516997
6148,5870,315220,30482,5963,170628,568700
5907,5611,103847,27019,8074,328427,521922
5463,5833,122493,38445,4704,202671,416720
5926,5481,126269,26130,7148,183007,370331
5425,5778,1219488,25611,7185,176837,1478398
10185,8500,1460486,61759,6408,202522,1766879
5147,6186,130169,49574,5981,341569,554681
6018,6222,124538,32907,10778,162349,360979
8851,7204,145868,26833,7445,171370,387794
8630,7037,270273,25704,7537,265112,629737
5999,5982,114678,22704,5981,229301,403571
5611,5722,124361,25370,6741,273840,462404
10574,8056,134785,32444,8963,210583,422609
5092,5481,305431,63981,6630,296399,699144
6129,5852,105651,34852,9611,242976,423590
5037,5185,118000,48778,5777,391960,590663
5481,5407,126239,26111,7537,218981,410701
10240,7593,188681,47518,5963,159910,435479
4814,5111,91919,25648,6871,222042,376571
9351,7445,118694,31352,7982,289988,523756
7722,6111,525581,59389,6000,359747,985309
6130,5815,164745,27963,7648,160382,387869
5555,5389,265539,46612,6111,159624,504182
5592,6130,109333,33296,9037,171369,370701
6463,5704,117701,33000,8241,165444,354313
5981,6537,323254,59741,6222,191168,611866
4833,5167,334048,32259,8834,296040,711810
6555,5778,320824,37296,6185,194081,589515
5500,5685,123007,83093,6796,249731,518627
5259,5667,119763,59704,5722,205753,418368
4833,5426,329002,51222,6241,257939,686941
6778,5685,64481,32000,8648,199684,336332
5073,5537,122535,50592,6315,386555,593218
5481,5963,243625,27426,7648,220557,545793
6407,5482,167011,25167,6852,173764,401053
5519,6129,276176,25296,6889,172359,507405
4944,5352,121655,35037,8981,208492,403775
4537,5388,123671,25149,7407,313826,525534
6296,6426,139391,31129,8686,1250785,1458510
4704,5000,275462,25445,7037,306311,667811
5388,5834,105164,25518,7074,321815,489997
4333,5000,134828,52889,7648,319188,577219
7463,6240,121345,26778,7518,171228,358942
10482,8000,170971,33575,8907,161415,409628
4944,4926,74525,26944,7260,177510,315516
4908,5000,134337,45222,7389,349400,574256
6759,6092,121243,27778,7555,170589,358146
10759,7574,167185,23870,6907,205795,438849
6889,5907,102720,25537,7352,215352,384850
10574,8037,95883,22723,6777,182318,345942
4926,4982,120733,24574,6981,294042,477701
8852,7352,128453,33352,8851,163045,387609
7056,6185,273062,65037,6944,169528,563460
6185,5963,100800,62574,6334,230012,431812
5500,5333,129835,52204,6685,259107,491349
6277,5500,119703,32723,8963,165554,357849
9166,7482,178275,25611,7426,137704,417016
6259,6093,86346,32519,8611,209318,368776
5148,5685,120233,44315,6407,350523,563478
6407,5778,117934,32611,10185,176008,367238
5889,5611,153543,27297,8000,237620,476905
7259,5815,250689,23759,7111,193253,504034
4648,5185,108243,61999,8371,245607,453275
4963,5222,118296,32611,8463,131777,316443
4444,4982,129237,26574,7315,210705,420960
7296,6074,357328,39722,7334,332445,767829
10352,7704,92751,31519,8944,193654,363961
5018,5629,268620,24648,7334,363635,753236
10259,8260,134450,25056,7241,181306,387424
6259,5740,166097,25185,7259,132217,362627
7926,6129,722854,24444,6685,140031,925550
5537,5185,121314,24129,7649,312201,508589
4759,4889,1232015,33167,8814,332754,1641639
4759,4981,171125,63129,6852,215151,507238
12148,7481,337788,26463,6500,173894,588626
5092,5241,129342,24685,7241,402747,592237
4889,5240,123821,56611,6500,257140,501479
9889,7648,123374,25259,7093,169124,360109
5740,5352,236242,22944,7019,168737,464108
4925,5334,97962,34685,8981,293536,517626
9666,7593,130330,58093,6000,337185,599848
6352,5796,666031,32074,9019,214741,954716
9518,7518,1486103,22796,6834,185146,1752193
6018,6018,713175,62352,6963,172412,986401
5074,5259,135655,23129,6482,299732,494109
4611,4963,121911,32241,10426,155828,346924
9536,7167,159168,61945,6611,158663,438719
7204,6018,289518,28370,7704,179739,535627
4685,5130,101107,50000,6352,384056,582274
6296,5537,126180,23888,7204,311836,498830
4778,4981,138696,32296,9222,163377,404294
6055,5611,305138,56593,6648,277432,676237
4426,4703,112414,32444,8815,183029,366183
9666,7944,132708,39648,6481,359697,571904
6352,5611,123094,33500,11518,171182,368072
5388,4963,179666,24703,7704,250239,584904
9685,7778,76274,32667,8852,227075,381405
4481,4945,110975,22778,7371,387928,553830
5389,5315,123788,62426,6722,164839,386813
4667,4889,595008,28037,7851,134044,790292
4388,4963,306987,24463,7334,131436,533348
8019,6222,98318,50815,6315,757121,947291
4518,5537,283335,32833,9222,172256,543478
10093,8037,120665,26482,7315,191776,380443
5111,5352,280292,24704,7074,310352,651311
4722,4981,103550,25426,7352,261392,443645
7019,5870,134918,33222,9055,334876,542923
4481,4907,105397,63222,6815,248693,451645
4629,4741,194783,27223,7426,202028,476645
7945,5796,261836,26297,7407,236846,562756
4204,4777,118946,31722,8833,410737,596793
9685,7555,121684,25574,7574,196407,402831
6741,5722,152607,24963,7371,233001,467145
7333,6278,339994,36037,7444,208077,628015
9166,7445,97306,37093,6777,197044,391183
49703,4611,242879,24407,7185,183064,532738
9389,7333,274617,24352,7277,201584,561015
8666,7519,767058,24963,7426,320824,1156234
6426,5667,100315,33241,9778,175830,349739
4555,5389,129406,49352,8148,386332,637330
7555,6982,117422,25555,7519,138039,323146
9462,7185,186291,31018,8722,158208,451590
6277,6334,751732,26852,6425,397743,1212604
7240,6149,123711,23519,6888,154583,356961
6259,5648,121079,22315,7037,217641,415923
6019,5499,165615,26555,7556,187235,414998
6518,5908,248889,33445,9333,165256,486756
9055,7574,98999,41740,6945,197962,382849
5593,5555,137552,33092,8908,283927,494757
4611,5574,134549,23889,7648,184986,376442
6518,6315,313103,31722,7537,154598,540941
9130,7500,445266,29223,7703,277766,819847
5481,5834,120672,58555,8426,287862,505756
8666,7167,122670,24278,7240,175143,360850
5018,5741,189908,27056,7963,229996,515830
6093,5777,102332,25111,7074,190259,357257
10166,7574,116126,31259,7871,159131,352665
9426,7426,117142,23093,6981,150634,365461
7222,6167,166621,64129,6852,164321,435368
10500,7370,576174,28315,7778,228061,876680
4778,5796,101765,33370,10574,163567,338757
6592,5852,125170,26315,6426,398456,622478
6759,5797,135278,23426,7667,231589,427368
5704,5759,339869,46981,6167,327460,751014
9574,7444,105515,38666,6815,174835,378349
14907,4500,99401,55259,7185,376651,575792
9925,8000,118010,26167,7167,146006,331312
5759,5593,194767,29500,9389,159842,424294
9185,7278,76320,37704,6722,185604,358035
6426,5759,126541,34814,9889,366679,569645
10092,7574,648390,26630,7463,253012,984568
6203,5686,333850,32778,8777,239239,646978
9333,8740,239256,25852,7333,240297,550441
8926,7630,97271,53908,7463,372262,563775
5445,5314,124214,23204,7167,292172,477275
9240,7500,118656,31667,8704,174805,366664
8019,6611,319376,50259,6759,288417,698089
9981,7667,307059,31815,8388,394011,780792
9463,7981,121557,53463,6592,268274,497386
7370,6389,123795,32314,8963,212851,409627
6259,5981,187089,61759,6908,156594,440534
6185,5611,109642,27389,7444,268634,444219
9222,8241,115028,46871,6685,380357,617829
6666,5945,125508,34518,8315,164361,362035
5315,5537,159264,26000,7334,139066,359757
4574,5759,351133,30500,6574,311233,765014
6629,5778,101001,31926,7778,292145,465590
4462,5704,123073,64629,6834,264239,516293
6908,6463,121977,27204,7630,209223,395868
4315,5500,255864,31778,8685,159800,503127
6444,5629,95603,25648,7334,321357,504571
5851,6037,118934,33333,9093,366304,555607
4148,5833,119728,23741,7037,214492,391497
4296,5889,189299,32259,9037,166754,457664
6166,5852,384149,106481,7852,291532,821291
6018,6222,119814,27944,7908,309887,508497
6130,5611,121329,63408,7148,163446,403127
7667,6259,154735,60833,6241,175670,428183
5037,5704,239103,33518,8796,219487,531164
8444,7037,104674,67611,6352,197731,428904
16574,9296,95728,34000,8500,165344,346609
5037,5796,129448,24981,7815,182291,371202
4925,5223,357389,26741,7537,166218,621755
7426,6166,100888,25130,7370,214703,382164
4444,4852,126996,46945,8259,757146,969346
4296,4889,120772,23907,7408,140134,351406
7222,6351,278881,37130,10018,203357,564330
10166,7722,683008,27815,7667,169172,921365
4481,4926,104950,24241,9241,173696,341442
4907,5370,122374,32130,10555,163773,358220
9833,7852,612519,25482,6851,163458,861828
7463,6481,238462,24352,7333,174462,474942
4463,5296,94774,34019,9370,167742,351776
15870,4777,807827,24482,7074,203148,1079752
6315,5592,128566,32574,8963,164247,397146
6704,6055,305656,59186,6981,372729,773774
4851,5612,100283,33833,8926,236640,410701
10740,8130,122022,25963,7926,393289,619181
7277,6371,123964,63166,6926,259941,484404
5352,5056,181646,25575,7259,136573,377665
4370,4945,76996,32870,8834,186168,348294
5870,5222,110995,22777,6945,312262,531275
9944,7796,117566,63111,6667,164876,395793
7204,6222,148489,28334,7981,239712,459294
5389,5574,302394,34204,7852,157102,530441
4814,5111,104652,61166,6556,225013,482274
63740,5926,122390,31204,8778,296144,585793
6555,6222,117610,25704,7611,190518,373887
9593,6759,227182,31926,8925,212149,513627
4315,4907,152476,38185,6778,186225,412868
9407,7667,125233,49833,6185,335802,563645
7334,6037,124174,32630,8981,168231,363498
5759,5278,169617,26204,7851,139845,405905
6519,7814,253985,26037,7926,251086,609163
10000,8018,111983,32778,7833,155349,344572
5370,5296,114814,26407,7593,140148,317442
9407,7222,838311,25130,7666,281164,1187567
5555,5222,339772,59389,6389,335742,804125
7129,6241,118714,64185,6815,242580,463867
5056,5833,248360,24037,7055,181656,490757
4537,5611,126895,23148,7037,197084,400757
6166,5908,428966,32130,8815,190603,692570
5018,5278,99167,26778,7426,199553,378942
15037,4592,94832,24075,6462,365295,526997
4667,5185,691718,25111,6815,302109,1109660
9963,7852,189568,33000,9352,196818,464609
4389,4926,67769,26815,7593,307524,450238
5203,5685,118823,32352,8704,300248,530996
8222,6907,120099,25704,7314,310807,495719
4685,5370,159930,31129,8815,216346,444256
6148,5611,370168,23574,7834,305902,764570
10130,8129,104555,31740,7519,208258,396683
4518,5185,116312,23370,6704,201835,380831
4167,5000,131586,30223,9111,200688,420775
9740,7686,332306,42741,6370,379411,796273
6444,6408,601100,32519,8740,217672,945068
9407,7833,131192,49296,6852,380676,603108
5185,5796,116355,26889,7167,265957,445497
5000,5111,525019,26963,7963,196180,787995
5777,6241,94925,23870,7000,180759,341775
4407,5037,105016,51796,5926,285075,532886
10019,7981,118235,22315,6870,175838,362832
9018,7204,136473,25075,6740,180191,400887
7019,5814,535545,33871,8833,237413,907847
9555,7518,106858,42982,9240,160178,354460
4352,5185,565077,40519,6963,355639,1008716
6482,5722,126927,25926,6463,232107,421016
4407,4926,228129,24796,7704,205257,491812
8407,7593,107293,26592,7371,289463,465331
4481,5537,822068,63167,5370,169093,1105364
6796,6019,121251,33000,8611,828410,1020439
6203,5963,181897,62167,6778,193619,493904
6259,5963,76413,26815,7222,222918,365072
4389,5426,122448,31759,7723,280438,523683
6167,5889,120001,23852,7129,140868,319369
4685,5056,1002758,25222,10833,194920,1279993
6574,6093,269719,62592,7315,158834,546793
5574,5574,107068,28371,7352,264521,437405
6703,6186,118658,25019,5741,200561,383090
10203,7982,118564,24462,7482,215101,400831
5055,5111,261858,24408,7074,158065,478275
4370,5111,85485,22556,7092,255957,417275
6777,6148,120650,92870,5908,229496,504737
6445,6148,122925,34703,9704,201684,403350
9000,7611,183886,48870,7037,159075,434035
10796,6851,261550,26463,7167,220373,549737
4519,4981,469881,25204,7351,246319,780496
9222,7000,121953,34481,8333,168638,366090
5852,5685,163839,25389,7556,212232,438479
5037,5018,252596,33389,9722,205661,532052
9518,7870,109057,38797,6666,175071,384053
16000,5037,98647,28426,16926,163036,347535
4573,5223,105904,32703,8889,162428,356534
6518,6055,221921,25055,7260,240484,526904
9592,7870,84048,26481,7260,210098,364571
4222,4907,116045,22723,7166,180323,355609
8870,7296,118488,22778,7481,236510,436812
6463,5833,600596,24556,7000,333601,1036809
8148,6741,268168,25778,7037,286921,621497
4444,4889,123036,22981,6797,156647,341053
7278,5981,118738,35703,8648,181335,379387
9167,7296,157680,23111,7667,174855,396054
5889,5870,369141,49166,6056,284059,740329
8889,7241,99934,22778,7722,187916,353443
4574,5944,117895,65796,7019,366509,620255
8166,6982,127929,33112,9092,273438,502108
6092,6574,262057,27500,7093,312384,638589
4796,5537,455888,24889,7611,259904,794125
6407,5815,118978,52574,6537,371074,578015
4426,5074,121106,32407,9167,212799,401072
6352,6185,171955,63944,6834,163857,434831
4463,4981,101583,28000,6852,243878,423442
6388,5963,503265,25482,7463,183675,753088
10092,7722,123467,25278,6814,190217,380016
4351,4871,160872,23444,7037,177867,397553
9000,7259,287481,24278,6926,215183,566849
4036,4889,97830,24260,7481,176779,350090
47999,5056,124421,43611,5833,360058,615830
5500,5499,129622,32982,10444,165173,365590
4444,5426,249471,62537,5278,192618,539774
9407,7629,73803,31666,9037,304807,455293
4555,5278,122726,43778,6574,361159,559922
7148,6352,128613,32981,8463,166608,387442
6834,5851,179463,26481,7352,138536,380146
6166,5315,77793,31315,8389,218575,381812
6148,5444,115161,25649,7759,373595,549478
5370,5778,510066,64018,6778,163152,789884
5833,5648,151453,33593,9148,174156,395497
5611,5963,267376,62908,6555,260287,640718
6166,5815,102541,27296,8019,265364,433868
4944,5704,115131,23926,7000,306144,506682
5759,6482,122628,32556,8796,231776,424460
4666,5611,248904,25945,7315,146741,454386
5463,6092,88847,63426,6555,224596,447238
6981,6074,133326,34370,9037,275709,486034
4611,5277,123416,30056,8648,158916,381072
6278,5574,181173,26666,7500,184455,430016
10203,7833,299912,32926,9592,196030,572867
6611,6055,115705,29074,7686,405569,588681
7722,6741,113240,31241,9833,131610,338072
6981,5926,149849,24518,6889,150371,361423
6574,5685,318087,31056,9296,163539,551089
5074,5482,103511,22574,6111,252005,413702
5722,5759,122971,84074,7426,315267,556959
5389,5148,122136,62852,6759,156399,375665
4630,4926,276929,25241,8000,294659,657941
5852,7129,89965,30981,8741,214219,376183
4593,4722,130962,50445,6777,273628,515238
5370,5666,119535,33277,9278,165427,356164
9722,7500,176365,61666,6556,167132,445942
6129,6296,251585,28260,7537,143968,462904
10259,8037,494990,25092,7426,179284,761532
7574,6185,620655,25981,7296,214693,917699
5777,5611,160282,22222,7482,180179,397923
5870,6222,277280,64870,15722,163292,551478
5093,5203,106981,28185,7519,209221,380257
5371,5814,115442,24852,7944,322000,513183
6981,5796,132810,64222,6741,162670,394683
5759,5334,345973,41000,6241,285004,719903
5704,5444,100009,33037,9537,251489,423924
5240,5297,1737598,52074,6129,273446,2111061
5963,5815,123578,32444,8685,166013,358720
5425,5667,175854,24203,7648,222885,480701
5962,5500,281407,32667,9018,159072,508997
5296,5407,108182,53741,6537,302426,525441
5093,5666,120736,32944,9000,158263,347739
8333,6889,141993,63574,7111,247283,520868
5944,6333,270731,26463,7278,137766,470349
4537,4870,107080,25704,6963,261362,446460
47443,4723,115634,30592,8574,156494,383275
5129,5704,118353,24112,7037,185163,361109
6111,6185,186870,32925,8834,167628,445738
6018,5759,83127,25593,8389,316000,465090
5092,5315,122717,29889,7611,285484,509348
6259,5833,117345,24463,7203,131784,308943
4500,5019,1830674,74222,5778,383923,2356246
6463,5611,1578061,32722,8815,301446,1965284
5778,5629,112912,53481,6371,357659,558700
6074,6407,112465,32537,10722,169978,354609
4574,4981,153463,64370,6741,174164,424090
5611,5944,320497,27889,7315,385961,803273
6426,5926,109550,24241,7074,223632,395535
5389,5907,121344,25556,5944,205043,404368
6037,5796,119972,22704,6833,218193,396294
5518,6037,191377,32778,8889,186343,447127
4333,5111,337986,25907,7148,312751,721977
3981,4759,126557,48204,7185,273700,506552
10092,8130,119685,25259,7185,187943,375035
4296,5296,174794,23407,7204,233389,467886
9574,7889,316310,24759,6833,313761,724885
6463,5944,112752,22908,6222,379967,549497
4333,4926,117619,34815,8148,137768,324979
9277,7148,154321,26834,7185,147973,370331
8703,6648,297412,33537,8611,141086,510534
4407,5074,97021,66518,6167,840547,1040049
9370,7352,619110,29908,7667,169792,860902
3833,4685,125868,34037,9592,166834,359553
3741,4667,268235,24130,7018,182688,505720
5500,5426,122326,32241,9426,293227,540849
9518,7371,122249,46630,7018,284748,492664
4611,4426,100340,28518,7815,182621,344091
4055,4648,171764,32222,8907,202938,439664
5277,4834,92946,63037,6759,261663,451664
3852,4722,101648,51352,6037,382849,577682
6759,6019,130849,68037,6777,159464,414924
5445,5055,158236,34370,9685,172614,402757
9055,6815,305585,24593,6741,166615,536589
4259,4815,97176,31870,8592,182045,363091
13741,4500,92728,27537,25241,183047,365350
5667,4944,261078,32186,8555,380881,713755
8833,6667,311446,24815,7445,421734,807403
4314,4759,125296,26278,7352,279516,469126
4277,4815,143553,33241,9092,255130,471182
4148,4778,115254,25463,7241,203577,376295
4296,4445,176233,26259,7315,240320,475201
7852,6462,74824,32926,9167,190082,342202
5240,5056,107303,54333,6241,385305,621940
9463,7704,120652,23945,7740,320512,561682
5648,5166,146206,25481,6963,178459,406312
9074,7370,567611,23407,7537,190256,829069
4407,4889,925626,67093,6926,177533,1228326
9407,7833,119088,27500,7592,192244,387868
5166,5149,117270,24037,6982,253153,451275
9111,7352,287861,25314,6741,319173,679589
5093,5111,102044,24277,7371,216991,382998
4055,4871,599744,24519,7537,181269,842680
6314,5611,117502,23056,7185,142385,318516
4352,4944,183333,25185,7259,204628,445831
5389,5648,261497,23630,8019,212592,532071
3907,5037,117662,51352,6444,368706,569219
4944,5018,517326,22519,7111,173540,747292
5833,5574,149509,24444,7259,211711,419368
3981,4408,348191,23426,7352,159194,567719
5055,5056,116911,24963,7445,237660,421627
4740,5296,538928,22759,6704,207790,807939
4444,5204,119611,32407,9963,164869,351739
4407,4945,333163,46815,6722,279388,696625
3722,4519,97124,25852,6963,279780,458183
5851,5519,115511,27222,7574,165765,354386
5370,5222,115657,33389,9056,166044,350201
4592,4797,187969,63093,6833,158343,447942
9204,7592,241653,24537,7314,225975,551182
6592,5704,118780,44685,6648,349439,549330
9499,6778,790092,26537,7704,375253,1235715
4888,5056,137201,32296,9815,201352,404960
5685,5685,676791,27223,7166,320314,1079494
6148,5611,95808,33592,9185,287857,457719
8907,6852,113917,28407,6222,154638,354220
5685,4926,120728,25278,7704,138010,317831
5815,6018,244597,23111,7130,214955,539886
5796,5203,93262,25463,7222,328717,484478
8999,6852,126556,40092,8982,387182,594978
5167,4852,118738,32426,9129,214427,422016
6518,5370,169477,62074,6815,178373,447627
9889,6740,238308,26389,7278,190393,494534
4129,5056,102268,32500,9000,163508,351924
5870,5185,116637,24907,7815,187047,363794
4389,5111,142800,31963,8908,168012,378331
9703,7167,233946,65574,7000,180292,555256
5851,5259,105667,32963,8592,256887,434127
9519,7203,278424,27759,7500,186833,535275
4222,4648,129439,25334,7352,140410,360164
5778,5426,344418,32389,7537,361170,772218
4130,4518,106768,23371,7240,183119,348220
6425,5926,120415,30925,8167,313250,513071
4185,4592,120005,30500,8481,205716,424108
6296,5315,179872,26760,7777,191626,432961
5574,5740,249704,25611,6722,186257,527478
5722,5203,107868,32574,8908,157759,336535
5037,5611,115699,24148,6945,133132,339109
5852,5370,140956,31796,8685,242968,451757
4611,4741,241879,26019,7278,202321,539312
5908,5463,101654,25537,7112,241528,408609
9037,7722,116208,25130,6018,419066,633755
5796,5389,122780,32463,9259,165700,359535
8444,6685,360260,63574,6722,359088,824403
6166,5889,95646,28722,7333,176575,337905
4888,5111,126236,46445,6500,796554,1004086
8333,6741,121752,34518,10037,162968,393831
6852,5518,173861,25333,7574,213433,448794
4556,4963,442895,31389,8667,174174,684885
3815,4537,111782,24537,7519,349807,528145
6148,5537,119576,33204,8148,166311,354368
3870,4555,147315,24222,7185,159758,362016
6389,5870,287794,31315,9500,169314,547312
6000,5389,106940,43129,6223,222335,407257
4925,5667,117271,47148,8389,412726,645496
5629,5074,116102,23796,7463,186433,359646
3999,4685,340285,22778,7463,406359,800902
3741,4463,118578,31056,9018,224142,430312
6426,5574,118706,54185,6815,377716,585219
3648,4574,119852,32703,9760,166498,351664
5703,5852,173294,29908,7388,207296,479534
6351,5296,260755,32111,9648,206058,535922
4981,5500,103808,40815,7352,157005,355461
5537,5185,118676,35056,8277,137952,325442
5277,5667,128822,25778,7259,192046,413423
5815,5241,321745,30741,8963,133585,520460
4481,4796,102225,25630,7500,324994,512034
5352,5703,116575,24814,10852,171905,352479
4240,4482,125812,32371,9796,166130,391905
6018,5426,220588,25648,7130,268131,548626
4370,4556,457363,32723,8907,199058,724236
5537,5481,122732,28963,7148,280081,469479
9592,7204,122229,63019,6740,175195,403812
8722,6519,169283,26222,7240,223419,478127
6685,5389,275651,33296,8926,194772,541775
4741,5352,99778,53333,6204,280478,477775
6074,5296,116850,35722,8722,165759,355238
6352,5352,680181,38185,6574,332646,1171142
8148,6667,632475,31481,9037,378815,1104790
6166,5426,100343,25389,7222,269692,464534
7445,5833,119248,24982,7222,166453,365387
5685,5222,1033764,25852,7463,228561,1325251
4722,5148,434725,25389,7222,320734,836625
5981,5963,92612,25111,6778,272015,445830
5926,5055,129147,23092,6222,362110,547478
4222,4889,116552,32944,9130,168965,372331
5740,5259,147772,62444,6741,184486,427275
5741,5574,79158,33074,8833,171396,338721
5611,5148,108563,51537,6093,283212,478886
4185,4852,119894,34074,8185,139734,325387
5314,5889,142059,25166,7037,142051,375683
5852,5389,248797,31870,8482,168478,483701
6296,5760,85683,36371,6740,167389,326610
3999,4723,118662,25686,6240,163613,359238
5962,5334,283123,26833,8723,213077,562515
10111,7666,324955,51278,6111,268634,686811
3888,4574,87379,62851,6463,188083,372423
8611,7037,122579,49204,5815,240214,486053
9814,7185,115133,23111,7445,210902,394868
8796,6630,176853,61185,6629,215534,491164
4333,4851,264888,25444,7019,250146,572033
3851,4500,115126,22149,6203,165465,334979
10185,6981,118013,24500,7278,189467,392461
7259,5703,676103,23315,7296,163318,900661
6740,6167,503341,22593,7074,320783,899828
5981,5130,94413,69500,4592,416991,613070
4667,4889,129133,78185,7056,220234,509849
5444,5315,119557,63500,6870,214126,430331
3852,4518,257610,26148,7352,185554,500719
5074,5370,119885,23593,7259,248761,427442
4241,4592,119402,50056,5926,292262,513997
5314,5426,123196,33500,9055,178636,391516
6278,5463,292730,70389,6704,371747,803014
5297,5240,73191,33204,9130,169974,313776
4315,4611,108003,52556,6000,294327,502293
6092,5408,124835,34814,8537,137423,332313
4074,4556,134036,25629,7297,224146,437164
5908,5296,290571,33444,7982,156981,515312
4500,4740,98884,39389,6833,165930,337905
5555,5556,117603,34352,9352,154357,344146
4019,4500,128915,27482,7259,172730,394257
6740,5481,219377,31741,9389,168398,455812
4889,5240,246578,24704,6963,239623,564089
6056,5388,119780,32092,9278,380884,570293
5240,5778,115925,25815,8055,138703,348794
5555,5148,166256,30389,8759,236630,469497
5703,5463,70884,42277,6889,165485,316183
9648,7333,97715,33222,9074,163635,338442
4481,4685,120583,25296,8204,290174,485404
6185,5278,135006,25944,7760,210102,405183
3852,4370,234041,32389,8741,243511,564664
5611,5074,101150,62777,6538,221199,420164
5333,5278,118888,34574,7241,156017,362183
5611,5000,213108,25111,7778,228963,525442
5277,5167,233588,26296,7815,175576,502219
5537,5074,75270,23648,7148,201839,336183
4444,4852,129842,42926,6334,310229,515053
3945,4574,115043,31908,9148,217565,418979
6222,5408,174597,61870,6704,174549,445387
5740,5741,253131,34074,8778,222792,567107
5630,5129,108111,25648,7574,167184,338943
9241,7370,119201,22963,7389,268593,450405
4333,4759,145180,25889,7426,191651,393960
5574,6093,308659,33445,8981,140153,517479
3926,4629,103731,24852,7037,242230,421312
50518,4575,123081,31963,7685,308360,570016
5592,5667,119337,32889,8463,225808,436182
5870,5315,308169,85018,6611,332086,757995
4407,4889,117037,32185,8704,231164,416905
5444,5333,115090,47241,6815,350573,558607
6036,5223,112328,27667,6963,136929,310257
4703,4833,634363,33149,8740,141244,876643
5852,5240,255509,24945,7129,233914,548849
5722,5333,99711,31148,8852,289472,469942
6018,5093,119134,25370,7445,280252,459053
4926,4777,646428,30834,7814,390974,1100549
5166,5185,317926,23370,5815,320848,723884
5037,5055,119794,29815,8630,235722,431886
14185,4333,95514,26593,6407,167633,332591
5148,5444,118845,23056,7370,227486,402942
4703,4834,235879,25408,7203,142007,468793
5722,5593,289637,22018,7296,238379,586645
4222,5241,116745,52204,6148,324437,535441
6074,5259,121003,33204,9463,170773,361924
5629,6111,166371,62851,6667,196164,459571
4111,4944,89609,26204,6963,297740,459090
6110,5426,97292,31667,8963,172539,339812
5610,5612,806955,25760,6833,237723,1106234
4036,5741,134417,25685,6741,168933,360275
5630,5074,266674,33018,8796,177602,512738
9518,7666,93265,25574,7129,325882,511274
5463,5148,113596,23203,5796,326440,509497
6277,5426,121278,63074,6815,157146,379701
9277,7074,270054,27296,6278,209610,547441
4889,5277,99792,23130,7815,227502,404312
7222,6074,122734,45833,6759,362263,570181
9277,7019,125621,34481,10463,162507,365757
8055,7297,141063,61240,6519,160027,434868
6555,5981,259987,26889,7444,175770,499200
8370,7500,96595,32297,9018,165866,337609
5648,5574,118019,25241,7630,300367,514812
6185,5407,144609,62297,6666,184389,425294
4555,5333,82367,26500,7333,191280,336924
8463,7019,95938,23777,7352,216542,411702
15259,4611,102362,25389,10278,166543,343442
6797,5648,115359,22315,7074,199101,371017
4666,5704,277746,24074,7222,319343,692274
6629,5815,535595,33574,9186,189455,798254
4129,5371,117371,50926,6129,315515,518293
5426,5241,120868,62371,8074,165592,385091
4667,5481,150107,26426,7167,253205,457961
5796,5648,325697,35186,8648,175799,575441
9389,7555,99029,22815,6037,183766,346443
4944,5445,453174,32722,8926,169229,690552
10315,7481,659117,44425,6315,156305,937106
7388,6130,233485,28240,7389,171513,469219
3778,5296,90908,23667,8963,320811,507701
6314,5593,161721,25222,7148,239443,464145
3926,5167,118292,22686,7426,198260,370609
5759,5685,188087,65055,7019,182540,505127
7611,5741,91603,25555,7000,182729,354369
6851,5630,119674,45297,7463,18159642,18367131
4018,5352,1582014,25981,7519,218864,1862470
5129,5815,126025,22407,7000,233121,434034
5833,4796,83601,22148,7797,185508,328627
4111,5185,172863,24648,8000,182543,414535
3852,5444,76642,22575,6981,221541,355424
8036,7149,86866,23074,7241,230687,398775
5388,4315,72554,35167,10037,171148,317016
4074,5074,93842,22759,6111,256156,425739
15018,4482,95006,28352,14388,193937,368850
3759,5222,121430,22722,7574,135106,313443
8130,6666,213576,34185,9204,167514,457294
4037,5537,96462,22741,6944,186259,342906
6722,5722,115016,29814,7649,378444,560978
5129,5426,119846,23241,7833,191671,369053
5314,5185,301844,23648,7074,378856,757551
9297,7666,256990,25463,7092,258378,583349
4926,4796,101154,22334,7185,181992,392128
9796,7593,115578,24370,7000,145995,327776
6185,5389,129168,22000,7241,228218,415016
4463,5797,375387,21852,6093,161442,596793
4814,4871,100052,29426,7352,324389,491775
4185,5315,122476,26537,7000,314021,522737
5722,5463,519121,64630,6833,159078,798903
9648,7907,289953,27037,7426,370099,728866
3945,5500,1068987,24833,6852,255097,1405511
9407,7593,112837,34797,9722,283808,495349
5611,5648,117594,25592,7408,146108,327238
4074,5778,171110,61759,6519,182961,447664
5537,5629,323220,27259,7018,1461530,1895989
9204,7518,97662,26444,7296,179837,354331
4204,5370,557937,32611,9852,295224,947402
9167,7574,138916,25629,7408,217489,424757
5814,5260,303969,34611,8722,143139,540923
8814,7519,97263,26333,7760,302419,476849
4814,5222,116558,36796,7759,202404,395201
4167,5852,114888,24167,7037,135406,307369
6296,5926,246201,33648,8593,189500,506478
3963,5277,83736,64574,6907,191670,381905
7463,6537,125548,52130,6222,263449,482812
4426,5241,119175,61556,6833,154397,367776
5852,5944,153396,25648,7778,194491,409609
4685,5370,260041,33963,8871,168048,495349
5018,5482,102094,26871,7296,177163,348942
5074,5314,120000,66056,6666,341257,561385
4426,5111,146535,26833,7963,141038,350276
4759,5852,435735,23574,7334,252111,750440
6963,5926,122048,24426,7333,233116,443701
10518,6241,117454,38759,6592,350840,547478
4463,5537,351840,35425,9593,336989,771792
4518,6148,188227,24352,6926,143549,389424
4555,5352,111225,30963,8926,243051,427812
3907,5667,114148,42833,6630,292756,508886
6185,5982,119534,25556,6926,177945,357257
4389,5333,175884,27019,7833,250632,539849
6296,5481,260363,23167,7574,189578,509737
7537,6629,108176,44685,6593,263988,459220
5000,5055,120841,24222,7222,195010,372683
5851,6000,142264,26185,7408,290344,496034
8425,6760,308594,31741,9056,171180,551700
8592,6870,88130,32407,8908,194387,357257
4777,5334,117590,23852,6518,163223,339072
4778,6055,115255,30741,8963,162984,343239
4463,5500,250049,25444,8093,163874,495886
8148,6593,93880,26703,7871,185766,347943
4981,5778,114841,22703,7093,164102,355368
6407,5704,111116,31926,9130,172622,355443
9222,6833,162780,63593,6778,196569,462590
4296,5592,87871,26185,7648,300349,449460
4222,5760,97312,51797,6074,411406,596849
8110,6630,113385,24240,7297,319872,496978
6629,5907,133420,32259,9444,281152,511126
6147,5612,278231,61241,6704,167802,547663
4482,5277,96156,29055,7223,1202021,1373474
5574,5685,278042,24185,7130,192233,533700
4500,5407,117818,23574,6815,269254,446683
4333,5351,278316,67592,6982,387032,764606
5704,5315,101665,26444,7611,181167,347869
5574,5019,118866,23222,9297,320168,530034
5760,5388,113901,23815,7278,144431,319499
7888,6408,146306,23629,7649,214876,421775
5463,5407,93100,24982,7111,314360,469868
9277,6945,97431,23037,6555,183975,348887
4648,5685,116707,24240,6871,1265137,1460010
7963,6666,140464,21667,6629,230868,430442
4574,5315,714479,24722,5834,251811,1044049
6056,5852,96922,24592,7389,237446,397183
4129,5296,113531,23593,6018,414096,584663
9537,7296,115214,25111,7389,159488,338554
4129,5463,309471,34314,9519,369507,759329
6240,5611,95635,23223,7870,185437,342350
7500,5963,128633,23037,7111,158717,366795
5870,5352,118500,33389,9334,170941,361979
8833,6982,147350,23278,7148,136537,379035
5814,5778,251904,63648,6833,167186,519422
7815,6519,105512,44074,6333,286559,485849
5777,5111,470640,33222,9074,172116,714977
9593,7333,114304,25204,6944,169713,347535
5630,5315,240246,30870,8648,217677,526960
9759,7186,131707,63185,6703,185680,421609
6185,5518,127575,59315,8148,258311,483682
9018,7426,115462,65166,6963,164759,421405
6999,5834,225663,27463,7907,137872,426664
5426,5537,84364,23315,7111,267856,412960
8963,7444,113547,52463,6186,349005,552200
5074,5574,115304,32870,9815,198953,387738
8611,6759,154636,61685,6667,160417,413405
5334,5259,296466,26296,7334,177808,535108
4833,5370,1032890,24462,6908,238084,1348084
6704,5796,109758,34204,8148,181332,361183
5315,5555,132256,25481,7019,176538,367757
4574,5389,341142,45352,8241,278446,761533
5685,5555,97418,26315,7463,322450,482423
4426,5537,125268,24185,7296,202490,386498
4981,5444,118673,23556,7037,181973,389905
6500,5592,490522,22796,7019,380473,946902
5611,5277,104520,32704,9278,307570,508682
5648,5555,115518,46055,7130,293184,503830
6111,5426,121145,28426,7426,212908,397794
4611,5500,168290,23389,7408,142225,367461
4148,5352,211436,23759,8037,384449,689218
5908,5574,96064,50666,6167,374748,567108
5333,5000,118191,23537,7241,144233,318554
5851,5926,522597,24925,7278,290547,872698
4370,5518,320020,37130,9500,209014,628607
6926,6037,102684,47408,6129,209295,396646
4222,5667,113534,31111,8333,160631,341609
5444,5852,111365,34389,9796,203633,421461
7222,5574,338529,53463,6704,252189,732199
5315,5556,75712,24000,7907,317545,465498
6334,5444,115636,54111,6463,381694,584867
4778,5129,115967,23407,7149,183197,376053
5574,5426,142057,24926,7556,288329,516127
5296,5389,249036,33445,8963,168183,485238
4222,5407,101071,44870,6908,387944,565052
4870,5463,114458,27018,8315,296651,488293
5963,5555,137937,31760,8777,171413,375905
5370,5278,781582,25796,7130,254559,1097086
4296,5796,101858,26760,7333,225806,408238
5926,5296,120152,28760,8240,291457,504553
5074,5389,114464,23186,7018,219496,389942
4185,5611,185537,22592,7241,145609,419738
5759,5389,206904,41982,7370,300963,637626
5222,5667,122161,51704,6445,367724,573682
4722,4962,113938,32055,8852,172839,373979
5741,5314,146343,25314,7278,187693,393146
4093,5222,333525,79352,6389,247434,724496
5648,5352,99134,31963,8963,181067,367238
5685,5333,118187,24334,21259,193811,385720
5333,5519,117666,31797,8352,163683,381239
5611,5129,315479,52593,5500,291869,721088
5019,5351,86070,70444,7111,227484,431516
5500,5018,134104,57889,7426,322337,547886
4296,5444,113120,64889,6759,165360,376923
10037,7777,1573469,29130,8722,195632,1860896
5518,5333,94116,28352,7222,179901,338331
5870,5518,119577,25426,6277,305181,486719
9704,7592,118278,64593,5000,212590,472924
6426,5500,160609,24148,7130,205462,427664
9426,7240,250866,32019,8944,227483,554478
8426,7425,99197,40945,5018,304764,484404
5685,5333,125121,29685,6389,191229,397961
6092,5556,138451,23296,7334,266175,489460
6037,5777,317561,64111,6833,281491,709107
5666,5482,97928,25537,7092,237033,396460
5333,5592,113445,24722,6759,176369,367757
5722,5056,110349,31741,9352,170704,347979
5259,5870,183292,25685,7389,150465,425942
5815,5203,96753,25537,7370,183635,343035
4907,5759,112714,22907,6167,169544,357701
5722,5334,116970,24352,7296,181139,356183
5240,5111,170802,22777,7260,257159,486997
12333,5722,323781,22166,7389,138180,525053
5351,5426,96315,50945,5944,381941,560033
4833,5148,116572,35167,8926,170981,357146
5704,5426,132866,62278,6851,161206,424924
6389,5444,959937,27519,7481,224519,1251011
8629,7463,91324,24815,7241,228599,384942
5055,5556,113452,26629,5945,220842,396016
9537,7148,112597,31611,9130,172104,361886
4963,5370,280262,25592,6334,199642,596089
9166,7518,98908,23537,7537,252035,428960
5315,5815,116850,44926,6740,273777,526164
6074,6129,114441,26833,7463,139428,318239
8426,6796,168697,22519,7259,263078,496330
5037,5389,305528,24222,7241,172894,535978
5500,5722,96045,51704,6407,387656,605330
7796,6611,485469,24592,7222,182510,733200
9240,7037,348448,24574,7389,185327,599756
5760,5629,278371,24019,6889,179940,517479
8741,6981,98258,33259,10352,208370,402405
6444,6093,117959,66407,6519,232353,479293
5278,5703,116105,62797,7166,161819,375998
10166,7037,318269,40223,6944,285356,697088
5981,5389,80286,23389,7055,260175,400720
4999,5611,570117,39796,6537,251860,897550
8630,7148,112485,26240,7704,215865,393053
5110,5149,152538,23833,7111,291422,514608
6203,6130,258073,25296,7222,235017,554386
4963,5185,96774,36685,9389,175446,347442
8611,6556,110198,24185,6574,199448,373850
5760,5518,124307,24592,7389,214117,400017
7889,7092,307101,49537,8667,170136,568145
4352,5444,95821,59093,8222,286417,479534
8111,7148,110689,52796,6815,347160,559145
6556,5796,302724,24759,7000,184755,549627
6352,5685,208647,28037,7519,232368,509090
8574,7074,82571,33352,9074,174871,333683
5184,5537,121847,45018,6649,355372,554607
5685,5722,118307,26870,7500,149506,328127
4370,5259,165083,24611,7389,225803,447701
4944,5074,244117,24093,7463,225453,528737
4055,5296,99949,42778,6259,162587,339924
9463,7093,112150,65870,6889,162514,381202
5481,5518,125407,26297,7277,186943,407720
7000,6018,352275,22167,6759,344906,758199
4593,5407,93680,33426,9723,336372,501775
9203,6926,122160,47111,6166,362171,603033
7296,5796,120750,62203,6630,159137,378701
4926,5388,239100,23407,7759,143602,440201
4704,5426,91837,28445,7852,180382,336554
4555,5778,117632,33407,9018,351532,539367
4537,5222,114648,26574,7222,177517,351090
4610,5297,166831,25944,7370,296870,559755
7000,6240,69347,23371,7370,190429,377275
9574,7778,93345,22407,6055,187857,351924
5962,5463,109732,24240,7982,201970,372664
4222,5500,137322,22519,7092,176325,392739
8777,7482,290986,21944,6852,166715,519571
4259,5574,98706,25667,7315,190106,353868
5481,5222,139778,40037,6593,358607,571089
4185,5519,119146,34092,9519,179111,369646
3852,5222,180588,62796,6982,162909,462775
9352,7407,68901,25815,7000,279097,424664
3963,5296,122547,49722,6000,266618,532868
6056,5629,115637,25722,7760,307916,488868
8648,6945,153838,32648,10148,168956,430424
6593,5852,246058,24537,7148,298494,604312
4185,5371,94463,51389,6222,379515,590663
6333,5704,638090,31704,8722,223867,935439
9351,7056,121496,24759,6815,189780,374497
4000,5777,264198,23926,7518,181263,540978
6185,5815,83899,25630,6981,330506,476072
3870,4963,120100,84370,7463,325286,597089
6333,5648,117506,63166,6815,169418,384312
4111,5759,243170,28592,7278,324660,665607
6074,5482,101000,27556,7407,312256,477183
3870,5240,117092,23166,7334,162555,337368
3852,5370,116089,63222,5297,188186,435109
6426,5833,148235,26944,7556,242799,453627
4074,5370,248714,33981,9130,186505,504997
9185,7352,105156,40518,6741,174064,395498
6055,5833,118173,27092,6093,214047,394979
4166,5278,138374,25241,7685,186383,418534
6185,5944,128335,25389,7352,224681,417312
8962,7315,81777,24926,7426,211462,359831
3907,5519,113385,54445,7055,329945,531849
8259,6537,524753,25259,7074,207798,795273
4185,5870,241770,25277,7537,179024,513089
6518,6000,114324,24481,7259,308452,484608
4722,5112,119265,49944,6037,291473,527034
6222,5667,112744,32741,9722,172402,355350
4444,5333,160928,62500,6870,168107,423127
4166,5333,65518,26074,7408,182054,308424
4148,5315,90997,23463,6167,186612,369239
6370,5741,111587,33889,8611,159948,343831
9185,7185,119845,60944,6519,223505,438424
5500,5426,740416,32129,7352,169634,977939
4833,4889,90265,26760,6759,287324,450460
6463,5944,114301,24926,7296,160753,337887
5389,5166,115391,31833,9297,170940,352331
5056,5037,260758,63056,6667,314626,671552
8889,6981,94831,27407,6871,255389,418831
4666,5371,117013,34852,9648,767500,992457
6593,5888,120067,25574,7037,169024,349165
3833,5537,166342,23593,7555,144656,368738
10426,6852,369118,23851,6815,348823,817366
6555,5630,97504,51315,5963,351715,535200
6573,5723,122335,23648,7778,317828,499756
4333,5241,567333,24685,6926,136477,759718
4074,5204,308016,23814,5723,397146,759088
5407,5945,97310,24074,7370,245336,403220
3981,4981,114067,23630,7463,365504,534200
4573,5334,116602,33500,9611,199803,406608
6574,5981,312618,45334,6648,174582,569367
5000,5500,497986,32740,9075,184398,752810
4611,5388,117762,27278,7333,355958,568126
6574,6055,120148,24926,7871,144516,324572
3852,4796,540128,52240,6241,172868,794218
5352,6093,251606,24389,7056,265390,589460
6555,6074,94216,27648,7092,189135,348924
4425,5352,119788,23314,6908,275969,488349
6259,5574,1763229,33092,10056,180037,2016618
4444,5222,297042,24907,7149,273361,654199
5518,6278,83725,32574,8870,193940,383664
6648,5574,121482,54778,7092,340793,551552
4740,5315,115721,30092,9093,194370,374775
4315,5685,187736,63037,7000,160595,477830
6481,5778,81975,28945,7333,225467,373572
4444,5426,117455,47611,6611,380394,577923
9222,7351,119823,36426,10148,163083,361627
4093,5759,148876,26296,7037,216455,460109
7574,5352,1177558,34074,9908,251636,1515510
8500,7203,95446,27055,7371,290200,476275
6166,5315,118184,40963,7426,266202,478312
6314,5408,119478,23926,7259,144539,324998
8129,7093,996660,24426,7167,236443,1295103
4815,5259,117733,31611,8981,260358,447794
8685,7222,108378,26667,8907,409896,619144
6240,5704,111246,23130,7630,211659,384794
9888,6982,322077,51796,6019,359714,772384
5241,5314,113076,22722,7129,228349,400016
4055,5297,115925,22444,6463,162777,335406
9407,7445,116885,25093,7259,184131,365609
5889,5648,157698,22759,7685,247744,466757
8963,7148,252733,33852,9425,169617,496053
4870,5222,99916,62907,6852,201489,435664
6555,5723,112302,33944,8852,142678,325257
5018,5241,113837,26000,7241,160605,332202
5204,5370,338261,30963,8703,335958,762644
6111,5537,266888,30296,8352,389941,726237
4185,5167,117238,90537,5870,230982,519849
5129,5667,1119105,30926,8630,317126,1540472
6259,5611,166678,25907,8297,179320,407387
4111,5426,68157,32315,9000,296655,468608
47778,4796,113247,39352,6759,200436,431294
6056,6222,114597,28796,7000,179086,378424
5852,5685,141243,63611,6592,169292,410090
8389,6815,235499,32889,11074,186091,529571
5889,5555,100868,27130,7185,208797,377702
8944,7111,108199,25130,6500,171429,345961
6241,5685,111252,25204,7259,155098,329276
8481,6982,224620,31074,9074,162785,458479
4777,5426,98507,64648,8019,198546,415294
6611,5592,113245,50611,8371,382881,583811
8500,6518,124521,26055,8167,178329,401090
5537,5278,183148,28296,7778,174590,421738
9296,8333,69239,24018,6963,328778,497812
5759,5185,110384,45945,6722,280817,499997
8796,6834,113826,37389,8278,165727,356202
6092,5648,143287,61223,6574,162618,402331
9093,6481,338100,52185,6352,383951,811940
5648,4907,96653,31055,8686,228770,394405
5056,5648,115595,26537,6259,171885,366220
6482,5648,114111,26056,7648,214701,389535
4574,4925,259924,23037,7278,146148,461071
4555,5260,102903,23537,7500,274835,456312
5797,5129,224605,62629,6685,192912,516775
4593,4981,117158,22870,7130,170822,342295
4814,5500,183730,25666,7352,172805,448256
6073,5463,106839,22870,7482,268325,437608
4870,5315,117410,23445,6426,164680,356942
5481,5093,115223,24425,6889,142369,314665
4685,5444,158258,24074,6796,238388,473312
5685,6111,299811,22759,8037,531110,893773
4315,4685,95901,43167,5889,229726,401553
3889,5000,115454,34796,9648,142415,359887
5407,5370,122360,25574,7352,288656,471349
4870,5926,246783,32592,8797,172714,487515
4518,5111,93596,62592,6630,266235,490645
13741,4426,95075,32870,7722,162757,335720
4592,5575,110350,26037,7389,154037,322257
4277,4797,320033,31833,8537,345685,781606
8888,7648,263605,25037,6963,200485,529719
4481,4907,104640,27889,7389,167655,389442
8833,7074,1396711,31815,8982,267834,1745175
3999,4574,155617,23741,6481,192326,402053
5407,5296,314615,26425,7371,272085,686958
8852,7352,86538,29074,7204,185293,348017
4926,5425,107333,25055,7352,198073,420164
9185,7148,125607,23612,7037,223982,414719
4037,4722,287124,32093,16685,219410,586663
4999,5463,92918,66445,6833,182765,429645
23592,5574,88157,44796,6667,289174,474812
4018,4722,1324895,24203,7186,139633,1563657
15630,9962,259078,46982,8240,331326,689903
7889,6778,1480315,25093,6833,144878,1724212
7130,6278,98369,22593,7555,177073,338610
9241,6907,108164,21666,6815,194390,362961
9055,6871,136605,27593,7722,230448,436683
9925,7334,267011,22259,7203,213690,544089
4926,5333,535860,24297,7481,187691,783644
5574,5370,112506,24241,7111,276732,450775
8926,6852,123374,61556,7167,183364,410294
5481,6352,308816,25056,7648,307309,679996
5056,5018,77537,25926,7463,326960,492775
5240,5185,114998,25592,8000,369148,545293
4148,4944,111273,25741,7407,146355,339720
9000,6944,713548,24037,6889,424797,1210808
5352,5296,92305,22574,7149,190952,392924
8907,7352,101692,51889,5740,286213,478423
4388,4704,110560,35463,11555,170031,374831
8703,7148,139058,62093,6777,187144,428553
4926,5111,385296,26926,7000,364162,813291
8463,7074,98313,38481,6593,180537,358350
6777,5463,122051,28482,6185,187706,374961
4815,4814,131142,25685,7315,146171,370165
7166,5797,225416,23037,7297,147858,432368
5296,5019,100266,23167,7000,289286,462071
6111,5555,116598,89907,5852,305955,580404
5352,5278,119798,61000,7056,178069,392720
4500,4833,184463,25222,6908,192016,435775
10740,6889,255572,34074,9167,188055,552848
5852,5278,119088,25556,7666,367113,549516
8296,6741,114419,26260,7092,182838,361128
4629,4833,154084,26111,7463,144192,391053
6000,6222,303415,26018,7130,274711,638848
3944,4704,88468,31407,10315,177271,333776
3944,4686,108539,26519,21018,186551,370091
8834,6685,120778,63944,6889,171127,393146
4185,4648,1791330,26982,7574,227768,2100913
5759,5519,93107,24352,7241,321297,501775
8760,6870,110086,24445,7259,191152,384535
5648,5018,522436,33815,9351,169338,762588
8610,6834,184045,24000,7055,148453,393775
4685,4834,541542,25963,7296,308471,920736
5907,5389,116170,33870,8778,344512,533237
8666,6371,446871,26444,7371,234847,746255
4444,5000,165073,25518,7537,147648,372257
8388,6426,247145,32444,9574,173353,527311
5815,5500,146438,26111,7185,243245,452423
4129,4741,111158,23797,10759,171766,360535
5592,5204,135749,25870,7204,206693,401701
4389,4611,313653,35778,9908,179935,565811
3630,4444,94670,22945,7981,232198,400961
5981,5259,110242,51500,8759,267126,490830
8870,6870,111351,22148,7296,142333,313646
3925,4389,174034,32352,8481,172409,410257
5519,5185,68494,22556,7537,241003,367757
3889,4352,104251,44093,7074,337708,518849
9333,6759,110231,28500,7500,143601,320146
5167,4889,142395,23259,7241,165529,363276
4407,4648,305226,24778,8000,143975,508719
8389,6833,97187,35555,5630,185867,375479
46999,4648,115870,23704,5907,414090,629311
8371,6944,112330,32871,9240,210927,432776
5592,5297,334439,46277,6908,339667,755495
8315,6759,94307,26019,7315,214968,393072
5666,5278,492731,33129,9186,188765,754310
8574,6926,115358,28166,7612,172399,375257
5740,5371,181763,61722,6648,163438,440534
6277,5796,77762,26037,7240,187460,329498
8963,7259,104056,51148,6185,347645,574590
5889,5389,109312,23333,7241,183501,353646
8629,6463,88014,23815,6889,227762,396887
7259,5463,285048,24130,6870,201449,546219
5222,5888,94732,24166,7185,312156,468404
8573,6667,1158728,32963,9593,192856,1445787
5611,5370,125690,25963,7389,237604,445405
5148,4852,225891,30000,8778,811547,1103253
9129,7278,85333,61963,6648,203702,411257
13536,4186,91182,26167,7019,375758,534885
5852,5592,114014,25241,7204,198558,374813
8648,6981,137030,33686,9648,504651,719551
4351,4556,65268,24797,7555,215211,355090
6370,5740,116933,49463,6074,376398,577959
9222,7074,115412,24093,7203,286382,465016
6407,5685,153965,25056,7056,154402,371053
8852,7018,248241,33111,9778,226997,549682
4963,5148,94832,43889,6092,163148,336073
4277,4871,113125,30593,9296,148428,328479
9573,7648,113790,25556,7018,228060,430330
6518,5648,240676,30834,9277,177081,488219
8630,6870,89971,66759,7055,197194,393424
5000,5055,118227,33574,9038,394250,581904
8222,6963,112336,26111,7278,143051,353702
6333,5500,175852,25686,7574,267533,536552
8796,7204,59535,24723,6944,312629,448868
5796,5463,116422,23111,8148,383705,559645
8611,6852,109160,24463,6834,192967,364943
5315,5592,156807,23870,6815,148951,365609
9462,6723,231692,31871,9055,173453,510867
6277,5574,94135,39241,6537,166086,336757
4999,5538,113243,27223,5963,205105,381238
8759,7167,114019,31463,9111,212108,421053
6185,5334,261646,24056,7055,138388,459183
8389,6833,817774,25259,7408,226090,1110031
5759,5222,159790,65278,5796,330299,587330
5241,5222,410196,64296,6685,242430,751829
4370,5185,179323,25574,6982,287174,561811
6185,5556,93283,24963,7167,281473,437053
4555,5445,102225,50371,5852,392030,609996
6019,5203,109928,33537,11944,169719,350924
4185,5500,158610,63167,6963,171073,425350
4184,5371,242459,27278,7296,206686,542089
6092,5315,88846,32741,7870,180467,339553
5315,5426,114473,26815,6518,164136,340757
4278,5444,134360,33500,9778,170971,407424
6166,5481,230821,61797,6574,165250,492978
4629,4944,110523,25741,7055,231142,401590
4018,5370,250613,31926,8741,178569,514330
5741,5315,116369,25945,7481,210628,388165
4445,5018,180127,26611,7389,145593,417090
5907,5315,76569,31537,9388,180578,327664
4351,5241,109826,53870,6185,397356,591978
4240,5556,111379,31019,9925,173342,384905
5703,5408,159784,64555,6797,171232,433201
9574,7352,252152,26093,7074,143012,459831
6055,5481,94280,23889,6630,192126,347461
8018,6796,108611,25296,7556,145628,350868
5981,5519,112423,21963,6796,156594,325276
7889,7019,268661,24167,7407,303798,671459
5963,5185,89882,26111,7203,293413,447905
8278,6981,116528,33593,8851,301433,528664
5482,5111,112007,24703,6778,237806,409480
8351,6778,185301,32703,8908,172826,430275
5889,5426,260465,62351,6649,163143,521127
7778,6648,95648,31945,8740,172832,342869
8629,7037,113405,26037,7296,170075,347683
6296,5926,150625,32185,9093,182299,400405
4815,5648,335937,131037,5685,313132,814162
8796,7166,100176,31871,7055,183711,356757
5351,5519,112359,25796,16445,886227,1071438
8684,6815,116116,31296,9556,283770,500515
5722,6092,235910,24167,7796,137551,432016
4037,5296,90186,26611,7315,193720,345202
5204,5611,115350,57999,8408,356758,564182
4203,5778,109236,25111,7371,211632,381590
8833,7074,160030,24926,7556,145116,367998
4333,5630,61176,64611,6908,184507,362535
6778,5648,120248,51519,6296,335712,543090
9482,7574,115894,23074,10018,144790,325554
5944,5722,146966,31556,9426,174235,392109
9518,6870,230372,24148,7259,201719,495312
4963,5445,91887,30519,9407,177389,338832
9166,7130,185848,28000,7500,174409,448608
6259,5537,131161,24185,7259,209338,400609
4481,4611,1174417,25296,7445,297944,1543805
14018,4296,85916,23240,7037,207509,360183
4296,4648,110580,50833,5926,397306,590163
8926,7333,116911,31518,9463,177569,387164
6259,5278,176131,24481,7352,181978,451035
5334,5129,71795,23426,6686,228888,360072
6907,5963,100497,31277,8852,173946,362072
5777,5074,109810,24333,7018,184763,352998
4074,5259,138567,30000,8759,175635,411109
7037,5352,240471,32111,9722,239378,549515
4482,5296,98154,40352,6945,187047,377017
48555,4241,116022,31815,9000,353826,590682
5666,5093,114631,25444,7612,230755,425405
5333,5148,347184,31426,8945,300774,717607
4870,5000,89498,25370,7648,234001,402905
5777,5148,133403,47222,6592,332410,546126
4222,4537,110400,33537,8908,175098,351498
4222,4556,180064,24148,7167,297118,569330
6000,6277,247692,25611,6963,181287,488756
4130,4555,113449,32685,9611,388937,568423
4610,5463,114540,26481,7370,144404,352220
6203,5315,144463,32111,8629,230942,443145
4685,5019,217331,63611,6722,200203,550053
5741,5333,141458,27574,7463,198466,403924
4852,5241,116567,46241,8444,288652,498460
5907,5278,664972,26278,7407,186541,914457
4592,4908,277377,33722,8130,172249,518237
9722,7648,477690,63426,6796,272269,854458
5074,4907,123207,41833,7241,292402,527386
6463,5537,112260,25111,7296,146424,317980
4499,4834,177683,31370,8556,231555,569700
11203,6852,408940,25963,7186,258500,735644
4389,4574,132808,26000,7352,201838,412961
6092,5389,606177,22370,7611,258152,926698
9148,6870,731452,62500,6667,262505,1096456
5611,5240,339839,70852,6778,368434,818773
8982,7259,106318,31463,9092,278587,462479
4741,5555,114316,61204,6555,289830,534978
8037,6611,118721,29000,7278,184407,372091
8074,6389,307070,51630,6056,394406,788422
4703,5630,92494,29093,7370,197874,372035
6537,5648,119307,47463,7167,397208,597775
4407,5333,568897,28648,7963,221006,871643
5740,5593,163802,32667,8814,171289,404331
3981,5500,67134,24370,7852,216161,351109
5463,4926,96927,46278,6741,421124,597330
5278,5074,114888,26574,7444,175407,353331
5130,5222,131608,27333,8111,213168,406979
4278,5129,331698,35148,4741,332020,729773
4037,4574,91362,31519,8870,178506,342924
5630,5555,115305,22315,6092,168657,345461
4370,4611,107747,34093,9666,173659,358220
4629,5297,213670,26871,7481,178457,453516
4426,5222,790446,35537,9204,190622,1060364
4852,5481,115370,22704,7630,388312,559608
4111,5167,115645,31000,8741,163927,343683
4315,4815,175439,23000,7685,242984,499312
9407,7370,62474,39815,7056,204579,354257
4333,4759,108176,51333,6556,398358,610626
9500,6926,112488,34667,8037,175380,363832
4536,5075,145486,26388,7223,190400,396016
4056,5666,242632,25296,7278,147347,489886
8981,7389,89000,22482,6370,290609,455942
5370,5352,117017,65481,6537,355610,572145
4241,4592,116403,34167,8926,169761,354350
4593,5333,310049,49833,6389,311077,702607
4240,4797,84935,32389,8556,332117,484127
4036,5537,113082,27574,7555,353749,549422
9000,7426,116264,63278,4944,828767,1056160
3963,5371,181187,25908,6963,244809,485349
4926,4741,257778,31648,8630,166441,491905
8037,6926,790405,26537,8074,143552,1001198
5314,4963,113330,34648,8592,202576,405923
7926,6259,143697,22963,6371,224855,428331
4870,4797,220658,63833,6833,224598,536793
5092,4815,97749,24166,7334,220490,377905
4426,4870,111283,64778,6463,279233,485868
4815,4870,589577,28500,6648,292011,974939
6907,5982,375834,24000,7555,264255,701885
4982,4888,88851,25333,7148,306184,454683
4315,4778,113200,56204,5870,260260,512164
4796,4945,111050,61462,6575,166688,370868
3945,4814,156066,23222,6500,272691,508257
5630,5314,56638,34445,9426,203916,332072
3889,4593,112413,54667,6351,299658,496571
3908,4722,109078,31962,9982,164254,337776
5222,5703,144020,24667,7167,191126,428386
6778,5981,364944,51111,6278,371829,822403
4759,5130,92904,54370,9038,265204,503405
4851,4760,113513,26667,5981,181929,392035
6296,5555,119030,25463,7185,174580,352905
4703,5334,202545,23037,6908,184174,441145
4315,4833,97673,24481,6982,307713,514460
5037,5185,846207,23426,6778,188453,1094901
9814,7833,112669,24278,7203,148608,324405
5204,5629,165222,24871,6999,191350,417238
9889,6759,62349,24074,7297,190760,321183
5000,4926,113069,52852,5926,401575,600571
8759,7241,112511,36315,9111,161783,386424
9814,7223,574509,81425,7649,544187,1248048
9130,6944,1233988,27741,7129,320188,1622935
4111,4778,90134,66074,7019,188641,395091
15814,4963,495817,25945,6426,1076191,1645768
7740,6445,603129,53982,7370,530512,1229900
10296,7556,197164,26463,7963,265962,572237
6315,5963,439143,34334,9314,440592,955161
5685,5055,119938,43648,6167,377299,575163
9167,7129,112010,31352,9000,165322,349313
4963,4871,679858,26241,7778,323228,1066087
9592,7204,403709,30018,7722,270139,746292
5352,4999,103651,23149,6259,181625,342720
5222,5056,109426,65093,7222,185868,397146
9500,7463,607628,27666,16630,187756,876810
8371,6611,276922,32481,10185,164279,515701
5111,5351,102624,24574,6889,273578,435738
4778,5296,110603,31241,8518,142025,320480
8592,6852,125471,26703,7463,152490,377182
7278,5778,332542,23352,6167,372064,768496
7240,6704,816836,45907,6519,381767,1280844
4648,4889,129020,23740,6278,304608,503997
5592,5019,113017,33018,8926,207814,412460
9055,7000,169608,60463,6574,172371,443182
4685,5149,471105,29518,7741,183891,743403
9037,7278,100955,53629,6056,295524,505516
5092,4982,119045,24741,7296,287452,486034
9037,6796,136080,24426,7074,170566,371090
6074,5166,274875,23814,6556,215363,547719
4704,4814,486520,25352,7093,332697,897902
5592,5315,223684,23112,6981,605977,893328
4740,4908,119775,23963,7296,227464,428831
9425,6889,185273,22389,7092,254077,503663
5018,5111,86437,24796,6815,300709,450423
4630,5000,118101,26426,6537,329933,548941
9204,7852,111228,32445,9481,179214,367480
3907,4574,1184022,69445,7333,182469,1520306
23889,5611,64224,27741,7222,190515,345443
5074,5055,90648,48945,5889,362756,534904
4888,4963,110368,24130,7037,328499,517330
7963,6481,121218,25796,7518,183262,367516
4352,4759,566733,23686,6629,318817,962624
5129,5037,94399,40462,7019,168878,338498
4500,4629,116304,35222,9222,285139,485442
6944,5834,108097,23500,7074,141734,308961
4703,4463,228781,32481,8537,204958,499812
4407,4778,88019,24463,7296,207646,354535
3907,4741,122869,41259,6592,390147,584460
5074,5111,111625,28112,7648,234724,429701
6685,5926,160789,24723,6944,193375,413016
4722,4703,91899,32944,9167,274729,448238
5666,5297,97952,44592,6500,417008,593237
4444,4722,109080,35814,8093,148475,329628
5037,4926,133707,28000,7537,255550,451553
4629,5037,352556,31334,8555,351940,771199
5315,4944,95221,25796,7204,212518,373054
4815,5111,105867,26296,6555,166928,336072
4684,5019,115049,33223,9333,191634,373608
4722,4981,384733,24481,6963,200468,695551
9444,8297,91045,63055,6926,196416,399590
4907,5055,113488,24074,7259,276232,453478
5944,5648,112022,31371,8907,168236,350609
8166,6297,170797,26889,7741,293033,532923
8500,7278,957572,23019,7685,205105,1229085
7907,7111,865070,32500,9408,325274,1283344
7500,6777,114587,27037,7204,276929,456534
4815,4814,145696,32556,9796,223005,437127
4166,4630,316489,97111,8278,352895,801587
8833,6981,128507,25037,7407,294695,490071
3852,4407,109356,77611,8778,234826,492756
6240,5815,104539,22814,7260,146719,312368
4833,5240,277426,33370,8278,139627,484219
4018,4611,86349,26722,7260,190204,337590
3981,4648,115847,42944,8686,335983,531904
9241,8055,113104,25981,7408,185246,363794
4370,4778,172527,32408,9666,168748,410942
9370,7185,244599,32685,9315,193028,545904
7370,6018,102616,53500,6352,298419,491886
4482,4685,111206,35981,8648,174922,355146
4778,4888,144352,25037,6963,206294,412961
8907,6555,346813,32500,8851,355017,776680
4500,4741,92217,39241,5963,219132,409627
30684,5575,123178,31352,9092,351078,567904
4278,4722,118028,66963,7148,169062,387276
8166,6630,184785,28796,7074,178083,429479
4000,4463,119838,26852,6833,280400,484479
9370,7667,114261,31371,8963,384624,573089
4796,4833,114834,25851,7223,203294,376923
4296,4815,161164,28963,8871,177240,400275
5148,5000,771495,25463,7371,318646,1149623
4185,4685,749697,24240,7093,185742,990753
8185,6777,107899,24074,7259,149507,357294
7944,6778,506878,24074,7259,161377,730718
3722,4519,267023,33574,9037,175529,548404
6797,5518,826429,25481,7241,168769,1059068
5667,5333,115519,23519,6092,168201,376979
6185,5407,320629,26018,7537,207628,592774
8778,7037,240274,23018,7241,141316,443683
4834,4666,87216,24241,7537,300781,460535
6203,5593,114196,47296,6111,369394,565571
8777,6963,112638,63852,7092,287897,503589
5204,4852,172524,25759,7037,191992,456868
6148,5482,89948,32963,8907,292957,513590
9000,7166,92039,24222,7259,184775,341590
4130,4814,109684,63445,7111,171221,414572
6129,5259,150867,26686,7314,207464,420830
8833,6852,333420,26037,7074,314595,726514
5926,5500,91178,24629,7241,240876,394702
8185,6907,619194,23129,7537,189061,871421
6648,5574,114191,25130,7204,156899,364535
6333,5463,329763,22778,6370,173567,617329
9203,7296,93761,23926,7222,221293,387868
8203,6408,776462,23852,7203,234310,1097382
9444,7630,110905,24851,8408,196019,375202
4463,5111,172199,33074,9926,176428,422220
4037,5092,1073604,62314,6982,1134976,2359467
9055,7611,273361,25815,7111,191488,541904
6593,5388,113766,25167,7278,282083,458664
5945,5851,139153,33037,8796,232642,464998
9185,7222,311650,24834,23000,223087,623255
4981,4815,106241,32648,8963,308960,505590
5352,5037,110627,25241,6870,338129,549441
8741,7111,114236,26722,7463,173244,354739
4722,4871,245437,22796,7352,158227,462238
8222,7019,808990,22982,7500,166614,1039013
4315,4555,808081,26611,7371,231042,1137790
6296,5759,621561,22778,7222,189120,874254
8834,7388,172707,24574,7352,193235,465942
5907,5870,258630,22426,7259,250608,566589
4333,4963,111091,46648,6963,391295,580978
6666,5908,114681,25963,7518,144336,319757
5185,5278,149845,23611,7037,185523,391016
4518,4852,245473,23148,6963,186432,485960
5037,5519,89230,44240,5889,311212,490886
6574,5629,110061,64648,6704,351288,573089
5445,5129,118615,24629,7278,294698,471349
4499,4945,189797,22852,7611,296292,569533
5277,5445,121110,60944,6426,259073,476275
4111,4592,126497,36518,8556,377519,608330
5889,5592,113513,26778,7481,229707,404590
4222,4685,160714,33223,8907,210117,436553
5444,5537,748360,49019,6555,364597,1228604
6167,5500,92506,32037,8722,173863,353332
5259,5093,109337,25574,6740,177606,345609
4277,4667,128649,31500,8389,224015,438553
6166,5148,201073,26426,7667,237091,498997
3852,4685,92089,31148,7834,243890,441201
13999,4408,86994,64797,6500,354280,546274
4167,4592,110215,32945,8851,172913,348647
6240,6426,202398,26833,7371,232951,516960
5944,5797,68469,28704,7463,262343,398128
5018,4574,121523,48444,6685,297401,537404
6259,5371,113409,27704,7388,164071,339720
3925,4630,170888,23185,7186,149442,408923
5536,5223,63275,22537,6944,202094,324590
9740,7593,91106,51204,5944,397835,578311
6037,6037,606752,33222,9629,201466,882328
8222,6926,128787,26722,7223,156044,349276
5296,5371,231636,63778,6667,165101,494701
7741,6870,93005,62759,6167,219474,432775
46963,4741,115058,50314,5908,740566,980476
5352,5722,110907,25519,7463,184609,356776
8759,6704,258831,36204,9389,162444,497627
5259,5000,108866,61963,6667,232761,438368
4093,4722,118252,31723,9259,402855,620052
6037,5740,108529,26426,7333,183396,352331
5666,5370,171100,32574,8630,183768,458015
6148,6074,285135,29389,7092,182807,532275
4278,4630,90150,30871,7685,179292,351258
6148,5407,106427,26037,7259,183646,349720
3796,4592,147943,34519,9000,179221,429905
6185,5315,256921,25445,6963,148835,464016
5352,5278,108456,69982,7333,378781,590386
8000,7111,121510,35166,9260,365283,595645
5926,5130,112452,23889,7685,203046,408590
5370,5241,204524,31944,8241,336565,637793
9629,7167,100336,63500,6667,207235,411923
5259,5167,117797,51778,6463,287144,490368
9296,6630,117573,33352,10389,176480,370035
6815,5870,149534,61722,6500,174001,422664
8982,6463,252197,28241,7037,144670,462664
5963,5463,98621,30926,8889,171562,340627
8925,6982,118230,24778,6371,191211,391905
6592,5445,136950,32222,8648,176066,382146
8648,7240,222837,24908,7352,201808,489904
7333,6574,117094,31778,8426,258792,448720
5444,5759,111851,23871,6740,165611,338090
4722,5203,109886,25963,7760,148427,351405
6722,5500,250642,24186,7481,205169,515941
4130,4796,93474,66648,6630,291042,485423
9518,7297,466601,25148,6407,244987,797107
6444,5537,111155,23352,7185,217084,386850
7000,5741,156282,22907,7796,157513,375183
9037,7407,55595,63759,6556,187311,348461
4611,4611,94241,23889,6666,186239,339017
4592,4686,109756,25204,7926,187130,359387
9481,6704,121773,33833,9204,226243,422793
6426,5667,358844,52741,6667,294743,742848
3907,4612,127472,25463,7370,210692,415220
14611,4851,88693,64722,6222,360638,556274
9537,7463,114319,35538,9777,219586,412294
5741,5889,254446,28630,8241,143847,495219
6370,5463,66889,33204,8963,262609,401294
4926,4741,117072,26704,6500,298203,487998
5648,5389,110180,63556,6926,148891,359664
9629,7408,139234,33555,9074,173264,387590
6130,5685,243343,29000,7833,214247,556849
5796,5315,417785,32444,8278,194859,682237
5092,5667,112394,26574,7463,304196,492405
5833,5463,644318,48759,7389,277362,1029105
5166,5186,232037,34556,9481,173219,477201
8833,7093,72794,68241,6778,197092,398831
48277,4426,107533,32759,8723,388278,605681
5036,4908,112475,32463,8537,175393,356590
8667,7222,223454,26908,7389,145524,435405
8741,7074,273767,31685,8741,168508,513794
4944,5593,111820,43611,6630,288418,489608
8852,7037,113763,27555,6907,145310,358628
6537,5852,152705,63666,6889,202200,475849
5444,6556,250721,27129,6963,191128,504515
9834,7277,97904,34371,9555,166780,343665
5388,4852,108402,26778,7666,313689,509719
6296,6074,113159,32926,9129,178543,381275
6074,5666,229546,23148,7518,141879,428627
5574,5833,96154,61000,8037,210585,405220
4962,5315,106523,24944,7019,181827,347386
5148,5574,112761,33037,8778,223700,405998
8037,6518,181926,62259,7000,172257,486756
6759,5555,79423,28093,7926,284667,432793
8889,7000,102717,49408,6018,358076,560923
5703,5408,107548,61704,6426,169505,372461
6129,5815,150843,23370,7093,146896,355276
5222,5537,61340,31871,9166,180844,312795
9592,7167,90356,52889,6426,367752,561330
6259,5519,87039,31852,8555,209200,366461
5945,5685,144092,24204,7130,168776,404128
6185,5333,288128,35796,8648,145074,505293
5370,5778,90848,24611,7111,201502,354257
9500,7537,113548,81519,8704,255744,520867
5111,5222,107177,29685,8963,236729,422405
6389,5555,718952,52555,6500,279357,1114123
5407,5315,570838,33408,9018,189435,848366
5852,5463,115021,50778,6407,302883,502497
5555,5278,127297,62907,6926,172793,398923
5741,5426,157646,31574,8982,212332,472516
6241,5314,357219,47389,6500,302629,743644
4352,4814,239291,26333,7556,194595,496127
4092,4778,107473,23944,7093,150007,312164
5999,5945,131156,25944,7186,175582,399960
6334,5537,731542,48648,8852,276655,1122327
5333,5537,88948,65463,6871,303882,506701
5796,5278,111112,31241,6574,166441,343572
5222,5667,106888,31574,8722,280832,454645
4574,4926,225848,61945,6741,291814,638719
5167,5666,69310,29426,7703,253282,407294
5963,5463,106881,32352,8907,365190,540219
4315,4555,106898,25741,6981,311618,503127
6167,5814,140081,25666,8056,238417,462886
6074,5426,283041,27129,8111,205549,554182
5222,5352,100169,49926,5870,288459,472609
4407,4833,110222,24722,7556,283405,467052
6055,5592,576664,25241,7037,150258,786013
4000,4648,221606,31241,9222,204206,489386
5371,5407,93308,63426,7000,210060,419572
6222,5241,548713,86518,7278,287763,960291
4314,4704,108877,33408,10037,192046,368534
5630,5722,178931,25870,7907,192179,431572
4185,5167,79206,26092,7241,203588,359868
6259,5556,527426,32166,8778,208088,806625
4296,4908,115905,26296,7482,182204,355868
5222,5852,147792,26722,7389,293724,501997
4074,4537,249141,22834,7185,243540,546645
4962,5389,93010,71426,7315,219932,419608
4388,4704,105230,24500,6926,148824,344553
6592,5463,135228,33370,8926,175567,379998
5629,5371,805743,23093,6963,384249,1283974
5685,5333,87205,36148,9018,199738,360757
6185,6056,105850,114149,6463,300850,565701
5648,5240,112367,62315,7000,178464,393812
5704,5092,1447420,24222,6037,178626,1689509
4852,5537,831103,25741,7259,260539,1155531
5019,5111,113452,48797,7740,363582,559997
3982,4796,113228,32481,9389,215714,399961
5092,5389,153393,23185,7166,233494,443090
5278,6166,73558,32574,9111,283274,431053
4204,5055,84740,46593,6814,172722,392701
9982,7592,110331,24833,6111,176964,356980
4722,5260,127087,31778,8944,174855,401961
6666,5611,274548,26778,7944,158079,495978
4093,4759,93601,32797,9185,215970,395702
13796,4389,88858,65796,6778,267472,482293
9092,7408,109115,32760,8685,174623,356665
6388,5667,165483,27649,7407,173811,401090
4815,5259,254648,31074,8667,394570,717681
3630,4815,117090,25426,7592,318815,494868
3889,4685,112903,62444,9445,199687,412646
9370,7204,158512,26870,7500,146023,369942
5925,5593,65269,25555,7648,189767,317405
4203,5204,94229,23389,6148,182973,333461
4000,4926,109487,33018,8593,176826,391424
7037,6000,130651,62759,6834,178069,407757
4074,4574,269019,28408,7259,154534,517053
5722,5278,548442,24944,7389,314460,937939
5296,5185,112015,66018,6759,297242,507478
4259,4796,104920,24296,7278,270059,435294
9425,7537,230399,25500,7426,147136,476349
5667,5500,748748,22333,7074,338394,1158234
5333,5260,113727,22223,6351,176863,348794
9444,7259,105189,25574,7000,147810,317961
6481,5889,170279,22648,7056,301866,529830
5166,4741,245425,25426,7333,239609,543775
4018,5648,101478,23593,8241,174964,336609
9389,7167,103568,35296,8889,176596,377480
6388,5593,129992,23333,7556,141988,329998
4370,4945,221267,31445,8611,169526,454627
3944,5075,106117,40667,6648,171214,352609
9555,7389,109486,23815,6296,275938,449646
4518,4982,107483,62389,6648,173589,408738
6611,5796,173888,28630,7630,172257,443460
5315,5241,79849,22296,7167,265111,402535
6573,5945,107550,52167,5833,350891,554515
5889,5241,109493,31833,9074,225172,402220
5185,5593,145528,25703,7167,150452,388776
6037,6315,251692,30889,8352,216471,535293
5037,5685,89746,27259,7130,326770,491294
5648,5185,109040,26740,7315,292106,485516
5148,5629,118556,23296,7185,195869,404960
5722,5240,325609,49074,8500,283906,720403
5481,5722,100403,41019,7018,389798,564515
4740,5556,122993,87297,6092,348800,590200
5240,5185,114492,32888,9241,241599,446293
6000,5611,1533896,61241,6611,192612,1827416
8574,7130,104190,26223,7185,308770,503664
5482,5333,110095,25278,6352,426364,595423
8426,6944,112946,61388,7445,199015,413220
5314,5315,632221,24074,7648,322792,1015901
8444,6926,247718,32389,8556,887237,1206715
4981,5278,95623,22723,7277,337041,492867
8370,6592,113566,65222,6704,395172,611348
4408,5092,127564,23796,7426,185564,405054
6889,5500,359913,31778,7963,371878,811866
5648,5314,81856,23611,6944,247439,388942
6685,6297,106057,30389,6685,363718,538516
6352,6333,112258,22926,6982,205499,375053
7555,6019,229534,31092,8908,188926,487738
4463,5519,66105,27834,7370,231966,378924
6240,5537,116752,24611,7760,319282,528756
5537,5333,522398,24407,7908,150413,730848
4666,5167,165284,22908,7574,225806,468127
6259,5611,252745,61944,6963,422344,774551
5351,5296,99354,49815,6204,314125,524219
4815,5000,111111,36629,8741,175387,356887
4759,4815,129849,62278,6611,213130,436534
5277,5519,253606,27352,7018,154651,467719
4703,5574,98679,25833,6981,328838,488404
4203,4630,110083,30259,5593,171970,362034
6184,5778,107304,32277,8686,232379,408497
4370,4667,715578,29093,7481,430211,1208715
9259,7666,535688,32537,8870,191586,820550
5740,5463,110297,53166,6334,254700,452404
10148,7482,110368,24371,7574,301221,503016
6000,5870,142274,27500,7389,183872,390868
9888,8389,235124,33351,8963,209763,523756
9093,7370,91955,47037,6166,397283,573867
5389,5685,105563,33833,8056,150083,357998
6240,5630,668616,25963,7185,236230,967179
5462,5389,219522,26537,7704,165346,447108
8518,7333,96409,29166,7149,301218,479719
6000,5481,110647,23889,7111,168185,340850
9055,7093,531885,65611,6722,206351,876013
4852,5204,179216,33704,9074,211207,460646
8352,6611,79159,28296,8092,194007,342980
5759,5667,114953,46944,6204,349489,556775
6296,5648,110617,32482,8833,180399,359868
5315,5870,151930,63055,6871,171438,419627
4222,5203,248335,27148,7112,248273,555904
5241,5574,92351,31648,8796,173832,352387
6092,5370,111479,26018,6186,177778,350164
4852,5222,131939,31741,8352,217225,437553
6018,5056,303974,65222,6833,168671,572904
4870,5148,86731,26445,7592,232656,381886
4907,5426,109747,30630,8740,312473,514922
4945,5462,108801,27019,7611,147179,349443
6018,5074,271984,31926,8556,141976,480627
5166,6796,59519,25352,7370,244924,384609
5704,5130,113553,26074,6704,383239,568016
5185,5055,113940,63815,5296,191336,402794
5352,5777,154086,23759,7241,151042,361405
5185,5592,60584,33203,8797,180618,328498
5777,5370,84749,22981,7000,192065,336275
4797,5722,111431,63333,6741,368214,609071
5722,5037,126188,24167,7870,259606,476460
5518,6092,294205,33277,8945,175459,538089
4148,5444,93517,24463,7407,336481,523404
13499,4167,90385,46407,8908,154002,366016
5407,5111,107328,32074,9129,213819,388461
5777,5686,390824,25463,7037,479244,934198
9574,7482,334693,33277,8149,315858,740348
5611,5296,513006,28962,7815,473748,1059123
9315,8111,115152,27203,7186,535751,722441
9778,7740,159890,27593,7370,256219,577756
6444,5907,59795,22815,7167,193777,329627
5962,5278,1406144,24630,7037,353642,1833322
5167,5148,234643,22574,8370,255854,550756
9907,7889,129918,28537,7296,218154,417683
8333,6611,816286,25111,7056,346392,1239419
5888,5204,92525,48352,7722,169769,363812
45185,4204,111596,49797,6092,277771,545201
7203,6260,116390,38037,9111,169126,395257
6130,5555,172796,72074,7519,209997,494442
9481,7555,97590,26000,7278,232982,398497
4610,5500,111162,27389,7556,302039,503534
8389,7055,108290,24462,7019,223875,394627
7814,7093,160713,28148,8555,221285,449127
5741,5518,238952,34018,9648,1739148,2058192
6611,5926,92245,24037,6482,191030,344591
5240,5574,108188,34000,8685,146644,358961
6888,5463,1378611,26796,6908,202491,1646768
4241,5204,262775,24408,7259,207721,527368
5370,5556,99255,22407,6926,331076,500571
14222,4408,112382,68556,8203,343726,566701
5037,5537,110195,27500,7537,255487,427127
4426,5259,180304,33148,9556,241323,511627
5833,5611,82913,26648,7260,189289,337128
9814,7500,443670,31833,8667,181215,698218
5481,5444,110594,67629,6797,196311,411016
8444,7000,160535,33408,9222,221814,461034
5259,5185,418107,62259,6686,231684,752569
5518,5315,90679,33426,8759,175690,388979
9555,7204,107270,25351,10741,174006,358368
4518,5370,134045,28574,7352,201953,420886
9370,7204,334284,23703,7149,426470,825088
3926,5407,87263,67685,6556,219031,434108
23278,5481,1087501,26185,6945,344472,1519769
7111,5630,105481,34166,9926,242832,426554
4574,6203,197071,24871,7240,187797,466812
9426,7407,86976,27667,8352,188836,353146
4130,5185,114733,25037,6741,319171,497331
5111,4963,116175,66704,5407,239174,509386
6519,5648,296025,23129,6148,273713,655293
9111,7444,52690,33388,8926,184439,321813
8111,6944,94873,35555,8370,176422,402794
9296,7852,114352,26315,6592,398553,581015
5315,5018,125517,32333,8574,204334,399331
9685,6778,235347,23463,7778,150261,447757
5204,5518,92679,29000,8148,280023,439887
4444,4741,222417,33185,9166,229136,540608
7907,6371,108062,26223,7388,184788,359757
8944,7111,440338,33445,9296,362453,879735
4778,5518,87484,26278,7352,188088,337702
4722,4815,114111,31389,8741,372107,550978
4019,4981,285035,24278,7685,336146,680070
9389,6778,150940,26537,7408,184724,436090
7259,6018,1017494,32629,9834,176036,1298288
6462,5630,247510,25685,7259,198969,510015
5000,4870,570378,22500,7611,180303,809514
9629,7297,126616,25575,7222,148270,339887
4685,4797,295262,23500,8259,368752,720607
4481,4815,96612,25056,7055,289423,439757
4851,4926,105110,65056,6833,360331,563348
9463,7315,106052,23889,7555,149909,319887
4704,4852,175661,32518,8796,221485,464127
8351,7093,89529,29630,7315,257227,451553
6352,5537,99953,24204,8203,177101,341202
9185,7278,104191,32834,8870,179751,358017
6889,6222,144393,66833,7778,170197,452942
6629,5408,243205,32704,8667,176866,488756
5036,5426,89833,24704,7389,187758,339257
8999,7611,101998,23092,6963,291945,481423
6425,5574,124014,26537,7722,175207,394942
6796,5592,238289,31797,8574,190152,498441
4704,4944,85157,23630,7018,293082,470923
15740,4963,87988,58797,6963,265009,480034
6185,5574,113301,26907,7537,249216,446183
6000,5333,185095,24204,7315,151810,432831
5944,5722,104593,24556,7481,287460,455701
5018,5148,107054,22963,6240,168667,350239
5852,5277,112700,25259,7778,232094,405109
4666,5223,148808,26518,7241,194801,436979
5888,5204,255047,33555,9537,221728,547163
4685,5445,130933,23204,7555,311231,539645
5833,5352,105468,35556,9148,174641,353535
9833,7167,109614,26074,7574,796084,1017309
9185,7333,230742,31185,8667,229163,534923
4814,5463,90091,63000,6834,217443,409460
5352,5315,135885,26648,7370,291742,493590
4629,4926,108754,25500,7129,151264,361387
8815,7241,279380,33482,9333,287042,648682
4981,4981,93064,32111,8722,181990,347423
4222,4722,109246,54037,6278,332325,568959
8871,7333,116189,25240,7519,181957,366387
4815,5537,158501,24759,7130,171237,410220
9408,7407,55073,23648,7000,196962,323647
4407,4778,90349,22648,9185,182131,334776
4593,5685,110680,25314,7500,304318,474572
4240,4889,83808,40055,6741,302209,464238
4629,5593,338286,88556,7426,253302,756495
9407,7389,93469,36945,10759,254010,440201
4352,4796,111226,25371,6870,204790,428553
9000,7314,107354,63352,6611,167348,377720
4481,4778,168759,32796,8963,252368,490534
5334,5111,89923,29352,7648,283741,477553
10203,7778,115495,24333,8760,365020,549533
4648,5000,109215,25074,7204,151802,351794
7019,5703,546880,22889,7129,156413,761755
7296,6167,324525,62000,6611,293971,718051
4741,5018,92912,34796,9482,237308,403757
21185,6963,923132,24518,7945,282083,1306474
5666,5500,123204,26945,7666,175869,364053
8056,7759,348831,22352,7315,405442,816422
5019,5240,85533,64482,7222,258909,445238
4259,4796,110160,131000,6204,198319,471608
5537,5481,111047,33778,9018,205414,390553
9351,7389,165878,26278,7426,149472,380349
5074,5425,865468,33723,9259,182118,1120900
9314,7426,95966,53463,6389,288124,491145
6741,5889,522760,33611,9148,957101,1552528
9315,6666,135684,25482,7740,203740,402905
5148,5130,293459,30481,10297,169334,532664
9296,7259,472735,47055,6926,388927,947327
6037,5648,639195,34704,9870,223337,938809
9018,7574,644267,54037,6148,369634,1105641
5444,5278,686598,46445,8351,380155,1146660
4611,4889,84504,24741,7203,243494,388387
8815,6889,109890,49537,8148,362773,595348
6519,5611,109740,25463,7537,147925,319572
8185,7056,175071,24852,7222,150723,390628
9185,6667,343994,32537,9389,192280,613182
5833,5648,110363,23019,7056,169838,341572
8648,6870,106546,22574,7852,189007,357942
4759,4796,152951,26815,7982,204676,420275
8278,6574,324893,44944,8278,320584,727440
4815,4796,82151,48055,7000,169033,334869
8241,6759,111611,28907,8704,168350,367442
6593,5629,117924,35963,9685,192426,416850
5722,5037,245421,26556,7000,175224,480571
4963,4796,88530,24482,7518,270801,421386
5333,5574,808620,64722,18352,181947,1103734
4518,4796,114304,26185,7444,239232,412645
4296,4926,208375,33334,9203,206011,503682
6241,5518,56077,62260,6796,246754,403424
4333,4815,1236093,34018,8797,165806,1473140
4851,5204,104535,26908,7685,169000,337257
8982,7074,123070,25463,7241,186427,372794
4629,5408,339419,78945,7185,368854,821032
8222,6833,80862,45315,6556,173210,338980
4482,4814,109712,33556,8592,150009,326313
3741,4500,126932,26759,7481,249103,437831
8778,7092,204596,32315,8963,836602,1149364
6537,5704,92297,30389,7611,243052,403572
4111,4611,108721,48297,6426,254665,455720
5962,5352,109515,61463,6630,171001,376646
4518,4722,164939,27463,7352,201596,426034
5352,5648,1377991,33315,9204,250628,1702101
3963,4592,108824,51796,6926,346563,543756
4518,5000,104562,32352,8740,183363,377238
9092,7000,131763,62167,6852,168364,402831
4166,4741,237187,27518,6945,157310,455016
4074,4648,353907,24352,7018,214386,628441
8555,7204,107497,25704,7074,302611,501349
8222,6444,117199,22963,6982,152503,328628
4425,4889,766308,32333,8759,306908,1164641
5574,4982,82620,57778,4555,298489,497572
4740,4648,120174,62463,7704,375434,626533
7611,6537,497727,24426,7796,151325,714311
9222,7222,168780,31389,8370,173144,434090
5777,5278,795593,28407,7648,321253,1183289
8352,6963,108035,22259,8056,290629,499608
5741,5203,110422,26148,7167,188873,392665
6481,5667,142457,23370,7537,264615,500812
5167,4981,253121,64204,7055,305635,695570
6074,5278,96711,24630,7333,222435,379831
5740,5352,104709,25630,7222,150993,349053
6370,5500,110003,22204,7222,266624,467108
5352,4944,212797,25186,7148,208311,501849
5592,5185,1031980,28445,7333,334808,1443510
10722,7593,106311,28926,8796,344742,557997
6185,5426,104402,24592,7537,168634,335479
9185,7185,177344,24037,7334,255616,498331
9167,7296,98231,72907,7407,264008,478886
8092,6685,111766,48944,5815,393861,590589
5371,5092,112282,34056,10222,174290,391350
6389,5426,153817,25370,7222,215292,465090
5981,5333,247296,26148,7574,178480,487960
9481,7186,85534,22333,6963,220705,370109
4759,5222,110940,68129,7074,282725,550219
8481,7167,113141,33759,8926,224283,415405
4000,4685,262343,65481,5037,898206,1309252
9314,7093,312655,25296,7889,331304,712088
5611,5629,252709,32129,8982,201751,528719
4648,4611,107502,23612,7277,208773,373720
5408,5277,700241,44222,6426,175661,979235
8981,7537,363887,35037,8704,315368,767125
4704,5500,114477,31685,7908,355797,533664
4333,4574,112253,22870,6648,221153,410534
8852,7166,149918,66240,6760,204376,462108
6981,5463,696656,25204,5296,252727,1033142
5870,5982,82079,31871,7426,183770,337813
5056,5351,104096,23778,13741,278920,500497
8870,7112,301130,27945,7907,250736,627737
5055,5649,278665,33167,8518,142684,491701
7370,6371,63108,26407,7148,335334,516386
9371,7703,110569,89667,6296,348132,589682
4852,5704,106751,31593,9055,183765,380331
8963,7666,1008860,63297,6481,168966,1287066
5351,4593,89747,26667,7111,191047,346553
8445,6222,94597,49796,5759,381974,563590
3944,4574,111947,32240,9926,169904,347831
4944,5389,155630,24574,7278,152553,365572
3870,4611,354775,61556,7815,244258,717107
6259,5333,90311,50537,6277,309188,484868
4277,4723,109752,34667,9666,177357,355924
5093,5537,115268,30815,9204,230470,417239
5129,5537,233878,62222,6574,291749,651977
8463,6685,92024,32907,8778,197086,363258
4019,4574,121058,49963,7296,365772,568219
4981,5408,106796,31149,8685,179794,354553
8573,7111,755702,23130,7315,280180,1119604
7815,6537,90237,38981,6704,179409,365332
8481,7037,112772,22796,7352,169059,345498
4889,4870,107196,33759,10963,177414,359239
8740,7167,135193,23852,7352,235360,471682
51647,4741,190561,33204,9333,178196,484386
4092,4630,87263,44370,6463,322883,484756
5982,5759,108075,30667,9204,173441,383591
6796,5611,106443,25315,7260,236239,404479
4537,4704,294200,118519,5740,231722,698311
8814,7408,94568,35556,9315,314428,494793
4722,5093,108807,30129,7760,320079,535367
9092,7426,109935,62055,6130,262970,478441
4351,4852,310562,32778,7666,208472,591626
9092,7370,1228560,46759,6778,314209,1630472
4556,5018,112317,31889,8481,378958,558127
7333,6629,106093,27759,7278,149794,321275
4759,4760,128071,31704,8833,218908,416979
3945,4592,290755,24703,7500,152188,499386
5185,5222,87475,47148,6037,403244,570719
4074,4556,111102,29926,9055,165045,343054
5648,5593,464470,25611,7259,286544,867569
9463,7852,325912,45130,8278,264528,729070
5500,5111,90632,26093,7407,201440,357424
4426,4741,581093,31500,9259,302494,993068
9130,7870,112906,25870,7556,160981,341480
5630,5111,161163,24333,7444,263835,484461
4759,4741,84012,31278,8704,190171,392238
9518,7796,82325,52908,6889,401801,577737
3796,4741,108063,32037,11148,183861,365090
6203,5778,132154,62741,7074,240065,506886
7851,6426,236967,33463,8574,186308,494886
4408,4870,88687,27166,7482,261996,432368
50110,4278,102481,32555,9056,328905,544941
5889,5703,109608,24297,6944,193112,363665
8574,6518,286939,31575,8796,152947,531812
5907,5482,106974,25185,7592,211284,380239
5333,5593,105231,33685,9426,339099,547367
5722,5389,110377,25241,7166,146918,318424
8815,7130,175893,32518,8982,249715,499220
5222,5074,69317,62074,6722,196126,363812
9537,7315,94518,31463,8686,182664,352221
4500,4833,100720,24963,7000,229760,390905
9111,6703,128644,25167,7296,227762,440127
8073,5649,239141,22463,6944,255985,554719
4000,4518,90102,31778,7889,218692,375016
4129,4371,101970,32407,8204,154880,322794
8629,6759,99931,26334,7129,192419,376312
6222,5463,331225,34129,10149,415437,818328
6685,5445,89538,27407,7241,218367,372276
4666,4945,109109,24537,6815,171685,339072
4741,4740,107293,32741,8963,181668,389535
6778,5611,176790,64130,6740,175782,451164
5129,5352,249399,25278,6796,235080,542460
4815,4907,97656,24963,6815,181527,340035
9352,7204,106728,30852,10240,185400,365295
4796,4852,147707,25963,7333,254179,460312
5147,5093,244853,24074,6982,189866,491830
8241,6593,94017,28167,7463,276998,441331
8148,6444,103534,66186,6944,321278,562478
6796,5722,108624,26334,6925,149560,320368
7741,6666,364196,64482,8778,231929,703126
7963,6778,85935,32203,9167,266100,425887
8036,6574,119989,23703,6778,326342,505885
5185,5037,298134,31796,8685,233900,600496
5000,4944,269725,30740,6371,230291,564701
4370,4574,77815,31407,8630,280905,425256
4389,4926,111201,48112,6851,339944,533720
8963,6963,107255,28537,8296,170465,346572
4074,4611,122845,27796,7019,178542,359535
5519,5222,313398,32259,8630,337246,721866
8519,6944,87915,24185,8407,190732,363554
6647,5852,559727,31223,7537,314212,941642
4833,4778,600910,23037,6185,192863,852032
8573,6963,291205,26129,6130,178978,537515
4796,5129,84073,23685,7389,223926,368646
9611,7000,100885,25167,7018,328520,520923
6074,5056,107346,32444,9722,199282,394887
6482,5703,157214,62630,6630,169857,424016
5073,5112,65471,32759,9407,202083,336979
4407,4759,93451,52055,6000,293214,483478
6130,5314,102208,31444,8482,175883,348591
9389,6778,125686,63259,6556,189089,415368
5314,4741,237962,26648,7093,153480,450052
5500,5148,89460,26574,8074,237408,390831
9371,7111,113457,25778,6315,180559,364257
8407,6926,122104,22870,7000,165006,346665
5000,5111,264546,24630,7166,151026,476312
8019,6889,90321,31889,9259,184140,347369
4963,4907,102820,26389,6407,176160,339313
4574,5092,106206,23797,7592,208718,374720
8722,6740,163908,22944,7704,254627,481126
5833,5500,95849,25315,7204,251111,409942
8722,7352,93144,23629,6593,186873,344016
5185,5203,103568,24426,7351,192413,374923
7019,5648,140676,24093,7166,256729,458238
5167,5240,314304,32259,9778,151397,532534
5203,5204,95579,24963,7000,256104,412405
4518,4704,107114,29111,8648,149051,352683
6555,5278,122853,25166,7297,227237,410590
5777,5778,266962,25537,7703,303461,645737
5870,5148,74034,31907,9000,202909,346868
5111,4833,945179,25815,7611,248091,1254881
4759,5408,108158,25852,7389,236895,403220
4722,4814,1140415,22889,7111,507538,1743100
5908,5166,76136,22444,7074,234326,384665
5611,5222,106245,51296,5889,303197,492386
4685,4907,128205,35260,9592,178608,377109
4944,5426,144240,64315,7037,178369,453219
5759,5370,334127,32778,8685,267740,673663
4518,5222,713328,25537,7037,188000,957716
4870,5129,112067,30037,8926,165413,375201
6129,5445,634583,27351,8223,373688,1071420
4500,4741,330877,52759,6352,342600,791107
5556,5129,83505,62833,6796,274901,505960
5519,5074,111928,87741,5833,231717,465905
5555,5537,109278,24981,7130,163461,330498
4722,4981,174943,24500,6592,170204,434960
5648,5371,86199,24852,7296,189114,336554
4833,5371,507104,23074,6815,197095,762292
5129,5093,109528,24815,7093,192210,362276
9778,7426,146433,23741,7463,277212,514627
8130,6629,1031709,64574,6815,251098,1421436
6241,5463,86410,50241,6074,395605,567608
8296,6278,481500,64648,6648,262014,844772
4833,5444,288703,33296,8982,204257,563256
4222,4703,275848,29149,7500,280185,621774
8537,7463,79883,31611,9371,308855,486627
6093,5518,109788,55278,6537,384542,584460
8759,6981,158379,43667,6814,197786,441960
5074,5370,161099,25926,6981,154826,374128
4889,5111,65523,29333,8296,244846,375239
4999,5000,113224,43889,6685,308348,515015
7889,6278,103036,36963,8389,182517,417868
9111,6963,125368,60463,6741,186500,412072
5685,5463,329476,26834,7685,359816,751662
4908,4777,848548,32778,8833,321130,1238808
4740,4945,101175,26297,6277,182360,350942
4092,4815,99581,65092,6593,181861,400182
9111,7537,2051911,28537,7630,220686,2351838
6204,5315,86224,24019,7314,321218,471831
4926,5093,255352,24870,7204,381551,698904
3741,4499,108369,23537,6833,201963,364998
5851,5537,168126,23962,7093,217261,443238
4074,4648,99661,24555,7482,232708,393887
4407,4685,102528,22926,6148,177489,339313
4074,4463,105971,33407,10537,198602,372665
5648,6000,140116,24704,7222,244474,444479
4741,4815,327818,35796,7704,224660,626793
4315,4666,726649,26778,7833,151716,980031
9352,7851,109203,35129,7741,228221,421238
4352,4611,108404,25037,7407,241205,431720
8704,6907,172198,32185,8741,193392,438738
5610,5537,73641,63889,7685,239117,469589
23462,5667,78286,31074,9074,368304,532126
8963,7444,108451,26426,7241,154825,330961
6370,5537,174208,29926,8629,273031,555719
11147,6723,239742,63241,6666,169200,548941
6963,5741,105944,31685,8981,313313,490405
5055,4778,104534,25371,7444,208649,391349
6185,5592,145070,26759,7592,235762,442682
4351,4630,219437,33259,9130,182097,469738
5648,5129,90046,46908,6203,358136,528126
5055,5018,620470,30685,9000,342321,1029327
4500,4463,118486,27685,7334,243326,421201
4092,4463,261687,24537,7371,341938,714458
6592,5574,460445,32889,9111,344032,888643
5111,5037,111646,50852,6852,376165,572700
4925,5334,99551,31815,8352,224168,415701
9500,6945,163882,26759,7556,333725,601330
6241,5481,83381,24388,7204,1000076,1146605
4593,4685,105082,31388,8649,327415,532127
5982,5222,108116,24741,7204,171585,338332
4185,4629,146670,32574,9556,181957,398331
8407,7167,264278,26482,7796,188348,517571
4241,4574,690998,30704,8685,428921,1189382
8500,7037,102071,26500,6352,342130,509257
4092,4556,126123,24371,7833,227522,450386
6370,5759,766955,25963,7555,326891,1157159
5759,5185,87064,23500,7500,197286,345368
9240,7111,123007,39592,7056,368805,569737
4296,4685,104782,25111,7018,152680,314831
8518,6222,159095,32574,8833,190033,422571
8074,6519,76351,22852,7111,323202,476905
6500,5833,92368,31944,8093,179278,342276
4592,4945,104495,23055,7445,152873,313016
4204,4667,128974,63574,6593,207393,431942
8814,6482,284287,28963,8111,203617,556145
5018,4907,89933,25778,7278,254472,407312
8666,7185,256949,31463,8982,185492,533793
6630,5907,110392,26759,7481,164144,339517
9351,6796,314001,30944,7889,403829,793032
4648,5055,113054,33537,9389,241073,429275
7648,6074,112070,47518,6963,359057,598774
9167,7333,104864,25093,6703,230060,402183
5481,5056,173843,29315,7685,183766,422238
6537,5500,243230,32407,10482,290377,623441
7722,6500,1266431,43426,8630,232986,1584139
4444,4797,99651,25556,7296,192346,369553
6037,5463,141520,64055,6907,216164,455960
4129,5889,238240,27185,7556,261016,580978
5777,5296,90034,31926,7204,324111,518645
5518,5352,110309,23315,6371,195985,364609
5185,5241,105474,25203,7112,209283,372257
4241,4592,306324,25111,6981,171211,537423
9463,7370,82340,33611,9074,187603,347146
3889,4593,119318,30889,8611,410326,595145
8648,6667,104131,25611,7000,202978,371720
4074,4463,146444,25388,6630,217720,419627
4463,4555,829812,30352,8741,349921,1247863
7445,6370,101532,25722,6500,327799,514886
7833,6518,632308,23000,7315,197428,908457
9111,7000,136695,30981,8648,171434,379109
4203,4611,241137,62944,6889,169453,503960
3778,4685,88653,44315,6333,170234,335239
5926,5370,102651,58426,6481,297754,496719
8963,7185,106464,27185,6796,205164,376998
5370,5296,200887,32297,9611,181277,472090
6796,5908,261144,61092,6741,198482,556756
9685,6963,106846,32777,8926,309485,518108
6055,6037,98843,26556,7055,153322,347701
7592,6111,152026,25426,7556,198267,416367
10000,7222,71302,30685,9019,313529,458960
5037,4778,88966,45000,6685,172310,341387
5277,5574,109020,63778,6370,184738,430164
7111,5925,123314,26371,7388,243555,462015
6222,5648,103904,32945,8814,224964,400034
5148,5204,81735,62926,6444,255540,469238
14333,4648,88937,28055,16778,202117,373016
3888,5204,122731,23555,7000,155212,366220
5796,5481,246247,61463,6704,178065,521459
3889,5148,90504,26852,7315,1013785,1180604
5537,5278,104668,49648,7389,349329,536830
4204,5481,102907,62148,6593,179498,375813
4130,5444,167035,25055,7148,150853,377757
9833,7445,86032,25593,7426,278928,467553
5851,5574,92290,23851,9297,185505,341516
6777,6074,106084,25426,7055,153193,352646
5833,5296,133563,24352,7018,153769,344350
5055,5648,240671,61908,7037,169492,506552
9814,7445,85299,26963,7092,271514,425034
5203,5389,1050389,33889,10481,236567,1359010
3981,5982,107720,24056,7759,234388,434460
6370,5593,274662,32834,8889,180482,523608
6130,5629,79753,27148,7778,191671,335721
4148,5259,107158,31259,8760,312616,506052
5240,5000,590360,52148,6055,355098,1036975
8889,7037,164339,30296,8556,182936,450646
7278,6240,681929,24352,7352,154233,896754
5148,5166,779131,24537,7055,163253,1000920
8962,7093,102592,66462,5260,278794,496867
5296,5074,277719,31315,8518,259963,628996
5537,5907,340569,66889,8111,280390,724959
4241,5259,82993,46925,6612,280116,445498
9388,7333,104139,32333,7482,371988,563681
6908,5962,107896,26666,7667,226862,398331
5759,6055,235727,24500,7222,182215,480089
8018,7000,98558,27018,7241,285348,465238
13963,4296,85000,34537,8889,291350,477183
5370,5944,99035,24518,7037,154557,314331
8907,6778,240032,33926,9407,201687,517941
4907,5574,247789,24556,7148,191060,496849
4648,5074,103009,30963,9093,387895,558126
8574,6871,100599,68408,5333,397508,637145
6222,5537,148320,27204,7648,261788,477682
8037,6463,214984,22834,7629,201162,511257
5796,5223,92722,88111,5815,180868,397091
4870,5500,103535,22908,6666,332259,528108
5815,5130,108977,25574,7574,161743,330684
5741,5685,323920,33778,9074,374409,771070
9167,7241,89732,24500,7593,193413,349776
5222,5611,114063,40370,6037,273508,497237
6148,5518,107191,66370,20241,188770,412127
4185,5685,168282,28407,7648,147828,379479
8222,6889,250279,27019,7481,252459,567590
4148,5370,100555,24722,7241,174054,333609
6685,5963,100978,25371,6926,192167,354054
3889,5167,129550,25111,6908,208188,427850
6222,5481,224178,23759,6852,237708,522533
10018,7630,85472,24926,6944,203656,355702
5648,5778,107377,24222,10667,185991,374832
6036,5371,114634,24055,7241,154438,330405
8629,6926,236336,23129,7093,154588,492904
7778,6629,59612,24777,6686,223109,363924
5555,5685,102794,51074,7130,290814,481386
8388,7019,103884,24093,7333,183058,374535
8722,6796,157087,22814,7408,152467,372646
5870,5630,61862,24426,6851,235415,365850
7037,6111,90970,22408,7814,185824,389683
9036,7389,105858,24370,7500,181993,390423
6333,6000,127115,33629,9278,254587,456405
8389,8314,338594,45870,6982,299606,758940
6574,5741,89665,31667,8629,255388,417683
9148,7166,104645,26296,6630,353186,525608
6148,5074,117087,24222,7018,686279,863365
9445,7055,304381,88815,5926,357818,836181
9352,7759,77416,24500,7574,197767,349720
7833,6482,108673,47555,6871,354120,565830
8963,7296,113060,26759,6981,178513,359072
5037,5833,341983,24463,7315,249735,662551
6426,5685,241296,24833,6797,172979,473868
6000,5352,103720,52463,5907,289222,482886
8870,7222,102588,22722,7148,173670,336813
6296,5814,141716,24314,6834,155708,356923
4907,5537,341602,49370,7593,300968,752106
8722,7315,254655,24926,7092,231194,551460
5741,5815,103912,66574,6871,349454,556219
9574,7463,79966,26481,7389,227495,375350
5833,5445,286500,49037,7352,229292,617552
7981,6537,318962,61685,7777,420497,845162
9722,6944,108033,31759,8963,381853,563996
5518,5278,107771,25945,7500,236578,407497
9370,7185,161621,31000,8334,294097,564737
6426,5518,55231,60833,6630,204693,359368
9574,7315,77561,46056,5925,172159,336146
5037,4963,104874,34370,8167,152513,325109
3852,4741,143020,24796,7148,170219,372331
9074,7240,802407,31203,8741,188217,1082475
6277,5778,86923,25241,7666,219224,369757
4408,4703,99903,25870,7296,305466,500090
5888,4982,106029,32463,9056,181227,354497
4278,4666,269861,64926,6833,342635,721033
5704,5092,93489,26463,7074,192806,351109
7703,6741,102579,50296,5741,308363,499812
5982,5166,105003,25666,7204,200699,385720
6092,5186,159018,25185,6908,191127,411368
9500,8111,55239,24185,7315,198241,338998
6481,5352,86310,33019,9296,180410,340257
5296,5203,103087,25611,7055,211801,393757
5944,5426,127844,32611,9703,182674,380091
5296,4907,227693,65259,6907,216953,542867
3870,4685,92080,27481,6797,264233,438775
14778,4389,82762,25982,8148,319142,471553
5333,5297,108204,31260,8981,212293,387924
9222,6907,225647,23167,6963,185332,472478
4481,4778,66960,31092,8593,199390,334387
8647,7204,106328,30407,7649,269280,459219
6462,5500,581122,24556,7722,289595,943364
5463,5259,703545,22222,6334,305541,1066382
4740,4889,301581,29796,8667,372934,742810
9147,7389,87338,55018,6871,326622,518885
6574,5333,164373,31740,8704,302514,547886
5425,5223,138481,24574,7241,199257,395608
4592,4870,757664,25778,7370,351996,1231955
8352,6796,83088,22852,6111,230502,392720
49018,4574,104493,46482,7111,284985,540237
7537,6148,88176,23278,7130,316228,478386
5537,5333,257711,64629,6667,305563,662700
9074,7111,86746,28259,7592,188623,344924
5314,5741,104762,34241,9241,304531,483034
8352,7055,98427,26278,7240,188831,384961
5981,5389,147906,32574,8796,245221,464793
8092,6945,240829,64574,7056,260574,604478
7241,5777,99421,31962,8889,171449,343980
8685,6778,106492,25962,7130,315098,522460
6722,5611,107452,26260,7425,152583,321331
6315,6018,241377,25759,7407,198473,533905
5740,5371,88152,25148,7018,300272,450201
5018,5019,113076,109870,5759,206477,476071
6000,5389,105869,23186,7481,258165,422979
6444,5963,220627,65241,6796,199463,523867
8851,7667,523569,25259,7370,209353,800050
4833,4889,109085,85482,5851,271801,498793
8278,6796,106769,23000,7370,172452,339369
6093,5704,143803,24759,7222,155232,361239
7851,6871,247967,22778,7185,165400,473071
4982,5500,97613,51500,6074,409402,589978
4666,4593,100537,35204,9333,168813,341405
8315,6889,230313,25870,7593,178147,474146
5240,5926,278551,34889,9556,178390,562700
6889,5556,89808,36722,6019,301633,466183
8963,7352,98084,24611,25018,245562,426812
4870,4778,106026,65019,7037,259952,501404
6055,5334,220135,27315,7777,197881,483571
8759,7241,102411,27055,7704,259420,464349
6092,5222,215779,25315,6982,329069,608441
7796,6945,99462,23666,7056,183999,344091
4611,4926,161126,25074,7074,795868,1049383
5834,5685,311957,23685,7519,348612,723330
9870,7500,89196,43519,5926,172524,345998
3889,4481,1275638,36000,8981,190095,1555435
5611,5315,127210,63704,7055,227287,489349
5444,5148,296856,34056,8777,152419,519589
8148,7351,89743,25926,7111,311088,467553
4481,4666,100500,25074,5741,181276,340923
7814,6963,103739,23944,7463,189630,388331
5851,5278,210792,32444,8611,181873,460367
7241,5759,65734,26111,7426,194413,325628
9389,7537,104547,52129,6111,299673,521812
5185,5314,100193,31519,8759,221509,410701
6185,5352,160061,25926,7463,172011,391516
4982,5407,66262,30649,8592,189736,339443
5666,5056,96074,52704,6148,329700,510719
5574,5777,105962,33148,7981,185574,360664
4259,5000,132867,23685,6796,304705,520460
5629,5741,258346,24889,6852,190428,506015
4907,4907,93251,31056,8667,229431,390553
5018,5445,112804,26278,7259,378193,549886
4407,5056,101765,32259,8760,239380,428831
6815,5926,267874,23408,5889,331399,659682
3926,4648,99335,22926,7500,317088,497053
5926,5611,109389,30611,7666,424479,598738
4537,5018,380442,23185,7389,205851,643440
4296,4629,161477,30111,8870,175151,435516
6333,6740,246271,63519,7018,179152,523311
4092,4926,101861,31797,7648,403709,572108
9148,7482,110099,33889,8759,150843,370905
6129,5519,111467,27852,7889,196234,370238
4685,4722,265965,31204,8871,203772,536700
9407,7167,883740,27241,7611,219697,1172548
4241,4814,108758,33167,7166,209667,386090
6407,5926,103885,24814,6982,146206,313072
10314,7259,174846,25074,7611,188671,429997
4444,4741,111306,24963,6870,311321,483386
9092,7092,197064,32222,9130,326377,631737
6630,5722,107395,25333,7352,189714,356832
4278,4852,153707,26519,7944,254568,489683
5777,5352,249705,32315,9037,192774,516682
4408,5259,96036,51500,5833,410813,631589
9351,7760,98071,33518,8241,158131,332831
4074,4852,117273,25351,7037,198522,372998
6296,6000,237141,32055,8463,184468,491664
4999,4797,85175,48722,4667,234656,403942
5018,5500,104618,62500,7000,421749,621848
3944,4537,107152,32778,8741,180308,351997
5074,4908,277594,24519,6315,394179,728903
4074,4629,63723,30963,8833,242202,375238
4314,4797,105942,23111,7352,422184,582756
3796,4500,106681,63870,15278,264020,532108
5982,6055,154457,26222,7463,239337,482183
9110,7426,272677,31481,8685,174747,520848
5093,5611,97729,45112,6962,414119,591423
4482,4851,100895,34277,8000,179660,347313
5018,5537,124966,28445,7833,162902,352979
3982,4833,234723,32685,9833,227830,551590
7814,6519,87850,27760,7148,311628,468626
8241,6944,309978,31926,8574,331648,716329
5055,4944,103421,25944,7593,153726,350627
6611,6037,226233,30889,8296,146932,440757
6240,5796,68490,23963,6778,250064,415571
6500,5314,103433,45407,7167,290435,476886
4518,4907,599912,25018,6519,336990,995809
3981,4722,162595,63685,6648,177607,433960
5926,6018,238889,27944,7296,912216,1248233
6352,5666,91276,30352,7722,173649,334906
3740,4482,101921,25074,7463,322502,481367
3907,4481,130438,23055,7111,251061,435201
3945,4370,220343,27000,7722,179155,460350
10204,7555,1066026,22296,6685,203004,1365844
7463,5945,103782,26297,7537,178771,348387
5703,6111,104985,31852,9259,182754,388627
6092,5407,238075,24870,6908,194515,491756
4741,4722,103591,25074,6907,281907,466368
5425,5463,103941,32074,8778,308686,498274
6222,5371,107012,25796,7519,217208,385294
4759,5019,159066,26555,7500,206673,460053
5722,5408,246119,63796,7093,178526,521164
4129,4852,99376,49945,5926,302843,510737
5999,5482,110059,32982,24759,209531,425868
6370,5241,134391,63185,6518,170885,401776
4056,4574,219925,26352,7314,150925,461220
5685,5259,85461,24685,7685,301723,470109
5722,5333,103773,87833,8500,332483,560533
9185,7649,98344,27889,8296,149895,350702
5963,5296,182268,23797,6926,237155,476960
5389,5111,51951,31685,8852,243751,384387
6444,5574,100949,52185,6686,368214,557645
9537,7241,102002,29574,8556,205125,380276
5778,5815,149667,24462,7426,266609,509534
6315,5722,246924,24722,7370,230351,538349
4926,4963,1549384,65981,6852,187235,1837359
6259,5741,105956,25630,7204,153301,353239
5944,5278,141806,24852,7203,188785,388534
5056,5518,228248,24186,7703,155194,475923
5778,5426,788523,25500,5982,180100,1037235
5129,5519,104799,31593,9129,320865,495330
4815,5130,107371,24611,7056,154052,351924
5703,5278,307443,44426,8222,284294,674514
4092,4500,84368,39296,7018,180557,337498
5796,5500,107735,24889,6537,331984,511552
6092,5371,103455,27296,7445,189876,355424
4074,4666,159101,24093,6926,163693,377368
5074,5148,60414,38870,6723,182417,333350
5907,5537,89893,52260,6388,401363,576608
5129,5000,102614,33796,8018,202496,375405
9019,7574,120573,25649,7166,164628,383850
5963,5148,214868,26518,7426,246018,523460
4981,5222,86070,24000,7185,223762,370516
9518,7371,110863,22963,6889,405596,579052
7666,6741,107973,24592,7463,155970,326109
7944,6408,187026,22000,7111,243064,489423
4851,5371,68690,32500,9092,213845,369479
6315,5463,108669,51908,6444,281272,490682
9315,7574,262686,23463,7611,196367,543053
5777,5334,153758,24833,6815,251962,501627
8796,6963,366459,35092,9389,312574,766032
5648,5260,739253,25037,7611,173074,971272
7000,6462,99474,34481,8371,180506,386701
5778,5370,137305,23907,8000,217304,412905
5944,5592,98692,26370,7407,472806,650551
5592,5167,85856,28703,7260,216235,366461
5315,5482,106334,39037,8908,227885,429016
5814,5167,102258,63574,6945,183072,382331
5352,5555,173220,24444,7074,257371,492090
9333,7278,97625,63018,6648,212207,425738
13555,4148,84197,26981,8111,403764,557959
8092,6667,100787,22648,7018,158434,319183
6259,5981,164933,25037,6926,155898,381979
9333,6963,482579,22537,7111,216843,779533
6110,5463,100114,51222,6167,361957,559274
5241,5222,97056,21870,7685,187702,340220
5889,5778,112850,24463,7185,438591,613719
8945,7055,279978,36611,9222,393018,753570
6055,5722,82716,64778,7185,295448,494090
6259,5648,107047,27092,8167,293265,465127
4704,5351,107138,26018,7630,197064,397794
5741,5407,218487,25019,7314,240473,517867
4593,5425,78189,23278,6926,308605,445535
3981,5241,105945,49982,6204,370458,569293
6277,5297,105517,32408,9407,203462,382609
9833,7389,143812,65907,6870,178742,427960
6667,5796,55550,33000,8796,187023,329943
6055,5463,80196,50704,6389,326431,519089
5907,5722,104305,34593,8944,192434,386923
5667,5203,120359,25759,7259,256621,436424
5352,5666,288875,33592,8352,187511,545552
5166,5222,88688,25500,7518,342717,493867
8777,6834,108722,23759,6926,218016,390423
5796,5796,100590,31760,8851,174186,374997
6092,5408,323958,52204,6222,296575,711514
8259,6740,81179,32556,9037,187116,341590
5277,5667,100491,52185,5926,350136,568996
6111,5222,576767,31740,8889,406746,1054401
9204,7185,465079,26815,7778,398175,948606
5408,5259,243373,26371,7500,155346,459572
9629,7500,84168,24315,6148,193849,343220
5611,5204,105017,66426,6926,341758,548553
8945,6888,127182,24537,7148,259483,474868
8926,7148,260864,26278,7463,196429,526201
4944,5333,87770,64482,6574,203505,398720
4889,5685,100712,38278,7148,224878,429461
9037,7426,99413,26500,7426,190473,391720
7926,6204,327967,34833,8370,320770,723681
4444,5056,94168,26445,7481,307274,463016
8648,7203,102130,32074,8722,353164,528737
6241,5870,1314867,39537,8741,362660,1764823
8796,7277,160829,25222,7148,191910,415923
6963,6093,232789,26981,7315,192301,509238
7055,5778,84713,31889,8611,402117,559015
5518,5519,102007,25315,6870,321268,509497
4926,5352,128227,31463,8500,203548,396924
5555,5704,279355,64759,6944,324494,715329
6573,5500,87668,62611,6851,228275,447089
5259,5667,102146,26870,8519,392980,590996
6074,5185,106071,32555,8741,183224,356406
5037,5555,190198,61370,6574,173244,491052
5851,5426,101270,26444,7111,240358,403868
5389,5593,106563,51963,6111,291249,496479
6111,5277,104321,24796,7463,195900,359460
5277,5019,140781,26074,7222,257994,479645
5685,5223,717445,66389,6648,178493,997624
4536,5537,536851,34445,9185,260051,886272
5722,5334,106015,26648,13556,172612,347184
5499,5204,112717,32796,8834,249280,451608
5629,5185,310511,61519,6500,370336,774977
5444,5259,110731,26593,7426,288729,473700
13630,4166,77526,32611,8833,147640,298684
5130,5444,101431,27833,7426,300641,478572
5629,5185,251651,34148,8389,156513,476756
5259,5278,87648,25129,6963,195961,343646
4666,5649,102831,31722,8796,386536,567182
5703,5315,106866,24908,7351,174336,339276
4574,5352,153345,23574,6741,268578,491293
5777,5297,249213,32093,8500,250857,568589
4481,5296,81934,52704,6092,365564,565422
6462,5667,105598,34093,8425,153919,330738
5759,5704,122207,26685,6926,173494,355609
4481,5574,303964,45333,8241,384143,766181
4111,5518,82777,39500,7204,200277,374442
14018,4389,78960,27852,6389,179668,329406
4110,5352,102809,30815,8593,213781,401571
5777,5370,161159,27130,7389,155468,378923
4092,5352,686471,60908,6703,194709,994309
6129,5222,106340,31352,8648,295139,470886
3963,5519,647855,24945,7296,197806,905051
6296,6056,150743,26388,7186,200384,411831
4037,5629,232593,31629,8500,176609,475034
9888,7556,91127,23296,7204,192797,348701
4148,5426,98921,68574,5537,343650,553645
6630,5592,132660,26963,7111,254467,449701
4148,5425,313862,22592,8945,406116,775791
6259,5759,82971,24815,7018,284861,448090
50759,4611,97227,22408,6203,175845,374590
5259,5481,103929,65130,6611,198902,434960
5648,5259,609519,26852,7129,163680,834550
9908,7462,77462,22592,7149,199518,341202
5351,5834,105922,54018,6037,354446,558237
5889,5185,96309,22463,7129,226597,399201
5407,5111,159695,21871,7277,177784,392238
6852,5629,236712,25167,6944,268026,583441
5611,5092,95599,50685,6000,363991,545145
9555,7593,107856,22888,7463,158865,328943
5185,6074,127669,25037,7018,203034,421646
6037,5482,279184,22593,7500,150405,489183
9666,7222,779090,32778,9537,172867,1046716
5704,5222,109254,137630,6000,282724,565515
8777,6778,100734,33037,8852,181616,353961
5388,5611,211565,63667,7111,285154,597922
9407,7148,76526,27685,6944,193899,340202
6000,5445,105208,25037,6259,296901,462164
4092,5167,105595,31185,8889,232347,405738
9907,7555,610815,25556,6315,184735,880217
6315,5518,250110,23129,7463,156833,466424
8777,7074,91904,65018,6667,207168,403923
5778,5685,278753,33222,9667,223836,574867
8666,6945,121825,62741,6388,201432,424812
5148,5630,925304,62574,6648,225467,1264456
6129,5667,77746,27945,7759,254325,398868
8722,6963,101893,50463,8426,310086,514497
5870,5278,246631,40759,6278,198088,520664
5481,5963,245314,25704,7333,331386,636551
5462,5482,86404,26315,7278,193112,341460
5037,5537,112161,24926,5833,324781,495904
4593,5370,105863,63870,14445,209931,421128
5778,5537,150435,23389,6962,231100,438035
4093,5351,230267,25462,7686,156120,443405
5092,5518,82468,32556,8703,186123,355146
6741,5592,99577,29926,22814,191996,374183
5093,5666,120408,62333,6667,201461,415720
4500,5407,221702,26222,7130,153462,433368
4500,5296,93255,42463,6018,204836,374109
5444,5778,100419,34426,6130,174041,361368
6166,5408,98899,61389,6518,184673,377961
4296,5370,299119,27352,7500,317377,703699
5259,5204,86153,26741,7722,212363,360572
4426,5277,105837,25593,7703,306309,499293
5574,5630,107057,32851,11797,228385,427590
6241,5518,149925,27093,7629,229888,464127
6240,5074,436182,30445,8777,200426,720884
9500,7944,111032,32130,8500,290687,492386
50592,4259,113437,45574,5982,304838,544367
7889,6777,76528,31093,8481,195137,399942
9462,7111,232100,24796,8204,172750,471978
4666,4778,83153,30481,8685,199975,357424
5592,5334,104354,60055,5982,239199,441960
4611,5055,103297,64833,6907,209442,410460
6074,6148,171998,27537,7482,153148,387572
4499,5815,69237,26963,8000,256557,389275
5574,5500,646326,34148,9630,322575,1050957
9777,6982,110436,63277,6778,180507,397535
5370,5852,151415,26741,7500,190934,405238
9185,7370,773857,30537,8834,320840,1167549
4852,5482,86077,54722,6000,305587,507572
5482,5685,329834,31926,8815,244125,646608
9055,6982,115758,61426,6685,195702,411294
4222,5407,248941,26352,6982,201463,511330
5463,5259,104661,26149,7740,311503,479775
8685,7056,108122,35908,7611,276782,484757
4908,5425,274102,23055,7074,216266,549849
8074,6629,174155,31685,8815,175010,459108
8148,6629,78227,38648,6593,184975,342831
8555,7019,468983,42500,8167,287938,841069
4666,5407,111241,26630,7611,154387,359331
6166,5630,143461,26018,6852,236463,439830
3741,5907,340551,65611,6648,382315,825403
8481,6907,92346,27018,7445,217319,377257
6129,5926,103528,25000,7704,206136,373664
9481,7111,638267,43278,6055,176525,934457
7203,6037,214691,33519,9351,237974,524960
5185,5204,87522,61944,6685,213828,399461
9074,6870,103391,26092,7537,172127,342035
5759,5315,108388,32444,8667,183407,358720
6074,5648,305978,53037,6055,253000,649014
4833,5204,1906401,45130,8055,295808,2297579
6222,5611,115455,23704,6407,427504,603144
9148,7296,99620,31519,8463,177600,383350
5685,5148,152062,25408,7074,200065,412072
8556,6963,234022,27889,7611,190734,524775
5611,5333,450298,32426,8500,273901,796940
9166,7630,104167,25833,5907,210943,380461
5407,5352,118294,23982,7111,202778,378239
6203,5982,330810,87482,6018,329574,793106
6630,5481,84382,33037,9000,914575,1072420
4870,5278,115991,61593,6925,364710,608774
5759,5240,105249,62148,6981,173731,374071
6185,5908,279209,27092,7482,178862,522997
4296,5352,67504,25685,6963,198124,342646
5888,5426,906871,23389,7093,306381,1272844
4463,5185,97184,22334,6944,159703,310647
5407,5741,151071,26037,7074,229094,440016
4110,6500,237847,33703,9056,182744,522922
6185,5519,81511,52444,5833,430801,598348
4759,5722,102490,35296,9630,181341,388757
5722,5278,262432,33111,9223,181268,516979
9203,7074,308708,84112,6277,230640,692311
7926,6629,90577,32944,10130,336699,516497
5944,5315,105204,25148,7241,191590,358905
4315,5629,97813,24537,7556,155815,311684
4148,5333,312237,48555,5574,333075,735237
6074,5444,79938,25630,7092,196598,338905
4574,5482,102528,42889,6740,1247797,1425029
6574,6148,97618,25260,7203,241842,400497
3926,5574,165283,22685,7408,194288,448127
6481,6778,239170,24981,6759,268661,568663
3777,5185,90798,36296,9815,386570,559496
5740,5296,101018,34037,8759,155814,325738
5759,5445,551644,25556,7537,192499,823866
5963,5389,333494,45204,6185,348001,759570
4370,5852,79103,64556,6981,275135,467701
13833,4389,1217601,37963,9185,317223,1658509
9037,7037,95896,24814,7334,167214,360017
6092,5556,245837,33963,8019,154456,468775
5870,6852,72113,25537,7444,314033,450275
8926,7074,103277,52556,6481,357794,562349
6055,5574,100701,32000,10556,202111,372720
5425,5723,143773,25444,6797,184946,390386
9352,7037,238104,26241,6926,229300,532534
5185,5351,86140,23592,6148,197878,342164
4259,5407,98193,35518,8945,171824,338312
7000,6018,109339,63482,6796,181307,388757
3870,5389,238947,26926,7111,189550,520978
6815,5796,107908,32797,8666,905567,1088401
9499,7371,108128,85833,6019,353942,586792
4019,5166,102830,32167,8666,214594,382887
5814,5704,155791,61351,6815,173689,423701
4759,4963,61381,27204,6963,250858,375294
9240,7333,103953,31297,8741,391747,602255
6777,5796,105618,26370,6982,157047,327516
9222,7019,147152,25833,7111,209827,422090
4240,5333,224910,25259,7556,246995,533219
9259,7074,78000,22518,6241,201128,341294
6555,5982,96460,25389,6685,156797,316424
9296,6852,118403,24148,7204,268687,464016
6703,5759,310790,30518,6278,187004,602366
6260,5888,81084,23685,7297,198025,341647
9592,7185,98841,66407,6556,279119,481108
4888,5463,105024,25518,7630,182123,349812
8722,7500,213725,24019,7463,215327,541201
9000,7648,78631,24111,7463,303774,449035
4814,5167,103239,22834,6666,175963,340516
4389,5500,103829,64667,10222,188409,451201
9018,6870,131569,25963,7185,195337,411812
7315,5741,230677,22648,7167,160690,451849
8926,7018,82953,51852,6296,336619,521201
5926,5222,77599,22222,7241,153252,287073
4722,5037,124337,24926,6852,213179,393961
4315,4833,275465,21815,7648,152754,515701
5814,5482,84759,32592,9148,229221,384534
4444,4870,537905,39537,6722,180109,793050
9778,7148,111384,33092,8667,186281,392331
6148,5611,168160,26518,7630,257930,491627
9444,7518,88010,25482,6500,247840,403146
6129,5241,100304,33111,9444,383434,555719
8555,7018,255394,24723,6963,211269,532126
4277,5223,141169,25611,7334,347679,546867
5426,5315,249315,64482,6685,181700,532460
9777,7408,85276,50093,6333,401350,574682
4445,5037,99570,25167,13981,224113,391572
8611,7074,117494,24815,7463,161430,361906
6945,5833,272436,36982,9148,153061,501034
4944,5315,108230,26834,7148,314507,518330
14092,4297,79506,46556,8351,358899,529515
4518,5056,103744,24593,7259,161476,325201
9685,7056,167076,31241,8925,180219,419554
4425,4630,73555,23037,7111,361127,490997
4796,5129,110387,38000,6704,355499,539052
8944,6889,98366,25092,7315,157614,319480
4148,4759,147012,30796,8537,198190,408312
4685,4870,52195,38000,6722,186156,329739
6759,5630,78544,51908,6759,331842,500831
8759,7537,103265,65296,6426,403584,609700
4648,4481,119077,60870,6352,206680,421849
8315,6629,764668,31963,9129,216901,1072846
6500,5556,78924,27778,7537,355832,534738
5407,5093,101755,31167,8944,336668,505775
4333,4630,547031,23944,12870,179002,789977
4908,5203,160511,31611,8555,187876,413665
4185,4593,263990,63240,6778,196507,555034
3796,4555,103395,51000,6370,356121,540015
3851,4519,107189,23629,6871,199753,381053
6593,5555,145002,25481,7000,194719,402979
9204,6685,268073,32908,8574,185423,529275
8203,7074,85961,25426,6925,258260,409905
5778,5648,100458,25370,6963,319428,516664
6222,5592,116549,31907,8889,185727,371886
4704,5037,235620,25630,7351,240507,538756
8870,6852,798488,32167,8592,338246,1210863
5630,5129,241190,24797,7351,263585,589089
6333,5593,100688,25018,7389,191551,351665
6425,5408,161167,25463,7333,185312,439460
5685,5167,95572,23463,7926,289185,493090
5629,5704,102829,33315,9296,376075,547607
4926,5037,102346,25000,7074,239263,399016
5203,5444,152622,24741,6648,214024,425460
8870,6945,351285,45482,5870,358395,791532
4167,4574,88358,30740,7426,181270,351276
47110,4630,98208,65537,8500,274067,525589
4166,5056,116409,24926,7463,167218,363942
6222,5593,221444,26426,7592,191165,474979
9259,7240,66387,32870,9000,234056,376220
3944,5093,98273,52741,6944,362261,556571
6000,5296,104327,26370,7481,164654,329776
6426,6148,173120,25333,7556,219655,455257
9574,7055,701822,33611,8778,186932,984457
5703,5297,100208,24000,6926,173938,333757
5426,5759,506984,66000,6722,177697,786755
5685,5000,138964,26944,7241,757753,956624
5852,5796,391128,33741,7963,326960,791718
8907,6889,81440,42222,5019,215761,395219
6629,5463,107457,66944,6315,287059,495608
4407,4685,107714,33315,8667,210543,387794
8611,6667,242508,27537,7426,203711,513016
6147,5630,82469,26407,6963,277307,423312
9130,7241,118207,31370,8760,300401,519831
5389,5185,95965,24407,7019,286403,444775
9408,7111,171092,25111,6740,156277,390702
4704,4740,82090,31537,8556,190575,339795
5555,5592,97570,25555,7667,331539,505589
6630,5852,100881,62019,6852,192394,391980
5018,5315,128954,25666,6945,209322,430590
5611,5352,49211,33389,9000,188528,310369
9722,7426,271024,24463,7296,415046,769533
5685,5352,107743,26667,16463,208069,388942
8518,7074,108241,23185,6741,151924,355275
5555,5241,334721,52370,6296,374627,796921
8518,6852,83107,31889,9074,216428,373053
5833,5592,100105,24463,7278,194726,356997
8740,6963,104788,31463,8537,176636,352294
5445,5407,154212,25000,7185,251304,485053
6148,5555,56654,25482,7444,314584,435127
9018,7370,102263,52741,6407,306086,527848
5500,5796,97261,31648,8463,185960,353757
8351,6815,941240,41722,6778,183623,1207585
8203,6759,335535,47148,5981,402850,821680
4759,4833,83810,31630,8704,188614,341035
8666,6852,99141,25241,6185,185116,348794
4445,4648,95305,25871,7481,267081,454794
6166,5556,333229,23500,6074,180323,589200
6556,5759,818319,24463,7093,423951,1302122
4351,4871,100002,67278,6963,366939,599959
5759,5277,106908,25408,6926,165349,330405
5463,5704,167183,32093,9129,185722,421590
9074,7222,56700,25740,6852,199206,339942
5759,5445,94586,30537,7630,429780,590867
8536,6871,99028,23204,6722,234692,395442
5704,5833,130249,27685,7685,208582,404479
9092,7297,231246,32371,8851,271325,588460
5870,5814,83337,44130,6907,248143,413479
8166,6704,101465,67055,6482,373976,579330
5203,5519,104166,31703,8945,184462,354442
4907,5407,328516,51814,6371,311202,736606
5981,5445,80384,32481,8852,296484,470090
5352,5722,106567,52148,6334,377133,602330
5611,5278,1144323,40945,6704,184779,1405196
5481,5426,265025,27556,6277,182398,510645
9203,7407,1233634,32741,8796,198302,1509102
7222,5907,101373,33074,8963,430105,604737
8537,6629,105001,26370,7667,154312,323702
4370,5167,122443,31000,8944,179926,366628
6925,5722,336052,51759,6556,410314,866087
6592,5537,87272,38426,6074,179671,340887
5074,5167,248806,32167,8389,226209,542719
6018,5556,109915,24259,7352,233194,401812
4277,4889,273524,33741,8148,156696,495793
5741,5833,86318,26982,7592,196106,346535
4130,4685,101464,48426,8222,307941,517793
5425,5759,98185,24833,7315,158684,314627
4204,4574,263626,23037,6148,185204,522627
6482,5870,72347,63611,6685,279243,452090
4092,4797,758696,28166,7519,246927,1066309
4222,4852,103305,25686,7537,193840,388165
6277,5426,145137,23666,7056,252083,455627
3907,4537,51116,22722,7630,199253,325406
5573,5315,78651,51778,6074,302032,491497
5722,5852,94445,22426,6666,158017,341813
14074,4352,109757,24796,7315,177408,353313
4499,4611,297941,24629,6074,330593,694440
5611,5481,85753,34130,9352,333189,526738
5463,5314,525455,43592,6759,312911,942531
5870,5500,103397,25278,7814,284879,448275
4519,4852,289524,43981,8259,282936,676200
5296,5260,584244,26981,7704,243454,908291
5778,5555,107205,23463,6556,176163,342035
5203,5722,94981,24852,6852,159962,312257
4407,4759,132756,23889,7260,306092,522441
5370,5259,365458,22666,6537,177095,601552
7851,7149,78937,49648,5833,307301,484978
47129,4556,152416,34278,9537,318228,604274
5408,5870,118062,64093,6703,203306,421739
9092,7074,204357,27222,7000,861063,1179493
9184,7315,78743,64223,6407,195496,388590
8611,6778,107593,46222,7444,283683,482201
5610,5056,276424,62389,6481,206610,587126
4833,4760,165570,25185,7222,169132,417368
9129,7278,61808,26445,7777,228597,368183
4630,4814,99381,33759,9519,418671,628941
9037,7518,102212,27092,7111,197602,369590
4759,5037,136172,64204,6537,201029,434886
3888,5426,246818,33167,9185,181050,497071
9074,6963,81501,62315,6593,234126,417868
4981,5278,100703,33092,9056,173665,345035
4297,4574,107293,25574,7407,306945,473424
4037,4870,276995,32796,8815,189206,536293
8833,7648,65993,25074,6963,238172,390405
16167,5463,76120,34259,8352,405914,562108
4759,5148,103933,25037,7222,161751,323720
4704,4981,193208,30685,8315,200141,457831
4870,5259,53521,40611,7445,187662,328461
4370,4500,100204,32389,8907,294016,464682
4741,5111,92998,26370,7667,157074,310295
4241,4796,144848,22592,7037,154484,353776
8463,6481,219346,32018,8778,203207,494257
4500,4685,80399,39704,6648,181581,338720
4222,4444,100953,27629,19408,206453,382572
6148,5462,298802,23759,6667,314195,675514
4334,4703,202022,31167,8926,235234,502868
5500,5537,81204,24130,7148,324867,468979
4759,5611,116092,88629,6167,256276,545515
5352,5555,100664,61278,6537,188501,384757
4519,4981,156050,25945,6981,184114,398072
5277,5426,49418,31649,8759,204172,377072
9518,7519,568156,26167,6944,316968,962142
4740,5204,104581,24666,7037,314047,477590
5462,5612,137893,22926,6944,248160,467201
9555,7778,268650,24833,6815,159532,493904
6203,5371,86370,42963,5741,180164,396127
50074,5574,197720,23463,6963,335461,648107
5129,5167,114218,25463,7704,271576,469682
9037,7407,233901,23000,7166,160782,458553
5222,4833,82343,24649,6981,235729,381553
4092,5130,96860,24388,5723,189675,397868
10167,7166,277098,33926,8686,188343,549349
6352,5667,160688,32796,9130,197976,451479
10555,7445,235612,24703,7223,229496,568145
6685,6074,97462,53185,6537,327313,519330
4963,5018,98515,23408,6944,199539,354350
5278,5074,124068,25426,6889,194707,378461
8777,8333,223956,32907,9796,232468,535885
8777,7297,82286,23870,7445,202767,349794
5462,4815,114525,66759,6852,370268,619200
6796,6129,120782,26482,7352,307567,491015
5778,5111,211854,22518,7611,251921,521238
4407,5296,85000,62945,6500,294960,478330
4574,4760,105460,24630,7278,407147,570793
8852,7037,105403,23111,7500,213187,381331
3871,4481,167345,34019,9370,181782,418128
8407,6981,62992,26925,7482,197507,365645
6944,6000,92712,32204,8907,414508,578552
8407,7296,897672,27741,6537,229710,1195085
4611,4630,654632,24075,7296,299584,1023161
6092,5611,659205,22389,7426,245290,962772
4241,4685,80962,39092,6537,272888,459664
5907,4944,104330,66593,6722,325149,527848
4111,4630,118161,27093,7296,171633,347683
4167,4629,203734,32685,9166,214950,485997
4111,4629,75380,62555,6463,270915,443034
5148,5204,106970,54889,8407,360175,591238
6759,5981,103931,25241,7500,159401,324053
3925,4611,178281,32740,9852,187847,466089
6111,6555,46241,25093,6889,211553,336738
6722,5500,651850,24722,6870,352663,1069068
7777,6593,98885,32851,10186,157835,363720
5629,5241,136975,24926,6945,160170,355109
5166,5778,262547,31482,8389,187598,549182
5518,5352,81026,27667,8167,192916,339757
4704,5333,102469,25111,7278,309399,484645
5685,5278,107800,24796,6889,252716,419331
8815,6407,313853,47519,7555,302236,738718
5759,5278,83018,25000,7129,201388,345294
5426,5037,99349,23796,7093,177408,335646
4667,4926,98902,24944,6945,263040,419072
5499,5519,295400,22630,5796,188393,557496
6185,5278,78528,34537,9796,276396,449850
5407,5167,101248,45574,6981,411490,590719
4481,4834,107079,26574,7611,155901,355479
5814,5185,148133,25222,7926,233458,441997
5278,5555,265964,24611,6740,158571,484368
9259,7426,83776,24741,6889,228666,394591
13741,4426,78162,22445,7352,302297,470757
9593,7240,106272,24593,6926,158578,327776
5759,5333,254455,24944,7167,198042,511126
5778,5389,77397,25389,6981,318934,468553
6203,5556,111857,31593,9019,829229,1011679
5018,5574,99171,24759,7037,252827,433109
5611,5297,162594,25537,6555,259626,480831
4981,5426,85666,32648,9112,227257,402238
5667,5259,89331,43759,6759,426963,592590
5092,5000,99477,32740,10130,157040,323775
9333,7685,117234,25167,7333,242431,424831
4815,4944,342010,45666,8204,273265,709218
5963,5352,80211,43685,5944,180528,339646
5629,5722,99301,65686,6444,388695,588015
9519,7352,105243,26241,7185,157903,327906
5833,5204,244686,32240,10093,214607,531441
8388,6908,63313,23871,6888,201963,346701
6037,5407,98089,67222,7445,255371,507145
5444,5741,98290,32500,8815,231782,399720
7796,6315,368918,51093,6574,236393,723607
8871,7185,67471,28759,7630,198230,343684
4703,5444,105136,31019,8833,283288,479108
5148,5889,93559,25259,7760,209012,385312
9722,7222,134316,62408,6407,183977,422497
4852,5296,237852,26944,7389,275849,578497
8351,7223,87201,26000,7611,312722,467423
8463,6407,96384,23352,7722,302873,498126
7074,5907,97697,24426,7445,252060,415053
8426,6667,229231,31500,9167,199062,499479
4759,5315,77303,39593,6537,214139,366035
5999,5908,103727,45556,8500,308047,492478
9018,7371,113244,25277,7574,192366,404998
7482,6426,138815,27722,7686,237515,441220
5092,4907,57870,23259,7741,344072,461182
4240,4796,102016,22944,7944,587481,747643
9481,7574,105143,24278,7537,186615,355368
3963,4648,143955,33352,9019,185190,428090
6703,5648,273120,24167,7500,195081,530515
9573,7741,100469,26482,7259,272936,463515
6388,5778,101430,24648,7223,307770,495311
4797,4907,111891,24741,7203,177163,380646
6499,5741,277074,22759,7445,309607,670736
5110,5556,111239,32277,9334,307666,500885
5945,5518,103403,106796,6389,296057,542386
9000,7148,99697,63704,6852,177837,379331
5463,5962,166270,26370,7296,209451,439460
8889,7129,324786,32592,8593,387192,788440
5203,5093,109301,25612,7333,367991,539719
8092,6907,102819,34925,8797,184754,395997
6815,6278,139982,23334,6963,161182,360665
6129,5815,222666,31981,8574,185573,477830
9203,7019,82756,67704,6777,270557,496256
43351,4519,105995,43537,6592,344132,565219
9685,7685,106437,25445,7370,158598,329461
5389,5055,237546,25537,7167,223895,520108
5592,5463,76692,23056,7074,275250,411572
4333,5167,101301,52240,6667,382307,566626
5277,5612,97706,64574,6777,185015,384479
9463,7000,153649,25796,7463,240108,459498
3870,5556,265887,23481,7093,197462,521145
8444,6833,85015,45648,6426,357205,560607
6667,5889,99197,37426,9556,218522,394313
5815,5870,131269,27130,7870,191692,418627
6148,5685,358267,23611,7667,414876,876143
9278,7648,84413,38833,6297,192196,365831
5166,6426,95522,31241,9352,163476,349479
8944,7463,96557,24926,6926,235793,399035
4981,5611,1135703,33296,9000,235197,1465750
8962,7186,96923,62388,6704,253130,471293
5482,5537,99476,26648,7037,297540,487720
8871,7518,100234,63518,6630,260282,515849
5056,5333,141064,31908,8592,181026,412664
9036,9093,229636,26519,6759,204546,502904
7722,6425,93450,32277,8723,183974,358442
6426,6240,96670,26148,8241,158847,318424
5888,5389,132723,31611,10167,188830,413960
9037,9296,302257,25686,6629,224684,601422
5259,5519,76366,31259,8704,190762,389405
9203,7704,94827,26019,6963,213596,381609
5296,5037,104380,25241,7130,184413,347405
4463,5296,334860,23000,6852,312340,727811
5278,5833,74506,31815,8908,235566,382665
4222,5185,241782,22703,7834,293400,614608
4999,5297,104168,49407,6722,179627,366497
4408,5092,164296,23481,7667,281683,503053
6370,5722,73201,31297,9074,191056,337516
4019,5277,101681,30481,9778,296243,485627
5407,5315,103659,27982,7574,196690,385349
9463,7574,128695,31463,8666,208396,410702
4222,5500,216044,24703,7186,161527,477071
9370,7389,95413,26315,7722,201808,374739
4278,5481,97392,63778,6444,307198,526349
5777,5297,103241,32519,8685,275589,452960
4519,5240,185814,62203,6834,220517,501201
5351,5519,104866,33075,8722,227427,406405
4426,5648,113124,42333,6185,351096,540164
4907,5592,98307,30908,8685,193469,362220
5741,5741,153304,64685,6519,182341,434350
5573,5575,79580,26370,7408,315787,461793
4703,5259,83430,26130,6241,194661,391720
9278,7351,99262,33314,8241,159996,334072
5333,5760,119777,32222,8482,218739,428887
9092,7519,324905,86981,6019,346683,799162
5296,5370,81533,30666,7556,257854,414571
4537,5018,94419,23704,7018,299820,453553
5018,5648,98435,22649,7203,248563,428090
9259,7371,244118,33389,7889,206508,525460
5999,5593,100672,22870,7019,205363,419441
9166,7463,100040,30611,7574,310365,489478
5425,5871,93908,30407,8463,254904,415719
5148,5333,157258,27333,7648,187573,428849
9148,7667,53534,23851,7389,207224,333554
5814,5463,89458,22166,7037,302596,454590
5833,5592,100567,32870,7908,179617,350831
8352,6685,104509,22926,7963,269637,436905
5389,5722,304969,27075,16907,210972,589034
4093,5148,453708,32500,8648,222547,744792
5499,5278,100965,24630,6148,217811,379312
9185,7241,102815,25648,7333,188906,394887
7796,6778,261164,24148,7297,308665,665811
8462,6778,266736,24334,7296,355019,686496
4259,5463,104253,23648,6074,371022,565034
6185,5722,100065,31482,9111,182044,350053
4351,5352,163804,62574,6963,181175,441923
10333,6648,238005,27889,7815,267195,586015
5852,5574,95744,52481,6463,299976,541534
7740,6352,96520,25481,7315,161571,323294
9019,6666,128499,31759,9056,265350,467238
5351,5593,205682,24555,6426,264945,531978
9129,7259,81976,63537,4852,208115,392368
5000,5093,97270,22889,6926,335597,516442
5537,5537,242490,31408,7889,193692,522923
6981,5778,447080,23870,7723,222822,732014
5055,5333,551838,65092,6963,209917,881865
5889,5130,107243,50889,7111,388920,580201
4741,5204,103833,24389,7222,246479,407591
4574,4851,180332,26407,7685,235722,474478
4759,4926,250662,23389,7259,154576,496941
6000,5611,97456,52908,5981,315930,499997
4759,5055,100159,36185,8537,157840,328776
9203,6963,134989,25186,7185,164842,383145
5944,5352,236765,31704,9018,180362,485719
5463,5629,80022,45149,7166,192161,369479
13593,4259,80242,27593,7018,186145,355295
6556,5925,99814,32334,8518,180703,349498
5777,5352,191201,25241,7555,234797,484645
5555,5778,83513,25908,7370,230503,377812
8999,7241,101382,50851,8630,352801,545700
4407,5315,73398,23741,7092,347378,482645
8426,6407,632173,67982,6685,286821,1059994
6722,5814,584505,35722,10074,329749,989271
4500,5425,102577,45167,6518,318736,527478
8999,7315,102538,35277,8408,160775,376257
7703,6296,121110,26537,7463,264277,449516
6111,5667,315033,34815,7388,207816,613774
5741,5592,79494,25778,7389,207967,367053
46369,4186,97269,30648,8723,278209,484849
8907,6630,94527,62222,6537,219286,413683
5389,5889,287765,32277,7908,411990,769495
8499,6759,79226,29445,8426,208883,376331
5870,5666,100872,48982,6333,307162,491311
5222,5648,96481,23370,6963,220517,394738
5778,5259,159997,24426,7260,253333,471794
5889,5778,212550,25537,7334,205520,480053
5426,5500,91197,22296,5759,196968,345276
5204,5518,92898,33445,10481,189137,352387
4482,4944,128841,25351,7612,172435,358146
4685,5185,325561,31296,9111,331676,778033
4815,4981,628780,24297,7129,241048,930532
8185,6796,548501,31185,8889,237550,862551
8537,7055,500999,24981,7352,171664,771107
7130,5907,330626,31444,9741,406314,808495
7981,6593,76142,24518,6686,203392,342053
5667,5759,98918,87500,6259,300598,534442
9352,6722,98175,23185,6815,180823,340794
5444,5278,310987,25593,8037,200639,575033
8667,7074,236318,32445,9722,188327,496923
8945,7907,87280,48148,7000,370995,545794
7666,5704,98277,27111,7037,159425,324238
9036,6945,101386,32315,8870,188908,366053
6445,6185,264976,24500,7093,154261,480183
7037,5852,86882,24648,7130,277467,439016
16740,5648,409250,24130,7074,367004,849032
5260,5277,109008,24814,7186,263027,430128
4537,4981,223746,31722,8871,182622,505386
5926,5537,103558,63500,6556,258494,462145
5370,5444,105686,25704,7278,362570,556533
5592,5296,585814,26907,7611,347792,1028457
6167,5444,161311,25759,6704,208094,428516
5185,5389,223698,32537,8685,245502,566274
5778,5148,73992,46296,7278,182228,338146
4259,5556,101101,27722,6963,314119,479164
9777,7259,108988,31371,8611,228139,409905
4389,5944,213319,25704,7370,245808,537923
7129,5556,79539,29592,8630,260144,409219
4351,5519,100333,62630,6648,399182,596867
8648,6555,101794,34389,9241,233389,409275
4333,5648,223495,62019,6518,268131,623015
6444,5481,80827,32352,8407,310782,484460
6518,5389,104621,53796,6370,308544,504626
9055,6945,97526,62037,6833,253175,475534
5833,5407,157080,26981,7630,302769,539497
6388,5648,70559,32000,9130,239069,381497
4778,5685,92075,39204,6556,287774,487849
5908,5388,99944,26111,6981,163111,323573
3982,5222,118626,32556,8963,191612,378998
8870,6649,289624,26815,6574,216243,571997
4555,5407,81937,24334,6426,198913,358627
49184,4482,95453,50185,6297,321006,542126
4240,5611,141340,32074,9463,378472,626811
6018,5482,200467,62296,6593,179956,476108
4055,5259,64206,27241,6926,283032,424627
9000,7130,98926,32722,7945,281997,476016
6241,6148,100239,27592,7037,170649,336313
8518,6333,1322755,31259,8426,182662,1608824
6463,5537,233531,24981,7204,153634,480201
5259,5167,1056954,30833,8371,271964,1418436
5481,5463,95600,25574,7408,163620,319850
8500,6592,543857,25352,7204,254341,882846
6018,5463,469429,23408,7296,204529,751088
5278,5000,79131,26629,6815,207941,348369
5481,5648,99981,25037,12444,193110,360720
8611,6722,92312,23000,7037,212723,364405
4593,5111,876994,64241,7130,212387,1187993
4426,4963,101937,26611,7092,314524,478164
8648,6648,100416,24445,6129,386229,547070
5629,5870,102785,32444,9074,193029,367442
8685,6407,134560,62722,6797,190289,445553
6444,5463,67132,27074,7241,239106,370386
5852,5741,92574,32222,8722,183313,347646
9722,7296,99813,26630,6944,301610,481867
6333,5296,106070,30889,8778,194502,389090
9240,7204,341364,23908,5963,367964,772643
5907,5296,711010,26611,7296,330873,1109715
4926,5500,96175,65203,6797,187693,409979
9111,7667,103432,34796,9111,189029,370369
4204,5037,244818,25241,7592,164531,489997
8963,7481,68409,30500,8926,245052,394368
4500,5463,100463,25018,7278,177850,341887
3944,5815,100386,63444,6667,251148,486367
8815,6851,137366,27333,7556,207002,411886
4352,5259,47734,22944,7259,259061,367479
4834,5388,91621,52000,6203,330988,531682
9240,7407,820970,33222,9315,451449,1349936
4241,4926,139523,24833,7556,239196,460238
8962,7130,248225,64185,6130,237420,585718
4648,4704,74723,50537,6740,341164,495090
4741,5463,103109,35149,8740,189870,373017
3999,4649,564458,33852,9463,186500,818624
4926,5740,202828,29759,9481,183522,493553
9241,7407,76474,38963,6740,218080,380665
4722,4907,100175,52704,6185,299693,507404
8907,6926,95840,33018,9222,183455,353887
6796,6037,155281,26685,7149,159031,377608
7667,6592,74298,24852,6852,298088,473072
8222,6611,79481,53704,5759,403923,573385
5000,4759,114757,25518,10537,194019,407683
6481,5815,120588,24888,7223,161206,341349
4259,4722,229623,23259,7445,172615,456368
5981,5611,81713,33426,9445,324543,492664
50148,5130,94285,54278,6000,409600,635589
4537,4629,94876,32407,8556,253400,413738
5315,5852,271151,66741,6648,397048,767107
4148,4722,809149,31370,8649,384103,1258048
4796,5278,104073,49407,6167,408516,627348
6407,5592,93367,30686,8592,182280,343331
5055,5574,159494,63463,6556,195799,492126
7574,5722,235751,25667,7185,160246,459997
9093,7278,87434,48037,5630,392506,600052
6481,5834,101080,26018,7445,296621,484627
5166,6000,127467,25241,7296,197846,418812
5759,5963,224799,31833,8463,237884,534849
9222,7129,441167,68592,6593,322569,894346
5666,5834,106627,33259,8648,335963,512608
6352,5925,95718,24222,7408,208243,384794
5962,5371,275771,23889,6592,188578,527200
8815,7333,93399,25944,8074,266081,462683
13611,4240,80249,34129,8963,1074115,1230715
6093,5963,613412,23815,7352,218267,893977
8852,7630,154206,26815,7463,169273,423016
5740,5945,237353,24388,7075,274384,574515
7981,7055,85370,33444,8963,184647,345757
6092,5482,96126,25408,7259,311815,495645
8074,6981,98754,34056,9148,215207,421535
5926,5389,209862,62260,6777,179450,484664
6259,5944,458472,32851,8760,211931,759273
5926,5130,97062,26185,5963,179491,337609
4684,5334,110634,33278,9370,218290,396701
4426,4722,210150,60889,6537,182810,504441
5740,5445,50778,25555,7204,226479,340035
4963,4815,96516,25648,6574,338611,520053
5333,5240,96218,64686,6611,188354,386868
9518,7148,141216,33148,8870,255652,492089
6222,5482,50102,27352,7296,202266,316369
5481,5612,75989,30500,8500,196916,342072
4685,5148,92672,24963,7204,202029,352664
4278,5111,118799,25371,7129,285143,485312
5704,6037,359371,31889,8574,343495,767681
3963,5777,79833,61129,4463,233092,408220
9241,7241,102441,53741,6500,281389,499979
5314,5463,99273,33111,9018,216022,384386
4444,5482,160881,24185,7593,246542,463497
4889,5574,80213,30870,8852,291285,454331
6667,5592,97581,54297,6444,294490,515053
5389,5278,97023,31704,8796,191790,355554
5074,5833,131318,61870,6944,179459,405738
4629,5222,658112,27296,7241,216087,933846
4629,5186,89368,45426,6759,357814,528812
9111,7203,106441,25018,6038,447463,651014
6518,5667,125179,32370,8796,218523,412275
4778,5685,297492,25074,6296,342727,705941
5815,5519,703304,30111,8630,239227,1008661
6018,5315,103914,55889,6629,417917,610663
4462,5834,97689,26611,7759,160513,320998
9037,6740,183761,30241,8889,190755,444312
3852,5555,93259,30426,9130,289442,461534
6518,5500,97683,52185,6166,288722,472293
3907,5278,95810,30204,8555,203966,384035
5871,5203,127845,25593,7167,198634,387572
9018,7296,363380,30037,8556,336967,771440
5925,5297,94452,25166,6500,350342,537645
6426,5463,143839,50166,5537,273400,502349
4759,5333,129170,28963,7240,166569,391257
5907,5130,314815,24038,7148,179384,554867
4555,5352,79592,33296,9741,305739,478164
5630,5518,108367,55649,6259,293352,503312
5722,5296,98846,29685,8445,210966,373571
4296,5611,269993,141555,5778,307188,749588
5462,5463,76491,31277,8889,213693,378164
5870,5648,808451,25444,7889,297783,1191493
5296,5463,94597,31037,8333,163735,357831
5944,5389,154614,23870,7185,277143,514664
4907,5389,244982,31500,8518,181849,492183
5000,5500,89702,44296,7222,295037,485312
5241,5648,92755,26074,7167,217724,370405
4092,5463,109827,32389,8982,190744,367553
4148,5037,216917,27463,7797,253172,529423
5222,5926,314156,31055,8315,234193,616348
4222,5223,97357,57408,6574,309917,549534
5148,5278,95689,32037,8796,226902,426331
6629,5704,201761,24426,7500,530475,792347
4814,5426,78203,24797,7222,232424,389016
5684,5315,103590,30278,7648,336278,507089
9889,7537,637828,22667,7055,233500,953754
5704,5370,147845,22111,7704,219949,424016
8000,6648,49417,30222,8944,198100,336683
5740,5130,87378,53092,6537,299083,476627
8963,6482,97208,33556,8259,173808,342887
5629,5556,116818,24222,7185,157569,334905
8555,6482,284889,33426,8815,161034,518293
6648,5814,79184,23648,7315,257407,399516
8722,7018,103386,57463,6870,342649,575533
6666,5611,541531,26278,7778,195538,800365
8481,6871,153399,31315,8889,191117,414812
6259,6018,1185323,25500,8111,179854,1445584
8037,7185,98654,39778,6796,307936,488553
7407,6277,97560,33315,9000,189827,380701
6611,5519,132798,23185,7204,155181,345683
6370,5463,239888,26593,7982,216200,554570
5796,5278,77071,25445,7037,312277,472478
5926,5685,96552,33092,8130,181095,346739
5092,5297,124956,26056,7074,283115,503849
6481,5204,321121,29907,7296,182673,570756
5648,5296,82249,23981,7000,323286,487886
5018,5112,440283,24185,7148,155658,652774
5796,5630,100244,23000,7241,198883,389813
6056,5388,294816,92797,5889,328624,748755
4981,5000,67888,22574,7278,238795,376479
4277,4871,103923,51611,6092,297890,483849
5611,5537,313124,32037,9685,203595,590756
5351,5445,157030,32129,9371,189912,415405
8796,6963,293694,26204,7500,163432,522682
6426,6056,83118,48388,6204,307194,474831
4777,5093,104282,26704,7833,323400,527478
9278,7407,121577,31296,8963,182940,377998
5592,5685,207593,26759,7537,206183,518904
9074,7278,94850,23370,7426,265963,435553
8481,7204,95089,25593,6296,190131,357331
4944,5000,1389142,31685,9759,190627,1653546
6796,6018,231492,26148,7259,164876,481682
9241,7407,94842,26352,7537,295378,464924
4518,4944,1653543,31148,9518,412408,2132580
5074,5334,99541,24463,6870,201975,402257
9314,7704,136465,27074,7703,206330,446738
7074,5963,237740,22519,7537,257664,555015
4073,4741,94683,50537,6926,317870,530756
6685,5851,96163,26074,7259,177651,334887
3778,4555,274419,23537,7259,236430,568293
4277,4370,212084,23667,7203,265469,563663
6611,5537,624193,23278,7370,260024,945773
4259,4556,98505,29944,6426,210660,408461
6074,5333,93485,33259,9185,188255,350702
6704,6000,706408,44500,6481,188327,975735
4592,4852,71054,29074,7334,242480,394423
6148,5537,107034,38537,6426,409741,588645
5240,5186,102439,26426,7314,196448,380090
6315,5241,153085,62092,6426,189468,438257
5130,5315,476267,26315,7204,218561,756125
5074,4852,78747,24575,7555,201436,357683
6203,5315,100764,64611,6574,279919,503200
5426,5759,116725,26167,7111,157958,367758
5889,5462,227649,23500,7092,163664,448534
4351,4704,82554,25592,7648,218574,378979
51370,4333,94996,22259,7019,183298,381775
4314,4871,95141,33260,9574,213689,411312
5833,5574,216788,27666,7445,216413,496089
4260,4537,61156,25129,6926,248953,368239
5796,6055,101136,32370,8889,403898,573015
4278,4574,103022,24611,7407,197772,391646
5870,5685,151095,31018,8445,201773,419442
6740,6148,229833,23963,7055,257035,568904
5500,5111,92404,46945,6518,341871,527849
5204,5055,97551,33611,8500,180021,345017
5852,6037,125085,63963,6926,189005,430905
5907,5408,211916,26593,7815,296580,598182
5314,5741,83452,57629,8278,230342,409201
5445,5499,100468,49741,6204,187234,371943
5389,5852,92910,31593,8407,191717,350646
4351,5389,167501,23852,7537,262922,486626
4944,5519,529406,27425,7630,248052,841365
4833,5129,103089,24389,6204,392371,553385
10351,7426,587439,43833,6537,389148,1094864
6389,5778,157047,24111,7371,180635,400535
8129,6667,1154545,25778,7426,207891,1427343
5907,5537,97729,27296,8129,386787,556478
6018,5389,92930,34889,8667,187623,350424
5500,5315,246243,24407,6982,232606,538423
5408,5592,696111,30592,9093,358457,1122512
8907,7074,78387,65444,6556,297851,482367
4574,4796,98570,27352,8759,328668,515534
5667,6333,104105,23722,7407,264393,429868
9074,7074,170713,61630,6666,188655,494015
6648,5500,46953,38370,4907,310027,429368
4722,4944,98839,32537,9056,327806,530608
6185,5241,91762,25148,7630,219569,374979
9111,6981,132483,32259,8334,266996,492090
5685,5333,42611,38092,6760,208943,325128
4314,4630,76349,25055,6093,360870,523256
8870,6833,95866,65388,6593,302243,501256
6352,5315,108215,24648,7407,272894,441053
4370,5426,217843,32611,8629,188970,472220
4574,4944,79063,23352,7074,205658,360480
14518,4685,72061,29778,8463,159623,304202
4370,4630,98076,27834,8278,307550,481516
6352,5666,227982,23889,7426,165423,451849
4092,4500,74554,23222,6963,324444,455090
5277,5297,98848,45111,6815,321834,501793
4388,4426,99494,24778,7667,244559,422553
6666,5537,144936,25167,7389,255431,461219
4019,4555,55842,23185,6870,215787,346813
6500,5445,80672,50982,6630,389472,554608
4759,5018,103671,35352,8555,178106,384572
6111,5370,117039,26371,7185,224607,401109
4685,4556,263851,31574,9945,190812,555941
6185,5389,72108,31352,8556,256870,398071
4666,4926,634939,25963,7926,341425,1057012
4482,4870,104660,32685,8889,223912,395794
4499,5093,156158,62037,6722,215525,465497
6018,5204,82063,32574,8981,198806,360257
4574,4796,98876,53408,6574,365362,591201
9111,7241,218262,23667,7278,341827,631608
4999,4963,148020,25463,7463,214996,420941
5537,5000,282110,32278,8629,190906,540201
4130,4740,87386,45889,6778,390444,554515
4518,4778,98606,26370,8574,297836,507534
5685,5055,117659,31334,9148,181894,367164
4444,5074,262879,24556,7241,218858,538886
4907,4667,80265,25834,7703,208436,353090
4648,4871,90523,86166,5963,381085,588349
4666,4593,98465,31037,9111,301440,468478
5315,5129,170297,63852,6740,186924,453146
5129,4963,90313,28796,8204,299703,468497
4833,4797,104959,32000,8611,388593,560145
4889,4907,98253,24222,7167,198689,354313
4092,4537,151417,27334,7907,195729,407034
4834,5055,239952,31260,8629,191175,541553
9351,7723,73820,50945,5963,412620,576885
4777,4834,101577,35797,8889,190883,405275
9000,7000,122464,25871,6907,174071,361998
5352,5463,206536,24963,8130,199405,507794
8592,7296,75886,53167,4426,263223,427312
5148,4981,100866,80944,8500,381446,598052
4296,5500,322919,40944,7000,304707,752847
5018,5241,174787,27148,7148,186692,421979
7555,6463,73508,31018,8611,192121,340294
5018,5000,98024,51629,5741,395714,578644
4518,4611,96633,32000,8703,238329,401683
4815,5314,141834,62926,6760,187274,424534
5185,5129,45666,25926,7111,203814,327794
6018,5870,70330,32445,8740,195669,337664
4352,4889,94642,25556,6833,290022,444423
9222,7222,104456,31351,8575,212876,408072
48314,4352,170675,29945,8796,194396,473423
8352,7000,101710,31463,8926,306231,516664
13981,4167,614948,26611,7519,335675,1041420
6111,5500,98928,24667,7481,257755,419183
8889,6981,253204,66278,6889,374255,730922
4963,4851,77072,26500,7222,256463,413331
6463,5389,101625,51018,5889,351668,538793
4555,4963,98993,24223,7685,230338,390349
8611,6648,146102,24093,7259,287154,495367
5444,4889,56878,22760,7203,206176,337868
6278,5740,78358,50907,5963,414510,577719
5296,5537,94559,22296,6686,161272,313739
9833,7018,115835,22667,6851,233589,412349
5074,5593,246610,33741,9055,179239,531757
6333,5389,80293,23778,6963,224723,367461
8518,6908,97735,34130,9611,348613,563626
8500,6870,96845,22611,7222,259246,419238
5574,5685,279398,30408,6148,340561,738681
8870,7408,53451,23056,8129,288084,409146
5240,4963,102246,22370,7518,316326,492552
6722,5463,96151,24315,7370,164588,320758
7148,5926,130686,22537,7574,167368,377480
5889,5981,231239,21723,7092,175129,463127
5407,4723,88403,53315,6278,275371,453090
4741,4889,98957,22796,8241,1005832,1196734
6722,5833,125677,24852,6907,217673,402664
4852,4926,199471,22722,7278,166045,420516
4537,4777,72747,40630,6111,215085,377127
13944,4611,73708,33666,9149,163272,313091
4574,4759,99446,24926,7297,156422,346350
6000,5185,579592,33500,9556,213051,865995
3944,4667,98516,27944,7556,265815,426905
3944,4444,95218,42407,7352,356706,571496
8740,7148,517938,25703,6038,183910,773069
8814,6630,164436,24000,7814,217729,445664
5870,5833,1540322,52092,5982,380889,2008432
4167,4796,93987,33037,9333,386177,547053
4907,5500,99189,23666,13315,187291,360350
4462,4852,106575,31760,8611,279737,475923
9056,7370,286925,23741,7111,184368,538960
4444,5222,72774,26130,7445,285056,421608
8241,7018,91439,88796,6797,272336,518145
6611,5833,94937,64945,7074,186653,384998
9093,6574,976786,28315,7074,157892,1202919
7833,6686,74340,23000,7500,243454,399868
7296,5982,100319,51333,6241,283049,551052
5555,5926,92243,33574,10556,189514,373868
6370,5667,144055,23741,7667,228423,472590
6611,5759,285461,25334,7277,172592,519997
8926,7018,82533,24556,7851,235836,384942
5981,5870,88549,26834,7222,315874,494126
5185,5389,109547,62704,6703,188581,399590
9537,6870,273027,25611,7129,336952,695681
7944,6482,405376,47296,8315,334675,831828
6167,5277,96245,25296,7204,430993,586682
5333,5445,558723,48667,8907,323197,980272
6371,5481,197222,25111,6703,173091,428850
5389,5056,55478,31945,8611,218316,360091
5944,5537,91310,22759,6685,383521,532441
8944,7370,97975,63426,6833,196542,418756
6333,5574,147046,28926,7426,184859,394997
5666,5408,52488,24074,7500,204566,318628
8870,7148,74986,33075,8111,184752,333738
4796,5166,94225,23408,8259,323865,480330
9185,7056,95056,31241,8592,220182,386257
6241,5426,252832,63240,5241,234165,585775
9259,7685,72941,32685,8556,192964,341627
4519,4870,91587,58889,6611,295688,482368
9203,7204,82640,61241,6722,184173,400516
6351,5723,1094082,25333,7648,329650,1489195
8944,7278,73044,32981,9315,192362,341387
4444,4685,99634,53481,6223,292345,513386
5981,5333,94984,64703,4982,197718,391720
6741,6074,130111,24407,7223,163035,352072
4944,5278,234053,26074,7389,272851,568126
8759,7037,79551,23148,6315,206466,348720
9074,7111,92030,24648,6963,187153,375979
6074,5611,118232,23907,7241,311784,492719
8777,6945,390470,24889,7278,205507,660811
6574,5759,84691,23037,7500,330065,488145
6667,5629,97485,23889,5685,189902,346813
5481,5537,96261,65055,6852,187330,384387
9759,7074,162462,27852,7574,276906,507886
4797,5388,95497,25537,7778,325371,509738
4759,5093,95661,32926,7685,397187,560497
9833,6760,94733,24648,7315,209857,367757
5610,5223,135231,32259,8685,190989,396516
9241,7277,517766,23204,7185,362988,948031
8871,7166,72357,30370,7685,201716,364017
6629,5722,89651,32518,8167,155903,317072
8500,6500,320907,26815,7463,203293,590608
5481,5037,266388,34574,8963,164610,501256
8981,6926,77218,25611,7186,342464,485645
4648,5222,96235,54111,8111,377188,566385
5407,5408,90899,64000,7019,180450,368980
7519,6740,168509,26814,7389,187527,421627
4796,5833,75117,32278,8834,310750,462701
4685,5797,102318,45482,6759,406641,588793
5556,5222,97298,25889,7333,159700,315869
4278,5222,148352,26407,7778,254146,463183
4203,5426,217461,24648,6778,265258,539312
5870,5259,72162,22871,6000,208836,342294
4574,5482,447511,32352,10019,192021,707941
4315,5667,117380,62777,6815,187100,399683
4481,5537,185841,26204,7351,242583,487664
5463,5333,70339,25019,7074,335010,468794
4759,5074,89263,33352,4463,426697,580312
4870,4722,98446,33222,8963,191701,381998
9037,7111,195592,61037,6777,284795,583830
4259,5723,77015,27518,7519,243112,438683
9056,7370,95735,32074,8889,309799,489757
4574,5092,99715,25500,7185,202228,384053
9796,7000,135176,26129,7797,199914,402887
4259,5074,222062,31445,8463,193342,524312
9037,7371,76023,23148,6333,208531,354739
6704,5611,93335,24445,13481,221477,407183
9148,7018,112390,30574,8870,184535,369239
5611,5426,259757,64834,6648,402164,761385
4722,5834,77477,31945,8592,300965,450664
5629,5241,96698,31259,6852,249300,438960
8981,7444,88140,62019,6555,181803,371331
5148,5482,156452,23500,7574,202638,440312
9204,7444,71302,28186,7851,203585,353943
4167,5648,97541,22703,6649,324512,503220
5388,6000,96372,24093,7222,222163,378164
4296,5611,151425,23852,6982,217535,425034
5407,5981,226979,22852,7500,211704,538626
9037,7333,79421,51907,5963,381613,552571
4259,5481,570678,31760,9629,303224,966402
8722,7444,105732,23278,7777,221600,392016
5389,5963,206859,32648,8722,191805,466664
4204,5481,72357,40185,7093,212863,362961
5277,5593,91577,27074,8648,408735,604737
9167,7462,99390,23519,8074,166090,330998
5537,5259,266554,24260,6500,190628,520497
4463,5426,70922,31278,9074,199687,389683
8815,7296,163069,27574,8018,336743,581960
4519,5148,94770,30574,8741,197524,361017
4703,5407,136805,25426,8074,200897,402442
4388,5371,339302,32167,9056,351989,757532
5129,5315,93986,23167,8129,204420,364553
7018,5741,92687,25185,7093,162959,318146
7722,6333,114389,22963,7000,287738,464960
5074,5389,327535,48333,6963,293313,728385
5592,5241,78144,34388,9130,189299,340683
9148,6852,462642,22963,6592,417150,941180
4463,5425,92251,33500,8908,197858,356720
5259,5408,277045,27481,8815,331507,684644
7759,6463,71524,32222,9074,195808,340627
5333,5518,98948,51704,5981,312624,497367
4259,5296,99298,31481,8278,173830,371664
6240,5334,139573,23593,7314,249739,448164
5092,5370,275035,25166,7871,180833,547089
5926,5278,74143,22667,6518,204522,337980
4815,5444,93808,62500,6815,189653,401738
5999,5019,114120,33815,9611,204304,388386
5444,5889,323526,33426,10111,403711,796384
4759,5537,109746,66296,6630,185511,413331
42315,4426,97725,33037,8926,332957,538775
4722,5685,94501,26259,7130,199571,352849
4037,5240,157221,31834,9463,262961,487497
5926,5704,79219,26185,8166,197372,340072
4277,5315,90791,31741,7852,381169,546885
6185,5704,94381,24519,6852,157450,310498
4222,5277,141639,24463,7092,201212,398405
5796,5814,237840,31667,8870,237528,577626
6203,5389,82190,40037,6981,421548,578811
4908,5333,96243,34000,8648,162811,349387
5611,5111,258389,28370,7463,255256,578293
4759,4926,237276,32167,10259,192018,518219
5630,5111,849106,26926,7241,238313,1150253
4555,5519,102123,32130,9203,397688,565885
3981,5426,101566,24167,7629,267043,429071
9741,7463,302026,26130,7740,296878,668978
4000,5777,69636,22704,7370,250585,377405
5796,5907,90652,22778,6167,182809,367646
6389,5518,98206,24592,7093,163182,319943
5130,5055,133870,22796,7019,159887,370794
5852,6426,230701,24426,7129,236352,525497
4926,5037,87662,21704,7722,194725,339294
5259,5407,222567,23889,7519,348596,632552
4999,4982,116046,23186,7018,314358,486163
4963,5259,760007,24741,7111,355875,1228622
4945,5000,73653,30093,7037,316529,480090
4704,4944,96170,34611,9334,322216,490572
9926,7815,95593,24815,7297,163182,324313
8000,6611,195277,31056,9092,183851,484035
7389,5648,240774,62889,6926,181464,522793
4944,5334,96217,31500,7629,349688,530719
7611,5962,96938,24611,6833,165265,323220
5185,5167,132990,31371,8555,282137,476535
5185,5593,48210,41297,6796,187491,314109
8518,6889,71949,42889,6667,183827,372609
6481,5778,93188,34407,9000,163403,330479
8833,6593,100889,26315,7426,178257,344609
5111,4944,631850,31148,9037,269737,969753
8222,6963,67386,24370,7870,358001,489701
4870,5000,1168105,24981,7574,166221,1393510
9055,7148,88918,32574,9982,189802,353665
4111,4778,278323,95000,6222,345358,755755
7926,6444,781414,23777,7149,485856,1384214
9092,7741,93522,50593,6463,294456,477293
8148,6556,718705,31648,9297,245307,1043957
4370,4963,140222,63611,6908,195683,456627
9092,7000,247961,28259,7315,197444,513312
5111,4981,74792,33648,9815,192429,342202
4092,4630,87512,26129,7760,304744,488923
9222,6926,574213,25759,14575,266800,950106
6333,5445,244248,32445,11277,230305,546497
4259,4407,78080,39018,6593,214715,381812
45592,4333,94541,50630,6018,269994,531034
7074,5907,98946,33074,9500,193349,365072
8667,6981,148611,24240,7556,168832,380035
5148,4852,59163,31704,8667,254704,381812
6370,5833,80643,23871,7333,203059,344924
4074,5056,92455,23278,7204,207449,374350
6463,5574,123472,26667,7537,190748,375665
3759,5944,225433,23018,7778,249157,552089
6018,5352,76616,26111,6889,311381,450627
3778,5592,90892,35981,9389,190107,351461
3944,5204,305463,64833,6871,220366,644199
6481,5444,280017,26556,6685,189480,548941
8999,7704,74034,33370,8926,278594,449645
5870,5408,93920,45889,5296,348929,523849
8129,6907,96067,31666,8611,206395,374831
7833,6037,158879,26777,7871,165082,389775
8056,6907,61951,32130,8833,201029,355221
5944,5297,90356,52555,6093,373937,550497
5000,5315,97928,31426,9925,231848,420812
5852,5222,177815,25741,7407,405478,647645
10592,6648,226313,25037,7148,277295,588904
5907,5278,803921,29685,6000,186740,1056845
5222,5426,94716,25000,7389,310485,478535
5888,5445,642361,52945,5833,410373,1138160
4296,5482,198174,22982,7629,287471,545015
9648,7333,85117,70240,6556,318232,515034
4629,5500,99744,36426,9704,1112082,1288270
6388,5778,97594,63519,6722,190811,386534
4203,5222,233370,29667,7740,163480,459441
5129,5389,74442,32074,9037,201742,348572
9111,7037,97329,52296,6648,393613,581164
4907,5537,97882,25463,7519,174672,331406
4870,5482,139935,32278,8981,192526,398479
4907,5556,42248,23592,7500,210639,329035
6518,5815,67154,46203,7204,317696,468590
4815,6037,97132,30111,8686,188402,352035
9167,6759,100075,26704,7666,183275,349350
4278,5444,212203,33426,9037,233961,517738
9129,7000,74534,24518,7759,245446,405164
14093,4518,67680,24203,6445,370854,503738
4889,5592,95382,25703,7500,165247,320591
8962,6741,187398,23148,6944,232470,484441
7999,7426,70877,24519,7259,245991,400831
6000,5592,94375,23037,7815,318049,474034
9055,7111,256577,24259,7203,208903,530497
6592,5741,141741,22685,7259,240553,444386
9704,7796,214850,21667,7296,270166,568997
6463,5722,73514,50593,6426,312094,494553
5722,5629,96105,33574,9074,228245,395108
6796,5833,111066,62611,6815,203154,431460
6166,5204,185360,63018,6204,189600,470867
4999,4963,54803,27833,7037,312325,464404
5352,5166,95226,49759,8445,270049,452516
4500,4981,96039,61722,6389,220755,432942
5611,5129,282870,48704,7185,371441,736977
4981,4926,62646,39611,6500,218538,371331
5722,5408,95958,50407,6408,267817,450035
4407,4611,92419,32611,9204,222468,401571
6074,5222,144380,25167,7185,238377,442386
4759,4834,224211,23870,7482,185786,499979
5944,5315,78949,41223,6907,185511,341794
6351,5648,97040,28871,16592,187125,376460
5555,5000,106334,24815,7148,200497,363720
5296,5315,307814,74722,8444,357312,777070
9851,7445,72941,23982,7000,253093,392979
4647,4945,98513,53204,6500,1040498,1259492
5759,5426,101734,62037,7166,268098,493146
9315,7167,156046,32666,8945,192025,422146
6203,5815,65470,39426,6778,193787,336794
9389,7166,90079,32574,8908,184956,351646
5000,5574,90854,26426,7648,162385,315795
9204,7018,128723,62352,6185,182645,445646
6389,6222,230572,26112,7296,283221,578849
7833,6574,74737,24314,5852,257595,414312
5555,5148,87272,62222,6463,281041,466608
9037,7167,92603,33907,9556,223987,391757
5148,5778,227953,26833,7574,238952,547923
5944,5111,70599,25018,7852,297325,431460
9278,7629,88912,55018,7315,384326,568201
6500,6111,99650,22667,7111,160422,318072
5240,5760,165796,26870,7463,161720,387553
5129,5352,69127,22648,6797,209630,354257
6000,5352,422162,24333,7167,213574,694718
5278,5574,90215,23834,6888,224875,392794
5814,5241,135158,22426,6222,187785,377646
5278,5388,41786,22889,6333,213731,369127
9314,7889,70210,42462,6093,218289,378664
5278,5481,89244,34649,8777,184680,367220
8925,7148,101835,62815,6870,238459,444904
5945,5333,318869,48056,8629,302109,707496
5555,5278,76756,66667,6500,225464,405738
8499,6908,92032,33185,8629,433095,635922
8074,6685,101604,26833,7352,163098,331831
8426,6833,143713,66260,6629,209803,459183
8703,6870,48878,34204,8740,207603,333572
5185,5482,96523,50315,6500,339566,518701
6018,6148,96003,24500,7185,207385,362887
4352,5000,139612,27314,7667,284960,488627
8944,6797,1510905,23296,7370,185807,1761193
5129,5352,83645,45481,6426,345556,506923
8482,7018,96217,22426,7333,294392,467942
7777,6389,112492,24889,7185,197136,393238
6704,5500,646415,34612,8685,194783,912384
6037,5092,107081,64240,7241,222788,451071
5925,5334,100208,45703,8278,414566,596903
5833,5648,92391,26315,7630,164200,316850
4574,4963,156240,31556,8704,194905,449756
6056,5518,83072,25407,7852,246686,392368
5185,5834,85125,23259,6908,192113,336332
5462,5667,90049,22352,6870,200098,345998
4814,4945,126936,25259,7352,194914,400312
6630,6277,350527,31796,8796,317951,737570
4629,5389,80024,30315,9389,197677,347053
9445,7537,90522,67648,6722,266846,465053
7778,6815,93483,32370,8741,248644,413961
5389,5481,312444,52500,6426,379829,820125
8555,6593,268071,32666,9130,216815,563922
9314,7315,105236,49537,6093,328298,555848
5982,5277,93623,63518,6778,183820,377979
9962,7667,159269,30722,8370,212433,477626
5518,5204,69452,32815,8907,198047,341813
9130,7037,86394,53111,6611,342751,521034
5630,5592,91392,31018,8834,195902,356831
9482,7296,128112,26333,7685,191831,386739
4962,5963,287758,32278,8130,166461,554608
7389,6185,77219,25666,7259,264742,407960
6648,5518,522069,25407,8481,414908,1039364
5907,5148,109566,23241,7315,270450,441793
10463,7333,309972,51166,6871,371598,773366
5408,4944,73988,32407,10075,306287,452090
9092,7056,134467,68796,6186,232604,484830
6073,5723,219631,34315,9500,309809,606014
8685,6778,1138426,25870,7481,245474,1450029
5778,5111,118054,31963,9092,225981,413628
4851,4908,97755,23833,8260,182743,341516
6982,5889,92197,32389,10111,310411,487923
6555,5629,136566,25222,7815,202006,399275
4593,5500,293397,26277,7408,296562,664811
5834,5351,68617,31037,7575,201399,337239
5055,5611,95059,62297,6888,279420,473274
9704,7222,95964,33482,9315,264866,457831
5778,5370,288296,24944,6759,416793,763866
7704,6463,74423,32371,8833,215575,363202
6426,5648,102699,23963,7018,331947,495830
5073,4704,92030,26093,7500,257208,410886
9741,7315,163342,23575,6962,296210,523108
4889,5018,50008,24592,7222,325435,462423
8536,7297,94542,23241,8407,345048,504589
5019,5166,558466,24371,7463,238918,859847
8352,6685,133927,22944,7445,294959,490312
5537,5278,1488924,29889,7574,224325,1781805
7611,6241,76663,32630,8907,194261,343739
4704,4889,93679,32019,8685,166355,325702
5482,5889,111548,26333,7296,184765,392146
7092,5796,269861,23407,7630,296154,627200
4981,4741,74432,22556,7093,343620,474608
5370,5463,516097,26518,7297,201324,795532
6203,5519,93651,25351,7223,166292,320165
4815,5611,157648,22667,7333,290979,520756
5907,5389,84313,24500,7149,298906,443646
5073,5074,86811,50667,5963,344168,513108
4889,5463,92531,23759,6945,206670,356591
4611,5408,127417,24019,7241,205376,421720
6315,5648,2736563,33629,9704,245271,3056575
3963,4722,345025,24148,14778,219638,646978
5629,5222,925171,32351,9074,328711,1356566
5574,5166,270113,23778,7111,247310,576663
4296,4630,216462,64000,7130,191108,526812
5777,5463,85424,31833,7778,275518,429331
4407,4834,99995,64371,7703,285835,512553
9129,6981,94605,32593,10222,192560,398127
6092,5296,161825,24352,7277,250266,474645
8741,7167,228322,62241,7277,183379,513275
5166,4945,97190,32463,7796,187567,354609
8092,7185,93819,24259,6592,159106,315128
6203,5667,132631,32926,9129,193275,397942
8204,6592,333073,48963,7297,388440,807958
4426,4722,69423,32703,8908,195668,334165
4518,4686,90643,23370,6389,195485,343868
8926,7370,89660,22629,6778,289616,454683
6407,5407,255861,64167,6648,189321,547496
5315,5556,72044,28129,7667,257750,394591
4370,5056,90727,21704,6555,230475,375646
4407,4741,96706,26130,6944,200773,354961
4500,5018,220056,34889,8167,194367,503812
6259,5408,640127,40741,6870,201386,920291
3999,4537,73441,30833,9037,195150,352646
6185,5630,97494,26296,7204,222281,383553
9370,7111,128585,31537,8741,277283,505830
6907,5852,347749,47963,7000,380339,812069
4111,4722,69062,31629,8686,198158,351127
13963,4315,72374,27445,13629,220754,374257
9259,7148,98428,25871,7092,285792,462312
5666,5167,228518,32797,9370,250515,548737
5722,5704,99165,27000,7592,304889,469794
4445,4648,111755,31759,8741,292353,483442
6074,5370,94401,24778,7463,221949,376053
3851,4445,303158,31648,8741,283745,654403
3759,4500,73915,27000,7611,295249,467849
6148,5370,1266413,31629,8463,208060,1544787
3981,4574,70522,26019,7148,192458,353498
5407,5241,119723,31408,8315,188867,377535
8907,6704,229943,24186,7259,219868,512571
4240,4759,77961,24462,6667,269260,422331
42740,4315,89013,29926,8519,393650,583904
8908,6796,102771,25537,7333,201746,402405
5389,5093,305638,30815,7519,400838,771607
4908,4926,78618,23296,6796,225751,379017
5389,5111,88376,45444,5167,285992,454609
4389,4796,280040,31851,8704,215513,579478
5741,5259,154334,27408,7666,200053,415368
3685,4611,63962,31055,8834,202351,332054
5907,5723,85589,23926,7703,192521,338628
3888,4519,94124,24815,7463,224522,375460
4000,5056,128362,26260,7537,250542,436757
5074,5092,199564,33223,9314,218934,485423
4740,4963,71766,27703,7297,321768,468089
6074,5278,90653,24814,8667,308160,485109
5111,4926,88706,30537,8889,270699,424701
4518,4871,305611,46241,5574,351218,732662
5741,5629,87832,32648,8926,294110,454294
9704,7351,106718,24426,7389,290150,485645
5093,5333,96716,62370,6908,277003,469072
4574,4722,142103,32185,8703,212655,419368
5018,4796,228619,28037,7556,244563,536811
3907,4445,74654,40259,6093,192325,341795
9166,7148,94800,24908,7444,171680,349516
6740,5870,133909,31315,9019,194774,396775
4481,5056,207481,26389,7685,169146,437979
9315,7740,73053,28871,6296,346574,513312
5499,5297,90958,67611,6963,305150,500571
8796,6852,317863,34186,9055,314448,720681
6426,5426,293657,49278,6630,297857,679181
4222,5185,77322,33074,8574,1134633,1282770
3888,4463,97617,46444,7370,296159,495330
5925,5352,87689,30759,8741,190383,346701
9148,6556,547186,26222,7778,230068,842606
4093,4611,65369,32167,8685,201333,352591
6092,5500,91867,51648,6167,291704,493515
5518,5296,95143,30111,9630,223188,408053
5870,5370,128085,26019,6963,250153,438719
4241,5259,219824,31148,8555,260748,546404
4092,4778,73525,25334,6203,207881,341590
9426,7277,96097,57186,6703,283530,499219
5740,5463,583262,32425,7575,208455,878402
6666,5630,256463,27407,20556,213534,549700
8815,7241,75053,24241,6926,332184,493886
5296,5907,96441,53796,8815,412296,600737
8426,6685,91457,63926,6648,260930,453683
4241,4741,640380,35222,4611,220355,927217
4648,4722,67471,26296,7408,208508,336331
5481,5815,89229,30907,7556,350694,506979
9722,7222,618911,39871,6648,192750,892476
3870,4760,132613,33277,8963,240348,462164
7240,5519,242666,60982,6537,257589,596163
3778,4407,74350,32574,9111,259667,421701
42999,4111,93755,53500,6111,268224,509182
6018,5519,97900,31871,8870,214801,416497
5629,5148,67473,37740,6593,356043,521719
5408,5629,73693,25704,6963,206897,341406
4740,4852,107043,37907,6611,377251,588219
5666,5408,96003,32111,8407,184958,347387
5167,5444,156909,25852,7389,230588,446942
9610,6982,56740,26111,7574,209777,335072
4499,5093,88090,33296,10204,297815,482089
8167,6815,708179,26149,7537,342128,1150994
6499,5482,125696,31315,8519,194431,387664
6296,5778,304268,65018,6852,1001779,1408436
8407,6871,69007,26537,6685,325972,462534
4759,4778,94430,65834,6648,271752,499682
5963,5611,632039,33463,9759,412677,1118345
4148,4722,331019,44333,6500,365680,771106
5722,5481,65499,27333,7241,225592,373016
13537,4370,408312,31481,10222,270389,755625
3981,4611,93921,26481,7500,261207,434812
6351,5945,153437,31426,8463,222283,443071
3907,4555,788935,62055,7889,205393,1107715
5759,5240,95100,47018,6445,353268,530219
9537,7111,228023,31093,8926,204733,505997
4315,4722,310780,34889,8685,238717,620756
8407,6611,224796,27704,7685,215831,542163
5648,5519,74942,25370,7463,201352,373072
5278,5000,94218,32778,8777,165780,327054
4092,4778,102216,28111,7963,276078,442312
9814,7259,324399,33000,7463,311838,746847
5815,5519,583711,27648,7482,263820,914088
8518,6982,494043,23833,6944,433489,1027920
5740,5352,97671,31963,8722,245105,413572
8537,6666,137558,25444,7278,290921,517071
6500,5722,70093,26111,7555,284683,441016
5037,4981,92757,23259,6148,187260,338942
8815,6926,91459,25611,7240,197188,351869
5093,5537,713604,33019,8963,239630,1024754
8555,6871,341935,23945,7037,444800,847884
4648,5371,478007,65889,6667,214302,793588
9815,7537,94765,32870,8648,316362,484053
5759,5037,89374,24222,7648,270735,453331
5555,5537,277409,47204,8352,384809,745310
4648,5315,98240,62518,6482,241035,524608
5222,5426,95849,48648,8111,1126292,1304418
3945,4481,93569,61611,6593,197817,383739
4778,5240,153697,23870,7593,260319,473942
8963,7222,66917,27815,7815,207081,342758
4851,5611,80563,22797,9407,192676,333738
4537,4574,85690,24519,7148,227641,369461
4741,5333,135744,22796,7315,290235,484923
8556,6759,345853,22092,6148,355032,760533
4611,4574,68888,52741,6389,295035,452294
8425,7148,92979,64648,6833,288056,522274
6963,6185,98106,24018,7334,219540,411165
5611,5333,267326,26240,7574,302467,658014
9333,7056,418583,22259,7463,212839,712644
5926,5222,101618,49407,5945,270009,456572
4315,5296,93116,23426,7685,233252,382590
3629,4519,164687,22352,7019,236143,455868
8389,6759,53149,26444,7241,246127,365165
3759,4407,92462,22703,6222,187926,353498
6334,5537,88718,33426,10537,197020,377813
6148,5574,123309,62241,6685,186911,406646
4500,4759,317992,49667,6518,282338,724644
9055,7000,510897,24111,7093,256450,833810
8889,7351,116229,93315,8648,194084,465960
6296,5389,90226,24111,7130,233642,384998
8888,6537,255688,57666,6963,310754,675570
5333,5093,68463,32629,8945,233479,371442
5870,5537,102850,55611,6500,355684,581089
5611,5259,1227532,33482,8870,247588,1545454
4796,5018,160975,61149,6703,187986,444479
8259,8093,235602,25871,7000,209190,509219
5148,5037,89471,53444,6389,416044,624940
5610,5649,94376,34703,8704,198252,367090
8741,6592,542004,61704,13944,205029,854773
4963,5519,662131,25944,7167,333492,1057624
8796,6852,69370,65018,6778,249405,442534
5851,5370,89127,26389,6500,200668,351275
5370,6074,104551,33296,9222,211188,385590
6296,5574,234882,61963,6611,239115,594478
5907,5333,102325,32370,8815,310617,485201
10389,7333,94748,51908,6388,286046,495775
6203,5981,88876,25704,7241,196252,379405
6500,5722,161522,24519,6777,270606,491960
4926,5000,48353,25111,7463,220516,329646
4481,5278,90740,22592,5926,190240,337998
9167,7074,92960,22259,7722,325204,503312
5777,5704,113235,25982,7296,214096,389349
8648,6445,233252,33740,9111,193857,500405
4833,5333,121287,54019,6888,272674,480238
5037,5500,96229,24815,7037,196232,353887
8833,6834,88190,32000,8796,263159,459627
6574,5574,236002,62648,6704,353142,719310
5500,5240,94760,28093,7407,264405,422720
5685,5834,100183,47945,7963,386535,571071
8981,6815,97034,63148,9759,218723,455534
5056,5277,157884,27870,7463,244985,465331
4481,4852,226251,22704,7630,178931,462886
8833,6889,87250,25370,7037,333655,498775
6019,5407,89618,23592,7167,207602,358387
8722,6741,111634,24574,7074,188457,361591
4815,5093,243280,23833,7241,259717,580256
6185,5463,73592,32167,9259,210628,356868
9036,6834,91350,25259,6204,231722,424719
5593,5166,92496,32185,8945,270075,433942
8537,6611,210512,25204,7259,195560,468294
5499,5371,58788,32666,9000,272006,421979
14482,4574,72878,50519,7037,354822,519775
4167,5352,93783,32000,8352,222900,401757
5388,5389,150263,24889,7426,158846,367312
4500,5370,38798,25167,7426,210033,324627
5722,5315,960888,34482,9666,323697,1358714
3925,5500,87035,32222,9982,185241,340127
4148,5722,105607,25463,7481,286021,486849
5741,5426,350622,31815,8537,349040,766773
6481,5852,588713,27112,7037,243226,913772
5463,5296,92082,30648,8833,162028,355406
5537,5185,92505,24482,7037,212178,364239
9166,7019,200558,31537,9000,234161,506645
4889,5389,67520,63851,6852,306626,484220
13500,4426,78480,54778,8000,290535,489442
5926,5463,97127,24666,7352,168650,358091
5648,5278,150661,31019,8592,196725,413294
4518,6000,241808,63389,6796,191801,528627
4982,5055,91583,31593,8537,333247,493627
9129,7093,89729,26185,7259,171510,326757
4944,5500,105653,32093,8555,194753,400275
6019,5537,246558,26259,7445,221642,529034
4666,5352,75779,30444,6944,327682,470182
8593,6944,89017,23315,5796,226592,377609
5037,5426,93385,31408,9037,265168,428275
8981,6537,631883,63611,6685,227149,980124
5982,5481,798936,27723,7352,192427,1073679
5444,5426,101675,30908,9167,369247,540089
8907,7000,86247,24796,7167,227917,377960
6574,5703,143894,24018,7130,206901,411349
8222,6723,68873,26148,7407,303532,438479
5018,5686,72111,22019,6777,210887,341257
9093,7018,82813,22426,7222,209315,352739
4740,5204,117052,24741,7037,178557,352053
5481,5556,718901,24000,6815,186667,965309
4666,4871,97140,41981,6630,336172,507775
9629,7056,93712,61074,6703,285767,481238
4982,5296,91691,23926,7852,270621,444238
8611,6667,302318,31352,8593,313677,687607
4296,5407,65891,23352,7518,209404,338572
5981,5426,101111,40611,6833,274868,453738
9037,6907,469572,27833,7667,191202,726626
4722,4907,152607,61611,6722,188076,437404
8277,6556,52086,31481,8760,203282,346349
6648,5926,80509,50871,6629,353877,522923
8260,6518,248786,24740,6926,309230,623552
5296,5241,117228,31870,8500,270437,476183
6981,5407,338485,25389,7334,371158,769810
5648,5723,75149,57741,4704,231144,418924
46536,4222,92333,23371,6314,437553,625514
4574,5370,239608,38260,6666,214167,544941
5351,5111,251255,23500,7389,323871,657736
5593,5685,81771,26555,7185,305653,459794
13944,4129,70251,47611,7129,422414,580792
5018,5278,94970,25444,7278,197269,352794
9092,6945,155986,22297,7203,164530,379868
4629,5593,39781,40241,6740,197681,313461
8407,6722,87594,23759,7055,194442,364998
5926,5315,86239,24871,7481,206055,354183
8518,6685,127830,24111,6926,204890,392997
5074,5759,261476,62222,6667,958164,1331011
5908,5481,72733,27352,6741,347542,485183
6018,5222,89306,66777,6426,319118,510830
8703,6593,92451,34426,10889,278194,446997
4537,5204,240875,24389,7481,170474,469775
8871,7148,65484,24000,7129,212274,341535
3962,5260,106741,54926,6574,308885,501700
4074,5185,91221,33370,9926,196907,358720
9240,7019,145348,24092,7500,225613,454756
6482,5629,44161,30204,8741,202837,315776
5981,5704,84177,53667,6426,329783,534812
5574,5444,93972,33407,8463,169471,332961
8926,6537,95006,32055,9093,198195,365035
5093,5555,209004,24297,7314,223290,522275
5740,5445,71854,66925,4797,258440,448127
8445,6889,437222,32222,9907,332459,853810
5407,6000,95090,63445,6870,195407,410979
6093,5407,289033,51259,6019,308574,683663
8926,7018,94068,61278,6870,223504,419738
5333,5574,96399,44741,7796,278914,456145
8704,6388,91712,26834,7388,224842,400090
6277,5556,138172,22945,7074,197307,393609
4944,5018,47041,26037,7167,223902,331350
4388,4834,86038,28926,8908,295829,447627
9130,7000,93648,24000,6685,164758,320887
5778,5518,107831,24352,7130,281222,450850
8611,6556,245791,24204,7167,207705,516775
7593,6500,72882,27259,8722,302986,479757
6611,5759,94158,29425,6038,250080,409775
5926,5759,88823,32203,8963,306768,466720
8593,6814,255413,67926,6778,411194,772310
4574,5296,71948,35185,8982,215717,360387
9204,6759,91353,26296,6426,431107,620163
6370,6074,89925,29408,7926,229276,385072
5148,5092,155645,63056,6741,250759,518774
5852,5277,728495,26407,7223,183277,974161
4592,5130,83511,33018,8611,188672,342053
8648,6926,85786,24834,7611,159878,309498
6204,5148,116062,31908,8852,197565,380998
4240,5093,306616,58777,6519,386213,805662
6185,5741,422836,31426,8907,388789,879273
4000,4574,91926,29223,6333,190627,361368
5518,4926,86795,26574,8092,185092,334646
8740,7018,188886,23074,7074,207945,457275
5889,5888,87513,24926,6834,250929,401349
8445,7333,92437,23111,5777,339913,540849
5167,5351,85380,24500,7296,170008,346646
6241,5666,57451,22223,6870,333713,473275
5314,5667,42171,24759,7241,209920,329035
5388,5148,650225,22463,7296,337881,1048123
9018,7352,95093,24796,7278,171349,364627
5519,5185,129498,22278,6722,169574,355943
9722,6093,69588,23352,7000,379464,524034
5592,5389,69124,68055,5871,204170,377849
8241,7222,908825,34185,9315,407630,1424344
5518,5315,86749,23259,7000,249453,396312
8648,6815,207821,62444,14704,187880,521664
5500,5241,250392,27093,7056,246178,556627
5999,5352,97595,24962,6149,333995,526182
5833,5259,85833,62296,6612,188572,372035
9074,6759,646775,66315,6834,305737,1090883
5796,5370,294162,34556,8240,448149,816902
8685,6944,71049,36926,6408,199579,364868
5555,5297,129306,28111,7185,748929,944976
10240,7352,581859,25963,6408,378912,1029679
4648,5019,232320,25426,7204,177010,500553
5537,5333,72448,25426,7334,212235,346572
8426,6315,90261,30444,6426,240015,401202
9074,6889,88240,33333,8722,255276,451182
5444,5444,235331,64592,6834,192703,529552
8945,6833,67717,27259,6982,304188,453887
6148,5482,91308,22759,7074,188042,339406
5574,5463,90010,23740,7056,165267,312054
5055,4926,145248,25852,7518,223916,427127
5018,4870,269061,22963,7593,345546,682811
4945,4889,75280,22408,6222,204625,340165
4703,4778,88279,24981,7389,239627,389516
5962,5760,113739,22407,7186,233813,404756
4278,4592,276293,63907,6760,191463,568849
8444,6963,78606,23759,7111,327503,491942
5815,5666,95734,25074,6259,194209,351350
4685,4851,950527,22260,6129,199077,1205252
4796,5555,250655,25278,7555,168695,476867
4667,4814,58116,22370,7389,230235,346609
4500,4537,103410,42815,5907,391013,567052
4593,5037,90704,33907,9167,204979,368017
9167,6685,505794,38537,6648,215331,803866
8130,6963,233774,31259,8778,187575,526756
8074,6611,79846,25759,7167,231485,376905
5574,5500,84251,29815,10093,187635,338017
5667,5537,121508,25963,7463,237989,419405
4463,4759,321377,47703,5945,370823,769348
5222,5685,72893,40630,6926,218623,384924
4593,4574,86983,24796,6167,193441,338406
5444,5056,92111,25018,7426,222887,407072
7315,5981,159887,22833,7278,252074,470035
4852,5037,91755,22407,7333,261336,410572
4370,5148,91105,25537,7314,436466,584329
4333,4778,90936,23037,6926,171673,317109
4351,4722,154119,25630,7370,240749,452256
4407,4889,65802,22518,6834,250010,371924
4981,5408,87837,50722,5981,353364,557515
7481,6426,93983,35037,9074,192274,394294
6093,5314,118481,63148,6685,186499,401461
5222,5555,398516,26111,7685,208036,668329
5000,5000,69718,54666,9630,247391,429016
14648,4426,71234,23203,7148,394504,530423
4129,4852,90102,32815,8926,195507,385405
6389,5648,174526,26296,7741,340971,581349
9259,7315,87431,26111,6778,294178,483997
6185,5926,94114,32796,8741,406679,604237
5407,5167,90297,25074,7482,170293,318461
5926,5926,133276,30389,8704,217758,451182
5870,5315,433423,24796,7278,210684,707718
8648,7407,60902,53296,6371,349317,541552
6370,5741,88992,34260,8648,856298,1017716
6482,5574,108120,63055,6945,232988,443072
9648,6963,202858,27667,6833,284398,557441
8444,7130,69134,30519,6777,201809,359442
14129,4630,69132,31426,8852,159570,302091
5907,5259,91797,25870,7723,203979,355627
6407,6185,170665,25056,7759,168851,400164
4500,5074,70330,23352,7074,220224,348554
4982,5222,95494,49241,6018,402040,580812
9296,7685,95584,33686,10500,191117,398275
6481,6037,142212,25389,7000,186564,388998
5704,5814,310655,34315,9426,338730,737903
6055,5296,76153,45111,6630,352881,507145
5241,5129,538669,50666,6241,303845,956494
5666,5445,114333,61185,6445,253775,465127
9555,7408,215979,25630,7278,167981,449034
4204,5241,74773,33463,9185,299632,443553
4944,5185,87883,36963,5000,223263,380664
3796,5241,96769,26426,7556,168840,324721
9203,6537,231897,23944,7000,209582,505237
4129,5167,85747,33129,9222,317936,530645
8833,6963,86985,50315,6093,306827,492053
6704,5833,267001,30815,8889,249958,588645
9296,6667,146407,64426,6852,195924,463220
5648,6222,229072,26777,7074,194445,484293
5611,5204,80088,32685,9185,193651,361980
5740,5000,85308,26371,7037,167838,312387
4630,5370,122880,24519,6926,933872,1114883
9277,7222,218767,31445,8574,227600,519682
6130,5370,80339,27407,7463,342659,488572
4537,5185,95411,86759,7907,340012,568145
6889,5537,87705,64370,6741,186201,409128
6129,5630,159925,24167,7370,206091,426016
4833,5389,87756,27482,7592,259372,410664
5074,5222,91051,42722,6574,392298,574164
6148,5185,97048,26408,7351,192765,352646
9463,7259,122639,23148,6963,264544,449312
5352,5351,233600,32611,8871,212378,515719
9407,7463,72190,42722,7278,412584,568274
4611,5241,90818,24611,7518,344624,512071
6352,5833,292464,32426,8926,263218,627145
4648,5574,198869,23111,8426,206665,462275
4722,5370,72978,39815,8519,290093,440109
4333,5667,91976,53037,6407,321670,508145
6240,5648,89345,32111,8611,187135,346238
9463,6796,191731,27000,7574,223730,502460
5962,5371,65358,25093,6870,273899,400516
4389,5481,755671,31685,8482,293452,1148864
8685,6982,87687,60704,4926,219718,405979
5314,5222,139575,30944,8630,168368,372516
4500,5259,42813,25760,7277,209667,330387
5999,5686,66736,26704,6445,212446,342127
5055,5222,92383,32204,8185,170634,328887
4796,5500,107566,25556,6963,250765,451201
5722,5537,295730,67834,6407,281692,680755
4185,4963,69988,34000,9389,289787,432757
8981,6963,253467,23185,7537,252567,570515
5018,5444,87484,62518,6741,188552,405868
6611,5740,296333,50889,6334,389329,771903
8629,7352,66775,33352,8815,247185,389423
4388,5352,92422,42926,6444,379242,546904
8389,7129,90975,26686,7148,167838,323313
4074,5166,120955,24518,7056,225728,436219
6685,5389,270638,32000,9370,187230,529053
8703,6778,74043,25222,7482,202733,342590
5666,5241,92911,65167,7333,352345,554663
6092,5445,119224,61259,6315,194385,410664
8611,6740,338130,50944,6556,325588,752681
5407,5352,79220,60759,6093,311574,514571
8592,6593,217199,23963,7092,214539,513312
6426,5537,90827,25277,7260,270763,421646
4778,5444,279917,54537,7352,422431,796070
4963,5852,66433,39852,6444,195917,340702
4314,5371,92727,33889,7908,340602,500941
4426,5333,507540,34963,8389,194011,812606
9259,7593,139853,27556,7685,305255,516182
4055,5130,227314,31518,8759,236961,529830
8278,6833,73979,63222,6426,225908,406757
4037,5296,84476,33852,8315,187781,382942
9092,7148,111364,25759,7278,196894,374109
5963,5889,195768,29611,8778,247988,509867
5129,5537,69008,63666,6426,205750,373053
5796,5611,85005,36408,7574,193882,351905
3889,4926,95410,30556,8759,274254,433498
3907,5278,306686,31611,9093,291199,689551
9408,7555,75462,25426,7074,255869,398405
5907,5444,90016,51426,6574,383259,557811
4425,5241,294791,32407,8982,211354,575496
5740,5204,129419,25352,7296,204357,392349
4462,5315,58028,30648,8648,297896,423775
9055,7056,462951,24796,7908,219785,766995
7370,6129,95709,25666,7500,312123,476163
7963,6815,94058,22741,7592,251884,405368
5462,5778,212871,31167,9018,197978,510571
6055,5408,93813,64130,6611,252462,447331
9519,7333,97385,46815,7611,322760,531090
5463,6185,94087,23296,7722,197948,352720
8722,7463,177103,24667,7537,170727,447034
5593,5277,94491,22666,7871,334562,512034
5871,5777,95859,53981,6278,379842,565941
8037,6648,88060,32611,9741,207864,368980
5241,5518,137077,62278,6463,217291,468961
6166,5537,319463,95352,7482,325476,775995
4981,5426,71406,31759,8852,193592,351886
7963,6759,90941,25722,22630,224131,399109
10389,7277,235957,43648,6315,359743,714829
5851,5445,251806,27889,7371,173338,488126
5518,5648,73305,24389,7111,292563,427719
8926,7333,90006,52204,7037,323102,506571
6018,5611,93931,22759,7166,181402,334517
8500,7000,205150,24981,7926,253921,522941
4296,5241,80167,24463,7370,278239,432350
6500,5870,93184,52018,6130,427017,608774
9555,7315,85792,32296,9463,199669,359905
4573,5537,120957,63056,6500,185207,434738
6722,5537,224807,31296,8926,215691,541312
5463,5333,71841,24945,7333,321730,455423
9666,7333,84728,63371,6648,356491,554330
5611,5389,119300,27241,7611,236790,416868
4166,5519,215261,25333,7482,188329,460997
6815,5852,75870,23000,7537,218813,357443
9093,7037,92794,63870,6574,258000,468109
6185,5426,626180,26908,7166,205833,895365
4092,5334,276919,24907,6500,211282,546182
5833,5296,60806,23093,7037,790041,926735
5999,5611,83508,51685,6519,318749,489367
9814,7370,82988,22148,7352,238696,383442
4759,5371,152707,24481,7537,170365,379794
6667,5259,220835,22129,7185,192033,468571
4593,5129,80296,22629,6612,199924,336998
5204,5833,95368,34203,8500,195908,394757
6722,5629,113125,63944,6871,214854,429627
5351,5185,194567,25278,7834,185652,438941
5389,5240,78417,54019,8278,312432,506849
5389,5333,98323,58889,6611,363989,553164
4333,4704,87190,23704,7759,169678,312128
5426,5092,247077,23130,11426,193957,520923
7333,6056,90242,24926,7759,249182,403535
5259,5334,95073,23703,7260,337368,491923
4444,4852,76812,27129,7149,362463,523238
5333,5834,130513,22463,7204,209854,430998
6259,5314,35104,24982,6889,230061,326683
4796,4926,75435,23259,6741,199915,332461
5167,5981,560729,65871,6129,302303,978309
5833,5260,279634,32722,9352,216585,566812
5037,5777,201114,24426,7074,206976,498793
5648,5370,80223,32889,8611,246034,396479
4925,5519,85869,28037,6704,238832,406423
5760,5333,92274,31408,8407,198224,356184
5240,5241,190846,26389,7315,222466,472589
6037,5593,41937,31240,8926,228895,341184
4000,4648,86434,51797,6815,412117,581033
4000,4944,92692,32889,9296,217417,379776
9870,7111,136968,64222,7000,185215,459849
6333,5797,38336,26685,7203,245329,346961
4463,4982,1132611,24259,7555,224381,1413566
4222,5056,91665,24833,7037,170408,351887
6092,5408,105811,22666,7463,190558,353331
6148,6055,204550,25796,7074,233799,498830
4518,5370,67492,33056,8704,358116,495145
4130,5055,87601,33611,6204,430840,582126
5611,6148,83488,24944,7815,206695,384109
6629,5648,298819,51667,6278,402972,788550
5018,5500,405076,32556,9352,229846,722477
5592,5222,95075,22814,7315,361108,537589
5370,5204,621127,31204,9093,203737,910550
5759,5334,139311,24574,7500,297575,523164
4945,5129,219753,63778,6963,185596,535590
5907,5389,76251,23611,7389,404524,538367
4425,4852,92934,64037,6038,416062,603292
5518,6018,114340,24722,7111,245584,418904
3815,4629,65208,27482,7889,316937,469701
5092,5556,74761,32741,9352,349125,494460
4110,4500,512408,66851,6223,364161,976809
6351,6149,87090,32685,8593,242703,398979
4556,4666,160811,62148,6482,187076,475016
6203,5519,725549,28481,6204,193853,983550
5407,5556,85306,31704,8148,337191,488127
3962,4852,90508,24056,7740,216713,362535
5463,5500,125117,31648,8574,189159,382535
9981,7463,223097,23111,7722,217271,502442
4629,5241,69724,46926,6259,334514,509589
9166,7111,91111,32444,9389,168462,333535
4351,4723,97441,27000,7649,239889,431905
6611,5500,424773,22519,7537,213834,698478
4592,5149,71789,27834,6981,268338,403072
6296,6074,95232,78371,9888,403635,648830
6074,5519,89563,26222,7445,205490,356424
4277,4926,199228,32537,9648,195899,461053
5907,5352,65911,40259,6907,205199,364498
6370,5444,93631,23908,6981,416236,568330
5129,5186,89888,67259,5389,209850,418683
5574,5148,133053,26888,7574,222260,415479
5185,5203,63199,23611,7241,303114,436812
5611,5315,62678,51426,6037,411893,570145
5166,5019,87602,24259,8093,169822,315924
5814,5556,102229,32371,9111,310934,481608
4519,5222,204616,62445,6851,193900,526608
6463,5851,91041,25296,7129,313476,490867
5278,5778,91167,33334,8981,338274,513645
5685,5185,91499,25519,7426,169017,318906
5574,5241,250941,67185,6408,379499,729700
4796,4796,466458,31889,8777,328649,916365
5444,5241,92752,23574,7315,348300,512775
6241,5388,86380,62296,14852,204304,396720
5092,5555,473266,23593,7241,248248,780143
4204,4777,227227,33037,9019,197011,489479
4722,5574,72558,46186,6740,936843,1123105
6037,5740,94186,28871,6574,194238,353257
4889,5037,111628,23556,7389,209277,409887
5759,5370,320867,26352,7352,333092,741477
5185,5056,73531,23741,7167,275188,406831
4518,5111,88715,57611,6741,296375,489256
6518,5278,85583,33074,8852,251933,407442
4389,4815,204192,24259,7778,205805,465942
5333,5315,52801,27704,7629,244457,378017
6204,5629,92984,31241,9611,313476,488145
10666,7241,96093,23537,7166,295757,493737
5500,5259,136832,26481,7333,204574,401664
5759,5574,216718,24204,7222,291593,570589
8944,7111,73402,51000,6370,363429,525404
4963,4945,99825,22667,7074,164506,318610
5352,5500,90786,24333,7297,206471,388739
6536,5630,304580,49815,6537,277361,694792
5073,5334,68356,56000,7796,258568,418867
4463,5074,507039,46204,6852,310511,950198
5315,5648,93426,26592,7260,278775,432516
4203,4500,283517,47185,7685,424627,787273
5000,5352,752754,53889,6500,409738,1282678
6240,5649,89586,24907,7611,408522,557330
5056,5203,88048,25907,7352,235302,402350
5407,5241,148804,22704,7315,174305,378942
4593,4722,81932,24518,7297,343120,508886
5630,5333,77152,22055,7889,205161,342109
4333,4777,85336,35111,8907,167182,355775
6222,5426,108018,23648,6815,219480,406664
5796,5204,335924,31203,7685,369258,771755
9444,7333,71459,23352,7352,275539,430275
5574,5333,91271,110982,6092,323559,559478
7778,6666,1362565,34704,9555,202944,1641750
4685,5074,185397,25074,7148,236489,501627
5944,5463,35413,31630,8296,239067,345387
9092,7315,85818,50889,6111,386623,561459
4593,5296,90409,31981,8963,210682,370924
8426,6722,656721,32871,9259,214181,949328
6685,5797,228849,30000,8685,190315,485146
4741,5555,63348,25148,7055,211762,336258
8945,7222,89789,68741,6833,305153,539312
8556,6648,99528,23740,7945,181970,345294
4500,5203,301730,33352,8778,413340,795440
7907,6315,71950,24500,7444,221012,358183
5074,5611,91244,31370,7778,347549,537978
8814,6907,92242,25130,7167,241293,420738
5944,5481,261888,24556,7111,443460,769440
7629,6963,766126,31297,8944,405515,1243622
5352,5426,100513,31130,7389,441020,648663
8870,7611,90938,25574,7500,182709,340369
4555,5018,144695,25278,7444,198637,425386
8963,7481,40989,32611,9148,205547,329831
4260,5018,71968,51704,6074,344325,524831
7556,5703,84244,33704,8574,199587,378961
9018,6796,105075,22889,7389,167201,337720
3833,4611,185998,65186,7074,213906,521626
9074,7296,49071,33815,8870,242779,386961
5982,5481,88661,56315,5056,216762,396461
6759,6093,542770,65926,6129,290114,946180
5833,5648,699916,29130,7629,222005,988624
5778,5852,60377,33240,9093,202084,351368
5944,5370,87079,31945,8926,321548,504645
5519,5277,93707,24981,7296,226292,381905
9315,7407,112056,31778,9074,216738,405331
4851,5723,226350,25130,7592,252702,543293
9740,7297,70774,23278,7018,212798,366738
7907,6629,86291,24963,7593,307577,459108
8333,6833,110196,23463,7796,215710,387553
5315,6092,218861,25222,7519,246988,530904
8278,6703,73970,23203,7241,298362,438923
6555,5426,89857,76703,6185,282623,488590
4593,4963,87687,32352,9241,198569,396257
9167,7352,154111,63648,6852,187368,466609
6573,5815,63906,28722,7167,207259,337775
4333,4778,93811,46870,6537,311835,520053
6352,5518,85735,34371,10129,196912,354183
4055,4648,126511,26166,7333,239303,458534
6463,5352,304193,70389,7444,191563,603404
6630,6055,72914,51093,6685,325361,487960
9370,7500,87319,24055,6963,190402,340405
4814,4704,93798,24667,7333,234478,388831
8037,6833,196204,62722,6759,186701,484386
8240,6815,87053,24426,7223,298462,462886
6407,5777,95367,50203,7574,350039,531274
4352,5000,84197,22926,7648,252208,423591
5982,5666,250584,64445,6500,409171,758514
4556,4722,62897,31389,8592,201898,347683
5852,5611,91710,51537,6629,354028,531775
6722,5574,104078,32648,8185,256309,432460
8611,7259,128631,24556,7407,223015,449071
5796,5740,36944,25463,7000,221610,323146
8519,7037,58090,22944,5945,214611,334424
5741,5630,86828,24352,6870,171670,350146
5925,5241,101845,23093,6740,839613,1000512
9536,7297,331454,22833,6278,188394,599885
5499,5408,68415,22037,6815,242360,369572
8815,6925,88747,55740,6686,356287,574274
5889,5611,91244,61148,6259,197865,383331
5814,6056,171631,26463,7148,242144,478700
8407,6759,68370,33574,9314,317721,462571
6037,5389,94608,23907,8037,345908,501738
4203,4741,90106,63148,6482,192243,378405
5925,6111,605882,23389,7074,201817,867531
4055,4629,765047,27870,7889,194929,1021456
5092,5611,79100,22260,8166,201935,339331
4592,5148,83376,66407,6500,379473,560367
4129,4704,109855,25463,6852,169495,370442
7093,6278,184538,22814,7371,225718,469164
4240,4722,67833,24592,6815,326461,467071
5592,5315,89460,63963,6315,417092,603034
4518,4611,90550,25834,7666,224374,393590
5481,5241,149696,24037,7000,242801,448627
4259,4667,54065,25629,7649,211766,343313
6018,5500,553822,24611,8000,205951,821884
4352,4574,91004,25334,7185,217938,366109
6074,5888,112837,23240,7186,210124,413257
5889,6056,219908,34018,9130,244496,535127
5259,5500,108906,62834,6592,270925,477738
4240,4963,89812,28537,17481,191150,353572
5000,5574,85920,24130,6963,217207,393498
5944,5315,2229584,105148,7833,455326,2825168
4000,4759,158972,62278,6778,252284,541071
5555,5389,451099,24556,6944,399970,913050
6241,5777,86838,25611,7445,262900,431516
5518,5222,158910,33796,9074,195996,423497
5222,5407,65556,39500,6519,198053,337368
4389,4666,93628,31871,9074,426554,585200
5314,5130,91533,25333,7371,171280,355238
5870,5426,136068,31555,8575,199188,401868
3833,4629,202085,25241,7370,212672,492460
5445,5296,67527,46518,5926,233212,381443
5407,5352,87803,25500,7259,209325,374961
5500,5352,95133,22889,7482,200216,354868
9759,7240,298410,48037,7796,384049,780865
5519,5315,91055,23815,7167,310886,463035
8055,7000,73257,34074,7371,223222,371979
7611,6981,88496,24056,7666,162947,312387
5703,5759,306679,26389,7611,335613,715829
6056,5333,71455,22574,7018,215192,345165
5574,5685,91268,47463,7222,321563,497535
8445,7166,90266,33500,9944,202492,419165
9166,6926,131282,25666,7130,256457,456164
5315,5815,406020,32185,8778,204180,684830
5704,5296,64815,52851,5889,342776,497516
4333,5167,271035,32444,8611,206666,600497
9536,7408,97347,25352,7593,276039,443238
5129,5315,273827,68722,6778,301706,683385
5907,5629,98195,34519,8704,277839,457997
4833,5352,89415,46907,7204,414470,626866
8926,7463,86876,62555,6778,193196,384479
4389,4759,149115,28814,7723,256660,492719
8741,7463,42501,25074,8463,213812,330850
3833,4519,87184,51315,6185,412127,581645
3944,4463,90720,31870,9222,230464,409257
9111,7204,129440,62222,6741,198558,431461
6556,5926,283585,26445,7037,342725,711718
7648,6500,515417,31388,8463,378060,1004050
6166,5723,85618,24389,6093,210342,356572
5685,5871,104505,32482,8555,198326,370517
4445,4722,322948,47333,6685,388048,824403
6147,5371,73686,32482,9018,324496,493515
8703,7371,87406,49537,6056,276961,453034
4611,4630,607700,33093,10018,428053,1137456
5796,5444,147532,25926,7111,231855,440960
8000,7129,46586,33111,8796,212561,333887
3814,4537,86899,49425,6093,351173,529237
5759,5426,88748,30574,8666,192343,348164
8556,6833,108357,25037,6926,235659,406813
7370,5833,217688,26741,7574,187606,470923
8574,6778,65741,32241,8926,201756,359294
6241,5500,83610,66314,6667,277573,484627
5203,5741,62274,36741,6259,219002,352664
5129,5000,245162,33351,10500,194596,509052
4889,4648,71196,26722,7019,270209,421868
6574,5555,90232,75537,5722,378191,580256
9240,7296,89748,61444,6630,207787,418460
5796,5370,155412,23963,6908,291196,508830
8407,7093,36206,27074,7667,209477,314721
8037,6611,84464,23926,8963,373552,533164
6241,5481,86036,24852,7629,198722,345128
6018,6222,128885,22797,7814,266964,453904
5148,4963,227531,23889,7111,191522,508256
6666,5630,69233,22778,5889,213506,342257
5648,5907,82453,35426,9130,167545,354479
6092,5223,97969,23648,7056,208862,365628
5444,5259,275245,30889,8537,165123,538571
6036,5352,96151,25778,7407,329476,514089
5370,5612,83370,52500,7167,326923,495886
4907,4907,95017,25500,7222,168371,355313
5907,5482,305570,21926,8741,188389,553423
4240,5019,65975,31741,10685,257596,409682
5814,5334,89381,55370,6129,317876,510330
9055,7260,98786,68833,5371,379377,586293
8407,6537,134506,33630,9574,207140,417034
4907,5278,280208,27185,7296,337270,709737
8629,6963,67502,38982,6444,196422,360831
6185,5389,87871,26148,7629,323442,534127
8481,6778,99961,31408,8981,274814,447035
4907,5111,184756,26851,7260,280019,536867
5722,5259,68013,25296,7407,212967,342257
4222,5259,84122,35296,6981,438561,590052
4722,5093,89934,26333,7352,265582,417775
9667,7574,151265,30797,8963,203621,459905
6630,5444,837911,64982,6518,422174,1363048
5204,5555,77002,31889,8723,374587,534201
6018,5352,197259,30519,8981,347645,674477
9037,7944,122146,26260,7814,211223,402646
5037,5463,217533,32685,9963,196409,483460
5370,5074,72197,39111,6500,193394,342442
4351,4722,82122,26185,13926,231951,435127
9352,7185,99508,26019,7574,295804,464090
5407,5093,316580,52889,6259,383453,831421
8851,7593,726966,61871,6778,203360,1037790
4629,5370,86910,34166,8834,407254,562274
4648,4834,83666,24722,7445,175535,338943
9074,7037,146850,23870,7815,294277,507479
4648,4981,57070,31222,8648,207003,334998
4111,4704,82901,52648,6389,355503,564441
8944,6815,82399,30685,9759,194822,350424
4222,4556,650952,47444,6834,286782,1021791
4667,4814,219043,26482,7166,206529,527978
9222,7370,71615,25760,7277,334179,477256
4147,4686,84446,24111,21611,220792,381108
4722,4722,89740,31593,9148,279387,489775
8981,6908,308942,23555,6889,299184,709292
5981,5667,62718,23814,6963,290669,415664
9222,7130,84864,49926,7389,361633,535627
6722,5889,92399,63500,6482,280043,471164
4740,4926,159564,25129,7130,245971,463016
3963,4518,238895,60944,6871,246305,593015
9573,7982,83744,25260,7129,322697,473256
3963,4592,85446,32000,8834,240070,393183
8944,7148,121388,30574,7575,271479,462923
4092,4722,32924,22870,8074,218982,324535
6852,5889,64921,44296,6074,221558,368350
4259,4574,84309,33462,8963,210468,363480
8999,6537,631621,39074,8870,204412,934494
5981,5759,90378,23667,7685,351563,505682
6462,6167,62450,31556,8777,254919,389294
8741,7074,582818,23444,7315,342454,989976
4629,4741,93353,32130,8815,202793,396035
6018,5500,242629,65519,6703,306497,651755
8704,7074,411312,31407,8685,232536,734051
5833,5481,90773,53630,6555,421483,602589
8222,6555,87660,33167,10129,202968,383257
5463,5296,102306,25907,7259,276470,442645
8315,6592,231637,26000,7482,217934,512460
6130,5740,785876,30555,6352,242655,1096123
4833,5018,566707,23685,7093,335862,984253
5315,5241,102390,32074,8907,202701,371424
3962,4667,176555,25722,7241,172517,441164
7425,5611,66238,23593,7889,335444,511756
5499,5204,530088,65092,6926,264778,929809
4815,4907,89604,23982,7333,230079,374905
4240,5149,187361,26166,7500,208303,487738
6296,5611,45767,22629,7260,299249,404979
4703,5222,89357,49723,5740,335992,505330
5129,5260,85688,22167,7278,169939,331091
6370,5408,127927,24907,7333,265478,452738
5018,5555,216407,24241,6851,173869,449275
9666,7445,72163,31871,8963,233260,398923
45370,4426,79977,57703,7130,353076,565923
8333,6833,93308,63000,6852,192931,385387
5277,5889,207695,23222,7815,248302,517682
8222,7018,88619,32815,8537,247009,427775
13444,4463,87783,22648,6852,331084,484737
8333,6463,87078,61500,6666,194699,380091
4944,4797,155334,24167,7389,258144,470238
5536,5482,68295,28167,7852,210832,343923
4259,4888,85553,33204,7555,328593,507163
5166,5167,81421,27241,7629,209763,353609
8888,6519,489826,32333,8574,329743,915827
4945,5203,221898,26741,7370,199266,483609
9148,6778,72933,44704,6888,1051857,1244808
6815,5778,93579,51444,9223,368880,550849
4907,4982,102780,24648,6889,249754,408164
5074,5129,702964,33278,10462,203494,978364
4148,4722,70351,26889,7518,211796,361869
14092,4482,66107,63537,6945,400722,571015
5203,5648,90236,33759,8907,200430,380683
5963,5407,159900,63648,6723,198968,493849
6019,5796,1432434,26723,6981,167075,1660454
4703,4741,76396,24722,7259,201881,356276
7037,6055,83005,24648,7019,352863,527515
9556,6907,125244,24426,6888,211310,419683
6333,5482,290296,34000,9982,195607,559534
9148,6852,68295,22666,7278,277610,430331
14648,4741,66367,64315,6611,302186,476553
5074,4833,102642,32575,9129,257114,448738
6296,5352,241566,26741,7722,174412,480182
9481,7297,37434,36037,7649,329951,444590
4444,4759,84563,27185,7500,322176,479701
7037,5574,87542,26370,7667,239438,411387
6481,5481,140410,21537,7000,232440,428608
5018,5444,47186,23056,7333,234220,358683
5741,5240,83091,53130,6018,371925,540219
4407,5556,84811,63092,5167,201483,383627
9222,7204,102235,24944,6963,223133,387702
4388,5778,635196,23370,6759,277947,989290
6204,5667,64193,50926,6167,351637,561571
9111,6777,93303,23982,6278,201398,358590
4722,5611,98745,25056,7018,183050,341146
8759,6760,226446,23649,7018,175088,484701
5926,5388,64371,23130,6629,242609,366646
6870,5389,95757,51704,8741,327573,512701
4833,4944,105182,23611,6926,178205,359220
6500,5463,154605,62982,7167,220577,476220
9055,7093,48658,27778,8056,210950,329720
5870,5389,75138,22648,6315,197286,332387
8277,6648,84766,23926,7611,175325,354757
6500,5574,1423874,25445,7129,359282,1846600
8166,7037,283854,35612,9555,194291,553774
5315,5222,70278,30222,9426,204794,342794
4222,5074,81257,25741,12259,232889,378683
5389,5000,106366,25352,6926,353631,536516
6833,5574,193975,33482,9129,272522,541015
9111,7056,49436,40111,6926,219377,368442
13833,4426,63601,36759,7389,205657,350998
8759,6556,80673,27037,7463,210862,358313
6500,5852,155689,29944,8667,233956,456516
4611,5444,36725,41240,7000,198997,314276
7722,7537,82185,32334,8944,368719,526275
7759,6722,82665,30315,7481,165945,350516
6907,5777,647126,31833,8556,373294,1089401
5852,5704,293142,25314,6389,442521,794348
4685,5722,67417,37612,5925,371895,509830
5833,5667,85915,26426,16797,226526,386183
9203,7426,97599,25241,7037,218603,380776
4815,5426,221300,23907,7797,173401,454294
8185,6722,57761,23834,6851,404662,539589
14778,4888,69371,27018,5926,327461,468034
9037,7092,87924,33667,9666,197852,396127
5981,5352,155144,24685,7241,327557,542700
5093,5463,237141,70037,7723,207318,584256
6167,5389,438862,26462,7538,202634,706033
4314,5463,89916,23500,7129,208898,354331
6759,5834,130339,67166,6556,233121,486349
6259,5481,314078,22463,6574,188012,560497
4611,5537,65891,33167,7926,202681,354498
14074,4333,59204,27074,7925,336869,464960
4629,5426,81850,32277,8630,247926,396386
5351,5741,196625,61611,6760,190020,482960
9241,7259,64142,27259,6944,283708,416368
4999,5630,83658,32222,8723,384301,534478
4481,5667,85712,25592,7685,226861,371554
5648,5481,134895,23852,7000,192732,386220
8685,7815,56411,27370,7426,289513,416516
4277,5686,92075,45352,5833,403273,606811
6389,5815,87333,26685,7574,323702,499442
5852,5537,125220,25296,7130,226778,413924
9056,8685,326329,32888,8926,286909,691552
4148,5556,68845,40722,6167,223504,368017
9185,7296,90640,47796,9000,200951,398813
8315,6944,90434,25722,7185,311712,504441
6537,5759,301321,25666,6371,419675,782736
8963,7240,67523,31555,9148,221698,363702
5148,5500,92927,44130,8333,303959,504960
6296,5945,83684,25704,7444,274091,418961
5352,5333,146609,31055,8426,258871,471035
5407,5648,51385,25055,7056,214040,326517
4018,5352,77845,32611,8278,331838,479275
9019,8203,434825,24240,6889,256635,756292
5389,5278,117877,63149,6870,189953,404813
4796,4926,228616,28926,7741,210788,502052
9481,7074,73226,22389,7537,257142,393849
4111,4704,84223,25334,7092,316126,496219
7259,5907,85648,33333,9130,190647,348739
9592,7241,288645,81648,5704,346739,768014
6314,5426,70014,34296,9296,219337,363720
4796,5148,97659,45723,5963,390503,564922
6333,5648,89398,32204,10055,199100,392275
9499,7259,148267,25648,7241,226398,442515
8593,7222,52375,26112,7055,213382,332980
4704,4889,85836,32241,9889,409957,564479
9962,7223,80075,25074,6981,345422,529034
6352,5648,122110,29593,8333,259906,448535
4333,5018,219349,32278,8740,240575,526274
4333,4760,65643,66574,7185,223688,391479
9370,7555,87363,26315,6445,205764,360034
3870,4593,88472,35370,9723,206099,397257
6408,5314,653804,65240,6685,206932,965828
5055,5111,63635,34037,9130,249326,385960
9222,7055,85226,63814,7852,302272,493997
4315,4592,88205,27296,7389,206016,387961
6703,5797,155795,32907,8926,199425,458831
6685,5723,234348,63093,6759,211093,565293
5685,5907,63551,26851,6482,209633,338627
9611,7574,558770,36185,8426,194040,833032
5315,5315,123046,25852,7666,227304,410794
8000,6537,197803,31241,8722,194861,496627
6814,5926,65098,38167,6833,207178,349109
5037,5203,87781,31000,8852,192921,346498
5963,6407,92316,26629,7389,294015,453571
6130,5592,253777,32592,8408,192906,514442
5556,5833,68848,25982,7648,250890,383424
4555,5204,534883,32685,8908,232111,854846
7148,6166,87178,23796,6963,233098,381312
5592,5815,132990,31315,8593,231062,454516
6407,5611,42267,26851,7574,208325,317369
8370,7111,87264,24056,8055,391956,543312
5777,6204,87651,34426,8185,190736,383460
15333,4889,114426,63130,6981,207738,430868
10389,8981,203184,26519,7611,171591,444201
5481,5482,87978,32241,9963,197686,357591
6185,6000,85568,28019,7500,195504,363942
6555,5834,82881,25889,7574,173247,317832
4537,5204,274805,22963,5814,203415,536608
6389,6018,67988,24889,6945,296028,427164
4482,4889,949559,34871,9166,435321,1457140
5666,5926,216966,23481,7352,226550,521738
7796,6444,543500,31686,8648,591844,1214011
9888,7797,449868,26074,7445,305886,839532
6500,5778,75644,22834,7370,207168,345572
10314,8148,81846,34537,9797,209522,370849
5074,5445,115492,24055,7482,276524,473072
6648,7314,227842,31463,8630,241229,539922
6907,6111,88951,23112,7074,244324,396720
10222,7611,81208,23186,5888,426993,605848
6481,5704,84891,30741,8778,257717,410960
5907,6000,274612,63407,6963,421347,796236
10203,7704,60165,33907,9204,331906,483608
14834,4981,59218,57908,6537,270298,432590
6204,5574,85327,32371,8666,200208,392276
6963,6278,127640,26685,7648,170636,362480
4185,5000,228323,30870,8352,195230,509700
6685,5963,466747,41611,6426,197860,744496
4593,5203,91560,26982,6870,171642,344276
6463,5611,121928,25537,7297,182199,364313
4445,5537,259796,25593,7296,230737,553886
10370,8167,66220,22297,6907,875144,1009994
6889,6500,91440,64963,6593,302816,497664
5148,5500,96290,26408,7296,235004,390942
5370,5723,316176,47815,5871,378929,788681
7018,6130,91990,21833,7111,333897,488794
10259,7778,93358,38296,6686,431657,604719
5740,6408,65356,25963,7389,173586,335368
6148,5666,154114,32500,10018,209273,473645
6556,6278,32314,25649,6648,358571,456313
8945,7611,530497,33315,9185,278812,888051
5185,5444,560107,23981,7686,418035,1037957
8925,7149,114141,65056,6648,198634,438534
7129,6204,287103,27389,6574,376467,730829
5481,5481,58416,32648,9519,204601,336220
9463,7741,83228,23111,7315,193011,378554
7296,6167,52837,26148,7500,364938,498590
6352,6111,220724,22056,7500,175810,456460
8963,7203,91278,22852,7778,281905,450571
6296,5537,94683,25833,7407,314704,475349
8370,7018,78941,22870,7241,263705,405164
6111,5334,152993,24204,6852,261781,474516
5370,5889,41844,22796,7500,229136,331776
5111,5277,85082,51334,6315,383822,556608
10148,7815,94191,23204,6814,178659,336998
4555,5037,109708,23981,6797,288123,454386
5870,5315,260761,22981,7130,175847,493553
4222,4851,63037,45352,6759,193702,336349
4722,5241,82646,26944,6537,200223,363480
7148,6389,86995,23463,7371,276409,492478
9926,7537,306068,46518,6407,432836,873884
9685,7666,58603,35556,9981,205340,356313
4981,5186,79637,26111,7556,413544,574904
9592,8074,88024,23408,7555,215492,372534
4556,5018,151041,24333,6908,195290,426665
9408,7740,43020,23815,6611,229904,392035
9426,7722,526018,23203,6908,217422,816366
8741,7037,517182,32389,9445,343923,942143
6240,5593,507773,24296,7352,230278,796958
5130,5426,231345,32166,8722,193597,492460
4537,5167,68324,22611,7334,246062,428535
10222,7982,92007,29871,9259,402952,570793
4722,4926,85246,27000,7686,274584,425072
6814,6408,323762,33000,7686,334677,785514
10055,8093,66853,23463,8056,220459,362850
4778,5055,85500,45259,7408,393127,609052
9722,8389,82145,63371,6740,195279,386164
5426,5351,153366,24963,7111,250928,489275
9870,9426,101845,26259,7241,242319,418923
5055,5667,83158,48481,6722,393636,596218
7370,6000,548470,26315,6945,383079,997383
7278,6370,114191,23648,6778,260473,456997
6315,5648,288114,57408,6759,329826,716681
9388,7834,109594,25370,7444,343848,555774
7500,6351,86444,24296,20815,222851,388924
9889,7296,91201,26055,7167,216667,376072
5388,5000,293144,50518,6870,367705,746606
5574,5555,65067,39593,6741,198172,340202
10240,7537,89621,23685,7093,395783,551200
4908,5388,84767,25056,7388,192751,335258
4648,5222,130968,22908,7333,229363,453683
7667,6277,1566151,22908,7055,358134,2020803
6204,6129,84927,50648,5982,372329,545293
5074,5851,84351,65426,6871,205480,392386
5296,5278,131052,34834,9111,270148,497034
6889,6370,268995,65352,6519,205779,580978
10166,7704,96196,27445,6944,376116,543126
4944,4982,82935,64167,6481,343025,525275
8999,7167,94359,27315,7259,170732,331313
4870,5815,207449,32370,8778,248288,527219
9481,7537,69244,26407,7778,212643,369572
7129,6352,87242,55981,6334,420236,600904
5204,5870,88092,24722,7278,210314,358554
5184,5741,539015,26204,7315,227850,862550
6759,6111,744550,24056,7037,245314,1052438
4333,5537,455474,32759,7722,195541,722440
9388,7426,96232,57740,7778,173767,367979
4611,5907,109600,28111,7222,195343,401127
7074,6111,285449,60000,7185,201955,585200
5092,6167,441521,27537,7074,206919,715218
9722,7907,96298,46722,7000,351477,572497
6204,6352,90498,33112,9500,269850,429924
9000,7185,696774,27445,7852,220720,987920
7037,5926,64198,25796,7019,214985,344646
6536,5704,96993,24962,6223,1049871,1243011
6963,6685,89194,25741,6907,208989,360461
4925,5223,145747,33408,8963,200713,451201
7777,6000,424098,27425,7186,244324,736940
5370,5870,83540,22130,6481,198922,341831
4537,5648,87964,34444,8723,201034,358776
4796,5166,114221,64037,7445,197388,444349
7259,6055,263034,27092,7278,171334,498015
4463,4907,67106,31963,8796,346669,497367
14815,4925,56752,24519,7074,306061,430627
4889,5889,83268,31592,8760,205100,354998
4962,5074,273322,63278,6352,362711,731977
4333,5685,62690,26167,7518,258623,384831
4537,5722,88947,45093,8185,318383,488201
4722,4963,82093,26741,7556,174368,315795
4222,5575,144702,31222,8704,250610,483868
6908,7000,36793,38926,6407,204872,336813
6592,6222,77736,30648,7259,365299,510701
5425,5519,88011,23111,7037,168487,315646
10259,7667,115213,27222,7611,191044,376683
5056,5166,312118,32111,9037,334360,720033
4722,5037,68190,28907,6982,320529,503645
7999,6834,83632,28852,7574,224440,382164
6019,5388,93649,25371,6963,205978,381794
10166,7612,158035,24630,7592,221185,482071
7796,6611,127626,22167,7463,377333,569867
8889,7333,90310,84444,6055,290077,505053
6425,5482,80233,32426,9611,250098,422960
6945,5796,602712,63445,6574,290245,1008550
6259,5759,237896,25722,6907,265731,564552
6203,5667,63449,31908,9518,204512,341720
9963,7445,79299,24296,6815,175329,354147
7370,5889,1287685,32185,9037,201917,1560101
5388,5871,205646,25463,7704,174555,441553
9871,7814,69645,31278,8518,251279,397054
6000,5444,552661,61926,4852,267334,917087
5833,5982,87678,25166,7759,257543,406627
4759,5056,766471,25741,7167,259689,1088160
5907,5703,65693,22740,7519,315694,444867
10296,7834,83282,51685,6074,407603,605311
7407,6185,85077,32278,10148,204588,380923
5944,5593,141315,62445,6852,203126,441886
5666,5926,267998,26297,7259,236795,568792
9407,7556,63107,31723,8555,201631,340887
5852,5370,96773,24055,13056,248447,412350
4648,5055,113011,24611,7260,212061,382072
6000,6426,289157,31371,8666,167766,558960
7314,5926,70359,37185,5982,229231,375368
4536,5056,86301,46870,8000,393029,561533
4370,5574,83985,61759,6741,192958,371054
6093,6351,287853,25259,7130,406606,766607
9463,7963,43646,39149,6592,210240,337924
4574,5519,87793,31351,9241,401093,559478
5444,5723,88902,26296,7463,192300,376461
7703,6519,150289,25203,7723,190653,404516
4555,5000,402416,25315,7130,234376,698551
4870,5000,80174,34018,7575,385471,535256
4574,4944,87079,25259,7278,386381,535663
10351,7889,111059,31852,9000,202532,423923
7963,6111,803408,23685,7445,265067,1135234
10537,7963,68999,28926,7722,263240,405461
5259,5352,216200,27593,7555,213390,509960
7481,6537,81846,32537,10686,209096,366442
9982,7574,149233,23130,7611,221968,436868
4925,5241,89694,25574,7241,322396,474904
9815,8000,88692,48981,5871,393045,605330
6926,6296,80097,22574,7241,243567,386812
8629,7149,151595,24630,7222,174569,389387
5574,5315,292112,23889,7629,209867,560201
4629,5074,86407,32944,7667,390628,577830
7352,6241,84274,23389,7333,188150,333739
4555,5000,97902,31334,8555,238318,401257
5037,5278,332363,42333,7056,392484,801162
4500,4889,65305,37574,6278,335284,471645
4926,5018,83470,26630,6129,228417,374183
4370,5074,91597,24241,7167,185438,333498
4611,4963,234817,36649,8814,197217,538960
7314,6630,79908,30593,9129,346737,499015
4925,5000,85092,23555,6648,450313,592959
4185,4703,82404,63000,7000,201650,420034
6907,6056,131809,24463,7185,210300,403720
4074,4833,63363,27222,8352,341042,466367
4815,5648,64157,31111,8963,199378,349479
7036,6241,83544,25370,6834,336972,484478
10129,7963,96375,32834,9389,200604,373461
4777,5352,248114,61796,5000,211754,555719
5019,5796,64241,27889,7908,245349,375054
4518,5037,87703,25648,6129,201426,367405
7555,6149,108311,23778,6370,233890,423053
6704,5759,269439,51630,6518,326131,709496
9777,7611,43956,33463,9426,344208,483589
6518,6111,94195,44963,6537,339377,517182
9463,7445,95210,26482,7481,209362,391313
6222,6074,142023,32760,9500,938803,1155049
9778,7759,225595,23426,7759,311161,638311
6056,5629,70612,31074,7722,203165,344665
8722,7148,90518,63814,6815,330628,537497
6314,5593,114182,31518,8537,310853,520219
6962,6500,216754,27185,7852,199892,481330
5074,5759,66382,61796,6592,248580,412479
5685,6019,85657,35926,7463,243915,423016
6888,5963,90081,25963,6871,201509,353257
4981,5759,154320,32648,9759,257993,502497
5963,5518,81855,26741,7203,286051,432442
4222,5833,97445,25370,7445,399014,590126
6073,5760,85128,64037,19667,230369,431127
4777,5982,154200,33278,9074,310556,552200
6037,5926,226346,62315,6611,198336,521368
4334,5944,81455,32408,9000,193042,344980
5222,5556,79953,25185,6889,220859,358924
6796,6204,111858,33630,9241,267490,473682
6981,5889,302653,64537,5185,226529,630885
5314,5760,71651,37055,7019,196810,358627
14593,4500,61908,22944,7815,188238,316239
4962,5852,85832,32334,9055,202851,356090
6036,5945,157663,27796,7889,171557,414127
6222,5537,61291,63333,6815,232707,395386
5352,5796,89956,30778,8592,307561,483720
6611,5852,83824,27018,7000,228971,376665
7518,6575,574562,31629,10500,220878,872662
10852,8944,348801,45963,6537,414861,852439
5593,6000,83114,32537,9055,410680,575164
6500,5907,357927,25537,7074,243996,666200
5759,5685,96758,25852,7111,173111,364683
5925,5778,291034,46666,8167,334333,714440
9685,8055,68402,25630,7500,353855,504201
5962,5667,84233,51593,6555,302005,497274
5889,6185,91435,25630,7314,174156,328146
9481,7908,159822,23481,6907,176325,399572
5685,5796,272968,22315,6741,247473,581497
9981,8056,84614,52129,5889,424587,636200
6463,5851,86242,32463,9537,250238,407553
6056,5963,133628,63111,6704,200554,432498
6203,5907,302349,25722,6148,202426,583459
6278,5796,62291,30704,8741,209170,342054
5389,6278,80529,24185,6908,211876,352072
4796,5593,97805,25315,7463,176489,334868
4092,5611,227674,31315,8963,204138,497367
7370,6352,64857,48630,4537,294029,480923
50389,4889,84725,23722,7296,392883,580312
5574,5722,88538,22407,7519,202479,356535
4222,5629,215814,26314,7315,209203,485330
5426,5685,70478,22834,6870,283297,417498
4463,5445,86883,51944,5649,303502,502553
5982,5925,80993,23574,7241,182043,344109
10296,8018,136028,24203,7297,204859,408868
5629,5426,48340,23945,6981,217714,331109
5981,6167,69875,22334,6611,204956,338368
4592,4889,79428,24130,7000,209829,397423
10000,7759,106315,23093,7204,231367,403609
5666,5908,234480,24555,6797,177943,496386
9629,7926,65682,23370,7334,261093,401442
5296,5907,80773,26111,10018,228985,432016
9444,7408,81085,22796,7371,179616,325165
5500,5944,177472,64259,6871,200044,501645
9944,8167,46544,24648,7611,236065,360220
5166,5648,703227,26667,7778,326118,1092234
5166,5870,83485,22092,6741,214162,354590
4388,5297,311815,25185,7463,309996,706588
8352,6814,651406,33611,9056,202292,948217
7222,6518,80515,62519,6722,248464,425756
6222,5722,89365,26963,6259,198781,351312
4963,5611,112640,30334,8796,281283,475331
7019,6407,297416,52834,6111,424690,810699
4537,5408,63266,33000,9629,221843,356850
5556,5351,82079,31760,8944,425659,610293
6852,6444,85818,25537,7537,174532,323850
5777,5630,212945,31130,9055,213108,497238
10352,7981,53184,27130,7333,233926,360146
4851,5278,83348,24389,6537,194854,339220
8815,7222,86087,30945,8370,214726,393109
7203,6408,89048,62648,6759,219468,412183
9740,7593,226268,31074,8722,194100,528367
6536,5926,67192,68260,5833,271231,492015
7573,6574,82320,63741,6592,290789,477849
10204,7740,85800,27388,7334,190403,344461
4999,5574,199760,25371,7333,174738,433090
4778,5018,61499,41481,5908,198555,337091
9610,7815,82867,29222,7186,321649,490182
6870,6352,83846,25482,7241,297114,467757
5481,5296,303345,34500,7537,334966,711273
10129,7778,35916,25500,6852,225156,329183
5556,5148,83636,31223,8518,400009,584849
7111,6296,87227,25500,7482,216196,366850
5092,5315,136836,25815,7574,226902,427349
10148,7870,56131,22277,7149,313904,484553
5537,5833,64591,22797,7203,218944,345405
9037,7462,80312,22815,7296,331630,494404
6871,6129,101254,25944,7204,213152,377202
5370,5593,220862,31889,9000,221172,512275
9222,8018,64176,63222,7111,290063,493386
6445,6055,83748,29426,7389,197546,351072
8666,7111,89246,34481,9260,262418,456719
5259,5556,216965,29019,8037,173365,456572
8592,7241,47427,23777,6852,244257,361831
6481,5759,91332,53445,6592,406850,587941
5370,5000,82311,32445,10111,204279,376405
6611,5703,139291,24500,6871,188521,388498
5314,6556,212011,24222,6796,205542,511349
7148,5963,69602,32352,8796,203026,346332
4537,5000,79544,26592,7482,196491,336998
4537,4925,114098,31518,8760,236048,435405
6777,5889,182984,23389,7093,249216,493219
5185,5260,350185,28167,7741,211144,641071
6667,5833,103795,54519,7500,394590,589978
4814,5019,1002403,25149,7259,247422,1326492
6129,6019,271550,29148,5759,395464,742810
5445,5333,56511,32963,9074,222061,351220
9722,7148,88565,31222,7482,322284,485997
5018,5223,83155,25648,7241,176158,355331
6833,5981,135135,31185,8463,250881,455275
6351,6871,222058,26574,7278,277050,584126
6370,5574,70408,52704,6129,328645,516663
5870,5389,80165,22852,6889,209073,367053
6203,5760,105774,24852,6852,269723,435590
5704,5833,187680,23555,7093,177725,423368
4852,5666,286808,25111,7185,218801,583275
6278,5722,89916,79445,6203,355710,559367
9870,7834,85803,32944,9167,202306,363405
6592,6259,155024,26833,7148,321492,555089
6259,5815,67003,23666,7241,220088,350183
5389,5981,426501,67444,6852,197791,728921
5055,5834,88776,24982,6963,184684,367202
6407,5667,147867,61907,6593,197723,442701
5592,5963,372402,23889,7629,422019,857254
4796,5278,81418,45612,6481,403097,575052
6444,5648,84028,25111,7037,355470,500330
4907,4982,93007,26629,7482,256176,408498
5889,6240,760246,33944,10111,206452,1041994
5055,5111,68244,26037,7407,221255,368590
43556,4666,80390,45111,7056,434088,631274
4482,4852,82813,33241,8666,268203,459498
6204,5815,303718,51611,5982,321370,728663
6074,5482,392105,67204,6593,381296,879162
5777,5315,89566,31815,8834,425133,605570
6593,5741,647323,53204,5796,227338,964884
4833,5019,308285,65259,6704,240933,664552
6333,5537,64060,32741,8722,340030,499423
10685,8574,91151,26315,8222,338698,529145
6833,6537,1182130,31796,8408,262731,1518139
8962,7130,96221,26537,7537,175796,339442
9259,7204,711885,22907,9426,327312,1107123
5703,5241,64754,62629,6482,228262,392127
6000,5815,78696,24130,6851,207062,346961
4425,5000,79861,22778,7222,199748,355479
7111,6037,262766,32019,9055,423896,763699
8648,7352,58505,26759,7426,217901,398905
9555,7963,80503,33204,9000,322550,489367
4907,5277,85260,25278,7334,177312,322961
6611,6074,109702,24871,7741,298665,494719
12166,7667,279922,24167,7463,343573,695144
4814,5093,73939,22963,5722,209244,344794
4759,4740,84752,22834,7333,172765,336664
9870,7593,651138,31834,9333,234449,969105
5871,5111,274932,26982,6555,203842,595312
10093,7981,67968,23759,7649,327362,484516
4889,4981,87114,34963,7148,230940,392757
4518,5241,86241,25445,7426,195127,340109
7703,6426,214628,31815,9871,206683,495460
6648,5537,68256,40000,7111,205279,404646
9759,8130,77939,49611,6574,357836,576164
9667,7944,629381,31963,8704,209965,922587
5482,5277,120861,24704,7111,242396,422702
5111,5241,36525,30500,8500,213084,322832
4592,5482,134060,26130,7629,287159,494904
5167,5851,567485,64314,6630,237011,909106
4778,4963,122056,26259,7278,183590,366331
8722,6870,195610,23130,7518,239980,501182
8555,7112,86404,24537,7000,335371,541034
6537,6055,81754,27852,6518,237522,384887
5203,5870,83104,25204,7185,267894,443756
5629,5685,509657,22704,7130,365337,935883
4555,5537,62822,62629,6815,329305,514978
5500,5907,91579,33556,10444,1050229,1214789
4999,5871,87003,61148,7722,209662,396182
9704,7703,58631,28129,7038,269126,418535
8352,7259,689424,25593,5685,355180,1159641
6518,6148,74386,54333,6463,409426,608774
7129,6685,82773,24463,6833,186633,330461
5203,5963,112919,22740,6815,324264,530756
6278,5852,298101,24370,7167,194784,558349
9481,7722,743470,64537,6981,451819,1301362
4722,5926,82190,24371,6685,210141,353646
10018,7593,80632,34278,9204,201606,396349
7092,6037,166223,24426,7426,203627,464997
6259,5722,58740,31778,8537,267314,397720
4907,5833,90163,45167,6611,333223,529108
6481,6204,89179,32630,8445,176096,370386
6648,5870,132233,28648,7797,182542,382405
4352,5685,49713,32833,9704,204359,341109
7741,6185,66414,50907,5871,357305,513275
5463,5704,84042,34833,8500,175049,329757
4296,5722,103596,25574,7018,267625,432479
5036,5204,252760,33981,8112,213866,573885
7222,6167,63295,25407,7574,226352,355128
4889,4907,81608,36111,7870,246316,400498
4351,5797,80846,25111,6982,176522,315794
4685,5037,187474,23926,7148,178468,457516
7185,6389,781675,30019,8759,417595,1274659
9778,7870,82229,53093,6537,311323,488682
4815,5592,80487,33481,9352,203141,358461
9648,7407,106836,22963,7389,269550,475367
8815,6333,216001,63796,6981,192200,513923
9703,7444,72592,27537,7259,242907,386034
5056,5611,76848,35167,8296,175058,357184
7018,6241,81161,23519,7203,224541,366498
4834,5296,213826,25296,7259,213005,521164
6833,6241,57453,24889,7760,366377,489905
9333,7333,1205766,66000,6703,422280,1734360
5315,5888,74820,26889,7241,271307,430238
7703,6296,691818,33241,9240,395121,1165826
9018,7648,60667,24723,7240,218072,346016
6407,5945,80498,53334,6370,348517,519886
9592,7463,81608,32204,9759,195316,387146
7166,6537,656717,22926,7000,369943,1087419
4722,5500,543289,23574,7074,255799,858477
5296,5315,68453,31333,7686,201785,354627
6833,6389,78600,66537,6611,321397,558108
9777,7870,83931,31519,9222,210882,369294
4796,5741,196077,27333,7704,219291,478997
9185,8093,86778,32556,8370,261941,426312
4315,5852,80017,26074,6722,192944,335554
9685,7796,81089,27426,7630,226612,377424
4370,6055,270087,137537,5574,320983,783606
9555,9407,65345,31926,8888,212099,374127
7981,6796,224658,25074,7055,220192,511404
4296,5630,82674,63777,4982,232194,440942
7277,5982,148856,26593,7426,183696,397127
4388,5760,38891,24185,6945,221884,322590
10222,8167,487353,24685,6907,285717,860736
6703,5760,80295,35092,8482,194684,348553
4481,5648,109608,25167,7296,225057,395127
8999,6945,276957,24482,5907,201873,544144
4407,5834,60159,25426,7148,306801,446498
46814,5093,78898,23166,6797,195285,375646
6463,5444,87618,24704,7092,225510,373035
4407,5815,1006708,23278,7611,198470,1297233
6796,5907,58429,25056,6963,221199,343072
5315,5241,85445,22611,6222,333700,536442
10277,7222,483129,21963,6592,211312,777199
6870,5797,129348,25222,7241,316963,568941
10000,7185,303050,87574,8445,364630,849347
9370,7945,58530,30537,10148,213505,357072
8296,6704,85954,24555,6074,206526,412331
9462,7445,99822,31963,8796,253472,430349
5685,5667,195135,25851,7334,219733,476812
9222,7685,64225,31889,8648,293050,433645
7500,6315,83667,27797,7296,331904,500553
7944,6111,82277,62648,6685,195814,399071
6592,6000,227589,25334,7277,309185,599496
5407,5426,77162,23574,6722,268021,406238
6370,5852,87678,42852,6518,316097,496108
6333,5556,83453,24760,7222,251748,396331
5777,5352,136359,26204,7407,213509,444719
6129,6759,215302,34037,8981,249436,537441
4981,5426,63244,44889,5389,223384,383331
6240,5704,81649,25315,7370,388792,548644
7481,6241,104295,25204,7148,204499,374498
9703,7741,199515,32185,9630,202574,479312
5333,5500,57847,25834,7166,261596,398961
15574,5093,98585,52334,6111,334208,532608
9611,7537,214954,32500,8907,266877,559571
6019,5389,284118,22685,7445,195841,540442
4407,4944,64876,22685,7611,221104,344609
5056,5222,83503,32019,9074,382882,570923
7185,6445,216686,26074,7408,290292,573701
5185,5037,118684,30722,8630,196888,416312
7222,6351,221942,64111,6778,202500,526330
4296,4685,64662,43389,5945,195336,337535
4444,4926,81086,32833,7944,169024,350887
7611,6426,85232,25204,7314,259303,407942
5018,5833,208712,31907,8611,195786,471867
4481,4944,63691,63278,6740,214197,393108
15593,5074,55151,26389,6260,199031,326239
4611,5111,77872,32426,8537,273885,458979
7167,6203,281203,53852,5963,373589,761273
4537,5537,63331,39796,6426,202371,345165
6685,6092,90107,36296,7092,404354,568126
5222,5222,471660,33204,8870,207040,748884
5129,5130,128806,61500,6259,195654,417979
4481,4815,292193,34333,8204,204193,569311
9759,7833,62228,44019,6185,202104,368572
50129,5852,93467,26852,7481,440382,641200
4611,5055,101150,63148,6556,202403,433683
6203,6167,323963,52333,6148,352774,788106
9240,7111,57868,34037,10982,351036,492386
8185,6833,84366,24130,7259,203318,354924
9481,7630,81641,26259,7389,183431,333535
5833,5389,158603,30907,9000,204932,468997
8000,6426,42212,25092,7482,270786,380572
9685,7333,80636,52037,6352,347213,522923
5019,5629,78171,32759,8426,241160,427275
7389,6129,125983,26760,7185,212477,403164
4185,4851,212593,31963,8444,221442,502423
9056,7444,57979,24241,6037,216075,339591
4092,4815,614903,63944,6704,236240,979031
6833,6296,99457,32278,8592,203486,377146
8963,7296,237288,22722,6815,171117,470498
5648,5334,67748,60389,6722,369749,534553
4907,5074,86025,55518,5852,332787,507293
4963,5055,82652,61815,6648,194439,406035
47629,5315,117743,27388,7593,182885,404368
6000,5704,711092,24481,7167,352772,1127512
9315,7926,85738,31371,7685,368295,527868
5130,5111,100885,22833,7278,171187,363221
7110,6352,115087,31629,9185,240486,427460
6870,5796,349214,54482,6407,377837,847773
7370,6055,67138,34074,9593,348007,490849
5259,5685,80728,24056,7407,360121,501978
9796,7777,81116,30759,8685,197513,387479
7241,6000,267372,23259,6500,347772,677755
10018,7315,71222,22908,7518,381793,556682
15852,9463,60313,34574,8574,427998,572793
5370,5204,98366,26741,7629,249243,410034
5204,5462,231624,31537,8222,205133,503201
4889,5556,1493287,24889,6333,449016,1999822
4573,5037,80379,27093,7370,399970,543015
4130,4740,78470,23000,7314,171511,304165
5574,5685,121338,23870,7482,259234,438923
4167,4722,52428,24778,7240,299607,413775
4555,5482,65963,24741,6925,252572,379516
4185,5537,79832,65074,7056,302573,496072
10240,7889,86570,23741,7278,177243,330090
4389,5704,281309,47944,8500,312002,706237
7500,6296,69770,24093,7203,242562,377128
4222,5908,556582,25815,7463,273987,891847
5481,5315,87655,23648,7648,243343,393979
10018,7796,249838,55556,6722,325751,674477
4648,5685,61317,34186,8981,274588,432386
9574,7741,84204,43741,6592,748550,937643
7481,6444,89184,32833,9611,207000,372812
9241,7074,123459,26037,7519,175427,364146
5740,5611,541698,30685,8889,265705,892809
6685,6407,68066,36093,6611,204506,348960
10018,7778,82324,27351,6260,203378,372368
6426,5556,106192,26648,7759,203843,374628
10055,9093,269430,22519,7278,345695,708070
6982,5925,65781,32037,9130,297717,453738
6685,5852,78463,52445,6444,418793,585145
5648,5463,79795,32351,8612,234129,402757
6240,5833,565274,27000,7574,269314,902235
10870,8000,770049,33778,10093,205055,1056956
6889,5722,78918,44685,6463,202524,364387
5111,5667,81768,33481,9186,213081,364850
5518,5815,268877,39630,6685,224879,586737
7888,5778,219394,33111,8648,204066,496774
9926,7908,61484,25370,6408,214810,344721
6315,6278,535093,28926,7852,453641,1089475
6629,5704,80480,32685,8722,232388,383127
5388,5685,216719,62426,6945,312388,656033
5907,5852,71717,28574,7167,316336,467831
6611,5926,80251,33223,8574,203116,357424
4741,5592,81009,24260,7092,236878,395072
6240,5537,149637,24592,7149,242398,451553
5130,5963,55505,31296,9074,211586,338350
6185,5796,76781,24277,7852,386328,522997
4703,6037,464797,30407,8723,199069,751273
6870,6037,112499,60889,6889,201629,411146
4926,5778,219533,28648,7778,265908,570886
6499,5741,61643,30889,6092,247022,377016
4870,5722,82956,35018,10315,201209,356072
6555,6130,625435,32537,8815,374133,1110364
6536,5797,281488,55037,6593,326063,724014
10333,7945,55246,32648,8537,227085,360498
4815,5481,97337,52166,6315,381494,563775
6352,6241,80075,32315,9592,279830,430590
4611,5778,155406,25574,6797,230387,444201
5740,5852,83182,25685,7426,283242,429793
5315,5111,85439,50685,5982,395613,575923
7130,5963,94752,62333,6741,212820,408905
4963,5500,126565,24500,7759,257044,441849
5889,5796,28044,25463,7037,246028,337165
4166,5444,54469,23092,6778,222048,370831
6740,5908,534484,42834,7129,198307,813477
5722,6055,89724,25074,6889,234089,383757
4499,5611,198296,22426,7629,292054,566033
6499,5741,238516,25055,7352,337481,642718
10055,7500,80254,49260,7555,302058,499052
7741,6389,873566,25167,6852,267982,1224975
6592,5593,190917,22759,7019,247006,499201
9240,7352,387156,22407,6667,226748,695366
6148,5629,94098,23593,6870,425955,578996
5463,5907,80078,62463,22481,214532,427553
6019,5444,124816,28111,6889,229237,416776
4593,5333,39444,23389,7462,222296,323665
9667,7815,61460,48204,6037,349111,526664
7037,6500,75551,35759,8963,203003,388109
6778,5574,95512,25444,6982,299245,459627
9129,7204,297139,87797,5574,293134,733181
6296,5481,65397,23907,7945,225990,354405
5592,5815,85061,31982,7111,396787,548404
6074,6240,83930,22907,7593,181587,345553
6352,5518,236539,26851,16815,203459,529552
6333,5556,67259,32611,9222,256387,396405
5444,6074,85794,24018,7260,332000,479442
5185,5666,84329,31667,8333,196262,346998
5556,5351,126901,62259,6871,196856,420405
4981,5815,216806,27167,7500,193247,470831
5703,5704,70749,23981,5926,215268,346683
4630,5314,80784,26315,7389,342436,520219
6629,5519,105466,23519,6685,224550,390423
10204,7833,248390,24852,7111,179570,493868
5926,6148,64759,32352,9111,339961,490312
15278,4740,58405,22704,6815,197963,325924
5111,5055,86996,26926,7555,202484,350442
4500,5074,147919,22556,7204,262596,469442
9259,9111,219177,22240,7111,292839,576311
4759,5407,78841,45759,6797,325545,520274
6611,5778,480283,26315,10611,230360,781755
9925,7759,775874,37871,6481,218213,1075864
4981,5315,756001,24945,7055,271696,1091586
9259,7278,483204,32685,9611,227718,824921
7777,6463,90961,24592,6093,203019,358720
4407,4852,87644,23611,7333,242428,424608
7370,6574,244790,36092,8519,182485,503663
9481,7130,53769,25982,7481,365802,490516
5685,5648,87842,48092,8222,329045,504349
9593,7352,78709,25648,7556,209714,354628
5852,5314,152893,23611,6852,233994,444386
4871,5814,32614,25740,7537,243811,338702
4482,5092,84111,22111,6408,197442,340480
4352,4962,83202,24445,6907,195908,372220
8408,6944,119051,28723,8425,210354,400794
9667,7574,1567993,27500,7630,272532,1912415
4666,4963,57251,47000,7370,427357,568089
8759,7148,80008,25871,13370,195823,349387
8055,6815,87599,31759,9222,294454,494515
7666,6482,252300,62167,6722,339177,695292
9296,7259,38891,30092,7149,225959,351720
4852,5166,82871,33703,7834,403052,600200
9463,7352,83646,30315,8352,257814,416812
7166,6426,158163,31870,9556,206075,439423
9371,7833,226512,23723,7351,189226,481553
6352,6315,84455,31926,7666,417283,593460
8407,7166,84435,27055,7537,355915,514719
9462,7722,117303,31945,8463,207491,399442
5148,5889,204782,24130,7722,196901,463164
8592,7555,66966,31074,8333,340143,494478
51203,4981,77631,52333,6685,402682,625107
5685,5796,98369,31056,8925,207278,373813
7278,6444,221996,64389,7370,198798,526571
9167,7500,65735,28222,7296,298263,435238
6185,5889,89788,50408,8463,414467,627534
6981,6074,82731,25518,7315,186305,330646
4593,5574,1059562,26870,7648,398467,1533973
6573,5686,53689,24556,7111,221105,337960
6536,6186,142428,23278,7222,240402,460534
5815,5593,80778,32148,10463,223534,375072
5500,5759,125240,63925,7149,277239,520145
6093,6648,258107,25222,7482,175593,494794
4815,5685,78328,24407,7241,296170,434516
5222,5722,77436,31963,8445,171654,356349
8444,6981,91139,25592,7056,232600,392460
6111,6333,182618,32630,10000,204009,457757
5259,5703,58987,24092,6519,295882,433793
16463,5296,54910,33982,7315,216162,352887
4944,5074,83816,26092,7074,242127,385646
6296,6556,149720,31982,9018,207111,426275
4871,5055,58830,40167,6926,203427,337350
5426,5852,82235,50833,6315,320077,486905
4500,4851,82363,33463,10556,201802,353627
4444,5297,115749,25296,7315,297841,476627
9963,8167,240507,26685,7037,215990,525849
6611,5629,176820,23556,6870,229474,469145
5371,5277,79985,33963,9074,177754,327073
5722,5852,256612,26018,7074,338718,658107
4648,5203,236462,24815,7203,207073,500849
5685,6148,65330,24685,7593,231057,360942
9574,7722,92550,48407,6500,310318,493738
4611,4981,74567,63463,7000,202857,376220
8796,7407,148954,26166,7167,311895,565237
7537,6481,490804,32166,9167,412173,980772
9500,7407,426838,51074,6556,430786,948606
6370,6204,84818,31740,10019,175421,332554
9722,7352,641149,53129,5871,318400,1081457
5500,5666,275666,25500,6814,340683,680366
9518,7519,70367,39074,8333,218242,388016
15518,5056,58143,25426,7370,200892,328979
6537,5463,94326,23926,7000,271597,428053
10185,7981,244861,24722,7130,237099,566718
6185,5945,57340,24389,7630,229065,349591
5148,5463,73709,24222,6056,207733,341905
10204,7277,74170,23297,7000,256550,396405
6796,5963,711019,62704,6777,294271,1118882
6944,5871,55425,34444,8907,207925,354239
5740,5575,80348,22630,7241,342778,500553
5740,6407,77366,30722,8981,200244,345072
4555,5037,126697,61481,6741,279523,528589
5666,6074,203213,30148,7797,273080,564200
6611,6092,69323,37833,6704,198935,344979
5610,6056,76876,27426,5870,202233,359571
5889,5592,1357225,97000,6130,279857,1782767
4611,5370,248576,25574,7611,345162,669293
6056,5907,61277,25889,6907,346239,493479
5982,5944,99682,37426,5815,308815,494034
6074,5352,518143,24963,7093,219482,797644
5463,5704,687956,87611,6203,334168,1177771
6000,5555,52732,38574,6797,207266,335794
6056,5592,94249,23851,6112,395989,559219
6055,5648,83765,32222,10019,208252,363053
5629,5926,118448,22611,7630,217087,393646
5129,5537,219964,61241,6482,194347,541941
6537,5833,68999,27852,7593,355090,542626
4889,4944,82905,23926,7018,347815,492053
10370,8037,81588,32018,9019,250261,444701
6722,6241,869641,23352,11037,387314,1324900
5296,5704,65528,70074,6704,269284,463942
6463,6185,87786,50648,8370,395804,571052
5278,5611,81746,25111,7760,178122,320776
4592,5723,280596,30240,8686,349233,725903
6241,5778,56835,25463,7222,218700,339035
5019,6203,80000,48852,6740,389202,563941
6796,6111,87535,34907,8000,205519,365683
4722,5889,117218,24092,6889,273262,448424
5759,5796,212346,31074,8370,200004,478720
5370,5834,80732,26352,7648,343302,488460
4944,5871,81026,32574,8722,179379,349053
6907,6000,83525,25666,7482,179029,327109
10055,7926,184374,31871,8555,272568,535238
8481,7019,54853,27630,7000,262700,403035
14962,4908,93962,25093,7278,409238,592589
5907,5648,79090,24463,7241,245871,388053
9240,7500,241848,29815,6203,454871,766977
6296,5723,771771,35296,9537,411518,1271048
6740,5852,83510,31352,7204,351431,502626
4611,5834,94119,25648,7500,326452,496146
6296,5944,121506,31797,8629,207029,398886
6666,6482,262929,66111,6871,424584,789717
4907,5852,58946,50834,6648,353069,508867
4500,5796,84389,65630,6333,320497,542793
6593,5722,89701,25963,7167,176945,329165
6407,6241,271273,79000,6408,294741,699385
6259,5704,88679,32740,8741,336004,499849
9611,7704,81325,44240,6593,345950,522479
6203,5574,457341,51315,6259,225488,768699
6481,6222,231765,64982,6352,327157,662625
8722,7463,57449,26537,6814,267383,395776
8759,7333,775983,23574,7426,225418,1065901
5926,5778,80352,33518,10111,207165,359572
6241,6240,97721,61796,6500,288833,484164
4685,5925,306922,33833,8593,417703,806310
6870,6018,241439,24333,7537,273021,578811
4889,6111,75825,66093,6555,369598,559737
6722,5944,81990,31019,8740,263194,417868
9518,7963,277081,132296,6315,346563,842236
9370,7574,63931,34703,8908,351011,549127
8592,7000,94169,48463,6204,370902,572385
9648,7870,80982,62240,6741,201757,389664
5389,5296,141684,26592,7463,175833,378887
4500,5648,62052,25907,7463,223502,401220
10111,7945,75401,22574,6667,200671,349758
7370,5908,86455,25204,6981,179914,328387
4740,5833,132583,24796,6963,283471,530867
10796,8445,292080,24389,6000,206435,572867
5926,5963,60227,30926,7351,220827,354332
4574,5703,82169,22760,7203,229755,369146
5778,5944,80464,24889,6925,191202,336054
4351,5963,188424,22074,7463,189907,478145
9741,7833,64570,24463,6908,251612,391202
6463,5574,86142,54630,7926,311706,530497
6296,6352,82289,26037,7166,180173,347869
9889,7704,145286,22111,7482,258470,469794
5630,7037,27692,24926,7000,221362,315573
5185,5796,79356,51593,5741,396103,560681
5519,5666,78003,25222,7963,217884,379498
9796,7962,114390,24074,7481,185665,367738
6037,5278,219424,34129,10500,259610,552312
5092,5685,66664,23851,6926,299909,426812
4648,5463,1097679,26741,7629,358053,1517121
4203,5630,83677,31000,8815,266135,477256
8777,7037,372009,39481,6741,236969,746662
9907,8241,84599,34093,9518,255491,428645
4759,5704,78838,108371,5870,304215,545719
9296,7815,78355,24907,7185,207922,353239
7000,6278,151834,25648,7111,210127,430387
5092,5833,36110,23685,7167,363128,487256
9981,8074,80904,22556,5685,208057,362276
6296,5760,426476,25166,7278,253464,741737
4259,5500,130955,22445,7648,186598,396275
9777,7482,332638,42815,6111,330117,773902
6611,5611,64340,33222,9278,208417,400034
55296,5722,85894,23278,7630,421213,618385
9073,7463,83355,64852,7334,205272,394016
4703,5685,104557,27870,7649,255922,426886
9537,7518,68221,32685,8834,216443,378646
6963,5870,87645,48389,5907,390148,561719
8333,6945,81828,31074,8981,202022,354683
5166,5685,185178,25834,7018,265134,532478
6315,6055,43195,32833,8908,215396,331832
4204,5777,80730,31667,7870,327768,478405
5500,5556,86079,63926,6722,419695,624626
6593,5777,101708,28592,7296,260309,426720
4333,5944,201965,30814,8685,219071,485960
4111,5833,64499,61112,6611,330979,491441
5074,5704,84997,31130,8426,173315,324591
4574,6129,82551,26185,7130,225558,370090
10074,7296,305049,35074,9055,416225,803199
4685,5852,60751,63926,6685,217747,383294
8407,6500,94638,33574,8759,369804,543812
5426,5278,80265,26333,7463,236881,379146
6852,6351,140356,32278,8814,255291,470330
8148,7277,323983,40241,5296,410272,811865
6018,6019,73203,24778,7167,1003919,1139901
5389,5444,80090,30982,9648,209686,358368
5889,5870,111588,26204,8204,272761,446812
4907,5408,287419,28722,8945,171688,522367
5666,6315,72196,25759,7185,290487,426053
5055,5074,83416,30759,8407,199694,347850
6333,5907,87191,25352,7352,225140,414330
8630,7296,251911,26797,17111,211604,543219
4630,5111,61353,30149,8944,214959,360498
15166,4500,56500,26167,6629,400831,526200
4574,5037,85350,25556,7537,178037,322202
4500,4999,273311,33148,7500,325464,681866
7518,7204,663253,24481,7148,173483,899217
6592,6037,76029,25352,7185,260062,401757
10259,7926,86823,27019,7518,179860,370739
6203,5778,626691,23352,7297,317043,1006512
5277,5778,721523,27259,7500,428359,1247715
6593,5852,83020,26093,6796,244459,392239
8519,7222,143352,34278,8926,227682,450201
5185,6222,88350,23704,7333,190611,336776
6536,6260,310459,30092,7574,406815,817995
6537,5703,80420,23000,7889,297300,488219
6352,5796,88955,23445,7240,420968,583589
6204,5722,75509,30981,8815,218100,360979
5648,6074,148859,63648,6852,203694,450572
5315,5833,60023,28945,7241,335418,476072
6426,5833,77521,23575,9111,397735,551793
6092,5889,82834,61408,7463,214663,397275
6074,6685,128610,23555,7612,197888,385553
5166,5907,198997,25407,7889,272593,553052
6370,5852,56013,22740,6130,226818,342812
5815,6000,82270,32685,9130,206228,392313
6203,5630,88750,31796,8519,247748,405275
6203,5704,278451,38963,6519,218490,574367
5000,5796,85949,29241,7222,260345,412738
5889,5870,78373,52778,6371,414012,613978
6352,5685,77612,33037,9445,235700,384720
4685,5759,134851,61778,6630,196721,464127
6315,5999,45275,26759,7593,219612,346720
6241,5870,529532,25093,7000,280055,896495
6407,6037,106900,62611,6519,232875,458016
6537,5777,108010,23704,6963,290839,458145
5592,5741,249396,32129,9075,228785,550941
10296,7852,69413,38778,6425,205715,373720
49055,4814,76986,51055,6389,310975,546626
6056,6333,94427,31982,8648,226681,394220
8889,7222,145796,62129,6537,198017,470275
9703,7945,126219,26945,7129,354870,561589
5851,6000,86181,32722,8870,437224,595144
5963,5981,1208789,29649,7351,185425,1460455
4537,6204,146750,32796,8556,207858,446812
9759,8112,43100,22518,7056,226139,342702
4648,5760,363579,29556,7500,208694,637756
5908,6018,77541,28389,7777,205513,347517
4574,5481,117409,25352,6778,191793,390201
9389,9574,212795,31093,8889,230312,521219
4870,5556,59386,67889,6815,298814,466238
4815,6296,78644,28018,6556,205965,403350
9518,7685,79994,32296,8871,264967,440349
6963,6055,217251,24611,6815,229783,511812
8926,7666,55508,27186,7648,219434,345313
5111,5593,77024,57222,7352,424620,628941
6388,5630,83504,23648,6704,265642,412127
9537,7314,140058,22389,7074,210385,435571
6463,5703,223667,31741,8759,283404,579848
10055,7796,72072,22575,6425,428185,564663
5314,5445,82458,63630,6722,204187,387571
7370,6333,114735,22555,6426,314096,504071
7185,6111,230584,31667,8741,211301,512423
5037,5130,87823,27722,7852,410988,575404
15018,4445,98821,53778,8592,301047,515516
5870,5407,86190,63037,6648,235642,421294
10018,7796,242058,26352,5982,251309,562441
5110,5111,89538,25518,7426,327201,481126
8574,7277,160684,23092,7019,313943,565774
6296,6352,81718,24445,7055,256002,398868
5037,5204,156049,23630,7815,180226,395794
8926,7555,34363,24870,7148,223136,324831
4648,4870,77713,22611,6704,197304,350276
7018,6037,77729,23741,6833,210251,349312
9185,7129,120486,62778,6574,208660,431238
6426,6648,1199576,25019,7426,260155,1525139
9259,7481,64815,93445,6129,305293,504626
5111,5777,82092,31666,9352,180259,365405
6796,5907,85774,25223,6926,200501,350109
9240,7148,209643,25222,7722,243744,519923
6611,5500,770252,43537,7240,296891,1149197
4944,5204,79842,67445,6537,371265,550719
5907,5908,84007,24870,6907,181566,360109
7074,6129,130265,62851,6649,208085,437312
4573,4963,50670,34926,9352,209588,348701
6185,5685,68427,51204,5981,394941,548904
5259,5778,88091,24112,8148,242702,410424
6240,6019,99330,24981,7130,226316,385738
4981,5537,284624,139296,5630,301649,757236
5056,5685,66678,31944,8630,224450,377109
6408,5537,82027,26852,6000,204730,350239
4815,5407,71989,26241,7574,273527,406516
4982,5240,226950,23815,7592,216955,536127
6444,5722,64411,25296,7130,231976,359313
4926,5167,89445,45315,7630,312866,483942
5611,6018,79407,25333,6908,181073,320220
4111,4908,631311,24222,6389,358257,1048272
4722,5666,59236,25037,7019,223725,359220
6778,5889,71956,33889,9907,378263,524460
4944,5333,80769,26222,6963,181989,321461
4648,5093,116729,32389,8889,208657,426127
6333,5740,266099,23925,7426,317047,642922
5092,5334,1228910,32000,9019,268950,1568269
5240,5556,78927,27963,6463,356477,531237
6241,5574,78962,24593,7648,226350,369442
4704,5444,284553,48889,6870,308758,715533
6889,5889,60773,22537,7148,226151,348776
5204,5852,91493,40611,6833,396411,562960
4685,5611,78492,25592,7056,236451,394091
6092,5704,120508,23537,7018,1130541,1309418
4852,5518,223599,31889,8981,579841,889680
6092,5519,79966,45778,6667,436993,596811
4555,5352,75113,28574,7222,232959,389646
6129,5519,117037,31703,8704,218369,403924
5092,5037,206831,25833,7223,881940,1148567
4667,5037,60255,23444,5741,222558,357183
14666,4593,61049,22574,6815,319948,447182
4722,5018,78473,33037,8482,200266,380460
6222,5760,166897,61703,6815,197193,460850
4426,4870,65784,27759,7686,235640,364628
5963,6315,76467,51741,7277,330142,494127
4851,5722,76132,31833,9149,274551,431775
6629,5741,129241,61796,6611,206423,432886
4833,5833,210461,26649,7426,178962,449923
5018,5574,59255,30834,7852,217113,362146
6444,5815,82587,24944,7111,307448,452331
5685,5945,99029,25889,7463,236876,416831
6277,5463,401694,32741,9092,212655,686533
4648,5370,57543,23204,7019,305065,440127
50129,4815,82190,21815,6407,359437,543552
5203,5852,85540,31796,8629,275829,429719
4685,5389,287834,53055,6556,416458,790366
4722,5630,59591,32870,9259,285425,417868
4759,5185,84663,47445,6722,377890,541867
4537,4741,602771,27260,7629,283260,967550
7018,6093,146733,26555,7704,180117,390701
4851,5556,45398,31796,9167,214656,330516
4704,5259,68025,23445,7277,393120,516849
4556,5074,77764,62259,6667,206845,381739
4907,5352,104225,28296,7407,177810,378479
7074,6259,281093,67112,6518,208977,612274
6537,6389,61276,32871,8000,246610,381202
4685,4982,76719,64074,6351,319834,489479
5722,6055,83532,32741,8870,205762,394479
8833,5185,239344,26519,22092,228783,550885
4389,4815,74639,24166,6778,281488,432979
6648,5908,92285,32592,9296,357213,519682
4481,5056,83098,31740,8815,209474,358313
5462,5704,115503,26834,7148,281698,459367
4629,6019,331075,33926,8630,367939,770421
9462,7537,69537,65351,7074,380072,590959
7315,6426,81608,66889,5185,212334,399442
4629,5241,113662,26463,7444,314595,493164
9740,7982,219844,24574,7630,181005,466145
4241,4852,56546,43241,6389,201118,336591
9240,7556,76914,23834,11629,204806,370942
7537,5907,78098,24685,7296,188104,353331
9740,7500,227985,33834,8703,209920,517367
5074,5278,58446,39240,6704,236126,374165
5371,5685,86721,46352,7482,303831,514534
10000,8315,81201,33685,9408,208537,370257
4611,5407,144866,26982,7648,250854,459127
5796,5444,53327,23574,7630,342911,485682
11500,8130,71806,22963,7333,215692,356128
4815,5074,78471,23203,7389,194917,351350
8259,6926,81968,26760,7926,304843,455978
5092,5296,200208,22722,7741,275938,556793
6352,5648,59169,44685,6407,199108,340795
5333,5648,80426,22851,6056,200369,340257
4445,4685,88275,24482,7518,177964,357832
6796,5796,297755,33852,9593,1066273,1437732
4611,4778,698364,23629,7834,197760,988994
6315,5703,75400,50814,7556,309191,527071
9777,7408,78434,23481,7796,182620,360220
6129,5426,127636,25648,7333,216640,405127
4870,5000,60856,23148,7778,270697,392442
9407,7982,63835,33796,9056,237588,397424
6889,5593,81463,25222,7074,310238,453442
8000,7240,103258,33222,9685,208111,406553
6204,5574,213996,65981,6834,206260,523108
4925,5149,49105,31555,9056,216634,336257
6388,5963,82270,67833,6593,293487,535867
9555,7630,83657,30740,8371,237433,432701
7944,6666,251359,25000,6648,414711,728643
5426,5333,66041,26426,7871,373659,519830
6296,5777,494151,22778,7296,224660,781569
5129,5389,79445,25389,7463,183590,343220
6204,5574,548276,22981,8019,192812,800699
5351,5371,52218,23871,7777,228021,350257
4425,5111,70254,50722,6556,390114,545071
5166,5630,74992,62908,5611,216246,392498
4444,4889,111620,25630,7000,201618,394109
10277,8315,227747,23241,7148,181787,475719
4093,4722,55375,21593,7203,222272,351128
10203,7648,72929,32778,10000,403475,554367
4426,4963,81426,28074,7315,223238,368609
8704,7166,309017,50704,5833,322664,722200
8481,7463,52348,40352,6982,206557,340905
9389,7444,85699,50315,5796,385595,562090
6185,5870,670566,63260,6814,261132,1057401
9741,7722,143990,26945,7481,196378,443220
7593,7407,216896,23592,7667,236379,516960
10352,7759,66561,51518,6352,301326,462923
6000,5945,83077,22740,7593,213551,358869
9944,7370,106038,33889,9259,205812,390331
9741,7389,203276,62537,7056,208220,537219
7037,6222,79571,25981,7000,342112,488849
4796,5963,87957,79056,7037,334928,536811
9889,7740,84234,63518,6519,208931,401757
4777,5630,209139,27629,7889,180248,474275
9926,8074,78359,23649,7481,262509,416183
6888,5648,87969,54444,6889,422436,644922
9703,7963,79818,23426,7167,189680,337035
4963,5925,150131,25537,7149,198903,408220
6000,5814,33389,23166,7278,268925,366572
4240,5408,78349,52370,6000,331037,554793
9629,8019,84513,64167,6444,387687,577941
5463,5593,117493,25018,7075,309967,509738
9315,7407,236547,22648,6704,185876,485534
5556,5777,702600,23463,7185,183136,944717
4500,5759,75839,24352,7111,314992,474738
10278,7666,74338,61518,6482,253068,432313
4518,5722,171983,27574,7186,292680,521330
5815,7055,53685,24574,7352,250628,371628
4259,5982,84460,24408,6240,310074,509886
9815,7389,71847,61741,6555,205614,381572
5722,6315,659253,43240,6556,411130,1192660
9129,7204,221269,24111,7112,264579,552904
6907,6037,68583,43500,6092,238527,392776
4592,5963,74395,61722,5000,209659,384590
4797,5703,100708,35611,9833,203976,377295
6111,6315,204224,60685,6445,202754,507849
8426,7778,93481,25315,7037,303090,464535
4833,5166,81276,63500,6463,772960,953790
5796,6055,932718,29259,7463,353497,1355621
8778,7203,175624,33592,8982,241818,493071
4592,5074,55048,26407,7056,220821,376386
8593,6963,80638,24463,6333,396248,539608
4870,5111,74951,31111,9018,266881,408238
5907,6259,206282,26241,21074,266622,551496
4889,5148,50669,32648,8704,214292,335054
4666,4982,69315,51926,6333,334201,485089
8203,7352,76647,25926,7426,319684,477442
7148,6277,102830,25000,6778,256112,421645
4814,5000,216642,24056,6926,291428,586552
6741,6037,56066,23741,7000,267376,386294
5222,5352,53102,63148,6907,239378,410017
6259,5925,75563,33870,8796,243010,389201
4185,4815,707764,61129,6593,412248,1272530
10037,8296,53077,32278,8592,217033,355035
5407,5444,79131,43925,6871,338941,517237
10277,7963,85795,32111,8574,242296,406960
6888,5926,135812,60444,6556,238723,470830
9092,7148,212050,24833,7500,176022,453904
5389,5685,75918,22371,7500,209061,400479
10204,7963,79009,22240,7778,235489,381776
4444,5907,259933,22500,6519,255434,626329
9500,7518,256357,35148,8519,207547,541052
4647,5815,54411,22185,9259,222032,340997
6185,5982,70890,29092,23297,216886,375276
4389,5611,84740,32481,8704,267388,472942
9759,7611,145238,63963,6926,260037,512460
4592,5574,60273,26222,7352,237892,364257
6278,6203,83660,85944,6611,291597,525867
9703,7481,82343,33982,9370,210433,390201
6666,6185,120674,23315,7333,255787,436534
5814,5223,204320,30500,8814,237437,542756
6351,5556,53966,46500,6889,201736,341016
4444,5333,79927,26408,7222,309996,464664
6388,5667,91277,32833,8963,274184,436275
4852,5407,200645,22945,7148,267611,525664
4463,5352,63680,30519,8777,225522,358702
10333,8000,87679,90222,6518,270967,491479
10019,7555,64362,64333,6518,202822,373350
5944,5944,219693,28574,6833,307212,628200
7296,6296,76617,24629,7704,331955,495256
6851,6222,96652,30963,7778,438641,639922
6074,5833,84113,30518,8445,201329,353776
9611,7481,119870,24018,7260,211498,396034
6759,5926,40850,30870,8445,216704,329573
5852,5667,475328,30148,4963,281334,821884
4926,5259,77716,22833,7352,221579,356035
5241,5611,644880,25481,7186,586945,1306604
7074,5925,273601,22833,7519,329507,688218
5296,5463,60561,31852,9222,319492,463386
46500,4722,92708,27055,7852,239457,437479
5481,5852,76002,24704,7648,217811,387590
6222,5685,145481,31704,8482,237108,450553
4963,5537,66572,67222,6704,230093,399294
4851,5093,85607,22778,6277,359520,537256
6667,5944,81642,61333,6797,308411,516960
5666,6148,110677,24315,7518,197451,367257
6833,5907,214416,27555,7759,259545,541274
9851,7704,61599,21870,6389,225733,368312
6815,5888,78208,34797,9240,209513,364868
9426,7222,100891,62907,6574,236255,439497
5759,5741,1816351,34370,8945,189488,2112024
6111,5796,55387,24704,6481,342333,482256
5629,5852,78181,34260,7500,253557,422849
6019,5481,75902,28092,8148,272004,414683
10241,7592,239770,23333,7426,213839,538701
6203,5612,75416,24203,7537,272786,411812
5481,5815,79618,91018,6186,316694,570052
9148,7130,76245,62000,6648,294715,476497
4537,5092,149003,27815,7296,203662,414849
8833,7222,218038,22463,7444,194589,475015
4667,5481,69980,22723,6259,215555,347832
5518,5222,250367,32241,9074,258556,583830
6759,6130,107865,23926,7981,228041,396961
4648,5056,322492,21686,6259,331762,706792
5704,5222,54250,30926,9055,275045,403109
5704,5629,72581,57963,6871,372990,538201
5130,5018,84709,24463,7407,275585,444683
9685,7630,144540,30778,9111,258790,479071
5555,5389,458149,38186,6722,323031,912458
9778,7852,81110,56407,7297,295498,484368
5055,5296,80350,62574,13500,869126,1059623
4463,4926,126161,32241,8611,220596,436220
10055,8148,276382,24907,7408,312318,661162
9703,7574,62954,32760,9703,337414,480219
4333,4907,77526,24760,7574,337008,501015
8963,7092,85728,27537,7760,230436,402961
7167,6204,324022,24685,6148,359363,752070
9426,7370,57187,62741,6759,336810,555701
6666,5704,104648,51018,6371,335405,535497
7184,5667,79664,62963,6611,208130,385960
5759,5259,291422,23352,6074,332593,708237
6092,6130,68382,33130,8981,257449,419405
6981,5870,81492,54037,6722,366413,541589
9167,7037,74175,61296,14000,222101,405942
6389,5574,132117,26130,7093,285880,484738
8963,6852,215930,25685,7278,218400,498590
5259,5296,62243,31519,8833,209329,341350
5055,5037,78167,25574,7519,343423,485645
9389,7000,97368,24000,7315,240722,420961
7592,6037,331496,54000,6297,315166,782088
5333,5278,53642,63037,6852,248578,402942
9518,7371,76844,25111,6685,347820,490108
5537,5370,78435,22851,6945,202619,373238
6648,5518,228136,25074,7297,182991,472090
5055,5241,68690,26444,7612,326659,460386
9555,7426,474391,33612,8981,248400,818421
6685,5852,80537,24611,7241,238164,379386
5018,5056,137443,32259,8722,203018,427183
5851,5649,214829,23574,6797,184871,460201
8889,7352,60180,30185,8463,212133,347128
5129,5408,73233,22870,7519,183728,350665
7648,6166,102565,23185,7371,304192,470719
4389,5074,23859,27296,7815,892673,982513
10333,7833,59320,23019,7592,340270,519960
6203,5704,77577,27685,6167,209402,352627
9259,7093,72056,32297,9185,213886,359239
4852,5037,273666,61314,7204,334775,738551
7148,5981,855793,68148,8167,217293,1182345
5074,5222,97162,44074,6667,412835,621904
6333,5630,73937,23260,7111,222042,354368
4426,4945,122639,24926,7203,292118,473368
5981,5815,280433,23389,7593,183026,522071
4222,4722,56672,43760,5851,205956,339831
5203,5704,73967,23259,7592,186699,319350
9555,7056,102742,22704,7093,309810,501349
5481,5500,206481,31630,8963,250516,527867
8982,7166,61442,27945,7092,268593,399979
5018,5463,71477,22389,6482,209576,341091
8777,7019,83938,27463,7703,183246,333553
4759,5537,223603,23463,6777,188599,468034
5648,5944,51879,23148,6833,347564,458905
4500,5019,80098,53037,6167,407769,572312
5148,5537,1252188,66519,5593,206617,1561916
9648,7185,117243,24296,7000,231089,447905
7592,6055,228871,25759,7315,180349,471719
5241,5944,72387,22519,6389,210667,358924
6018,5722,74904,36037,8926,202298,354738
5000,5278,93994,23592,6982,195745,348980
9519,7240,246715,64463,6777,285394,651941
6740,5870,797786,27352,7648,204727,1069493
5241,5333,80599,25574,6019,201473,342832
4648,4944,72338,33389,9093,253160,393813
5962,5574,176355,60685,6833,204477,475997
5722,5926,36945,26166,6926,260683,361461
4666,5167,80128,51870,6463,359684,525756
4611,5166,77682,61056,6407,212094,404905
8129,6833,132569,26259,6982,191262,388164
5647,6297,230770,23333,6315,501059,792717
4407,4963,76435,69815,6185,260174,441034
4574,4982,79599,64574,6593,335323,547478
7037,6074,100875,24222,6963,302511,497552
6055,6074,801392,34296,9130,368156,1244474
4630,4963,56056,31797,6833,213016,354498
15148,4815,51184,26111,7611,336350,457497
4815,4759,78849,31963,8741,284519,456905
6130,5537,303717,45167,6722,418000,801662
4611,4852,54123,25425,7056,224709,339276
4685,4815,75510,47703,5260,411802,600867
6130,5629,80489,34371,10148,209213,362572
5740,6241,106839,62777,6612,208047,435090
6055,6111,320485,24500,7204,200104,585626
10445,8240,56113,31778,7815,217459,349776
5944,6056,81981,22500,7759,324516,465275
5185,5166,83183,30907,8537,247593,435071
7000,6111,185699,27574,7797,206557,459201
9370,7500,58697,32407,8815,349930,519163
15055,4815,51380,63445,6963,376820,534848
5962,6167,74712,26870,7074,283027,443127
6111,5630,276524,44982,7500,389045,747644
5055,5612,59559,24389,7630,224809,347998
9796,7352,71780,31352,9074,422736,569016
5389,5685,77166,25519,6556,224831,361257
6093,5277,122387,25259,7315,191000,408683
7222,6019,250255,25148,7019,958848,1271326
4444,5093,81883,23333,6852,446429,586404
9574,8055,72752,67666,5408,215635,397183
5889,5389,106360,24019,7185,185138,350072
5000,5148,248062,25240,7241,184584,490441
5536,5778,62060,65019,6592,267290,431053
4241,5000,559835,23667,7444,241882,863439
9555,7574,89612,22407,6945,213090,365239
4574,5000,168220,24297,6778,277906,503108
5630,5981,87256,23167,7518,283261,431794
4240,4797,91772,25518,7056,335706,515034
5259,5612,78362,23463,7389,259672,418202
7148,6111,119509,25111,6981,282211,488756
5407,6056,750802,22389,7963,273562,1104327
6333,5630,55134,52241,5963,357992,499589
4667,5703,77300,35925,8963,201662,350850
4703,4982,94130,24463,6945,298719,454386
10259,7444,204073,24500,7278,275850,568107
6500,6000,59626,25130,6907,270594,393887
5018,5315,75921,25537,6333,211985,365609
6463,5722,72586,31907,9037,277561,419609
5129,5500,225584,23352,7481,338746,627218
9408,7314,51600,32445,8852,335471,463868
6093,5185,407746,27667,12759,249491,727848
4666,4963,77318,22796,7612,216328,348886
5833,6334,128019,26371,7166,278182,472590
9703,7704,272129,23814,7667,329090,681292
6722,6093,62886,32518,10038,212908,369794
4945,5037,74588,25314,6723,327705,497460
6148,5463,147142,22574,6648,380466,589367
9630,7166,282269,56797,6685,296523,675293
4407,5000,55952,23611,6333,341953,458145
9833,7574,767913,61722,6815,335136,1208863
6222,6074,80615,23759,7259,232939,372035
4759,5093,1285723,32686,8703,350730,1710416
5184,5204,68370,63334,6481,287016,456478
9556,7907,78498,31000,8129,389166,575423
6870,5981,78922,24389,6870,176503,316053
5055,5481,135568,24278,6815,185337,413442
6167,5685,692158,47278,8074,352502,1136345
8852,7259,58805,45370,6574,204342,350572
5518,5296,75451,28926,7741,389787,567496
7407,6500,99634,31537,8704,232512,405960
9463,6925,289373,61852,7074,356475,748792
8926,7963,54685,41537,6630,207424,345961
6185,5574,74091,29722,5852,252555,394276
7129,6222,70719,32889,8630,211335,357479
9889,7888,150921,24481,7685,287818,510182
8870,7296,48400,26907,7685,226358,344275
5351,5222,78935,22259,6334,206674,345164
8611,7148,70988,25259,7000,224121,379590
7407,6278,117875,32630,8481,238567,428034
4204,5092,28670,25463,6648,224310,313795
5852,5778,60871,24870,6371,218534,359350
6945,5777,74832,65723,6703,382924,563127
10019,7518,97738,24352,7425,213742,377202
4537,5074,339773,32870,8778,290446,719515
7278,6407,57845,27574,7333,260468,386035
4370,4871,75898,30167,10963,397376,553349
6630,5889,74248,24981,7759,285361,440387
6037,5593,268301,50019,7000,357916,714181
10092,7982,26300,38333,6778,230476,338554
5944,5426,77001,54185,6241,351496,520367
9241,6796,515129,42204,6481,357384,971661
4704,5129,124294,25796,7000,188556,394109
9685,7574,221310,24167,6889,269094,558293
4629,4834,62400,52926,6167,421559,571534
5092,5334,75528,25074,7056,245932,435775
9555,7481,85416,25037,7389,214434,367535
4574,5222,222339,23056,6889,213010,527997
8278,6870,60948,22778,7574,296809,424053
9851,7908,77816,33204,8648,443643,598570
5074,5185,75556,61852,6796,208572,400516
10018,7167,167035,31537,8518,195722,437497
7537,6407,45718,38334,9074,258372,388146
8962,7148,89605,63204,7407,392615,585311
5111,5722,72992,62574,13500,224932,418516
5777,6037,124138,26630,7518,255675,443015
5129,5426,181951,32333,8648,264084,520923
5444,5667,59800,62426,6704,300641,516089
9889,7926,82928,27796,20074,226311,399702
5444,5037,504463,31185,8630,205218,775847
5259,5370,201702,27037,7796,180870,445219
4203,4741,57052,34814,7500,331891,511885
25611,6167,45327,25926,6519,238559,372665
4703,4982,73121,26186,7222,304079,437682
5426,5907,206731,23537,7333,186637,496238
9833,8186,64877,25907,7204,368101,539201
15278,4870,728227,31666,9445,204119,1011309
4537,5055,78355,61685,7963,220569,399720
9148,7166,106742,24092,7556,223016,394183
4759,5000,28388,22852,7074,226703,331350
7037,6148,58386,32407,7741,210816,344109
9278,8129,75976,23852,6352,208540,351442
6259,5611,77549,31574,8611,232950,413535
6740,5889,255565,26277,22463,240062,576811
4389,4925,61211,23000,6778,299491,439886
16092,4871,54301,27593,6778,228807,357368
5426,5093,78725,23111,7260,207420,343980
4648,4648,241686,25722,16019,232829,562052
6593,5833,77832,22500,7908,336257,474590
4963,5055,81461,43648,6703,375926,548534
6630,6148,78013,23315,7334,185725,323702
7999,7148,124642,25370,7389,296208,507515
6203,5722,25288,33648,9518,232433,331775
5074,5333,82286,24203,7649,358026,509423
4425,4871,78894,24908,13351,239789,402553
6759,5870,193374,28334,7648,302345,563552
4518,4796,456742,35371,8833,260587,793421
10611,8537,460833,28148,7130,246755,781107
4519,4777,126461,56852,7518,243389,478164
6741,5851,71700,32000,8778,276983,447757
5777,5556,1346678,40796,6630,611976,2039617
9426,8148,53899,26408,7185,226654,349924
4333,4741,78267,33130,7981,660339,808680
9093,7555,84525,64241,6759,209714,400868
4463,5555,127134,62389,6833,199623,421312
6814,5593,1458002,47407,8370,223618,1768360
4500,4722,59889,51815,6870,430700,574497
4610,5037,83776,33704,8611,182352,335035
5055,5130,97588,25574,7278,267520,428516
9667,7425,169365,31685,8833,203078,447942
4555,4741,296196,39926,7000,210838,600237
7203,6222,89250,48592,6945,395099,570182
4630,5037,76599,60704,6463,261157,433331
9593,7407,229856,28612,6777,206419,507386
4889,6240,686095,24056,7555,212641,992087
6463,6055,81649,51204,6389,310922,482108
4277,5297,70702,22574,7389,235999,366442
9444,7241,123256,24759,7074,224612,411849
5834,5092,209606,23870,7259,297743,584941
6481,5685,64252,22463,6630,217561,361887
4962,5149,75601,24334,7481,178545,312979
10111,7130,75822,34166,9482,212102,364979
5185,5130,200338,62889,7000,206251,523108
6630,5740,49170,24704,8018,271940,387220
9815,7741,77390,31574,7055,414014,598145
6167,6000,117666,33018,10797,445312,640274
10222,8389,64590,37963,6537,593036,740459
4611,4888,668273,32648,8519,428331,1205418
6667,5981,76993,22260,6611,353967,550701
9740,7278,77065,30148,8723,247247,413238
6315,5500,108304,28166,7834,221249,396979
11426,7166,266932,36630,8426,215750,567163
8333,7222,1407429,28370,7574,622800,2106506
6741,6204,119890,50556,6463,596734,858366
9278,7278,94888,35574,11111,1683731,1859749
5981,5445,187849,25148,7556,218629,504331
10111,8167,61496,27944,7426,281743,419739
9463,7574,120845,24093,7481,225541,430257
7629,5926,73918,24592,7630,238784,378386
9185,7315,146064,73388,7500,271545,589515
10370,7740,56433,24796,7574,227436,352812
4963,5481,83838,44648,6852,335141,511238
6889,5759,72873,23185,7370,252422,388202
9481,7389,112871,63852,7111,222831,458053
6278,5722,26109,23389,7537,242482,330572
4796,5074,50663,52314,6704,335427,539311
9999,7537,74309,22426,6945,182689,319553
6499,5926,89918,23074,7037,223414,371849
5166,5130,261157,26814,6315,214044,554367
6685,5796,58136,22759,7834,290843,431016
9852,7870,72505,58704,6740,366585,574571
6444,5537,82021,24185,6945,249143,393664
9018,7204,209982,26130,7481,181441,458534
5185,5148,37665,23222,7463,229630,332535
5630,5555,77756,34741,9407,440630,590034
4444,4852,79550,24945,7018,222152,358276
4204,4889,306548,26944,7704,284504,680515
11703,7667,623527,22797,7222,225708,917457
4463,5000,66877,46426,6296,391101,536867
5185,5611,576913,24129,7445,254323,918254
9703,8037,87911,24129,7259,243365,399034
9092,7315,224278,25463,7075,185681,518848
9592,8019,42369,56704,7111,264906,415090
5093,5852,78052,55056,8148,289574,468146
4796,5759,76070,65111,6926,210354,385220
5166,5889,138604,25167,7777,183542,382738
7463,6351,875824,25815,7408,263780,1209289
4815,5222,75193,23370,6352,205713,394516
9796,7704,74894,24204,7148,246993,389757
5851,5574,127523,25481,7000,252216,443682
11333,7111,246557,23908,7148,222551,556460
7666,5852,425796,25055,6945,364292,896458
10130,7999,75331,42537,6760,307388,489275
6463,5926,90384,64907,6704,209688,401942
5019,5703,315920,52333,6185,338854,740403
5037,5167,53565,61982,6851,234007,439849
25463,6203,42490,24778,5870,204324,333591
5092,5315,72988,25240,7463,186900,341591
9629,7408,179022,24148,7204,265919,512923
5241,5204,59039,24777,7463,223071,347554
4555,4852,76500,40796,8037,338238,520237
9703,7871,71220,61537,10352,256759,442257
4944,5148,115718,25296,7111,219576,394812
5037,6037,19031,23537,7259,253560,337072
5129,5055,42826,51685,6093,208209,393256
9833,8037,78861,24018,7426,327118,478016
9907,7574,94322,25277,7223,268731,429627
6129,5408,295152,58704,8926,320769,710440
9778,7555,52836,65593,6740,238644,419942
17333,5334,52111,24334,6796,229423,356313
9129,7426,76480,27092,7593,280925,424960
5093,6037,232293,24055,7648,323074,651034
7129,5982,33494,69000,6815,295077,458830
7944,6686,281122,35685,9463,356188,718607
9278,7426,75175,26259,7167,219211,395887
6907,6167,124340,33352,9056,214102,435498
9759,8074,22190,29149,8018,225438,328665
5852,6167,62077,32907,8981,209162,348980
5666,5537,68760,23834,7648,323348,475386
9352,7555,79129,31667,8407,269166,425331
5148,5370,194312,61500,6722,957589,1284344
7129,6518,52107,25463,7666,293151,411645
5130,5148,76437,33556,8593,376189,524868
10130,7518,56713,61760,6925,243878,421535
7129,5908,197100,29222,8018,353823,676792
9722,7722,31116,23834,7870,229030,329368
5611,5759,80744,50259,6278,435419,635459
6685,5945,202260,23352,7148,301922,566404
4537,5556,127814,32481,9834,213831,412035
9407,7037,755442,55778,6537,223385,1076457
4518,5055,59626,32444,8815,203910,349849
53185,4963,70271,52037,8426,378133,599034
5722,5444,93843,23649,7851,186044,340627
9703,7130,231100,26482,7907,358822,659385
4500,5093,64024,23019,7055,244789,373813
7907,6834,72874,87722,6945,497973,699737
4611,5037,73928,62611,7000,204200,398424
9703,7796,130667,63519,6278,208034,443905
4351,5074,51684,34240,9223,213703,341220
6203,5797,1619458,53593,6648,417251,2126043
5222,5278,79716,64556,7574,312762,519534
9703,7722,116937,27592,7149,184302,373627
4499,5111,129731,25926,7519,314766,560404
10370,8241,63970,70203,6241,279750,485516
9555,7593,75023,66297,6648,310363,520016
6703,6130,72354,24871,6889,302791,440405
8796,7241,218500,30852,8352,223145,552682
8093,6981,58166,63018,6815,227999,390943
6796,6111,80441,26796,6871,320686,482608
7241,6296,78310,27926,7463,254243,398591
6796,6167,138382,24796,7111,187116,386442
4518,5574,480879,23445,8092,245598,803180
6166,5685,74082,51740,5852,427897,587811
5056,6055,74580,63426,20463,211196,399961
6073,6926,118430,28425,7056,232420,414812
4222,5556,22131,33963,9111,216775,325628
6667,5870,56740,24167,6389,314498,461683
6166,6204,74164,65704,6315,391758,581348
6908,6277,280273,25056,7407,233446,578867
4611,5759,224715,27667,7741,912370,1234585
6407,5760,51287,41000,6537,232155,361813
6203,5815,76231,24666,7778,228231,367702
4796,6019,76469,26296,7445,183473,319850
5407,5759,259356,73481,6334,410251,810458
6333,5963,762594,44185,6222,389436,1231270
4629,5778,420667,26852,6333,309384,807125
6167,5722,75924,24333,7130,225222,361794
4333,6148,121311,25167,7111,260539,443775
12463,8093,245216,31926,10444,201966,526738
4463,5630,53084,51575,6148,361894,536831
6648,5870,77750,31555,9630,204082,351665
6815,6796,87784,32260,8611,238213,399757
8999,7241,306931,23092,7630,416528,786680
5722,6056,50447,63611,6945,223828,391294
6426,5574,75816,33426,8944,325256,498442
5796,5649,73665,61630,6537,203851,377165
9647,7463,237423,39870,8982,329740,652699
8833,7092,34754,25500,7612,224762,327387
4462,5630,73734,30277,7667,334319,499015
6222,6407,70399,31314,8537,205545,364516
6741,6018,123619,27555,8056,207768,398572
10074,8315,196561,62444,6648,232029,532590
5093,5926,512706,41556,7481,203419,811440
6500,5704,72649,24315,18926,220219,367757
6518,6408,101721,30574,7296,277684,451368
4778,5778,311534,36018,9297,416442,800107
6129,6019,58236,65981,7519,272817,454923
16908,12703,81734,51204,6259,328208,518997
4926,5778,70991,61778,6333,260007,447683
7129,6056,136749,27315,7259,254656,455331
7537,5815,49654,32796,8926,217585,342183
4704,5777,71338,27852,7555,350642,485664
6629,5926,74409,30352,8611,178830,320035
5592,5667,121593,25166,7519,319293,501330
5092,5907,344980,24778,6352,358164,799588
6481,5704,58700,37537,6815,204946,339628
6204,5481,74717,26537,8166,329781,466905
5611,5204,609195,48074,6908,359409,1049346
5093,6203,176713,25203,6630,211211,482349
6463,5704,52951,26389,7277,234751,353202
5203,5463,81153,26371,7111,430973,574737
10222,7444,77947,23574,7056,204421,381535
6611,5907,144834,24815,7241,230608,437146
8222,6426,815868,23278,7352,298273,1185419
5574,5778,76700,25093,6685,329334,518386
7241,6499,72625,22463,6852,245132,378072
5148,5537,112381,23686,6833,289597,459923
5370,5778,24491,23741,6851,232619,326220
6240,5593,55581,22407,6426,225602,344405
5148,5611,73024,34685,8685,220641,363461
5777,5963,709114,24056,7315,267083,1041160
6000,5666,208798,64277,14186,256958,624459
5407,5500,59759,29148,7482,237832,368387
5093,5407,74664,25982,6888,230149,375535
5351,6093,71477,34148,9778,209317,355868
8888,6852,146160,24185,7500,257949,505052
9944,7945,46936,25889,7592,230137,353646
5333,5686,72896,23982,8018,315749,480386
9481,7759,70210,22351,7686,190140,326146
4648,5129,122819,25981,7241,248512,431405
6611,5778,32909,23074,7556,233292,381757
10278,7703,42723,51537,6055,205961,350776
5000,5370,75795,23740,7926,191519,347628
10148,8130,89848,26129,7037,248058,408035
4592,5685,309253,55075,6166,317484,741829
6111,6111,52770,49167,7333,230339,424257
59981,5778,760601,36870,9482,181319,1072068
6222,5796,98729,27537,7093,202158,363350
5852,5629,177782,23630,7278,222308,458405
5111,5852,61632,64944,6723,281365,497793
5925,6112,81630,23315,7111,442959,619200
7722,6445,619461,33019,9222,216922,913106
5147,5593,117904,23167,6481,333797,508996
5018,5648,206513,32408,8685,240465,515274
5555,6111,52234,24166,7000,223765,354628
7962,6741,76361,23945,6203,215637,356183
5296,5481,71026,26759,8426,256973,389646
5111,5796,223635,23352,6944,189048,491108
6704,6074,55392,25444,7352,251902,373016
5610,5445,414038,22722,7019,206476,713884
6333,5833,73295,23408,6796,189073,322387
10074,7703,130627,26611,7297,239148,437757
4703,5833,49996,22907,7444,229614,355331
6833,5889,72363,51630,6074,311412,470997
4500,5611,71547,22000,7537,201766,332035
9315,7444,101193,21982,6944,228268,390702
6592,5945,330802,51259,6222,392416,843421
6834,6074,63652,32555,6778,277642,414665
9074,7463,74076,69463,5593,312995,511590
6630,5759,78444,34834,9796,292479,449090
8796,7500,172461,62722,6630,209962,483442
5925,5871,53922,34574,10111,271391,402201
9129,7593,72846,27925,7815,431762,573070
5592,5759,93048,32111,8518,209117,369442
5537,5796,142971,24741,7667,213674,416571
5074,7093,712950,29204,6370,251340,1031161
5629,5963,75153,52629,6408,417344,614089
7166,6352,72354,64445,4907,243144,419442
9888,7445,112963,26537,6871,187219,387016
6278,5741,20757,23149,7240,361185,493553
5759,5537,55367,43074,6352,444129,612015
6445,5796,85587,83167,6500,390002,595182
5296,5814,88363,60797,6740,207950,393071
9333,6834,200101,27056,7037,185173,470997
6351,5778,55026,33629,9000,308639,438941
9166,7741,77283,87277,6241,378510,582867
5185,6241,75984,23889,6982,188495,357053
6556,5759,173390,25055,6982,254181,507664
7833,6667,29981,23685,7092,231314,343813
6204,6203,77016,22833,8778,337722,500812
6055,6445,73069,33000,10352,240632,408368
6278,5796,119716,63963,7055,267764,489423
8703,6982,213065,24204,7111,186321,461682
5352,6222,48526,31648,7834,221212,340165
5444,5074,73969,32963,8592,185919,362997
6963,5944,560689,23370,6259,366028,1028272
6407,5759,280113,55944,6815,287569,661737
4944,5241,57463,33703,9315,239147,370627
9870,7982,79535,24129,7334,460128,642052
7314,6519,71996,27722,7981,217391,391849
6259,5667,125920,33055,9445,288170,485553
5129,5519,43455,23703,7945,226117,366424
6592,5907,468953,32593,9666,213173,758865
9852,7907,81803,26129,7667,309065,459460
4222,5056,119374,30278,8722,207142,392683
9851,7797,653354,64111,6815,274214,1035901
4296,4963,54723,25481,6333,219517,369127
10463,7352,104239,45129,7074,325018,533330
6870,6074,82682,26592,7445,203057,348442
6074,5685,254161,65537,6555,423483,777662
4759,5130,58066,25778,7000,314190,446571
6481,5889,239491,33333,9148,259043,572571
4852,5093,73895,24241,6908,222917,388646
8018,6260,932615,35408,6500,232006,1237363
5778,6148,228021,22852,7445,513048,819069
6444,5741,67593,52963,6093,328885,488349
9815,7944,53018,23481,7445,353831,487775
6574,5759,108868,63185,6519,240018,447683
6463,6352,649754,23704,6704,187074,929680
6333,5777,57160,33908,8129,339968,470293
5536,5426,527862,57240,8075,330281,987772
6722,6055,74563,27445,7518,226250,364979
6703,5889,187765,24667,7703,286806,561682
6259,5833,57800,24519,7074,228846,351331
9889,8185,81576,61351,8574,417643,602996
5296,5222,80000,26945,7907,250387,411516
6981,5815,140405,32093,8703,274889,480904
6259,5759,19922,39778,6796,214688,328572
6778,6037,78901,50685,6371,364892,532997
5166,5334,81158,61611,6667,211654,392275
6277,6056,112508,26759,7519,258656,456497
6982,5981,262432,25630,7537,214750,562275
6593,6092,80079,32129,9260,342122,551312
6592,5908,75428,23611,6704,214607,350998
5703,6148,84686,24037,7389,222905,401572
6481,5926,190832,31815,9352,269535,530978
5314,5482,75385,34963,10093,324390,474071
7518,6852,518643,31203,8500,265612,873606
6722,6130,169437,27166,7611,411745,660237
5574,5315,694768,66185,7185,224467,1023716
5259,5851,329804,24981,5982,435469,827809
6426,6000,73431,54888,6815,381122,544052
4962,6019,74207,64611,6648,217050,410368
7000,5944,127279,23907,7796,218942,427886
6592,5426,194592,26055,7130,257183,512312
5147,6056,483830,23222,7093,387183,953290
6389,5833,75681,25000,7092,340336,477294
5204,5537,93271,23944,7611,894335,1046365
5000,5815,244009,24889,7037,183599,485627
6166,5796,60915,46408,6648,209472,369868
6740,5963,178117,24685,7722,378491,621422
5092,5889,622244,28815,7518,354621,1067586
5629,5444,150335,62426,6889,210940,459552
10851,8315,54259,61982,6389,245461,423701
6981,5926,79497,34389,8352,325444,482145
8537,7259,81811,63037,6685,345890,529127
6555,6167,99493,24945,7148,186115,367886
6499,6889,204529,23926,7111,204117,470941
10667,8055,56101,31500,9000,334471,468997
6370,6445,74561,23815,6889,220973,375016
6593,5796,81708,22407,6926,277734,421035
9556,7407,161150,63389,6908,201513,467035
5981,5907,54982,23408,7148,226683,360720
17129,10574,40388,56352,6666,387443,537312
9759,7407,78200,62000,6648,210483,427849
6722,6259,142458,26574,7407,184337,391757
9445,7018,43011,22685,7463,227376,335461
6889,6500,80546,45944,6723,323951,501646
6370,5611,75451,24093,7129,252843,387849
5889,6037,110838,25815,7185,202697,377850
9111,7481,192374,33759,9259,209346,512071
6277,5667,53186,37315,6907,281090,411386
9444,7463,594017,23760,7666,335051,997216
6148,6000,77608,23371,7592,247982,384276
4704,5481,293587,33186,9018,338372,705014
9908,7944,769178,40315,7537,338297,1217030
6611,6074,91306,29241,8277,334229,506627
7370,6111,73600,30333,8111,187287,332609
9573,7760,114042,29222,7241,290622,475904
5388,5815,1166466,33630,7222,279951,1517565
5777,5945,78149,65241,7352,317310,498793
5296,5629,79148,30407,7556,332572,494349
7148,6259,115350,25574,6555,209945,386646
5888,5871,265236,26148,7463,185279,512052
4352,5648,1136993,24796,6241,330813,1551732
5630,6092,76918,33629,7815,354635,501182
4593,5778,83508,25518,7760,221286,363683
5296,5407,269951,57148,5703,317991,693792
7240,6000,57245,28444,7741,220068,345535
5592,5519,80169,117907,6333,240551,487293
6296,5555,76056,65000,6871,300793,503663
5574,5926,121295,25389,7611,247277,467072
6222,5871,49626,22814,7204,311372,421776
4759,5722,74550,31241,7833,446410,586256
5704,6037,80085,22722,7500,226320,385128
6204,5648,121916,24722,7204,331674,531664
6574,5444,271933,26519,10574,209490,548941
5667,5629,245672,33129,9111,262733,580812
4777,5834,81465,22834,6333,251477,391701
5481,5907,87297,32186,9018,214849,370572
4259,5648,206073,63296,13315,210498,538608
7204,5981,75386,26315,7241,308945,449961
4815,5741,456439,42463,7129,212149,765162
5999,5704,79234,32759,8648,211635,360294
5833,6278,128528,26500,7574,221395,411479
4519,5703,45230,23907,7537,228047,349943
6203,5704,477061,26055,7056,287305,829125
5370,6130,77911,33685,8093,216420,382980
5963,5722,104446,63019,6907,211459,413387
5556,6185,304888,47167,7000,410792,797181
4685,5704,54368,50537,6463,344889,514183
4796,5296,78459,32315,9833,184354,332442
4519,5166,84234,24834,7296,271856,418738
10962,8037,217436,34667,7870,243061,559570
6629,5963,49360,41130,6574,228046,356498
6852,6129,89229,32426,8648,437138,596867
4518,5111,75764,25555,7223,241512,375998
6425,6111,142003,62296,6759,215977,456886
4426,4926,24648,25241,6814,227073,328183
6481,6055,67795,32037,8093,431628,568459
4500,5018,70496,22815,7371,181965,307609
5963,6296,566013,63389,6759,388352,1052124
4370,4704,246566,25611,7407,250653,578293
6537,5815,1069657,32055,8537,1993455,3138111
5648,6018,86619,27722,7704,1184262,1336899
4499,5019,290282,29908,8796,420343,778699
5666,5593,310595,52926,6463,340067,739033
4592,4870,79612,30815,8389,295682,443127
4278,5129,87851,38130,6537,347183,517960
6593,5888,72738,26111,7519,242242,378331
4278,4685,236735,26352,6482,446112,740514
5536,5556,775400,32074,9093,256278,1102215
4129,4834,777935,23592,15445,235910,1098049
6351,5834,75581,34259,8037,204861,350349
4536,4852,115487,26482,7592,314992,518089
5741,6000,122114,25500,7334,340660,525849
4240,4945,44186,24130,6352,232089,333942
5685,6037,75851,33000,8982,359571,520645
6889,6111,553423,64611,6556,381089,1035494
4444,5037,291496,50629,6278,337056,738329
5667,5759,57012,37444,6871,241967,373461
4425,5185,78547,51149,6333,380394,557163
6536,5797,73100,60778,6574,207583,377312
4241,4833,132358,26685,7222,227714,418831
5592,5871,55522,23982,7389,263623,380701
4593,5037,74872,51685,6111,312625,498534
5537,5685,76723,62388,6463,221757,396572
4519,5074,123275,25278,7000,204519,385591
4852,4944,212126,23833,7296,263520,554978
6852,5870,57439,25944,6926,292985,415016
4611,4889,69974,22833,7222,228691,355072
5704,5740,85917,25074,6814,197712,365961
7018,5852,253507,32703,9260,213120,537737
5704,5926,698597,29629,9834,246638,1031605
6500,5815,85780,44278,6185,355957,520960
6074,5592,79390,63315,6962,309682,487978
4777,5259,134907,24981,7278,267610,460145
7389,5944,46553,22907,7093,228612,353498
6685,6093,60698,31815,7981,213763,346109
5000,4704,70122,27000,7482,333893,480164
6074,5797,102879,23056,7389,264155,425702
6148,6130,219081,30519,8722,207286,527201
5889,5703,54876,59574,7500,304659,457609
4759,5185,78911,67815,6704,309883,491923
4796,4963,87372,33296,9056,321348,480942
11592,8630,236370,29389,7537,225590,539293
6407,6278,49164,25370,7389,228334,341276
4537,4963,87385,33500,9185,306539,488942
9167,7333,75938,27963,6833,221320,363813
4833,5000,353547,23629,7648,265116,679903
9259,7259,208286,22426,7222,215582,485645
5981,5723,74061,31315,9278,416305,570571
6944,6093,75578,23204,7555,188772,323776
5925,5815,114113,31185,8648,224496,427571
6519,5907,321815,57018,7111,321274,763533
5537,5666,56869,29407,7574,353111,489386
6056,5425,66608,65370,7259,370575,537793
5444,6167,76716,24889,7000,313429,450034
4814,5056,305418,44463,6648,324244,720773
6166,5741,62101,34741,9648,214027,367016
5759,5592,74377,32667,9018,455620,599107
4870,5204,75190,22185,7407,246179,397924
6296,5815,180743,33019,8722,217384,469145
6388,6223,24908,62685,6759,226498,368201
6204,5648,71017,23963,7259,208722,341942
4908,5203,76275,24278,7055,187224,320480
5500,6074,933124,31889,10055,215777,1218808
4593,5055,215789,25260,7277,262690,536645
5277,5852,51732,45870,6796,364747,516219
46944,4962,77212,45574,7000,312693,544422
5425,5537,79302,34167,8703,260900,430553
6685,5889,247614,27926,6259,346067,671848
6203,5685,37039,25018,7408,262663,362868
5278,5333,76111,47611,6222,358757,515719
5833,5963,77127,62630,6703,305445,495960
6296,5833,129700,26148,6963,305631,498515
4388,5111,203420,23704,6778,230725,509478
6167,5796,73381,53037,6444,399857,561145
6185,5907,70416,62815,5204,214915,384127
4408,4851,102359,24703,6982,248287,441942
6907,5389,194708,30185,8500,215827,477053
4963,5129,684002,24297,7222,215659,957346
6074,6037,74315,65370,6686,308034,484997
4407,4889,710479,35297,9407,249255,1049642
6556,5888,227108,24093,7370,336407,652515
6074,5519,41383,32204,8537,219744,349146
14611,4463,47362,57852,6741,404153,551422
4926,5018,75417,33870,8741,212359,391239
6389,5685,134544,61352,6574,205620,436312
4425,5019,238634,33945,9129,368269,698199
6296,6185,63651,55296,6852,421105,610403
6611,5870,77038,64574,6667,211219,391812
5667,5741,104128,26315,7519,185869,350869
4445,5000,316034,48629,7537,436795,835273
5593,5944,55143,41667,6259,210559,359720
6370,5889,76938,67185,6815,380911,572386
5907,5537,182177,57352,7074,260709,567238
5999,6204,261193,25574,6019,214174,552589
6185,5574,84246,24130,7296,248011,394183
5371,5907,90504,41722,6259,323438,491738
4703,5371,71928,32629,9371,262051,422146
6481,5630,141685,63259,6852,229183,468997
4871,5092,37091,26000,7185,283259,383961
4222,4908,77366,32019,8666,322965,480720
6685,5796,74513,25759,7500,359207,523090
6185,6278,112196,24148,7315,224246,417498
6167,5463,205860,24130,6981,324451,616756
5574,5870,54748,69129,6612,302583,475386
14500,4537,46227,36871,10037,215826,344776
9982,8037,67965,61093,6537,289198,486497
6445,5814,302446,31629,8778,407865,779236
4907,5667,53443,24944,7167,360665,476256
4592,5092,78442,48129,8593,410907,607959
6963,6055,73366,61555,6648,205429,378035
5925,6278,117308,23944,7130,196635,373257
5000,5093,32953,31686,8722,221137,324350
4667,5055,69304,54278,6907,343416,515164
6908,6018,231043,40759,6667,214010,524775
5833,6352,104689,31352,8574,186791,393776
5888,5260,245853,25926,7463,213773,519997
4518,4963,60333,69630,6870,277350,472108
5704,5759,75442,28167,8055,199779,358091
6703,5778,74663,26444,7926,228632,366257
4981,5259,228364,26778,7685,359744,678792
5482,5481,52992,25278,7222,243877,375406
6555,5852,75305,33981,9667,396563,558830
5759,5537,72136,30481,9259,274140,414016
5944,5981,125930,31093,9259,215623,432645
6240,5463,39577,38833,7037,215422,331961
5241,5703,61334,26148,6352,215053,338406
5666,6111,156832,43426,6685,215925,452590
5129,5370,96738,29055,7778,302908,464145
4444,5112,316772,32555,8982,378094,798903
6945,5963,58325,63130,6759,222506,382813
4315,4815,74860,29075,6111,207137,346091
6500,6407,280600,32574,9019,221712,590756
6222,5722,225561,27370,7611,311881,601330
4648,4981,67540,31482,8592,339939,528015
5574,5889,72908,52482,6259,369477,550941
6055,5722,70536,25500,7186,188462,319961
5389,5907,135405,24315,7277,232056,426350
4741,5222,206699,24518,7389,187354,485720
6370,5723,62345,23778,6092,223727,346924
5611,6408,68880,25056,7203,227192,357535
4741,5259,107712,23055,7611,241824,405202
6611,5796,319506,34241,10463,339416,735996
4648,4851,50745,24704,6907,279142,406220
6519,5870,75872,33556,7630,261995,420442
5093,5000,76481,23759,7704,180609,315850
5777,6204,261776,57296,8444,388739,746625
5166,5259,52867,64018,7278,229354,390294
4722,5018,74272,86630,6444,373077,568533
4704,4907,77085,62056,6796,305672,483775
5518,5722,134213,25926,7333,194804,392072
8796,8148,23952,25740,7334,227843,325202
4740,5297,72412,52463,6463,378511,580663
10167,8704,78836,22629,6797,185180,331980
4889,5129,114520,25166,7056,188201,361257
6740,5982,226517,23963,6815,216832,502812
4648,4833,46090,23574,7259,234187,393868
52758,5945,65643,49426,6315,336280,560089
6592,6667,72641,62722,6834,281578,456312
9389,7981,253973,138722,6055,319561,754885
6259,5814,60971,62111,6611,235935,413386
8388,6852,829191,83426,6111,248673,1202974
5000,5815,74503,62296,7186,224735,418201
6648,6204,643446,23833,7111,390863,1097753
4333,5926,45204,23166,7778,229147,335961
9259,8019,72831,45778,6370,339703,501794
4648,5814,66367,62388,4945,215224,380109
9018,7111,86124,35037,9777,296078,480108
7056,6129,215677,62759,6704,278450,630256
6463,5982,61508,24444,7297,224786,351072
10722,7629,73025,36352,7593,212639,383923
6407,6000,69282,23722,7074,264716,394979
5074,5481,280947,45352,6722,298124,695237
6185,5759,38556,23315,7778,247220,347683
4796,5056,74887,54315,6611,433794,598533
9963,7630,71756,63796,6796,304945,508701
7204,6555,130328,26982,7426,193818,387905
5703,5259,36697,23314,7463,230839,329257
9370,7778,66509,51834,6222,293118,487812
7111,5926,75489,22500,7278,216268,352221
9944,7537,275283,32482,9314,229659,584645
8574,7315,281799,26333,7537,353660,715403
6573,6019,747279,65092,6815,300381,1153696
8370,8667,53296,27111,6426,212258,350794
5907,5648,67201,32834,8981,213241,355109
8685,7148,684532,46556,6611,392961,1199085
7778,6703,45531,26333,7074,225635,339183
4685,5240,1215214,30981,8519,363666,1647990
8648,7389,395971,26037,7518,232229,697866
8444,7185,127765,30574,8408,216769,416312
6388,5926,747448,23630,7037,215731,1024549
6056,6074,63206,56722,7907,444328,636015
7129,6241,75296,23074,7519,187479,322887
4907,5759,101998,32241,8704,333591,540311
6592,6185,716570,28482,7870,251461,1038364
9759,7611,811698,30240,8741,266055,1188660
6648,5723,69270,28166,6519,462097,598090
8481,7259,75639,31444,8500,204934,352053
4500,4907,255433,71722,5370,317064,678533
8981,7167,755208,25000,7315,211879,1051290
6741,6092,480059,28500,7777,235123,783125
4148,4926,69427,22574,7407,217701,376905
6685,5834,136647,33555,9111,214351,426202
8907,7703,19646,25037,7833,228298,315924
4111,4852,69291,31500,9315,406447,576404
6648,6074,72623,25944,7630,372634,510720
9963,7463,93917,25778,7481,195655,392609
6852,6222,187378,25389,7333,297971,548608
6352,6129,48061,44611,6149,372269,501571
5166,5649,72985,65629,6797,442955,650941
7852,6555,78354,62407,6519,274792,451442
9129,7222,227629,63945,6204,211219,544589
5241,5944,83831,28500,7426,341352,525293
7167,6074,79829,24185,6500,418964,560368
9648,7500,73216,22833,7167,272745,430090
6777,6352,120566,23000,7074,200284,382497
9888,7556,21527,39611,6667,217915,329387
11019,7814,59729,33148,8056,203843,342535
7148,5907,72727,24148,7408,219753,374072
7777,6204,87947,31667,8518,208199,366738
7333,6204,378167,27241,7648,260940,722533
6556,5833,427332,32000,8759,302942,805644
9833,7574,770626,24685,7333,261887,1098197
5704,5907,78439,32352,8611,213855,363739
9703,7574,240919,64185,6870,310615,697699
6389,5944,36750,31241,8944,362007,471238
5055,5741,70192,25037,6408,454619,583348
8592,6797,71153,30593,8574,238252,401053
6370,5704,128762,24222,7352,224217,447256
5908,5944,56446,26685,7630,304533,446850
6074,6074,56592,22945,6703,223518,340554
5351,5926,72201,22963,7648,199335,363720
6185,5814,97922,33222,9167,216169,384812
8333,6241,211679,62407,6982,318595,645737
6166,5815,57899,28907,7648,295284,421256
4852,5833,70749,38444,7685,256120,420553
6055,5592,69692,27074,7481,251325,384516
6222,5814,140023,25463,6981,260475,460775
4611,5833,69817,25611,7481,337866,495552
5815,6148,75130,58092,6000,317960,504053
6352,5833,67480,64389,7759,210259,381313
4722,5833,139959,24111,6815,198539,397664
5166,5685,27680,32814,9593,216467,316664
4704,5926,65825,34204,7815,357264,493479
4834,5092,78472,34092,8260,184693,332239
4592,4963,101952,24352,7333,179732,338887
4629,5852,229023,33649,9740,386751,688811
4889,4981,52429,37685,6630,294865,420312
4722,5593,77927,81444,6389,345181,540793
4574,4741,72610,24222,7148,251277,416702
8704,6907,171942,28426,7629,220149,461479
10444,7908,106106,23259,6833,269614,443034
4870,6019,66678,91963,5796,309338,537997
7444,6259,72436,62315,6889,364598,535867
5036,5741,137915,26833,6963,185861,419275
6722,5814,21988,24240,7649,229733,316424
4556,6018,69282,53833,6500,845213,1005235
4555,5649,71353,24574,7130,242885,408072
7203,6204,94500,32074,9111,215054,383998
11593,7407,178739,62259,6815,251628,538923
8667,7203,60404,24426,7037,365279,491275
4407,6185,69938,27704,6759,239634,374497
9185,7056,71640,23444,7223,263783,400424
5981,5315,260120,140870,6148,327765,765718
8851,7408,56488,39259,6722,214881,352738
4870,5056,78004,53889,7241,417566,585089
8833,7130,84169,25315,7463,221866,370183
4166,4945,125482,25648,7333,205090,388442
5314,5982,51998,23037,7686,331221,502497
9426,7463,64237,22723,6296,218927,347461
4389,4963,72235,34500,8963,205615,349850
9185,7648,87770,63000,6815,205005,430849
7944,6518,206398,27056,7093,185673,458201
8759,7426,57119,25944,7370,239454,365757
7852,7148,438394,34908,9240,214306,767644
6852,6185,72466,61556,6685,235439,405868
4500,5499,265298,27315,8555,361199,752125
9907,7593,35685,32148,8555,219443,330961
4871,5370,76386,24963,7167,455055,625071
6796,6259,70829,62370,6685,318391,519737
9925,7686,121160,27574,7481,304060,494386
4389,4999,206011,23370,6426,264283,526626
9518,7519,53156,49260,6259,370711,547627
6944,6037,1216099,23444,6833,190857,1468917
9518,7408,520300,77407,7149,314897,964254
4352,4944,137799,25666,7482,663696,917476
10185,8352,49648,23278,7056,235720,362257
6667,6129,465443,56685,7093,418681,1020957
9666,8037,77052,23241,6500,194854,338887
5018,5723,162809,23815,6907,258466,503756
9889,7926,43955,33926,8908,221746,351758
6777,6167,69657,24056,6925,357933,518126
9482,7463,75414,66130,7092,211454,412979
6648,6055,104987,23592,7297,191252,359998
10296,6814,205874,32926,8666,216235,497404
6148,6204,61242,45703,6741,350626,510183
6426,6204,68758,28482,7833,359813,520497
9203,7149,71589,24667,7315,228464,383479
6111,5519,284754,71926,6370,276853,674274
8796,7426,50956,24723,6037,363856,505108
6388,6093,48213,34630,8426,356302,493812
6629,6056,69989,27667,7555,224676,360702
9167,7000,139839,24241,7166,228270,450813
6296,6018,44282,32185,8574,287513,405572
8944,7333,72225,26351,7463,464828,603274
6056,5666,75074,23445,7148,240572,392794
6573,5797,109516,24500,7204,254240,427830
9036,7241,19996,23444,7075,235743,337720
6130,5685,42994,51870,6167,445892,577441
8722,7278,70714,22574,7315,369413,533997
6110,6482,80434,31741,8982,253748,438404
6481,5574,208433,63407,6982,214620,525571
9147,7426,72672,25166,7593,276419,436590
46592,4518,80410,21723,6000,432234,609107
7167,5907,69538,31278,8907,208923,383276
6055,5871,186572,26185,7482,188425,436775
4463,5629,32053,31740,8537,356760,461071
4759,5963,71846,23426,7315,449595,614903
7556,6315,66752,63037,6926,322134,489183
4500,5315,1383008,32760,8666,253426,1707471
5944,5574,32174,25018,7223,232879,328498
4889,4944,52357,29871,7500,224659,343165
4759,5241,77262,24297,7129,352124,525793
7056,6296,89205,63074,7037,212385,402294
4241,4870,304833,50963,7592,376867,769292
8314,7167,55572,64111,6722,222982,384757
9000,7426,65569,33852,8741,410279,550515
5296,4982,71086,23963,7963,224245,354146
5833,5685,279899,31481,7630,455226,805106
4426,4981,41157,24629,7297,347804,451553
10129,7889,71247,45852,7018,426139,586089
7092,6352,74097,24685,7148,215716,350238
4666,5185,130892,33074,8907,214533,449756
8593,6240,334149,53314,6852,308718,790051
5814,6148,58184,70444,6500,339703,502608
5018,5630,69793,34425,7982,188187,364905
7925,6241,91291,24963,7092,245096,418942
6148,6074,217196,33722,9500,216598,506849
5315,5852,244397,26982,7630,275302,602756
6296,5666,71211,33648,5574,216825,358720
5389,5574,71023,23408,6833,200308,330276
9907,8111,133411,26463,7833,223569,459942
6148,5852,44982,23167,7296,240627,348516
8888,7222,68629,47556,6815,371609,527997
5389,5445,69700,23667,7130,273519,401831
4685,4962,132255,26389,8055,261854,457793
9870,7889,203141,23130,7111,275059,561960
6611,6166,55732,23204,7167,328265,448164
4759,5055,67841,34852,8352,215287,354868
9277,7315,95117,23629,7093,283103,442941
5018,5075,210707,26963,7815,195030,468109
9833,7667,679613,23444,7704,292548,1071697
7315,6185,97463,34019,9296,415997,621478
7445,6296,75405,24334,6907,244000,379943
5963,5759,185441,63203,7389,299760,610497
10370,7833,662976,25407,6852,188186,952809
6092,5945,71844,30759,7629,362728,501886
6444,5315,68008,23852,6741,187953,336072
6166,5815,117044,32981,9241,215454,405460
9907,7370,210671,23593,6389,293233,568089
5463,5537,59114,30074,7833,215532,342294
6555,5963,72112,22666,6889,316719,447849
5407,5407,79758,22611,7815,192925,349923
6685,5870,186330,30685,8871,234648,489293
4907,5593,81254,29426,7889,264151,412961
4907,5315,69808,60925,6834,310856,502534
6073,6056,217250,34333,9519,219469,527515
6555,5759,250471,37259,8278,417229,742236
4908,5296,74246,25019,7592,393696,531275
4999,5482,75874,51000,6333,287790,473830
6185,6296,71224,62574,6741,286033,472127
6352,5741,120573,25593,7185,250980,433313
5333,5851,244646,23796,7426,561035,868717
4741,5185,54181,21703,6426,230484,357591
6630,5851,68568,34593,8352,214930,354998
5870,6037,88454,26537,7556,259710,434053
6852,5463,230693,33241,11148,211841,553034
7184,6149,54339,25426,7333,227881,347664
4981,5259,68338,34426,7722,261623,400942
5907,6204,67947,24944,7185,297551,445794
6907,6074,163149,24444,7352,199331,459183
6277,5556,43943,31314,8408,220388,335609
6056,5870,72682,54129,6537,318372,484257
10426,8018,72235,64167,5537,224392,403720
5241,5481,134418,27537,7445,240079,471368
6870,7222,288565,24463,6426,209358,561534
6870,6093,53544,24167,7370,245658,379924
5926,5648,74876,35666,8741,214067,362220
5111,5278,98114,62593,6722,209865,407831
10129,8444,213890,24297,7203,189923,469626
5203,5185,204092,38796,6500,244035,521960
6018,6130,73941,23371,7222,330982,491182
8759,7166,74440,32908,8870,224188,408238
7055,5889,137956,23482,7648,226652,426201
10037,7296,58436,31611,8852,327765,462942
5334,6000,68989,44981,6593,348730,497979
6444,5630,73117,32315,8481,218844,362090
5407,5759,108208,23537,6870,281827,447423
5499,5389,21706,32630,9148,220700,313572
4222,4945,60518,23537,6945,371478,549812
9722,7296,302369,39111,6556,243609,627330
4481,4852,99533,28593,7870,229465,390998
5610,5537,504161,23278,7111,370964,936290
9129,7371,53455,33000,8537,326709,511886
8408,6814,132657,64963,6685,296581,533053
8740,6982,181692,45648,7722,373508,639774
4759,5463,187171,33648,9575,215048,472145
6092,5833,24540,38612,6703,218829,338553
6741,5999,79705,33537,8482,449940,634218
5296,5277,73907,23352,7518,226240,356460
5648,5574,118460,32778,8907,296556,486534
9685,7426,287532,22685,6334,401593,783681
6277,5556,45141,22463,6148,233450,354035
5278,5148,67510,21129,7130,185007,306684
6499,5852,81878,22908,7278,192323,334886
10740,7741,311284,22277,5945,345360,732218
5852,5407,50337,32408,9148,346104,501016
44611,4278,79335,21722,6315,441550,615793
9518,7204,70982,30703,8722,218535,360646
5592,5704,345220,40352,6926,233998,671774
5648,5537,31293,32611,8574,339650,452035
5351,5352,72624,23167,7351,421392,553552
9259,7445,72029,62019,5426,232635,426479
5481,5037,121953,32000,8537,215378,404182
4999,5667,208859,32815,9074,271971,551052
9166,7408,501079,24444,7278,226120,810810
5907,5518,68337,23870,6815,247273,376960
8518,6926,42779,41500,6740,232701,357016
6778,5815,307480,34093,7833,344571,776811
5166,4778,51627,39981,6630,237927,382183
14111,4685,52255,47537,8259,313724,483405
5333,5648,67938,60462,6667,264875,428923
9277,7704,197287,29093,7759,230136,515663
5722,5463,41156,22759,7370,233991,335276
5796,5574,822691,33203,7519,214617,1110049
8759,6704,71800,25963,7537,215809,350979
5999,5463,130651,22925,7167,202089,424293
6426,5574,321667,51999,6389,413681,821532
4629,4889,58498,46278,6648,340092,477368
5185,5667,191459,27056,7722,388056,677607
6111,5425,99198,32889,8723,215281,384701
8852,6889,209436,60871,6740,299375,624959
5518,5241,49027,24907,7241,358266,468182
5555,5389,72340,105241,6037,281009,527515
5925,5426,66005,62963,6982,215548,382405
4592,5148,138299,25075,7203,216810,414553
8741,6870,383223,26130,7111,346643,797070
4852,5000,78906,22926,5981,354980,548830
8796,7167,72441,25037,7371,190371,326776
4277,4630,133180,24130,6944,190892,379553
4944,5259,17808,23963,7556,232671,310294
4074,4519,64806,23222,8889,212970,336517
4611,5722,66878,23093,7278,193768,339535
8241,6740,87580,22000,7371,305491,482331
9833,6908,264670,32093,9129,339178,693922
6315,5463,50335,29148,8630,269996,389202
8463,7314,75186,75388,6686,343700,568404
6018,5352,70794,26074,7371,235740,366998
5056,5148,153348,23278,7148,237020,479720
5556,5185,50753,26704,7630,227541,343239
5352,5741,72974,45314,6871,379449,531257
4037,4482,74120,22444,7056,192656,320276
5167,5481,114766,25945,7407,302139,489757
5870,5463,26950,32926,9074,222919,322591
4203,4815,48058,52648,5852,433531,563755
3852,4648,70982,24686,7592,190109,315702
4870,5908,85591,24630,7056,285128,450294
6407,5592,256497,24630,7037,365406,684940
9333,7259,79088,23741,7111,997295,1157752
5555,5352,69290,36870,9870,230320,375090
4722,4926,70214,25166,7093,190007,352146
13407,4315,684008,42370,6259,238024,1006124
3703,4537,45710,33648,9759,352973,503571
5611,5351,524782,62500,6907,309269,932865
4167,4611,76613,28926,7666,228367,365239
6314,6185,576463,23519,7352,368235,1018809
6092,5722,680794,32019,8685,217404,965586
5407,5482,647051,24019,7426,251220,975846
5648,5334,73105,35574,9074,214022,358517
5407,5537,87826,64055,6778,299820,500608
5555,5370,168935,29704,7481,220137,486330
5278,5074,55618,23926,7500,267843,383498
5092,5556,70690,30500,8778,423066,592959
5463,5259,67300,26870,7111,301902,429461
4926,5463,221316,34018,8241,207348,498183
7852,6666,40259,39314,6889,217074,353109
6111,5741,79775,31388,9149,405296,565052
5222,5241,75495,26463,7185,254003,389609
5871,6092,119253,31981,8685,264671,474164
6111,5334,15620,38611,6667,219026,326184
5204,5203,58675,25907,6093,467007,583941
8444,6870,69302,65204,6389,319917,521663
5703,5815,74152,24556,7185,234827,388405
5722,5388,188002,32630,8852,217199,472386
4851,5482,54018,62778,6444,332090,509774
4759,5185,603831,28370,7945,382329,1050938
4999,5445,71440,24852,7574,196836,360368
6352,5537,139531,22555,7148,263356,459238
5222,5296,19899,31926,8926,221062,310701
4778,5796,69898,52833,6222,336896,506071
5962,5445,67025,62407,18834,222732,400627
4481,5444,114894,26130,7648,186789,360146
5870,5740,14559,26222,7222,267496,361164
6074,5259,59649,23556,8111,216127,336702
5166,5389,67203,25259,7704,229240,375275
5537,5315,94589,23186,7518,183446,334128
4981,5370,185162,26167,7666,188633,465682
5592,5260,48030,23463,6555,1046075,1154067
4778,5092,78566,151814,6260,334653,630496
5425,5315,69378,63352,6685,215435,380405
5500,5537,177876,26278,7370,253214,513904
5518,5204,27985,25315,7259,302235,391609
4703,5537,71262,33592,9167,419680,558848
5093,5907,69463,26111,7352,223757,385517
6148,5537,119516,23426,7574,218574,395831
5704,5555,218348,64500,6834,207093,523423
4370,5907,57420,24019,6055,227634,360757
5574,5259,64511,33796,8334,207820,340257
4648,5444,83879,24315,7111,244841,384812
5241,5944,319766,43167,6814,320101,729459
6093,5426,51782,33778,9444,253420,394609
5314,5204,65373,33296,4500,209051,340442
5611,5889,577185,23278,7019,209976,846735
4944,5389,172017,32260,9888,246073,485645
5036,5556,32664,23944,8222,239372,349442
6203,5352,79921,39222,6704,295669,508590
5278,5907,68771,32685,9148,214542,350554
4481,5259,121195,26722,7204,188173,367460
5129,5630,337044,23148,6926,406710,799236
4370,5574,58580,30777,8611,208160,333405
5351,5760,73781,28852,6982,239734,377646
4722,5499,90632,62815,6722,224903,445941
6333,5907,235352,23870,7704,186145,517330
6130,5759,55757,25185,7667,232222,351054
4555,5352,71959,23648,6593,408760,569960
6573,5852,69291,26000,7370,189208,319053
3962,5315,198307,33444,10593,215450,503478
5981,5574,41990,25574,7685,230768,335849
4834,5037,64414,47722,7611,446508,590923
4462,5186,73375,26796,7259,233901,366720
4518,4722,107207,24370,6889,226514,390257
3889,4500,12594,26925,7686,273275,347721
9999,7889,55295,49426,6093,388535,567830
7462,6241,73090,35148,9629,213038,359923
5371,5166,94532,32037,9056,254762,416646
4037,5111,174567,25778,7314,273097,505071
4741,5037,54009,25037,7630,255118,407590
15222,4500,189175,33777,9537,230842,501479
4148,4555,65154,24704,7167,233807,388831
6148,5722,259411,52352,6537,402844,749070
4037,4648,24576,64500,6704,224219,345554
4889,5352,76370,49593,6296,436793,629034
6259,5796,76628,63370,6630,249629,427053
4463,4759,114570,25815,6814,263761,475645
6500,5833,235586,24797,7277,217281,515478
9703,7148,50048,41204,4815,222098,387294
6111,5648,67249,66556,6555,318970,487663
4851,5574,75933,23481,7019,262732,429553
6333,5777,396412,32815,9093,239510,707125
4759,5500,51151,29833,7111,242051,395479
14574,4704,45149,31981,8352,181479,301313
4408,5314,61851,26870,7630,188814,343498
6296,5611,266793,31926,8463,351833,683885
4314,5519,590884,31777,8649,976773,1652768
9222,7666,68327,24333,7426,455411,588348
4148,5408,575768,32056,7407,454225,1128808
6592,5926,1333470,27093,7870,375890,1771934
4055,5333,24580,23722,7537,232567,317016
9259,7537,41856,52314,6186,413030,547238
4166,5482,64853,23204,6907,231052,388479
6296,5648,87981,32278,9222,218646,376460
4185,5407,263295,26462,6760,378831,710792
9704,7129,52256,23296,7833,384668,502997
4185,5759,116772,24463,7500,222207,398738
7000,5852,64547,22278,6944,304321,431368
9834,7111,285267,22204,7333,208841,575978
7036,5908,58451,22074,7074,232565,367794
5556,5315,65078,32426,7926,343660,528349
5814,6019,71669,22111,6963,211181,338350
4537,5519,116482,22296,7611,277034,449090
6407,5389,212851,33500,9055,260554,577423
6519,5833,55590,30851,8797,320926,447202
6870,6574,411847,63074,6815,300056,837291
5574,5759,92123,28370,7074,325319,479701
4759,5296,183751,35166,9426,212173,464942
4481,5370,65341,26019,7426,278286,404164
5407,5407,73932,48685,7000,330343,500348
6277,5685,71134,26463,7203,215958,349535
9519,7148,128465,31499,8926,218348,419905
8704,6667,42703,24278,7092,235110,342665
6111,5389,62312,30130,9463,211056,342553
5259,5389,69736,26500,7760,228113,361239
8592,6722,520642,25926,7148,234909,821273
4148,5092,208511,33129,9723,216727,494108
8796,6945,51045,42019,8851,217212,352313
4203,5648,591451,25130,7222,332395,983068
4888,5056,87319,31982,8500,219937,374201
8851,6500,196299,64260,6759,308290,622940
6463,5648,33686,29056,7426,355089,454738
4944,5204,61980,37370,11741,265369,414756
5722,5129,72904,64278,6667,279575,514311
9259,7185,136198,25463,7611,191818,392238
5222,5722,20178,26741,7481,273228,357498
4889,4759,72121,24685,6203,208971,340628
8611,6851,206027,25740,7500,261379,533830
4167,4611,131191,31314,9000,217048,411998
5129,6167,25040,24630,7296,232791,322442
4092,5315,92150,32444,8685,371477,536034
4314,4926,73481,24593,6111,255517,388627
9204,6796,71035,26463,7574,240352,377776
4185,4389,244866,23518,6926,249594,552756
8592,7167,51957,31463,9166,225578,351609
4889,5074,65159,31333,6241,229950,359776
3889,5481,63138,22722,7260,213804,332572
8722,6703,189970,31593,9963,210398,495904
8055,6537,24616,40537,6908,219567,324813
4370,5648,76188,23593,6833,411069,555238
6815,5722,603575,21592,7352,235457,901254
9111,7018,115758,29593,7648,229480,413942
3963,5463,263682,23222,7889,208482,561349
5889,5370,49717,49407,6278,446835,592478
5333,5519,71326,33370,9019,219875,362331
8981,6518,82769,26537,7445,302136,451516
5499,5611,176804,31982,8852,220341,498608
5630,5481,50932,40944,7019,213863,342257
5222,5129,72448,52704,7037,389456,560552
6092,5389,69076,25018,7204,282070,414534
9036,7556,1378944,24166,7334,371379,1814100
4666,5408,60590,24796,7167,342814,463053
9018,7296,69552,22611,5981,213854,364294
6297,5555,517309,50500,6351,383112,984587
4907,4963,124529,22963,7814,286543,563478
8722,7000,226194,24685,7500,280859,571775
4408,4685,58043,50111,6056,404620,543071
5037,5222,67875,23445,7481,185623,311665
8611,6759,88021,25222,7463,193033,343553
4351,5463,248075,22537,7166,194219,496571
4611,5241,47554,32111,6945,286573,402127
9444,7315,70219,64130,6944,357297,546830
7259,5648,208773,41815,7518,230743,522534
8370,6426,130845,35148,9370,362819,567997
4796,4777,765047,26555,7426,277392,1105512
8481,7259,74915,40797,6629,404601,574108
6370,5741,70950,25092,6982,192863,326072
9056,7499,119078,63426,6482,255845,478127
4833,5611,12409,26056,7315,229607,321220
6407,5574,47592,31407,7741,313757,519348
8648,6518,63739,26833,6556,255629,385090
4388,5278,88662,24093,6981,193095,338646
8296,6315,215346,30926,8833,211559,529645
6684,5537,75826,24444,7296,347654,540311
8351,7000,1639767,32926,9167,419109,2131969
5185,5129,76618,26815,7351,213622,386368
6444,5593,215245,25574,10370,213956,494904
7685,6389,19298,23389,7056,233866,314979
5093,4926,73519,53166,6093,405255,598756
6111,5278,223850,22593,7296,288202,573515
9722,7370,106089,24000,7130,293630,463793
4630,4926,276568,22593,6889,192706,523368
6444,5685,46234,47000,6407,368820,523349
8093,6703,71584,66778,7333,435876,614089
7963,6556,79544,23944,7056,302601,464479
6222,5704,318746,50111,6334,341731,748163
5129,4945,53448,24037,7296,256328,370035
8388,7074,474520,24722,7111,254050,794032
4204,4889,108629,24611,6778,267516,432276
6333,5723,231164,63833,6871,292073,648497
6870,5574,26830,23963,8018,267743,374646
5463,5518,528068,51630,6148,309612,948346
5500,5111,65140,61815,14685,236339,405720
4593,5907,123046,24129,7278,240508,456535
7370,5518,204544,26611,7352,225361,492127
4240,5519,47301,23203,6297,228086,332609
5703,5519,217928,62037,6593,362438,692921
6203,5630,87630,27092,7204,271738,421090
5185,5685,1321665,22537,6074,310103,1686842
4129,5482,51867,25685,7130,302279,432442
5851,5519,63680,64926,6629,333040,494441
4259,5667,211789,25074,7018,238968,527423
5519,5166,160843,22667,7055,285192,502386
3963,5445,39877,22926,6926,233676,330498
6000,5889,71283,51167,5944,324196,484756
9407,7222,881281,63000,6908,304304,1316548
5388,5463,125428,25018,7408,335995,519737
4445,5500,259184,23667,7296,322034,641478
9925,7500,51850,26111,7222,336555,457460
4296,5815,71125,24296,6722,191799,318868
5593,5518,85809,22833,7463,194208,335609
4407,5315,186047,63000,6481,217339,498608
4018,5296,53194,24815,6796,261767,374868
9037,7574,61025,52703,7723,401175,565682
6556,5574,80708,26018,7111,225142,366831
5944,5815,244577,29703,6297,211809,539127
5778,5185,42519,25018,7204,237646,340998
5259,5222,64980,22981,7963,213148,337016
4981,5537,58515,24130,7000,220112,369609
5870,5371,102439,24296,6889,322558,510979
5574,6445,15715,22518,7241,234005,310350
9111,7222,49417,64870,6833,270081,425442
4740,5407,67804,24759,7334,239083,384423
6130,5444,828061,26574,7370,270062,1161530
4222,5241,570003,22482,7074,510323,1140290
8611,7556,45871,26612,7166,291071,403961
6925,5723,61592,29666,7000,310795,440423
9296,7055,76702,25388,7630,188982,330646
5166,5389,354236,23778,7093,281796,696125
8926,6759,67846,22778,6963,561317,693996
5000,5148,621732,23315,8297,372261,1077438
8870,7111,73212,25778,7315,190638,327498
4037,5352,514247,63463,6629,843023,1451936
5722,5815,203115,23945,7555,284863,550127
9704,7388,51410,37260,9481,230977,363590
5037,5129,144445,27797,7851,455274,666015
9518,7482,76998,32408,9963,217703,369813
4611,5611,237515,64334,6851,312963,675681
5426,5241,52216,31426,8649,240373,360720
3999,5630,66845,24481,7019,207764,368849
6926,5925,70954,31148,8648,210211,350238
9611,7352,527063,63722,6482,210395,840218
5629,5297,1486597,58982,6814,418058,2032099
6148,5500,75281,24334,6444,312439,449405
9185,7241,65261,31389,9814,208423,380313
5833,5204,113610,28056,7833,317035,496293
8944,7074,188072,22889,7241,212351,495738
5555,5185,51403,53482,6777,335206,502182
9296,7166,72328,48574,8592,383392,545108
7074,5851,83474,63703,6797,236265,422682
9889,7055,263712,130963,6111,320358,765625
6333,5574,52710,49204,6685,297028,454219
13592,4167,194615,26556,6778,230122,494571
9685,7148,62410,23889,7740,192903,318646
6185,5814,249557,25407,7648,430440,773384
6000,5315,45221,23148,7833,233963,341332
9277,7204,53089,52852,6000,407500,585200
5592,5259,581365,22612,7203,287056,929957
9130,7277,103771,24796,7278,285171,454183
6518,6185,252565,36259,8556,204728,532441
8981,7019,46915,62352,6852,301767,465886
6296,5408,66320,25593,6111,235066,364331
9129,6926,85615,33222,9260,234883,394201
5426,5537,242261,25777,7445,362050,668218
7796,6944,43908,24111,6555,234110,359127
6259,5407,66331,66611,6686,321814,517460
5834,5685,67144,23981,7037,218002,376406
5556,5166,138087,30185,8908,237670,475609
5388,5223,51640,39481,6797,217357,344831
8703,7037,892416,27037,7500,286244,1247122
6389,5259,70007,23056,7388,185418,314943
8407,6630,102412,25056,7148,191474,390924
6351,5500,19151,33500,8797,223162,314183
4833,5315,44038,23148,8111,227257,347776
14499,4259,44611,36111,9944,212907,338035
6185,6055,85608,63778,6852,217038,404590
9777,6871,187532,24833,7056,191595,476534
5796,5315,227030,26852,7296,287319,578497
9537,7185,71806,44352,7889,410079,577663
5593,5240,63267,32797,9389,257156,392776
8592,7130,149506,24129,6852,227010,438164
5314,5426,659763,32722,10334,218935,968716
6296,5519,71742,46723,6703,409236,563756
9537,7500,71963,34944,8260,187738,370183
5926,5389,110831,23260,7074,340054,534979
11537,6814,18386,27926,7944,229354,335239
5499,5148,54421,23648,7222,221282,336516
8852,7148,70622,65574,6648,410764,628645
8889,7037,76990,33408,9741,255155,409220
4908,5314,35619,24518,7241,233102,332702
6722,6167,44357,23907,7241,256344,365405
4778,4889,68151,32056,9351,883269,1074624
9314,7722,184279,27278,7463,463513,723588
4740,4593,143018,32648,8981,218499,428682
5759,5371,200756,24333,7038,267833,581404
8796,7222,66662,30852,8907,342743,539219
8056,6648,1474419,40703,6741,224145,1785453
5574,5296,105084,31982,8815,218691,395313
6018,5667,197971,25148,7500,245896,546515
8814,7445,58395,30166,7445,458638,595996
5555,5593,467504,62333,6574,390361,961291
5055,5296,487280,23741,7000,239623,784013
5499,5371,229833,28074,7371,365311,658033
4426,5314,45629,31870,8481,363110,501867
5019,5148,84367,62759,6963,393833,573386
4203,5241,66698,61649,6777,209985,394423
9055,7149,138715,25870,7370,190431,395165
5111,5204,41453,33259,9297,223026,386627
9296,7555,55582,23240,6908,453323,572218
4888,5167,70968,62778,6574,234845,406960
4463,5426,98096,27778,7481,316513,502738
6389,5407,204243,23833,7074,1089342,1352622
3814,5426,48759,26000,7148,228036,339720
10444,7334,69868,23315,6463,218889,359868
7037,6037,62977,23648,7445,256354,382331
7740,6834,638975,26315,6407,219834,941920
7648,6518,44307,22333,7093,243376,349553
4889,5203,62898,144203,5722,297322,548515
7407,5796,65822,62703,6852,199788,365535
6500,5648,141097,27315,6963,231604,468312
6407,5426,371188,24777,6760,253308,686311
4425,5223,69352,23982,8648,599699,731199
9333,7889,63036,34685,10611,219740,380739
5834,5166,112590,25592,7426,408926,584238
8463,6592,197773,24185,7056,192465,451756
4592,5408,69659,25852,6778,363893,505367
6055,5445,411287,23704,7259,364060,837347
4500,5259,90860,24907,7444,426378,590645
5944,5519,39765,21870,8037,269770,369387
4148,5167,45577,24463,7130,363679,481590
5666,5241,66687,50981,7722,346588,500904
4000,4908,139629,49333,8889,352219,601756
7926,6444,137591,25852,6981,228315,428090
4222,5352,302829,33778,9426,434555,809903
9315,7500,63679,50963,5926,321744,499368
6019,5518,68548,24111,7426,345764,490757
6388,5260,109101,24593,7333,762412,931217
4482,5111,714191,23982,7389,433838,1209086
5222,5445,480226,33297,8944,413879,1001328
6536,5519,65762,24648,6371,255735,399738
5425,5204,396242,25203,7148,396846,855606
4111,4907,211370,22481,6982,234701,500608
6148,5611,65997,24352,7277,233075,377997
6036,5408,63328,35611,8649,267780,423553
5315,5130,86197,22963,7203,270042,412794
4148,5167,136473,31222,8944,246932,447350
5445,5462,366119,22889,7204,228433,671070
5981,5426,69672,54408,6815,318158,503663
9092,7333,70560,65667,7000,221308,418090
6277,5296,110336,28704,7055,261033,434312
6185,5482,204611,23981,7334,201645,497460
5611,5408,51905,34037,9260,271796,396461
5462,5334,70051,24075,6722,237076,384812
5741,5222,77439,30593,8944,210281,353035
5129,5055,400085,62982,7129,336763,836976
4870,5445,43861,24055,7759,232175,336461
4185,4500,133341,27481,7796,262861,457312
5167,5351,37135,23648,7463,235493,333628
9629,7778,126484,25482,7148,1129434,1322566
4000,4666,40483,33611,8741,222534,333035
9296,7130,63721,23297,7426,250924,379794
5852,5722,360460,32222,8760,250424,682644
9018,6722,91755,25852,7241,354501,510682
3945,4537,731993,33685,9389,222427,1023587
4389,4722,359473,26130,11315,426652,851625
5870,5889,69119,65574,6908,323618,507460
7000,5815,65691,27167,6833,253362,382461
9629,7278,244115,35297,9703,206752,527386
5703,5315,206669,25759,7130,250069,519571
8852,7074,91760,25648,7611,253608,411590
5278,5500,60943,25148,6815,237888,389554
6259,5407,274997,48870,6741,342907,713773
5555,5296,42940,23740,7371,234485,336757
5259,5722,68586,49722,6111,339690,494071
8833,7000,66547,34962,8445,219433,360368
4741,5703,105785,25649,6926,255990,420201
5778,5055,238024,24871,7407,228232,523756
4962,5685,47208,68481,6167,328364,477830
4333,4593,68223,23297,7148,318514,445627
9056,7240,67296,64093,6981,216906,388998
8241,6370,299090,23963,6945,432072,797199
5148,5148,76551,23945,6722,360446,495775
4778,4852,68401,53815,6667,389910,563645
8000,6704,82973,34167,9555,221099,399572
5315,5685,113805,26148,7574,228008,404664
9315,7185,21340,24222,7204,237473,324832
5130,4833,68949,32519,9666,367567,540479
8648,6574,62743,24871,6981,222347,368516
6611,5407,82501,25519,7407,218738,361739
5630,5629,225184,24889,7111,193536,513682
7074,5944,54201,37426,8852,258482,389998
4519,4851,67421,62186,7185,287799,451831
4778,5055,72771,28074,7981,218598,351461
4519,4777,153158,33296,8537,277858,497516
4297,4777,44638,65981,6870,251639,395480
4592,4500,64840,55055,8352,325640,479775
4148,4352,61059,25815,7426,260809,383035
9814,6722,113669,31278,8574,216773,423553
6851,5426,201667,39240,6649,220164,497941
4351,4815,548294,32630,8870,451015,1067660
4167,4666,70904,24426,6926,240390,387813
6481,5593,240975,44315,6389,333798,655533
4407,4630,235492,30611,7982,249819,550775
9167,7333,53324,25555,7186,471728,627515
5796,5333,66118,65704,6667,437156,603441
8926,6574,77098,34629,9278,219326,370572
5315,4759,197058,61408,6870,307753,636552
8667,7592,53094,24778,7352,296978,423942
4759,4870,74388,49186,6981,377368,541034
5519,4851,68831,61722,6593,213852,377257
4611,4611,134681,26574,7278,188595,381794
9074,6296,38549,24241,7074,239301,349572
4908,4722,60380,51926,6315,384302,530182
4815,4851,484082,24926,7722,341413,939161
6074,5740,95303,23333,7055,187159,340498
4389,4833,15263,40093,6796,220939,320720
5500,5204,53224,23334,7426,258718,379628
4703,4852,69297,34666,9297,219312,357276
5296,5463,68368,24426,7056,197241,326183
4389,4648,997070,27408,7648,347477,1405048
4573,4704,41995,22722,7166,254615,356701
4315,4685,73511,50759,7500,378264,554441
9463,7740,65102,63074,7111,205897,379627
4555,4778,134211,24685,7204,222194,436757
8963,7740,10709,30815,8778,230974,322424
4741,4888,67874,52593,6740,344902,526423
9241,7407,61909,66463,6593,214589,389331
4370,4704,105684,25519,7759,211999,399146
8796,7685,215294,23796,7333,193722,473034
4370,4685,71662,25167,7259,301669,457608
54221,5371,68586,48852,5778,336411,543608
3871,4537,78399,23555,7352,260043,418942
9037,7278,167934,33722,9537,219008,463720
6870,6241,675932,22666,7093,262877,1000698
4981,4926,77134,47148,7296,415604,622737
9130,7278,254317,38500,6815,230235,569423
5759,5759,158908,32667,9481,266423,520552
9259,7537,786331,23445,7444,246681,1102215
7796,6389,69052,52797,6203,347908,505238
5333,5000,72180,62871,6425,228596,398813
4056,5074,106678,67555,6426,218264,447146
9407,6500,280342,31278,6500,242173,595292
5667,5037,84730,34500,9425,422656,613849
6463,5685,422932,67222,6741,221805,749922
4852,4759,84448,33944,8963,321735,507108
9445,7277,165761,24167,7370,222089,474127
6241,5592,76611,49148,6574,266110,446609
8240,6908,66960,44945,7204,363166,516497
8722,6685,67181,32371,8796,224410,382868
6333,5370,124401,22500,7500,203912,385405
4797,4888,32011,33796,8111,223766,342239
5815,5222,52305,24370,6278,222730,335257
4426,4481,62303,25278,7352,251417,373109
8555,6815,83356,24463,6889,230734,376294
3629,4741,196021,33630,9259,210124,473164
7833,7056,43815,24722,6889,252886,362016
6315,5796,66462,32482,8796,186314,322610
8556,7148,69219,25574,7333,222057,354517
4629,4759,163773,31963,9204,223836,453867
4944,5204,42752,27241,7463,232227,356868
14667,4518,50121,21389,5815,260210,374887
4555,5037,64230,25741,7222,287101,412312
10148,7351,71006,24389,7111,389140,540830
6037,5426,42152,22407,7334,239309,341628
4778,4814,63632,45574,6833,390810,530812
4481,5278,67519,24944,7500,240480,366980
4444,4630,97553,25297,7037,285999,469201
6518,5556,592422,32574,9315,218721,913791
5685,5259,43587,41185,6019,322225,443164
4685,5425,879733,45278,6778,336204,1324566
9463,6981,73231,33371,8925,236452,418294
6056,5555,173803,62352,6482,801431,1073901
8981,7148,44301,24908,7333,280400,390497
4815,5593,64799,55167,8537,405290,569979
6093,5518,516001,25593,6037,1257414,1835249
4296,5148,340722,33648,8796,222220,632256
4130,5352,2230737,25722,6037,223915,2517560
8148,6685,62385,21796,5833,450205,569886
5815,5518,73105,66129,6889,456262,663552
6167,5685,99732,24815,7259,295840,455294
4537,4741,254896,27741,7778,337210,669385
6907,5556,45654,31574,9130,355806,472479
4963,5703,62116,25000,6203,212939,351887
6055,5408,61965,33704,8629,220552,372757
5962,5352,247686,81203,7148,350607,713495
4537,5277,49184,26352,7370,314574,426534
9333,7297,67700,48000,6889,444278,632700
5648,5241,70513,63481,7463,218448,387294
8147,6649,136585,25629,7426,246487,446571
4093,5240,27824,22889,7260,237692,340109
5944,5407,69489,49759,6408,319268,474849
3685,5630,66320,22685,7370,234678,389220
5667,5148,109022,23500,6889,194846,360109
3796,5611,273316,66963,6741,309217,704662
4574,5389,50907,33425,9500,251462,374794
9499,7000,65683,28704,6463,263352,399775
4463,5296,809144,33111,9037,225609,1104920
6666,5815,302012,22537,7241,406446,771643
8407,6760,47103,26703,6926,317747,435646
3740,5112,85897,44278,6925,409841,571089
5240,5167,69025,33277,9260,221139,360553
8944,6926,117634,62500,6500,292141,509460
8055,6778,31558,33704,8815,223366,333480
6389,5555,55167,53167,6963,1046622,1235141
9130,7666,66555,23055,7667,228221,362239
4815,5185,91756,33185,9685,219353,379442
5036,5241,235458,64278,5203,228836,586292
9518,7667,52159,25630,7296,245339,371720
4592,4648,876528,49741,6537,304724,1291196
9481,7778,69692,26389,7371,191046,328998
4796,5315,208135,26463,6741,202288,511905
8759,7444,37967,23463,7222,253013,362331
4426,5111,78650,52481,6297,302329,507293
9055,7463,66408,33074,8870,232924,377016
5018,5222,133665,62648,6648,231055,460775
5611,6852,11829,27074,7315,231058,310776
8092,6167,61179,43074,6537,423262,564145
4870,5000,259122,34388,9519,241875,576126
5073,5278,510379,26185,7519,191728,762365
5444,5000,205692,25333,7500,275212,564311
9018,7611,44690,32074,9037,345882,469923
4593,4907,62392,66481,6556,351957,555164
9370,7574,62557,24370,6908,215460,345535
3648,4444,685221,27871,8111,243292,995235
4944,5556,40886,24500,6815,282519,385813
3944,4445,63939,23648,7482,213577,359461
9315,7407,62827,25685,7352,196931,329054
4519,5315,134139,23759,6685,312025,504757
3981,4574,20878,33982,8963,224712,317757
3982,4481,65432,51537,6463,356417,546460
8889,7148,61226,66685,7000,368697,537126
6240,5463,76391,26074,7908,235274,372979
4148,4518,248075,25240,7574,228757,532701
4833,5426,46831,48204,9500,250704,386701
3852,4537,68996,46796,8185,298779,452794
5259,5760,73975,61723,6629,212467,381461
5574,5333,173640,27815,7556,233745,470090
4611,5370,33269,24518,7148,350396,455664
4426,4611,64618,25833,7537,353602,476756
4518,4797,62486,22704,7092,209271,349572
9185,7815,119595,25686,7129,269883,456905
4573,5149,49797,22482,7222,278274,392645
5481,5630,49369,49297,6037,367331,541089
9277,7556,71627,24333,7297,320907,460645
5999,5852,86070,24944,6982,308261,478627
10759,7315,229271,32074,10574,213004,520775
5167,5111,45417,24982,7018,319543,463757
52240,5444,65787,33111,8944,373063,556071
4611,4815,67821,24629,7500,317214,470071
8222,6908,159319,31463,9074,221715,452572
6240,5648,36725,41500,6944,221385,335887
4333,5482,72796,46371,7222,403311,554515
4685,5074,61924,25963,7518,164260,283961
4129,5500,128108,24722,6796,251260,437701
8629,7000,27624,23260,7648,238448,330516
4074,5019,56659,52130,5926,401208,575460
6778,5981,68880,21704,6777,246230,372498
3945,5240,90822,25482,6852,287101,472294
5907,5407,970876,32389,9741,257117,1297585
4019,5574,87411,62981,6667,318456,505331
8592,7241,61446,24185,6797,250329,375961
4444,5167,75129,27315,7389,192461,360609
5981,5574,254794,36482,7222,243110,572682
8814,7185,34774,24000,7648,284169,383997
6333,5445,62882,32908,8833,1106055,1237567
4426,5667,68695,62926,6870,249636,435516
7204,5648,127601,23889,7352,259507,447331
5148,5166,17951,27759,7500,233288,330868
5907,5556,61560,32685,8852,410177,542312
9444,7370,68966,25185,7259,399384,553941
6203,5834,71038,31277,8593,232127,372572
5407,5074,289962,48074,6778,384201,791088
6351,5352,42312,27537,6481,284798,390960
4963,5519,65420,50630,6685,397206,548108
8648,6759,74178,33612,8963,239504,386257
5981,5408,158713,27370,7278,209821,429757
4203,4871,45989,24352,6963,272916,412257
14500,4870,40654,32389,6222,214085,331183
5278,5778,455818,23593,7407,277437,811885
5852,5333,132187,62871,6870,220940,487868
5148,5388,703185,33352,6315,209902,981290
4556,4796,69461,24389,7426,375388,500886
4611,5222,542589,33093,8222,345424,954235
4333,4889,96716,23408,7685,344318,513978
5963,5166,264752,22796,6519,362652,684218
4500,4666,46194,22593,6648,237878,357331
48648,4537,61711,53833,7019,341027,593256
9297,6925,70357,23371,7148,215011,348258
4314,4778,278670,47426,6240,404734,763828
8944,6945,70353,65703,6797,243959,441757
6388,5334,69129,24259,6741,467516,594848
5389,5204,65386,62259,6741,213649,393831
6037,5296,279903,23426,7333,253501,593107
4648,5537,227400,33260,8963,401058,717884
8444,7056,42806,53630,6611,379079,510849
4092,5519,63415,31741,9482,222934,353757
4333,5111,91099,62371,6703,227677,415479
9814,7056,281763,28593,6352,437269,821569
7888,6704,45095,23037,7074,251440,376127
8482,6648,57074,30834,8889,221868,352535
7889,6759,64517,30407,8334,215295,383627
7296,6000,265423,65370,6945,351888,718403
6018,5815,35272,23982,7314,353466,450960
9500,7130,74326,45426,6740,328264,535571
5277,5019,513768,67056,6333,368911,981105
6259,5778,125674,61426,6296,238249,458016
5462,4815,625580,34833,9167,217267,911772
4129,5149,59781,51574,6593,436530,579589
3889,5241,62927,23389,6963,230719,347257
5444,5092,95556,62370,6741,210813,400719
4240,5463,231276,24648,6722,241277,529071
5296,4982,39496,22852,7296,235521,332443
4129,5352,388420,33463,9704,239742,698644
8814,7278,70215,61740,6797,230487,422423
7222,6444,133509,26426,7574,245748,441479
4222,5407,48896,70574,7148,272324,462701
14203,4408,47357,27129,8908,233919,354109
6056,5833,61781,24055,7389,250736,376183
8944,6963,563483,25611,7852,230735,858736
5315,5352,209573,32889,9833,219961,532553
6203,5537,60349,49315,6648,444333,588867
4704,5240,68700,24351,7871,192817,353276
6074,5500,100123,28333,7760,235671,399461
4999,5297,183417,23926,7796,192858,432590
4629,4815,47786,44815,6981,328693,469256
14870,4593,48673,23519,7018,195862,313350
9518,7167,64837,32945,8889,221068,359294
5814,5593,770557,25130,7130,329750,1161659
4314,5185,41668,32648,9889,305552,416331
5537,5444,66832,51333,6741,293295,475645
9796,7259,66497,31852,9092,221242,361775
5315,5444,106365,25667,7666,257263,460942
8074,6351,15308,23463,7093,237894,316498
5241,5537,59065,52389,6203,337044,481960
9351,7167,58452,64074,6759,225917,427368
6907,5796,79765,25815,7704,197992,362349
9407,7278,234189,24037,6778,220030,520127
5000,5611,45168,25852,7093,344496,455090
4445,5388,561556,24870,7093,288791,935439
9500,7852,73053,24815,7611,233426,374165
4259,5371,277014,22463,6852,216130,574219
9259,7500,23957,23648,7092,356078,452052
4648,5370,278307,25945,8481,242968,587645
5167,5296,65565,24314,7519,234341,381202
8815,7111,112784,33982,9130,220953,409516
6371,5703,1380857,25611,7666,250505,1714546
9110,7556,487373,32408,8555,247308,815180
5055,5278,63612,24833,7260,260941,405108
9036,6945,81073,31352,8574,309628,464701
4796,5203,284627,30241,7870,466387,815810
5093,5407,49866,66759,6889,301854,477016
26055,6759,38271,26112,16740,213209,398034
8704,7074,61584,31241,8555,218896,355406
5296,5593,174989,26778,7500,275508,511867
5037,5685,35858,32222,8556,280084,388461
4500,5352,59560,45796,5167,349345,528849
9240,7797,70687,26389,6871,232754,372720
4593,5407,128445,24500,6426,288460,531868
4963,5778,1180924,63203,6612,251567,1555028
9389,7888,52923,24130,6740,470130,588533
4981,5371,68124,64296,6574,343614,508534
5074,5889,91845,62426,6555,211357,399628
4741,5296,288694,29223,8777,393376,771199
8870,7389,52822,32056,8703,309083,444423
4556,5426,61635,23092,6204,220363,389646
8814,7408,65429,26722,7371,237902,371072
4703,5574,159076,23908,7074,232792,448645
5037,5500,726426,31481,6333,234069,1049698
9018,7648,67442,33056,7944,417277,560015
4555,5260,66162,27222,7426,192947,342702
9018,7148,118531,31000,8686,235781,429127
4611,4982,37936,25445,7481,323006,475961
9074,7463,48379,30722,8686,223007,351220
5333,5722,60729,24500,6704,323954,443331
4740,5074,234486,26334,7426,296103,618385
9481,7259,231744,24463,7167,194624,524756
6148,5796,579057,23944,7037,293772,933328
5000,5888,73314,168315,5815,260516,532460
8222,7092,63109,64389,6796,220371,385220
5129,5482,211477,26296,6852,283927,555663
4648,4759,44327,31908,9129,279857,393239
9148,7296,64751,42629,6482,329783,478386
6259,6222,64119,27167,7204,191490,319628
9500,7111,121544,25925,7426,219288,406646
7963,6611,20097,22222,6871,237883,318573
6111,5666,64503,23000,7777,229737,390201
7481,5908,62889,35426,8907,189257,327035
8889,7222,74443,25185,7500,278351,441794
8981,6945,272293,23425,7019,436814,772162
5129,5463,50810,35629,5056,351225,494015
5981,6093,70048,25186,5925,254006,414850
8888,6926,64695,24778,6981,234304,381720
6759,5555,247619,25556,8185,351155,664237
8389,7259,29469,36666,9296,351326,459238
5222,5500,736078,69037,7481,216509,1059939
8536,7093,69539,34315,8796,223163,368997
4519,5703,118648,64093,6648,219479,437164
8481,6574,737128,32388,8500,264811,1110660
6629,5797,48366,26926,6685,448964,559737
6518,5426,69494,32926,8278,214078,352312
4851,5389,86326,63314,6871,229653,447960
6203,7222,699324,25055,7111,236912,999957
4685,5148,46896,33389,6574,260843,376702
9351,7223,67671,27722,8426,458659,629015
6092,5408,63595,32222,8815,223032,356387
8796,6519,120260,25556,7444,325848,525034
5870,6019,39055,24592,7167,237258,338313
4852,5685,64479,23148,5759,474370,627385
5852,5333,255606,31371,8907,371001,725866
8944,7111,114772,26574,7370,231930,445923
6018,5648,7269,25130,7741,868669,939142
5963,5574,55027,48777,6797,347489,487201
4537,5222,64210,24463,7148,216344,339609
9333,6963,482097,23111,7574,298287,865828
6370,5667,236317,64963,5074,318142,655089
8981,6815,44482,41241,6481,406478,531478
4352,5481,68591,23482,7703,214278,343016
8259,6482,61367,27778,7574,239890,386535
6556,5259,130995,25240,7148,194633,386035
4111,5611,47493,24981,7241,235450,378887
5852,5370,65936,41555,8445,398728,540830
4536,5797,64637,24315,7000,281157,405868
8722,6723,122672,25574,7537,230881,417016
5722,5519,268374,34074,9518,219938,593515
6444,5204,51742,31278,7389,218126,337757
4481,5667,65092,26445,7333,377683,537923
6129,5463,69258,31111,8463,232648,369813
8944,6870,262811,59537,7167,445425,840606
5648,5315,43142,25037,6593,400707,504479
22666,5889,63529,61519,6593,330449,541700
6074,5426,68953,26482,7241,340840,473609
8167,6537,210025,23241,6981,236194,525479
5796,5259,44764,32889,8685,254160,368627
4796,5722,61929,30166,7408,438123,566515
8611,6315,64168,23426,7500,252200,377220
4037,5833,552332,31260,8518,251126,870402
3704,5166,36461,25574,7407,237094,334313
8573,6852,35903,51630,6240,213096,358646
6333,5630,64790,37833,9185,215449,356665
8611,6834,76380,26815,7463,314709,456961
4481,5056,319304,33037,10630,362080,811903
8556,6870,49136,23370,6704,390602,512775
6240,5426,944022,65945,6741,290155,1335621
4388,5426,61206,26334,7666,292181,440145
5963,5463,167038,32333,8704,218867,454405
4425,5445,62035,61723,6481,316499,529793
9037,7555,67423,31482,7611,406074,543552
6111,5426,617624,23555,6889,323111,1000698
4333,5185,119511,22445,7092,258820,467312
6722,7018,734009,30297,7611,371002,1174270
4204,5889,717803,28667,7907,226543,1007828
7833,7092,68154,23815,7481,235993,366516
3870,5334,91818,25537,7648,256791,405961
9574,6481,181187,22111,7352,208274,483719
6759,5704,47278,24685,7037,359442,470016
3908,4925,64221,23111,6203,225038,362739
5871,5444,59978,24314,7445,241187,361276
9815,7444,161031,33704,8778,220837,456498
4111,5259,37844,24408,7314,236673,335072
9037,7185,67157,50833,6741,329673,497293
4463,5222,69767,62944,6981,302361,505312
6296,5389,129542,27092,6815,245845,436942
7037,6777,11744,24889,7389,237051,328813
5815,5482,57723,51907,6167,407255,560960
5277,5056,62499,22241,7407,236610,355053
4351,5185,89775,33556,8685,220686,377090
5778,6000,213162,62741,5351,221706,549516
5833,5167,47642,25240,7167,251671,361183
5056,5629,59177,32130,8574,438783,564071
5185,5444,342582,63871,6944,375654,868124
8981,6630,276913,24704,6352,288305,631922
4241,5555,419264,32240,8963,263159,751070
5592,5630,65354,22426,7352,372754,509849
6129,5333,63779,62759,4889,237830,398368
5555,5518,106277,32000,8833,222536,429812
5666,5241,20052,24537,7223,236149,333350
5611,5278,35161,32000,8574,226818,331220
5555,5889,64382,24685,7055,345635,468515
4926,5648,92676,31648,8555,287044,446053
6037,5740,284397,90111,6018,302767,713088
4129,5722,46321,24666,7056,278677,400720
14222,4778,865873,45574,6723,349637,1331862
5796,5649,67020,28055,7149,243681,372276
4018,5389,181203,23649,7518,261516,498941
4870,5055,392313,33111,8815,327109,800736
6333,5574,68292,44482,7185,412964,561237
5111,5444,64883,26352,7055,229023,388979
5870,5389,115418,33185,8611,225691,432812
11555,7537,231435,23092,6982,189303,530163
8463,7481,46304,41129,6815,217158,352665
5370,5333,69987,25889,13685,212012,354016
4759,4945,86021,27945,7777,229310,400072
9111,7426,310797,23185,6815,213070,594496
5926,6037,47518,26185,7000,253147,367665
4704,5000,62127,35611,7685,266630,402461
5074,5519,257754,25352,7018,285280,617015
7778,6629,141197,23889,7241,234504,461775
9185,7796,24862,32222,8963,229692,336739
7000,5944,67545,27352,7074,417230,567311
9129,7667,72080,70260,5240,453935,635163
5000,5611,120727,25796,6889,322678,503886
5370,5315,206132,24556,7037,195976,459646
5204,5444,50408,51537,6204,446940,624182
9352,7611,68295,33759,9815,892718,1039272
4870,5019,85459,25445,7018,290816,438257
6370,5556,172198,32074,8759,272799,535830
9111,7426,45808,41092,6741,239228,373646
5019,4962,66843,25889,7519,338247,517738
9222,7148,63712,25203,7111,298176,427868
4759,5240,248450,23222,6204,440787,787754
9185,7481,39874,24741,7685,237828,351035
5055,5463,66187,51370,6408,444494,595607
5130,5277,62889,62259,6630,211220,368276
4481,5074,127387,26389,6759,256981,441942
5166,5019,14644,23185,7370,239503,364701
9092,7463,51791,51203,6500,344633,487386
4518,5186,61103,23018,7056,198265,315850
4982,5425,84639,32389,9740,311211,515219
9296,7611,295951,45871,6611,406229,788255
6018,5704,53894,24666,7500,246697,414183
24537,5741,64540,30574,7908,352883,503053
4648,4796,66520,64296,6648,223127,411479
8963,7130,220962,26333,6889,220294,514460
5463,5574,69942,25296,7203,327445,462571
4500,4926,437254,26741,7685,470370,1009568
9407,7296,59734,23000,7389,248931,376442
3962,4537,103584,25074,7537,318266,480960
4777,5186,15489,22056,6648,246249,371609
9333,7518,50118,22333,5815,228677,348683
5056,5277,64097,36056,8629,194291,329017
4537,5019,71558,26814,7630,258681,388480
4722,5518,297723,24963,6222,331570,695236
4259,4630,714794,63000,6648,249866,1064808
5240,5556,60478,27463,6315,221501,347701
3963,4611,71198,22871,6944,200652,349128
8944,7297,320418,25574,7408,292540,683459
4685,4815,67213,22130,7092,278322,403294
8574,6907,63508,49889,6333,391100,575997
7018,6000,68117,22741,7037,255992,383165
4574,4907,117245,25203,6741,242124,450608
5926,5370,20002,22370,7407,239312,318109
4370,5296,43593,53000,6518,388183,515738
4685,5056,61535,22425,6704,219889,335572
4648,5222,79255,22333,7982,233928,402442
6870,5518,254198,67074,6667,377761,733384
4370,5297,409381,23759,6611,380781,847810
4630,5148,64435,27389,7240,401692,560330
6278,5537,67099,22778,6982,216787,340147
4333,5463,277375,50185,5945,447361,840569
6000,5259,68781,61982,6759,248161,414739
4889,4852,76056,40760,6240,338904,490201
9925,7204,67870,61722,6426,230276,403312
8370,6889,116090,23981,6982,277778,483571
6370,7389,194606,33537,9259,221669,488200
4982,5629,1797845,25500,8074,273791,2170654
5999,5482,751917,24648,7574,1583588,2400393
4629,4630,86693,31963,8889,261916,415053
6259,6018,248877,25629,6371,396267,740069
6018,5870,42116,25963,7074,232253,338405
4370,4592,65429,57222,5592,284051,439479
4519,5037,61852,32389,9296,290183,418479
5796,5760,132165,23296,7204,308610,518905
6277,5630,35422,63686,6963,236390,372053
4611,5018,64143,33166,8852,357299,490812
4222,4611,62049,60648,6518,309709,490294
5407,5834,115546,24037,7759,194915,367979
4130,4629,422378,28574,7741,360728,859106
6056,5851,48561,31871,8889,222622,343683
9185,7407,221244,24871,7111,274030,561774
4574,4852,91946,25982,7555,202663,352220
5666,5889,239444,23074,7741,376330,690644
6370,5593,51924,32148,9278,294277,436127
5500,5315,60199,140056,6037,342112,574312
5296,5907,57883,62389,6833,217727,391312
5759,5371,167658,26278,7037,250191,479997
8907,7166,11824,24315,7222,238193,332405
5926,5167,733617,21834,7037,275339,1066272
5370,5111,62635,30833,8834,227419,355776
5722,5963,624225,43037,6593,396768,1097105
4259,4500,212427,64223,6777,294107,602071
3962,4500,61203,24519,7759,220036,340016
5611,5926,252034,23870,7204,236907,566626
6704,5463,94532,33796,9815,285262,485775
5129,5723,264919,63963,6703,407855,769107
4241,4778,58047,34666,8815,370784,523886
5055,5704,67971,27759,8130,468044,632237
6444,5223,58802,24982,7444,232918,351146
4351,4852,280356,32463,8482,341918,690070
4333,4630,28780,26574,7296,232941,340295
6555,5630,64537,47778,6778,391570,538163
6129,5315,65610,24444,7445,202611,326591
4148,4833,120219,23463,8019,315667,506645
7259,5537,230050,31871,9000,215484,514164
4333,4630,45548,53167,6259,410782,542237
9703,7556,63380,32962,8482,187693,324146
5573,5426,78211,24371,7222,225342,395497
6630,5296,257654,23889,5944,268269,585534
5074,5148,52171,68389,6648,324975,503442
5259,5611,60409,24870,7278,361977,495626
5962,5463,59981,33908,9278,219850,349831
4555,5037,121813,27667,7907,832441,1055975
5981,5352,43421,24593,7537,236502,341535
4018,4556,63957,50740,6611,336633,512756
5667,5592,66122,64426,21741,212968,411887
6351,5223,571601,25389,18759,246579,892457
4944,5296,221488,63056,6518,252102,588385
6111,5574,49505,33018,9389,221216,342979
5685,5297,456021,26241,6518,337974,864347
5500,5055,61390,30093,8556,218497,344498
4371,5185,279388,49722,5833,413589,807384
5889,5167,41904,25408,7000,233908,337221
3944,4778,68033,65351,7149,279094,481849
5926,5704,60234,63944,6500,220246,377072
6111,5648,257084,42222,7630,332171,670366
4036,4667,46823,32815,8759,228768,360479
5667,5222,50543,27741,7593,390491,548423
5722,5407,66615,31815,8871,213475,346424
4425,4741,101632,24908,7074,260050,418164
3778,4407,203315,24538,7148,267626,525423
5741,5778,53461,33796,9778,441313,565515
4778,5018,65053,26592,21371,244167,384794
4166,4667,93662,25055,7185,240096,423479
6444,5889,168474,32852,8704,223505,460756
3666,4519,44917,24796,7296,270859,374090
5351,5630,61619,48870,8815,422026,578144
5889,5166,60006,24463,6852,282140,400146
5463,5611,232208,34648,7426,230511,533627
4148,4667,19261,23704,6703,277422,355943
4814,5389,60593,30000,7537,466385,590163
5908,5481,61813,31889,8852,216185,380665
6278,5407,106533,64556,6815,220538,424812
4444,4629,26069,32667,8796,227541,324331
8351,7185,47660,24111,6352,314653,445201
47259,4537,56343,50611,6426,422173,603201
5796,5777,77989,23685,7074,251806,391108
9593,7036,225006,35240,8223,223695,545052
5926,5481,239577,37686,6703,235272,549052
4852,5277,725298,34593,9333,363492,1192808
9129,7148,64315,31166,9371,262479,399905
9000,6833,134312,31186,8333,245759,452460
8370,6574,38588,23982,7500,241317,345312
5203,5630,67697,30630,8500,457318,625144
6759,5833,63807,26481,7537,251877,380257
8482,6759,112601,23741,7574,236859,411627
3852,4630,255080,27241,7815,380286,755126
7722,6463,41246,46962,6612,216974,343442
4129,4648,63559,62759,6278,445345,636552
6277,5500,37668,25833,7704,370478,484312
5444,4982,293832,32815,7777,398960,758644
4796,4870,792645,25500,7704,492402,1347640
6814,6093,67477,22222,6333,258633,385072
4871,4926,65734,25889,7703,259745,383887
5204,5555,650158,23648,5908,377724,1092123
6074,5407,42971,38889,6648,223972,341979
5666,5685,71025,49537,6537,326880,482312
4648,4519,58837,23000,7278,198865,311610
4833,5537,109299,25167,7166,300014,486127
6037,5500,199093,23741,7556,232589,489312
5018,5630,43072,32019,8426,228110,339238
4296,4778,65960,27111,12574,252353,403146
5852,5185,90643,24129,7000,281096,429238
4463,4926,236141,34926,8814,192894,496775
6203,5648,43343,60426,6185,343451,495812
14352,4685,82323,33388,8704,364545,552238
5296,5315,60024,25463,7722,274029,393757
7852,6851,127652,32371,8703,224179,424368
9963,7500,39020,40648,6834,221366,377868
5999,5667,61556,24666,6815,437386,559552
9092,7018,63165,63574,6630,228259,395182
6000,6204,109292,24056,7092,251779,419479
5833,5426,11550,30703,8945,230041,312368
8870,7222,45104,64685,4926,227635,376590
5499,5982,66120,65926,6407,423562,591366
9315,7222,76822,33037,8555,279306,452719
6907,6074,169376,61018,6352,215122,479775
4981,5704,64615,32351,9315,294254,429461
4426,5018,64095,26351,7649,349218,487386
6611,5463,61481,31111,8593,215331,343924
4148,5389,248257,63796,6148,395850,750829
5778,5277,23330,62074,6833,242984,366128
9204,7462,65828,25296,6426,433558,574515
5907,5130,760510,38167,6537,233539,1071086
9019,6907,106879,27463,7167,276526,450553
6351,6093,224877,23592,7482,877412,1164141
8833,7037,45820,44074,5982,232345,379665
6055,5574,58226,23055,7519,198699,315517
5685,5500,380112,25185,7167,439383,916476
5666,5148,309222,22352,6537,215794,582756
5185,5519,42219,23815,7019,338407,450776
5759,5389,565514,24370,7111,238482,867347
9370,7241,498086,22148,8056,344075,919587
5574,5222,136621,33389,10944,256617,464108
5240,5630,48675,25444,7297,335656,446460
8945,7074,59932,31704,9129,392102,524201
6018,5667,81578,33019,7833,196346,344998
4926,5519,98780,25111,7685,234921,413665
6797,6277,202538,32518,9186,298774,571460
4759,5500,45110,45167,6944,353499,507979
6481,5926,60960,25519,5907,223742,345776
4444,5092,80884,23778,6981,272281,408553
5000,5722,287030,30204,7703,341781,703496
6592,5834,37269,22648,7314,355877,453442
4963,5166,66897,20648,5907,249028,371998
9481,7167,67487,32204,8981,225215,365609
5814,6278,262170,29945,7759,467788,797680
10018,6741,34298,31130,8778,231033,356850
6463,5629,72204,30537,8148,458793,597182
4703,5407,63776,24500,7352,189223,309924
4370,5333,108682,23111,6870,253816,451219
6129,5778,275976,28740,8982,191873,534552
9092,7759,399474,23630,6592,217615,681514
4481,5019,70287,68296,6685,429413,599626
6148,6037,83044,32796,8741,223972,409646
6536,5445,189172,28555,7500,193622,445793
4425,6037,45282,31462,8686,318290,482460
5462,5704,66076,52833,6611,1066066,1253714
6148,5574,62629,25648,7185,213665,335424
5666,5667,133849,25778,7074,241204,467479
5592,5185,34459,23963,7148,275428,370053
4981,5593,61124,50796,6537,446206,589867
4722,4889,68788,22186,7444,936428,1094586
5778,5278,626730,23685,6297,222079,909643
4481,5574,203729,26112,7055,195991,457460
5500,5185,51172,22277,6074,226735,352220
6796,5759,56559,24148,6815,198958,313961
5222,5371,66705,24777,6815,253404,412535
6185,5629,208759,22537,7018,264998,530608
4889,5685,49849,24870,7482,320759,431146
4778,5000,58051,50388,7612,439130,613959
6185,5611,63642,23130,7370,217505,338443
4944,5408,172676,25111,7167,197969,427738
4518,5315,24082,23241,7296,331953,427201
6073,5445,65617,53445,6000,419564,571811
4963,5315,63689,62037,18741,229642,402146
5518,6074,107558,24741,7093,281661,468571
5926,5556,289963,49167,7296,285292,688256
5351,5519,38536,22926,6351,240666,355127
50443,4871,60201,69333,6926,222964,433812
4629,5056,80180,28130,7537,227744,402868
6944,5297,228900,24963,7592,195079,483775
4184,4834,46935,32019,9333,281044,396682
5408,5462,56656,53408,7537,332434,479294
4371,4925,57932,31000,8759,216122,337202
5129,5185,217930,65037,6778,410825,726366
4203,5037,34576,27556,7370,234941,330850
5222,5685,68019,45944,6871,450441,597126
4259,4722,66388,25148,7296,196389,353794
6926,5814,105015,32445,8722,225205,422016
5666,6148,206069,62518,6796,234077,536533
5037,5185,50233,49834,6740,409468,541589
5278,4907,63435,34982,8648,223970,356498
5167,5389,80229,61056,6500,243972,416887
4241,4833,156654,33055,9130,315306,576127
6278,5555,43689,23481,7611,316809,421886
4297,4759,64353,55889,5945,255718,408461
5444,5926,60463,31629,8889,224425,352035
4611,4815,122979,61889,6574,220518,471868
6240,5463,41793,28759,8000,231521,339868
4351,5260,55864,32500,8630,214115,338164
5240,5889,62548,26278,7648,232617,388738
6036,5130,89101,31741,8815,250767,406145
5129,6444,11433,39111,6963,225936,330127
5647,5315,42672,26315,6463,383399,511774
5241,5722,61725,64500,6278,426049,618793
5704,5444,80001,33889,8982,219941,368554
5111,5648,193555,26759,7537,232313,518775
5703,5407,45868,26111,7241,253575,363201
10278,8074,61125,50518,6130,448964,634274
5499,5223,58364,33185,9111,270393,398479
5444,6019,128565,63241,6963,231284,459016
8000,7222,13768,25333,7278,326193,419739
5833,5389,193376,31537,8834,257416,520515
5241,5593,66226,26130,7463,194642,353943
5852,5796,100521,31278,8407,242199,410813
9667,6963,7167,38889,6704,225108,311480
5555,5481,45221,32000,8630,269814,386368
9425,7334,55608,25574,6259,1114496,1234863
4573,4741,70939,31593,8611,227133,362423
5833,5908,205178,60722,5185,240541,542349
9630,6888,49436,25315,6889,237784,370405
6666,5722,84082,40500,6611,406193,578015
5000,5018,60932,24519,6981,196622,315294
5703,5574,265486,31129,7871,320325,663311
5852,5314,35799,24092,7445,344532,465257
5259,5759,60722,30630,7759,425830,584885
5722,5149,62998,22815,7018,198667,316813
5444,5537,118607,62130,6500,245464,459071
4870,5259,380291,25518,7389,290335,749569
5963,5370,40993,22537,7611,235802,335665
5667,5870,58157,34371,9018,214137,375054
5667,5259,77989,62555,6852,223676,397553
5166,5852,237746,25241,19463,230010,543163
9389,7352,46133,26500,7500,345197,483053
5259,5611,57316,68038,6962,395829,554349
4814,4926,1358999,34315,7759,220695,1650397
7815,6592,135868,25482,6833,249148,483442
6482,5592,31737,39000,6778,225706,333535
5963,5630,45975,23204,6815,450354,553127
4851,5111,64900,30815,10703,215395,346146
5037,5611,108287,22703,8019,253637,418387
4574,5500,263081,65222,6444,306916,686848
9092,7222,44153,24500,7278,326770,436941
4000,4704,67114,29667,8759,197921,326758
5407,5926,78779,23704,7796,212516,356813
6648,6093,295591,31185,7704,465033,828125
5685,5648,662868,23611,7426,196349,959976
9222,7629,76718,30852,9463,336576,494608
6500,5741,66715,23334,7500,294374,424609
4499,5167,125121,63426,6722,219914,440090
4611,4944,47138,32945,8740,232527,402498
9093,7407,48414,23555,6593,232288,352776
4852,4704,59949,32370,9741,226456,377054
8907,7370,86558,26667,7574,245606,401238
10241,6500,305741,51259,6148,444699,885236
9018,7389,38777,41222,6778,241777,369998
5370,5093,69385,26389,6611,222039,360646
4370,4704,66477,31685,8648,228318,384035
9315,7574,228511,64056,6666,339411,699885
7925,6537,53899,31833,8574,337414,468034
4166,4981,415378,25612,20962,301285,820106
6129,5592,58895,31982,8574,225714,353016
4315,4574,1371837,26685,7037,220968,1677713
9148,7352,4409,31334,8537,252977,340628
5426,5259,63907,26556,7574,375775,521960
5870,5556,62165,67278,6814,225685,393683
8055,6500,103126,28575,8000,218871,389220
5593,5592,204439,61352,6444,223670,523756
9463,7185,199567,26518,7130,272004,540441
4703,4760,815379,24889,7592,199559,1071771
5815,5833,72767,25833,7167,239824,376054
10111,6740,253932,57648,8074,215973,569867
5148,5296,40448,63778,6777,271458,430719
48258,5352,60280,25074,7944,217460,382849
4592,4797,61462,33908,9074,223850,387757
5889,5537,131997,62000,6704,298036,552756
5629,5315,20144,26130,7611,236409,335831
5944,5370,62476,45204,6648,434317,574941
4259,4722,61566,33167,9944,212951,340979
5537,5574,108509,25130,7722,223859,391146
4241,4833,559544,27037,8111,281340,903162
4888,5222,38672,23019,7296,375289,484293
6297,5481,448058,23093,7444,371381,901310
5778,5611,730353,33259,10111,273900,1095994
5741,5370,282110,43537,7112,428348,799903
6426,5944,41775,32241,8722,327982,442590
5703,6000,85533,27426,7981,261113,411460
4889,5389,65327,30778,8537,291096,421442
5370,5871,665176,25426,6630,234947,961198
4277,5000,38286,41185,6982,221342,351924
6222,5611,50248,24722,5537,223084,334609
3962,4834,60152,31426,9074,215623,339646
5796,5611,100706,23407,6963,200477,393831
5797,5574,255426,66333,6612,461494,816718
4944,5685,39610,24370,5538,236740,334442
4481,4778,899571,32574,8907,461866,1431899
5074,5166,73384,27908,7814,277781,412757
4667,5185,707586,23518,6833,295742,1061827
4574,4833,38639,25889,7796,296025,414701
14185,4500,38952,23482,5703,228620,332628
4240,4593,58672,25334,7574,271066,408275
5703,5204,126467,63537,7037,288345,513256
4203,4648,43762,34888,9537,224552,340238
5796,6167,54204,23407,6778,224943,339128
4074,4593,58220,32371,8481,222926,345443
3759,4426,100459,27167,7778,195057,352757
5685,5463,196439,30130,8759,243688,504386
4166,4778,42623,23925,6167,247894,363350
14704,4555,459102,68592,6963,387671,957328
4056,4555,69008,24666,6852,197584,343998
6147,5426,274302,50074,8315,385027,744717
4500,4630,37577,28741,7611,284772,385739
5796,6018,64761,23556,6722,374273,528663
4981,5296,60556,61852,6722,213442,367294
3981,4593,195887,27129,7537,352221,622645
6203,5704,207273,22963,6223,271815,535552
4074,4445,70512,33537,8852,334985,499201
5426,5814,64233,26500,7352,348487,473275
4222,4574,555379,25537,7870,195876,842217
6648,5444,227433,25129,7000,189435,476367
4482,4777,71505,39371,7074,441158,583238
5370,5722,59448,23740,6741,354031,470201
4537,4556,69205,64833,6555,220979,420998
6519,5574,236110,33130,9055,204665,509683
3944,4704,44905,27000,7500,282223,388313
4722,4629,431125,45056,7185,240575,768310
6110,5371,58493,26186,7055,233560,351794
5944,6166,253733,25315,7129,367449,683440
4129,4574,25323,24796,6871,240767,324775
4222,4518,546173,39574,6833,224156,860920
6463,5555,64690,24704,6703,197661,320850
5740,6278,99503,22833,6815,339087,510719
5852,5444,270760,42926,6445,376328,727181
4204,5037,40332,23166,6760,239481,353702
45704,4296,59886,45574,6370,404074,581219
3908,5185,78569,28296,7463,201985,376424
5796,5407,173845,33519,8741,232448,509164
5889,5314,415306,24871,7222,248005,724384
6204,5889,76026,40204,6370,437693,586904
4408,4666,66025,63240,6871,224121,385091
5129,5408,115300,25426,7092,207161,380738
4259,4686,29946,31037,8667,230477,326961
4685,5592,61167,52556,6852,400292,545645
4556,4796,68276,62222,6648,222259,386091
4851,5741,101052,26222,7426,224279,388016
10351,8519,224420,25834,6926,197651,487812
5019,5722,72196,26260,7518,350394,486201
8555,7259,65250,23852,5537,225526,354368
4759,5204,59063,25444,7556,268823,385294
4870,5166,198376,23371,6759,218103,474608
8648,7185,33522,24518,7112,239402,337813
3889,4500,67020,46055,6186,319606,487534
5481,5519,61296,62629,6630,243461,419942
7092,5722,127665,25870,7278,214241,402590
5074,5648,49755,22778,6870,269706,394553
6055,5407,55217,34074,9129,431022,557700
9536,7241,63640,26056,7574,366672,535774
6166,5500,95435,22926,6833,328692,508700
5648,5685,190488,24537,6963,236268,486738
9056,7092,41042,25389,6111,359382,492534
5370,5963,55300,33759,8852,224161,384313
5945,5592,265964,31019,8426,411846,746718
8648,7056,161980,26426,7611,231258,491997
5814,5278,721923,25482,6444,411904,1196937
8333,6796,70403,43167,7037,351927,514700
5630,5185,58271,62648,6963,230579,387905
9240,7482,272695,25741,6944,366394,706329
5815,5166,17509,25018,7408,247490,344350
6426,5593,63395,24204,6907,442454,564719
4685,4852,65542,24241,6981,245030,365943
6574,6185,98040,24019,7092,197458,353665
5204,5778,268278,23204,6537,208385,532164
4148,5074,43814,42444,6630,217055,337813
5315,5759,57738,65389,6907,220594,380368
10277,7445,68161,24111,6797,282225,414368
4722,5463,582048,62111,6463,298613,1001031
5982,5611,37213,26333,7408,252488,352924
4055,5223,58674,49982,5481,418026,556441
5203,5611,56544,32648,9537,223899,347942
3982,5203,127560,26556,7574,225512,410831
5111,5574,23502,26075,7240,244570,344387
3926,5370,57704,23315,6777,220628,389368
9278,7240,56277,63463,6740,233963,400701
5167,5518,110145,26593,7796,195779,370146
5222,5852,231995,25963,7074,198243,533423
9148,7629,32382,22296,5926,245858,348053
5222,5593,60546,24333,6926,239322,358017
4814,5908,79248,23926,6574,324360,483034
9241,7389,274542,39982,6481,455842,810107
4333,5463,42837,25093,7389,251309,390053
14963,4685,42317,24296,6074,225274,335683
5036,5112,58351,23222,6704,258424,376071
8574,7314,116128,62759,6834,224296,478701
5981,5833,33608,35037,9426,228205,336590
4814,5334,53031,24407,6482,347096,517811
9074,6778,1191918,22648,6907,330721,1584694
4370,4592,88547,22740,6648,200304,375979
6019,6037,191451,33130,9259,224657,487331
8888,6926,38524,38963,6537,222474,359998
6055,5352,61540,24259,5648,440142,570311
5278,5129,647354,23500,6703,285845,995291
9370,7000,569018,22982,6555,192904,823329
4814,5000,32961,30722,8945,242000,349109
7814,6537,61348,53815,6685,341594,499719
4370,4630,57160,22537,7111,212634,347553
9426,7352,117807,24944,6519,286505,470534
6129,5297,418286,33870,9686,265839,759810
7945,6574,53340,22741,5685,229769,344221
7907,6796,72153,22371,6796,231678,385368
7814,6556,90169,21741,6408,285383,434386
4926,4778,173390,64092,7019,214829,483701
6241,5666,45370,23945,5574,282554,404183
14833,4426,501682,45278,6611,437052,1028234
9018,7389,64866,24241,6648,198095,324368
5296,5260,166901,22314,6389,286967,530830
6111,5667,68825,65796,6649,276098,469553
4981,5037,65583,54148,8556,382377,538145
9204,7055,62025,60908,6481,286195,461553
6055,5259,127264,30426,7944,245975,441201
8185,6870,11244,31740,8852,230774,316294
5556,5148,61427,24981,7482,442477,573942
6111,5537,63184,63426,6482,376590,548256
5482,5129,406905,24500,7018,385202,852958
4629,5556,304699,34407,8889,341686,753958
5371,5277,41734,35982,6685,224931,340221
8426,7222,58713,30278,6593,227543,355720
6722,5926,69101,23018,7426,219583,379794
5889,5370,250655,30611,6093,219120,535664
5055,5482,39578,23463,6889,340086,440072
10130,8129,71540,31296,8185,363550,552923
9259,7426,60760,32241,10148,229886,369702
9074,7222,132980,64037,7111,226628,465090
9000,7352,20756,32185,8778,234631,337443
4833,4833,65440,22944,7352,355613,503108
6963,5944,937604,33871,9722,227000,1289030
9351,7630,94843,23593,7129,317562,498219
5204,5500,280285,56371,6851,429155,800236
4481,4833,37432,23778,5981,240789,337831
5555,5574,55227,26240,17445,222512,352368
4315,4888,73558,23611,7297,318161,470960
9426,7926,225945,26129,7426,340922,635534
4240,4593,36480,63666,6778,299129,454830
5315,5389,56607,53297,5926,342556,513571
9611,7185,55884,60574,6148,240503,398017
5055,5278,150697,28037,8222,257856,476979
8518,7333,731139,26426,7648,223226,1061327
6759,5945,1601970,32759,9111,386277,2060562
4703,4870,60525,26537,7018,378029,499478
8592,7056,577892,28908,6777,259214,914180
4426,4889,198094,24223,7129,241885,539849
9334,7111,40444,32408,8851,287331,409887
6351,5611,1490517,28000,7740,2188573,3744255
6574,6111,160426,46537,7871,450828,695903
4574,5259,43236,25666,7222,464873,582552
7796,6352,36548,23333,7112,319542,418887
5037,5630,64768,48482,7259,447950,596330
8741,7074,62804,25240,7556,899320,1029439
4611,5204,129579,23204,8370,302159,512460
9240,8407,6041,24648,6852,417531,491923
4259,5518,57187,22833,6445,387884,502274
5185,5500,596499,43000,7074,222237,900883
4240,4648,95183,23667,6907,414555,585181
9111,7444,357274,25889,7315,310296,740440
4444,5370,44013,25722,7185,396318,499737
4055,4685,565214,39241,6741,225688,866328
4499,5704,67009,26111,7111,238693,387923
9314,7241,523951,23574,7260,238451,826273
4037,5500,35357,25481,7593,247900,347442
4129,4556,58077,53019,7796,1109027,1254307
3796,5223,59371,23630,7055,241312,399516
9259,6722,223018,33944,9519,381885,684014
4296,4593,19553,26111,7352,237982,317906
3982,4833,65144,32018,9056,446094,578090
9463,7407,58383,24500,6907,247486,370646
4889,4962,102289,31852,8851,273450,470423
7851,6519,308527,42537,6166,335303,723718
4370,4741,44840,65945,6740,340028,483849
4297,4722,57430,41093,7185,190864,323110
9648,7056,57947,32185,8778,262921,433831
6981,6000,202575,25204,7537,362218,625830
5093,4777,49963,27851,7760,271332,419442
6389,5629,60997,106797,5703,327759,527812
4704,5148,63236,62278,7092,225707,388183
9871,7444,107716,24166,7204,252967,425702
4333,5592,28418,31389,9018,234581,347831
6351,5871,618730,23407,7093,261153,941420
5518,5130,63525,24111,7537,264547,390090
9851,7148,71746,31352,8777,219253,363757
7036,5852,282132,95130,6537,380197,795513
9055,7037,40631,66055,7000,280182,427553
4833,4667,61887,25037,16389,217944,349220
6370,5852,56516,32500,8778,228686,377461
7352,5556,154347,28148,7481,232132,485312
6796,5889,34382,23889,7111,239023,334942
4444,4871,64843,48444,7130,384339,532016
5407,5333,58767,26130,7370,231879,352109
8888,7185,113284,24315,6500,237455,415405
4685,4630,34023,32796,8796,236198,346091
5166,5426,51539,54445,6463,430531,568941
4259,4574,55945,32093,9833,248683,392628
9203,7518,117573,63315,6685,387683,608959
4481,5278,4052,27407,7537,241761,316479
4278,4981,34143,27111,7000,261040,360461
4277,4667,63085,79000,6093,369337,564681
8796,7352,68083,61760,6777,268451,440571
4315,4814,244378,24000,6223,236045,586108
9148,7389,34802,31426,8871,236621,354035
6037,5537,63208,53389,6740,379568,575089
8944,7074,58725,61778,6722,379143,539238
4371,4592,125852,27000,6611,233257,416720
4759,5370,10795,24148,7018,245167,321405
4926,4982,398329,33704,6185,272129,741940
4481,5055,56291,25111,7000,243578,361034
5370,5426,98493,22740,7130,337745,492904
4315,5056,172583,32370,8611,226544,467275
4704,4611,33489,38426,6981,228898,360702
58203,5333,48043,23963,7370,420843,581589
5222,4926,62541,61463,6518,220698,422035
8982,6759,218668,29778,11445,253661,551719
4518,5296,781777,25871,8037,414456,1263918
4500,4685,67553,90796,6686,293518,527663
8796,6759,55274,32537,8667,284539,414942
5241,4926,2982770,62000,6612,348320,3468387
7944,5556,228847,51963,7259,423167,738940
4833,5333,57842,31408,7722,400303,556496
6463,5777,55896,22852,7037,221917,335590
4222,5277,75468,31260,8592,227975,368183
4833,5149,227484,61334,6703,224957,583812
6611,5889,44168,24334,7444,381329,525201
6129,5445,65481,23444,6074,216851,340702
4500,5019,55683,27259,7981,196816,347184
6611,5796,182070,33630,10463,226316,481034
4185,4629,39846,28111,7537,377078,511626
6462,5574,62937,31037,9055,454375,584700
4222,5203,68305,24593,7352,510895,655885
6445,5759,128562,25297,7814,291435,480701
4278,5037,29486,22963,7519,240363,327202
3870,4945,66355,46518,6204,350161,527386
6556,5796,56631,63241,5111,225108,380906
4018,5037,87036,23574,7315,216406,393294
7408,5629,291590,85019,5907,320776,733274
3870,4444,39996,63704,6685,278020,414182
5277,5241,55605,26074,6981,377319,528311
6444,5870,66010,32723,9518,221673,357312
3945,4611,127712,61889,6740,225990,448016
4389,4611,601728,25649,7481,480376,1141290
4222,4834,62949,45018,6463,391363,564645
7000,6074,64447,35926,9722,221273,363053
9370,7408,114779,26944,7630,241385,467738
10685,6444,730166,23148,7555,301662,1100252
5148,5259,57719,46167,5833,387222,527089
4593,4759,58329,23537,7314,238337,354776
4907,5037,91512,24593,6926,297652,442942
5482,4926,3491,33074,9056,231544,309165
4222,4778,36082,47815,6426,262712,406054
23814,5667,33747,66370,6870,354751,507682
5018,5149,64263,24315,7278,218882,341776
4592,4778,196947,27129,7315,262476,518719
4556,4870,109353,22333,6963,1194269,1415511
8981,7556,58388,54111,5870,720404,873217
4389,4981,58515,61611,9871,228649,386127
4129,4630,133125,34370,9037,221669,423220
4574,5296,16826,26000,7056,244098,329387
4037,4981,513843,24389,6500,241837,818088
4518,4889,62193,63981,6686,226508,413368
8852,7074,90358,24111,7222,307232,463979
4148,4648,160948,31111,8722,308919,534645
4093,4648,39169,69666,6297,317976,484960
9203,7333,418501,62703,6574,449309,977438
4370,4889,68721,26222,7037,323203,473997
8759,7222,271349,32944,8741,455258,801421
4185,4629,33106,26389,7407,238096,334720
4630,4963,81326,33444,9204,421837,614515
9203,7482,62342,22371,6944,247285,374312
4315,5055,105526,30871,8444,234990,428016
9185,7481,13265,24648,7222,244271,328053
7315,5778,52985,31889,9370,221735,351350
7704,6555,53743,22796,7056,339588,453090
4667,4907,76574,30407,8575,276886,418442
6148,6259,225239,23407,8056,257017,541960
4092,4760,71477,23093,7148,305816,436720
5407,5240,57791,32130,9018,216448,340868
5185,5555,72363,22370,7408,316875,445534
4481,4796,247380,53666,6852,325006,702366
9203,7389,44192,34908,9315,286305,415923
4333,5592,73672,40093,6667,417695,563330
4315,4648,56800,33092,8667,258291,403220
9370,6945,109260,25260,7629,211886,387201
3963,5204,31518,28574,7852,242221,390146
9222,7426,38054,23000,8388,239130,349609
3851,5352,54163,26852,7111,347075,460682
4240,4519,90068,23129,7093,301633,446127
3814,5593,1696,32833,8871,237802,363386
9148,7648,754194,45778,7092,423910,1264474
3889,5426,54858,24482,7667,348342,460460
3944,4852,488709,31907,8945,220176,815718
9130,7574,122151,25981,7130,248754,437720
3981,4481,36687,24204,7851,244682,346072
6685,5926,739036,23426,6963,250457,1071179
8926,7518,398702,30462,8852,222017,693015
5259,5203,33440,25963,7352,349965,449775
4259,5056,201660,33815,9537,223503,494423
5536,5408,478510,25056,7388,383078,936142
9333,7648,55934,24222,6982,193860,314238
4963,5055,91562,26186,7333,198991,385294
8463,7185,5449,22297,7518,264086,349628
7277,6056,38503,31166,7093,286236,396794
8871,7296,54686,52056,8759,224626,374887
4592,4945,62406,32630,8593,265684,414553
6370,5833,127812,24908,7259,290611,541015
6944,5575,44162,24074,7240,240336,346332
3833,4685,61049,30389,8852,440985,577959
6408,5666,56436,64130,7056,217524,373480
4074,4944,106730,27574,7686,194267,394386
6259,5778,13414,32611,8704,232899,319184
9167,7314,48283,25518,7537,474881,588330
4314,5000,64151,24204,7129,208996,329257
3963,4592,71834,26797,7777,275072,408572
11221,7186,236943,24759,7371,199165,502182
4036,4463,46238,22574,7574,248168,350164
6370,5629,52495,61130,6815,426483,609089
6704,5814,78531,23166,6723,259152,399350
9241,6740,179992,27796,7518,196007,442535
6610,5649,43359,23278,6945,242638,347627
9611,7518,64006,49926,6260,349472,506090
4314,4704,60967,23111,7334,257882,373609
5167,5314,111058,24722,6834,273569,441442
3889,4537,20185,24389,7537,370942,451738
9407,7667,53369,22833,6685,228111,345405
5814,5870,57145,21963,7222,233557,350664
9463,7481,70903,62426,6796,224892,396683
4462,4556,278178,33500,8981,343485,701144
8667,7185,834379,22834,7592,286910,1184660
5666,5704,181174,39870,6797,226749,484793
9666,7130,807135,23259,7148,277229,1167252
6926,6056,203892,26686,7518,199031,466479
5537,5129,32724,24093,7037,240348,333905
9092,7241,443814,43130,7185,419458,944512
4925,5389,60369,26111,7222,199537,353127
6130,5740,29108,23555,7130,387630,497608
5203,4982,30846,25241,7296,240837,350498
5907,5407,45345,22759,6667,227339,330776
5444,5445,52250,32666,10519,228581,355461
8685,6889,82563,24944,7315,236083,381072
5278,5111,176302,32185,9148,218937,495609
6277,5389,39504,27092,7019,377883,505145
5833,5796,469743,44092,7371,351048,913735
6019,5333,64463,62481,6852,216294,376980
5556,5796,284868,41945,6333,445349,808236
9666,7222,33200,40445,6611,226465,341998
4574,4741,58012,32945,9055,372726,536164
6222,5629,550029,26556,8148,365021,1013346
5111,5074,120639,33037,8518,227341,417035
8889,7463,193840,24463,7445,200972,491071
5611,5426,51450,23370,7241,353325,487312
6259,6056,55800,32092,8519,256346,401257
5815,5500,88020,61963,6889,226940,410276
5111,5407,293481,47519,6259,400830,775699
9185,7389,41979,62371,6851,318667,486960
5093,5296,64107,136778,6444,264483,507405
5999,5500,56939,60926,6444,257522,410293
5166,5352,821492,25351,7000,350298,1248640
8222,7167,376157,24833,7241,382597,847236
5537,5704,564191,26037,7204,285044,912032
8166,6982,442153,23037,7167,238935,775495
6130,5426,123280,34241,9074,336365,556978
5148,5055,358853,62611,6778,246736,739866
6222,5703,51111,32259,7685,215425,337535
8463,7056,60590,24426,7518,356296,484479
5981,5222,89996,30870,8630,220910,377349
5277,5260,191549,61407,6667,216614,501756
3962,4593,30325,24481,7519,243543,386349
62943,5556,47509,23814,7315,226508,393775
6408,5555,66525,32778,9315,899913,1042753
8647,7278,132060,63463,7297,215363,449812
5388,5574,725355,24592,7556,216140,1003105
8703,7037,57075,55167,6407,323663,510182
6703,5760,550628,22482,7148,233829,844328
5444,5611,109053,22518,7278,256871,425738
9074,6907,18403,32537,9074,230984,326553
5777,5241,37160,23426,8055,477559,573848
4203,4778,56047,32982,8166,238988,399923
6926,6018,76304,26352,7371,284489,426497
9426,7074,243858,25296,10241,225028,555441
5833,5389,40189,24852,7352,294493,395423
4370,4852,52947,67611,7222,393272,547033
9445,7111,64926,23889,7222,200942,350739
6259,5389,183906,63167,4907,236295,521497
9462,7241,21775,27426,7333,239390,347238
13314,4482,35606,24518,6908,216485,319035
5093,4870,77104,23630,7833,267209,401776
6722,6278,116084,26555,7648,199711,378146
4222,4740,34712,24518,7500,242491,335405
4130,4814,46655,51870,6204,417361,547867
10333,7352,56948,22889,7389,240957,362405
5481,6037,81447,33852,9444,224644,376720
4907,5185,251297,68111,6963,383162,748236
6648,5759,37073,30944,8556,350202,457757
4592,4704,55015,24352,6167,221390,335294
9241,7629,192902,25797,7666,296966,557312
6425,5778,290937,24130,9222,375577,740384
6000,5556,40565,24703,7297,237618,341202
9018,7204,57637,46241,6537,319971,492886
5629,6037,58617,35055,9315,235104,369257
9482,6870,89133,62167,6741,217642,432813
9278,7537,244224,25000,7203,200144,510775
5092,5407,1993537,37629,6556,230932,2320690
9389,7685,60072,24463,7426,349351,526164
5759,6278,91459,31648,9204,229668,413238
9000,7092,255124,26963,8704,429668,753125
5037,5741,35566,24704,6667,255394,354517
4945,5222,53101,31426,8778,221248,340072
5074,5426,62785,31537,8426,223342,356202
5574,5278,133950,26148,7629,326677,549516
5259,5518,61263,24740,7519,298957,424627
4352,4722,58520,30982,7666,449144,575330
5148,4981,63278,63111,6685,292424,504404
5277,5852,103591,28222,7870,233611,400423
4574,5056,19070,24426,7629,241003,322850
4259,4630,51735,50204,6185,365040,524720
5444,5685,58955,34037,8315,237876,389442
9111,7315,76490,22704,8185,297674,439571
4537,4704,301969,30963,7834,443359,844458
7593,6463,1470449,23759,7204,220244,1752546
5129,4704,77855,64704,5222,312827,488534
4000,4667,59575,24333,7593,244737,359591
6111,5981,195611,31870,9870,218832,482904
3777,4426,25701,24797,7648,333037,429904
5981,5945,57829,23148,7426,438390,554719
5185,5703,52735,30204,8685,243374,365738
8981,7352,97899,26686,7611,235931,399868
5351,6000,796268,23741,7629,296411,1156419
8129,7075,45729,44796,6241,377305,531997
5130,5444,56431,23111,7518,250938,364183
4870,5259,34281,33333,8834,241161,345072
5129,5426,180853,25444,6982,228163,466682
4241,5000,34777,30370,8408,352220,453553
3815,4722,56053,27685,6389,223186,340091
9759,7389,53996,26629,7500,263817,405905
6999,5963,185976,23555,7463,230337,476571
5888,5556,28159,22796,7204,243932,330627
4593,5111,62545,32519,8963,425581,553812
5277,5019,55747,30463,8574,239843,359775
5315,5481,117635,23537,7333,330585,505775
4037,4518,8059,27185,7537,285088,355701
8518,7148,41835,51667,6129,335126,503034
6500,5648,54684,24408,10926,197795,314887
5370,6092,79738,31630,9333,220668,370090
9777,6870,310700,46629,7056,377944,787754
5944,5278,43994,51092,7889,349096,540108
9111,6907,58196,28352,7426,223432,369165
5407,5334,333193,33148,8926,233655,654293
8463,7074,135229,26092,7259,348824,549497
6315,5870,32894,30981,8574,237661,341369
9166,7463,62151,30723,8444,331828,467127
5611,5056,55353,26611,7444,219886,337221
8907,6537,363332,30000,8686,256700,691811
4222,4778,197330,30019,8315,257129,554108
6481,5463,232495,23704,6815,393352,688236
9407,7074,62327,27519,11000,256800,391590
4333,4445,95251,25129,7297,247469,421127
5888,5426,217805,33333,10389,216341,504682
8352,6592,39433,23574,7648,312732,416090
4426,5111,56764,96185,6685,254956,466349
9167,7129,65873,34167,9593,264828,410442
8667,6777,123613,62685,6759,220497,444313
4851,4833,53944,26518,7278,240703,357183
9000,7241,57053,53388,6852,351186,516497
6574,5648,61088,62703,15056,237410,409164
8203,6333,101383,25722,7370,219968,384275
8852,7333,11751,24778,7537,243025,357424
7037,5611,42138,27741,7500,231415,339628
5148,5667,57210,35222,8500,209770,337369
5925,4963,95097,24612,7222,212475,367553
9444,6944,167503,25722,7704,349087,581848
4537,5130,36427,36185,9018,348219,514609
8499,6334,57239,29389,10093,349517,478460
4204,4463,52589,26297,7259,248205,357906
5203,5667,931421,23500,7611,201850,1189993
4037,4592,32160,41593,6740,246005,354127
9296,7037,433213,45297,7314,416522,938290
4166,4445,57082,25815,7425,266472,382109
7759,6500,104450,31815,8981,329066,505311
4055,4556,425264,24648,7092,299177,786440
4777,5704,42780,31611,9426,232292,395349
9796,7815,54482,23278,7426,339941,460905
4204,5518,73925,32556,8240,267721,433164
8741,7259,655052,52833,6945,327404,1101531
6129,5815,36662,25259,7297,285725,412442
8833,7259,59715,25037,7037,218913,349923
6129,5630,53010,32852,8815,228543,352868
7704,6611,200637,63519,6518,327211,669719
7778,6481,25192,25000,7055,793656,890365
8259,6889,70393,52093,7055,324179,512849
6611,5926,57113,64649,11333,253958,418294
5259,4908,119426,28111,7037,282608,467461
9241,7389,272776,23852,7704,201165,537608
5667,5259,47775,51833,6259,352797,488442
4610,4982,44736,23018,7019,223503,359812
7611,6241,85030,25000,7204,346874,493886
3778,4833,298862,25425,7945,355820,717477
8944,7445,39434,24000,7166,285749,390016
4555,4852,57191,67519,7018,400861,558515
7963,6852,60597,34833,10056,271549,407202
6259,5889,125021,26648,7426,335569,540868
6518,5685,747260,23351,7149,468029,1275048
8648,7574,56721,52685,5926,345092,508516
6740,6148,246719,22963,7074,320833,651218
5796,5667,121124,22519,7370,305540,504997
6445,5685,4419,24351,7334,245061,311221
4722,4944,54380,22648,6093,231248,359331
5815,5296,60971,22278,7833,195379,312536
5148,5759,88839,24204,7426,276473,423127
4148,4648,178023,23777,7352,239883,471960
3981,4648,63354,23037,7445,347310,503089
6129,5556,58445,26240,7815,447941,580422
5389,5445,60276,32833,8926,227166,358443
9351,7556,123626,62055,7112,218704,479719
5815,5462,19051,26796,6852,239226,337683
5222,5203,59289,89871,6370,386948,569367
6407,6093,55194,33167,9037,284655,415275
9111,7333,95656,62203,6760,227305,423145
5074,4870,18358,32407,8759,230622,318868
8203,6926,38374,47463,6334,273234,397664
5870,5352,55372,66019,6685,295051,463793
6296,5371,71611,34185,11093,280812,428127
8685,8018,1068850,23704,7018,524252,1674842
5351,5260,33737,31722,9130,366797,470849
9241,7129,57940,28314,9037,352966,493312
5815,5407,51826,24297,7185,266801,378294
5240,5482,116046,27259,7389,302192,482941
9166,7611,754730,25518,7056,245801,1067808
5333,4778,38542,38519,9426,637508,758681
8482,7222,55893,24722,7315,232735,389387
8444,6593,193409,78445,7648,1330451,1643935
5667,5462,36001,38425,9667,224887,389090
8351,6797,38387,26444,6611,237834,344461
4833,4704,56145,31870,14574,251668,383757
9370,7351,74236,25315,7407,395762,551941
9556,5926,30844,25704,7463,406134,503812
4852,5500,39731,26593,7259,282341,384794
4147,5167,2245896,23370,7352,255793,2561373
7963,6759,88487,67574,8389,240566,437219
4092,5186,247281,24537,7093,227215,551071
6851,5760,53372,31592,9334,365884,492312
8519,7333,63482,44685,6870,437423,584386
5185,4797,454738,24796,6926,232165,748496
8426,7185,80903,62741,6593,221353,402664
4481,5074,3162,24444,6981,242486,320646
7148,5777,40604,31556,8037,226672,338146
5167,5092,60213,25185,7556,380025,498812
4759,5389,287414,31963,8685,284508,640626
4333,4482,243801,24445,12703,447176,786680
6481,5593,40281,27093,7796,302346,408979
9148,7482,55761,23037,7648,222348,343554
4352,4759,53870,24722,7204,240406,350331
5037,5500,230849,23963,6056,259962,549200
4389,4592,39478,24204,7388,289187,389053
9833,7481,53217,23240,6389,223467,341257
4241,4592,50326,25185,7204,296617,403646
4888,5241,122935,25148,7556,265747,446738
3907,4426,9414,23167,7130,247435,332461
6722,5796,49172,47111,6759,367881,500126
4074,4500,61855,36686,8777,204477,335628
4537,5407,66057,26167,7741,293996,434275
6315,5463,205814,24111,7260,203405,468572
4481,4630,33183,24630,7240,484888,586941
4796,5444,2382940,51259,6667,318118,2801483
4129,5371,67531,27315,7351,209486,360979
9759,7444,185067,26759,7333,242116,497645
9018,6556,19953,70630,6963,268951,403220
4185,5407,57896,51241,7500,419805,563330
8425,6852,57431,26760,7148,199715,322072
3871,5388,267263,26333,7426,456511,800736
7889,6666,287279,23723,6111,256217,609311
8203,6797,39740,39222,6704,858939,978624
7648,6333,64406,26722,17481,320963,474071
6759,5963,74088,32426,8722,227243,370257
5796,5296,305068,68704,6481,476131,887958
4630,5407,36603,25797,7129,345820,469386
5778,5388,56176,62074,6759,326415,509386
4944,4630,56692,33129,9445,266361,390757
4371,5907,638579,88481,7834,374673,1146716
6944,6000,33559,41092,6852,226588,339887
3907,5259,56927,25667,6389,465755,578941
3889,5388,60018,22815,7778,203480,352239
6370,5315,108627,31889,8574,323130,525331
6685,5593,318847,45704,6963,447018,848347
9425,7537,50068,31000,7278,382652,530645
9500,6963,59269,23871,10259,227413,354757
4648,5537,239250,42111,6777,231489,548867
8351,7056,296507,33111,7889,444822,813402
6648,5648,38227,34685,5982,324881,446034
14982,4666,33040,65445,6759,313476,457646
8259,7000,56168,24666,6871,201571,319220
5963,5296,288536,67297,6722,319663,712218
4685,5500,370257,32814,9037,360035,800051
3888,5222,72755,45148,6926,336909,513478
5925,5815,57383,23296,7519,279263,399182
8722,6796,106029,25463,7593,228987,397794
4926,6500,417675,23593,7333,254543,737941
9333,6944,41896,50685,6333,464139,631329
6685,5815,53690,23685,8000,242716,356517
5629,5852,81337,25092,8278,340976,497145
5759,5333,273723,26352,6204,370032,733551
5296,5445,42054,33019,9129,374924,489071
9111,7611,84757,52889,7314,317741,523460
5519,5407,54496,30722,8870,885462,1007606
8963,6740,162327,63593,6944,341077,605404
6574,5685,36789,25888,7575,293839,395665
8926,7352,61638,70741,7222,321656,532257
6296,5685,53099,62648,6778,319232,470997
4241,5167,280097,27778,7888,375918,753755
6204,5518,6837,24018,7259,245329,312943
4370,5259,50223,51611,6075,403792,536756
6296,6166,55148,24129,7278,231629,378886
6111,5426,82738,25537,6908,286444,428887
4815,5352,199624,23889,6834,204057,459090
4333,5592,46457,22852,7444,285616,389312
5241,5685,54862,23685,7296,221599,352813
6204,5296,57657,27092,8037,241490,361535
4759,5408,271469,48759,6908,332212,699070
6055,5444,65227,23704,7222,345289,493275
5370,5463,54318,48537,6722,336884,486460
5667,5148,54075,27092,7685,199164,314109
4444,5296,107851,23352,7833,286573,450553
5851,5667,293645,55574,6222,413332,829532
6185,5259,39940,40055,6648,224114,340109
4222,4963,53456,23778,7889,238023,347646
4018,4704,78380,34223,9111,228247,373109
5519,6111,580212,26129,7074,193413,832958
3852,5222,236469,24556,7240,279713,574460
4944,5592,60375,27260,8148,458122,614348
6833,5870,57059,32685,8870,228829,357905
9444,7222,104834,26074,6815,193442,362831
5018,5148,27592,33592,7297,232943,330035
8666,6519,53497,53296,6389,404648,598496
8203,6648,59921,22723,7259,245114,366812
5648,5389,109030,24833,7000,222153,392738
9204,6870,427806,24574,6982,388855,884032
5685,5333,42694,23870,7611,240435,343683
4092,5389,53618,23963,7166,351529,486423
5833,5870,80079,22981,6926,240068,411386
6871,6055,184095,34574,8926,245328,500720
5777,5889,38445,24223,7463,375385,486534
14167,4277,29833,42592,7352,204203,317017
5445,6037,585570,26556,7667,501867,1187419
5925,5445,178050,31815,8778,260335,506200
4574,5389,684585,24648,6149,268686,1010698
3888,5389,1319917,32537,8852,269573,1675749
6111,5482,59322,24834,7592,201954,319980
5778,5648,117488,26314,7500,246659,457424
5388,5408,4819,23500,7463,246161,313220
4407,5370,48151,53148,6241,457086,623477
5574,5481,58334,22518,7111,244924,359886
3926,5333,86721,22204,7611,317480,484498
5481,5556,183867,25463,7315,202334,482645
6111,5778,48217,24296,6870,330707,487497
5388,5537,64882,27056,8148,226542,355146
5740,5445,55695,23259,7518,231933,343775
5315,5759,126267,25204,7130,203804,388683
4444,5241,41524,22204,7556,248418,362979
6814,5648,55967,22889,6000,219828,335386
4463,4704,285057,32982,9685,232976,603886
5611,5277,97982,22852,8000,350386,507404
4388,4852,13610,23203,7593,245778,316905
4296,4481,35608,30482,7611,233149,351294
45407,4278,48366,31648,8000,437483,590664
3962,4556,79548,23815,7648,1346999,1481917
3982,4592,196084,36148,8852,271543,558442
6130,5722,66248,30167,7981,274564,408738
6037,5851,54914,34833,7630,228159,354627
3944,4574,58578,50019,6777,242605,382220
3981,4389,122613,28556,7518,222144,403312
5537,5574,21630,32148,8815,372238,475608
6370,5426,63257,51945,5815,423091,571256
5130,5203,60404,65093,9259,242501,407627
10555,8056,96217,26166,6759,237374,434405
6203,5649,340900,33722,9352,357762,824088
5704,5555,33806,53241,6370,326414,448887
6036,5278,62452,34445,8944,217713,350201
4092,5056,75524,27500,6981,262455,398831
8389,6777,284467,27519,8037,447954,833051
6648,5463,38224,38426,6926,248051,362776
9425,7334,551092,27111,7741,238032,859754
4370,5259,59572,64019,6796,265870,444515
6259,5500,283070,50685,6130,324333,719866
9259,6963,19402,25852,7648,241893,328443
3981,4963,54752,36908,6148,359041,519701
5981,5370,56861,34963,11074,222952,354183
10000,7222,582433,26222,7778,358006,1034568
6463,5629,227969,33463,9870,248751,547423
4611,5315,40930,55204,7000,418382,559905
6148,5630,57317,31111,15037,261792,397331
9888,6796,596852,31982,9055,225958,897624
6685,5500,402517,40074,6574,228702,708496
4277,5000,44515,26963,7759,251780,357831
3852,4481,172809,31963,9185,232726,474108
9074,7352,60937,25556,7259,302061,428776
5796,5686,117324,32407,9407,341840,532682
8629,7148,28823,27092,7889,238861,335887
4870,5537,705524,33018,10037,282692,1060827
4167,5055,61615,35129,10037,228069,364553
8852,7000,111576,26000,7222,219718,395924
5685,5555,199000,24574,7352,218868,480960
6796,6185,42387,26074,7741,245740,356035
4833,5481,54145,63055,6630,451426,602885
4593,4870,82439,25870,7556,301836,506368
5536,5482,197326,62129,6519,316522,610459
4018,4741,72120,27278,7611,326451,481349
5296,5482,59803,34148,9445,368008,503979
4055,4592,58839,26371,7277,316918,437590
5259,5556,180355,26185,9333,228198,493479
9518,7629,5928,24870,7167,246293,370571
9204,7740,53889,49056,6648,432034,575645
7129,5556,31812,27297,8018,210760,309850
4000,4667,97866,32333,9019,237872,400757
5277,5870,192754,26055,7519,285299,562404
9167,7518,39733,31130,8889,254005,374702
5277,5463,60306,49889,6518,408340,551145
4167,5000,69729,26797,7518,294824,448998
9852,7148,609301,32982,8333,233064,918735
5574,5370,29967,61037,6815,318216,499108
9759,7611,55353,28500,8019,418625,564885
8481,7204,65259,47722,6593,227516,397627
6444,5722,158220,25204,7352,292370,510978
6444,5278,16644,33018,9130,269132,359109
4611,4926,53198,44944,6296,358466,489423
4426,4778,54047,33352,8482,225524,381387
7130,5870,101065,27296,7463,243118,407016
4462,5019,191618,31852,8685,248583,507034
9796,8519,584320,48500,6759,423341,1098920
5056,4888,575170,50148,6611,340880,1033550
6537,5741,72760,32408,9389,228978,372035
4556,4833,267611,39259,7759,401237,775570
6574,5666,38405,39889,6278,351796,466071
4389,4537,55477,32519,8944,408353,529479
3851,4759,52865,25592,7723,196800,340849
6555,5926,115159,30629,8926,222339,405905
4592,4556,33008,37019,6092,232082,369479
6148,5482,44192,53926,6500,402934,537478
9296,7352,55412,63686,4518,238530,395757
4537,4925,117430,26444,6907,263995,439886
4481,5185,243039,32629,11371,224421,569552
6555,5630,34148,26537,7481,241721,357220
4851,4649,59405,33814,8445,210186,336442
4333,4666,261848,30666,8649,263982,592181
3926,4555,269994,49167,6148,444668,827421
6240,5556,36992,27370,8000,370969,472108
4315,4778,58156,26334,8907,420803,573978
6037,5444,54211,23962,6982,267139,381886
9574,7074,121301,33685,9333,235104,430793
4037,4611,34058,39389,6482,228458,336220
9407,7333,45798,31241,7592,223349,376812
6481,5963,52926,47703,6408,364905,502182
9463,7222,82775,27148,7649,261574,411849
5074,5093,324699,31426,7963,400315,790514
4741,4814,30846,63833,6056,371929,499867
8703,6889,55770,32704,8703,201581,365294
7056,6185,77138,27204,7407,281156,422294
4055,4463,268007,66814,4834,349544,716625
8556,7240,39950,33740,9019,276659,427479
14537,4592,726022,24537,7722,210750,1004031
4500,4852,1514315,30056,8759,304488,1888267
8574,7259,246518,34611,5945,390237,711126
4130,4814,32128,32111,8592,233612,334072
5259,5259,55847,51556,6611,364076,538348
6759,5870,226679,25241,7870,280910,571496
4055,4426,104307,25611,7481,330413,552145
8870,6963,9490,36333,6000,232471,317350
5222,5019,35784,44260,5926,221972,369850
6666,6093,61523,23130,6796,200271,320294
6815,6333,64336,23778,6815,202458,324702
4055,4741,246205,62685,6111,218736,560182
4889,4907,668036,31056,8370,233310,1001087
6444,5796,58553,48297,6148,622646,764014
4110,4593,62922,26685,7333,265113,386071
4259,5185,224716,46500,5870,386614,697292
7259,6389,46140,25167,6963,359098,505090
6408,5851,57324,25426,7426,435266,553534
4889,5093,415803,24629,7371,521358,1014365
5759,5797,110283,24222,6666,240141,411757
8907,6908,580725,36463,6074,234307,891125
4814,5000,38409,49648,6167,433995,587644
6073,5741,56852,25185,7259,340942,462089
9259,7352,70942,24833,6889,201445,370201
5944,5408,208181,62611,4648,248779,555997
8148,6759,40290,25982,7092,293856,399479
4204,4814,58122,24130,6055,230377,345776
4092,4667,58935,61962,6093,219119,371127
8518,6926,112766,27463,7111,236362,448664
6407,5648,29339,33852,8907,233215,335313
8852,6555,469670,31278,8648,244141,790162
8111,6982,590223,25519,7574,278863,934217
5407,5463,96703,25148,7389,304850,459997
4740,5500,198164,32908,8704,227888,492145
5111,5259,31570,27130,6092,321761,416109
8963,7055,57272,66519,6444,446039,608237
4296,5093,80974,46314,5926,287969,449757
9666,6685,2677619,27278,7871,251085,2997834
3741,4666,44174,33815,9518,250010,364646
5555,5352,56968,84704,6296,333474,510182
8462,7037,49337,24741,7222,287402,422478
6722,6000,124298,32315,8481,230682,423405
5536,5204,8629,24963,7130,241165,327331
6296,5796,254887,32870,9500,270369,598459
5648,5611,56552,61778,4629,248076,422090
6314,5852,89568,29389,7556,289281,447108
9315,7037,247399,35333,8686,224615,581645
6463,5574,86342,63870,6297,241396,429146
8611,7055,55729,29741,8519,379508,506812
7944,6703,72228,31926,8759,286289,461312
6407,5815,72670,60981,6371,422548,600163
8685,6797,37612,32185,8704,251237,362961
5555,5556,482703,25481,7241,409328,955198
8167,6907,52257,49000,6148,272204,410016
6445,5592,129218,60778,6000,227835,488701
6852,5870,15235,34167,9185,285559,377017
8630,6778,57770,41055,6000,430005,578849
6167,5796,51509,28519,7629,256137,372091
4722,5111,99599,47389,6204,224583,436923
5666,5445,194579,32926,9037,223807,487719
4352,4592,37522,37204,6074,229846,354387
48926,4203,54354,52259,6223,327773,513720
8741,7277,574982,26981,6630,451568,1095086
5018,5278,200442,31704,9037,234203,501608
6592,5796,40589,38981,6074,249595,369775
4759,5111,57902,32259,8407,352744,502738
5129,5019,56807,25278,7666,306765,450405
9111,7408,122472,26963,7759,284044,475664
5315,5241,23544,37778,6296,231565,331554
5407,5482,58209,50889,6629,452084,636681
8759,6908,56911,25981,7389,340087,464961
4296,5629,98947,26185,6870,249422,410146
5796,5870,646981,34093,9518,257477,975957
4426,5315,33979,49889,5907,220075,340424
9796,7926,58811,30648,9148,357612,490793
4074,5259,74346,65445,6407,226096,398109
8574,6944,259733,49722,5852,434448,780458
5833,5555,62102,59852,6222,245785,421553
7036,6037,61841,52185,6408,388693,540293
9036,7148,52154,25926,7667,302381,420275
5277,5445,119429,24482,7018,267031,479423
6259,5666,33706,24500,7796,242608,339164
4815,5241,59240,44130,6426,392923,530905
8888,7056,52387,24981,7260,227500,343220
4425,5334,845607,25037,7203,290553,1223122
6500,5759,248976,23815,7148,260521,569015
4185,5593,35789,51259,5870,984983,1105161
9666,7148,53158,64962,6260,353414,512274
5796,5444,75341,25481,6871,202898,339183
8796,6944,4172,24463,7371,416084,485497
4982,5185,38966,24223,6851,241532,338850
4240,5408,51205,46593,5944,406514,536200
4907,4963,60870,46945,5889,224257,397331
6851,5982,126461,26518,7556,263574,455182
8666,7056,10403,24723,6963,243964,319479
4482,5555,55235,37815,6241,451632,609904
6296,5704,56159,35259,10685,223191,353016
4185,5296,91583,27537,7889,292007,447108
10148,7167,6656,36055,6296,233177,318850
7740,6667,25913,31926,8537,353881,503663
5630,5722,52152,25092,7019,331475,459460
6352,5666,62372,27130,7519,198144,325443
9148,6759,216278,23537,7371,260997,542034
8296,6907,49332,61722,6203,345962,495423
4834,5555,52052,32796,8667,452334,570923
5888,5445,58643,63351,6648,221837,380646
8740,7074,123715,26759,7667,292097,505386
6815,5852,11805,26426,8426,241026,319813
9222,7426,52933,37519,6222,414471,544349
4592,4815,58580,33444,10297,224677,352998
8500,6666,92967,24574,7204,229772,420757
6463,5741,195705,30130,8944,370569,694792
7389,6629,397667,59018,6334,273643,765218
8074,6852,55535,62037,5537,361203,515145
7426,5963,66385,33018,9148,226521,366072
8611,6833,167735,24463,6871,240429,504349
6629,5926,39159,30500,9074,254284,363646
6667,5796,51583,46167,5926,441876,575830
7888,6926,59415,59815,5981,222269,413127
5981,5537,126191,33519,8907,248047,447053
8629,6963,18282,28518,9222,236773,360498
6018,5389,53150,30833,8667,358106,478812
5611,5426,49593,61907,4815,231998,376702
4889,5296,843091,26926,7685,428383,1351048
6167,5500,194867,24740,7260,285019,539386
5648,5056,38513,50296,6000,329818,487442
9204,7222,60493,61611,6092,337357,494849
4740,5278,74880,24889,6778,350525,482886
5055,5315,162507,59445,6037,262230,516608
4093,5759,35765,26611,7685,291196,426275
14852,4833,44708,31333,8537,462030,583089
8907,7056,54409,33037,9408,257218,385072
4870,5426,121315,49741,6518,223646,429034
9389,7278,28053,26630,7574,240019,335924
5426,5148,47052,51074,6334,430648,596497
6444,5741,52531,47741,6259,236504,370849
4648,5556,90326,25370,6759,297727,441738
5556,5518,338472,23908,6907,430690,828014
4037,5204,39322,24500,6944,239898,338665
5556,4796,55747,31777,9223,238307,395683
6463,5703,68467,63204,6852,257864,424127
4277,4741,381113,26593,7000,242475,684940
4370,5463,30297,33037,9074,278386,379164
4518,4704,71498,52315,6537,382110,571330
6352,5685,52608,62537,6203,269539,418961
4351,4611,126588,26018,7519,910239,1130789
5851,5630,34493,33722,9704,232060,339553
4333,4519,52509,44111,6537,332247,459275
4796,5389,56322,33000,10037,227120,385849
6093,5666,88006,27093,7592,245474,396091
4166,5315,178319,26333,7648,219531,493700
6333,5926,36577,63777,6389,285033,422053
4593,5425,59038,64426,6092,385478,575182
6037,5407,63814,33166,9185,273592,406294
4907,4796,218422,49186,6759,231871,535237
4185,5481,39310,26777,7686,319243,421368
4222,4686,58122,24019,8018,221783,337998
3852,5222,59510,60870,6296,881781,1064568
6259,5685,148138,27185,7481,227916,438775
9555,7296,11858,37352,6204,231418,321387
4074,5185,54838,51092,6315,379215,551238
6185,5481,55299,32166,11815,228570,355387
3981,5481,74630,25278,7982,302793,526404
8814,8111,706221,50759,6296,371143,1198715
9370,7148,29960,38148,6241,230668,338720
5870,5259,59698,26908,7092,263337,386831
4315,5574,68456,47129,6223,226579,407479
6611,5666,171565,26074,7130,221099,453108
3796,5426,209119,32944,9463,272360,585997
5833,5555,61321,47278,6315,336213,482515
4019,5500,53874,27630,7629,226606,342369
9204,6833,106780,31500,8815,232884,444683
6203,5574,607908,25370,7111,260476,930494
8333,6944,36369,27093,7814,241056,344646
3796,5444,128034,63537,6926,254482,505682
6240,5537,79958,25259,7130,230374,370164
4240,5463,207401,47537,6444,226115,545719
5777,5278,30676,25389,5982,244192,335294
3778,5111,56489,63241,6426,458896,611608
8815,7037,62524,24741,7426,230659,355924
5611,5018,158060,32426,9166,230123,490960
6407,5463,34095,60056,6407,326273,458868
7611,6870,67038,30963,7574,330423,475256
4740,5371,58183,48630,6482,226073,398646
6333,5556,122386,47370,6444,223742,426516
5148,5426,1835605,30889,7760,344770,2245246
4648,5629,58864,25389,6296,377152,489701
4204,5351,33251,31685,8593,233210,332720
9259,7315,77545,22759,7075,271138,445609
6315,5463,186432,62074,6593,223306,508053
9185,7093,36967,64333,6908,273493,417350
4740,5445,54983,63556,6000,434087,617996
6259,5574,52797,33518,8649,306960,429979
4685,5296,233369,65278,6370,415905,748329
8481,7074,35960,26148,7426,240816,343572
4407,5463,54606,68575,7870,365261,554701
6537,5407,57697,23685,6778,243801,359442
6444,5352,122750,33259,9686,304302,514441
5907,5537,8508,25537,7259,245120,315424
4537,4759,55043,40760,5111,375972,535238
6000,5462,58912,25296,6723,231438,348979
4852,5889,92724,32593,8685,270162,467442
5907,5426,388315,61241,6482,249606,739699
6277,5704,60610,31055,8945,366146,525830
9407,7130,59515,52630,6833,351445,521774
7296,5463,59199,30444,8889,234596,362220
5351,5426,168123,26389,7259,240671,503608
8685,7463,16844,25314,7445,308173,400646
9407,7555,659360,25241,6907,290061,1019290
8315,7352,50635,24871,6963,254769,389720
7630,6555,123338,33666,9204,232864,466183
6926,5648,12021,26870,6759,246126,323090
5185,5111,57963,49852,5907,381145,555552
6166,5574,54684,25556,7722,372480,487516
4241,5333,100719,25426,7371,241834,403183
9018,6852,237273,34463,8037,229353,575496
6389,5352,31252,41574,6852,229357,338961
5778,5351,55122,33796,8778,221006,380127
5963,5537,59730,25722,7982,240842,364776
8815,6722,208617,33444,8186,213491,495590
4407,5371,719634,28370,6130,265841,1049605
8685,7074,52133,30833,8704,407364,530127
5277,5148,57871,24852,7297,251460,368794
4259,5185,122165,25112,7259,243739,423442
4630,5240,28534,31019,8741,238871,352683
6648,5648,40106,40204,5185,222855,338998
4055,5241,53567,27648,7741,236357,350035
3796,5167,104565,24315,6908,266080,426572
4888,5167,717286,60703,6352,241634,1072975
6333,5463,38321,37722,6537,233344,345924
3945,5277,54542,26666,8612,380103,494479
3944,5611,72133,62018,6519,311328,514867
6296,5333,256427,37685,7352,415106,745532
9481,7259,30759,34222,9315,289684,399775
4870,5852,52386,48130,7222,390537,527719
8388,6537,53662,30945,8666,200041,323739
4556,4944,645827,48981,6333,381482,1112290
8685,6834,814806,33166,8778,382539,1278326
8185,6685,46842,51129,6926,359008,518664
7481,6185,58710,67241,6778,224769,424516
7796,6463,83819,33167,8759,231641,386794
4333,5241,240891,27778,7389,480845,784977
4889,5129,46242,28870,7334,751753,862717
4593,4759,57943,25556,6592,277166,393479
4445,4666,59516,30666,8482,224834,381980
7148,5611,216718,65592,6630,413093,730107
4185,4685,35512,33259,8852,253449,358201
3815,4962,58251,39334,5000,368265,494497
5389,5333,53027,26389,7296,229249,340794
3907,4907,127396,62759,6481,248566,499682
6407,5741,9523,26241,6889,245308,337591
6630,5648,53595,51074,6722,363643,504812
5166,4870,52001,24945,7148,278867,413312
6018,5815,93277,25463,6963,352850,533756
5259,4888,247998,34648,9574,200352,553404
5907,5463,73421,62834,6555,284595,479460
5092,5019,58753,26296,7907,420319,538534
4611,4759,496103,23981,6723,248911,800421
5055,5019,187156,61408,23166,240859,560145
6111,5685,37729,26777,6963,276899,377257
5500,5130,59819,33833,8056,375974,518497
5889,5296,49373,23556,6778,281791,388276
4796,5574,124131,60500,6574,222570,474979
6481,5148,26555,28166,7945,241128,332998
5092,5759,54794,32074,8778,351704,487127
5629,5167,57162,34296,8407,203929,329349
4611,5000,103271,62407,6408,251763,470015
7037,5278,299732,39037,6093,388411,761107
4352,4500,491045,34518,9741,287654,851088
6222,5685,56229,58889,6777,333139,481867
4482,4852,75726,27204,8074,227419,363887
5240,5389,170355,31259,9574,232995,503460
7370,6130,21427,61425,6315,243164,363479
5056,5351,57999,51130,6500,425646,566367
4648,4592,53998,26833,7352,269130,382368
3981,4797,116754,32278,9093,233483,414331
5611,5241,29030,37796,6371,233042,352165
6556,5666,59899,53223,6222,424875,571404
4667,5203,59713,25185,7315,233841,351258
4519,5185,510395,26667,7537,250989,841699
6093,5259,193745,23852,7111,291919,543627
5055,5630,32762,24148,7130,295884,388164
4185,4611,65816,61685,6741,457551,617089
4777,5093,74018,24981,6834,233239,399072
6185,5463,243997,54704,6426,317999,649719
4703,5667,32236,24982,6981,245188,337405
5111,5296,56660,44278,6148,402744,558423
6019,5333,434843,34371,8981,338226,870995
5537,5704,118823,24426,7445,290229,467609
4536,5204,230488,38019,6185,381489,697236
5907,5222,51709,25611,6093,483862,594756
4536,4741,1047706,61537,6556,324452,1492861
5648,5703,83390,32611,8686,230293,380998
4351,4723,183795,28037,7685,200332,443256
5111,5277,31294,38222,6537,242816,365775
14444,4555,28144,34259,8315,221040,325275
5296,5500,55161,62203,6223,230096,414313
5852,5037,261344,33222,7259,413560,753663
5203,5111,41305,37833,6593,230767,345553
4815,4796,53970,60944,6259,410620,555960
5555,6037,60523,48278,6204,237474,379201
4314,4537,144596,25981,6963,266865,506830
6352,5500,7020,25000,7666,246923,333646
5351,5352,50962,51686,5944,338220,495256
5426,5870,57794,62074,6278,239908,394276
4241,4574,96440,35481,8908,275317,440035
5018,5741,289327,46463,6241,346891,717366
4018,4426,36418,25518,7371,253117,348183
4907,5370,56379,31074,9241,205860,327331
4000,4481,64970,62555,6593,231713,413257
6611,5537,139579,27444,7519,237455,473368
42722,4389,463799,26037,7241,250956,813033
5185,5481,54149,51445,6203,337071,477293
4925,4889,52592,49537,6926,237332,371646
4999,5223,105719,24963,7204,253889,424830
4389,4574,20532,37519,6315,233910,329313
6185,5463,89531,26889,7074,277744,435183
5148,5759,57103,35574,8408,250172,378072
4148,4593,94397,32519,8629,271304,431294
5555,5630,310266,40463,5166,340564,730921
8055,6537,42190,60797,4777,252012,392164
5314,5500,56485,24777,6186,232087,349664
8370,6778,62094,26981,7352,235923,366516
9370,7352,669814,23685,6667,322050,1059142
4778,5148,31386,31334,8777,299649,399553
5314,5574,54052,39277,6593,848832,978735
4518,4611,59772,33074,8908,228893,354720
5111,5370,108492,26241,7166,344839,531645
8962,7963,26009,30333,8630,355489,458052
8963,7352,35710,47778,6611,426194,559256
6093,5537,525912,31130,8611,402452,1011087
6703,5871,75318,25426,7296,204754,341961
4703,5352,284668,30463,8630,506493,860698
8982,7037,37092,60926,6666,245999,384109
5444,5630,57979,45352,8203,405037,576867
6518,5463,53811,23759,7278,233706,349590
8333,6778,177142,32556,8611,221188,469664
4463,5055,32474,27444,7852,243432,355924
14648,4574,730842,62148,6407,335559,1172863
9111,6833,55230,31833,8370,231158,393516
6352,5796,119394,61130,6407,342288,559904
9592,7315,4133,26370,6982,374160,445404
5518,5092,49521,32648,9463,415347,549052
6851,5797,56333,25741,7074,229276,346294
4537,5092,93109,61722,6519,222370,408275
5055,5519,191200,26703,7556,228483,479256
4074,4759,54976,37388,6519,249152,392831
15370,4926,28159,35889,8574,218432,327591
4333,4630,55768,29982,8481,290989,430516
6426,5833,751915,24703,7167,243691,1057457
4315,4740,384487,33278,9241,351749,805421
5056,5277,57449,23888,6723,387567,502201
4277,4945,49150,24203,6815,288533,393386
4870,4611,120797,32703,9352,229702,451053
6500,5815,12646,28000,7871,243055,325276
4426,4778,53718,42148,6556,450593,577219
5630,5592,54254,33518,8112,212503,334517
4129,4445,94178,64777,6815,910149,1123141
6907,5908,219713,28463,7574,275006,559478
4110,4704,30045,25889,7240,245250,350960
5944,5334,50172,63593,6370,329047,478349
4074,4778,64948,27481,7352,271957,431090
5944,5296,778928,33074,9704,262177,1130401
5592,5278,34833,61834,6666,265831,397831
6074,5703,61814,31296,7630,347702,477960
4185,5056,50552,61333,6482,225335,369591
5314,5500,104236,27481,7704,344910,514478
9703,7222,9364,37426,6407,233968,321887
4592,4908,760379,63130,6648,298114,1167271
6611,5611,61137,26296,7334,228286,350720
3982,4500,98765,26907,7056,202362,358443
3778,4648,277707,24445,6111,222715,574219
5981,5481,36577,35741,6629,260903,369738
3833,4500,52260,49889,6463,351941,497034
4055,4519,61758,27148,7926,253981,377739
7426,6426,160923,32444,9130,230852,461683
6722,6240,25551,41000,6130,235447,338942
4797,5444,60530,52556,6129,443800,622626
6426,5648,54861,27093,7778,247229,364164
5055,5222,128008,24204,7167,351341,551589
5704,5444,30395,38649,6388,233381,337980
5277,5593,44800,32667,7759,374160,487774
10204,7333,56281,61296,6185,419920,619589
8982,7259,74223,26092,6945,300682,479201
8611,7111,408406,32482,8592,392645,886717
9055,7593,29404,25056,7278,257538,361701
5278,5462,50718,64370,6797,424964,574497
8629,6741,55234,32333,8630,206153,338423
6444,5482,536139,61204,6722,222615,853773
4815,5314,31083,28629,8056,253008,400257
30796,5519,61025,39777,6482,410787,572145
6036,5704,51634,34667,9296,231253,356460
5092,5204,250391,24889,6352,481567,789199
4389,5000,190167,61630,7203,223034,552293
8815,7222,488221,28704,8259,332848,927791
6759,5815,53034,63834,6259,447722,602126
8482,6722,619088,61889,6388,417962,1139253
4778,4722,301568,32852,7907,391317,792940
6240,5685,35233,25611,6259,384709,482626
8518,7111,49138,31741,7722,260582,382275
6111,5519,52451,25240,6963,241881,387887
6352,5870,169431,32889,8407,230493,469312
4277,4908,18947,25945,6981,312310,409979
6463,6018,433205,23278,7166,230421,724847
4259,4778,59703,25426,7426,287035,430812
6741,5759,115812,24686,6592,243408,417757
4055,4796,17237,26666,7556,243447,321757
4611,4926,51438,44315,6760,391540,519997
4777,5093,56455,34537,8481,249839,374905
4111,4556,92897,63667,6315,312303,535682
6870,5926,288600,38314,5223,356155,735181
6019,5481,41098,31500,7685,326733,436405
4574,4796,53892,27482,6944,220514,353850
5871,5259,521390,49093,6537,361178,967513
3963,4630,229407,25740,8519,338682,644033
5462,5278,32702,25870,7945,297463,392775
4500,5000,58088,50074,5870,310428,464497
9833,7500,55791,24796,7333,241986,362461
3926,4685,109529,25297,7296,205154,374220
8315,6907,13361,23926,7259,248897,343665
6352,5556,32692,43407,6315,407842,518164
4444,4796,52265,25130,7166,241030,383961
5629,5630,75466,32797,9796,232050,381053
8963,7185,241798,64704,5870,478883,823218
6796,6055,37093,26185,6370,285369,386627
4259,4593,50961,49000,5907,355296,516127
5667,5074,60718,33037,8778,229705,393627
6352,5296,227031,60889,5870,493650,815847
9722,7223,29122,32111,8518,291302,395924
4648,4740,52639,51111,6408,437154,571681
5481,5537,56415,25815,7537,204732,320683
4333,4722,112932,23185,6778,272232,479738
6536,5500,178171,59222,6000,463899,739440
8611,7389,39872,32296,7908,233292,346739
5315,5241,54352,26592,7963,232480,352128
8629,6963,74572,61130,6796,224333,433571
6037,5371,222051,32334,9833,269871,564293
9148,7129,41088,24703,7222,237485,344313
5592,5482,52641,44740,8111,460745,595515
8444,6667,54046,23908,7111,319618,455479
5926,5611,266489,31167,7926,368932,707607
8296,6907,31543,39259,6445,232436,342331
5555,5426,49727,31333,7648,378864,498034
8259,6944,52651,59315,6074,350939,513923
6481,5297,92407,32834,8685,222164,385905
8389,6833,3240,36000,5926,236240,331721
5629,5315,48608,32741,8685,442315,560460
8148,7000,390291,27278,8130,275593,731737
5630,5166,88753,32500,8574,271375,430887
9611,6778,293454,28574,6463,349597,750588
6185,5426,38526,40537,8630,245638,363294
6463,5796,48358,22630,6759,228381,353165
5833,5611,59226,28630,7741,284771,407720
5370,5537,653836,24129,6908,224844,955439
5926,4981,31742,32314,10852,272053,375572
4889,5759,55795,53093,6518,429517,570478
4741,5111,53886,32000,8592,225779,344757
5722,5426,98717,65612,7018,228188,461164
6130,5592,345141,28704,7352,244929,657515
8778,7037,47806,46778,5574,370265,530182
5278,5481,55897,25630,7574,359934,491997
6259,5334,80598,25667,7352,251121,394942
8499,7815,191245,32871,9055,225364,490738
8389,6574,26688,48537,6148,258458,372868
5481,4926,50686,46908,8185,353163,484738
5407,5481,54277,23611,7334,238017,350313
8759,6667,219793,64723,6740,335314,656515
4370,4759,24273,27778,7296,246503,334275
8815,7259,50105,32574,9185,329337,466386
7203,5630,50602,25723,7037,232765,345535
4667,4889,108767,31371,8463,261933,459387
6203,6444,267118,59574,6667,408081,770088
4778,4814,39283,31444,8982,233382,356442
5852,5296,51114,26370,7241,271773,384035
4371,4851,74631,26815,7315,228737,362961
9351,6593,632814,64388,6519,420365,1165604
5926,5463,38812,53556,7111,284463,414498
9074,7796,47496,27963,6611,229780,346702
7963,6352,47919,22574,7148,228023,368868
5851,5352,175547,24723,7018,203413,438608
9240,7130,27601,24037,6796,265508,375164
13389,4074,365932,24204,7500,264693,699329
8574,7074,56245,24852,7130,207252,327276
5167,5148,116707,22240,7556,344327,530979
5926,5148,284020,24814,17037,323014,678978
4074,4630,28869,38630,6000,235462,353535
5851,5371,49627,34703,8112,242222,363868
7092,5741,90385,25481,7204,251669,402461
4685,4907,174105,32685,9185,281337,522274
5222,5092,72622,27592,7741,330098,484719
9351,7074,60639,61185,6667,429025,590459
4834,4740,48637,33278,8944,297861,416128
9055,6945,269875,44722,6482,441453,829217
7110,6149,30281,33426,9425,235736,340312
5888,5871,51798,27111,7444,449236,575237
6093,5352,50277,27500,7648,240962,352721
5703,5463,258516,34593,9722,462424,791625
4944,5075,195458,25556,6833,243057,495571
5740,5685,44235,31815,8555,381578,507608
6666,5667,56233,25426,7333,360912,502348
5685,5574,83453,25852,7260,269933,412794
4518,4556,295544,23315,6203,363749,715940
4036,4630,40950,42741,6833,314844,431423
5222,5704,49763,29277,6186,254920,386498
6426,5741,56539,25703,6852,231089,348072
5555,5611,225352,34129,9500,204238,501793
9833,7481,8480,25648,7018,272723,348294
4463,4907,534663,23685,7463,244888,837255
5536,5852,49847,24148,7166,273837,382294
4666,4926,123344,26037,7371,204709,385220
5111,5130,8287,22444,7148,252156,318406
4370,4629,50526,37278,10889,349620,486645
7074,5852,55358,31555,9074,394084,519238
4018,4537,69281,26204,8185,293753,444534
7055,5333,215873,34111,11037,232847,541608
5407,5315,37037,62185,6593,957438,1093253
7203,6556,53627,28667,8296,424647,555922
5889,5407,55774,29760,8777,235261,355905
6018,5722,144569,61481,6408,233484,507164
5537,5445,24289,26222,7556,385671,497720
5370,5704,54843,24166,6297,224266,338202
5203,5352,180323,44481,6426,336211,619755
5203,5667,100580,23796,7241,348584,521441
5815,5241,25856,38074,6703,233309,332443
5000,5555,38836,50667,6222,366495,502201
5648,5277,52056,22871,7148,239164,347887
5240,5574,70443,25296,7130,215796,344831
4759,4871,260181,23704,6482,252926,587774
6092,5611,31013,25223,7351,292985,386201
5278,5592,53604,26037,6074,242283,373665
5518,5074,239195,33056,8870,386653,709496
5499,5260,199137,24315,7463,236897,494812
4833,4834,33802,23870,7630,248548,340850
5296,5296,61838,44093,6629,349641,490127
3944,4463,52613,32593,9759,235273,354460
3888,4482,85741,62889,6796,232942,411127
5519,6703,6906,27649,7574,250832,322702
4092,4537,44812,50666,6686,334389,473349
6444,5649,527680,38259,6537,373148,1000050
5037,5537,83900,33278,8889,230801,382072
4592,4760,234380,26518,7574,352265,663515
9278,7648,34045,30278,8852,247286,359239
9426,7703,67025,46537,6593,383416,550997
6481,5611,48783,31166,9019,225123,341702
4629,4778,335502,23093,7407,259513,670496
6056,5462,53686,33778,9834,292700,420905
9333,7537,57610,47222,7037,357702,516145
5815,5407,58979,33111,8852,234482,362739
6388,5723,92717,27667,7667,266483,458256
6074,5444,4290,30537,8704,241116,316424
9741,7352,43047,23167,8648,237784,348239
5167,5666,53398,25037,7981,332489,461572
6222,5519,76191,32908,9278,233861,380591
10500,7092,979671,38685,6463,371969,1433362
5166,5333,840299,27278,7833,664952,1570583
9036,7574,75390,32611,8834,275608,426164
4574,5148,53462,63870,6593,259184,411534
8463,6759,180571,27019,7185,221759,501664
6537,5741,14773,27778,7778,245428,326646
4092,5037,608531,33463,9037,274260,969272
5667,5407,57325,63056,7556,246468,403294
4074,5074,98231,27519,7981,303600,464664
10037,8593,128414,25611,8056,411360,612775
7926,6666,32876,31796,9241,236141,342239
7426,6185,1649225,25370,6926,350985,2069691
8278,7296,77483,26407,7352,289811,432646
5870,5389,287833,31222,9093,365978,774236
6833,5519,66608,23593,7055,353945,483034
8685,7055,52422,36778,8444,352002,493645
5240,4796,47698,32037,8759,234560,350201
9222,6740,139881,24185,7871,299653,506830
8703,7149,23897,44352,6648,248786,357276
4926,5315,52210,44352,7204,351601,510849
6629,5630,51949,24519,7444,207493,340405
6815,5852,101651,22796,7093,267550,448275
7444,7500,641557,23444,7315,248215,951605
6018,5315,36907,32685,8056,235554,343961
4518,5074,53202,23629,7500,380648,523182
9055,7018,64922,31963,8667,348316,485256
3796,5074,412902,39852,6907,235613,721551
5722,5203,30270,51667,8333,354653,530107
9111,7222,51120,23741,6870,245100,360553
4611,5222,48600,28796,7889,229972,377590
7056,5740,231376,22167,6000,249343,539979
4630,5574,33614,23741,6037,349920,441387
4962,4982,57650,50222,6352,421124,560681
4055,5037,54704,34222,9315,236461,363664
9352,6944,83443,22389,7055,304055,447979
4574,4777,2626,31871,8740,242076,312109
4611,5518,68624,25593,7315,302577,432034
4815,4722,48067,34203,8334,236042,352424
8648,6704,75935,26278,7907,301100,442961
4611,5222,243100,33000,9148,218212,530071
8907,7204,36246,25963,7408,319770,444090
15037,4667,36855,90889,6889,418345,588571
4481,5296,53595,62407,7037,227792,397127
6074,5629,768667,27315,7277,376364,1263955
9036,7667,21961,31074,8260,289999,403312
5907,5463,51922,54149,7259,1030645,1173771
8851,7445,52513,23778,7296,239281,375701
5741,5593,112418,27500,7204,325560,500460
4944,5296,298547,25203,7315,514300,890494
6037,5463,25674,32000,9426,239768,337424
9037,7222,50154,25037,13778,276214,418608
6093,5444,73078,32297,8944,244105,388350
8481,6833,213614,64629,6852,340865,657663
4389,5426,1160759,26685,7445,274510,1534065
47332,4482,58887,29538,8796,452609,619403
8759,7018,49423,24870,7333,275242,407479
6407,5407,261958,25055,6556,365112,720458
8573,6908,46271,49481,6463,296264,431015
4407,5500,55028,23759,6260,451320,595737
6148,5648,53564,63759,13926,240212,404146
8778,6537,92784,27778,7240,206418,364406
4370,5463,13819,22611,7481,249365,321146
3945,5518,31762,50852,6222,364532,511794
8815,7648,55038,34574,8888,207165,337406
4333,5407,69055,27037,7296,215499,377664
6204,5462,270257,46759,7037,339518,710033
5370,5259,32995,32445,8722,275910,378905
8277,7019,50548,30223,8537,245041,367368
4278,5352,47213,33722,9352,233100,348017
5888,5352,134860,62445,6611,236804,467775
4296,5630,310673,25722,7407,374360,756885
6370,5648,58208,31167,8852,467010,592774
3925,5204,50558,25982,7518,215366,359257
5981,5426,81686,30870,8500,229386,380516
9204,7777,237036,65926,6722,481349,856884
5592,5278,39997,31778,8704,232816,343517
10093,7555,48755,24963,13167,226817,348572
6630,6166,69272,31629,8352,237616,407813
5870,5334,239639,26741,7815,338282,643293
9204,7185,26990,30851,8797,283489,400590
13203,4333,29544,26352,7000,249862,348275
5740,6000,50023,23889,7371,201975,313294
9203,6852,769669,24871,7296,304583,1139789
5148,5593,47093,24648,6852,307182,432683
6518,5686,57165,22945,8500,442868,562460
8740,7148,502757,56204,6888,323813,958568
6018,5445,113717,23260,7277,252947,423664
5815,5555,25939,25203,7148,336523,435812
5611,5185,45715,23185,8074,229062,336480
9333,7148,51991,35666,9037,235416,385276
9203,6778,69544,63777,6611,272473,446238
5537,5648,278264,46593,6963,422361,781274
5092,5444,30374,31611,8944,323606,454367
59166,5519,31094,24019,7092,365089,529497
5352,5593,46110,30926,9019,231480,366943
8574,6981,120109,26648,7630,207741,395609
5537,5537,31588,25963,7241,247836,345016
4685,5259,47660,30593,8759,468188,580237
5185,5333,52770,23741,7389,251746,384368
9166,7111,98102,26204,7555,319526,485923
5851,5871,608099,24426,7204,246303,913087
4018,5130,23487,51018,6019,225956,336850
3944,5111,463040,23186,5907,267196,789921
4777,5463,60243,25222,7055,207256,325313
5852,5463,831758,32352,8908,440455,1348085
4074,5241,27553,34741,6185,372851,492145
5352,5185,46625,24426,21723,259224,384220
4536,5574,57698,25482,7315,308373,424979
4908,5407,200585,23704,8388,263968,522201
5037,5148,17046,24574,6982,250267,377387
9222,7778,496841,67222,6907,259433,871440
4722,5426,605913,35000,9019,908170,1591065
5445,5333,95966,26649,7222,263512,444461
10314,7185,366724,32667,8741,293586,740051
4388,5685,39630,25019,6370,247720,347109
5684,5334,48294,32963,8334,226037,341738
4092,5278,66774,26667,7259,208076,333053
3944,4649,212513,33481,10445,269243,555145
10129,7481,61901,25277,7148,407894,551311
7000,6037,52713,23759,7019,377506,491405
4519,5314,48175,31444,9019,225305,373572
6204,5741,197172,63889,6889,374731,686126
4444,5685,24856,27259,7297,245142,335646
6370,5759,57021,50871,6203,456328,599200
4870,5167,53871,24815,7222,208275,319258
3833,4741,506387,31463,9204,227682,798884
3778,5222,185052,26333,7686,342981,643700
6092,5667,35087,31093,8833,241540,354368
4573,5186,446030,25907,6130,235206,743903
5573,5167,77677,25777,6649,211266,371312
9370,7463,240841,71167,8129,225915,579181
4963,5296,31525,29482,8963,322213,428220
4870,5778,50597,23870,6037,236513,349016
5000,5352,191817,25852,7871,374216,631626
7648,6537,225038,28148,6908,286292,598126
7592,6593,30073,25648,6926,249629,346257
8537,6926,52849,22593,5648,228390,342183
5722,5815,47865,34315,11093,231151,351183
6500,6000,98031,23537,6389,229319,418794
6389,5630,182288,31852,8629,227487,477442
5204,5407,43916,47000,7000,470396,628071
5630,5240,193303,25500,6445,268546,523016
4277,5296,82894,33463,9148,233753,383423
5629,6093,159633,23074,7074,229568,445701
4092,5222,36131,30870,9019,291145,411682
13926,4666,27481,26482,6889,227461,324720
4148,5871,55831,23555,7778,360611,501534
5574,5926,190847,24945,7129,246928,496738
4333,5389,28291,23352,7296,251134,354906
6204,5500,50844,32852,8185,475338,594219
5407,5537,50065,32444,8908,281989,399794
4444,5518,101933,26741,7389,290064,490182
6203,5408,188134,31260,9129,236437,492126
3926,5130,25929,47833,6834,226457,334776
3907,5426,52502,27611,24500,256533,407350
6408,5500,62629,61796,6556,308886,494868
6259,5926,169128,28518,7278,213111,445535
7259,6796,40200,33667,9611,361057,488960
48852,4259,49421,48944,5870,335337,521608
4759,5426,52641,31074,8426,237801,389849
6018,5333,243195,59963,7389,346394,685811
4555,5352,20267,32389,8648,249750,338535
4037,5204,53524,23593,7296,414862,557479
6389,5333,48671,32814,8741,238420,356146
6111,6019,104261,64333,6982,230829,433016
4444,5666,767075,29203,7482,281827,1130937
6203,5408,40442,33019,7833,232074,342424
5425,5037,256201,27018,7259,441925,760532
4944,5629,612865,34852,7556,307129,1010142
6056,5407,263919,24981,6056,226078,567867
5204,5000,29695,24352,7407,326970,416405
4685,5408,49563,29352,5963,286138,398498
6055,6167,46062,32870,8944,235233,350220
4222,5481,218967,65482,6889,317122,636459
3926,5500,24650,26611,7334,248162,333461
5648,5759,48260,34685,10278,362682,484367
4074,5445,51184,26963,7555,254925,385609
6407,5352,102201,27148,8222,280223,445627
5241,6611,207921,25555,7426,241947,542867
6333,5537,32456,31667,8648,237616,340701
5074,5426,56917,27352,6611,260081,379794
4371,5333,80730,63963,6649,233063,445109
5981,5445,183580,64167,6537,298657,579737
4259,5555,68394,34204,8759,268234,426257
13426,4055,33170,30314,8538,433123,538163
6759,5648,53742,24944,7315,323404,447331
5315,5166,217666,23519,6055,236406,516423
4296,5352,31868,25963,7611,251704,354683
5351,5630,56384,33575,7740,342521,471386
4018,5093,46198,25796,7667,258004,414646
9777,8204,79492,31019,8333,267117,420590
5241,5315,3064,24074,7000,252971,370313
9036,7815,448414,65593,6796,263063,824809
6352,5944,64950,31944,8778,235549,369646
4444,5296,55837,24315,7222,203587,319924
6000,6074,279483,32074,8278,449864,798181
4074,4981,71204,27463,7685,271943,408609
4834,5240,47072,33371,9351,255001,384498
5777,5797,53570,22963,7722,248391,383720
9019,6833,118605,63667,6778,317484,542071
4815,4926,16122,29352,7685,244376,379424
9111,7593,48602,31592,9093,712393,845995
5500,5704,49081,23000,7685,252639,364183
4611,4907,94043,27407,7167,254844,413127
5278,5240,193856,24074,7222,243197,494312
3962,4760,27242,49982,5870,225644,338535
4759,5296,183149,22833,7407,263886,559275
9018,7556,59776,32592,9723,304814,442460
5704,5315,182033,24870,7426,247890,512868
9185,7000,36087,26463,7296,305726,416294
5722,5296,748974,23537,6778,221094,1030586
4593,5370,51084,22907,7574,296266,403794
5148,5408,185952,24722,7148,209786,454701
4352,5259,1123228,25870,7000,261764,1468806
9129,7704,65874,63593,7037,296160,473034
4703,5315,46725,26222,7463,291255,422719
9241,7518,243334,23500,7074,290718,604885
7092,5667,695702,46630,7407,363477,1147197
5315,5037,30627,22148,6629,248742,339295
4962,5408,47050,24741,7556,210096,315313
4481,5000,74660,24074,6908,294004,425053
3981,5426,209158,22852,7074,256617,521830
4222,5611,26286,22371,7444,276916,363924
6074,5611,44506,30593,6648,285714,400127
4815,4778,45875,24018,7741,209401,311702
4277,5537,272096,33703,9149,362586,745273
9314,7574,329927,25796,7260,459698,864587
4704,5463,52647,32296,8611,467517,587238
4481,4685,51238,24667,7371,249056,357739
3963,5407,107181,26815,7759,496964,714459
9555,7815,264142,23519,7296,371632,703681
4370,4797,744325,53333,6111,246947,1083938
6370,5944,52898,23629,7204,359044,494867
9685,7407,65136,24204,7630,282361,448053
5851,5556,240764,33555,8889,234918,544274
5518,5444,34115,31074,8500,237661,357553
13648,4111,25076,24685,6537,245404,337757
4981,5500,51055,32148,8593,227110,344257
5407,5630,119534,23445,7611,304962,507904
9315,7630,27570,31222,8574,242761,344591
4148,5166,50902,29537,8018,482632,629718
6167,5629,46030,23129,7241,211284,316961
8722,6963,105361,25296,7408,206933,408998
5425,5371,4692,22870,7186,252343,317072
8908,7388,32154,25981,7019,246085,345017
4314,5278,52615,22722,6963,211328,319202
4018,5500,1100150,24611,7389,407526,1602305
6000,5555,356278,22185,7537,259848,674940
4018,5556,749757,97055,7426,244996,1128993
8889,6963,23422,23722,7538,403926,507127
5851,5315,710753,22019,7074,354370,1147604
6444,5871,263048,51963,6278,334966,698478
5500,5592,12973,34777,8926,258452,345331
4388,5296,47564,65148,7852,229564,377145
5797,5666,54210,34592,10389,233196,359369
4351,5352,98300,28612,7296,342734,516719
7093,5407,601576,64130,6500,311048,1010957
3704,5148,30500,44741,6592,227406,352831
42759,4259,49332,93445,5889,380850,591886
5500,5982,62941,32574,8796,285797,438183
5814,5352,214032,64852,6574,453982,766180
4629,5630,31715,64982,6407,306745,451849
5814,5445,49565,31352,8555,335136,478256
5963,5888,53323,61259,6315,230212,378368
4019,5685,108617,25833,7315,208159,408257
5426,5185,21042,24314,7148,304753,386183
4074,5148,52743,51889,6204,344217,515145
6074,5611,53279,33592,10870,230720,355498
3722,5148,97813,26834,7203,300777,456923
6907,5815,273534,32055,8815,421351,773643
5796,5481,31329,24407,7482,364724,457219
4074,5222,50049,32778,8240,208857,323905
5685,6074,73270,27185,7296,290580,425368
4073,5223,227934,23370,7408,211063,494312
3852,5037,30729,22667,7722,364268,487757
14240,4556,162689,25686,7277,306048,538033
3889,5315,45817,22704,7371,247198,381628
5852,5314,187168,24944,10223,206089,455127
3944,5907,30500,23166,7019,251850,339812
5778,5926,54034,51537,6352,320870,461572
4333,5352,52625,23056,7741,212558,354887
6074,5519,103697,22111,6982,222671,381924
4148,5463,564918,24666,7223,294243,935643
5573,5186,29249,23222,5982,247415,334405
5648,5666,46304,34537,8648,861209,1011401
5944,5260,67875,25500,7278,235937,397035
5389,5222,220281,34074,8167,208327,496349
4759,5723,33371,25278,6852,399033,527849
14148,4166,30907,46074,8149,231887,354127
4018,5482,48201,25112,6944,346851,452423
4074,5352,118663,25296,7000,247002,445257
5944,5685,1865,31537,8518,280430,352035
3944,5648,48011,52870,6093,431671,575089
5593,5296,53991,34203,12223,230211,390980
5129,5204,88933,67759,7204,256268,448738
10481,7834,-3143,32945,9111,237937,314665
9259,7611,28837,28760,7222,360475,473516
6148,5666,52724,33408,9148,207089,334775
4889,4870,51500,25000,6945,347201,482238
6610,6112,268553,32482,9000,373923,725606
4018,4426,26385,25149,6851,356965,444275
9092,7241,59920,30037,7630,372206,503960
4481,4889,508752,118685,6074,337446,1008364
8222,6407,124843,24963,7055,236655,424312
5777,5870,25805,23111,7314,250380,337424
10315,7426,49395,52092,6074,356584,524608
5389,5593,254041,32203,9574,249308,574627
9407,6945,90243,23852,7463,294606,448942
5222,5741,221204,31444,8352,232348,541441
6889,5814,1196758,23555,7371,279289,1554806
43111,4204,1189034,46240,8685,462808,1772583
5111,5889,208458,24389,6907,240817,510627
9184,7278,1834178,30167,8092,473846,2377597
5000,5389,53047,26925,7778,332414,458960
6259,5426,52341,25167,6408,262915,375739
5074,5611,586210,31296,7796,706856,1362473
9741,7370,99745,63908,6870,937989,1175938
5722,5426,21854,28297,7537,244643,332850
9444,6796,55186,48093,6611,449866,592107
5907,5500,554036,34185,8871,289829,935068
5925,5611,98646,63611,6667,309407,533033
6666,5722,752607,27037,7537,246480,1082641
7593,6388,25031,32685,8704,239930,338943
4555,4834,51399,24204,5907,257006,365442
5667,5796,68898,25833,7148,290248,418591
4130,4833,289118,25296,7574,419508,766662
4482,4963,29560,22371,7333,359604,469072
5333,5630,48188,35056,8889,366957,487183
4852,4703,50224,62333,6630,282126,448034
7110,5852,108759,26037,7611,253221,423627
5036,5389,-817,31704,9204,240759,310627
9444,7445,33996,52592,6945,430982,569590
6703,5500,44587,30389,8852,232522,344201
5666,5908,551788,63741,6703,412299,1095919
6167,5500,275694,35981,7500,240803,588812
4852,5537,28396,51944,6167,465156,611534
6092,5241,50413,25907,7334,232992,347165
8981,6907,53634,31389,8462,230699,380757
8814,7315,239409,23611,6426,231625,545200
5555,5408,32444,26926,7833,248350,349072
5241,5722,50961,76426,6555,336240,523330
5037,5370,46867,62944,6778,231298,397479
8870,7352,111642,24704,7574,346688,526737
5963,5370,466326,33518,9667,381410,928865
4407,4908,53935,44704,6685,365543,522256
5926,6074,48582,27907,8074,239620,353758
4518,4778,101746,24575,7870,306177,469182
10111,7593,286115,51185,6592,460269,838199
4389,4407,287502,26389,7371,283809,631571
5536,5426,46797,35296,9019,233442,350424
4722,5018,56832,26537,7167,299758,415831
4352,4740,248312,36796,7870,250371,569663
6333,5667,704847,24926,6740,238018,1003568
4166,4667,49363,33445,9222,425134,554348
7333,5852,50787,21889,7371,203710,313498
9908,7740,119360,64296,6834,231323,455498
4907,4574,14450,27519,7537,246011,340368
5833,5463,47467,25519,6055,365808,498275
6074,6000,52040,31518,10241,226069,347220
5166,5426,96593,62556,6611,226182,454127
7259,5277,514925,28389,7148,355848,960994
5667,5518,24701,23555,6834,251964,337832
9000,7167,51625,24907,6926,363169,505664
5537,5667,64549,32018,9852,346374,479645
5185,5593,198751,24667,7296,210117,466016
5167,5777,32009,25833,7167,330878,443572
15148,4518,29340,30908,7574,256732,362590
4630,4796,47227,24352,7352,320233,427776
9037,7462,100985,32241,8611,236920,410979
5963,5444,20298,23277,6871,253627,350017
6092,5518,33740,46037,7649,474867,591866
10222,7130,45905,32296,9685,227149,346887
5204,5388,187681,67130,5037,277594,566460
10462,7111,753809,28704,7574,321018,1151011
8185,6907,748233,36277,7352,270373,1095567
5500,5074,110361,53722,6833,278100,495794
6648,5741,72766,26685,7352,249361,384850
3907,4593,836894,23203,7408,400191,1328640
8907,7482,28318,26370,7074,249403,353387
8000,6630,55520,49907,7537,351237,523071
9055,7130,52036,61963,6963,236721,392090
4352,5518,193183,25759,7519,2162173,2465319
8870,7463,689477,25315,7241,226776,988068
5815,5241,41346,32907,8908,380540,519109
6555,5945,51733,26481,7723,1641386,1756471
4556,5444,93398,25463,7204,247636,423053
8778,7204,243655,33315,8463,236582,554442
6055,5630,218394,23630,7667,291880,579422
4926,5333,467948,34852,9167,375324,940865
5685,5444,64687,26685,7686,318643,468071
9130,7722,227407,67741,6778,415551,751477
5426,5333,33424,27537,7556,396240,496701
4889,4815,46181,89963,8223,401444,571404
4889,5333,52458,26166,7371,264059,420775
8741,7074,119215,31111,9407,274746,467979
5185,5055,1154899,24870,7574,260704,1479713
4629,4852,52693,50592,6611,366027,528293
9221,7389,53099,64870,7445,238455,414960
6611,5926,86134,23370,7093,357141,501830
4981,4778,202780,26167,7222,266217,531589
8333,7037,28705,22611,7981,248868,341517
5981,5482,419757,24871,7685,604736,1087327
4296,4704,448089,23834,6926,261295,801736
7073,5908,402921,32000,8926,279889,755217
5352,4926,60382,62296,6630,280467,439294
8981,7537,60103,31815,8666,736411,906791
6759,5889,582267,26556,7426,248357,896939
8925,6759,340340,31352,9092,250879,699181
6722,5611,522226,25926,7630,250065,836050
5666,4944,96762,26593,7500,707066,867420
4222,5130,52538,32777,9926,232627,351609
5000,4981,113092,62000,6518,386720,594422
8685,7111,256219,66241,6407,360573,719995
4426,4981,32996,45370,6445,228299,341720
9111,6648,43494,25629,7667,347226,456460
5240,5352,552640,30204,7703,269374,924865
7556,6111,229749,27389,6592,269507,565145
4147,5112,247062,23648,7222,306009,605959
4351,5408,47542,54666,8130,383326,529274
6592,6241,46022,23555,7370,248106,353961
4185,5352,248112,45852,7500,363439,690662
5036,4871,27684,26130,7370,255258,378516
6148,5852,52923,37426,6611,363907,485497
5999,4982,52959,34315,10148,234965,358923
4593,5407,97420,61148,6389,228911,453998
7018,5111,287956,58426,6333,416799,801199
4481,5445,30824,34148,8000,236748,355239
6907,5760,46692,26833,6463,253250,365813
5314,4945,69709,24166,7611,285104,433775
5630,5148,253633,79889,6833,303919,670608
4722,4981,532669,25722,7796,263105,875013
6722,5685,45426,34500,9240,379794,497608
4610,4778,48535,23593,7518,236945,341016
5092,4778,117403,31704,8630,241983,446108
6036,5593,-5839,27537,7685,369911,430367
4389,4740,45345,51407,6000,366449,495738
4870,4833,268343,25241,7463,261079,605644
5722,5130,82118,31408,8352,230601,414109
5426,5203,-4309,38704,6685,240289,310813
4277,4593,74448,33963,8593,254920,399331
4981,4945,380409,27759,7538,277049,736811
5981,5315,71223,24148,7537,210146,374368
5629,5074,287517,49611,6204,444293,813698
4722,4741,31793,24148,7704,258816,350887
4648,4926,56273,67833,5537,419280,573164
3944,4685,51789,32149,9092,277301,398701
9852,7314,111492,26129,7408,273265,487053
5982,5314,4675,31204,8704,243527,319628
8556,7259,43858,51037,5796,450824,582497
4297,4703,47894,63092,6778,243308,407443
6130,5203,613225,48685,6056,338399,1041568
4000,4630,693093,24426,6074,491807,1242086
8963,6722,79277,38648,6537,228703,387350
5647,5204,51812,24574,6834,363815,510682
6333,5518,54977,32204,8722,275429,398812
4593,5111,73993,22760,7500,361133,528256
5851,5241,29696,38981,6648,265432,369775
4407,4778,45879,33277,8519,363933,477349
4222,4667,54748,60814,6593,257861,427275
6129,5204,242671,29741,7574,374973,685736
7907,7037,744170,27870,8130,321842,1154289
5648,5148,51668,45370,6611,438274,570182
9426,7315,50536,35037,8371,229517,354868
4371,4666,101794,25630,7537,333814,496164
8574,6741,370348,25666,7741,252815,707570
5944,5815,708716,24575,7222,239407,1008920
8018,6797,51881,25611,6074,241395,356850
4241,4963,605898,41870,5722,344134,1026402
8241,6796,290970,44334,6777,362378,770551
6000,5444,28321,33981,9075,259992,362646
8685,6982,47633,50000,6889,352549,530442
5407,5277,54132,24445,7407,234385,345683
4778,5055,248815,51741,6241,335847,672348
8555,7056,19554,32148,9426,246852,360128
5814,5463,975423,32500,8814,343311,1391195
9370,7296,45976,24334,7092,224874,333849
8444,6833,91605,24611,6666,224264,380498
10610,6315,687362,46685,7352,466446,1274048
6315,5685,26730,24074,6352,253620,342442
8648,7260,41080,65370,6797,324009,481664
5518,5093,72578,27408,7537,208142,341998
6055,5926,231003,23074,7185,253587,547034
9278,7296,26630,23723,7796,260886,372128
14259,4388,26425,39297,9463,294480,406145
5074,5685,569868,64648,6481,322942,1004346
5999,5315,110070,25592,6760,311890,497163
5370,5185,-3950,32963,8722,353393,441035
5296,5926,51103,24315,6852,278099,390257
9148,6833,47342,61148,6630,240285,388201
4833,5222,581414,51611,4556,327321,994438
8814,6889,228653,33667,8167,236640,572163
6185,5351,43059,27630,7963,371272,481164
9333,7074,42038,24223,7574,212959,319850
8055,6963,566444,50389,5870,474994,1162715
5926,5259,176035,32982,9778,249036,495461
4796,5074,54941,62815,7481,254965,407683
5740,5648,66217,49778,5981,350077,514015
5889,5203,49826,32463,8667,287950,406646
4592,5018,142769,24852,7092,258044,477478
6148,5444,618229,24149,6963,276635,954013
4055,4593,49505,51593,6018,383233,514238
4889,5537,53670,63112,7314,254402,424479
6278,5426,88576,24092,7371,229366,376091
4573,4963,178575,26537,7314,285571,542867
5722,5167,52257,34408,9018,354166,481423
9370,7185,54719,65111,6704,414278,607256
5815,5000,59939,34796,9333,291411,422942
5500,5352,131271,61833,6593,229986,455664
5204,4889,37472,32389,8352,296396,420294
5685,5222,55268,87611,7111,342915,553793
5500,5185,48395,31129,8445,231418,345998
9445,7055,97338,26574,7555,297642,460664
6537,5815,11743,32167,8870,241292,341424
6000,5148,45149,23185,7334,480033,582775
4611,5019,52980,62667,6722,231221,380628
4611,5092,89738,26945,7388,242260,424590
5685,5389,14755,27203,8222,410928,492627
9018,7297,29456,22760,7740,273208,383887
5518,5112,51417,25167,7222,349080,459905
4518,4667,61101,32482,9000,264063,391775
8703,6722,223600,61500,6629,406341,729143
6073,5334,122727,32630,8370,422510,648977
6444,5648,62151,42945,6629,346531,488645
5648,5370,929927,32981,9093,372102,1410658
5777,5260,106110,24648,7056,349757,514515
4500,5852,28072,34352,8629,271964,372813
5055,5315,49774,25315,7518,275650,386016
4685,5074,42865,32518,8593,268170,377517
4056,4944,78844,62871,6537,258079,453516
5982,5426,275379,26870,8445,483653,821292
4370,4704,32174,48315,6203,372805,520441
5870,5389,49857,33074,8982,236715,355313
4333,4760,66911,24629,7686,221753,379091
5537,5148,257965,36056,7722,475179,803458
4630,4907,26574,27389,7593,249942,355017
13630,4259,22832,22703,6315,267148,355554
4444,4556,47496,26056,7481,304465,410016
4277,4760,118642,25167,8019,333595,547682
5574,5370,4900,25260,7129,364635,432312
4167,4759,46102,51519,5870,340432,506423
5518,5222,43805,22555,7741,222990,322479
3889,4666,83155,22148,7204,294361,430368
3722,5297,3708,24685,7352,254086,333906
5796,5222,45669,23075,6703,469902,571904
4222,4760,44352,66704,6833,360700,503886
5185,5629,53277,26296,7445,245314,363090
5573,5741,635460,48111,6500,393330,1109882
4796,5240,24533,32926,9055,286021,395627
9537,7388,181846,61630,6481,344484,645237
7166,5963,531140,28315,7426,335725,933420
4314,5630,122268,23296,7241,237767,450108
6296,5519,5062,33981,9537,305621,403257
5555,5185,49079,43408,6463,318603,445867
5148,5519,49429,26574,7444,208829,351535
5704,5481,62335,23907,7074,267923,389128
4777,5445,572481,33148,9074,376643,1077475
8204,7000,32961,68203,4667,306981,457405
56888,4445,42811,31722,9148,1059219,1219770
5407,5333,61568,27241,7685,215800,337312
5148,5759,193066,63982,6685,244708,556589
5833,5352,55305,34056,8889,395543,563497
5481,5204,56970,46278,7426,325305,462719
4852,5852,44209,61722,7056,277473,419590
10334,7907,118467,27592,7352,480585,668293
4203,5130,408094,25889,7352,318086,806013
6407,5555,48056,33926,8056,398515,517367
8741,6870,42924,24593,7389,228962,368868
5722,5389,91589,23741,7037,257279,406331
5685,5333,188162,26278,7796,210466,493479
5556,5333,55789,22574,7056,446115,559830
9389,7129,46695,22241,5870,235674,344887
5000,5722,45675,26426,7629,319212,446331
5685,5315,755209,33482,9667,328709,1156938
4630,5407,28375,23481,7148,352531,441961
9055,7037,54225,30777,7519,471439,629144
5648,5277,45501,31945,8555,232275,346275
8944,6982,105943,63537,6907,234407,441460
6648,5592,331664,27981,7686,466683,865346
4815,4685,43699,23241,7685,230540,351406
6481,5648,48771,24426,7056,251097,362683
9314,7204,72788,24944,7611,313469,488219
5944,4982,273212,24259,6907,231230,567682
5555,5111,438470,33148,9666,396489,942976
7037,5796,49745,64593,6574,348455,498404
5203,5370,450874,27481,6982,226641,772291
6129,5445,198149,25352,7444,228219,485442
5222,5315,31796,65407,6593,275498,407368
4351,4778,62924,60592,7889,310444,481386
6167,5518,44792,26315,7130,246094,350813
4741,4926,118864,25500,7574,1150869,1367973
6018,5204,24344,24537,7111,253469,338239
4722,5259,49342,49871,6129,464691,629255
6000,5296,43192,23019,7074,205935,305091
4666,5260,80487,62592,6963,247881,423164
4388,5185,783263,27630,7518,267287,1113456
4537,4833,721353,34926,8297,236085,1058771
6148,5704,51018,26408,6555,365701,479405
3796,4722,54646,24130,7815,239240,348590
4018,4537,171200,25815,7278,288130,558015
6445,5722,56587,32741,8667,328299,456257
4166,4630,52196,45834,7241,482281,611089
5667,5426,45176,64000,6426,257710,399720
4389,4870,118712,26148,7574,238249,414627
4203,4722,16525,24796,7000,250900,326035
5055,5482,47004,24518,5648,367271,482312
6648,5834,41632,32444,10371,267828,400998
6629,5815,86686,25611,7352,356237,504626
6426,5982,219128,24963,6981,203740,515572
6611,5630,33608,39166,5815,231464,340720
4851,4686,42550,34037,9167,228762,338924
3889,4629,59679,25111,6870,249338,363739
4056,4351,283510,23649,6259,230412,571738
5296,5537,32286,31389,9222,298619,401571
4556,4833,59080,23612,6740,371213,489386
9759,7222,48005,31426,8685,230567,385053
6907,5555,96170,62870,6889,264402,457663
4870,4611,189927,32556,8648,911177,1201641
5870,5296,45926,25203,7556,374553,542089
9685,7204,44646,22074,6870,214704,354220
6277,5760,93440,27370,8130,207298,362812
7166,6019,722031,36092,8611,379000,1188937
6444,5537,27955,39130,6519,230783,334017
9185,7055,49009,26019,5907,265804,397831
6129,5481,62063,26704,7278,253194,379071
8962,7185,206487,34537,8389,236788,517941
5574,5500,28652,32759,9037,295401,414627
5815,5370,40409,56000,7500,398014,528516
5185,5259,40944,24852,7148,278591,399368
6148,5445,111683,33852,8926,946273,1129049
4852,5000,24181,25686,7296,251742,337628
9148,7555,31366,26907,8241,242540,344554
5833,5444,45030,25167,6703,251543,359553
7740,6611,67306,24556,7833,248248,378738
6074,5870,176934,24851,6797,247082,516404
6426,5704,33394,30667,7648,302548,403961
5684,5389,413875,24518,6963,349621,839439
6000,5074,44929,32407,9518,238755,351906
4870,5093,153797,64018,6797,302681,553775
4426,4648,37036,25055,8445,247369,344924
5648,5556,48923,89685,6204,316278,489627
4389,4741,45217,33019,9074,304002,415535
4925,5260,117493,61204,6500,229411,439997
4407,4630,4288,26037,6796,251822,315184
3852,4556,46397,31907,8630,353619,494664
5778,5963,49821,25500,7278,211844,320906
3999,4871,44578,25445,7185,316826,452201
5018,5574,219485,23962,6760,269086,544960
4463,4815,26871,44611,6500,259534,381590
47407,4722,40907,33907,9426,325294,506645
5518,5741,54905,25204,7074,258093,404738
5759,5537,245644,52648,5611,1089496,1419584
4926,5778,21179,25907,7426,412448,495368
4537,4870,51622,44370,8315,407338,547163
6111,5611,48694,30278,6389,261304,374831
3962,4556,100285,33203,9426,428990,616570
5741,5314,1010561,63259,7907,259784,1371325
7648,6685,43745,48500,5888,453179,580923
6092,5852,278372,61408,6481,268735,644515
4815,5111,80667,26574,7074,245979,388609
9518,8593,181998,31759,8445,271091,527052
5130,5037,31941,22277,5871,287983,377369
8148,6834,373883,62537,6944,327464,802273
5148,5370,54697,24925,7241,314283,490293
7759,6722,145047,31481,8648,297451,513275
5704,5352,18618,63482,6593,357619,484294
4482,4870,56802,52074,6519,458250,599701
5574,5426,50023,32537,9000,259216,377683
5148,4907,233799,24444,6982,378105,676311
4370,4593,932074,25222,7315,389473,1404640
6074,5648,44629,23000,6500,232833,344221
4629,5019,43997,32777,10186,241112,353627
5741,5500,69032,63370,6778,228762,396387
8296,6741,173456,33315,9093,236152,482220
5241,5870,28455,27907,7722,266285,360850
7925,6556,45230,45260,8129,423637,554200
5648,5537,48673,24778,7241,248806,355850
5518,5574,138134,26908,7537,347603,550126
9240,7500,18911,32981,9371,315031,410460
5092,5333,52964,44834,6666,360034,493571
9278,7129,508629,28296,7037,242478,821051
4611,5111,304072,31537,8537,281628,654218
8963,7092,239218,25796,6908,469759,775977
4426,4722,40068,24426,6111,495207,589830
5907,5537,514121,32167,7852,365021,947827
4166,4630,74453,26111,7167,357840,516126
5111,5296,195970,31963,8593,239972,536108
8074,6778,35283,64944,6889,303789,444776
4463,4666,47337,32260,8351,209995,355776
5852,5185,41446,26741,7259,255089,356091
4055,4982,160722,32722,8778,238312,465256
4148,4704,29516,37815,6574,239759,340183
6092,5815,49997,51888,6037,403723,572737
6130,5222,55457,62482,5018,246893,399331
4056,4629,92030,33259,8574,265394,422516
3908,4555,3417,25370,7778,382785,446220
4037,4537,44767,30722,9056,427211,546756
6259,5889,50209,26056,7537,359899,472090
4537,4888,86208,23778,6944,360938,522404
6074,5592,163169,31722,8278,249903,480330
6000,5703,45742,23055,7037,323275,448664
45500,4611,720239,24352,7333,296959,1115457
4370,4537,54348,27315,7945,355463,484145
5870,5500,628346,29241,6389,289462,982457
4574,4648,25364,24481,7278,272153,373368
5871,5351,51659,47666,7167,339284,474646
4371,5388,47860,62575,7518,239434,383054
6815,6093,108247,33889,9277,235844,448609
5814,5389,13819,23852,7908,251845,326387
5259,5019,46354,51982,6500,315995,459590
4314,5426,47890,63426,5148,252738,396460
4037,5241,90518,23092,6963,249740,393961
5963,5852,187053,24796,7797,228185,476016
9685,7167,36866,21333,6370,332762,431923
4333,5074,43735,24574,7315,1806828,1949359
6426,5666,47844,31834,9111,257895,375831
10056,7111,148527,25722,7204,248470,462127
4277,4630,27174,32555,8815,261861,356646
6259,5889,55209,46908,6537,344140,498053
6055,5444,192318,32537,8852,295679,559126
4704,5759,97780,62185,7278,321069,541201
9740,7296,511019,31296,8685,381106,999234
6389,5388,29739,51500,6315,461406,576719
4536,5186,46551,30889,9500,239558,354646
9796,7296,63958,25648,7463,246355,375794
7352,5611,278382,85462,6075,271355,671867
4296,4685,29009,33556,9333,234915,333701
6962,5482,49952,23778,6481,295194,405331
4573,5167,52561,61926,6482,278177,446664
5722,5352,278337,27593,7315,305918,648218
5741,6111,28632,33389,8703,243274,360702
5870,5407,45593,53222,5926,358682,519811
5593,5314,49795,31334,8407,290444,430053
5851,5408,112126,24797,7370,248593,420275
5055,5056,2476,26500,7278,387836,464016
5796,5407,37197,22834,6166,244264,338831
4963,5185,49010,25259,6981,269488,396923
5592,5315,76027,23277,6889,258397,390590
5481,5629,225507,24907,7111,213621,499478
10296,7204,29893,23297,7148,331215,425905
5093,5629,46429,22722,6445,242810,364461
6055,5352,47075,64852,6982,233515,380646
9407,6814,121277,26426,7297,237665,458978
5611,5463,30516,22777,7741,257760,348739
5056,5351,49570,86907,5778,303039,505497
8982,6851,47087,34092,9463,242560,383683
5833,5352,89677,62352,6463,322783,509182
5926,5278,2397,27500,7019,250915,316461
3963,4518,44415,51444,5704,410694,547960
6777,5778,50727,25260,7185,364492,475719
4537,4759,89225,25482,7537,343068,523663
9222,6870,234446,34260,8814,238088,547275
8259,6556,28481,30796,7278,298146,397609
5962,5334,56664,90093,7926,426906,607829
4037,4815,56496,28426,7444,210225,327924
8722,6500,190995,24666,6797,215558,469868
4444,5260,13455,30908,8740,393487,504071
8667,6981,49732,45611,6778,415098,548053
4703,5407,44675,26833,7407,208899,347423
6685,5648,110191,32666,9408,258029,438164
5870,5833,371800,39463,6630,247788,711996
5759,5278,195169,32759,8555,283347,548700
4647,5186,41852,27000,7389,250960,352109
4073,5760,673924,40018,6537,258126,1029605
5889,5537,296163,49093,6166,444999,829532
4741,4777,29940,26278,7166,248726,393665
9000,7611,46068,38462,9723,293097,430590
8777,6667,53454,62685,6704,239155,393256
4259,4593,666008,25574,6852,244301,970217
6129,5685,51321,27204,7759,341843,463201
9036,7334,55856,30500,9796,355549,515422
9926,6815,43595,24296,7093,279329,408498
8111,6518,100353,30926,8408,231367,402461
5722,6574,571092,40444,6463,254940,903439
10296,7167,32590,43019,6537,479888,594552
5056,5944,45570,33463,8166,203725,318554
8185,6574,68660,25815,7111,347615,506812
5129,6426,332492,24963,7704,413059,808495
8907,6815,31694,24814,7334,345452,455719
14833,4407,24267,22537,6852,207584,295350
5444,5408,41171,24556,7056,297807,400238
8685,7315,270762,22593,6815,368048,710403
6019,5185,26057,24556,7222,396051,482942
4389,5092,45907,44519,7444,435534,569645
6815,6019,46479,24482,6833,213093,320332
9666,7241,102885,22426,7482,233242,397405
6204,5611,-3691,24741,6963,302596,373943
4648,5240,41808,21741,6129,239228,340479
5740,5445,136676,24741,7148,281173,482923
4111,4630,82267,23963,7037,308989,469849
9222,7388,173099,22685,7574,318269,550644
4981,4982,23874,61019,5907,250883,404739
16036,5185,21855,35222,8759,210292,313238
6630,5740,50631,32185,8648,322978,470738
8962,7167,115258,25352,7444,212222,392516
8963,7315,555089,31093,8481,290257,918772
4907,5370,50496,76963,5555,340428,498071
5203,5148,44586,31797,8518,869890,981679
4481,5593,106454,24852,7204,229376,393442
4277,5574,268,29741,8815,246471,312220
4759,4851,432433,25722,7056,333433,856828
9556,7074,49468,23740,6852,239623,351128
4537,5241,81466,24148,7240,267328,407090
8777,7982,226149,23111,7297,392106,692792
7111,6092,27796,24463,7130,251554,342442
4518,4852,45886,26852,6037,227167,334498
8592,6908,47699,25186,7481,212058,325905
4241,5055,266698,22685,6519,238095,586163
9555,7759,28067,24630,7740,258376,359813
4334,4962,42899,51814,6982,444617,572441
6778,5963,45711,25185,7426,216676,345961
9129,7093,102413,22277,7278,273659,438664
3907,4593,15411,22148,6945,262105,385313
9129,7760,36983,52130,5815,438309,567145
6852,6000,49000,23056,7333,353941,511015
8740,6889,71703,25259,7629,289092,426923
4277,4870,194701,33926,8944,209242,471386
4352,5389,15958,51722,6481,351429,456757
4407,4667,44882,24444,6760,270930,380405
3741,4611,53695,25037,7185,333673,443923
4296,5352,156397,22389,7185,207971,420202
3908,5407,25692,21777,7278,284214,369665
3814,4500,229468,24963,7407,445343,744440
4278,5352,45429,22685,7555,236144,379220
9222,7278,100519,24352,7296,315071,477219
4444,5463,-8056,22592,6741,366017,439164
7870,6963,28276,51833,5907,436444,552849
4259,5463,39144,22963,7203,217966,354887
9296,6796,68235,65592,7297,236837,411294
5019,5537,981547,26037,7426,381704,1421288
7870,6519,23490,43593,6296,470507,573275
7000,6000,47192,25037,6149,277805,388350
8740,7408,48116,24760,7907,212715,365831
7944,6315,175170,23815,7037,259401,495867
4703,4815,412483,25056,7055,374772,847106
4203,4685,52593,22648,5463,240054,383201
6870,5741,45443,24815,6963,241537,346869
3963,4870,110034,22629,6500,259650,421942
5592,5074,1217,33130,9481,244282,351924
6685,5481,36327,22000,7037,506855,599626
4499,4908,50898,32667,8333,242174,358535
5352,5703,73953,64259,7000,237434,408183
4167,4463,238173,27666,14241,228454,534905
4463,4667,47411,31167,8574,295512,409331
5259,5722,45076,26408,6185,455254,593570
6518,5519,40019,25926,7167,215349,318091
9722,7111,271555,32203,7704,364275,735755
5500,5445,26775,26000,7148,313223,431627
8962,7500,45403,25630,7500,398631,527700
5166,5500,44809,32759,8907,301800,439775
8907,6796,82937,22704,7407,230024,394868
6611,5629,264972,63667,6722,515894,882624
6037,5426,35933,31963,7815,484804,587349
5944,6037,45487,33222,8185,213438,327257
4204,4889,81207,29074,8203,332624,491553
7611,5648,256872,84037,6389,387476,767181
9018,7055,512500,32704,9463,389272,978457
5037,5185,42998,60408,7074,429202,567775
8259,6889,47571,32926,8666,281113,421331
6278,5537,238605,85278,6870,411946,772903
8648,6945,20122,31611,8704,259765,371535
5889,5537,437472,26944,7612,359022,859717
8500,7111,57619,32500,10222,232564,363442
4574,4852,539302,23074,7148,865263,1462343
8259,7056,273967,65111,6722,348196,738626
6037,5500,27558,31482,7944,240533,338980
8519,6592,41390,33537,8000,233793,346998
6537,5815,78295,26278,7759,239036,378276
4944,5185,771404,32297,9537,377718,1219678
3703,4463,26958,24278,6185,305558,408756
15073,4889,70086,24408,8037,472169,610588
4074,5259,43936,32056,8389,262062,370424
5944,5870,256435,45537,6518,359599,697273
4593,4870,28340,28352,7111,307639,400424
9018,7907,56450,50907,5889,425881,571737
4703,5482,48151,24315,7314,300736,409645
8981,6759,97835,26074,7296,335237,513756
6444,5630,-4927,31871,8426,304683,372127
8556,6648,28683,23981,7815,248074,359813
5815,5407,45607,21815,7074,247484,352646
8407,6741,66198,26000,7555,320022,474923
5611,5833,269659,35445,9259,395244,773533
6147,5315,22361,55574,6648,277619,391682
5000,5518,44063,69093,7000,349323,498812
9500,6889,46746,33371,8722,242455,384128
5944,5463,17929,26760,7629,281346,363034
5036,5093,435983,23815,7500,256253,752606
8945,7037,52481,52574,5834,399922,542182
4741,5592,45869,32741,9129,245278,363091
8888,6834,77126,63111,6704,242704,420497
5444,5315,4476,27186,7203,254059,321387
4333,5537,38697,50555,6148,463578,618070
6370,6037,50010,25908,15074,270525,391665
6000,5759,75156,26815,7815,223194,361424
9185,6592,159729,32426,9370,232676,465516
4722,5241,31134,62926,6741,279641,409442
8481,7056,435132,27593,7130,271400,773736
4574,5204,44186,32296,8852,289811,424757
6685,5574,132388,61870,6371,231998,496052
5722,5278,3442,30981,8704,249575,322924
9352,7055,497866,83444,5926,274407,915661
5685,5297,44957,29963,8703,238690,350684
8167,6648,85974,25703,7278,297542,469831
8000,4240,186287,30241,8703,309840,597033
5444,6481,370026,23092,6037,403933,831235
8667,6648,43894,35833,8722,223197,342183
5370,5445,57818,33000,10130,287308,435368
6148,5796,198058,27370,7648,212088,471609
5889,5611,32518,63611,6667,290646,422886
4944,5315,48257,25963,6982,372091,517200
5907,5537,45441,31463,8352,236076,352257
4685,4834,126587,26352,7833,315632,533386
5556,5944,12493,24481,6945,373393,459053
7111,5833,52639,32593,9074,454357,577533
4148,4759,46230,25204,6944,299027,402720
4018,5093,98006,31481,8630,234862,396812
5647,6537,318153,25018,7408,438676,818995
4167,5000,28298,53482,6000,342143,480849
5278,5388,39742,24241,7222,265275,384294
6574,5574,45758,24204,6703,325999,432942
4296,4871,494793,33352,9352,331886,930495
6000,5296,25681,23500,6852,317261,402146
5408,5574,43678,68612,6703,387967,532997
4592,5019,44714,23944,6982,217173,351665
6314,5296,176435,65648,6611,244859,522959
5407,5519,728395,88722,6074,396987,1245493
4685,4870,55986,32000,9315,341789,466923
4185,4685,110855,53815,6592,451845,646551
5333,6167,105316,28426,7204,497902,687829
6259,5611,207833,32796,10222,249053,526700
4907,5315,35553,52667,6185,425258,580663
5944,5537,45959,34315,9648,241928,358979
5018,5704,70809,61778,6537,233559,419979
5908,5166,256770,53667,6019,461484,805625
5259,5463,51417,32796,8500,295322,417979
10426,8018,49452,49278,6296,360546,500071
5000,5500,43820,26185,7315,358862,466312
8315,6481,142356,24982,6889,217271,454831
5796,5389,281317,23055,9945,387197,734144
8778,6944,44667,51297,5981,448719,582756
5611,5259,48444,33259,9018,240777,392294
5926,5074,83793,63370,6871,277723,460368
8722,7407,213162,28222,7223,257576,538478
4352,5388,29346,26185,6815,324726,415664
8500,6722,41140,67000,6500,460560,607163
7833,6685,79953,34667,9426,239452,413924
6296,5408,205840,64462,6834,245972,569738
5407,5296,28431,31648,8667,288215,385757
6167,6166,41577,144296,6000,358476,612330
5574,5000,44390,61574,6667,242867,382498
4425,5186,164462,26111,7111,277998,501182
4185,4611,15683,30704,8537,248667,348776
6222,5685,44552,25962,7593,346613,478423
5833,5648,384809,32352,9981,265465,723718
9036,7352,96548,26574,7704,315283,478182
4722,5334,7990,24185,7000,258916,325221
4574,4852,20914,30852,9111,245843,333109
4944,5704,48172,26500,13092,243086,359146
3963,4445,56614,25741,7574,289161,402980
3722,4407,699668,31000,8778,491399,1254159
5000,5370,65871,54444,6704,476589,632237
10055,7778,42443,32555,8574,372369,523071
6407,5648,46700,30389,8574,210002,363090
6648,5648,262384,52778,6389,325205,689089
6889,6314,16697,37760,9333,290431,389183
5185,4777,400640,37148,5407,268283,741329
4482,5203,44471,30204,8259,244342,353591
4999,4741,94932,61426,6556,270935,460460
5703,5222,119061,34481,9000,299845,494849
4852,5333,390651,27148,7852,291697,750737
3981,4630,53001,25667,7111,352755,514219
4722,4815,65703,32537,10074,240684,374868
4630,4796,237646,25055,5945,286129,584960
4370,4482,786162,34111,7833,381405,1240863
4834,5111,40142,31352,7185,485688,633108
9556,7777,49585,23463,7722,294321,410572
4185,4778,206268,67167,5481,367710,671811
5000,4833,22766,24204,7278,256899,344443
5500,5111,43580,53648,6759,337251,526220
9018,6889,43448,32592,9889,236310,354997
4500,4963,77983,23482,7018,237663,393998
8944,8259,16407,63037,6778,330590,457886
8648,6944,35054,33019,7740,389648,497553
4074,4685,49496,22630,7352,368890,496719
5889,5778,498050,31351,8556,246742,811866
3741,4444,153178,61315,6611,232208,475794
4518,5241,256380,28500,7704,291876,632589
6981,5519,44786,24888,8667,895098,1004883
9129,7611,45914,25055,7482,217362,327739
5407,5482,204634,22537,7129,253067,549645
6055,5333,27318,23592,7796,259237,347942
4962,5297,434056,25333,7519,284772,796810
6241,5592,730536,22611,7556,259495,1049661
4888,5500,109294,63018,6759,243056,451367
8870,6760,185328,24019,7352,306742,651200
8741,6592,21920,32000,9796,243523,340684
5500,5296,38695,26926,7611,349414,463868
6648,5630,45249,30796,8704,234860,350239
8666,8130,254914,81981,7167,369989,747625
8537,6777,27839,33981,9056,247363,351257
8722,6852,86058,31223,8463,278272,437182
6833,5370,47946,28315,7481,231849,377182
6315,5629,117926,33463,8648,828328,1020050
5185,4926,46924,62833,6593,285555,429720
4963,5333,49792,33093,8833,432446,549071
5315,5555,50476,25334,7111,273411,401794
5815,5222,84992,61778,6352,234894,418312
5166,5148,166398,25945,7129,239766,464738
4907,5648,31952,44185,6222,232047,359998
46055,4778,44135,52260,6240,346473,544237
4926,4814,57819,31352,8778,234216,359498
9389,6778,149632,26185,8074,303680,520257
3870,4945,26870,25167,7167,271608,358090
5129,5722,46369,30500,7686,443146,566422
6796,5723,44885,26056,7222,222409,364424
5926,5740,132718,31426,8574,344909,545071
4389,5241,15512,39444,6833,242598,349961
14370,4556,37751,40092,6185,462876,582756
4056,5092,41083,33611,9666,243601,356165
9388,7093,95488,61685,6556,267565,482867
6314,5667,186393,25778,6908,276399,524460
5629,5000,28910,25352,6278,249736,338461
4462,5686,41242,33259,8129,234201,377201
6333,5574,67426,61555,6723,316146,479109
4185,5315,271831,51666,6334,346369,712644
9111,7519,27514,34000,9148,257151,370591
8352,6629,45235,25056,7166,232356,393646
9593,7592,92307,24722,7112,216968,375350
5055,5389,162083,32500,8926,264914,498867
6129,5593,419859,26518,7741,253266,739977
5185,5500,51986,52352,6037,353196,516367
5333,5278,210485,24852,7241,256549,531349
4629,5482,100557,25685,6963,248904,407405
5963,5407,-6148,23482,7185,260905,369072
9240,7463,136221,33129,8908,410220,637237
5333,5185,47812,23926,14555,273187,392516
4037,5704,597698,32870,8760,461239,1180419
9092,7723,187159,63778,7167,238189,536719
6463,5556,49954,28963,7426,301488,425887
4981,5241,49859,30260,8611,323915,444108
5666,4963,46673,25518,6982,310547,439238
9278,7259,184153,34889,8074,243530,505812
4574,5537,25484,38463,6759,242662,345683
4240,5463,43779,50870,5926,409459,554200
8703,6760,40406,32315,8648,234110,348053
4741,5389,81701,24666,7130,233575,373757
6425,5908,255810,25482,7648,477740,807421
4333,5185,50976,39388,6612,354170,531219
9056,7203,46603,27260,7148,391079,529849
5777,6000,75935,23315,7555,219675,377294
8833,7686,49081,26129,7519,605081,726385
5499,5612,23949,32074,8797,317714,414812
4036,5482,39151,23963,6963,250125,351053
5630,5666,568631,52019,6352,373881,1054049
9055,7722,116981,24037,7112,252608,434923
4870,5537,6387,25982,7092,275259,346368
4018,5371,42459,33722,9037,447816,581608
9592,7648,41273,26111,6740,252837,361127
3963,5630,621066,23685,6186,358112,1040605
5037,5241,186176,32389,8944,308562,584904
9277,7463,26693,38926,6926,375231,489293
5815,5000,135265,27037,7296,393824,597737
4000,5315,72282,24074,7370,243698,372109
4666,4704,180076,32389,8760,242291,488442
5778,5851,28464,61963,6629,310275,440294
4055,5445,46276,26352,6889,379276,508441
4481,4741,44849,26555,7685,278057,384386
5593,5777,244236,44426,6982,367223,696478
4462,5482,608197,38148,6500,397593,1082253
4815,5167,48973,23518,6148,232562,342054
4481,5611,48249,25611,7500,250990,381608
9518,7556,90099,22204,7296,313972,469293
4037,5630,596153,25296,7185,327879,982550
4630,5129,421892,22852,7111,274326,756236
4037,5444,48650,24222,7241,218496,348720
8944,7408,58314,22408,6685,332572,454627
4518,4630,216590,22130,7129,530294,857143
8500,6463,17959,24796,7278,299705,384942
4963,5204,44198,24500,7537,232763,353591
6389,5593,40548,32000,8777,261173,371332
8888,6852,101454,62555,6723,238599,439812
5056,4889,29859,27741,6925,252195,344369
6481,6185,43654,51482,6240,453806,618737
6278,5389,48800,30611,8778,263753,379665
4647,5445,103632,23907,7241,215940,375682
6259,5519,-833,24944,7315,255294,332757
6574,5500,33703,22685,6389,248388,341350
4018,5352,41885,23723,7574,345519,458812
5851,5296,64181,32277,9204,241522,373183
5389,5685,267382,62259,7074,422299,818421
5852,5352,27306,49074,7370,298803,412035
5425,5445,51175,46111,7203,368656,501737
4907,5333,46303,30148,9019,282102,416942
5926,5351,115024,27962,7741,265586,442127
5500,5333,2706,31797,8444,363902,447182
5722,5500,318908,23926,7537,457142,838198
5074,5111,43814,32444,8648,244925,376164
5889,5203,87905,26556,7759,211908,360183
4926,5481,455163,25963,7222,256444,773107
4240,5278,28253,32259,8741,236356,332590
5907,5334,37640,24667,7222,377116,488682
6907,5408,50916,31019,8648,233230,351554
4000,5222,214951,23834,7426,916930,1187419
4759,5000,20932,21018,7148,253604,329961
4556,5481,47818,27019,8667,340401,475942
5426,5907,44280,23333,7778,244515,346146
3981,5260,237055,24889,7037,390070,710903
4981,5593,537257,25611,7223,400070,1010994
6407,5500,47978,22796,6648,232594,339572
4926,5444,463198,24704,7074,217187,737607
4388,5611,89734,23426,7259,215209,360164
4796,5815,183306,24222,6889,280210,553478
6555,5630,53304,23111,7667,445359,556959
4499,5389,43358,65315,7074,253622,396664
5018,5926,59208,23611,7241,217031,367386
7370,5981,216633,25074,7166,214662,493034
4722,5500,20093,34389,8630,260256,368461
13907,4259,23870,36648,4426,295887,396979
4630,5500,39275,23445,7296,243538,374554
6092,5260,262254,32815,7963,427796,769884
5296,5185,24568,23593,7407,256504,340165
4870,5759,49548,31019,8685,369746,514015
5722,5889,46157,31722,8389,245545,359109
4740,5371,71655,26130,7666,259343,389053
4536,5315,-5513,24574,6334,256918,327387
6296,5519,25003,48056,6722,459493,566478
4851,5593,43094,27445,7500,363588,468386
4759,5407,43371,32611,8778,257701,366886
5129,5630,191702,28740,9260,255573,544015
6129,5574,27256,25963,7537,969553,1060734
5037,5463,47865,54093,7129,443984,577922
4852,5407,46197,25130,6962,260431,396868
6296,5556,108213,24223,7296,214173,380628
4888,5574,21953,24444,7037,256472,339201
4852,5722,454340,24314,7278,474636,991457
10519,8592,46245,24149,7111,252641,399331
6499,5537,99503,22408,7537,225347,381960
4389,5555,-4165,42074,6611,238497,311795
8388,7315,30147,51797,6240,373480,531570
5852,5055,41683,34944,9056,214223,325739
6148,5908,40440,26259,7333,215892,338443
5685,5167,157309,32055,8852,943888,1169568
5111,5518,18048,29463,7074,277098,361220
8592,6944,46380,53481,7222,401155,539756
5407,5389,454285,31037,8796,235452,758162
8499,6741,108635,24445,7444,243140,449108
6259,5426,-1182,30834,8648,394086,497034
5222,5241,43576,53000,6889,463106,591737
4796,5426,40741,33259,10093,240868,384812
5870,5500,84109,25834,7037,298240,442868
3815,5574,10496,23297,7889,257149,342591
5982,5499,27181,56518,7945,274317,395091
4389,6074,39641,64537,7019,452633,590089
6185,5907,55621,27741,7611,211859,362831
6111,5518,207416,25222,6778,227230,494404
5148,5222,24674,33129,9019,262677,375683
6000,5648,45171,25297,7444,231883,339480
4982,5407,45058,29852,8519,228365,337720
7611,6722,130760,22482,7092,252182,442016
4407,5277,12130,38944,6518,243240,327849
5259,5740,46553,31871,8611,435981,583533
6074,5445,42773,27482,7481,249410,354535
4926,5629,95476,24555,7093,299522,475442
5574,6222,301603,31463,8796,1122462,1491417
4907,5852,22824,26000,7481,468081,559997
5722,5296,47470,34000,8815,241398,357627
5185,5611,57691,30278,8685,208104,330665
4981,5426,243763,31463,6555,487122,793902
4759,5648,750502,32482,8722,465898,1282863
4425,5574,42501,26074,7555,392053,515663
5166,4963,41665,31593,8981,298444,409256
9333,7666,585201,27444,6537,238406,891383
5184,5056,20865,23686,7703,257689,355275
6445,5592,443030,32315,9074,246225,763551
9685,7092,48455,26000,7463,352339,503423
5574,5296,88157,31629,8889,243823,399868
9426,7074,300673,53000,6259,463452,855939
5648,5685,22449,32907,8871,244845,339053
5574,5630,43503,26092,6167,279458,384276
5074,5389,69279,22981,7574,311293,436534
5648,5537,204647,66519,5241,337904,640107
4759,5556,23349,33723,9389,304333,417572
14314,4612,64533,43240,6334,417001,565589
4388,5482,43198,26426,7889,247522,385294
5888,5334,110751,33186,8888,241691,421108
5740,5815,20269,24463,7407,256859,355405
5592,5463,48100,45796,6574,363860,518200
5037,5370,44543,26222,7463,258011,382239
6018,5278,74411,23723,7314,216032,348016
4740,5593,-1535,22592,7000,258793,315016
4167,5370,30667,52037,6333,386460,500256
4185,5278,46869,21833,7371,210777,310184
5834,6055,205312,24370,7130,480128,748163
4074,5185,182958,25000,7296,297502,568534
6277,5612,30660,64388,6908,334430,489367
5556,5481,750158,33834,9926,238595,1058365
4240,5370,43805,25352,6926,240638,340849
4982,5648,574247,35093,8740,239452,884884
8944,6778,20560,31093,9203,248642,342961
4814,5334,724225,25148,7130,291453,1073882
4537,5797,43297,64926,5630,257274,399961
8481,6963,84444,33296,9408,265387,422386
4277,5463,295387,63537,7815,326091,744347
5351,5371,23903,42241,6315,234706,337350
8518,7037,51087,85092,7130,367873,554219
7056,5611,67677,25130,7352,278616,406757
5352,5574,175250,23777,7223,282321,518182
8871,7018,50082,24851,6982,349971,479405
6241,5629,42803,29500,6407,438361,557553
5240,5241,43522,25445,7166,214272,319294
8425,6871,96243,23314,7056,219125,379812
7574,6778,11019,23722,7167,257960,335850
5352,5444,40017,24130,7481,446647,564311
9019,7685,46923,62481,5111,264816,423128
5092,5555,97829,23278,7203,225892,381831
7351,5593,237938,24648,7519,250244,549774
4851,5389,20918,32444,9370,243192,333831
5185,5130,40582,34445,8907,223712,335517
9278,6796,282840,26278,7463,286582,655126
7759,6500,226745,25241,7463,346140,636366
8370,6778,22207,25666,7130,317958,425035
14574,4667,23297,26667,6574,238886,333961
8334,7000,41203,24796,7334,217109,326369
8092,6093,120868,22648,7907,212130,416479
9167,7314,14071,39722,6870,245206,348091
5481,5371,47679,48426,6018,458799,630329
8704,7259,45418,62111,5037,795891,960698
6351,5648,571324,23297,6685,455114,1098845
5277,5111,177193,62426,6944,231657,504071
4870,5389,33321,48648,6148,379121,531256
5777,5796,39690,22611,7518,217717,351053
7592,6111,44818,25592,7519,215885,322869
4722,5334,286278,22241,6500,234292,612404
6519,5963,743165,25018,7204,440254,1243586
4019,4518,538108,22167,7407,259276,854069
3944,4704,40699,62685,6592,253892,409146
6685,5907,109031,28167,7574,218652,394609
9666,7518,-5415,36722,8982,244006,319887
5926,5111,43730,50186,6518,457636,584330
4130,5129,16914,37260,6870,258065,343776
4648,5000,77820,27055,7982,316696,449942
5722,5296,63911,32129,8908,247828,381461
4148,4500,20798,44074,6833,274348,388849
7037,6093,35851,34833,8834,214350,323646
8759,7204,51312,27371,7666,210371,327146
5296,5111,189348,32260,9055,240631,530793
6314,5797,29290,26648,7500,305782,416868
8166,6889,39326,147463,6333,369227,591793
5018,4908,40472,22648,6889,255748,352627
8537,7148,187527,25722,7277,368267,657922
6815,6092,6969,39222,6741,243937,344943
6500,5481,43579,24463,7092,375234,481294
8815,7241,41743,32259,10093,418902,572812
5759,5352,85871,26537,7686,251367,401091
8722,8056,171017,31148,8649,318331,660496
8574,7000,24793,28741,6704,289464,383128
5851,5463,40310,25926,7796,376947,479700
5537,5370,49753,22593,7333,321430,441627
6592,5574,153881,33370,9667,242450,505719
6481,5407,23731,23982,7481,321008,406553
4537,5167,44507,24148,7074,279213,381998
5167,5185,47079,31426,8944,237827,384702
6074,5241,579355,64185,7444,265510,961717
5685,5315,232261,28407,7093,407365,705866
8833,7426,43500,49074,6389,414738,558349
6018,5352,391090,30945,8592,234221,691718
4925,5593,84885,26482,6925,270483,448738
5889,6944,226384,31648,9981,223503,521034
8703,6834,17882,24499,7408,258524,342831
5463,5444,43806,65222,6834,343913,523979
6648,5463,61860,26463,7815,358008,496775
5592,5204,148672,22797,7815,216880,422460
8815,6796,18449,24870,7278,266364,350369
5055,5074,17206,23074,7815,427365,515145
3925,5148,488723,25500,6982,216884,762162
3945,5222,651628,34352,9630,288606,1010698
6315,5703,20183,24111,7667,258667,357405
6074,5574,417939,32389,8574,384222,875402
9129,7056,31549,22666,7315,231968,358997
5962,5334,67547,26222,7426,317395,448293
8074,7056,-14158,22889,7333,260082,326832
6037,5315,25044,52092,6148,376842,489738
5351,5630,56561,47611,8314,357437,509960
5759,5333,46022,29741,8722,210828,321961
6407,5834,170224,22851,7500,285551,534367
5833,5352,23129,38797,6907,243832,341257
5111,5389,43942,73204,8333,386555,539071
8759,6944,43052,61260,6629,227780,390998
5944,5241,109865,24241,7259,301299,469905
4815,5759,25807,28056,7796,367283,459256
8907,7093,33991,22685,6352,254988,352239
4166,5297,40544,22056,7167,219231,348350
6407,5759,73321,24630,7111,225214,358386
6555,5741,-5569,32666,9315,249605,331683
5722,5315,20077,46444,5982,437513,538275
9203,7482,759000,64852,6945,319381,1197178
5629,5297,48147,32666,8852,329128,469534
5852,5556,624163,30111,6241,276868,983772
7500,6500,15681,32296,8685,276540,365961
5093,5370,42660,85352,8278,375559,548645
6203,5556,43084,65074,6908,228450,374090
9296,7019,235286,52982,6426,353876,709496
6482,5777,40248,32556,9741,286768,400035
5129,4945,51894,46241,6574,374843,533552
5666,5408,40373,26149,7148,224235,358350
6130,5352,83501,32408,8963,299421,451553
4833,5444,174222,24315,7074,217053,447979
4630,5426,1245442,31704,8703,250049,1564843
5388,5500,41201,26463,6407,271576,390960
6444,5370,47847,26796,7722,317040,427386
4093,5092,257493,56056,8963,342447,693181
4203,5148,40343,61778,6852,290136,440645
5796,5574,396860,25722,7519,410098,892791
5704,5500,43784,33481,8778,269418,415942
6481,5815,94782,23778,7222,310419,484423
6278,5648,11799,32185,8667,246995,328868
5592,5463,43316,29537,7351,446089,552867
5370,5408,41869,23630,7018,245777,343665
5315,5796,87461,30166,8574,236945,422979
6444,6723,200440,62814,6926,307631,632737
5444,5556,19586,31426,8704,302207,390534
5314,5297,39658,27852,6482,241913,343349
4907,5463,67528,22648,7981,255526,383183
4296,5389,147211,60741,6870,234953,508312
7759,6426,24042,26389,7500,287937,378460
5167,5611,37744,35630,9555,379976,491294
4537,5093,38428,25740,7204,233330,329147
3926,5444,98408,24426,7407,219331,408183
6574,5426,21072,24889,7333,256370,339202
5500,5518,52200,23852,8741,492630,638292
5704,5499,40329,24166,7260,218318,316480
5055,5519,95511,23038,7240,329579,481053
4574,5093,-8916,24259,7055,259378,326869
6296,5889,21768,22851,6611,253324,335795
4296,5278,543746,23741,7315,277526,880402
3777,5186,1016281,41482,6815,261062,1369751
5500,5500,66503,35407,9593,507790,652070
5518,5852,1009408,61463,6648,392805,1510935
5407,5278,47869,129870,6445,259368,472571
3907,5408,37590,24185,7463,273649,367109
5500,5462,105718,25371,7240,297706,461330
4055,5371,-3266,33500,9334,1002407,1085049
6110,5463,41696,45241,6778,442541,578589
5240,5241,44805,60945,6333,242582,382812
5518,5685,76508,25389,6870,363082,499386
4297,5462,741709,27686,7407,255563,1078068
6055,5537,766485,33074,8889,263046,1100771
5111,5463,44520,25241,6278,279570,383794
4370,5797,45722,31463,8481,243313,353794
4852,5370,261721,52648,6093,456238,836699
6167,5463,18867,61944,6667,275242,393702
4074,5389,49902,41148,7371,325706,461516
5703,5556,42882,32000,8574,242783,352313
5889,5796,90250,60593,6611,236081,419238
4352,5333,9397,26630,7426,258897,342924
4481,5389,51636,48463,5833,408565,541052
5648,5351,456394,25611,7574,355490,872402
4685,5482,91465,62371,6648,251458,437535
3925,4482,228149,25759,7130,253607,540200
4092,4648,429944,23056,6981,287885,777755
5926,6018,48961,31963,9037,341240,461960
4889,5519,56366,23148,7444,229077,342332
5148,5371,138290,33148,9241,273318,502590
9963,8240,23900,38778,6574,246876,358535
4796,5333,42102,51630,6537,422969,602367
9240,7037,187934,32092,8537,362990,671718
5444,5555,111469,25074,7055,255955,449830
9074,7593,9985,25741,7537,261439,348424
5407,5167,899816,22741,7056,608674,1571676
5500,5555,42389,63797,5148,243035,386683
4148,4703,70814,24537,7241,219536,371590
9740,9222,245942,24555,6963,359333,675885
4907,5556,25995,47722,6870,376132,526089
8925,7148,46568,117222,5685,454874,657718
5796,6018,31159,33870,9000,327247,432257
5018,5574,246897,34408,8037,1141335,1503843
9648,7926,21154,31648,9000,276214,380257
4481,4778,41653,83574,6407,310586,494534
10944,7500,44318,33556,9129,243088,398368
5889,5370,103334,26630,7185,260608,423997
6704,5833,-9704,32333,8685,248722,327961
5370,5371,34034,50389,6704,415907,534719
8889,7203,42144,26315,6667,216984,323054
5537,5611,74735,32185,8889,291670,455905
5907,5352,235510,24112,7055,380337,674199
6148,5296,25935,25519,7407,378322,491664
5407,5871,37174,33074,8555,243546,385683
5907,5185,63969,25592,7019,224807,347146
5222,5760,197040,34112,9203,241790,508090
5203,5574,20373,24759,7056,258884,339257
5000,5593,60167,23944,5870,472293,588015
4667,5722,43591,64519,6833,241388,381072
4203,5519,116015,27685,7389,326445,530089
5074,5519,2587,23797,7148,330391,391998
4556,5426,43530,45704,6666,450078,606071
6462,5648,42214,37259,8445,238062,353201
5740,5778,76305,62296,6592,254601,426830
4000,5278,179117,26593,7074,213991,473405
5629,5408,23968,30296,8833,243864,352998
46166,4259,35226,24333,7111,478512,610718
5259,5722,47297,31241,8704,236422,349238
4204,5352,230018,65481,6500,395608,735589
5722,5130,15386,28445,7555,344463,437460
5407,5278,38736,48297,6703,393298,512497
5648,5185,45643,25648,6833,300689,405202
4333,5278,135715,32000,9944,273839,497331
5648,5389,2935,25370,7000,257711,322498
5093,5092,397674,27037,6908,475691,932439
4555,5537,40414,24407,7500,244881,376109
5852,5426,84096,22185,7111,263920,403349
5500,5648,176910,63907,6815,232884,509460
10351,7741,27130,47482,7240,274479,391442
5147,5315,43703,26555,7630,377202,486108
9721,6852,48257,65166,6815,313204,465663
4907,5315,242792,57444,6370,333724,668552
4185,5482,24845,26982,7333,297634,384665
5704,5629,42270,48907,6537,444190,570219
9185,7296,547527,36278,6370,453597,1075938
4851,5704,137544,25240,7315,214991,412831
8482,7000,8153,34685,9203,246401,367517
7463,5759,41892,50445,5981,355939,486886
8185,7185,39372,31296,9704,236126,347128
5407,5463,81222,24574,7259,327776,471016
9018,7111,289961,48833,5630,353517,732125
5204,5296,662366,64722,6537,238369,999050
5019,5481,40883,66815,6408,488020,628219
4630,5463,59474,34185,9685,239394,404016
7055,5889,651306,53352,6296,372910,1112475
5444,5537,18656,31870,8704,313620,402572
4204,5444,59487,38352,7907,362455,494479
4777,5334,42874,26945,7388,307790,411034
4629,5537,267706,30963,8537,433327,802977
6444,5759,16797,26741,7296,257479,338275
4222,5815,35239,24037,7445,242258,336035
4777,6167,41571,61204,6574,254241,391608
4314,5871,79495,24759,7130,224151,394312
6055,5408,-11433,26334,7611,258060,309665
4481,5870,20122,63555,6297,316931,435071
8315,7351,54453,25945,7852,235804,357387
4278,5592,43822,31241,8907,286602,396294
8278,7129,108431,24204,7259,257067,428275
8999,7204,22707,26056,7759,379975,519422
5500,5055,43817,24888,7519,475273,613089
6426,5667,48555,24796,6908,236554,344258
4611,5704,112516,22982,7463,336777,532330
5962,5778,-300,24611,6982,341446,401053
3870,5944,44698,52260,6037,324966,464682
6222,5482,39233,22334,7166,246876,342757
5963,5500,82046,24963,7241,245803,420164
5574,5593,180618,33852,9167,242582,492886
5167,5203,25803,65463,6796,378991,517460
48481,4352,43190,31926,9240,331901,486830
4629,5815,46188,27926,7389,261014,367239
5204,5592,232057,25111,6296,285366,595941
5630,5999,18426,25759,7092,396406,477460
4481,4704,457145,23833,6574,250943,782532
5518,5481,47089,22685,7129,247799,352016
5241,5740,109050,25129,7648,226967,395053
4241,5389,6492,32796,9000,250173,325350
3814,5334,42453,32667,7926,378729,486682
6056,5889,44303,32926,7592,212510,358443
6314,5797,78875,27204,7611,242215,382775
4647,5315,261856,89203,8352,410529,796291
8833,7370,25021,23296,6852,314385,420960
6148,5685,42686,61092,6945,459367,597663
6000,5444,396906,38815,6296,244294,731459
5408,5333,211941,28148,17000,266871,553460
4907,5000,17199,24518,7037,323281,399016
5333,6111,39808,50352,6167,361689,500312
5685,5426,37640,33315,9685,244118,351647
5185,5407,101675,60908,6537,236896,431405
5148,5203,787895,26371,7037,401894,1252474
5000,5629,29690,49630,5815,371918,481867
5055,5574,38799,25408,7333,368457,480904
6166,5778,63761,26648,6926,288867,413331
4389,5185,278407,48185,7574,328071,702588
4796,5370,25627,23982,7185,303408,390960
9463,7740,40607,47186,8277,370928,533349
6333,5815,51013,26074,7092,263541,409553
5777,5463,166715,32074,8611,238153,471423
5574,5926,47157,65260,6888,294341,443497
8704,7148,77989,28389,6852,400508,578571
5796,5426,36802,27463,8019,240492,339146
5129,5482,116652,22444,7185,303364,475978
6944,5982,-7127,61407,6870,337940,442275
6388,5500,35334,53371,6740,456367,579385
4556,4925,44962,23611,6963,258055,378554
6000,5315,68849,25778,7444,235390,364109
4814,5130,-6782,33407,8981,248818,313053
9296,7222,57401,56186,7018,378652,535238
4667,5018,44418,31796,8482,333561,481608
7888,6389,35990,24556,7907,216601,316461
8908,6685,142451,30907,8778,237750,485368
5778,5389,24172,27666,7686,256104,346406
9407,7482,45651,30482,8444,394920,511682
5000,5556,38909,62666,6760,235033,370980
9278,6981,105074,26463,7722,326905,534812
6444,5685,-3113,39315,6019,244037,317794
8648,7000,39348,23760,6277,239484,342202
4629,5759,37069,59315,8926,290595,442312
6444,5370,77567,23537,7315,321708,462552
8851,8482,659121,48111,6666,389392,1170085
5592,5500,653156,35333,9038,296190,1044679
5537,5259,42303,23740,6019,284195,385201
4796,5463,51283,32833,8741,262437,382072
9129,7000,223614,30500,9296,245421,541997
4536,5593,24279,39759,6815,264126,380553
5999,5723,39980,22778,7741,416461,515089
6777,6056,46405,61185,6500,235186,411905
5833,5407,641385,34444,7500,235147,947346
5129,5371,257253,60759,6463,398576,751903
4703,4815,42326,24333,7148,351876,464182
6593,5370,82731,52741,6315,279155,451942
5129,5537,75378,29203,7760,321786,461015
6481,5908,437727,33074,8778,334564,893921
5074,5259,51782,70685,6370,295957,453034
5166,4815,46817,25574,7611,266551,391812
6167,5333,91926,39963,6612,274237,440220
4704,5852,254387,54574,6926,325775,718737
5074,5037,50682,25426,7908,327648,452868
13907,4260,66532,30555,8852,344595,511960
5278,5592,44512,24223,7185,254430,389868
5629,5334,541121,31629,9945,217041,825773
4722,5055,398472,48259,6778,267617,748292
4611,5426,44248,36092,9167,442990,557553
5185,5482,47931,23407,7852,221141,331109
9463,7703,61059,31278,9055,270273,406201
10407,7648,187316,23759,7167,266607,520404
4666,5148,38611,31852,8648,267906,374312
4814,5148,460943,42296,7130,449181,984568
4370,4722,49237,33556,8870,242687,360812
9110,6500,184347,23944,7871,218132,499571
6926,5666,54678,22834,7296,368190,512071
8426,7111,40380,59574,7370,400228,538311
4833,4759,48064,23370,7889,300694,409109
8259,6796,102599,62815,6556,244491,482960
6074,5519,652,27148,7852,258309,324776
8703,7204,32003,47722,6426,405587,557570
5777,5167,44927,47537,10833,261960,394553
5537,5777,86962,22741,7111,246832,422960
5907,5296,256294,58666,6315,410443,760625
8722,7629,34996,23944,7111,390687,490663
4611,5148,41420,65426,6388,464799,603681
4260,5351,41863,24648,7204,320320,431739
6240,5296,155324,61352,6648,246507,499386
9167,7074,702748,23796,6629,236210,1019420
5630,5055,709672,39796,6426,253434,1039661
8463,6981,47819,34815,9185,277809,402183
4685,5889,605409,25537,7482,391455,1120012
7907,6278,182815,32445,8407,310460,563164
4574,5574,41073,46925,4945,334573,453053
4277,5130,164034,32574,8796,293630,528608
8796,7297,72365,23630,7018,254244,388072
6074,5426,164938,28555,8074,296671,545719
6444,5426,47917,33611,9130,334284,456201
9037,6815,42323,65574,6666,437822,617793
5852,5333,48766,65129,6519,240343,387387
5185,5482,266726,24075,7388,367918,743385
5611,5223,23577,22611,7148,271162,354887
5759,5630,37946,51962,6519,450181,575960
10111,7222,40814,23241,7500,282591,407682
6259,5259,88683,31889,8518,246259,402201
5925,5352,11978,27759,8111,257095,335850
8259,6815,16901,46982,6481,237393,340664
6981,5686,573140,34167,8944,244818,893495
8352,6722,71639,26111,8278,251470,422942
6352,6556,689100,30351,7630,245135,1003550
5388,5519,675524,22593,7629,249471,1002512
5462,5093,41504,61926,6444,423049,559293
4537,5167,42169,33777,9019,316903,427423
5981,5426,136001,24426,7907,256534,473368
5611,5259,45277,71296,6611,303369,476960
5129,5426,43460,23926,6778,474962,575015
4852,5481,179144,62814,6389,283150,576552
5889,5462,101735,28759,8093,305337,490478
5648,5037,-10415,33499,8945,274951,335054
5907,5556,28527,47056,6537,411470,520571
4814,5408,48451,35371,8314,243269,360683
5147,5408,64450,48648,6481,257400,402571
4370,4852,164077,25148,7611,279642,533626
6185,5593,1230020,29129,8093,253786,1550732
5203,5741,36185,64074,6630,330719,481071
5648,5185,234646,34500,9852,921365,1229937
5037,5333,659534,25074,7277,250443,970642
5370,5370,15551,33666,8871,274985,361479
4667,5759,550900,63796,6723,264687,952309
6148,5296,44640,32703,8593,282192,395850
4870,5352,109008,63037,6389,242508,445516
5481,5722,23303,25907,7722,345658,446201
6000,5370,746857,50962,6575,469765,1300881
4518,5186,41354,26111,7223,225439,324406
4593,4777,599131,50148,6667,382845,1119401
4722,5018,209296,33259,10408,249146,526775
4981,5463,48035,23240,7297,314555,440127
50555,4500,45959,56019,7018,408316,587237
4574,5462,44458,22574,7222,263967,362331
4963,5315,631400,48555,6815,247132,980643
5759,5315,24620,24167,7592,258915,345572
4630,5333,40322,32760,8648,476137,583182
5426,5426,47450,30833,8167,266788,400868
6222,5185,106171,24074,7148,255494,418849
5074,5592,5169,27908,8129,254867,340572
5648,5056,38148,39519,6981,371794,498497
5482,4889,45146,34038,8037,225943,338128
5167,5796,62645,61611,6574,307945,478553
6537,5092,190755,33815,9111,253965,514719
5352,5241,25123,28037,8000,261023,349961
4907,5130,356899,39241,6315,365374,806514
5888,5093,42860,27148,7352,325008,430145
5259,5629,217877,63982,6370,348675,662514
5499,5204,26375,23889,6982,347233,451830
5888,5315,37781,35593,6259,348105,510256
5685,5463,45595,47666,7000,241867,389387
5851,5056,88796,25574,7148,243591,390775
5129,5241,1053294,63463,7556,392511,1546361
4999,5426,37052,25167,5981,240632,336275
5796,5612,41402,65259,6352,355502,494979
4519,5370,75048,34667,8870,325542,483497
6000,5166,249825,27777,6926,279487,611089
5408,5129,775638,33074,8703,347986,1193716
4722,5814,38655,64740,6482,446879,581755
5426,5777,46005,33185,8278,281919,396312
4648,5260,133039,24778,7778,256513,480405
6111,5537,17445,32389,8833,250646,338757
4815,5814,43222,47037,6463,366479,505108
5796,5241,40127,24352,7537,264241,362924
4814,5223,102958,28074,8093,231354,394831
4259,4722,23365,27981,8630,338614,461312
5963,5277,29345,32259,7759,390875,487664
4815,5296,45527,50074,6593,255359,403331
6240,5371,69081,33667,8759,244546,423034
6444,6204,245357,29463,7481,239325,554089
4889,4963,65003,42704,6556,248160,389868
5537,5908,38650,25611,6852,278459,380017
3963,4463,40518,64889,6389,240479,375350
4574,5333,271647,35333,9296,462460,837810
6741,6167,15830,24444,7796,256965,335628
4945,5499,39644,47518,5037,351762,472609
4537,5203,39679,34463,8907,241487,348498
4574,5296,107640,27481,8112,279931,489275
6648,5926,-6122,38760,6518,243083,314350
4593,4741,44210,34074,9352,895024,1011994
10814,8000,49283,48944,6482,246400,387312
5036,5204,73966,47278,6556,240420,395960
11796,7352,179538,26186,7518,312051,555108
5000,5037,77611,68796,6704,292164,474720
8648,7204,46701,24204,6352,255111,365813
5371,5166,43126,22111,7611,227743,325887
5018,4852,266827,45037,6334,344150,738921
5000,5463,645788,33778,9407,269891,984346
4203,4574,481546,28278,9852,308523,872531
7167,6129,42619,61296,13260,254656,403313
4130,4796,90617,29019,8277,212437,366109
9203,7204,1096837,66870,6445,417986,1624805
8944,7852,29799,55592,6982,449938,574756
5926,5555,41816,24759,7408,221071,322443
4944,4889,52259,31148,8981,236795,353091
5000,5629,166627,25223,7629,254519,479534
4056,4592,47310,70315,6796,297465,449386
10074,7759,43512,32075,7148,245578,363331
4870,5408,49362,33500,9963,290784,412442
8537,6944,160379,26704,7889,242378,502830
6685,6018,14619,69648,6629,352861,474608
4592,5000,41950,32907,8778,347251,470571
6074,5833,36892,49908,6370,239921,359868
5537,5945,90113,26518,8000,297940,484294
5870,5389,13982,37537,6333,247498,336239
8870,7333,17980,23815,6981,259389,341664
5333,5889,36293,60722,5222,246131,412664
5814,5686,62587,24870,7315,245059,370498
8296,6796,12012,27963,8167,304653,387405
8852,7204,55139,39482,6666,256859,392072
5352,5130,42489,48093,6129,367638,490386
9148,6981,45599,24519,7055,254214,396701
6610,5908,144467,33723,9203,249900,487904
8908,7574,11706,61519,6444,306773,427646
5666,5870,39409,30963,7407,419311,567015
8870,7778,38555,61352,6463,240721,380831
5055,5445,99553,24148,7204,293333,476238
9314,7426,232163,27148,8111,483037,787828
4889,5648,425643,44759,6444,250687,757885
5814,5649,46307,24129,8389,245802,391349
7666,6445,71139,49129,6222,240619,418405
6148,5370,204730,34500,10741,262008,539034
5185,5815,40394,69778,6296,308622,454849
4981,5055,42615,113667,6519,306030,493460
5000,5222,42966,25574,7981,243144,379220
5999,5371,273611,33000,8111,402736,745940
10185,7130,18943,40574,6389,243703,345054
5037,5056,390645,32518,8834,246499,706292
9185,6852,41069,24296,8463,210911,350572
5778,5500,99160,63000,6685,241708,437183
6129,5889,-6749,24037,7167,285506,358220
5556,5370,37638,32445,7518,368248,477738
9500,7407,45822,64074,6592,241380,410275
6000,5240,67172,31982,8629,284937,420682
5777,5685,183874,26074,7222,252476,499330
8388,7130,40650,70574,6685,256626,407108
4759,5389,42111,24055,6019,282387,383720
6185,5704,45868,60519,6426,239889,381683
8963,7018,149423,25092,7574,218002,466275
6537,5592,48717,33648,9204,321003,442256
4574,5500,40067,56833,7093,318338,452146
8407,7000,42306,24426,7389,217026,322072
6222,5703,606693,66519,6741,239135,967716
6556,5518,186562,24018,6982,244139,488682
4760,5314,42394,44740,6186,442270,594904
5852,5166,41910,23056,7278,259088,357590
4944,5445,69871,62852,6592,242997,441090
5667,5870,173796,28129,7667,215313,451109
4908,5666,47294,33500,9222,469314,585071
4389,4759,40273,61408,6815,397779,529700
5518,5315,37901,33963,10130,242671,384664
6222,5500,152677,25259,7278,255357,467090
4926,4833,14176,32037,7926,253082,352165
13666,4093,26062,46186,6574,343008,510756
5370,5574,47005,33926,8982,1104987,1256696
5648,5203,213504,27296,8185,333827,659199
5018,5260,556391,31851,9611,250345,875421
4630,4777,139686,39796,6593,273386,487553
9407,7000,40961,34519,8481,232778,385534
7333,5574,59330,25056,7259,246890,368090
5073,5019,296791,32278,7833,344742,722625
6407,5296,23808,22074,6963,284449,366720
4833,5426,40825,45981,7204,244377,366627
6944,5982,39101,31074,8907,246527,353016
4944,5407,101933,23556,7333,257472,416108
4759,5352,25505,27463,7963,257363,363609
6278,5704,730891,63908,20000,238954,1083846
5148,5315,45761,33296,8815,245534,359017
5370,5315,96666,49611,6519,269775,448960
4278,4703,-3316,26074,7018,256964,330683
6092,5648,30756,44555,6611,391557,500089
4740,5574,42865,25241,6907,371707,472978
5518,5037,66974,31352,8444,314931,482089
5351,5352,155139,22889,7130,297154,529478
6148,5556,32748,37611,6630,239879,345906
5093,5407,41247,23500,6222,273177,372702
5000,5408,40763,31963,8648,657899,765681
4722,5296,198280,23796,22889,257495,564922
6259,5593,18223,28426,8296,256534,340943
4907,5296,34074,31148,8555,480739,579293
4962,5482,45497,25222,8334,280445,385812
4555,5333,97718,26741,7481,291095,447979
5074,6111,194216,32222,9185,244466,540496
6333,5555,17955,67260,5463,254191,375220
4610,5704,41935,35574,8463,371970,484330
5074,5445,66062,22056,7963,240361,361813
4629,5371,284394,43630,6740,476305,869810
6092,5648,63559,28778,8241,242290,373794
4370,5407,42521,48278,6555,399847,556052
5445,5185,121092,25834,7852,372404,553701
4555,5352,175017,48852,6537,338035,609885
5777,5241,362497,23852,7203,274370,696551
5315,5148,43809,32223,8000,478131,622126
5796,5463,41938,60815,13111,255782,400442
4833,5463,102621,33204,8722,310895,503553
5555,5944,760397,22797,7259,302930,1122252
4481,5296,31099,30741,7611,246140,342887
4444,4833,36950,61703,6500,442326,571293
5499,5797,52910,32204,8407,331976,467478
5870,5408,176167,27908,7907,263941,503405
4593,4796,29888,32037,8575,261943,377461
13945,4222,416923,71315,4889,283313,840940
5222,5537,39015,33037,8481,312428,440590
5814,5278,180105,25278,7482,364724,629144
4908,5277,13678,27093,7777,257821,351461
13426,4185,23028,45389,6648,350007,507886
4722,5519,510729,23463,7186,373246,944143
4888,5037,95284,50537,6574,266732,480663
5666,5408,-8292,34518,9333,247476,315868
10241,8074,16725,36296,6278,250014,345165
5314,6000,505279,34037,9240,700104,1279270
4704,5092,508925,24907,7408,258515,824921
4962,5278,280053,31426,8333,485739,834365
8833,7500,29218,72630,6851,274058,416683
4741,5037,41105,26018,6148,467485,568164
8759,7055,40585,61815,6240,267265,427516
6630,5666,183898,28759,8037,241155,490683
4759,5463,17099,37686,6407,247584,371664
6073,5519,41635,24981,6463,428640,530422
9111,7000,42318,48797,6555,231032,360720
6408,5259,101798,27833,7648,258385,456257
5814,5260,170944,60389,6667,267571,534941
9685,7425,29591,26371,7592,261815,359794
5462,5648,41867,48389,6389,378964,516478
5815,5352,69476,26167,8148,244466,375591
6092,5741,841826,38148,6426,257556,1190326
6055,5408,67658,24944,6796,264303,394794
23258,7149,43786,51203,6463,362137,543404
5777,5500,21007,35463,9759,248529,342442
9222,6982,136282,28759,7982,263363,468331
6370,5926,-5775,38519,6463,255550,341849
5963,5407,36261,30574,7722,452533,554182
4982,5444,42944,32074,8667,249646,358887
4704,4814,80498,25185,7149,331314,484349
6092,5630,188330,33611,10000,291315,550793
4685,5463,30105,45297,5222,478891,584830
5370,5463,46567,34870,8611,334505,468812
6093,5351,63417,23260,6944,339784,463886
9611,8426,206156,65055,7149,378469,723200
5592,5186,25821,24685,7277,374084,461997
5666,5371,34208,55833,6611,475122,633866
6018,5203,42466,23296,7223,274476,373238
5129,5426,170409,61685,19704,250051,544719
9444,7908,14166,24296,7167,249462,347350
6240,5500,44572,38944,6611,470444,588274
5055,5519,40532,23278,7148,248114,345572
8722,6908,80438,61037,6519,283355,498442
6425,6037,6863,23259,6963,260136,328850
9056,7444,29176,56870,7278,405173,530053
4537,5315,38655,60945,6611,488618,622256
9407,6963,48413,35945,8592,243215,367813
5999,5334,243152,68463,6407,452769,799995
9222,7333,18336,33666,10000,356496,488497
6092,5722,51093,49611,4889,288757,424738
4851,5667,35165,34167,10259,300629,428182
5833,5537,202978,26741,7000,282685,549126
4703,5278,12773,31945,8796,373113,479479
9518,7574,476123,39926,6685,368298,946828
6444,5852,39177,28074,7315,290080,395331
8408,6592,89009,32407,9352,906782,1102753
6111,5426,167729,50333,6426,240620,494590
8278,6907,21172,25759,6982,458806,542478
5444,5889,419855,48204,6222,267678,787032
8963,7333,55836,25148,7037,333144,490831
6315,5444,266408,39704,6166,402292,743700
8685,7203,60536,33778,8851,238667,374479
6185,5463,42812,52426,6444,341297,485572
6111,5148,40920,32760,8611,274688,387090
8240,6556,98160,25000,7481,266171,427294
7741,6314,22510,32352,8741,251951,364591
5944,5537,40934,45185,6630,401711,522571
8907,7055,43581,33593,9963,242954,361942
5092,4741,75986,28963,8685,214216,355886
8925,7019,-15719,38463,6425,246996,327312
5870,5611,32465,43814,6389,466014,576812
8889,7037,41314,25222,7723,394275,515849
5981,5278,71498,25833,7908,219222,353054
9556,6389,244829,35315,8741,423962,790311
8722,7000,34291,29666,8500,310281,424405
7667,6315,40677,53056,6481,373153,505923
5685,5630,40861,33074,8871,246840,359980
8926,6648,105971,23889,7389,221027,389091
4944,5408,2932,31278,8814,367085,495868
8667,7426,35133,44556,6722,374289,493238
6388,5797,2472983,32185,8982,272370,2834113
7741,5426,97908,60074,6167,278200,471886
4722,5555,181610,48482,6574,241165,504052
9611,7037,74016,33000,8722,274223,425257
6315,5500,62810,58574,6778,462964,619719
4462,5389,560568,32889,8574,264705,930124
6888,5945,218177,26741,6352,289930,572718
5240,5241,37787,31129,8686,1028743,1135104
4777,4945,371229,63704,4963,271711,738329
4556,4907,40913,26093,7296,309863,431998
6167,5592,255189,56463,7297,458565,810477
4963,5629,21169,39463,6704,246922,347794
4741,5648,831667,23111,7037,365196,1295492
9092,7555,34536,61445,6148,330276,513793
8333,6574,86627,23722,7111,220594,368350
4241,5759,617050,60723,10685,271777,991698
5314,5185,33846,23277,6112,252338,394645
8833,7167,37232,50074,4834,251950,385053
4500,5500,62656,35204,9778,244952,401090
8926,7129,232563,27129,7093,244768,551719
4222,5111,31005,31482,9389,258752,361554
4110,4834,33410,31260,5907,290865,444460
9111,7148,32557,33167,9852,250182,359146
4407,5852,100963,24129,6334,261923,421164
8259,7019,9924,29037,8166,260260,358961
6796,5778,37941,22944,6315,241761,341331
8111,6667,33347,63351,6778,336910,485201
5741,5444,100863,24778,7370,292875,456516
8722,8260,228602,65481,6889,341802,676626
8073,6908,19693,35944,9204,245768,342572
6870,5648,42303,24592,7648,365158,483349
7222,5611,59689,34149,9648,244178,376386
5278,5166,150855,24648,7074,257754,488979
6222,5518,25372,33944,9537,323960,422720
5167,5555,911925,64075,6722,269252,1281678
5833,5482,42442,26759,7334,251870,389035
5944,5296,175330,47907,7426,284538,560682
5370,5259,17291,25851,6741,259948,338386
5241,5352,40196,67648,7315,352319,527256
5315,5240,38843,63833,10186,250599,391998
5370,5426,76063,35037,9389,242009,387646
4426,5130,281172,53630,6574,386416,789903
5852,5222,25801,43981,6648,385271,488831
5407,5148,44095,37130,8555,242348,357331
5314,5093,63723,25111,7407,221405,376997
6407,5519,142499,33055,9167,263924,475794
5129,5445,26793,23167,7296,267094,369961
5685,5055,405811,33574,9666,412426,888569
4593,5426,37919,24130,7315,304300,422183
5518,5259,109122,29981,8945,324357,524404
5204,5889,3564,23074,7593,309100,388665
5574,5185,39322,66019,7185,348138,486460
4667,5426,35005,24463,7074,279178,371350
4963,5018,78856,33500,9277,265328,445868
6555,5352,175891,65278,6518,252514,527238
6185,5778,43444,25982,7889,370608,478942
9278,7963,45147,52092,6352,350499,502535
5666,5167,51645,27630,7926,316537,430905
4704,5574,278643,44241,5204,477629,833107
9204,7314,15420,24370,7222,304060,384461
5925,5056,41529,34425,9223,366005,506163
4667,5037,40656,60611,6519,241934,395368
6463,5389,190803,28352,6425,243361,498016
5073,5389,28950,33777,9315,254530,355868
9185,7389,43170,25963,7407,372309,515349
5944,5333,36002,32333,9333,292756,397034
5111,6074,86981,24167,7314,258535,436830
5722,6297,174831,33018,9982,293869,538923
4592,5278,20589,24481,7871,251872,332053
4537,4740,42921,63629,6778,383114,522534
9129,6889,55511,25130,6926,256209,373738
5130,5592,149825,23407,7019,247043,487349
5870,5518,530693,25871,7833,296265,891828
8963,7222,37988,50611,6685,335991,488238
5315,5629,34542,62666,6686,240086,372757
8481,7056,182984,48537,7074,275513,548571
8240,8463,15446,35259,9204,250163,361998
6000,5537,37462,37555,6204,445535,556330
8425,6871,42442,33278,11222,236556,353757
5388,5908,89847,48574,6426,242169,447071
5648,5389,-13357,34000,9037,249559,308202
4593,5203,25474,44463,6297,387208,492127
8555,6815,40287,36704,9037,243063,359479
7648,5926,56656,26278,7518,255120,409683
6203,5426,201210,32426,12166,264603,541608
5018,5408,26615,20648,7037,285753,371720
5463,5592,71317,39945,5407,284718,434812
4407,5407,559260,64518,7352,362679,1025160
4982,5222,109165,24019,7870,259592,449239
9351,7574,-10502,33833,8963,315667,402331
6703,5852,35069,45408,6463,439686,556404
5667,5555,52901,37222,8537,252634,380090
8296,6444,94103,47723,6611,290987,491367
6093,5611,-7751,22834,7166,262305,314202
4981,5982,417914,22185,7185,263211,740347
9315,7056,38135,64351,6297,502250,677478
5944,5407,59337,47556,6444,243624,387183
8537,6556,478131,24444,7167,265920,807903
5426,6185,22722,51260,6388,268183,395442
45444,4371,34721,68666,7278,302592,503886
5241,5370,34015,23833,6945,259131,349146
4407,4982,123735,31815,10852,249392,441572
8556,6963,13697,24351,7093,265949,361906
6222,5426,43862,47370,6667,437117,564182
8148,6426,40415,28315,8667,251415,380146
5500,5407,85636,61278,6537,276602,457404
7777,6000,325653,33519,9907,439435,873643
6148,5222,14984,39019,6241,246976,336461
4315,5333,39705,26648,23093,285718,423516
5481,5148,434667,60537,6278,240699,767459
4370,5611,271628,26574,6463,390016,755014
5684,5112,20755,52889,5889,341186,449923
4277,5389,44309,56741,6556,278410,415053
9185,7259,43289,33982,9462,311468,431701
4148,5482,184565,27185,8204,355653,626034
6111,5945,12804,38333,6593,249860,338795
8759,7019,44746,64019,7296,333917,484905
4500,5352,45115,32630,9944,251735,368943
5167,5667,87632,32111,10796,248051,404739
4167,5296,178038,24907,7056,340385,575423
4648,5185,21777,26981,7741,252647,339609
4278,5259,35294,63537,6463,246889,381257
9499,6982,55403,35148,9278,284558,437145
8000,6482,172105,24778,7388,229763,465331
8648,6759,16493,32722,9703,278451,370627
4185,5704,33212,67371,6852,332414,492923
8648,6760,38137,25629,7241,248102,349017
5630,5667,212005,50759,6352,396380,693607
8148,6741,14374,24333,7334,262735,341128
4833,5370,42188,45203,6500,469106,590959
8704,6852,44296,34000,10519,227683,348054
6185,5907,416443,47296,6426,292775,810439
7092,5982,178830,26926,7056,242630,483830
5315,5611,28032,55130,7074,358502,516201
5666,5556,42716,22814,6963,272153,391998
6019,5407,247955,26833,7815,333134,644996
5055,5537,157175,33574,9241,282581,529811
5648,5241,-753,61482,7074,337102,455757
4981,5593,66338,49000,6426,348455,500330
9277,6926,441411,33352,9074,246140,794847
5777,5371,230261,25222,7092,462957,755532
8500,6833,14167,37908,6740,251758,343406
5334,5574,43072,34444,9815,355907,504960
5815,5056,39811,23889,7574,220613,318350
4426,5259,108328,28444,8149,272317,442571
5592,6667,155585,32241,8611,248893,506737
6463,5481,16899,25519,7963,260118,340109
5481,5704,39434,64833,6463,252860,392682
4500,5463,200636,25778,6611,358657,619997
4092,5352,278264,51759,6445,416954,777384
5371,5796,45040,23278,7277,338569,456053
6185,5555,48242,32963,9685,332404,474219
5092,5186,40055,49055,6426,243684,367702
9833,6834,103350,27629,7870,247704,437979
5833,5352,4867,35833,6704,250076,326795
4666,5167,38624,33018,9463,441984,550145
8463,6759,1063826,37852,6407,266944,1407974
4333,5240,83806,46482,6500,374839,535793
5759,5815,222748,26519,7407,347415,630959
4203,5278,14024,58315,7185,477491,581792
4740,5537,42097,66037,6537,475511,619052
9629,6796,42614,47611,6611,322217,476497
5259,5371,165760,25685,7111,218904,442646
4166,5148,95000,45963,6537,459312,631533
4444,5185,37368,41500,8092,372315,487126
4093,5611,35644,48555,6463,244595,361961
8907,7222,134105,24241,7592,248745,482589
7222,5926,6899,39945,6481,364228,449256
3852,5166,43565,35278,9296,371025,521460
6111,5333,35415,23222,7371,240083,332683
4093,5889,88931,31982,8500,336288,516294
6000,5796,56615,29129,8112,307660,452590
5926,5500,19298,49074,6871,407698,509516
3833,5444,38723,25555,24871,265590,400460
5833,5185,60499,23629,6685,344295,485571
5500,5814,212942,35463,10185,233130,552367
5740,5334,30680,70000,6463,322891,472627
13574,4130,14938,25685,7611,469522,551867
5111,5945,219806,64278,6352,277375,597219
4963,5537,149657,34352,9629,245360,463720
5055,5389,663432,38130,6981,406358,1145271
9519,7426,41116,23389,6352,241456,347795
5389,5685,37503,49204,7148,241828,363554
8315,6407,95113,23333,7111,342107,523868
5018,5222,584444,27630,8074,245699,894642
6148,5667,23091,21703,6056,259778,339850
4870,5556,36107,63371,6574,451537,585867
9056,7277,57106,23352,6908,345650,480201
7499,6408,217937,26167,7833,367726,673014
5593,5166,64880,62019,6370,308229,471238
9333,7537,37305,34204,8944,439970,588108
6555,5852,38988,47722,6426,243844,364535
5444,5241,237227,24444,7759,479825,775291
5073,5260,39688,61222,6574,348457,486034
8647,7260,43279,54574,7166,339571,477460
4870,4926,36703,24148,7500,289721,386812
8333,6685,86609,49611,6592,252741,425682
5148,5463,1733440,26593,7778,565675,2363542
4611,5000,26939,44444,6445,372373,499812
5185,5407,35141,25278,7500,247061,342683
8871,6648,53583,25204,7185,225489,363202
7037,5667,155563,22778,7166,297138,514423
8759,7333,19821,39148,6537,251326,350294
5500,5648,40578,35593,9593,448066,561923
8093,6388,34355,62555,6667,241607,373942
4611,5093,352852,24130,7148,291866,703829
5037,5111,10980,40759,6260,303184,388479
4667,5481,35072,23889,9222,380629,478535
8573,6908,46607,61962,6463,259466,408275
4482,5314,87105,34093,9037,315115,474386
7981,6667,169233,61222,6592,240468,540886
6870,5574,18898,24333,7574,261137,344109
8445,6777,750767,33722,9722,261690,1098494
4370,5037,52932,49111,6907,310307,497219
5944,6408,1477188,34296,9426,253061,1808267
6573,5723,26854,38666,6334,240310,345294
4056,4574,416167,34092,7333,292718,780070
4889,5407,266517,26556,7444,304757,636367
4055,4408,127904,29555,8408,291167,481571
5166,5444,12496,33925,8982,256762,350979
5611,5204,39123,47926,6852,429522,593941
9481,7574,38362,27500,7537,248303,356812
5000,5667,88360,62741,6481,322119,507071
5666,5759,9748,49092,6260,326546,441108
9444,7537,14394,34611,9389,253678,356479
5111,5093,43003,61685,7093,388734,526979
5815,5778,58261,34537,9037,246663,374498
4333,4685,178277,48649,6574,236442,494608
4741,5222,18702,25888,7260,263370,394109
20518,5926,16719,35593,8851,362075,490405
4981,5593,40272,63833,6500,246448,383553
5426,5722,297456,32851,8982,319781,710236
5259,5389,-4916,27408,7796,252896,313999
4334,4814,732267,61963,6963,255042,1120549
7074,6203,36858,60778,5130,287991,422886
6574,6074,91042,25463,7222,247641,398942
5463,5055,-10460,28130,8148,257570,311535
4870,4722,24372,45870,6389,467033,603996
6741,5796,36148,35129,8667,334498,467201
5333,5722,244424,48370,6685,287295,651737
6167,5315,134384,25593,7130,346908,596386
9315,7611,48031,32334,8592,270282,402850
5352,5315,41492,21167,5982,303894,404850
5462,5408,36676,28703,7908,256211,378609
8963,7240,101582,32796,10148,246120,422275
5870,5334,353228,25240,7537,648674,1073198
8203,7759,907245,33130,8888,312730,1313862
6740,5945,41539,24167,7667,347532,449923
5018,5426,238852,55241,6519,932584,1278085
6167,5592,283851,47981,5074,417219,784236
8944,7370,413164,32759,9259,278406,767958
7574,5685,486569,44278,6445,391425,957106
5500,5351,46105,24148,7797,301782,405664
5759,5426,272566,22407,6185,462634,792106
8889,7407,29027,31408,9240,285082,388590
4777,5019,37322,51407,6648,455842,611015
6296,5685,43079,33297,8889,256381,373572
9055,6981,245634,23166,7778,489918,831735
5741,5277,727039,41982,6259,342880,1150123
8999,7185,38501,23203,6760,387089,538941
6352,5815,38128,33574,10333,248685,380090
5889,5277,82293,23297,7555,277797,417331
4759,5074,246903,32092,8204,221520,533978
5704,5407,12901,31389,8685,252079,350980
5574,5000,33769,63648,7148,469579,600774
5073,5000,53712,31538,8574,328452,465793
5833,5222,152914,25723,7333,257102,471701
8981,7444,41394,30630,8629,313678,442349
5370,5055,42707,45889,6500,362772,487997
8018,6852,32298,28888,8297,299959,400664
6018,5741,179833,25186,6870,390404,641367
5889,5278,860368,32648,9241,253440,1184419
4852,5592,35645,23889,7851,237410,333794
10074,7426,33550,64260,4962,248263,402498
5796,5222,88085,23741,7352,265320,412367
9203,6963,178973,61648,6815,248543,526386
5204,5500,22064,23166,6111,259805,338850
4536,5056,33932,62945,6444,244807,376183
9296,7055,51931,23000,7648,306567,421256
5834,5574,165540,62426,6666,267494,529331
5222,5296,31242,29074,8352,241182,338627
5019,5240,35111,51741,6370,440035,571775
6963,5648,42350,27426,7777,318352,427683
9797,7407,103737,48389,6611,243298,470590
6093,5296,-10320,26500,7722,303744,373276
5444,5315,813252,24130,7407,331908,1206863
4556,5222,35954,60981,13482,249655,389331
9278,6907,472063,33797,9259,245599,826754
5685,5462,172933,29518,8963,297620,539700
5314,5389,30986,61389,6685,300993,431256
8759,7240,32966,29871,16759,278087,392016
4334,5407,64853,60648,6518,249053,409054
9315,6629,228333,26407,6445,237275,532571
4518,5074,24702,41444,6333,244427,344683
8370,7315,42903,34093,9778,492074,609237
4722,5148,36068,62352,6426,249448,383905
8518,6908,101140,28167,8611,354727,523608
4000,4667,31527,31371,9778,337358,463109
5833,4963,35304,54871,6574,414211,539219
8407,6963,35673,25537,8055,247011,346868
5074,4926,74782,62537,6667,265530,436979
8500,8000,168354,32722,8500,245328,488404
8796,6648,15816,38852,6667,249515,343424
5222,4963,36518,33648,8555,219851,327461
8666,6963,39497,30667,8741,260945,372423
4611,4796,123903,24334,6870,260354,441775
4759,5371,20623,31778,8796,265949,382128
9926,7703,228308,63796,6463,971222,1308418
3703,4630,55287,26092,6834,246230,395738
8018,6611,107637,28093,8129,330638,506145
4500,4611,1565394,32981,10056,348446,2000988
8129,6797,38504,61222,6518,350290,486071
4981,4945,30576,31167,8889,280310,376127
4555,4815,85241,23426,6852,315997,480867
8389,5981,675869,48926,5222,910344,1674638
4778,4907,15831,33926,7703,250890,335017
4703,5389,37088,61352,6500,472131,603330
4666,5519,55345,24556,6740,313819,426830
5111,5018,153511,27463,8018,217376,431479
4444,4796,51787,40444,6537,327397,467219
7259,6259,41451,33723,8944,479453,594052
9555,7722,45654,61796,6389,319974,493164
5074,5000,97244,25574,7389,284346,439053
5148,5426,725316,32667,8907,468121,1263252
9111,7444,38223,30778,8518,357590,476516
5500,4777,38629,23981,7500,261574,358090
4500,4666,84479,23777,6815,298427,437831
5185,5111,299273,54519,6889,424000,809644
4259,4500,16383,23796,6611,264171,338072
4259,5130,38158,63815,6648,338876,525108
5130,4870,39194,23833,7093,266304,398072
7037,6055,157785,31778,9074,250472,476738
4814,4852,21357,26667,7741,261881,345387
4111,4963,72355,49334,6296,404549,592497
6574,5982,32539,25759,7611,238478,331554
5297,5203,187056,34370,9463,236664,528127
6129,5519,24331,23852,7648,275704,363961
4555,4815,31367,31352,7777,380723,511682
6981,5759,36088,22759,7111,263503,358739
4796,4852,67160,28555,8278,252319,380572
5129,5000,172233,32092,8426,251543,523978
6407,5666,315490,41241,9055,1204742,1603249
4908,4888,40489,25722,6278,240676,357406
5777,5056,37320,31518,9426,249419,353979
4519,4611,911391,62593,6574,240083,1244326
5167,5222,20168,28111,7963,257886,342461
4833,4834,36333,45944,6537,422571,570293
5833,5612,36849,33241,8833,237519,342517
4148,4833,92071,24685,7278,304186,488090
5648,5240,21051,38425,6556,245559,340368
5036,5130,32937,45278,6334,334745,447793
10037,7722,36158,23834,7203,260655,362165
4814,4722,79619,48982,6278,244304,404219
4518,4907,213507,24407,7407,239843,511645
9389,7000,13838,44333,6630,241956,357998
43666,4685,29707,25389,7259,461253,587478
4593,4852,48334,22019,7055,226479,362276
5777,5389,219203,49630,6519,428107,733088
9814,6926,51868,34649,9574,252815,383572
5722,5426,39773,41297,6648,481389,595107
5074,5278,37309,26833,7056,294466,414813
5963,5463,150752,22203,6797,300634,507571
5704,4981,428084,22925,7612,340837,860291
6092,5426,43693,45907,6926,414656,538237
4278,4851,35358,34648,10982,283251,408757
5722,5240,76968,23333,6722,347641,481700
5611,4703,284188,31241,8111,352253,738106
6055,5389,19223,31259,8667,251979,340460
9981,7277,43000,24648,14092,251629,377516
4593,5481,48350,31296,8796,327222,442387
5389,4963,440254,28871,8315,345277,905532
6741,5537,53938,30723,8555,338929,467016
9203,7259,41048,46426,6723,366875,496997
4833,5463,544306,31962,7519,247468,894754
6925,5426,93397,24074,7592,256528,411682
9203,7352,8932,27685,7982,260399,339646
4463,4722,33893,47370,6482,382604,530756
6018,5463,36854,23352,7389,279551,377960
9314,7278,75463,48649,6388,263720,428423
6074,5055,179073,23833,7315,556219,796643
4666,5222,19608,32500,8075,246001,352720
6907,5741,40662,22333,6037,288095,387886
4408,4981,577531,23352,7648,268019,904476
5278,5481,157511,62963,6833,256913,552108
6111,5370,15416,27815,8204,303600,385016
4314,5185,70582,64777,6463,285861,481923
6055,5278,37358,32444,8981,269067,375239
5648,5574,98670,24352,7370,232754,422645
5685,5297,12631,28723,7703,257348,335054
4907,5185,693630,23500,7537,299827,1048160
4851,5574,39110,24630,6740,258870,354405
5185,5499,64997,24852,6519,224279,379627
6000,5352,170161,23426,6834,278650,507497
7851,6463,45846,38388,6778,450466,605811
6407,5537,36344,25278,7962,348284,473775
5778,6148,53157,48815,6444,302026,441183
10019,7018,193729,36167,9315,224453,498331
8389,6759,16950,38759,6370,252604,347517
8277,6741,44226,32704,7833,388568,508423
5426,5037,915001,31537,8278,395528,1379696
4630,5222,109463,48278,6833,244479,469109
7167,5666,-7464,27000,8240,314518,372979
4333,4759,40960,37574,4907,365316,534793
9203,7037,38662,33667,8037,376984,501886
6277,5482,78900,24574,7186,654150,812013
5925,5389,281621,30445,8722,371115,779551
8981,7297,62823,24759,8000,321897,450794
5000,4963,38599,65241,6556,416360,586034
6222,5204,48875,32074,8907,356493,474182
4907,4667,190225,25723,7240,224550,474201
9907,7593,12038,60667,6556,313588,427423
4407,4648,165371,26703,6871,259664,502812
6130,5314,31147,33537,9148,249778,353128
9055,6630,108459,62241,6482,259056,490608
6167,5537,7550,32833,8685,254819,351850
9111,7574,33419,53666,7037,426615,563719
5815,5111,38621,27129,7723,229895,332128
9037,6574,47749,25370,7722,337175,469516
6296,6629,188192,24889,7389,222231,471275
6204,5796,14264,30926,8722,411141,496312
4684,4760,33669,51463,5297,464067,613403
6500,5407,46891,33018,8482,279496,398239
9203,7444,138778,48796,6796,243258,470367
6111,5223,15960,27945,7685,430481,510164
4500,4704,40440,32149,7888,430742,539182
9426,7407,40310,63518,7130,394984,536738
4389,4685,101103,28445,7574,281838,442497
4630,4740,-12768,61482,6611,378154,459849
4333,4796,28082,25371,6370,421489,506497
4260,5092,37951,62018,6537,247085,400831
7444,5648,58356,33037,8945,247586,376627
4981,5166,695170,36759,6944,365454,1133030
9166,7334,36408,32852,8759,381033,527034
14481,4537,13555,64297,8148,468312,591497
8055,6667,53387,28555,7796,283871,403479
5093,5426,974255,25000,7481,223090,1288974
6185,5593,10494,25722,6722,293412,368646
8833,7537,41419,41055,6685,382801,538812
6204,5389,32990,26111,7612,256507,353350
7944,6389,182730,24481,6759,223138,466812
4537,4926,-7216,24203,7297,275677,328906
8352,7018,26041,37148,6167,445585,545200
5759,4963,40817,25074,6815,242532,343646
8185,6278,62760,24240,6815,279553,404183
4926,5259,171925,25445,7833,304331,573571
6500,5722,738164,31185,6019,249497,1054846
4073,5186,35829,64296,6481,346169,486682
5056,4852,42253,33889,9314,350226,461127
4388,4723,203140,64741,6592,246912,548200
4222,5685,19713,33740,8908,324859,435830
6740,5723,49655,39111,5111,455490,584682
4407,4630,32227,27334,7574,496547,600459
9370,6759,99060,48778,6740,245420,465090
7648,6834,689520,32111,7815,418047,1180123
4333,4741,40315,38019,4963,438533,548756
8815,7203,38129,34815,7981,342869,470590
6314,5463,233164,25148,7093,289277,587329
4778,5092,229162,33019,8166,252983,552423
9389,7667,37308,38148,6593,495058,610237
4685,4704,423510,31797,7722,239560,729848
4944,5667,574749,35907,6611,250079,895957
4111,5019,184895,27371,7407,255565,501127
9407,7778,2561,27167,7592,304771,376831
4148,5148,38670,39000,6593,373623,483756
4629,4815,41798,33722,8945,247625,391405
7037,6056,106796,27444,7612,311515,482608
4241,4481,-20853,39259,7000,280315,349109
5833,5204,39034,40796,6704,482222,597941
9371,7685,401217,33500,8778,268556,744644
4315,4722,78882,26352,7500,257671,396590
10333,6463,1440380,32130,8518,258536,1808823
6130,5870,42342,38315,6777,366804,484238
4222,4389,35229,63241,6611,477879,641552
6018,5408,47801,26259,7722,248012,356368
4426,4944,210911,34037,8722,224827,523812
5870,5352,706576,49296,6518,363252,1153715
4111,4518,60056,33037,7648,369960,526515
8611,6500,37573,25277,7426,222963,324776
8796,7000,142403,31500,8537,408278,624496
4500,4870,12495,61759,6481,318874,440219
6037,5445,25937,30519,7574,243560,338072
4740,4667,37899,30074,9592,241155,344572
8852,7000,56600,60297,6389,277174,430960
6833,5759,259340,28444,9056,452304,776792
4296,4629,28468,32037,8482,357733,477108
6185,5759,1289373,26778,7222,280192,1651009
6574,5740,39817,31388,8389,269201,376368
5629,5667,157333,28074,7833,255646,478312
9148,7129,342924,32389,8389,438553,858846
4574,4908,36625,24852,7334,253242,366165
6222,5556,152346,27111,7241,250614,469553
10277,7389,94622,64908,6741,247004,445645
6056,5814,182529,25462,7093,257636,534090
5870,5408,33656,50333,5926,463396,580478
4537,5240,40470,24814,7649,221918,353368
5629,5204,75578,26167,7129,303179,439071
4278,4629,283281,32481,7723,433178,791014
5908,5277,16205,41389,6519,254330,347498
4167,4944,44907,62722,5204,368442,542516
5908,5166,37979,26500,7389,358685,457053
4018,4704,219273,31408,8944,223853,507126
6166,6019,13050,38351,6463,250486,339035
4814,5371,40714,33130,8944,431746,552645
6444,5426,34139,25204,7278,223211,316646
5852,5703,108156,49074,6667,260527,452645
9556,7629,-2660,33259,8815,252992,326721
4352,5148,40060,38222,5148,431807,552275
6204,5333,41854,34760,8092,248366,359776
6389,6259,77094,27500,7925,255127,397109
9278,7444,161018,61074,6370,241498,523627
5759,5388,20276,39814,6556,354982,474386
5388,5686,31643,25686,7314,220688,345016
5870,5167,574235,24888,7278,258057,910069
5389,5333,279252,46000,6981,417133,777292
9370,7296,17917,35166,10315,338266,435923
5759,5815,41822,52203,6537,355194,495756
5852,5111,31450,32055,8556,250622,348813
5074,5444,103301,63370,6574,255308,458386
8777,7037,325854,26148,6778,459437,867309
6019,5333,38408,37222,6352,1022196,1131345
5241,5833,41425,26037,8018,249629,352924
4722,5426,58720,61481,6407,268112,422776
7870,6796,151644,34092,9093,264595,523108
6166,5574,65605,26260,8000,301485,454794
5074,5870,1803121,30685,8815,267052,2138006
4796,5111,504805,61426,6481,397708,997883
9166,7500,188304,26814,8519,351860,622792
6241,5592,38839,60667,6555,324011,460720
8481,7000,38818,24167,6741,387586,515311
5518,5463,30910,62907,6278,248348,409201
6277,5075,90185,33278,8796,239590,399349
5166,5704,6795,27629,7611,355166,436571
5537,5333,24645,31260,8815,241834,351924
5093,4963,35532,49944,4889,271318,388831
5722,5908,67715,26778,7519,312782,444498
9889,6815,394251,25092,8037,307726,786922
6092,5463,13527,49945,6722,481395,581626
8463,6963,95155,23463,6759,252509,411405
6111,5814,53542,62482,6556,249196,400571
8277,6796,267633,25000,6167,488881,817809
7740,6482,16872,39444,6537,249867,361035
6259,5537,512629,50648,6389,302681,925013
5296,5241,36405,48667,6667,243388,364924
9000,7092,99478,28241,7241,356648,537126
6019,5463,644439,37018,9223,245407,965791
7814,6426,31753,38463,6463,393263,529200
5982,5500,34880,36704,8740,1206390,1317326
9037,6962,68379,25556,7500,287563,440108
6074,5574,196970,32555,8982,251842,539016
6555,5704,22857,39166,6575,245900,347813
9666,7611,36263,31629,7815,339735,462312
6000,5592,40002,48277,6315,337496,461127
4704,5352,147814,33815,9000,247498,466609
9388,7185,-3835,26704,7129,355296,418942
3963,4518,1280811,31722,9260,325290,1708453
6518,5796,31995,62685,6574,250541,383053
9314,6593,609937,41815,6092,402650,1095771
4425,4778,588509,28389,8019,464817,1153900
6722,5852,31841,32315,8537,373360,502608
7259,6092,39414,26926,6907,382102,488404
9648,7148,44393,30574,8500,252457,369312
8463,6444,204466,71592,5186,424437,788717
8907,7278,21186,34926,9111,279497,386813
4945,5481,38351,55371,5166,359572,517220
7388,6259,44202,27370,7537,313463,447960
9074,7148,247552,39426,5241,436555,782236
8333,7074,5494,28612,7555,379837,474164
6278,5888,39938,33425,8926,374024,490016
4814,5463,30806,64667,6963,248710,378294
5500,5388,92730,27241,7463,245564,401738
7574,6648,383062,31870,8481,254805,746551
8092,6630,15449,39778,5222,249475,342683
5111,5722,31484,32852,9722,250348,351072
6167,5055,53983,26722,7870,258386,376313
8648,6889,664777,31777,8352,455606,1197289
7944,7130,693645,24926,7000,398144,1154548
5018,5537,35459,31888,8667,223225,328646
9537,7037,37365,49277,6704,242985,368350
6889,5833,211659,50111,8556,435151,746255
6963,5833,17898,25630,7463,261526,344739
8648,7055,37582,51685,6630,363286,504923
5907,5463,31117,24426,6981,326529,418738
9351,6704,85263,33871,9129,258327,417664
4759,5222,-12331,25686,6703,301126,350313
9463,7444,20557,53351,6371,466440,579552
4481,4760,37461,24852,6871,263851,360072
9815,7000,73738,31907,9093,252371,398516
6963,5833,240496,53092,6519,445667,809792
6852,5703,15735,32889,8944,406152,518849
5370,5333,41437,24370,6130,248932,366350
6130,5426,38620,61555,6333,242749,376276
5630,5000,130377,27037,7260,247583,471461
5722,5370,17061,28537,7834,258937,342942
8926,7463,29930,32203,8611,463160,576756
5814,5426,36299,63333,7000,341551,500997
5982,5740,107186,26926,7463,294478,463794
5296,5056,-5353,25111,7926,264592,337110
6371,5592,32775,50389,6222,352093,499294
5629,5593,32866,23296,7185,226392,319183
8870,7352,214531,35666,6445,323169,613404
5352,5555,170696,25426,7629,247172,477312
4852,5482,22768,32240,8241,385507,489109
6185,5630,37007,24870,19500,247769,360202
9296,7297,30820,27592,7352,257215,355406
5611,5555,162060,32277,8834,254771,504534
6073,5556,4261,25389,7148,262922,330701
9518,7389,30241,39908,5111,452552,560775
5518,4889,38239,32667,8870,304518,409997
5518,5982,96201,27481,7574,333778,492497
4277,4834,36087,32260,8407,437224,542663
5204,5481,32161,46926,6833,405207,520034
9463,7148,36399,28352,7130,354413,483794
5222,5574,80416,48074,6630,253396,448719
6482,6740,173396,33204,9796,247639,492405
5019,5555,20691,34814,8463,377344,481294
5925,5371,29855,65056,6907,395216,523497
5129,4778,57891,33444,9185,297496,445868
5888,5352,215371,28352,6500,239459,518108
4648,4963,631961,27093,7592,289867,1001957
5796,5259,453164,31741,7055,382776,904791
3926,5000,40587,65130,6407,354002,505089
5611,5241,89623,26055,6926,223653,371590
3982,4388,7789,26426,8055,264006,349369
5611,5130,29786,51667,6296,456970,570034
4426,4704,521988,37630,9203,317970,945476
6037,5685,54672,25259,6833,260012,407183
5981,5333,205374,24685,7741,263790,528274
5352,5259,19187,23537,6204,296403,373350
4222,5111,416260,23981,7537,404347,903958
5019,5129,38962,33389,9166,259944,400461
6204,5481,171941,64630,6815,246704,519219
4666,5037,-9338,26667,7518,262689,331590
5648,5129,180809,32870,9000,256930,508238
5259,5112,34250,24908,7000,308895,400942
4573,4704,98953,26648,7482,323618,513626
5129,5592,-15937,31130,8759,276084,344238
6000,5611,28487,25000,7111,377177,481368
5389,5259,31911,63148,6722,249569,379961
4296,4722,69539,28259,7185,221311,349794
5426,5630,210074,35185,8629,231905,533997
5740,5556,18091,25777,7167,334999,433293
13277,4445,14626,34370,8760,222557,312442
5111,6056,36958,25500,6852,270688,365832
4537,4629,741234,24000,7019,333315,1223974
8277,6648,12011,31388,8593,258247,342813
4426,4593,32730,22963,6796,505304,591830
7000,6241,36544,62870,13907,250547,415442
6481,5704,73135,24722,7630,232918,365702
5222,5093,488281,62648,6592,274029,876865
5759,5315,27465,23703,6704,253107,339442
5055,5371,38611,33852,8148,223146,362257
5648,5037,52869,27574,8111,221611,335887
4370,5204,160904,23703,7371,226908,444368
3981,4630,18013,70686,6388,288392,441386
43592,4481,37197,105148,5778,301041,525108
4056,4389,216139,62260,7092,328264,664885
6147,6037,14935,25796,7407,297731,375627
3907,4500,643284,22630,6907,245377,975365
6130,5426,46468,23963,7370,298474,406424
3722,4333,32929,32445,9018,308606,406497
5537,5574,84576,62407,6408,243607,423127
3925,4482,329629,31537,8778,267459,681347
6185,5500,9757,24630,7648,267407,338868
3926,4370,30219,31463,9722,241057,335406
5537,5981,70329,61555,6685,262985,449146
5648,5297,280771,24759,6815,387539,728348
4259,4556,17214,41111,7481,298544,390943
5388,5760,36434,31759,8519,239582,363238
5963,5333,31285,24481,6944,346603,451812
5185,5203,211598,61500,6759,493528,798939
5278,5611,14540,37130,9278,246254,335387
4537,4889,37076,27592,6130,478810,573793
4833,5130,43499,62315,10315,272720,418608
10444,7759,84906,25167,7500,278351,428979
4352,4833,-16559,65315,6296,325631,409257
8314,7148,17143,33871,7685,248948,358405
6166,5667,38493,25389,7444,393579,528793
5407,5148,864288,32277,13908,401205,1392881
5833,5666,217527,24852,7518,392470,668551
4981,4759,48099,31556,8407,260732,393312
13648,4277,532098,31833,7241,257564,864846
4073,4741,35077,24223,7685,278032,369368
5703,5352,249057,53667,6500,437976,783403
6111,5630,34833,64518,6797,291053,426683
4259,4908,39072,25426,6148,398684,511645
5611,5314,31978,61778,6500,229909,355979
6185,5981,277569,27167,7314,335372,676292
4444,4667,211807,32871,8778,439114,757236
5778,5389,28010,42611,6574,360302,488812
5352,5963,31304,25685,6482,224490,314220
4389,4685,486840,26629,7482,241248,820681
5685,5241,252116,35593,7537,387658,714885
9592,7518,165337,64648,6537,398363,670810
4592,5611,39594,36907,7463,291571,403349
6147,5926,32741,25685,7537,318554,433367
6314,5500,107480,23944,7278,225111,394127
9759,7296,716182,24870,7296,502941,1319326
5815,5463,36106,43518,6926,358336,474590
4685,5148,34400,61611,7111,272283,423719
5611,5241,95917,24148,7796,335136,523090
6203,6000,-9251,33871,8870,255212,335294
41907,4223,8728,23667,7167,300491,404017
4444,4760,29967,28796,8204,276716,367924
5370,5889,71614,22407,6982,374698,516886
6463,5222,666020,24352,7370,243364,987624
5574,5277,35445,25537,7240,443127,549589
5147,5075,31572,66240,7074,387444,518015
4444,4704,44440,33871,9129,357094,483737
5555,5407,222921,133370,6481,331391,733699
5370,5185,309493,41703,6630,386151,773921
4315,4741,41472,52000,6334,328636,469590
5685,5333,37045,62130,6685,331378,463627
4037,4667,101747,26500,7648,331454,491201
3944,4593,1722467,32851,8926,415983,2221153
6110,5352,25188,22741,8130,437327,519848
4111,4777,40946,67667,6537,259996,421090
5630,5185,54666,62000,6352,251257,400091
6148,6333,175442,24445,8055,224833,492978
5722,5352,14700,32444,7871,361779,445701
4333,4778,35809,62537,6519,331818,477553
5667,5222,34696,24519,7370,307246,421609
5240,5167,130195,22518,7426,293784,479719
4722,4685,228471,32203,8482,533784,831569
10110,7630,35729,45907,6907,366195,516552
6518,5945,580263,29871,7907,307953,956383
4536,5278,88262,23889,7352,319365,485886
6166,5444,-16443,25574,7334,925048,972920
4019,4611,37444,23518,9315,243795,339646
5519,5796,38109,24055,8111,270852,368091
4333,4741,218773,22519,7167,421926,710588
6241,5611,194105,32630,9463,281280,544793
5334,5537,312622,27426,10944,400540,779940
4129,4463,35899,68481,6778,361673,499553
4037,4722,35119,27037,6796,258805,385831
6555,5463,218821,24296,6334,503304,780292
3981,4574,10301,26685,6944,327734,414830
13536,4297,14503,23166,7482,243903,324850
4037,4685,32816,24630,7018,225053,312776
6315,6185,97314,22759,6945,256535,444479
6407,5500,-11521,40019,6833,249445,314850
3907,4389,33885,51148,6500,349816,494571
5592,5704,36531,64167,6500,482039,649200
6574,5518,62048,25463,6871,308856,430942
4314,5908,143028,23074,7852,245469,478497
5740,5315,15749,37518,4722,315194,403849
9593,7851,40840,21518,6000,298103,418831
5759,5370,180486,34926,8648,345844,599200
4018,4611,138873,63019,6630,272142,527330
5574,5185,670260,24185,7907,349345,1105715
8944,7463,41666,23315,6722,464479,578922
5555,5352,33979,31297,9074,271982,372979
6574,5703,209089,24463,7666,445760,734440
6296,5093,175235,27648,7648,249281,486386
5407,5519,33881,38241,6704,461726,600608
5555,5260,32842,36648,8482,238822,342368
5592,5241,67026,26907,7426,278083,438349
6611,5148,244265,81333,7482,392971,762866
5481,5407,56430,61463,6611,325975,480645
9240,7074,40521,131297,6148,911009,1123808
6167,5499,36409,62870,6648,287090,419868
4833,5055,225388,49056,8315,860734,1190881
6259,5574,33053,32630,9074,345778,449627
5259,5277,32015,52889,6148,372686,490830
8833,7092,775902,41666,6741,257018,1131956
6240,5463,86530,25055,7611,302691,448460
6203,4871,319694,23000,7148,519893,901476
9796,7426,13841,30963,9629,250546,356998
6074,5537,32709,23222,7500,228122,318683
5722,5797,48671,23463,7796,316956,423424
5204,4814,203151,27296,7667,253735,516645
6278,5926,11945,31389,8852,390330,472164
4056,4740,28555,65333,6686,444553,570756
9852,7500,37701,25296,7241,224390,329961
8185,6759,241162,39889,6278,385574,738384
6481,5500,-14728,51167,6296,292152,381849
9000,6926,32177,25500,6204,393801,503145
5574,5018,33398,61556,6722,227693,355850
4333,5278,98581,23982,7222,224620,401997
6296,5667,-18754,23038,7074,267659,309739
4370,4500,21801,31611,8092,246772,334980
6630,6148,38465,22315,7000,399717,510275
5981,5389,54945,23130,7926,311904,424923
5222,5408,243202,37093,7426,260183,592978
5667,5314,20109,21926,6370,327501,404146
5111,5370,30422,38556,9148,289909,396257
4796,5388,345328,23314,7315,469298,907661
5815,5315,217381,31741,7814,388134,698293
5722,5574,15065,28555,7556,262359,343294
7389,6537,36267,32574,8574,474582,614978
5759,5388,36784,31518,8315,257030,360201
4833,5352,72948,23908,7241,217845,346850
5518,5630,171021,32500,8963,251791,523664
5944,5482,24815,45148,6760,367311,489108
5741,5333,502629,34870,8741,381088,983180
5666,5593,57016,65037,6629,248538,403794
5111,5722,247977,24852,8555,239372,567015
5982,5389,24271,25945,6833,411448,523331
5555,5611,470659,23630,7222,479298,1031364
5722,5426,29954,32796,9759,251786,350961
4871,5592,148730,25981,6963,259212,465850
5574,5370,-2328,24278,7074,267660,342479
6185,5481,364597,65537,6759,311436,800550
5037,5037,36780,34240,8797,251255,356924
4277,5685,77908,24537,6945,245145,378738
5148,5314,687351,27926,7981,430032,1178807
3925,5111,32183,32000,8907,439500,547293
6203,5500,38903,25759,13074,261873,370090
4166,5537,47549,24908,7037,373189,505571
5426,5518,224807,26593,7129,403356,703107
6092,5426,54305,22908,7259,327322,463182
9018,7704,30563,23740,7500,243732,340109
4555,5407,36432,31666,9074,292122,394979
5519,5685,242115,55000,6074,363659,696700
4111,5370,3669,62333,7204,264866,383794
14203,4537,18575,69778,6944,451422,580848
5129,5741,35666,25277,7148,310018,404683
3833,5019,84700,26871,7259,257241,433905
5963,5592,176459,33444,8778,252150,498368
10796,7519,39549,25055,6908,481855,621219
5778,5185,34066,24371,6814,893392,985439
5610,5760,50601,23982,7407,366433,489719
5796,5408,221729,25852,7241,357841,642682
8611,7018,12580,32481,8759,257345,362924
5648,5203,469652,24982,6555,319010,848550
5463,5685,33595,25592,7611,224774,352553
6000,5314,222538,28981,7074,471144,756588
5666,5352,10091,25908,7407,346481,436627
5537,5204,33589,23371,8129,242001,335443
5222,5555,33273,23593,7204,226003,319090
8870,7056,159031,26037,7333,351318,575386
7222,6148,700418,22555,6574,269947,1031957
8685,7130,15416,50444,5760,1086873,1189993
4481,5074,34600,23092,7093,266954,377812
6629,5723,57783,32703,9908,308270,439553
10759,6889,150133,25889,7259,224864,474515
5852,5259,12668,31352,6871,319032,400257
9408,7166,728760,25425,7519,289901,1106068
5907,5222,36073,33315,8833,250981,357664
9444,7185,155960,63907,6982,255296,516812
5870,5352,21440,33389,8907,254447,348609
9185,7259,38975,53463,6481,341875,496756
7130,6203,31825,62556,18593,266042,409961
4740,5389,90249,26352,7723,283655,434793
8537,7277,-13548,26815,7463,264454,318702
4130,5092,24543,32500,9555,242178,335424
5981,5926,31652,25074,7130,381660,489312
6925,5463,54373,32481,8722,311144,435127
5093,6055,193352,67778,6704,252108,548256
4796,5481,42332,33093,8630,301517,413942
4407,5204,28589,26093,5574,243520,332183
9333,7482,28051,31333,8500,301466,402202
5222,5296,156901,28537,7796,259578,482626
8778,7481,-6397,23611,6834,326672,384702
4925,5426,37601,49889,6130,355989,502219
7796,6722,36784,63223,20537,244157,397460
6092,6000,75395,28259,7426,230011,367924
4185,5407,302003,32982,9204,384862,757699
7185,6314,34447,24852,7703,377903,500904
5870,5944,27723,26444,7723,394071,483108
4296,5093,46350,23593,7222,263425,366035
9296,7333,249238,74703,6389,414036,777495
8629,7186,21069,33907,9259,252911,351054
5259,5352,33882,29667,7463,453226,563089
7074,5870,49066,32722,8648,303581,425720
8759,6759,110212,23630,7037,309211,485052
7796,6852,361840,63296,7167,414173,897217
15481,4704,439894,24889,7241,311823,825366
9815,6963,36300,32426,10166,262884,374424
6204,5814,86835,63630,6741,249014,470145
7629,5537,176334,24092,7185,250072,485886
5074,5333,16814,43685,6518,365796,474646
4870,5093,35515,25926,7389,396574,494664
9722,7056,42254,31667,8648,254151,404387
6945,5796,190141,27889,7945,259485,515905
9240,7334,10565,24223,6981,295395,388109
14629,4685,13083,23389,6889,354155,432756
4852,5296,29877,32593,8926,253121,350183
3963,5129,164005,62778,6685,278307,539589
9518,7815,8003,24574,7519,265883,341201
6166,5556,1231223,64963,6667,263082,1630694
6759,5741,36667,32944,8611,255369,382665
6499,5778,62647,24907,6870,338351,490700
8907,6963,275293,57407,7722,403055,837161
7055,6185,22032,22945,7074,256836,340664
5500,5833,37253,23685,14315,282708,386202
5148,5037,61584,65167,6722,259154,419664
9666,6982,274508,44185,6352,471691,828643
4797,5499,14359,26185,7204,351658,429090
9370,6926,35875,32926,6722,244753,355720
8259,6722,26263,23093,7518,237921,360924
6777,5556,99964,26574,7297,279366,440571
5871,5759,-10389,33426,9685,291628,371535
5796,5203,29443,23426,7259,245833,350201
9037,7111,33126,32111,8371,255075,361257
5185,5426,73643,64722,6833,250429,455960
6037,5592,172327,33537,8852,328485,599774
8519,6703,655621,61630,6889,265058,1043383
5722,5111,15435,69240,7000,279971,401942
8537,6722,63636,34537,8741,288584,428238
6425,5093,238394,69129,5056,316769,687495
8499,7019,39929,46426,6518,305550,432219
4722,5167,31834,52074,5982,420921,572719
7056,5555,35333,61648,6908,243998,376906
8611,6870,658535,30074,7500,300237,1030438
6778,6222,507218,26389,7445,290665,863606
5000,5185,30291,24445,6963,486816,575867
8500,6796,32012,25352,7518,309394,406387
6815,5333,89029,23222,7111,264766,412072
4852,5018,426731,24574,7314,307636,796588
9073,6908,18729,22944,6463,263714,345275
8351,6741,28560,25111,7130,226105,352405
6741,5963,45169,22926,7760,254902,359517
8388,6648,195298,25593,7148,262458,565959
9000,7444,7574,22593,7148,357368,439998
5370,5648,25961,24352,6222,248408,338146
5185,4907,27515,24556,7389,238557,367090
9240,7759,656884,22574,7463,391036,1161678
5592,5389,8697,39796,6889,262487,347498
5277,5296,38862,34537,7815,354117,465812
8259,6925,34027,24000,7019,301952,398238
5852,5333,81895,22204,7407,350862,492571
8981,7315,164746,31685,8648,309733,546867
5000,5315,13651,22185,7315,420976,488905
5296,5574,34853,64389,6778,471884,606126
9555,7296,43704,24333,7722,300258,409516
5222,5260,166183,28148,7648,220889,448257
5130,5055,9996,31612,8888,264410,342924
5000,5648,26828,65852,6815,401336,528127
9537,7500,37456,26963,7148,298134,402776
4777,4871,188547,65518,6685,275469,564219
9666,7445,670137,50333,8686,269949,1033642
5519,5574,499413,28389,7611,262397,826958
4907,4982,39764,33203,11574,259920,391609
7630,6148,76373,25278,7444,226829,364572
5389,5667,175464,31407,8908,255996,533145
6129,5741,16592,63704,6667,296035,412812
4851,5463,37313,33815,8444,225445,329757
4741,5277,51515,25037,6982,259446,402164
6185,5241,213198,32704,8407,232540,512719
5055,5518,20030,24389,6889,274839,354238
5278,5222,30362,36370,8056,437968,572275
6370,5389,26471,32982,11278,269434,366813
4814,5537,935636,24556,7203,257376,1272548
5888,5334,30986,26130,7037,341252,435960
5241,5222,39966,32889,7426,467364,572867
4629,5334,38594,63740,6760,257755,413553
5759,5185,71148,32333,8445,289035,426553
7981,6759,743054,25222,7889,361106,1204955
5592,4981,16626,57815,7389,368816,511015
42110,4352,34310,48981,5297,329687,505626
6055,5574,52364,26870,7037,341412,483090
5851,5056,209788,22907,7222,361450,653218
4999,4852,21657,25777,7260,373007,456589
9333,7518,42673,39926,8537,329380,467645
5963,5297,27097,26037,7259,301604,393054
8166,6852,166077,25371,7203,266976,496626
5333,5463,9557,25685,7333,285830,358257
7833,6648,31370,23352,8685,460256,574441
5870,5389,560516,32186,9314,263905,894717
4963,5111,79626,31445,8407,273594,419646
9870,7185,168014,23555,7111,618408,853699
6370,5204,17715,41963,7037,275375,371590
5185,5000,33028,24926,7408,393617,499793
7259,6222,31305,31796,8518,497489,602015
6944,5315,198136,28111,7833,374731,661810
5630,5018,526857,32759,8778,258879,856440
9463,7388,31893,80000,7555,441179,591941
4556,4944,30224,26741,7352,226311,349035
6296,5351,144074,32815,11760,250645,470515
4574,5111,-21464,26185,7630,349036,447979
5204,5055,27571,51370,6204,373445,486497
4481,4500,28625,64111,19519,265206,491738
4926,4722,92086,25241,7685,279634,428738
4500,4630,-23305,32426,8944,260211,304906
4092,4741,17731,53444,6371,366988,469960
9241,7129,39063,52833,6611,447805,578793
5166,4889,51561,25426,7370,263437,377035
8241,6814,152152,33963,8852,254290,479738
5130,5018,1552353,64538,6962,265006,1924211
4685,5204,33889,24203,7556,252998,349424
4740,4815,33202,26223,7925,225852,361387
9555,7370,103738,22537,7444,231872,400609
4277,5093,7606,31833,8871,264688,360479
8944,7167,33382,51759,6445,347467,521052
5537,5055,38973,32908,11018,250988,359812
4333,4518,86639,63463,6722,252452,481923
9500,7092,173082,63814,6389,510322,799162
4444,4834,28024,24907,7593,254048,346146
5815,5981,499744,30686,7555,252881,844884
8981,7574,50521,23296,7408,240885,356350
4018,4685,130389,24778,7000,278053,474367
3907,4463,15684,27592,7297,265888,396627
20704,10018,3071,35426,7926,253020,351147
6092,5222,47977,26407,7334,273614,382572
7018,6019,99530,24037,7389,311282,494034
7352,5648,-9416,27130,7556,280321,337054
5092,5204,32379,23944,7426,244434,353275
6092,5333,612933,33389,9019,381320,1067364
5259,5611,80764,26574,7371,280381,420516
5555,5574,1343782,32166,8611,591022,2049099
5481,5148,16243,47408,7000,358013,495664
5574,5445,30037,26778,7629,361923,454090
5982,5462,209870,31740,8760,278942,575552
6222,5408,278830,53037,6667,354758,720033
4592,5371,9476,31834,7722,319817,396590
4574,5259,443586,24111,6556,246854,766495
5537,5074,32807,32667,8629,253580,353276
5629,5408,229527,49278,6444,375265,702736
5555,5056,8100,24888,7519,378453,448923
4574,4889,34709,46260,7000,339955,466683
5778,5259,30837,34555,9334,249920,351035
5463,5555,73817,24778,6741,264384,396831
6130,5203,171612,27870,7463,298534,535645
10037,7222,9833,24203,7408,266314,341591
6574,5611,36590,34740,9519,223353,333257
8296,6555,484847,27056,7222,252296,836550
5389,4981,174531,24482,7296,228559,461849
8852,7092,10474,24796,6871,324709,400183
6222,5889,29342,24981,6204,397155,488589
5278,5444,41711,24648,6908,236583,369350
6073,5371,176894,24148,6889,370491,620885
5537,5185,8041,34574,9055,254143,334516
5852,5833,29780,53741,6241,371069,490479
5518,5333,27130,64278,9908,258478,408053
6407,5574,325110,26815,7241,388682,790236
4426,5296,177683,63500,6203,292000,565830
4518,4630,17662,24018,7334,263706,343461
4685,5074,33976,34611,9203,258597,368461
9240,6926,46381,60908,6666,274024,420979
5203,5223,166620,25018,6852,228118,451701
5408,5055,18841,62370,6463,285194,403294
8481,7204,33376,22111,6426,296455,392090
5185,5296,30486,32685,8889,253698,354850
9426,7111,103039,27667,7759,335625,530812
8148,6611,13612,24111,7611,269368,348590
4629,4778,24610,22926,6092,256222,354349
6166,5630,614256,33815,8648,478441,1167326
9259,7297,75273,25889,7445,262576,402739
4592,4944,-12950,23241,7500,271245,317627
8370,6926,17196,23222,6038,333431,412831
5945,5222,52750,23000,6018,285081,395572
4722,5296,61563,25278,8000,328397,474108
9944,6722,187635,34537,8278,227751,489200
5166,5074,10579,25648,7463,286049,374942
6389,5962,35336,51111,7074,438847,560367
4555,4815,35315,64723,7000,252108,388738
8296,6908,99202,27297,7629,307536,472071
6352,5889,172849,31926,8852,255703,496257
5203,5056,34329,24777,6852,383483,474534
4500,4870,31531,65204,5463,271318,401109
5648,5556,74437,25018,7334,299986,432072
4667,5185,225602,26537,7555,415654,738144
6592,5704,18211,47926,6611,472601,607330
5444,5222,36118,23370,7444,227382,320387
4962,5537,485949,23537,7444,228159,770143
5185,4889,282299,50018,6444,353994,720866
4759,5482,16408,62463,6685,319552,432664
5019,4777,750722,24833,7185,227310,1077994
6407,5352,29979,22611,7278,895608,982791
4944,5056,238811,52722,6296,364519,687107
4889,4945,7160,24463,7352,361059,462238
5834,5407,41029,49741,6389,355727,478998
4963,5129,37473,62314,9352,269192,443201
5685,5352,80600,25204,6814,348731,489312
5852,5148,239784,23518,7204,573508,875532
8185,7389,18541,90315,6093,397437,577830
6574,5204,30502,22852,6963,374439,487553
5536,5186,48223,35074,9796,251460,404608
5851,5204,264703,52796,6537,378219,733532
8500,7537,8868,39982,6814,256242,344702
5222,5037,383626,27518,13130,262185,731644
6388,5222,30661,25871,7463,290744,381757
4796,4963,167789,24629,7685,293338,523108
9018,8111,1010,23296,6963,272989,357220
6296,5648,31712,32555,8982,364193,517460
5388,5574,31099,26685,6871,262140,387220
5851,5259,54838,32741,9018,258068,383127
9240,7926,283799,23352,6889,505511,852402
5315,5333,17316,39945,6740,250905,361850
6203,5519,28036,28722,7908,347165,442775
8611,6519,41590,32555,9223,343370,458275
8519,6740,218663,24704,6148,251834,551849
6426,5648,1202438,33204,9074,260053,1551935
9148,7259,32178,52389,5834,350115,511182
5759,5259,27769,24537,7408,349266,472201
5519,5185,99508,27389,7722,347526,536034
9277,7574,-20715,33333,9296,296048,352572
5093,5352,36893,24704,7592,444400,573275
5536,5278,33503,33333,10593,255958,361831
8518,6593,82057,24389,7037,241496,406313
6073,5278,166703,25908,7518,227017,455775
8111,6908,14479,32537,10333,251056,340647
5000,5556,31885,24685,6241,296409,389054
8870,7482,40994,31834,8944,250393,362943
6241,6037,108622,63815,7037,244783,451757
4574,5463,-786,27463,7055,292859,354461
5167,5370,38101,78555,7259,332527,481979
5018,5074,28395,24593,6963,241381,329109
9129,6593,96745,30907,8649,333066,538533
6796,5833,-7108,27352,7852,296050,356109
8741,6555,29391,46463,6870,470051,582793
5278,5518,39278,24463,7815,273498,372480
8703,6815,77332,26018,7982,314258,456886
5333,5797,212607,23093,7685,230315,502238
8593,6796,1405476,22703,7037,299311,1767731
5036,5167,53474,34093,9426,366375,541885
5593,5666,39306,26223,7296,229266,330276
8463,6518,245527,44352,8296,334599,665329
4555,5648,16118,39296,6963,284454,376109
8889,7000,39819,45871,7463,434103,593793
6778,5555,35003,25408,7092,258884,353813
5425,5908,196464,24574,6056,259569,517089
9555,7000,-2204,24260,7592,275239,339553
4833,5241,31887,69203,7260,322906,471979
6518,5574,36367,64704,5185,298038,435793
9537,7056,73920,27186,7740,272985,412646
4815,4926,688215,24000,7611,479074,1226141
8647,6908,1170417,33703,9797,300926,1568120
6185,5630,33230,34148,9334,261045,366202
8481,6519,44562,28463,7130,228473,340183
7537,6241,173671,32630,9648,253529,498627
4740,5537,210707,24870,7908,407345,703569
5740,5871,39835,44481,8000,405514,523663
4815,5666,35648,62482,6574,249387,400016
6296,5297,634998,51111,6167,407680,1133568
4722,4611,11090,39092,6519,256261,341517
9259,7556,37921,49944,5833,437558,597756
7444,5926,26363,61074,5000,257005,381757
4537,4741,68899,27852,6981,276080,441961
5907,5333,694305,32815,9444,389763,1156863
4408,4518,16766,24315,6500,265806,341646
9222,7408,28153,64315,6481,483510,614922
4278,4778,52114,24426,7444,227532,370517
6500,5963,145298,27333,7611,287311,496238
4463,4630,30851,23723,7351,402331,502886
5981,5389,37998,50945,6111,450109,573126
4037,4463,57348,62630,6722,356649,565830
8815,6630,94809,25649,7074,329391,487590
4055,4426,-10673,23704,7722,360152,417553
6055,5296,31696,52074,5981,348191,466923
3796,4611,27453,22796,7352,268156,383497
5741,5204,88395,65093,6926,278676,465998
4018,4445,187134,25815,7426,606879,869217
5907,5445,9744,24333,6815,332309,401516
4389,4722,34224,65740,6667,462736,596200
9315,7815,32333,61611,6389,274276,436053
6426,5555,154906,23685,7297,235369,450220
6370,5871,-6022,32037,9222,307890,374220
4278,4574,32550,93408,6870,386206,576645
5999,5482,25678,23667,7815,228894,312442
4055,5296,561029,63074,6370,252892,928365
5888,5537,7639,34277,9500,257638,337868
3759,5018,29433,24297,7148,462045,546923
5425,4871,30264,32426,8907,266641,385220
6314,5815,73615,23518,7389,255421,390053
9444,6759,432520,24352,7130,409271,919420
5573,5278,11445,32037,8852,256313,338812
5315,4963,48665,22148,6167,500683,602997
7704,6666,34368,27740,7612,234501,367535
6278,5518,226070,26185,6018,253169,540664
4833,5222,8364,23537,7185,269116,335886
5315,5351,29789,26555,6333,280488,371535
4537,5278,28712,32093,8796,312230,406813
5296,5463,109970,25019,7092,254806,456368
6333,5796,2043,24611,7352,270437,334924
5426,5537,36133,51722,6223,434419,556664
9704,7148,29354,63703,5019,272422,404757
5518,5278,331963,24389,6982,269403,662144
8833,6852,12350,25167,6981,311463,389720
4445,5111,12237,22408,9000,263631,335906
8574,6926,87884,32926,9407,461298,622292
4259,5092,49827,31167,8444,249912,363498
5777,5519,209380,23037,6667,472911,772643
6297,5796,38268,22444,7463,357100,478887
5370,5111,30266,35500,7241,433120,531367
4537,5352,37672,31481,8926,313141,416368
5389,5482,90429,23834,7333,229698,410961
6296,5685,-23146,31407,8611,260034,306702
4499,5463,1147056,28185,6371,280361,1489158
5222,5759,26036,24796,6797,229870,346424
5666,5241,549719,46796,8760,491589,1123382
4222,5222,285366,25315,6611,396463,757088
9129,6981,62068,63352,6759,325597,515941
5685,5649,30677,28185,16685,276358,382220
8426,6740,52676,24129,7093,228082,342609
5333,5204,171340,26259,7056,236935,466849
4685,5593,18431,25000,7074,273326,351221
5389,5722,35633,53148,7074,443919,565608
4019,5555,33188,62370,6574,284366,416461
9370,6834,89185,24500,7074,307516,481979
6463,5796,9147,33760,9129,258092,340776
3907,5315,29182,23334,7277,454982,573422
5592,5352,33995,62519,6907,251762,386201
9037,7074,64568,24056,7611,319207,447201
6722,5926,163899,32111,8723,321486,558256
8833,6833,508398,61407,6686,288319,897772
4926,5444,162137,29333,7815,263416,491571
4796,5648,31117,22797,7148,376306,467849
10092,7149,229892,46371,7481,366696,685607
4555,5407,-2497,35148,9685,373051,444145
8389,7111,35871,53833,6167,374274,503867
4463,5352,31536,62740,6686,282350,411553
8352,6889,252071,32704,9018,275759,602071
5926,5870,1160236,33500,9370,298329,1532713
7610,6408,1297345,24871,6981,314682,1692860
6593,5889,181122,24166,7389,271264,514757
4388,5167,83176,25018,7037,1060614,1200344
6055,5815,5267,24111,6815,418489,485960
4370,5019,4024,24148,8334,267807,332183
6555,5426,32319,67000,6852,474307,607311
5388,5926,95799,26556,6962,273144,428812
4759,5408,544667,33944,9204,252643,864884
5259,5500,34721,24760,7777,278462,374905
4907,5260,27719,58037,6630,366648,486331
4389,5463,31774,33925,9482,250391,385406
6610,5704,80124,26407,7333,252689,394034
4204,5296,5678,23500,6870,271728,351665
6000,5351,30065,51593,6278,375988,503126
9426,7018,28952,62908,5518,273305,405349
4648,5908,83432,25944,7093,250732,396257
8333,7166,301264,23759,6870,485677,851180
8703,7037,10762,46407,6204,485031,580033
5222,5463,34260,24000,7093,237701,328313
6444,6204,482518,22611,7481,270182,810477
4389,5592,666849,29797,7370,260386,1009772
6314,5815,8403,22963,7334,269613,338146
5240,5537,32457,28667,7056,249059,345424
4259,5111,30845,22814,7297,239709,324313
4851,5445,93620,24352,7166,228748,379423
4110,5130,435322,22815,7130,406413,923179
5277,5537,28673,51759,6148,352473,479645
6593,5537,24986,62425,22778,275938,439535
5055,5648,64559,25500,7296,226625,352776
10333,6814,223650,25611,7370,464921,757977
4593,5426,13388,23000,7814,267092,356757
6370,5445,33627,22537,7204,257630,349276
5963,5982,759143,25463,7260,286905,1111975
9222,6889,157327,23204,6870,258726,476367
6519,5833,538752,34166,9111,726315,1341178
9037,7018,32177,22981,7500,404673,501460
5185,5851,36434,64204,6796,254601,388960
5759,5907,1028691,32222,8963,576892,1694156
6222,5759,-11236,39259,6759,263142,327331
4444,5352,31632,51315,6463,352643,483978
5574,5018,32594,62445,6444,259608,389257
5185,5704,65018,26129,7093,227388,351480
4314,5482,164090,25278,7370,262537,518275
6074,5482,15736,62889,4500,390705,528294
5314,5649,28679,62667,6092,457984,617237
5981,5241,35085,24148,7056,255875,348090
5278,5444,195621,27407,7334,226636,515868
5648,5444,34231,25555,6907,317194,412831
5370,5741,55784,22925,6371,450639,595941
5741,5315,32708,63593,6537,244863,373183
5129,5537,77651,24982,7240,228070,363609
4648,5389,666686,62629,6648,451863,1236029
6166,5426,33963,23759,6111,478108,568719
3629,5389,194516,33408,9074,275147,556533
5833,5371,68329,23259,7260,230464,355887
3982,5796,255939,100666,6704,378779,768866
9259,7463,14512,39222,6870,252394,347350
6778,5407,31528,55519,5981,428636,551830
9888,7148,34583,24111,7370,329119,428275
6093,6166,4692,23685,7130,412583,489590
6259,5482,4893,28074,7667,373660,466738
4889,5611,30207,49093,5777,374198,497516
5703,5074,28446,63926,6982,290588,416331
5629,5741,98555,23778,6963,274479,429256
5407,5500,186665,35370,9278,362499,659107
6241,5944,32219,51592,5852,374297,493571
4722,5315,26161,60871,6870,909351,1032679
6000,5630,73585,27167,6926,407411,579089
6333,5815,253288,25185,7278,262468,631071
9704,8000,12675,32185,8944,256675,352868
4852,5574,28988,25630,6055,256381,348980
4963,5018,226376,23277,7834,415009,731996
9407,7537,235355,61778,7648,364752,730125
6018,5592,43947,22648,7815,290422,397923
4074,4759,26852,53204,6481,496089,607904
5592,5241,34628,33648,8870,266815,392627
9333,7519,87570,61593,6648,246631,434942
5222,5019,-14912,33444,8648,319188,392554
6444,5371,18086,23833,8500,256542,336443
5518,5315,29584,25611,7315,254525,343276
5037,5407,56620,67685,6630,268174,459238
5908,5481,162100,34425,9056,251657,484109
5185,5611,6635,28593,7314,270864,358628
13185,3907,470911,34111,8926,254436,803014
5315,5296,42150,24130,7407,355088,491886
5889,5333,226834,30092,8797,383755,730533
5870,5463,13276,23112,7314,272555,361701
5722,5185,30052,46463,5204,336130,446460
5500,5481,36347,34186,9351,253651,359590
4445,5611,98178,61371,6944,246041,473220
6000,5445,7806,33093,9056,357968,449109
6389,5333,662379,23037,7408,293041,1013846
5852,5907,168989,33555,9537,277601,518997
4481,5444,722765,28074,7908,320692,1106567
5222,5167,261763,31148,8407,391770,732977
6241,5351,13762,36185,6056,257570,342628
5444,5334,27370,32056,8556,227979,355702
5741,5166,33685,25703,7408,289628,381998
5019,5278,266293,54074,6370,408184,760218
4351,5278,430773,23537,7574,347963,860439
5592,5056,39068,43407,7537,428244,543571
4462,5093,32677,25426,7426,303432,396164
9944,7389,93972,22426,7797,249488,405535
5000,5370,2601,24814,7297,268805,333609
8148,6685,30377,22778,7981,245659,339295
5647,5760,924059,33278,8907,279489,1275436
8889,7130,64058,25037,7203,321995,451535
9777,6315,189483,32462,8945,256941,519645
4130,5259,15221,67389,6723,364053,481738
8166,6778,36387,34166,8278,269389,398387
6574,5741,34977,63871,6518,301243,439164
9093,6889,158735,26426,6981,224226,448350
6425,5871,8807,27889,7796,320857,395257
5036,5167,495139,29037,7537,277486,837883
8944,7167,29989,23000,6908,267823,393720
6203,5389,176469,24408,6963,259898,494756
5334,6666,-26736,24222,7408,328456,377517
5351,5352,33151,53037,5926,394402,534626
9408,7259,33834,63630,7500,359552,523220
5648,5556,500536,25519,7074,227163,790551
5593,5351,212517,23370,7500,237962,550127
9222,7537,12570,69389,6093,280353,409294
4500,5296,30439,23852,7167,384392,494164
8889,6926,42271,65148,7000,255153,403257
4092,4685,260010,49852,6574,336616,685774
7815,6944,10027,32037,9537,268379,370424
16055,5315,13858,74222,7167,450194,584367
8833,7222,28801,23889,7185,965452,1056420
5889,6074,100429,26500,7555,272550,469905
7148,6278,-22332,22907,7408,290423,332239
5685,5185,32130,51926,6241,444219,563256
9037,7092,31332,23685,6852,297333,390775
5907,5834,61515,33389,8833,274723,406461
4852,5278,1089624,64093,6851,267016,1472806
6519,5592,26660,28352,7574,251338,343647
4333,5204,29102,23704,7278,384098,496978
5425,6074,26527,25408,7463,330304,416979
4296,5389,127803,24537,6833,332916,537978
6759,5555,11228,32074,8611,262697,344942
5204,5722,31874,47055,7259,1122916,1234882
4092,5222,31854,32944,9723,271088,369127
4888,5537,101112,65611,6740,269479,502978
6203,5593,-13057,24259,7333,296333,344183
4889,5204,32404,49870,6445,357223,486479
6203,5482,26384,33685,11019,255966,355276
5685,5889,68400,25797,6741,297059,425219
4814,5797,187102,24389,6723,258375,536996
7222,6111,381602,32185,8703,378024,831699
4278,5148,31026,25352,6222,257954,347869
4259,5240,38598,24871,7185,275437,404460
6278,5981,116078,24519,7074,257179,431998
5666,5778,7835,22704,7222,309811,394442
6185,5482,38519,87555,5871,411922,571034
3778,5388,24092,62611,6852,251795,368442
5722,5686,100534,25222,7167,227982,421424
6129,6519,150865,22815,6611,287984,499460
4592,5463,57068,26370,7611,277838,396590
10574,7389,34733,22167,7314,250821,347202
5648,5796,76972,25722,7408,229692,365590
4352,5630,203174,23074,7222,298452,557275
5074,5500,10802,48482,5925,471399,596793
6518,5778,495337,22408,6111,991932,1550602
9203,6982,39947,48759,6593,305884,468627
5537,5463,134241,23408,7111,330718,522515
5740,5519,8610,25259,7185,410573,506108
4611,5222,25627,52352,8463,375426,489757
9574,7074,26385,60389,6611,270446,396498
5315,5796,87142,26074,7241,226430,407164
6500,5667,-20119,24926,7222,406801,462460
5389,5296,30491,52352,6500,444969,572237
5296,5000,29656,61092,5482,258694,382979
5796,5611,70895,25963,7204,265806,430738
5740,5056,685356,22852,7185,278564,1039531
5518,5241,41058,22759,6963,432532,529385
5518,5630,29797,25963,15907,273053,372831
5129,5593,28907,24481,7148,230684,351461
5648,5130,146294,25592,7260,282147,520145
5500,5296,14292,23445,6981,344743,418349
5667,5611,29902,53074,6722,377929,508479
5814,4815,29141,62833,6834,253449,377646
5055,5500,91028,34445,8981,258137,444701
9703,7537,-21621,60555,6685,293268,380349
4666,5537,25044,49926,6129,365399,528145
9203,7315,29930,63500,6463,443918,577496
3925,5056,63170,26148,6944,237921,358312
5537,5944,210354,34000,8203,248459,527775
3999,5223,7370,24426,7314,304684,425127
53758,5611,32869,42759,6593,388221,546904
6111,5296,42552,25833,7093,264372,366961
4685,4796,121291,25611,7426,287244,467904
9092,7241,224030,23148,7371,440151,728662
4407,4574,46029,62129,8297,335339,505257
4296,4537,32101,61685,6649,268341,416146
8166,6204,88192,23833,7555,257084,406571
7611,6500,168245,32630,8759,301363,539645
3981,4537,31262,54889,6630,441345,557774
5722,5426,27298,61148,7000,264107,390442
9073,6834,57259,24889,6852,331053,451534
4482,5314,270350,31815,8796,470535,806347
5370,5722,13756,34907,7815,408390,493960
4407,4611,28587,27649,6444,280707,387423
7111,5778,29789,26130,7685,255838,347461
5574,5537,211196,49277,8648,361801,658811
5130,4704,4730,38204,6796,258101,335110
5166,5574,43840,45908,6592,401176,557978
6130,5537,145172,67166,6556,271714,519312
5573,5630,95096,32945,8629,339512,542182
5870,5352,1298,25315,8000,267441,330702
4814,5574,32723,45240,6723,343738,487848
4944,5426,32702,24833,6963,255426,347998
9333,7426,40053,32278,8833,257890,404813
5981,5574,180292,60852,7259,356594,635274
10055,7537,17864,24667,7555,277764,362998
5777,5315,30085,61037,6314,460561,586163
9778,7241,29897,33297,8963,303266,408794
5555,6093,113710,22963,7871,313749,487071
8444,6574,1119857,32278,8667,253338,1464417
13722,4352,12171,23018,7371,247142,326536
8685,6833,30169,30037,8852,261829,382350
5740,5260,86500,28463,8074,263164,415016
9093,7222,387073,24018,7315,317423,787440
5722,5278,16979,50481,6278,387759,513423
5963,5944,29570,23444,7037,264225,353239
5314,5611,48865,25037,6963,265596,371701
5093,5592,1219992,23741,7537,373221,1652602
4685,4926,8898,54277,9019,281785,381423
5000,5592,28804,31889,8630,238898,368127
7222,5741,41228,24389,6889,223066,323535
4666,5445,206893,26611,7463,409584,686440
5314,5074,13355,23814,6926,362366,460608
5481,5760,41723,30703,7260,391496,522571
5518,5056,33221,64796,6945,320332,455238
4352,4777,98387,26537,7537,374610,533812
3907,4723,-14319,24981,7278,315187,362868
5814,5500,21235,22778,6278,263189,350257
4851,4797,29677,24593,7241,267468,354646
5222,5037,63361,25389,7000,229896,352202
4518,5408,29508,33370,9722,266046,368665
8667,7500,645543,25351,7667,314433,1026235
4685,4963,83319,32092,8315,477418,633089
4555,5148,29744,23518,7167,243310,328053
4074,4703,136705,23759,7019,242830,436220
9703,7611,6759,30593,8944,267054,348590
4555,4834,34534,40926,8611,444944,555923
8166,6778,32126,32148,8648,260168,363368
4148,4611,73013,25815,7222,293429,461368
8593,7111,632196,33944,10352,257891,969772
4444,4944,34269,24500,6630,491820,583459
8962,7148,27157,66407,5185,348582,480571
4241,4777,69951,23648,6945,262102,387813
8871,6648,215319,33704,8370,229233,550942
6445,6000,7577,22981,7315,301421,371258
8667,6944,27927,28556,12389,283293,391979
7537,6352,34573,23130,7519,308164,403220
6055,5723,207887,142296,6259,282998,666644
4944,4907,6534,23166,7926,356964,429367
4574,4908,29124,92574,6000,373224,527145
5759,5629,27808,22426,7000,232654,317202
4426,4926,100158,23000,7167,315913,471479
4259,4500,559027,40574,8167,273764,911569
5796,5444,28525,33649,8296,408879,526626
9425,7556,25579,23944,6926,226086,316961
4908,4870,59744,31556,8981,338142,467350
4592,5056,340742,61889,6963,420271,865587
4334,4888,10723,24444,7056,290924,367980
6074,5852,29609,60574,6593,438517,563534
4296,5149,40959,33889,9630,254557,363332
5704,5518,234143,47260,6722,352446,694755
9278,7074,-414,31889,8963,386245,479960
5351,5556,31269,52797,6166,440190,577459
9537,7870,30360,61889,5000,279601,419349
5444,5537,331896,25814,7408,288619,683199
5444,5019,156412,25185,7500,304011,525367
7777,6519,442966,23834,7611,440509,1007605
8426,7037,26928,24129,6593,231774,319961
4722,4703,51890,23277,7093,341627,478182
6945,5870,276332,24592,7130,474349,844310
6296,5574,9460,21537,6537,270446,338776
4611,4574,32070,46092,8889,474557,585682
5333,5611,27494,24981,7037,266449,351053
4056,4611,200344,33500,8926,256912,523219
4241,4611,14472,24167,6777,327711,398905
5555,5223,28414,51111,6797,393434,507238
9055,7185,28636,34222,9630,267399,372516
5240,5389,88689,63519,7037,291123,476182
4889,4685,-12313,32797,8907,260200,333720
7055,5778,725778,23834,6500,1206784,1996136
4759,4797,30869,34704,8111,247054,379739
5611,5185,65090,23408,7907,315963,439924
4407,4667,272311,22333,7129,502185,827958
3852,4481,11087,31185,7870,315004,391127
6037,6204,27270,66019,7018,346783,489146
6259,5482,479213,24463,7555,314171,873977
13426,4259,123637,27778,7815,271915,463738
4426,4685,35080,30407,8870,338066,470645
5593,5500,37782,56111,6129,470956,596386
4370,4648,31688,33944,9315,285829,385738
3945,5092,94909,25388,7260,322311,496442
6334,6703,11981,25482,7481,289351,364998
3926,4871,32738,49370,5797,402092,514053
5611,5537,27773,64408,8667,449278,576404
3722,4537,77624,24777,6778,266133,397738
5704,5555,196308,23277,7352,223357,478349
9241,7518,19288,30129,7389,334914,426498
4352,4666,29360,24944,6204,264750,352961
5259,6260,974654,25703,7186,278634,1316048
4537,4629,139005,23352,6703,259327,451960
4944,5463,5632,23019,7259,274570,339739
10055,7241,40409,53037,6166,463959,596663
4536,4519,30462,22241,7389,309406,396219
9000,6981,671720,25019,7130,349273,1138253
5778,5518,-355,24000,6722,273076,332220
4370,5000,28050,22093,6463,248596,333498
9093,6981,395549,23518,6759,362873,820181
4222,4500,73972,23778,6556,307043,435479
5945,5611,215415,22630,7352,267229,572738
6871,6111,9006,32370,9223,299010,381424
5111,5481,537116,38611,7074,257398,870810
9629,7111,33281,24704,7759,295032,392497
5019,5629,168705,32426,10019,259236,499108
9241,6778,187222,27889,7407,518366,791940
6185,5537,31591,32407,8556,434239,535552
9426,7240,28812,25389,7277,296446,391164
5611,5593,88532,32833,9204,256151,415831
8648,7185,685234,23352,6926,359556,1142901
5741,5333,15418,47148,7277,404821,502182
8648,6611,30323,28074,7333,376619,510126
5833,5444,48785,32648,8611,324435,442034
5722,6333,166005,62889,6778,248510,511904
5851,5204,19800,24907,7500,294717,393053
13889,4352,5409,26593,6537,293163,367424
4500,5055,30482,24926,7259,294313,417312
5741,5574,434683,34519,9204,466588,976476
8833,7092,7942,24574,6796,272557,345387
3963,5593,36439,46686,6574,449094,563256
6148,5852,31105,33463,9389,286596,391202
8999,6871,81121,25778,7019,274691,419719
4000,5240,-15194,25074,7407,288564,350072
6703,5759,22100,23204,5852,258694,339887
5759,5722,31413,24574,7463,230696,322405
9315,7426,53874,31870,9556,249809,376442
4962,5852,140762,62500,6796,256662,491663
5314,5148,9686,25463,7333,366312,437053
5574,5500,26887,25612,6259,500220,586848
9407,7037,321794,23055,7204,463980,853014
7907,6741,255681,52240,6223,459240,804569
4611,5296,32179,32260,9166,356411,482608
8870,6963,27215,45851,6834,365894,515997
6648,5592,39120,24630,7833,229508,329479
5963,5444,90989,27074,7574,294157,467627
6074,6185,169006,31167,8833,286528,526182
8777,7426,15337,53241,6722,469919,576589
4944,5315,47428,24500,7111,386440,516052
5888,5815,60149,24463,7074,250905,368386
4592,5778,214740,36148,9630,253201,573496
6388,5574,53091,31796,8870,301945,447812
5296,5463,25422,27555,6889,397020,497423
5499,5186,33290,33111,9407,256338,357349
5519,5592,248326,24574,7630,452669,769996
5703,5186,29453,52463,6963,359007,502201
5018,5667,36952,52908,6740,403230,535553
5852,5092,472821,63796,6593,371155,955568
9463,7407,91153,27666,7204,281197,439923
5518,5370,948,24574,7740,271737,333368
5240,5445,10482,24334,7092,262849,350276
5981,5278,31518,24259,7667,375738,492552
5407,5852,50498,23092,7074,369815,476960
4592,5426,148014,32519,9222,257650,505237
5629,5315,10365,23092,7296,388022,471960
13259,4056,5252,65203,7056,350838,489701
5648,5796,40380,34241,9667,253192,364017
4463,5482,129378,25741,7333,304285,491646
4963,5796,-15030,69462,6649,367009,481238
4667,5166,2418912,27203,7760,380497,2878557
6704,4944,96503,23945,6018,475160,644052
5389,4833,89242,60759,6185,250460,433386
6815,6259,924184,35686,9259,307456,1326270
5982,5463,18275,49149,6611,391017,495238
6240,5889,28663,34444,8000,259187,358294
5519,5962,56958,64074,6704,254114,443109
6000,5315,216956,63925,6260,263207,582145
4537,5296,20880,33130,8611,310025,436201
15926,5000,8212,25833,6297,256897,337461
4296,5833,27451,31445,8518,249733,377164
6630,5999,178005,61723,6685,388250,663663
4185,4630,14596,26463,7315,268846,379646
6777,5834,25020,26407,7870,433922,521793
4277,4741,25667,24481,7241,231906,347516
6389,5833,94017,24092,7241,269703,444442
7500,5815,165497,22370,7370,296908,520479
5592,5834,26013,26408,7426,385872,476145
4481,4778,186438,33907,9260,260133,517201
5481,5500,56029,24685,7074,276914,412220
6426,5482,269804,31130,8982,379117,718570
4796,5056,20803,22704,7370,293954,372165
4407,4370,55228,26537,7537,283067,414849
5815,5314,27171,23833,7407,266050,384257
5426,5296,167539,31759,13186,255495,493442
4073,4686,-2648,30981,8723,288016,350886
6222,5685,23333,52925,6538,412072,521553
4555,4685,26201,64389,6907,362074,499682
5907,5389,67162,25408,7444,229299,355776
6759,5704,336086,23111,7130,430983,828143
4740,4852,161900,33555,9278,260561,510034
5833,5259,29250,24223,7425,371526,459460
4148,5037,41563,23351,7371,337564,465830
5610,5852,230228,30426,8982,232824,530885
10037,7796,14079,24000,7148,369178,449627
4519,5203,12133,27537,7833,354532,427627
4370,4574,35723,21630,7593,310330,399368
5925,6093,205055,30703,7760,252534,525552
3648,4444,8572,22592,7000,317964,400405
14111,4648,32866,54037,6426,458149,585904
3870,4518,29384,21907,7519,232318,313961
5815,5611,77363,25926,7204,314764,451924
4185,4796,-24972,24371,8000,273877,324128
6241,5537,433600,24556,7000,273006,767274
4000,4815,30173,35796,8574,246751,379591
5815,5426,460690,63296,6926,250824,808681
5778,5870,220373,33741,9222,227828,553756
6056,5555,484668,24833,7352,310494,860162
9870,7518,31463,31704,8944,392127,499071
5185,5222,26943,61926,6592,248685,407646
6333,5482,196200,28648,25241,398963,676219
5462,5426,614143,25444,7019,267537,961809
5722,5351,21512,54593,6741,385281,496404
5093,5296,30066,24777,7167,231859,319110
4296,4778,92582,32871,8889,287933,467701
5815,5240,-19567,25278,7074,271769,330554
5296,5315,736449,25352,6037,426247,1224400
4926,5481,24374,24908,7481,231865,313906
4296,4667,63650,24463,7315,283625,402516
4704,5444,195352,23833,7130,230423,485664
5851,5389,11406,41889,6963,261000,385127
14778,4759,7553,65870,6389,363130,475146
4370,4926,25755,24907,7222,304984,427312
6222,5685,96161,26814,7426,332800,544127
9499,7963,-16026,23000,7444,414876,472145
4611,4926,34453,51815,6148,385026,528997
9870,7314,24600,62093,6852,354434,503719
9000,7463,87950,25796,7037,230900,384276
4240,4723,598781,33611,9593,250991,917494
8389,7259,10595,44092,6371,452661,545960
6704,5944,26945,24889,7815,236423,323054
5130,5018,72573,32945,9055,257888,432275
7870,5704,229645,27630,15296,276018,579848
4592,4760,200440,24018,7537,271742,547812
5741,5259,27531,34056,9185,447281,544071
4240,4704,30733,23408,7537,277024,365535
9130,7314,175621,24259,7278,230099,469331
4370,4907,5490,22592,7389,292398,354979
6444,5741,27191,57630,8074,446342,601144
6166,5815,34634,24297,7537,305715,399942
5499,5482,95318,25037,7463,378327,547422
5685,6352,230242,22537,7111,445661,760181
5667,5611,25314,49315,5889,471201,577775
4444,4833,34257,66945,6481,355240,515552
5259,5352,37329,25463,7056,311724,406683
4611,4797,144716,22704,7334,240965,475442
6481,5815,12771,36981,4833,358375,465664
5092,5537,23232,23833,6075,305673,387034
4166,4593,24767,33389,8982,255526,345683
5370,5481,231636,63130,7704,447322,775625
4204,4759,1920634,23722,7426,282223,2278394
6370,5778,35855,51056,6926,443808,565108
4925,5760,32446,63833,16370,272256,432053
5907,5407,75741,27426,7148,227053,363923
4130,4740,-27649,33685,9093,334295,394387
5685,5463,8442,24000,7463,268168,337110
5185,5611,365439,22463,7056,291445,712810
3981,4500,54031,26592,7760,246875,358165
5185,5704,149621,22574,7445,342820,561886
5759,5537,8361,24741,7463,360563,431405
4074,4648,23415,24407,6333,258399,356517
5611,5277,26098,24463,7778,222826,306479
5389,5962,185208,35074,8926,229049,484256
4074,4574,182094,27908,7407,264773,505127
5074,5481,28945,31167,8852,500218,594607
4333,4649,79406,25222,6296,401517,564497
5296,5260,60830,63852,6963,253463,410239
3796,4352,193903,26981,7370,563426,824291
9666,7871,10605,52592,6204,434096,537534
4333,4815,24363,23259,7296,233340,313165
6445,5777,56843,24018,7408,239729,355554
4185,4370,150582,24074,7778,303212,510441
4056,4648,9172,25648,7889,411158,512812
7573,6130,22875,25240,6112,258660,345831
8833,7019,25688,22814,7482,412198,499312
4241,4815,119501,64370,7074,284589,500386
4073,4630,7277,38278,6389,254221,334201
8685,6667,28368,34370,8074,387778,509942
6629,6149,26940,23130,7537,278502,367479
8870,6852,57846,31519,8741,378817,544719
6203,5574,167975,23166,7074,243857,469330
4740,5315,18769,30111,8704,250081,336831
8463,7019,163082,27352,7963,269266,500794
4351,4445,58506,25371,7351,230918,381257
6296,5759,170061,25815,7666,287048,519442
5851,5445,6688,22482,7203,299162,399868
6666,5926,24835,22593,7870,250404,335868
4999,4834,26870,33426,8852,248868,377738
6685,5574,148869,62185,7000,256999,507405
9499,7204,847922,28815,7482,305552,1224474
4833,5426,29088,31222,8704,499501,628219
6481,5926,24031,24315,7351,268931,352035
4092,5407,72918,31963,8759,257969,397738
8962,6926,322176,66574,6926,365968,794199
4519,5555,13155,44574,6834,435397,560090
6722,5333,28765,25722,7167,443473,533923
4815,4926,40003,33352,9167,407067,518219
8999,6963,235817,27204,7166,319032,649348
7037,5851,11908,31074,7371,282386,363387
4167,4555,1078388,33592,9315,281068,1462510
6444,5759,23405,61389,6833,250075,370238
4278,4518,244866,46148,6334,392352,716533
8685,7019,27549,24648,7519,395985,487497
4203,4371,25862,22797,6092,428913,541941
6666,5722,26787,31741,9018,262804,358331
4093,4518,84971,23981,7926,232065,376739
9351,6704,669987,29019,7277,292748,1032475
4074,4741,13356,31518,7556,257920,354295
6426,5574,23280,27185,7796,230478,316905
4222,4611,52501,25166,7019,233293,345201
11000,6741,143536,22981,7797,342109,549701
4259,4482,4608,24648,7297,271834,335035
3888,4686,26440,23296,5667,261798,378498
7481,6241,27069,23055,7259,298430,385683
4167,4426,98140,27797,7981,307023,468349
9018,7167,345491,23148,7241,276875,704348
5963,5629,35119,48019,6463,378748,523386
6740,5889,23599,62740,6723,349695,499330
5463,5463,549208,26611,6518,283917,895606
10259,7592,298447,39112,6703,339253,731699
5926,5481,13075,45019,6667,443866,536663
5981,5500,26370,37722,8371,245980,347053
9259,7426,48461,25556,7148,238833,351480
6333,5778,211941,34037,8500,242167,546423
5926,5444,9532,24611,7185,292596,363072
5592,5574,23586,66926,6444,470337,593404
5259,5574,33899,26111,7019,257525,384090
5722,5129,125194,63370,6574,267526,492349
8963,7185,-15123,23944,7371,328102,377998
4814,5463,45727,32186,7944,426325,548811
5944,5481,485429,88352,6778,453305,1062604
8277,6723,309390,38000,6741,414012,836069
5759,5371,167055,28760,7926,234312,464405
5092,5223,11387,31389,8833,965570,1047901
8833,7296,26738,25907,21630,280686,388072
4166,5611,547977,24796,7259,259260,866680
4093,5333,48142,24963,7204,375188,518220
6073,5519,8344,27648,6204,267709,339312
3833,5426,20490,46611,8778,354359,482145
8444,6944,25008,25703,7574,254806,342905
6907,5778,104802,62963,6685,249066,450442
4740,5296,-4274,25297,7296,380994,472145
6389,5833,27243,23148,5908,249570,335720
3908,5463,26537,34000,9556,259997,354683
3999,5686,70110,26018,7759,342240,486552
5796,5333,167127,22704,6907,336666,560330
6018,5871,12921,32611,9148,258984,360387
5796,5093,22531,27370,7593,379429,463534
4037,5500,40974,30778,8462,262025,399905
5629,5259,209528,25537,6055,296303,566015
3871,5259,9119,26814,7537,343398,413794
5536,5389,31673,23611,7463,275455,384405
6204,5222,28226,22500,7037,337086,421757
6296,5297,179688,34425,8556,258180,507034
4185,5334,503315,22704,7148,285346,844699
4703,5426,26129,50389,6482,466423,577274
9314,7630,24683,31926,10055,252001,350720
5240,5185,76015,24574,8019,289020,426886
9277,6852,9346,32112,8685,414614,501923
7630,6537,9382,45370,6944,487115,577849
4907,5556,29769,25166,13000,381154,476460
8685,6833,45509,27222,7704,300693,449479
7185,5703,226396,48537,9018,317638,633588
4722,5463,11894,61593,6481,342826,475294
8463,7019,27725,82222,5667,301846,451109
3888,5019,24446,61315,6574,913566,1033623
8444,6648,219796,29945,7796,485588,808032
7351,5778,887,24519,7463,274389,338701
6296,5371,25978,31426,9111,396426,493219
8907,6908,444698,30908,7407,309130,843328
6129,5741,614234,22926,7963,493796,1170900
5130,5148,698547,27278,7703,404095,1192715
5037,5018,24175,21649,8074,253674,336479
8648,6926,27970,66574,5297,373582,507201
4815,5629,61117,26685,7278,331511,486905
5278,5463,204392,22445,7796,280290,541330
4277,4945,692853,23019,6889,365251,1139215
5148,5315,163852,32074,9297,263089,497164
8685,6982,26202,26870,7389,232018,322961
3870,5148,97664,31833,8630,277500,474164
6907,5704,-12412,25278,7278,374168,424220
4685,5148,26679,24592,7260,462299,545700
5204,5388,29789,31611,8704,282765,381461
9333,7167,78398,63741,6611,286581,470220
8203,7259,179489,24260,6814,305990,547015
5500,5426,7487,44815,6537,279455,368461
8944,6908,25893,35759,8963,225994,362072
6611,5685,43799,28278,7925,351162,460460
5074,5426,263038,32499,8575,430624,771384
6037,5389,7925,24315,7241,406831,499090
6000,5555,407238,32945,6407,315202,792088
9574,7352,33385,32944,8907,280206,408442
5926,5204,1242364,62574,6667,285070,1628250
7444,6852,21067,25574,6685,382727,521775
8129,6723,30398,31204,9796,499635,601385
5962,5500,31545,24463,6871,282045,391960
6222,5592,74599,26778,7704,315195,455553
8611,6888,141098,22870,6741,272344,476238
7962,6611,7541,44963,6518,250069,358590
6241,5389,20371,24223,7315,234589,322072
6648,5685,44018,31148,9130,299776,433497
7037,6111,113146,25019,7222,250796,425572
5148,4889,3663,24926,7092,387187,473571
6167,5703,28477,26796,7333,401410,494553
4370,4815,21382,32463,9000,898853,1026346
7000,5685,132473,62519,6685,371005,628312
5648,5556,-22307,27149,6796,409433,463109
5815,5537,29970,23648,6981,508379,630645
5259,5148,26061,30203,8519,272122,361905
4703,4722,81689,23537,7685,380012,544885
5537,5537,410391,39796,6352,269734,772292
5926,5574,13055,24612,6925,392757,492849
4944,5204,492035,31723,8685,395792,964679
5815,5444,43238,24389,7167,317093,418924
5333,5593,222754,141426,6426,344778,751940
5796,5166,11883,33130,8722,291356,375720
9852,7481,27381,49260,5925,356932,474405
5333,5166,24324,24630,7240,234175,318312
9370,6908,100877,27797,7296,245342,446757
6018,5555,-16679,33759,8982,334159,408182
5407,5241,24578,52907,5908,482048,591163
4277,4593,25391,24722,7186,232273,313609
6185,6092,84057,24703,7056,241516,384090
3926,4722,165518,24500,6889,337016,560978
3833,4612,12164,28555,6889,377019,473535
5611,6315,19532,35167,8556,258520,382701
6926,5944,45142,23204,7963,944463,1049457
4148,4667,164288,27019,7370,278746,502053
5759,5722,639620,23037,7297,283392,984272
9518,7500,516711,33667,8722,264339,875735
6462,5537,196969,23852,6945,275398,534793
8296,6685,91671,32500,10000,315308,502108
5611,5352,-9127,69482,6815,275217,372757
8648,6926,26464,31740,7575,443088,550237
5981,5241,25351,23426,7389,234184,320628
8296,6815,85849,27574,7723,290796,476089
5592,5056,180107,23222,7167,254130,490793
5074,5277,14884,51518,6241,378910,509312
9351,7148,22845,22834,7000,234209,318516
5333,5148,35807,25796,7518,289248,384405
4074,4741,247323,44315,6111,379580,700941
5130,5722,629247,33296,8871,251488,949939
9111,6907,356042,63981,7019,366509,826828
3871,4370,26059,25037,7018,252403,335165
8499,6408,97983,61315,6815,256792,486571
6648,5648,337277,32834,9241,329032,738347
4518,4722,26498,23093,7611,250037,368553
5704,5240,22627,32944,9278,262223,355683
8870,7092,71977,62315,6704,261780,436090
6796,5834,947308,28537,7852,312665,1325530
4888,5074,369177,70204,7148,253504,731569
8740,6871,34508,32371,8814,263582,370868
5908,5648,234507,26018,7408,277563,576571
8888,6852,1548672,23315,7111,515945,2167894
6426,5537,8374,26074,7519,421067,493034
4944,5408,171261,62963,6685,294884,598941
9203,6982,19908,24222,7204,236201,319887
6351,5537,231481,51166,6260,479774,800421
4796,5056,2460,39852,6685,262112,359220
8982,7129,32663,33055,8945,455112,561016
4222,5314,23680,24444,6963,275226,355238
5111,5371,85270,26333,7537,278561,428868
8962,6815,286713,22926,6278,251043,617829
7814,6482,9359,52056,6222,406564,503904
4926,5333,21821,22926,7444,279196,391016
6037,5259,508375,33574,9240,260640,838810
4740,5037,141762,62537,6667,249902,485460
4055,5889,13816,24037,7518,335182,428738
5870,5297,28221,22463,7093,255184,341831
4277,5148,20424,31000,8963,328537,452515
5925,5223,161403,29148,7426,389297,614718
4111,4648,-7838,24500,7203,325430,382054
4074,4499,29512,40741,6740,376431,519978
9129,7241,25713,28537,7093,277673,373812
4185,5388,77823,23130,6889,281101,438812
10593,7259,219655,35333,8278,230213,528608
4444,5129,9524,36981,6296,287086,384590
50333,4741,24151,41537,8445,364142,511701
4130,5426,47131,62704,6796,249311,390591
8389,6574,221055,39630,8907,385367,688904
3815,5611,10461,64297,6796,292370,418665
50314,4260,18348,25519,6277,259724,382646
3888,5241,28347,30778,8796,308077,400405
6018,5574,95253,27500,7963,378985,539738
8944,7204,-13861,31297,8500,347339,406571
5722,5648,30305,47333,6574,365878,492034
6499,5815,23563,26314,7037,278140,363553
4445,5666,69450,25370,7204,232048,393257
6389,6259,165152,30852,8444,337067,569997
4296,5352,303909,25018,7278,418179,806569
6222,5500,29908,28611,6926,256738,350868
4129,5667,42035,23352,7148,277815,375257
4018,5648,227664,25444,5871,297925,601367
5982,5500,4884,32130,8703,337614,412887
4185,5278,20919,60074,6667,371781,520849
5852,5277,19289,25333,6982,296450,378424
9315,7389,75213,33000,8722,275414,424794
4315,5388,652674,22463,21278,284283,1025401
5759,5482,24098,30981,10260,460509,553978
8778,7185,37023,25574,7130,390400,506479
5592,5093,75743,32519,9777,260329,407646
8981,7092,141520,26981,7759,341034,571237
5611,5167,5221,24278,6222,272925,338554
9741,6740,20461,64370,7056,264000,398202
4870,5722,142737,26907,7167,319612,528590
5240,5482,142383,24111,7111,253596,456238
4056,5426,11900,25963,7148,275265,402628
9296,7555,13213,24148,6871,254266,343553
4167,5426,21082,32018,8722,289139,377054
7592,6241,75580,22778,7574,308714,443608
4130,5778,-20792,38889,6926,271123,377517
9259,7630,32558,23889,7148,499550,597552
4314,5537,25928,32148,8703,264127,356553
6908,5574,49925,61074,6389,254961,419850
8815,6852,235090,26611,7297,382424,683774
4092,5426,8700,33056,9000,257076,352572
13870,4445,5939,22963,7778,226688,296813
5907,5926,40382,31907,8852,316153,424145
4685,5685,148455,27722,7685,229358,438238
5555,5630,11416,25333,7593,277360,369294
14185,4426,3840,27759,5963,286399,360127
5389,5370,29579,23019,7352,235678,321313
4426,5648,223263,50426,7166,380011,708237
5203,5223,5483,39130,6592,260015,375979
6203,5371,24648,49130,6352,359700,492775
5130,5240,26795,24426,8815,280166,366313
4611,5296,57868,25167,7759,296297,450016
6833,5481,164014,22723,7203,327076,549163
5018,5759,15476,49259,6241,442077,549848
5777,5352,23178,22611,7555,235617,314924
5648,5445,50009,30167,8888,262248,376702
4315,5796,166322,22833,6945,311730,533219
4278,5444,15339,25611,7315,388640,497404
6482,5592,32097,25648,7352,454141,558682
5167,5148,21910,22037,7204,236273,312998
6000,5741,145816,25500,7518,290145,498516
9574,7481,-6815,23981,7037,277573,354702
6056,5407,25683,33445,9111,462239,557553
5518,5796,237811,25556,7018,313038,628533
8537,7000,61587,23148,7241,383873,521571
6018,6630,162919,24537,6796,270356,492108
5537,5667,18084,23092,7296,386840,473757
5130,5426,23841,24630,6944,403508,485442
4518,5500,42840,32426,8648,260788,369479
3907,5241,186764,25278,7000,234455,513312
6982,5740,6356,24555,8296,383069,507275
9278,7333,24780,24500,6944,261663,370961
5777,5148,19982,23185,7315,328423,427145
5277,5111,136740,23407,7074,235481,429849
10759,6389,559126,24148,6963,505275,1131382
5962,5408,29291,22834,6092,254799,343646
8963,7111,32012,22074,6796,276986,389294
6351,5574,70140,25037,7260,234006,363701
4481,5408,624657,34333,9074,252041,978605
5833,5166,5619,45092,6834,474452,570218
5166,5111,27210,34555,9500,229678,328627
8852,6741,35448,24667,6815,228105,326369
5722,4944,251873,50333,7889,370364,741440
8907,7241,8538,63500,6537,380145,491220
4148,5185,27351,51148,6759,455739,576293
6241,5500,32831,62518,6334,277518,407016
5000,5556,85459,26314,7241,250947,397591
9685,8462,-27209,25482,7314,275801,335257
5925,5241,20789,23518,6797,253561,335868
8389,6463,23213,31167,10426,274062,387220
5648,5148,54730,23389,7519,317582,430016
4166,5574,457081,50796,7611,371044,924587
5814,5130,10745,23000,7204,269419,357294
9019,7351,27152,67777,7112,441104,585127
5685,5204,52519,23778,7593,234052,346868
9408,6907,560833,72389,6852,331865,1005402
5981,5481,7573,22537,7092,426629,493015
4425,5334,601718,24834,7537,274553,935735
5260,5574,22032,33074,9092,260077,384276
6222,5426,91734,24574,7056,252115,403590
4259,5018,-8712,25315,7426,290969,341979
3981,5241,23120,22500,6629,398711,511053
5963,5222,29785,32333,10018,260232,362035
9426,6907,56894,23667,7630,291548,412164
4888,5445,162189,24166,7204,335660,559978
8278,6944,11724,61945,8185,315273,451627
43851,4630,36019,30981,9019,440255,592107
5610,5167,44721,24408,7166,268499,372683
9037,6667,209663,67537,7167,370129,693163
8425,7297,6273,33815,9389,261225,378220
6370,5667,25327,22037,6482,295522,379591
6259,5778,20048,32092,8593,299265,387165
5407,5407,203343,51055,6593,368728,682514
8685,7592,321230,31630,8407,420932,818161
5037,5222,20821,27000,7129,399529,484571
8019,6759,25356,66167,5037,354956,507275
6352,6111,71540,23963,7463,336494,482275
6666,7130,160797,32315,9074,297885,532219
7907,6611,3759,44537,6648,251758,340146
5148,5463,28498,30704,8722,270778,367813
8962,7000,31663,24371,7222,269650,364498
8703,6445,252606,30574,7611,447241,772755
4333,5259,166456,23296,6926,312337,539145
7667,6129,23473,53593,7389,482042,597256
4371,5222,28897,27018,7889,333527,447609
9500,7370,89266,24186,7185,236602,391942
5889,5407,24746,24870,7352,376345,518682
9148,7204,20170,24055,6278,253384,344424
4963,5518,24372,33037,10723,259126,353257
5333,5371,590222,25018,7167,439679,1131142
9593,7537,274517,31796,8796,492108,841218
5722,6130,8219,51574,6519,1102866,1241363
9555,7389,34958,34185,7537,262799,382849
5315,5407,37661,25166,7000,270616,366628
5037,5611,211714,25537,7463,376226,670051
10148,7666,5565,32389,9852,367266,470108
5444,5667,27025,57297,6574,449786,586533
8944,6963,27932,62463,7277,316362,470404
5389,5463,217522,24408,7240,446844,741422
9259,7333,264428,40482,8037,403141,761514
4592,5037,19631,23592,6149,260664,344831
6351,5648,30425,31982,9944,265314,376164
6666,6000,53498,22981,7222,275149,411016
9296,7018,210496,63445,7352,462814,777365
5445,5685,5642,52741,7148,380355,498368
4796,4833,27012,24666,6056,511893,595700
4982,4926,24768,22408,7537,291136,417516
9333,7111,177786,34926,8315,230989,485775
5463,5518,7618,28185,7833,343603,441812
9222,7371,26301,53148,7963,479658,600608
6425,5741,25763,25185,7185,270402,356998
4777,4852,98002,24092,7389,234830,388923
5018,5056,-9722,25814,7223,298850,405683
9259,7666,15647,30852,8926,255777,352294
5537,5592,20201,24833,6908,229260,310665
5555,5185,65866,24981,6741,316799,441293
4148,4685,687345,24130,7240,319519,1068679
4722,5259,14751,43019,5981,383876,478294
4611,4556,28064,67518,5556,397414,531367
4352,4426,36248,23796,6741,277972,369072
6296,6278,259209,37981,5963,410843,764421
9074,7297,-1182,33315,10333,386809,482720
5481,4444,34058,65333,7426,418921,552441
4944,5537,28556,26445,7148,231590,344146
8833,7463,91277,64333,6945,308368,558682
6407,5333,482701,24667,6963,953938,1552954
8796,7425,22811,31630,7889,451667,546626
4982,5462,30013,26741,7259,270245,384479
9147,7500,375641,24963,7148,488354,943975
6704,6055,160991,23685,6870,286748,507590
5296,5204,4470,23982,7241,273805,339905
8185,6852,20080,25481,6908,412287,494553
4629,4667,45338,23796,6852,326345,451367
6352,5852,155762,63926,13944,282939,541664
6166,5723,33353,24092,7352,362293,457923
9093,7537,26592,73333,8371,449960,624441
6296,6000,28147,30981,8500,266982,368387
5129,5111,163034,23426,7759,302649,523404
4833,4796,-30320,22500,7019,379428,431238
8777,6908,23974,33296,7871,366893,520052
5796,5481,25992,28389,8092,255599,345350
4722,4778,42953,31703,8760,262674,373313
9981,6611,271636,45815,7056,387359,743847
5259,5130,4894,26519,6203,270086,335202
5056,4926,24596,65185,6444,370476,527923
7796,6648,34742,23278,7056,236441,331720
4593,5092,118352,33130,8796,253387,439535
8777,7241,38332,46611,6704,306628,444219
6055,5722,44645,32908,8296,476555,623885
5555,5241,26236,23204,8129,328076,413682
5000,5444,89105,24389,6889,327633,476867
8944,7407,-20785,30889,8796,321524,375942
6093,5407,16657,51463,6759,502858,641015
6630,5740,23619,32944,10149,259398,353943
4963,5741,50080,27055,6926,234344,377498
5648,5186,158411,31519,8611,261326,485349
4537,5203,3873,69611,5315,341995,448590
4370,4982,24927,33129,8630,260404,350702
5704,5555,38759,26074,7389,230999,362850
6407,5519,123757,25166,7482,336684,521534
4204,4852,2403,31833,8556,320372,390239
4371,4740,27921,87796,5833,446780,591997
4814,6204,31067,63315,6667,1489071,1619101
4629,4685,99862,25407,7204,276932,466868
6222,5519,-9381,23037,7759,279398,330721
4666,5482,24803,30926,7851,399787,522701
5870,5463,21524,23000,7407,229031,307591
4796,4741,67189,27444,7426,287624,447442
5685,5130,248964,23389,6093,288310,595552
5000,5111,57852,31389,8796,251850,395498
46221,4315,31258,53352,6074,442535,599496
4481,4963,28311,22797,7444,274335,356960
5055,5056,263013,54315,6408,456056,827273
5667,5426,22956,36908,9055,352745,451146
4537,4889,34714,109555,6130,404227,578608
5167,5648,27231,24481,8056,325211,434720
5815,5351,232804,52741,6500,348248,723366
4981,5370,685024,46500,7444,413544,1211826
5796,5426,31393,46426,6778,369327,480479
10944,7722,139614,26426,7518,382902,616793
5111,5185,69631,23777,7074,272312,401516
8074,7092,288407,65962,7260,345071,751329
6481,5759,9424,39185,6815,255871,341831
5463,5241,20070,24870,7074,386502,501368
5963,5129,26902,23759,7667,306966,392312
4556,5037,161029,63056,7166,375726,635996
9370,7370,-30398,33908,9000,379507,449182
8629,6296,30416,50203,8371,466507,587533
8648,6926,29802,64796,6852,363639,513774
6778,5463,94560,32185,9074,308882,473460
5055,5407,-20015,68518,6704,307551,486682
8889,7203,6076,43815,6463,254237,362461
5852,5259,17666,32963,8630,262887,350053
4870,5259,45776,61593,6444,252722,425349
5796,5500,171644,26130,7204,251815,484367
4371,5203,2365,23630,5907,273596,334295
8593,7018,32308,33908,9129,423523,531090
4555,4944,35881,65222,6815,303580,461867
6463,5481,252416,24629,6834,403117,715736
4611,5129,1674,61722,6685,320602,418942
8500,7167,25264,54130,6444,417288,567997
5981,5389,21263,60426,6407,275809,392535
4796,5555,85910,27241,7203,324922,471571
6463,5593,-21852,24593,7352,286960,343295
6166,5371,15980,55926,6593,335239,443646
5092,5555,20072,22333,7278,322649,418941
5889,5185,54755,24167,7074,290391,404202
4722,5389,162827,25797,7389,278984,499868
4815,5500,7603,24019,7037,402301,468720
4241,5592,19435,24149,12203,266952,350461
5018,5889,27026,25334,7481,306379,428016
6203,5593,260691,49019,6518,437101,781736
9185,6926,14690,61685,6556,284474,419739
5463,5370,68021,24722,7593,485401,613774
8500,6796,28205,23148,7704,302423,414683
6056,5351,97074,24259,7000,297035,454572
8092,7037,-12817,61241,6704,285370,374646
8574,7259,20015,23352,6222,261521,344906
5167,4833,22828,24648,7278,236189,318943
8740,7130,60641,23296,7389,376375,500553
5629,5611,218788,63444,6426,413783,734440
7370,6315,6989,22908,7296,274157,347349
5259,5315,27469,34741,9185,259047,356572
5315,5166,29042,22352,7556,312881,397850
5500,4962,101059,22408,6926,301142,458256
7944,6241,158724,46944,6574,280348,524904
5055,5593,37759,34204,9500,400404,510256
6148,5759,24906,23759,7204,228389,313017
9093,6815,75608,31314,9241,512963,664515
8241,7500,168569,61722,6500,254613,560238
8110,6482,33012,33426,9759,387041,538311
5611,5241,20232,24612,7481,298969,377498
4740,5426,64713,27203,7963,262415,408849
6129,5556,249359,100500,6685,289563,698477
5296,5111,-4049,46018,7056,259048,336258
4574,5574,22282,28611,6334,287642,371906
4667,4796,39243,24259,7445,246199,375628
6073,5649,164223,62518,23167,267329,545978
4703,4852,10129,28000,7444,271036,362109
13945,4222,14553,22389,8185,419407,497905
4833,5111,27885,26056,7277,310058,396664
4537,4667,217161,23055,7074,265281,558367
6277,5574,-24007,24889,6981,339876,377164
4610,4834,28454,35000,9926,439376,571959
5889,5166,24249,24463,7407,394953,480386
9352,7203,44377,25963,7259,319492,429960
5129,5037,213783,23481,7370,239030,512089
8703,6797,486743,32834,9037,453046,1032012
5907,5278,27094,66370,6889,471051,600089
8203,7056,20722,32667,8703,282313,373850
4667,4833,162591,62092,7500,267629,548460
5870,5166,-15077,32518,8982,377205,481015
5036,4926,32051,53055,6389,433280,583922
6092,5185,27753,24259,7352,236171,322257
4833,4870,91733,25685,7000,234988,406831
5610,5149,12860,24685,7130,330637,433719
4963,4851,18693,24166,8889,264639,345868
9074,6852,19746,23704,6925,306197,409016
6351,5408,50189,23796,7389,282994,395016
8111,6426,172539,32537,9130,273032,518108
5092,4852,1241,39871,7055,272276,352887
5925,5686,30498,26723,10722,292128,389127
4833,4889,189720,25926,7407,321925,571886
4167,5018,227237,47703,7111,463723,769773
4685,4852,2198,25296,6722,381633,455868
6685,5593,45103,22630,7703,496857,600459
4888,4871,19176,26370,7111,290563,368979
4722,5352,73434,32222,8889,317730,478831
5926,6518,727784,57704,6944,350654,1197512
9278,7314,18412,26019,7389,262512,367683
5648,5148,23022,24888,7074,245644,328461
8444,6518,63483,25204,6648,349922,475626
4704,5259,157463,24018,7315,355053,573256
8833,7148,5443,34740,6074,284408,382257
14314,4444,4552,23223,7463,389112,483163
6203,5630,27587,32130,9148,263151,392405
5926,5130,128159,23834,8000,318152,505497
5389,5222,-2268,40834,6888,280359,354017
4704,5425,28083,48129,7000,472526,580404
4722,5223,27284,32000,9148,321695,437998
5981,5482,90394,24037,7518,329344,499664
5481,5093,-30552,22759,7055,393828,442534
5426,5518,22910,30425,7723,397958,498145
5815,5167,21315,31518,9871,252905,341813
4777,5278,66332,27315,7611,262462,388924
4685,5518,144182,31630,8592,320019,530441
4852,5537,5680,24445,6315,302669,384128
13870,4315,48901,44334,6981,258764,396757
9703,6871,27584,22778,6889,290783,381905
8667,6574,152175,31389,8889,254989,477312
5519,5222,9803,22908,7204,330934,399609
4204,5203,40673,22241,6037,401547,535479
6852,5648,20004,30926,8518,256235,346331
9074,7315,77317,26907,7519,296643,439090
4703,5241,-29333,24537,7352,422293,511274
8907,7537,4518,22537,7537,271962,340906
4963,5371,498090,31814,8945,261553,829736
8333,6834,43496,25481,7296,270817,376794
6870,5871,153216,22926,7408,329965,564627
6203,5481,5141,26167,7111,328413,396997
5148,5462,18584,24815,7185,393692,504367
8703,6778,22286,31240,9037,301435,395164
5351,5130,142266,24500,7037,284880,484941
4944,5037,-15088,32833,8741,404289,513682
8925,7037,30985,52500,5778,384049,507015
4796,5259,25205,25167,7389,235200,318776
4870,5222,88130,24537,6722,318923,468127
8630,7037,469720,24593,7000,302923,838866
4111,5149,20163,23518,5574,466519,541757
8444,6574,25329,63463,6815,259428,387090
4333,5167,59012,26685,7037,268745,387201
5018,5667,154510,24889,7074,318820,535164
8667,6815,10545,26574,7167,425100,502516
4463,5148,21322,67926,6703,415509,571978
7185,5852,25339,25315,7092,234660,322091
4111,5389,171133,26259,6982,270364,533423
5593,5055,1799,61814,6593,275273,376239
8833,7111,32260,35037,9352,495107,636552
6018,5704,21573,25056,7166,235796,319739
8666,7037,88923,26871,7518,380148,535811
5018,5000,784033,23574,7056,347405,1192549
4074,5519,21420,24814,7186,316337,397609
9426,7000,22307,35778,8704,231283,366887
6870,5685,59880,25500,7537,253711,377424
8481,6926,165175,24907,7296,318452,550052
7870,7074,9006,29741,7222,287566,383701
6389,5667,23523,23963,7222,377771,487497
8592,6741,27873,24723,7426,382161,502664
5833,5574,338612,25222,7130,409327,834346
4593,5037,1258,56112,6629,306295,398109
10334,7277,36295,24074,7648,872404,993976
6000,5315,25256,25222,6907,298594,387516
8999,6963,71384,23481,7352,329170,486886
5333,5241,143067,24203,7130,355670,558682
4722,5351,30029,49704,5815,441764,586052
5629,5074,26805,64018,6630,275823,401923
3982,4666,73192,26278,7389,316546,470442
5797,5240,149598,23667,6963,290306,498072
4889,4833,2208,22574,7352,388586,482627
5889,5259,23280,64666,6649,475105,597200
9500,7518,34834,25482,7444,328979,451331
5741,5278,147239,22741,7148,285054,489868
6500,5629,6053,25222,6889,278742,348387
9703,7519,26458,23426,6074,255206,345794
5370,5481,20383,23796,7630,236967,349072
5999,5463,81123,26000,7240,336024,478664
5333,5167,5528,33241,9148,378932,467201
5925,5482,8897,51814,6371,483952,580552
8944,6945,28450,33945,7963,236825,339128
4685,5166,49338,24315,7444,260475,400256
5722,5315,176929,33019,9055,264068,511423
6185,5481,4891,62129,8093,280089,401368
13833,4500,-1037,24741,7370,403331,496294
5259,5315,23498,23592,6926,239723,353516
5981,5278,121811,31000,8963,292408,485460
9166,7222,394199,30259,8796,317297,802717
5407,5371,29715,54704,7037,467318,585737
5296,5259,20177,27074,7500,303025,388331
8815,6629,88398,23185,7037,320952,470553
5351,4852,190229,25815,7556,236231,487200
8370,6778,14598,45166,6926,413955,512108
4055,4593,21985,24093,7463,271642,348331
5592,5685,52928,25056,7444,955011,1066716
4314,4723,160426,23037,8056,246071,460719
4704,5333,5425,22241,7666,314221,379202
9759,8092,19553,47908,8722,372333,480145
4166,4741,27570,23259,6834,305946,391516
8574,6463,427161,37500,6815,411482,950846
6630,5648,-915,24593,7166,306450,367739
4278,4685,30102,41796,8056,348617,489479
5685,5204,23526,31000,9019,236194,327961
8907,6926,87118,23370,7389,293528,442053
6074,5482,719356,22722,7037,316267,1096457
8778,7055,14688,31000,7834,369827,456757
5019,5018,27353,23926,7185,267071,350869
5444,5537,63203,32982,9389,263127,393831
4666,4759,505980,27648,7908,291830,860939
4926,5333,5645,33296,6574,401019,484034
14889,4667,-3283,25722,7445,236781,301165
4648,4574,32549,23444,7278,360745,487793
6056,5444,119307,24926,7703,310765,512349
6259,5277,388342,23815,7074,289191,739180
4889,4944,22711,58074,7630,348805,476849
5945,5407,17339,62592,6723,291029,405183
4204,4852,92004,26000,7592,252864,406072
11166,6852,355928,32093,8722,412049,888106
5870,5833,17872,53222,6426,461607,600367
6426,5407,28351,23649,7685,276517,366757
8759,6611,52572,22741,7407,313833,447868
5500,5130,731495,32741,8944,336498,1156086
9018,7222,-1987,66889,6907,306985,412053
5444,5648,23993,47630,8370,533485,642329
8389,6796,26584,23074,7481,296026,403405
5925,5500,250693,43556,6685,348877,680125
9055,7593,2451,26000,7203,322973,393368
5648,5056,24949,31315,7944,381993,487868
6037,5389,22207,24222,7000,308661,390424
9037,6907,74798,31778,8500,265552,411461
4444,4871,-22630,24667,7463,335423,373035
4166,4519,13665,30222,7778,452962,528478
5518,5186,29163,24278,6963,240168,330091
9203,6981,586255,40759,6852,418999,1121493
6296,5648,278956,24482,7018,499983,840717
8389,6741,695,28574,8111,324562,394554
4425,4852,24916,23889,6222,432118,547904
5852,5481,30396,26223,7259,235620,325461
4333,4944,250820,23297,6111,431231,746680
4370,4963,3208,25685,7352,394808,469386
5796,5407,31614,61278,6851,353995,491182
5185,5185,24001,61926,6945,263089,381850
4000,4704,87036,24037,7408,321387,468072
9222,6833,161109,32185,9074,259666,492534
6222,5407,18496,23741,7852,516593,615422
6352,5500,28439,65907,6704,328336,481164
5426,5352,40048,24408,7703,280450,377961
4185,6000,198103,31629,10000,265451,552349
5592,5296,7582,41797,6777,276898,362053
5333,5352,27896,66425,6260,400731,526386
3926,4555,3061,28963,7629,291716,356924
5167,5629,128670,24852,7352,236420,457090
5852,5315,31650,25444,7019,350847,444720
3945,4722,24463,47278,6981,481237,618108
5870,5444,20221,24000,6852,236463,314239
5648,5722,89979,22907,7111,238612,418757
5814,6315,358940,23740,7278,332630,752680
5778,5259,16605,33685,9037,467874,553293
4407,4741,27363,26907,7278,378116,468275
9388,6945,54342,24944,7426,265286,383682
5111,5240,277286,32240,7759,384137,755514
4555,4796,4154,21426,6185,280641,339201
4314,4852,24689,22241,6278,260846,342257
9166,6556,18762,27074,8148,263551,367979
6593,5833,218334,66463,7056,463735,786940
8315,6833,-3426,33555,9408,325665,397776
5444,5723,28757,52703,6297,477998,595256
8518,6704,23551,60834,6703,350965,489293
6407,5649,80846,26018,7556,289077,452627
5426,5185,-24822,33723,8851,318487,376887
5518,5148,4381,52722,6518,375821,476034
7778,6574,21860,24222,6574,263786,346572
6259,5407,57970,25407,7370,247547,389831
9074,7463,276838,21852,5833,257047,600533
8148,6852,6151,32815,7926,361180,454164
14778,4333,4002,65833,6760,409754,520960
5500,5204,40444,23926,6982,238646,335961
4463,4851,231129,46037,6574,489923,833402
5981,5444,5497,23537,7315,279094,345035
5889,5833,19903,32185,7870,495409,582071
4296,4722,31531,24407,7556,236523,323294
4981,5130,80881,24407,6574,255543,426294
6296,5518,-7694,31500,8815,315396,377998
4704,5592,14193,23426,6944,482934,554571
9185,7278,512561,37037,6352,278822,868495
4963,5148,51985,29223,7870,287179,435331
6259,5463,184725,32685,9037,263716,520608
8703,7482,5853,38333,6519,282849,385072
52943,4334,25407,26037,6481,416053,546126
5259,5111,22720,31797,8666,329167,437979
6037,5333,116867,27500,7574,234816,416868
9130,7055,-18172,31223,8333,271892,326684
6037,5315,28141,24630,7166,513078,635182
5944,5371,24843,62333,7334,334950,481849
5296,5463,62119,29333,7371,339600,465201
4759,5555,782766,32037,8759,308506,1179085
5944,5278,18764,45482,6611,385862,488108
9036,7074,20745,35203,8056,283143,379627
5889,5907,60854,24241,6759,301403,442405
6093,5352,190074,64444,6500,268478,558553
4870,5370,9814,32259,8908,284536,381572
13759,4148,2164,24203,5926,294631,364294
8999,6945,22125,21889,7259,353465,463904
5259,5500,161105,23352,7296,239745,460405
8926,6741,-13397,22278,7444,401746,462849
13592,4611,-3194,36000,7759,446432,523256
8536,6871,-770,23037,7129,318268,380053
5463,5629,69988,31518,8556,257955,395794
9870,6278,162763,66371,6611,293437,588978
6296,5574,-682,31592,7908,272347,340887
5722,5926,21409,23518,7778,247627,329961
8555,6981,31519,31407,8500,259258,362053
4148,5315,289905,40500,6407,383387,750514
8426,7259,7052,28426,8278,386890,475368
6111,5648,20402,60796,7111,381484,499367
8592,7130,25623,25666,7445,299338,388553
6074,5648,160362,25944,7630,293450,534904
5888,5297,953,52777,6445,316563,405220
5018,5704,252025,25093,7018,312990,625441
4945,5592,30154,61722,6592,351326,492053
6018,5333,93226,24556,7259,262568,451645
5592,5112,-29758,25685,7482,291163,322943
5518,5926,22297,23426,8481,259128,344091
9537,6796,17166,22370,7185,308796,386961
5166,5444,40479,24815,7389,299963,398534
4314,5741,146421,23278,6704,276817,477571
5314,5815,2901,32389,8148,383745,471089
14704,4704,1936,66037,7037,395728,505257
4741,5352,31490,34389,8778,271155,391924
5777,5241,244860,53740,6297,457006,791310
9296,7167,-2865,31408,8722,273362,343831
4999,5500,25079,23685,7074,462863,578107
5796,5204,26058,23889,6852,248088,333720
8759,6574,199483,30963,8556,275551,547256
5574,5333,292148,23796,7000,408867,781403
5648,5741,12961,53055,6704,373499,488719
6037,5463,25589,25296,7223,363204,472479
5074,5407,31106,32296,8704,273540,371201
4834,5333,247271,93259,5796,345429,718274
5685,5611,8918,25833,7297,358950,450405
54315,4425,19194,51575,6407,386933,541275
4925,4834,20470,63833,6778,265268,418201
5926,5259,109079,24056,7000,291196,457923
4314,4722,-11607,32704,9037,414660,472515
9351,7537,31614,52963,6518,370773,494534
4518,4889,19482,62963,6740,343257,461441
8778,6685,86832,24667,7426,359572,545515
6796,6055,163886,23908,7611,263981,488830
8036,6963,9922,32833,9019,265113,367016
45944,4333,23235,140037,7148,353947,591440
9148,7463,54233,23148,8056,269061,385646
9092,6982,189157,29648,11352,394969,657533
4648,4815,4193,31315,9000,971745,1060012
6444,5648,29877,56129,7537,464343,586904
5778,5537,20578,63871,7185,259956,378979
4407,4686,204391,78667,6889,346938,697477
5925,5371,-1128,27388,7260,273385,336146
3907,4611,22370,33000,9055,431924,522311
9259,7278,19591,32111,8648,271241,364739
6277,6000,68089,26093,7426,238520,370627
10037,6185,162125,64000,7611,261539,527015
5296,5240,24790,33926,7259,435930,528274
4481,4667,17251,24778,7296,277469,354646
8537,6963,55768,24333,7574,239082,357220
4148,4500,213377,27278,7685,394452,694848
8574,6982,1709,21611,6963,322622,403979
6500,5556,21078,23240,5926,284124,364276
5741,5629,-9442,32574,8723,384773,446220
4278,4722,131537,27111,7426,238183,428516
4351,4722,-27019,31852,9296,386962,462571
6426,5796,20016,68630,6648,257778,384998
9259,6722,26237,27037,7278,236447,327757
5963,5445,72642,25111,7241,300577,467201
6352,5518,-30674,32778,8648,314172,354054
5000,5352,6269,52203,6074,442284,535460
8778,6815,22693,35259,8130,255397,386313
6037,5203,45784,63537,6482,289825,455608
5462,5148,197431,24352,7222,255437,510552
5537,5259,8781,23074,6759,292644,376683
13592,4148,-54,25759,7297,377236,468626
5518,5481,23315,23982,7037,240646,320757
4667,4796,160683,25704,7352,369609,603645
6093,5314,-18744,23408,7129,309020,350369
4185,4630,28495,48611,6444,336169,448423
9722,7056,27067,64908,23592,271653,441516
5926,5389,84325,28241,7037,345468,495108
8777,6871,149656,33908,9000,272692,528700
5574,5222,12915,24667,7333,261621,335369
4815,4833,19432,35648,8574,235641,357294
5777,5315,52245,25907,7426,237568,348849
4592,4648,152891,32463,9037,274236,526533
5462,5186,6315,43167,6833,339941,426293
9389,7444,31425,53037,6241,487646,646941
5740,5075,25719,61982,6444,277019,397849
4666,4963,107589,27111,7333,308187,509756
5760,5277,25032,23963,7148,329892,414368
3870,4556,17511,93537,5926,421078,595422
5574,5297,25676,60833,6500,247637,365776
4889,5241,78100,25723,7129,351045,501738
6796,5352,397118,24055,7241,279804,741589
9148,7092,6005,31926,8889,266104,346442
4037,4778,689947,24389,6907,288473,1044623
8444,7019,43501,65704,6630,260959,406905
6703,6241,197518,28093,7259,233886,529534
6000,5408,-261,66111,6611,274777,377109
4815,5352,16015,26074,5852,413667,490535
8518,6852,26532,23704,7685,344465,446367
6036,5334,240901,42592,6000,422484,742014
9148,6796,26381,61519,6574,372987,512886
5647,5149,25434,50630,6037,477969,589311
8204,7000,25507,60426,14259,279028,411498
5592,5333,67154,25630,7018,235419,394831
5555,5444,-5773,33666,8889,339142,417423
5611,5129,1762,41741,7203,258644,339590
8537,6852,23890,26629,24648,285868,393665
5499,5093,53425,26426,7259,322684,455034
6463,5426,186664,23260,6463,242147,485627
4240,4760,16792,25278,7240,313854,389016
5944,6093,24864,33556,7333,397485,493164
4222,4778,18067,24815,7889,310875,384683
4704,5222,195824,65463,7019,377746,696366
4741,4815,971,34240,9056,330064,401776
4351,4908,26988,53425,6371,356861,492330
5185,5371,20245,25926,7463,295975,375183
3926,4574,77244,25167,7389,283013,451387
6389,5666,-22128,23686,7074,315774,353961
4981,5574,187667,22741,7389,331144,578515
9648,7148,26572,64982,6815,263332,397349
4722,4945,42830,34981,9593,337075,449683
4277,4500,255717,66815,6926,449352,802550
5574,5778,8160,23259,6963,326226,392961
4130,4518,3162825,45500,6740,264692,3505517
4759,7093,25012,23351,7000,320449,404794
3815,4537,987229,54982,8296,271115,1349011
8981,7204,-161,23703,7408,281177,345183
5241,5407,22393,46315,6871,1061526,1166364
9481,7278,34854,33056,9463,237736,347127
4926,4851,610075,23463,7185,426086,1094993
4408,5203,2393629,31463,8518,291948,2769743
6610,4889,685627,23871,6907,419107,1167011
9315,7296,24256,22351,7130,398835,521479
5556,5370,45476,30982,8611,233059,346184
8611,6426,164659,23167,7463,305430,531200
4259,5351,11381,75203,6963,312303,451645
5574,5148,18156,24149,7222,254619,350165
5203,5093,17599,31685,8611,330602,414590
4185,4556,170227,28852,8092,365196,600626
8778,7000,4115,23851,7797,283865,370535
5556,5518,19872,53778,7204,347292,480498
7981,6667,470481,52685,6667,425031,987994
6166,6000,79721,27944,7593,271740,417590
9852,6241,162700,23908,7296,276741,523293
6130,5444,3607,36629,8834,283595,380035
5445,5185,15382,25593,7370,384911,486627
8314,6649,28547,33463,9593,302394,403701
6240,5908,181768,22908,7722,232044,474960
9296,7130,13785,37815,6777,266028,357979
5018,5371,23246,32500,6149,439287,526497
4759,5741,21153,26981,7685,256013,336739
5222,5463,137929,23185,7481,243217,459071
6314,5574,665334,26871,22389,290271,1034993
4185,5519,28184,40889,6815,362443,477257
5833,5444,17887,24685,7315,237797,314146
4444,5149,72977,32741,8796,265039,437850
5611,5203,-32579,38370,6648,285319,343535
5629,5389,380974,23371,7259,255188,697607
9537,7408,23787,27760,11314,297136,394405
4407,4722,38712,25204,7796,267712,366405
8333,6852,266748,32629,9278,432896,806903
5593,5259,36931,24130,7685,368900,465849
4537,6278,12077,34926,9500,263976,379683
5648,5518,18558,23926,7166,287015,363164
4499,5037,701112,26555,7759,379198,1166808
6074,5629,619610,32759,9519,255922,978679
6296,5389,24257,44926,6833,368574,496238
5129,5445,21792,29314,7223,262965,381090
5481,5185,73587,24926,6963,332596,464534
4778,5092,697604,24555,7037,260243,1017050
4778,4778,9972,25537,6370,268063,354850
13870,4259,-455,31389,10592,232121,308720
9444,6926,38932,22833,7315,241344,361868
5704,5259,268004,30500,7797,413084,748051
9185,7463,4466,23203,7537,416069,511201
5592,5796,22409,57352,8796,394552,522237
5667,5314,23092,64500,7167,302443,427646
8833,7018,144739,25185,7833,292240,521422
5888,5222,-13188,72055,7130,347983,463478
5463,5796,24847,25278,7296,396447,490571
5463,5167,21308,32907,9222,268413,361832
8908,7074,77213,22889,7130,243117,401591
7851,4260,298619,69037,6667,342895,765995
8463,7241,467710,52704,6648,367470,941976
5908,5592,19172,36204,8981,264826,358165
5426,5500,47281,62000,6630,295105,441387
8796,6556,762687,35722,9833,403306,1266289
4815,5407,-2055,39833,4519,424756,532164
7000,5740,34851,46870,7778,455405,575070
8759,7074,28164,25944,7186,277371,368794
5111,5834,168958,23852,7500,240983,466701
5778,5407,-9154,22815,7092,285319,336369
8722,7519,18326,33629,9593,487097,580608
5000,5296,22565,25648,7093,248415,329794
4703,4889,85619,32611,9778,265860,420534
11240,6574,158507,24722,7537,310231,534589
4074,4704,9856,23907,6908,479974,546497
8426,6703,604855,38444,6889,266862,967383
6426,5722,31575,28889,7834,262626,360553
8611,6463,180481,62074,5000,266127,546311
5555,5630,-520,27685,7389,323129,388127
5611,5296,23275,52259,6482,351686,484627
4981,5334,22865,27315,7241,238151,342331
6259,5593,135641,23685,7389,267412,460849
4685,5223,-416,26167,7203,279784,340813
4444,4685,716435,22593,7259,280022,1071827
6055,5185,24433,22463,7500,279658,360497
4685,5240,73098,30389,8260,262807,399534
4611,5130,262874,32778,9185,450418,819218
5592,5555,-145,24166,7426,281348,342146
6259,5481,22538,66834,6777,269571,413590
6148,5685,39833,23741,6925,360536,458608
4463,4722,141906,27296,7666,338111,561460
5852,5389,466773,24111,7334,345499,872902
5241,5722,16309,24278,10278,294355,392535
5630,5240,158993,23112,7111,283874,501664
4056,5037,168917,22259,10759,239581,467998
9648,8630,-29270,68982,7000,347934,430794
4352,4630,31932,39185,6760,441008,578775
6684,5704,22635,34444,8797,261641,355442
3981,4463,77226,28185,7722,265013,404590
8463,6537,149317,30981,8296,368791,614682
8055,6871,6315,43889,6518,449108,570830
6037,5315,21554,24611,7500,365888,447053
4111,4556,21404,27019,7833,271205,386516
5870,5537,245199,47278,7000,448019,776884
8444,6796,606,24907,7185,432374,499719
4518,4537,20345,24407,5759,269747,348276
8130,6592,20065,22796,7630,270452,371146
6259,5537,83471,25759,7093,302156,444701
4611,4834,22172,22389,7093,387713,500720
5852,5222,22320,23444,6370,498455,577182
3945,4518,22744,62963,7092,338217,482757
8740,6741,65483,27185,7556,330440,497423
6611,5370,157185,22945,7351,287294,501497
4445,4722,6998,32630,9240,348629,445313
52333,4426,16960,48778,5185,354926,510534
6814,5815,41365,23834,7444,320447,421645
4574,4722,204660,26945,7944,389522,682644
5315,5555,1936,24038,7703,286062,366276
51000,4222,16676,32981,7500,432285,559997
4537,5370,21896,61315,6833,259250,373386
4518,5352,95950,28537,8130,278547,435016
4870,5556,726245,25574,7463,515155,1333270
5907,5778,25706,39000,7370,388347,487663
4518,5055,192446,61296,6704,341069,630403
9852,7944,60463,27129,7223,372609,528997
5537,5833,164405,24611,8148,238296,462793
4314,4797,3866,32611,8815,268558,359627
6296,5555,58125,93870,7592,342318,552182
5518,5815,28956,23130,7222,303431,426979
5851,5278,963787,26649,7555,381334,1432862
4851,5426,-4214,22223,6222,425285,479552
10148,7167,510006,39000,6963,264785,855291
4407,4815,21542,23000,7166,240568,351312
6481,5481,126245,31796,8759,284216,478886
5925,5130,-21128,47667,6130,389291,507126
8889,7037,24445,44574,6648,387404,494664
4297,4777,18869,22926,7019,324054,399794
7870,6333,66479,32129,8704,265926,406330
8444,6722,289922,44648,7037,466925,838661
5222,5408,642,23796,6944,280431,339757
4056,4611,52362,54575,6555,261931,402294
4981,5130,543879,48260,7203,450152,1074809
3888,4519,157489,63630,6537,300137,554293
9056,7259,765,23537,7556,277696,343406
4055,4407,20375,31574,8908,481973,566663
5259,5556,18947,28723,7592,325402,406480
3815,4444,137853,24759,7723,284347,482405
9240,7223,-31334,23944,7463,396832,429886
4647,4537,19147,52815,6481,395518,500941
8352,6852,21681,63574,5223,264242,406461
7074,6296,51643,33482,9167,324872,448257
3815,4277,1221623,61593,6463,301423,1627379
13833,4241,-3082,31037,9759,503412,575497
3907,4408,21619,26297,7592,367137,461090
5833,5240,15952,31241,8537,257972,375479
5314,4963,142580,61037,6592,294492,531793
4259,4630,6152,27352,7241,336993,441961
46889,4407,22651,53203,6500,387995,566775
9018,6797,27038,24018,7185,294034,416738
5555,5148,174944,24203,6908,267294,501034
8685,7056,-22966,25037,6889,395611,437905
5037,4741,869773,64260,6833,427663,1396603
6037,5425,20902,24111,7871,238504,351794
6055,5297,56141,25703,7371,237153,352887
4537,5260,690287,22815,7203,258337,1007198
5037,4982,12971,45926,6944,453063,545405
8926,7111,30358,35260,9592,233992,340294
4592,5093,52857,25852,7555,274901,385813
4685,5296,236189,75296,6426,447640,797273
9111,7000,3650,33186,9462,283923,364795
4185,4685,24296,52149,6222,371515,510793
8611,6407,24536,63870,6889,261073,387923
4092,4278,146571,29370,7593,238908,445978
5334,5500,11032,32907,8982,323187,404535
4055,4667,56901,27870,7408,372466,496256
8926,6926,23066,30297,10481,258376,353813
4999,5371,195490,67204,6481,333728,682940
8314,6871,171230,24962,7204,237453,471664
4852,4666,13377,52463,6426,409176,509015
8240,6852,25301,23259,7018,241087,361534
8166,6686,24466,25648,6981,359495,447794
3926,4389,140056,23445,7222,331885,548404
6185,5408,-1816,35186,6185,284943,371276
13296,4389,425239,24167,7574,409108,899439
3981,4500,25182,23796,7055,341298,421868
5203,5815,102365,33074,9463,312577,506774
6129,5649,490437,26371,7685,275891,831736
4333,4796,23344,33055,9093,463561,587089
6445,5555,17768,25111,7482,238897,316758
4352,4389,73877,26593,7666,300176,431257
5259,5482,-29680,23352,7204,334751,386202
6647,5686,-867,52093,6259,255976,344368
4926,5204,19484,22611,7685,295607,374183
9925,7315,36279,24629,7260,313552,413960
5296,6000,185221,23112,7370,268702,512960
8389,6777,-3039,25796,7241,368722,432423
5333,5018,26293,30481,7667,500260,590478
5426,5852,14735,23129,7741,240763,313480
8925,7500,578604,25945,6426,281131,927050
4482,5111,-1102,22760,6981,282359,339554
8999,7352,27323,33945,7537,400211,503108
4185,5500,15525,23852,7148,243548,316147
8148,6296,64616,32000,9556,324881,480979
6963,5852,275392,49629,6408,437881,798847
5370,5166,4910,47389,6907,504217,588922
5129,5167,24259,28093,6241,272683,358961
5222,4796,24628,63593,6518,263074,419571
6111,5703,164127,23500,7889,256241,477701
4277,5334,23884,25537,7148,493890,588404
5704,5314,400420,25426,6000,299613,763829
9482,7129,466863,25574,7315,444854,977587
4852,5296,87805,23000,6908,279229,422961
9074,6852,-21752,32908,9740,390750,455553
6518,5759,15303,24315,7277,256678,333257
4629,5426,18838,65407,5111,279772,432497
5648,5185,61836,26759,7408,306846,429979
4407,5611,159334,32260,9889,311792,576663
5851,5482,2277,23963,6259,343443,405275
5444,5334,21238,32741,8352,268981,390887
6185,5296,36626,23537,7241,277020,373571
9092,6815,213032,49444,8870,319872,643848
6389,5537,3123,62018,6852,279616,382276
4352,5444,21011,27444,8722,492209,575775
3963,5185,17101,32037,8797,325544,411646
8870,6907,89767,24481,6778,276361,428608
5981,5389,600450,25111,7111,237656,896328
4296,5222,21059,25093,6259,449938,543330
6833,5593,22891,30926,8926,269181,360054
4537,5315,71260,63852,6814,291330,458368
4333,5481,157851,63130,6426,263516,548700
6000,5389,2164,24852,6593,276519,339184
3925,5167,20237,34074,8426,246706,367090
6241,5278,33605,26556,7870,263281,359591
3796,5166,134345,32407,10167,275393,512441
6241,5463,-1028,24149,7000,289395,366202
13555,4130,-1585,31148,8371,242471,314109
9611,7129,13322,24759,6907,242511,339368
5851,5445,169412,26908,7296,411102,641422
4629,5556,-32664,25389,6963,307051,352016
6037,5685,23946,44852,6315,394699,497812
4259,5778,14370,22741,7518,240961,344479
5907,5537,47869,24296,7296,283611,389886
3851,5408,702682,23389,7333,473459,1238863
5573,5519,372866,24166,7278,276704,710792
4370,5481,24846,22500,7111,850001,972216
8426,6518,40770,24333,7537,301450,405812
5573,5000,249287,56148,7352,441005,782088
8722,7130,396248,32796,9037,305859,777236
4834,4870,21932,59981,7000,382899,499164
4926,5333,22190,23907,7685,264790,343517
5185,4926,188577,34500,10370,261347,523942
9352,7518,236779,23796,7463,548791,869939
7574,6148,27814,55500,6093,355812,477590
5500,5667,17979,61704,13278,268444,392294
5722,5315,52292,34019,10000,328964,452257
4592,4741,152013,60648,6500,310503,558145
9722,7148,2586,52593,6204,377300,473294
6888,5630,20103,23463,7259,239395,320109
8944,6889,40398,27240,7926,384989,531164
6296,5648,206137,22130,7500,232268,495738
5147,5352,-14309,24333,6871,404343,451460
5037,5278,188189,24926,7018,299160,548460
4333,4649,24965,22778,7296,315495,395794
3907,4592,94557,33944,8870,310997,471756
4852,4815,-2112,27518,7482,277462,354406
6463,5611,17053,34111,9759,385352,475386
4519,4944,19959,25444,7630,238336,315813
4147,4778,53772,23019,6907,305874,412719
4500,4888,161512,30611,8907,259431,518108
6704,5555,382417,67889,6704,358097,843069
5129,5074,17804,24760,6796,383101,458034
4556,5055,24951,30945,8648,277751,366424
4389,5092,268431,22796,7148,373455,735422
6073,5463,-6441,62315,6759,350013,469682
9259,7129,30298,53333,6760,362310,497126
5759,5186,518074,44148,6648,381698,979680
5073,5093,1627776,26981,6963,281342,2003302
5778,5204,-3263,24334,7370,281983,340424
8611,7241,23625,50889,6148,391243,508183
4722,5037,25475,61778,6777,274134,395497
5574,5093,68547,24371,6907,240562,368906
9981,7167,161749,25278,7259,443080,672625
3796,4593,933,23408,6407,285361,359887
6166,5408,17802,33963,8796,258881,348127
9352,6703,32764,63037,6852,277790,411998
4277,4797,146725,24870,7222,239958,477478
5870,5241,29371,23593,7185,322404,413553
8833,7167,26981,50148,7334,440052,556053
7925,6259,31332,61240,6797,270889,400164
4056,4629,154478,23796,7778,240112,484405
5963,5352,160217,28018,7685,282281,507405
5222,5426,18679,33166,9297,380522,471683
9185,6870,20418,26148,7148,390487,490682
6222,5241,1048045,23463,6278,373909,1481306
4944,5037,1429155,71018,6704,677406,2215857
4444,4685,-773,24093,7222,282382,340460
9037,7426,20522,26982,17129,256106,354406
6185,5518,33836,24481,7037,304440,430571
6074,5370,147871,24685,7463,306349,533441
5185,5315,8832,24482,6944,338980,409072
9814,7315,16609,47963,7111,369389,498089
5703,5815,21311,25240,7111,296965,397534
5889,5296,83661,25537,6982,361873,542127
5870,5204,1209344,24333,7260,328887,1617916
5333,5426,18547,50222,6611,374525,476756
9963,7519,18285,23500,6982,245360,347887
5574,5537,68784,24093,6963,235880,382868
6314,5223,149319,24741,7444,322956,535274
9463,7426,7818,22852,6889,406068,477886
6888,5648,497613,25315,7907,368030,953513
9092,7296,29926,33408,9055,260443,364572
4833,5278,144869,62870,6741,257647,519756
6407,5519,-13596,26926,7370,358446,442516
6537,6037,19514,105815,5629,407539,600700
5814,5445,18086,62334,6888,267782,382312
5055,5408,609917,25426,7074,454076,1127160
9278,7203,-4991,33500,9111,273193,344461
5297,5111,361100,25518,6296,266489,687904
5499,5426,20358,25222,7519,277696,392053
6444,5685,53116,22611,6759,279364,388646
4833,5685,163706,22704,7389,306069,547423
5703,5371,-1203,24037,7259,280368,341239
9556,7259,19851,65611,6593,424775,592534
9241,6925,21739,24889,7611,249648,337054
4944,5537,189515,65278,6814,277982,596330
9333,7482,-13006,34334,9444,372947,446220
5425,5371,20919,21352,6203,306376,440331
9037,7148,19306,32537,8556,267858,362720
6703,6315,92527,63759,6612,297155,493293
5037,5982,-2216,25704,7296,323454,436220
9518,8093,20487,22629,6889,411807,496534
5796,5407,20930,32630,10963,256364,348794
6222,5741,65854,24852,7185,341069,466571
5370,5593,580686,63203,6778,283142,966161
4925,5148,-167,24222,6944,278981,389534
9370,7537,19609,66074,6407,440389,566441
4703,5500,35348,62148,6407,276577,408905
5296,5500,127809,24630,7592,1018721,1208049
4129,5222,-3544,22426,7092,324506,380997
3852,5315,15250,32445,9259,357025,468812
9092,7074,21508,63371,6759,259397,386183
5963,5482,71117,24019,7407,294547,423516
5148,5259,-22477,22852,7055,337920,378423
7648,6463,13892,31222,9444,413254,499108
5333,5926,16909,28814,7871,272478,353442
4759,4796,41852,24648,7537,329609,464682
6926,5870,216313,26722,7482,371757,650940
4389,4611,8923,32018,9093,391260,517645
5500,5722,20569,66537,6723,383761,517664
6444,5982,21290,25333,7222,281282,362720
5777,5296,246233,31852,8870,869020,1186844
4481,4759,-5010,25519,7926,339322,412923
6333,5648,462081,43611,6037,268414,811180
4481,4519,19783,61556,6796,256548,368442
5259,5907,205727,28425,8575,511009,781495
9203,7186,-4183,23426,7167,281829,341109
5315,5389,19167,50445,6241,435977,539701
8981,6944,18444,22815,7019,317091,431868
6314,6000,68572,25093,7315,283074,450960
6315,5703,155608,34722,8815,264260,492201
9019,7018,4680,42611,6148,288800,376424
5537,5148,421789,34167,10074,270892,767255
9259,7167,490214,23351,6538,491798,1078105
6907,5741,244564,32407,8574,489413,805366
9833,7111,-8659,63648,6703,296454,393442
4445,4574,39061,31611,7518,487140,589627
4037,4592,16097,24518,7908,472123,548386
6222,5351,227225,29815,7703,476401,801976
6629,6019,-1889,38037,6778,267238,341720
9055,7111,17907,24000,7518,255870,373868
6296,5778,22571,24148,7000,239761,358535
5852,5574,55625,63000,6611,256762,409201
5666,5871,191438,33889,9389,278151,542904
8926,7167,-212,24963,7334,276413,341980
6926,5241,13954,34092,8537,239582,324110
8518,7000,18119,27667,7888,300101,418349
6222,5500,224265,50778,6130,450045,761366
8981,7222,-5995,39259,6834,293826,368090
5722,5129,29744,91611,6352,332346,499385
6129,5556,18779,61760,6388,260682,374942
4648,5222,155778,26666,7648,413182,665440
6185,5315,-3872,32259,8797,272740,339258
6407,5870,21849,53259,6222,418353,527108
5129,5055,20199,61815,6556,274910,408534
6074,5370,64623,27778,7574,380448,507941
4314,4667,188622,26092,7445,238561,484034
5111,5296,7527,31760,9000,265137,341238
4241,4518,15137,26889,20259,280417,386202
6333,5370,28747,23666,7149,389769,478016
4389,4740,131931,26166,7945,356678,583978
5630,5240,-405,24593,7259,369569,453942
9240,7315,27408,47982,7537,481384,596829
4278,4741,25499,48704,6481,287721,392591
5833,5870,156035,25704,7500,236018,453293
8518,6926,292,22797,7333,389446,453608
3926,4611,23347,51592,6611,389003,524997
5722,5648,18234,62241,9111,263616,384016
8445,7037,40658,25944,7334,291098,395368
5166,5852,154157,23963,7407,310803,546330
6814,5685,1137,25222,7371,333416,396979
4981,5574,351209,23667,7315,309268,720477
8444,6945,35004,24740,7315,241161,338869
5259,5722,156558,23592,7130,233959,480923
6000,5463,3000,24685,7130,330608,394664
4982,5463,20239,26019,7315,267258,366054
5648,5074,20442,24259,7260,268963,347183
5019,5370,199811,25555,7148,266909,526849
4907,5296,-22043,25186,7444,344189,401960
5945,5370,13493,49500,6000,374912,474572
9685,7241,20861,23130,7426,280655,385109
5481,5074,201730,25223,7203,277434,539811
5129,5241,149025,23574,7315,334787,544367
10073,7093,6690,33019,9259,356067,457608
44444,4703,19948,52371,6055,481123,625200
5111,5351,20687,64167,6759,265200,418405
5647,5278,-13148,25871,7389,288479,337349
5981,5889,16961,25093,7352,319832,400442
9148,7092,715386,31611,8444,258535,1046253
5629,5037,23588,63445,6537,263632,382961
4166,4796,176494,23926,15167,259040,500497
6666,5500,215733,33371,8870,519559,824069
6759,5519,20380,54370,6481,368340,481072
4129,4667,16230,63222,6685,272009,421923
6018,5352,58284,26871,7092,316436,435961
3926,4500,137504,31389,8445,257789,458479
3777,4371,1169,35834,6463,266439,352683
5926,5463,17057,35500,9296,236904,347016
5203,5056,25333,25407,6982,323461,407312
4129,4759,106350,32926,9148,266574,438256
6037,6296,-3540,31629,7871,294705,377609
13593,4277,-1430,36666,7556,301151,379998
4018,4981,17161,26296,6981,328356,439997
5981,5334,146695,26760,7685,277598,485960
3981,5130,691509,24055,6852,258319,1024475
5592,5167,25007,53204,7666,770395,883365
5537,5482,23172,22982,7351,413696,509312
5425,5093,68930,27130,7648,281345,410423
4462,4778,-34627,24556,7259,282014,323053
5685,5148,-1425,23093,6148,275830,333757
4166,4574,14759,23019,7426,242313,311091
5444,5760,37424,25537,7407,240019,370702
5907,5445,227977,24982,7037,497184,784088
3870,4370,1495,23629,7130,406706,466108
4092,4667,24493,53537,6296,368153,488978
6037,5407,16862,63796,7074,267969,383090
6037,5815,81860,23315,7389,239971,413331
5536,5167,-2215,34926,9185,366139,449053
5370,5203,396098,26574,7852,390786,849606
5833,5352,19559,23593,7352,280605,379424
6407,5352,265261,25759,7463,347013,675218
8703,6611,636575,20722,5982,296290,1010272
6019,5463,-2612,32814,8612,269850,337998
4444,5149,21442,26870,6500,265908,347776
6019,5851,17867,24555,7037,295336,370887
3907,4519,664142,41889,6648,401370,1141790
4185,4648,-3618,24148,6871,359041,414072
10240,7611,472010,38074,6500,293319,862902
6073,5482,17527,34907,9815,262119,352405
8722,6556,83599,61482,6777,256510,441294
7814,6630,-5236,31870,8408,320307,406701
6351,5426,12689,23185,6704,466845,548848
5296,5167,15372,61111,6407,283422,396220
5463,5296,50519,29704,7759,269664,383720
4722,5129,159203,61315,6500,256776,541867
6018,5592,424,51092,6056,487462,575033
9407,7185,20255,74778,8074,317501,468182
5481,5222,22402,64167,6648,263911,383887
6926,5852,237492,24167,6833,465726,771403
5871,5092,19028,62667,6555,304155,422609
9444,7241,24841,50075,6537,488785,637367
5722,5333,16710,61482,6333,258306,403534
5389,5093,71171,25278,7167,238752,369461
10019,6833,811281,33463,8926,316934,1204975
5945,6111,17335,52537,6222,453977,560275
9445,7055,94982,24222,7704,486385,644959
5704,5055,58684,26315,7370,239574,391646
6092,7018,154090,24018,7463,353204,567552
6185,5518,2033,22203,7852,419576,492904
13500,4333,-2839,35388,8519,266004,340479
4907,5019,30288,25833,7408,324746,413812
5647,5500,181473,24944,7296,232581,505515
6296,5537,564137,33537,7926,284654,917198
4352,4500,26154,69537,5963,432917,558663
5259,5815,754616,22907,7222,448266,1260382
4852,4833,93429,25444,6908,351735,502312
5259,5388,-3980,23667,7778,320163,374812
4111,4741,41444,24814,6963,316665,415979
4796,5352,16980,22611,7722,260889,367220
6518,5704,252107,24408,7555,349518,663366
4870,5555,-37430,24314,6852,283559,306220
4130,4852,549,22833,6204,275412,331498
5056,5407,20399,21296,7241,236710,344183
6296,5426,36027,22297,7370,297730,390053
5204,6000,188896,25222,19333,264379,526460
4704,5000,-2495,34037,9574,350474,437738
5907,5111,34967,40426,6815,477307,585015
4259,5222,20317,25148,7334,305273,406256
6111,5185,79409,24000,6851,250275,386757
4296,4685,-21630,32277,9111,299536,346831
4611,4834,7534,52241,6463,406351,526182
5648,6111,14385,31389,10260,307094,390202
4389,4685,43198,25463,7186,304799,427275
6370,5370,140142,31981,8667,266837,474460
4000,4685,-6731,43537,6667,262229,332257
6240,5833,181639,31518,8574,300229,551570
3740,4482,14525,24981,7426,240992,345053
6055,5278,184394,66666,6686,337269,634940
10018,7685,-26626,32500,9148,392661,444127
4167,4870,658558,26333,7222,311529,1064198
6222,5592,21186,32833,8537,266609,355998
6408,5851,81907,66370,7593,262146,449276
8593,6777,-6835,32240,8630,325574,392091
4444,5685,14718,23982,7518,473223,544422
5796,5611,20698,62111,6630,274133,394516
9352,6833,49734,28741,7611,271449,389794
7871,6703,580565,22963,7611,490836,1153420
6759,5759,-1862,29222,6074,369878,484015
6500,5111,20302,33112,8703,265992,390423
6462,5871,34949,23315,8074,353696,452386
9184,7130,184115,34907,8481,264124,557700
6703,6167,125872,24352,7278,298254,489256
9056,7018,17926,32074,8945,404589,495368
6944,5593,29721,24426,7555,278129,367905
5037,5037,69293,31907,8852,267538,438757
8241,5815,204514,63870,5241,512685,819588
4277,4648,23883,31741,8722,402744,525349
5981,5852,17881,24463,7445,241802,318924
6260,5518,64157,22630,6889,333507,454627
4629,4741,135378,63797,6722,257286,486793
4185,5055,-1808,34611,9981,267140,336479
5111,5092,397968,24537,6278,370768,880828
4815,5315,30521,27315,7611,330921,452923
6555,5667,237205,24796,6371,498568,794051
5352,5426,20185,33907,8871,320035,411146
4037,5000,14850,83870,6352,333777,465830
4278,5222,22034,23870,7982,240001,353961
6574,5907,70329,26370,7556,322835,458442
9648,7704,645364,37463,7611,292334,1017383
5685,5203,19567,51685,6037,423838,549108
5000,5222,16583,23778,7277,281508,359794
8352,6759,28323,25018,6963,278268,403220
6796,5907,968524,24593,6907,296598,1324936
4926,4944,256930,23260,6963,462084,773496
4333,4685,17632,30834,8944,233959,319164
9222,7000,18760,23315,7556,241275,322072
5185,5148,149037,62667,13537,306590,594571
6889,6037,25183,25204,7074,333500,421794
4222,4814,16330,63778,8074,391371,506311
8593,7129,1727532,42481,6852,539085,2347412
4074,4593,87678,33111,8723,265411,453683
6944,5389,304954,23963,7537,466504,831717
8481,7037,7935,37389,7055,459988,543737
4388,4797,14599,30389,7722,271917,386071
6759,5982,43839,23222,7111,389788,492886
4370,4611,743319,26278,7111,348712,1153252
4111,4574,-2924,31241,8870,289089,386405
49037,4889,21334,31296,8926,505496,636404
3926,4611,17425,26482,7166,264981,342257
8999,7037,233609,24444,6186,449887,745921
4537,5333,-78,39426,7000,267799,378276
6462,5593,24402,49592,6260,361484,470367
5259,5351,21845,65537,6667,336579,472071
6407,5778,66158,24797,6962,344025,472164
4055,4667,683212,49685,6204,408077,1207696
6629,5593,13099,23463,6297,264195,336480
4592,5111,16450,33722,10445,265919,351627
5111,5371,530355,65722,6778,309954,941939
4573,4982,228280,27166,6408,264365,555607
9463,7722,945,33222,8778,414349,491905
4408,4944,27906,92741,7352,328795,512460
8389,6519,155997,52685,6241,306036,555738
8370,7518,152941,31685,9444,290242,535719
6426,5926,-10728,24722,7296,419189,473294
9370,7722,16086,23722,7407,262561,344220
6648,5315,20899,33111,8611,269822,361609
8203,6370,79657,25574,7055,278990,441386
6148,5611,162469,24149,7259,259546,480923
5519,5185,17319,53371,6407,406826,543516
5963,5240,15893,64703,6889,273124,390257
5222,4945,61002,25777,7037,242589,364591
8759,6592,190334,24740,7093,258590,510700
5611,5000,24924,27019,7055,348833,485645
5296,4926,12608,34981,9371,239797,324739
8759,6981,20885,33203,9204,289965,405034
6481,5759,185068,25056,7203,395762,644552
8981,7278,-5637,26907,7463,426172,512719
5574,5148,15139,25704,6944,259415,353924
5981,5408,12952,23000,7037,288935,358072
5222,5000,137080,23000,7296,293269,487145
7148,6481,-10440,30537,9167,273660,351128
5815,5240,14559,32870,8556,472031,589811
5222,5111,20428,22518,7500,240108,315572
5389,5018,59907,62593,6926,297034,475201
5573,5093,166869,25722,7389,239758,466052
4518,5519,1960,68166,6648,309557,414238
4296,5037,12569,64074,6463,443780,585348
5870,5130,29178,35371,9944,263245,363313
5778,5148,227955,47037,7648,444245,754070
4851,4908,175,32963,8537,328656,399053
9703,7445,21526,44629,6963,466082,605626
6426,5759,445228,26907,7167,390434,901087
9722,7370,70726,33260,8740,376715,551441
5741,5203,-29256,25185,8815,284199,318906
9611,7444,1335,52944,6648,459700,586756
5981,5407,17926,23500,7166,280851,357460
4999,4945,35812,69278,6185,270611,410256
8241,6444,189219,27833,7926,293649,568756
5666,5482,12309,33111,8926,378707,483256
5277,5593,20160,62259,6389,336838,455423
8870,6667,12936,27963,7833,341414,487127
5463,5277,152046,34481,9093,267692,491775
8222,6574,-8215,24278,7222,286806,343035
5629,5259,34783,26611,6149,421714,526348
6444,5426,16263,29204,8111,304624,389757
9907,7315,81928,23130,7203,365940,526089
5871,4963,5334,25055,7093,325497,393683
8704,6981,10907,23018,6000,270851,343443
5314,5704,12072,24981,7241,310352,385479
9500,7074,487477,66537,7334,268943,882551
5889,5704,638827,35426,9426,279963,992587
4629,5167,-5970,43407,6019,262412,350813
13796,4203,-4805,34945,8426,258581,329664
4648,4926,20397,25055,7500,317601,415979
5666,5333,201433,45407,7334,283990,566959
5370,5611,169672,30722,8611,497788,737403
9445,7703,22022,52593,6500,346697,487072
5037,5296,20224,31426,8408,272051,360035
8944,6778,77407,63889,6685,270016,450071
5870,5592,252499,27370,7500,397812,763606
5425,5537,15257,32574,8778,400481,486182
4203,5222,15033,25722,7593,254966,348553
6500,5574,47031,31000,8852,263448,381257
9019,6796,2090807,63759,6537,369345,2575800
5351,4389,-8676,30797,7981,274952,332516
5629,5241,19249,23926,6185,266323,344165
4426,4759,12914,32166,8778,269473,347165
4722,5352,128134,27463,7648,276364,464405
4981,5482,651058,22741,8000,243862,951865
9203,6907,27706,49851,6056,459218,574478
4555,5222,88260,65722,6722,417182,603718
4333,5314,68684,27037,7889,332406,460663
5130,5407,598108,33407,9574,260702,928847
8982,7370,10199,50574,6167,369132,470664
4000,4796,17568,24204,7296,285356,358739
5296,5777,42807,24093,6907,255303,356886
8407,7056,152027,24926,6778,236970,450331
4796,5185,-4585,24537,6074,280991,334443
4333,4852,158172,32204,8852,296528,523978
9259,6666,529782,23371,7000,406434,1031401
6352,5944,235096,40963,6851,368086,679459
4592,5574,2909,29278,7481,324349,412683
5814,5667,15018,47593,7129,486645,584922
8629,7167,14609,25185,7148,246093,358275
5814,5352,84293,24129,7519,362334,508737
8203,7000,19773,24648,7426,326077,411831
4611,5741,9030,52778,6185,500374,596793
8760,6925,18677,24111,7537,246525,327313
6352,5685,182786,32463,8797,401172,655033
4222,5518,245156,90407,6296,325582,730496
6463,5759,4691,33129,8871,398955,476645
7370,6759,15560,65055,6704,333697,487015
5815,5241,16373,25240,7260,287291,362609
4704,5185,215334,51667,7185,421940,724348
8296,7167,-1872,61112,6611,300183,398405
6259,5630,31812,47926,6370,364333,482090
5667,5629,15107,60852,6926,351853,487682
5203,5296,87328,24667,7259,251041,429979
6185,6426,208956,33981,9186,270763,552034
5092,5500,12991,45371,6648,384635,490626
5722,5408,13693,25019,7204,259415,331739
4704,5055,58488,25019,6778,242583,360683
9574,7370,210932,26555,6889,260881,539182
4981,5759,-51,34759,8926,378716,451053
5462,5463,679984,25666,7611,322567,1063845
4907,5185,71945,23926,7185,447626,578626
5166,5259,29499,25871,7314,1263049,1356325
5259,5648,60479,24055,7186,282630,404164
9963,7370,13903,32685,8926,457724,547349
4833,5334,24068,24815,7333,324337,409128
8333,6834,88085,25204,7963,267708,454164
6574,5666,384640,24240,7260,419800,866587
4445,4870,14471,34296,9315,477007,593978
5537,5297,15747,24389,7259,299806,394813
5333,5351,59635,23352,7315,328122,445034
6463,5537,185003,26334,8370,248179,495201
4796,4908,-8425,51334,6222,259200,335387
5074,5315,-2352,36593,8851,1528102,1637509
5963,5315,497017,63963,7259,428959,1029161
4592,5037,40608,33797,9277,411852,527163
9685,7833,-4726,24777,7260,292021,354498
4722,4740,18531,51556,6611,493521,629218
5870,5723,21770,63074,6685,356949,476516
4407,4630,78509,34593,8944,293766,441257
8778,7074,-8085,26241,7481,337805,427405
5852,5425,2099,49685,6408,409232,535052
5944,5500,20671,66426,6667,354844,499108
5351,5852,38281,25852,7666,240459,339201
5481,5333,197335,33519,8351,262144,560330
5796,5629,8778,67519,6407,346683,471516
13203,4111,696517,29259,7519,359606,1142938
5277,5278,31478,33667,9166,315650,416016
5333,5981,536643,27075,6703,324648,946476
5648,5241,6271,25574,7538,369837,438202
4778,5407,22733,44481,6296,443413,541589
5426,6093,16342,23944,7278,290804,385480
5926,5037,52804,31277,8945,260046,378868
4296,5185,-24680,28537,7723,282363,332868
5573,5667,7449,22666,6278,271383,340183
5074,5833,13891,25704,7445,244403,363979
9852,7407,44242,22871,6981,346256,456757
4315,4777,150537,25000,7241,242609,451553
5093,5500,3627,25352,7667,305352,373609
4352,4666,15997,24277,7241,382427,505256
5370,5518,74995,23815,7074,394632,580033
9185,7167,222085,28352,7797,443206,736348
4555,4649,17195,32889,9555,389728,476571
8315,7333,17509,23241,7592,258434,340980
6259,5667,19396,31963,8389,270787,391850
6926,6222,51839,64056,6685,268066,458553
8203,5519,160615,25815,6722,303178,525127
5056,5148,396613,32370,8815,293290,795125
6370,6167,13648,23463,7000,236609,307868
4648,4852,565147,67648,6574,270533,937846
5296,5019,160404,24149,7111,298536,518775
9352,7407,-11263,47185,6611,500760,609793
6871,5796,437957,25019,7129,277316,777737
4222,4871,30622,25685,7445,249190,336832
5426,5185,133824,23500,6778,271562,495515
6444,5630,-9159,23296,6963,315361,366738
4222,4593,486765,22167,7370,401822,996401
5444,5278,22542,32759,8704,270937,361239
4148,4685,66837,62593,6740,327272,502719
6204,6555,-31609,25000,7833,319793,351646
4426,4777,-796,24149,7555,479886,534478
4740,5112,21165,22556,7407,300240,376961
4629,4723,37682,21944,7667,281964,407553
6093,5315,611606,47759,8371,488627,1183123
4204,4518,370439,24629,7111,340946,768940
5074,5148,19345,28426,6981,441801,556719
6315,5315,15565,23759,7445,279859,353072
4610,4926,116953,24370,7000,334563,508663
5370,5371,28303,24388,7000,401047,501071
5852,5426,30301,48944,6926,464788,623348
9556,7370,17466,62223,6796,362883,487220
4722,5018,70391,26241,7296,241070,370461
4481,4907,371,32704,9259,349590,423053
4833,4908,3295,52278,6222,455220,585756
9204,7425,125146,31666,9463,321223,527164
4555,4518,40644,62759,6556,262261,420145
9371,7222,185364,35019,7870,269947,532905
3833,4518,919,35333,9333,279210,355386
4778,5130,12454,23944,7648,377840,487831
9129,7055,12082,32538,8981,271027,358127
4407,4648,174340,63426,6666,462305,732644
4296,5555,577412,26482,7370,308009,970623
9407,7592,21689,43555,6575,446808,552311
5833,5370,13446,34185,8926,921178,1004475
4092,4945,77759,29056,7926,284905,467738
11166,7297,202054,24778,7018,240351,508590
3797,4518,172830,26500,7315,307852,574127
6814,5463,18014,24444,7278,282503,360127
7037,6018,43846,32981,9889,268467,386572
8833,8222,164863,26204,6889,278449,510016
8945,6999,-1861,32260,8889,302488,409128
43703,4908,13304,41278,7000,387359,513849
5167,4759,19210,31204,9092,297214,381424
4852,5370,134023,23093,7630,235641,426350
4000,4574,15725,23315,7093,357291,431646
4629,5074,18372,29760,7851,404663,482460
4037,4556,19166,24445,7000,242776,351443
6592,5574,57610,22889,7648,238036,357646
9333,6944,150590,31537,8703,336852,585700
6296,5777,9162,22574,7612,508927,577348
5111,5037,14753,65815,5056,332263,458627
5610,5204,49881,24630,7944,243617,373090
5407,5241,183639,27537,7518,266581,512293
4962,4982,-13178,23463,8297,286009,333738
9093,7278,12506,121240,5926,407584,578738
5240,4926,28820,34796,9815,265660,364275
4907,4852,235262,52111,6185,456604,777866
8925,6908,14575,62704,6833,339015,471738
6333,5778,485703,27297,7425,333033,883773
4204,4593,21294,32630,8611,268870,376257
6592,5815,66349,61241,6537,330370,492553
4648,5074,167755,25852,7426,362186,647960
9389,7092,-2765,31259,9074,271486,343183
4148,4611,17196,26333,7370,418672,526923
8241,6703,25361,24259,7408,244174,332294
4203,4352,1741766,26834,7759,384165,2186209
8833,7130,-4309,25222,6352,344195,412423
7777,6241,18041,64149,6462,426993,545885
4944,4907,15892,34407,8945,268217,352164
5500,5148,192705,23222,6574,268237,527219
4889,4759,508667,23851,7056,293477,863347
4851,4685,20980,32519,7555,410425,558033
9462,7093,11774,23871,7203,244835,320479
4907,5148,70773,63019,6666,353243,543238
9148,7482,-28248,33260,8833,274616,329758
4833,4982,4269,23426,7093,490301,593256
9037,7444,18305,32834,8314,263323,356627
5278,4889,40896,26870,7630,316916,441850
8963,7111,234246,31519,8981,403417,710922
5685,5222,1337,65519,7240,394456,551163
4777,4759,26077,28667,7537,274291,363738
4870,4815,14538,32222,8575,344829,448460
7592,6611,243556,43518,6407,482663,805773
5130,4814,-428,26278,7296,283723,344183
4408,4685,19459,54352,6500,358112,465553
9370,6963,14125,61037,12018,305188,446201
6203,6000,81438,24241,7314,278209,418497
5500,4925,393251,23074,7204,295875,749218
8925,7778,4546,51500,6241,451284,546348
4834,5407,14489,22740,7297,302768,376220
8722,6648,42283,24834,7222,330807,456034
6092,5630,144837,24648,6704,318511,527830
5592,5167,541521,23352,7426,431380,1041123
8463,6759,13594,24926,6203,271423,348609
4907,5371,18999,22389,7185,290443,402924
8296,6648,83813,24074,7426,360222,505201
9185,7111,-21689,23519,7296,359020,421850
15129,4778,-9727,28759,6296,283189,348239
6055,5315,13771,32315,9759,261727,345979
8870,7333,54640,63778,6666,268099,425460
8370,6871,572545,31241,8815,447633,1128327
6574,5963,8729,31555,7649,263935,342720
5370,5481,6913,30093,8870,267678,340276
6556,5629,24374,61593,6630,259716,413757
6259,5704,186261,25408,7629,913917,1160419
4278,5148,626964,32389,8907,262012,953884
5111,5462,18278,43203,7315,367832,479663
6018,5741,24942,34352,9370,359685,501923
8907,7037,137311,26740,7130,240742,445108
4630,5278,-7061,24296,7481,288485,395628
9315,7870,12623,23685,6148,510096,587145
5907,5667,24750,31945,9092,271507,364924
4871,5055,68749,22648,7760,254600,380165
5593,5685,-15623,63815,6722,335232,440961
5000,5519,-921,31426,7463,269197,340165
4814,5259,16523,25018,7426,246421,344701
9037,7352,23317,23759,7056,319199,406498
5018,5852,138093,30982,9370,261645,509793
9370,7463,-1557,23389,7111,404813,475830
4796,5481,16480,64574,6685,481536,598608
5333,5426,26107,29148,7945,241595,332017
4963,5333,217050,48889,8500,469390,770940
5222,5519,-2063,36630,6592,274080,394979
9111,7723,29491,50222,6833,434654,597793
8648,7315,13638,61056,13277,265453,394609
4629,5574,54822,28018,7167,304861,445923
9222,7203,172746,25093,7555,943099,1182882
5851,5686,3540,51297,6296,386623,516738
9500,7704,16020,24463,6649,402532,485016
4592,4871,43000,26371,7426,295108,397090
5759,6167,1309702,33426,9111,261603,1676916
7537,6259,-8188,64148,6871,321408,420294
8388,6630,19922,25185,6870,451020,534237
5334,5388,14717,27019,7370,301929,379795
8574,6444,256826,32908,7426,336392,686774
7074,6074,3621,63796,6722,313340,433664
6426,5296,18823,32130,9444,387137,531960
9592,7241,16562,27759,7445,270732,355553
5167,5111,51708,26204,7111,315456,447034
6129,5334,151448,24703,7093,335512,548793
8722,7241,7002,52407,5982,407514,503812
5407,5111,17500,23149,7500,271719,379386
6481,5278,43017,32704,9000,335369,449756
8834,6555,255664,46074,6982,391017,740607
5703,5148,5218,24741,7204,324965,392164
8204,7000,902031,28259,7833,279462,1250493
5019,4907,15844,32389,8574,336579,442516
5796,5240,86325,25796,7778,334636,503645
5277,5611,-7158,24963,7648,292805,347368
5777,5389,14599,47223,7314,360121,469145
5796,5019,15486,62722,13871,276289,398572
4740,4852,60355,29723,7722,299790,422738
4129,4704,191798,23648,7148,436846,725199
5871,5222,-944,31092,9889,299165,369702
9500,7408,14276,24907,7482,244166,343906
5333,5092,181886,31537,8686,297629,549830
4870,5018,697514,26871,8037,328628,1105660
5537,5277,-8376,29889,8685,276208,334035
4593,4592,15085,28334,6222,517782,626052
5611,5296,23621,34389,8778,239044,332554
5592,5741,235748,25389,7667,401155,699088
8537,7463,13358,32426,8685,359917,472238
8148,6722,18116,50519,7444,356474,479201
5944,5555,18096,26111,7519,240717,323164
8555,6815,65261,32722,8519,306440,480719
5611,5371,221833,23426,7185,407070,708848
5722,5574,-4223,32148,8703,272333,355869
5444,5148,15608,33241,8037,261205,346794
8093,6870,44144,26981,7667,373131,508534
5574,5703,572327,24186,7907,253168,917383
6352,5407,21104,22555,7259,380154,462960
9574,7334,15490,57704,6944,359803,485312
6074,5111,9989,34778,9130,266675,350035
9796,7519,226598,44741,6593,369193,703885
5796,5722,-27588,33056,9037,290771,333776
4482,4944,16429,25056,7222,441549,548867
6222,5482,20316,61074,6889,245534,360924
5185,5389,50389,23888,7519,387053,495793
6278,5740,216091,34000,8426,269666,588830
6611,5685,354627,26000,7148,369498,789347
4648,4926,15754,27408,7944,279355,355035
5000,5667,41253,62000,6796,270041,405757
4741,4870,270529,24667,7667,393041,734959
6056,5333,1380,25555,7815,335192,415776
46000,4167,9563,21333,6204,265750,370480
5241,5740,14321,25648,7649,239603,312850
4814,5056,148875,33203,12019,284956,503941
4722,5314,-16312,39982,6907,266144,324053
4481,4907,15224,24241,6481,378311,450941
4963,5296,618148,65463,6500,287531,1005124
5092,5667,74868,34186,9407,266944,447164
6444,6426,151515,24686,7518,243519,489090
5926,5351,2662,31000,8185,270559,344387
9463,7092,12438,22908,7574,381670,480923
5851,5871,16492,30963,8685,280284,397831
5944,5278,205416,24908,10092,302192,572089
4982,4981,-2715,41741,6759,264324,339406
9352,7185,9098,46889,9389,391158,487923
5092,5778,15875,23592,7019,327919,404775
5833,5797,203280,62519,6518,446660,782588
8352,6833,-13961,63296,6963,291385,382831
8944,7796,18833,24371,7278,509904,592922
5315,5981,68424,24352,12352,310518,446109
8074,6685,71904,24944,7667,270909,405609
5241,5852,150124,21741,7537,484297,690700
4648,5704,-2766,39093,6722,265042,336035
4777,5556,14158,26167,7648,416320,490534
4296,5186,39527,24130,7296,306600,439109
6926,6296,150656,34055,9259,289268,513757
4833,5148,1802,63000,6648,295400,413849
14388,4352,-8792,29852,6481,303050,368275
4166,4759,19188,65222,6778,338699,491349
6055,5333,174464,25334,6426,271903,509608
4777,5056,-34723,26926,7704,425442,488423
5852,5259,12850,23426,7777,394129,467071
4445,4851,443775,34222,9055,261333,772162
4000,4685,67069,30648,8315,315632,499127
8852,7074,165919,28352,7871,276522,511683
4129,4685,640,24111,6556,273617,336146
4889,5185,10250,62463,7111,270674,386609
4463,4740,37841,26833,7611,322269,420127
4629,5815,130506,25703,7093,243640,475664
9314,7537,-8977,26796,7204,404030,471182
4185,4629,13225,49092,8482,865677,983660
9056,7259,19594,61944,6741,263126,385239
4240,4593,198425,27129,6056,266627,529533
9185,7389,-35262,24648,7204,370870,429849
9722,7574,24792,51297,6111,424741,541589
4296,4519,13420,22574,6797,322151,413794
9314,7222,65290,22241,7703,282912,412479
5889,5667,150806,24167,7389,325005,577923
9018,7259,-1009,51833,5796,411563,501627
4296,4778,16081,23518,7760,243491,314794
5426,5981,36321,32074,9592,312715,441183
9185,7185,111356,64426,6648,313401,560182
8445,6388,718651,32685,8704,436601,1234937
4870,5240,324983,24203,7426,251607,633014
4944,5111,809703,33666,9112,392289,1277751
4982,5296,410998,22777,7037,889476,1362770
4351,4463,28626,33111,9130,306446,454515
9445,7426,7827,54371,7074,482724,586219
5055,5055,17253,31277,8575,271597,377645
9444,7333,45566,25926,7204,309061,422053
4741,4999,1511860,25834,7277,286093,1862378
4926,4926,10322,51055,6241,470916,564534
4315,4777,11839,67537,5204,277066,440497
9241,7370,38245,26537,6944,279550,384776
4093,4703,127336,34222,10500,285569,526071
8815,7148,-2426,24871,7352,384700,454534
6815,5685,25351,53222,8463,391665,554608
9407,7389,16349,62296,6556,267259,388016
5629,5334,233236,49519,6074,355778,699736
9203,7259,-6598,41352,6593,272059,353831
5277,4926,15048,25575,6351,512375,588533
5352,5259,12399,62278,6574,362913,508349
9407,7148,592138,33166,9760,488485,1158493
5833,5315,158895,24056,7148,244491,496553
6815,5519,-5606,30518,7685,275178,337943
5111,5574,13355,24037,7222,420420,491423
5296,5537,30484,61315,6481,283681,428572
6204,5889,242019,55222,8352,437939,771403
5389,5593,-7538,64018,4796,395573,486720
5000,5444,20720,25130,7481,261242,359498
5907,5278,743699,32389,8667,279424,1128012
6074,5296,94050,23371,7129,331374,482849
5611,6203,-32044,60759,6612,282838,364275
5889,5500,20621,23425,6852,507376,584848
4611,5259,16286,31593,8703,281916,385424
5851,5259,65563,61425,6575,307472,466367
5204,5574,599301,23648,7759,292657,969754
5666,5204,1157929,24982,7796,477172,1694064
4685,5315,13409,34741,8444,269015,350276
4222,4740,1147945,24778,6777,497842,1706175
5463,5852,217165,66056,6796,354405,706514
6111,5426,-1984,25518,7463,310223,370090
5352,5241,120977,34093,9870,329298,540034
6000,5241,10290,60926,6574,298874,403331
5074,5481,120641,30981,8500,243635,463756
5703,5204,-1028,23852,7537,380303,490164
5204,5166,23564,23333,7093,444656,523738
4963,4740,17544,30074,8778,268232,370868
5740,5186,42393,28723,8018,276308,381553
5056,5722,149003,23593,7185,238624,476924
5777,5260,7298,50500,6240,353200,468182
5056,4889,15370,23148,8315,246331,351739
5703,5389,23888,22759,7592,272018,352257
4629,5278,162645,25537,7889,327667,573348
5888,5482,-1634,33018,9130,317113,387053
4574,5148,10049,77871,7481,330633,468201
5778,5166,14511,62852,6908,316357,427757
5259,5630,240287,28129,7593,316839,638719
5703,5204,-13641,41204,6482,270064,333664
5333,4870,32840,50055,6482,363157,511996
5537,5129,17746,61407,5223,281844,394312
4740,5241,54725,24593,8018,314976,427367
5666,5370,690743,24611,7407,296104,1065845
5870,5407,10611,32852,7574,406386,483645
4759,5667,192128,26444,7871,332072,586719
4796,5482,19719,24130,7352,300575,410813
5574,5277,230329,30278,7870,271076,569663
4870,5370,1161,39685,6611,379244,507330
5481,5815,8585,24796,6223,263783,333554
4908,5222,515435,52666,6630,432948,1066513
5888,5204,230989,23259,6463,261749,551774
4888,5297,588857,33723,9259,463784,1124178
4407,5167,22727,44704,7000,500825,635737
5945,5296,18947,25278,7019,244254,321813
5463,5407,58168,61907,6686,264255,416442
4537,4871,-35538,24260,7759,286276,327554
6129,5463,381943,32407,8926,283072,735551
4815,5222,18867,22908,13222,303483,386943
5278,5203,27385,27203,7815,278910,367868
10407,7240,216476,30537,9111,411854,737754
6056,5444,-9878,23666,7000,317284,368035
5130,5129,8028,34555,7463,316841,397331
9277,7408,507155,84482,6518,428209,1060938
5074,5481,111450,63852,6852,280362,512182
9426,7500,-13014,24852,7407,378993,479868
5944,5575,19725,31981,9871,379272,474183
4833,4889,12150,27166,7297,241552,313184
4111,4611,66407,31278,8444,311109,441331
5610,5778,141073,25481,6815,391554,593441
5407,5297,-744,30685,9148,272464,341276
26444,5982,13421,82259,7296,325706,484942
4648,4889,34827,25148,7389,236060,330072
10110,6556,125381,33870,9241,299542,499997
4351,4704,2861,67537,7000,270304,392849
16574,9574,-18530,65889,6204,406101,501479
4518,4778,17857,31612,8777,243419,325831
5703,5408,102300,24519,7407,319623,480645
4463,4611,-23979,27630,7796,353088,410127
6556,5944,921982,31667,8907,322881,1333103
5611,5333,15870,25334,7315,284276,359146
5222,5944,41406,25537,7518,289259,389516
4389,5408,150792,27315,7593,278426,488868
4481,4963,-4486,23185,7296,376151,429108
4574,5592,16216,67130,6666,399430,548978
6482,5611,13029,23444,7111,308451,380720
4611,5389,249508,31371,7889,1171519,1490787
9148,7667,27248,25074,7296,413416,509460
4556,4907,18469,74000,6703,442436,600478
6111,5425,17171,32297,8518,337197,426368
8907,7111,82077,24148,6556,237236,382442
4407,4852,695408,27333,7796,347178,1104734
4222,4537,23295,22963,6982,505997,583515
8315,7074,14535,33111,10685,261111,350646
5777,5556,55811,27093,7555,333483,456201
9037,7296,720976,24852,7407,302703,1090530
4852,5518,-4729,22611,7186,451263,503127
4685,4593,17010,33778,8518,269618,355517
8815,6888,34898,27722,7186,242359,377646
6852,5463,198303,24759,7371,411581,673848
8148,6703,2839,25852,6963,303122,371349
5185,5259,12449,33519,8333,421474,533978
6037,5463,10114,23703,7519,308699,376905
4963,4851,112279,24760,7463,309033,501960
6056,5388,-40315,23426,7204,304517,324295
5277,5056,13535,23315,6481,260667,333220
9629,7074,11941,24815,7352,280372,356423
4444,5093,63550,23871,7574,339150,482571
6389,5629,158438,23093,7666,246319,464108
8185,6666,-12415,22444,6352,289895,338479
6074,5519,15212,34871,9222,243359,362739
6241,5425,257934,30074,8574,305970,648441
5296,5074,164469,23629,7241,272695,493663
5592,5371,-2718,25833,7648,966916,1042568
5833,5537,18799,32315,8963,494124,582145
5148,5093,17927,23796,7333,291534,368072
8999,7204,82889,31203,8852,299554,452867
4981,5018,-5205,63629,7093,361629,455627
9333,7111,20016,32074,7759,473852,600978
5907,5500,12033,28944,7889,266484,380979
7240,5778,61549,25463,6944,242857,368201
8648,7315,135418,23944,7241,345042,543645
5074,5130,1360,30130,8648,268026,338424
7796,6722,-12456,32112,10055,271454,332090
4129,4574,34932,26129,7130,336936,465719
7204,6481,788338,24981,7352,457433,1309752
5518,5555,-2756,27148,7537,450717,510959
4574,4685,10094,31963,8666,450681,559274
6481,5741,16092,25778,7204,251961,331924
8888,7241,72683,62945,6518,770293,980994
6889,6241,-4985,25093,6851,284632,341924
4796,5203,15569,31204,7722,501965,583348
4148,5203,11846,24333,7296,244449,345961
6537,5907,42548,61796,6778,262820,402516
4185,5370,153768,24833,7463,270933,484608
9556,7074,-11,32111,9018,273176,348813
4166,5444,8525,22944,7334,422472,522959
6407,5944,14208,23167,7389,246438,318461
4166,5334,134021,31037,8519,272883,509534
7648,6482,-1092,62241,6833,309515,410164
4185,5297,29907,52018,7389,408609,525516
9333,7371,17609,23518,8093,292537,395016
7000,6130,228811,32685,8982,273981,575034
4148,5778,-11357,28759,7852,286522,395350
9074,7463,8938,23482,6704,271819,354295
7148,6204,17270,31870,9667,292246,381535
4500,5629,54046,26167,7407,256137,393072
9129,8111,210600,24648,7241,428081,743606
6796,5852,-6568,50463,7740,410436,492978
4611,5371,10189,63908,6833,283919,394257
9592,7334,18373,24926,6685,244236,362572
6425,5926,121187,61315,6648,263033,480145
6037,5333,18333,23667,7352,438682,515719
4333,5463,14684,33666,8426,485777,566682
4296,4518,15812,61148,6426,292223,403516
9222,7167,86884,27704,7722,240762,395609
4259,4519,-8432,23981,7315,303430,352072
4611,5426,17048,45203,6445,439097,534367
4241,4741,17694,34981,10945,286137,413590
7056,5926,58730,62537,6555,281620,458405
5889,5351,151247,25222,7019,278917,491682
8926,7277,-14291,31222,7778,280049,355739
5740,5315,14540,22815,13111,303532,382905
5500,6055,35039,27296,7871,293848,390276
5092,5518,575889,24000,7037,432346,1088493
5315,5685,-7317,31297,8814,298500,359979
5296,5370,9478,55630,8000,472629,571144
5259,5481,19236,32130,8593,271576,391664
6629,5982,85512,62444,6760,261226,442719
4926,5611,-33082,27037,7574,407598,448812
5981,5463,17528,49630,6629,495395,597163
4852,5185,16878,34074,10241,306564,392794
4759,5259,60951,24370,6796,311547,449868
5851,5334,148004,61130,6518,262697,504145
5259,5704,-3219,52259,6982,511882,593182
4870,5777,12595,24296,23352,285015,390460
6240,5630,398259,31389,8593,250810,716144
5426,5240,161962,26685,7463,290776,513997
4574,5204,-2263,24834,6944,302205,359461
4871,5037,16013,83815,5074,333558,478998
6277,5556,16531,62148,6704,260837,372479
5222,5019,80344,25981,7389,279154,418035
4518,5500,-14416,24740,8037,337452,382850
4722,5241,8822,33537,8963,500971,611274
6018,5389,13266,32018,8482,272455,352146
6055,5537,47172,25166,6648,300771,406034
4093,5166,148077,23037,6649,302012,536534
5722,5259,-7220,31815,7889,273700,334776
5260,5499,11630,24556,13666,264702,342517
4648,5426,183202,26648,7685,297573,542552
5277,5371,716423,32407,8889,499384,1320788
5833,5463,-10430,26537,8944,335706,390201
3962,5241,15642,52889,7981,356060,472978
5685,5277,10270,25371,7685,346505,416293
5574,5500,96769,26018,7278,298618,454571
3981,5167,-11825,23555,7426,295564,341183
4852,5277,12729,49352,5926,388287,494830
6259,5426,14819,63612,5462,288994,403442
4204,5167,55410,25056,6944,242458,353924
6685,5278,157224,23333,7500,321033,556664
6111,5518,385871,24463,7240,289737,736570
4907,5518,21277,24407,7148,244204,356460
5666,5371,24441,25926,7685,241946,325905
5296,5703,183774,22759,6852,250798,510367
5685,5352,-7303,25574,7537,287671,342757
5759,5574,18622,48592,7000,388968,503348
5296,5111,17398,34482,9296,269637,356053
5222,5481,106490,65815,7055,270675,496349
5556,5037,-7346,32556,8592,363399,425535
4407,5723,19634,24889,7481,384604,492942
5370,5834,11966,32666,8630,604604,684255
4444,5333,64094,65963,6408,268348,431071
4333,6204,134593,62815,6203,279460,508016
4129,5575,-5576,25889,7111,284833,339683
5999,6149,14867,34278,9555,272742,379442
6426,5481,35218,63944,6667,318557,493460
6481,6018,231513,47111,6074,401965,716347
4240,5649,-786,39667,6611,297969,370942
4815,4833,13084,58611,6241,372654,473053
4445,5370,12582,28833,7815,239287,313795
4203,4741,200450,33519,9148,493508,795050
6852,5889,-7551,26648,6963,284938,343295
9852,7833,-7015,24444,6241,280921,376220
6055,5778,-13554,36611,6574,264367,321238
4851,5204,62908,26518,7167,279108,435349
6685,5685,481702,23556,7129,336256,878994
4408,5222,-6411,50926,6019,408056,484868
4888,4871,16958,22389,7371,239391,312146
4167,4666,34828,22203,7186,257355,382368
7629,6186,229825,51871,5944,464040,842976
9426,7907,-5249,39333,6556,300247,383091
6537,5852,16989,48093,5870,468674,569275
4870,5704,13451,61111,6518,269214,400072
9703,7334,78190,27574,6722,243252,389757
6185,5482,1486744,23370,6333,340616,1889878
4111,5481,13669,43629,6537,486847,576145
5111,5074,15204,23648,7722,245202,360072
9222,7241,40925,27277,6908,291573,402405
4092,5519,154960,23185,7556,340333,574311
9092,7167,-7801,51926,6074,461594,565608
8482,7129,15013,65389,6778,366410,510608
5907,5667,19030,26037,6963,298209,378498
5000,5740,143380,23593,7241,256580,500349
8944,7371,193,23778,7222,368934,441405
5704,5629,8396,22888,6186,265214,335868
5907,5203,16191,33222,10000,271826,360109
4703,5667,212188,22537,6204,458270,725588
4444,4722,-14664,22185,7852,334922,385053
7296,5926,12611,31130,7741,424848,504775
4592,4741,13851,22777,7130,307684,398998
9370,7574,74442,24500,6722,258982,399257
6945,5111,171162,31667,8500,272279,514423
5389,5296,216,47686,5870,304726,390590
4444,5074,11289,31981,8389,245969,321738
5222,5648,24658,26814,7574,247804,336942
5019,5518,204971,50056,8907,352025,648737
4500,5018,19229,63444,6760,296176,415868
5482,5722,439023,27908,7388,441194,947587
4666,5241,15541,24388,7186,285753,361868
4426,4907,1652983,24907,7167,297598,2015729
4370,5555,1689871,24148,7389,512690,2274597
4481,4945,17998,23315,6222,264778,343516
6259,5723,-5188,24907,7241,448240,509201
4296,5167,66329,23204,7444,246706,369183
5148,5685,-40654,24982,7185,290689,364813
9278,7796,-13600,22685,5982,295098,351739
4074,5444,11214,24463,6926,306080,380035
4722,4981,27434,24204,7370,285694,375442
6073,5056,195210,23834,7037,420804,675681
4925,4741,-6032,24926,6963,297030,353627
4981,5334,10596,49815,5870,479382,614996
9315,7296,17298,32871,8944,278107,373054
4314,4797,71296,63371,6759,280793,470793
8963,7204,359073,26166,6759,284294,715570
5166,5241,15034,32315,8574,503018,585848
3981,4463,14088,35556,10333,271151,355183
5296,5481,36847,23314,7074,287115,404016
9203,7352,208308,26537,7241,382207,659089
5796,5278,2436,32926,8740,396599,473108
4500,4592,12045,31945,11315,511858,594052
5759,5648,26026,31129,8778,386231,480886
7130,6351,217765,64611,6129,343714,719885
9315,7389,20003,63093,7166,376753,507645
4296,4870,24002,45037,7463,395162,496830
4593,4666,141204,33352,8982,322478,536423
6296,5907,83499,62482,6666,352480,534478
3944,4518,-22243,29945,8111,288204,333238
5074,5370,10774,32056,8907,401187,490164
5908,5500,13124,25111,7352,280948,354221
5500,5167,45622,31241,8944,265265,376850
4277,5408,670972,52815,6481,448373,1222603
9555,7815,393656,62334,6500,409764,922717
5166,5315,13062,24889,6204,271306,347609
4370,4963,21783,32185,8426,873601,987068
9222,7445,1412874,41518,6426,268468,1768953
4278,4926,-4165,30778,8685,313662,379572
5055,5204,180241,26852,7556,344070,593552
5740,4852,17555,32500,8722,318221,403942
5371,5426,177256,24056,5944,284629,524442
4981,5407,8867,26889,7648,324131,398275
4963,5444,10939,33389,7722,406170,489497
4704,5666,15363,30982,10222,237024,319183
4407,5074,58528,23852,7519,238340,354257
5111,5759,192897,31148,9815,244619,505571
4074,4981,-5659,24981,7056,340250,405924
5500,5333,10765,31370,8445,239382,317295
7999,6815,23874,28482,7555,269198,359294
4000,4778,162946,25519,7074,390513,610774
4833,4982,-5055,23352,7426,407071,509053
5889,5500,377388,66574,6796,455588,932735
4833,5111,13109,34426,9426,277185,358424
4796,5241,208422,44963,6611,381741,672830
5148,5074,-8876,32797,8722,326929,407128
9166,6333,12771,24148,7297,420596,495867
4963,5129,16714,63778,6796,276747,391424
4870,4926,62046,28444,8056,274359,431720
6037,5259,939081,61500,6574,303078,1337900
4759,4704,-9365,50389,5907,479899,585293
6129,5222,224078,25445,7055,419455,707903
5204,5500,29206,26351,7204,328144,417701
4499,5389,219019,55408,8722,342236,654236
9315,7296,22851,61074,6593,335239,472035
6556,5574,28553,43259,6445,432277,539442
4796,5407,16367,63537,6796,272317,384479
5926,5555,75291,32482,9055,271707,449257
6333,5852,-29729,25185,7407,1026742,1061864
5037,5352,4102,25259,6278,273136,353961
6148,5685,12101,62796,6834,280582,404905
4945,5388,56841,26463,7352,301009,440313
9073,7389,271283,32408,9500,400972,750569
5481,4963,576726,63833,6556,286194,987790
9093,7722,22354,61556,5796,494587,618200
4777,5223,35723,61629,6519,275793,427405
8759,7260,205591,25556,6926,262498,540775
4203,5000,-7206,32204,9426,274704,339201
4815,5018,25534,57851,6500,386353,544719
8796,7185,11013,26630,7815,264226,343035
6074,5889,77345,32056,8963,274486,420628
4666,5167,-16860,26000,7463,287654,335368
4536,5130,13842,31741,8537,474044,554385
5259,5518,13563,30852,9648,312750,393627
4333,5222,47580,25278,7092,266604,371535
4907,5315,153874,32278,8555,274846,539034
9073,7834,1595,29889,6851,372181,453830
4444,5315,9668,26574,7592,393478,501608
8981,7111,11203,65074,6741,270739,386664
5518,5130,169220,24777,7408,247685,499386
9037,7537,-9041,25204,7315,345279,410072
4815,5759,13458,24592,7982,496502,611422
9648,7241,14808,23037,7093,248690,327572
4240,4945,137436,25296,7593,312505,508608
5130,6240,375287,63685,6759,303246,816329
6296,5500,787099,26037,6871,428763,1281900
9036,7093,18357,26537,7426,243197,326924
4944,5444,56912,32370,9130,305049,448052
6037,5445,262483,23278,6908,264920,589997
8926,6870,14131,22889,6963,285330,362553
6648,5685,10629,33981,9204,279776,362109
5129,5852,27331,23408,7018,286556,373164
9240,7111,138719,31592,8556,277520,491127
8499,7093,-17079,22426,7648,293429,357886
15055,4815,-7062,57129,8241,429504,523441
5111,5167,190639,40149,6722,271653,553052
5907,5537,165156,24260,8000,411728,672273
5815,5203,-38418,61963,6296,297676,356368
5834,5759,8135,45111,6704,407306,510627
5889,5352,2293929,34093,8963,286944,2654040
8555,6370,38966,25815,7351,275940,398368
5481,5111,264612,31630,7666,385588,719625
8703,7204,-4112,22833,6037,413369,486312
5722,5112,15405,67648,6870,359741,526460
5944,5741,221904,24611,7278,306056,606441
5722,5148,120069,27093,7944,284466,466423
4907,5407,-3340,23241,7111,417448,484830
5574,5259,30566,22296,5982,514264,600496
4963,5315,15472,34203,9056,275656,362295
8796,6722,71303,22852,7593,345842,479441
6648,5667,-27272,62222,6667,304751,376535
5296,5759,5189,31778,7648,268420,361035
6129,5630,14391,24611,7408,246514,319905
4278,4796,41335,23370,6611,352071,447590
5166,5778,-19038,41315,6722,275351,347590
5889,5407,-4076,33685,9797,332148,400942
4611,5407,12200,22796,5352,510926,612181
6222,5204,10087,31908,8407,267244,344276
5407,5259,155753,27888,7963,299875,537441
5666,5352,-22471,26019,7129,408599,449460
9741,7481,19694,24000,6297,428395,537775
4889,5296,13489,23796,7537,239862,345128
6185,5296,83080,23408,7111,325102,468442
10629,6833,148078,24426,7537,275160,490293
8185,6611,692132,23167,7370,250344,1006160
9111,7056,21038,24463,8018,376663,462424
5852,5277,50889,23518,7259,360813,501701
5462,5723,191053,33389,9926,281388,542052
4555,4908,-8800,39889,6796,272576,356017
6407,5519,11735,141871,6296,273021,483423
5167,5648,24290,62388,6537,284283,404090
4574,5259,226955,46445,6259,1049019,1353566
4759,4963,-5176,62000,6333,305878,417535
14370,4426,-10511,25796,5871,273324,330498
4759,5426,13302,25370,7556,248011,319591
4907,5204,564763,27000,7056,299065,926624
4871,5537,696354,33093,9000,264362,1048642
6278,5500,17520,48574,6222,361126,487386
4963,5240,15481,24500,7130,420257,493275
4666,4630,50461,26333,7167,348925,456978
4759,5278,130126,23945,6926,305186,490923
4703,4889,24977,32000,9352,382132,475442
9685,7574,15457,138203,6130,403355,630737
6129,5444,22159,62870,6963,300358,419664
4833,5167,227916,48093,6296,371524,683700
8500,7111,-7771,60834,6537,300916,392701
4740,5352,20561,49685,5778,394473,499904
10018,7111,13097,60556,6389,366215,479201
5388,5167,323077,25703,7315,488585,873828
4444,5000,-9443,24722,7426,289627,357794
6537,5666,-5852,46796,6612,415775,492034
5074,5925,12684,23629,6815,247297,351553
5796,5666,36349,26722,8296,262668,364275
9203,7000,264644,31166,7926,383334,720903
4388,5482,-4377,24130,6074,298486,352905
8926,7648,7566,66111,6481,476246,622459
6296,5592,13861,25130,7444,272637,380590
5259,5130,103026,21629,7445,342119,504145
9518,7333,-7790,30889,8870,335992,402182
6092,5815,25726,40834,6648,371882,476386
8425,6759,18244,33648,8741,284217,375923
4999,5649,81723,27852,7574,265237,409886
8389,6463,-28130,24371,7666,293147,346832
6500,5722,10480,24167,7389,264870,337073
5333,5500,10052,26445,7388,286576,357164
4759,5352,47440,23000,7148,333947,436868
5222,5556,665827,32537,8889,376129,1123160
5814,5297,-13489,29240,7463,284580,338850
9222,7352,18861,33630,5889,267377,366980
5074,5556,23711,24260,7759,251175,356628
8925,7148,642451,25759,7111,326581,1043105
5444,5352,-6569,38092,9482,333511,431109
9407,7778,374595,66408,6555,478140,960864
5055,4889,16687,24962,7223,265052,338572
5185,5777,207760,33629,8889,409737,690958
5537,4574,158795,30611,8685,349517,600793
9296,7815,4867,24148,8167,278075,357609
5759,5463,10607,25018,7389,275966,346072
5204,5018,29142,22945,7370,250986,335813
4425,5167,148826,65852,6833,268190,517182
8611,6445,3620,25871,6963,365895,435313
9333,6629,15786,27315,6704,296527,380571
4500,5296,347469,24037,7315,433896,901365
7796,6352,130135,24907,7500,349381,581441
6167,5500,-14367,25611,7482,330957,379906
5092,5556,152113,22241,7129,291366,518367
5889,5167,12852,63296,7019,265960,376257
5851,5611,38184,24389,7093,328036,445404
5629,5204,579645,27037,7815,282072,922791
4889,5185,17644,23445,8055,389261,500405
6148,5240,9439,32889,11037,262745,342405
5907,5352,45049,25870,7463,358227,479201
5796,5296,190732,24222,7093,397505,672218
4870,4759,-7677,41963,6445,266267,351775
5814,5167,7914,23630,7666,404972,471775
5166,5482,3209,25203,6889,380104,453442
5722,5148,167874,36037,8574,274438,513682
4889,4963,23243,24129,7278,345810,428072
5629,5815,23260,31352,8852,380015,485145
6277,5259,10777,63926,6722,273499,382997
4777,5019,80757,26370,7167,245852,419275
6111,5278,-33078,25796,7500,284835,331757
5555,5093,359569,54814,6834,404463,852421
5315,5037,11197,23815,7092,275542,342332
4889,5185,57177,23981,7519,247673,396350
6166,5352,233194,57148,6796,425617,752570
9593,7500,-6215,24499,7130,310510,370146
5963,4981,9061,66556,6351,465733,574682
8222,6703,28134,33685,9371,327752,451330
6185,5167,127872,25778,7445,246180,436238
9500,7814,-36795,25796,6537,410034,452942
5908,5518,23740,26797,7351,509516,595941
5685,5759,11054,26240,7149,310055,381942
4833,4833,73571,23703,6926,286242,449460
6000,5482,-24006,25852,7148,287374,326221
4426,4815,7808,24667,7018,268061,335758
9388,7260,10269,35463,8111,275173,381794
5871,5907,40435,62685,6759,267008,403665
5074,5685,140581,32963,8537,283472,493719
8815,7389,29580,23740,7241,354992,484923
50407,4278,9356,44056,6611,357641,514942
8685,6703,8892,24129,6908,361235,433516
6759,6111,220575,49149,6926,386365,729329
6018,5445,-20612,36074,6704,288813,342498
9204,6944,18035,54704,6593,447776,593256
5685,5037,9607,30704,8074,335668,413646
9315,6444,72180,24575,7074,343317,479497
5907,5611,154531,32333,8500,284781,539700
5852,5222,-9156,47333,6704,268210,359831
5463,5000,581583,25630,6889,306541,950328
9407,7722,44193,31740,8575,275879,428793
5740,5445,20321,22870,7037,479621,560404
5556,5592,-10218,31241,9130,275679,351813
13611,4222,-8441,22333,7241,401031,458257
9592,7648,17224,30963,8481,269849,394868
5740,5204,120000,27204,7592,281831,463997
5073,4963,1155239,22704,7222,344993,1559194
9518,7092,465571,84204,5963,444831,1038790
4555,4982,10865,64315,7056,293002,404979
8537,6537,57883,23907,7574,250671,370591
5092,5111,-35915,46759,6500,301321,364850
6259,5555,-8731,22518,6334,284563,334683
6888,5611,14082,34945,8574,247175,336831
9462,6815,45191,23667,7463,286658,427960
6185,5445,228282,31926,10093,406250,743181
6981,5741,12040,27518,7352,375328,476552
8629,7186,8075,30741,8537,243293,321443
6092,5352,22334,24740,7111,265258,380164
6055,5370,182795,26148,7537,371924,640440
4945,5037,-7929,24129,7056,415037,479794
6111,5444,16496,48278,6555,399558,502516
8999,6704,12161,25315,7185,259782,334701
5296,5130,549807,146055,6204,272002,1016272
5519,5259,-9194,22370,6852,290803,339035
5019,4981,-844,49778,5981,426582,517682
5778,5407,10562,22352,7537,286455,353554
4611,5037,47042,21722,7333,253401,356553
8463,6555,266208,53611,6074,458158,814107
5074,5519,-14239,46389,6611,268811,352720
46000,4426,19815,33630,9555,463293,595423
8370,6537,13203,23426,6926,364461,455090
5981,5463,124034,61889,6926,275611,495441
5370,5834,3032,33389,8982,396205,471590
8481,6907,428457,62593,6648,324038,856383
6148,5481,34308,27352,7888,254265,350035
5222,5259,747565,23926,7407,342151,1168808
6370,5482,-18733,24574,7352,293583,336702
4871,5407,7099,23463,6408,276954,341165
4889,4889,1239838,34574,9482,423596,1761786
4852,5055,44948,23908,7555,276254,411572
6833,6074,193187,64945,6666,485568,780680
9778,7185,-4295,23277,7334,377700,437924
4593,5111,12425,30777,8982,242369,322739
8537,6407,13905,27556,7814,333593,413497
5537,5555,157904,23093,7351,288687,537867
6352,5629,-18931,23167,7314,435929,477090
4241,5259,6808,53426,6685,368653,475442
5648,5260,14676,34204,9722,271488,358350
8963,6833,70287,62037,6703,332508,503294
4555,5315,-22141,25333,6741,381398,452460
5981,5445,8042,31297,7611,494732,570645
9759,7352,12745,23222,7185,390216,490553
6259,5852,18428,23426,7407,359533,464423
5833,5148,170872,62685,14315,266588,542812
4740,5241,19203,33500,9408,370979,483812
4871,4944,11609,22667,6166,425203,493331
4648,5315,18033,30389,9056,269890,387387
6259,5537,177292,28351,6741,272891,514664
5110,4945,-6192,22648,7556,311264,363016
4018,5481,11029,57778,7241,407005,520108
4963,5611,204805,22259,7500,366914,630996
4351,5556,224970,31370,8871,315748,625589
6425,5408,162691,22685,7574,368213,587830
4889,5129,-9144,45704,6944,266976,342313
5778,6018,11281,34944,8722,262551,345035
4259,5223,59075,28204,8148,333681,454109
4870,5370,217648,23537,7296,276294,551515
4722,4926,592443,24481,7389,444051,1105438
5000,4889,10904,32444,9556,273835,388646
6741,5667,4439,31815,8741,353298,427053
4426,4611,131179,62555,6815,358670,621459
5944,5797,-32082,25000,7277,298044,327813
4074,4685,424157,23667,7148,374190,890235
6019,5833,16267,31074,8722,317324,400368
4185,4556,73839,22482,7759,270010,418961
6315,5611,-34663,38760,6685,277957,318072
4981,5648,1818,23593,6870,506994,564774
4518,4945,27316,32056,8481,249534,341239
5000,5185,579777,54371,7185,483956,1150660
4852,4945,145165,23111,7129,372462,572793
5000,4833,1238,61926,6722,357945,490571
50407,4777,14570,33334,7777,475964,602348
5314,5426,8716,24389,7556,275782,375386
5963,5481,114493,32185,8852,332171,514701
4648,4888,1380,63333,6945,290063,408238
5814,5334,8970,31908,8611,452508,528459
3981,4426,9914,63741,6463,265806,371664
3925,4408,81727,23629,7556,284252,419793
5518,5760,150447,27778,7889,314957,562293
6222,5444,3742,31223,9074,320459,393590
4630,5000,5259,64537,6556,383145,517960
5518,5222,48999,26278,7185,337980,446256
5129,5204,155757,24574,6851,269038,515775
6037,5481,107,31759,9000,288669,359424
4852,4981,378661,27222,14482,407538,868143
5908,5388,10604,65463,6537,270524,379831
4870,4963,199732,31055,6408,322746,615089
5722,5204,7878,32760,8666,394471,472794
4352,4907,17859,52370,5722,357898,473034
5685,5500,502338,46204,6704,265619,849828
4000,4666,78411,28297,7611,246142,383553
5111,7685,153595,24759,7352,283625,496738
3759,4686,16611,23278,5981,268091,358424
6166,5426,8666,24389,7370,249555,316517
3907,4593,50072,24555,7482,341277,470164
5834,5203,127329,23352,7167,259335,443516
4277,5204,720253,66815,7760,609886,1433102
6056,5963,16122,25296,6760,274597,352535
4037,4833,18418,27000,7351,291618,404979
6500,5444,119434,23389,7093,287804,466719
11018,7796,-18604,33963,9296,290418,350868
5203,5408,14413,29074,7463,413306,490793
8573,6889,6560,31963,8685,278994,357405
4981,4852,67391,65463,6759,273366,459349
6351,5574,-38888,32797,8796,289220,337516
5574,5167,-9464,24148,7241,442498,493275
4759,4759,12739,62500,6481,470351,578571
9204,6907,24311,32648,9167,274187,371961
4500,4611,137458,64463,6574,310076,542497
4333,4667,-8174,24093,7629,306190,357479
8777,6963,11899,33926,8648,413506,533256
6056,5703,1001805,29018,7371,376650,1445084
3759,4556,155692,24611,7315,286509,519034
5778,5481,10006,52463,6389,365584,463275
4240,4648,456263,23463,6482,310843,840846
6018,5407,8392,22648,7333,286385,351461
3908,4592,74612,32241,8889,276404,416683
3833,4277,-31500,24555,7408,331461,375201
5740,5463,-2446,52315,6129,926496,1014309
9055,7074,14941,34759,8500,265687,376627
5444,5278,37217,63334,6796,276169,410424
4018,4834,119511,25519,7056,276170,453016
9019,6629,-6397,24926,7315,306006,364813
3870,4648,11528,29055,6482,307915,398646
6000,5407,9471,24037,7296,321009,390979
9074,6481,128321,24592,7445,250251,461868
5648,5278,-14514,22740,7500,319216,364165
4203,5241,11818,22518,6889,267569,353276
5537,5204,9594,24833,7926,286719,357239
8537,6666,48685,22185,7352,316517,425553
4444,4722,154202,24907,7222,248111,492274
5851,5593,6497,51555,6445,473833,567348
9259,7333,20940,65851,6630,483242,643292
5518,5315,43345,24593,7555,312319,415664
8740,6518,707344,24945,7203,298650,1070882
8462,6612,2953,24908,7759,332155,400497
4426,4963,13248,24797,10407,275472,352665
8907,6778,11821,22574,7167,254955,326906
4481,4426,665652,24112,7648,424896,1171771
6111,5537,200373,38556,6814,287735,582589
6129,5556,19668,25463,6333,446681,525238
5185,5277,8241,62000,6778,270164,373460
4536,4593,53702,23167,8129,313463,425645
10240,6389,150589,33519,9111,312500,538607
3981,4519,608421,23111,7111,540665,1211530
8777,7204,1235457,66925,5093,327589,1669360
3944,4722,47400,64333,6852,272061,414090
5629,5704,215379,24130,6296,275377,549959
3870,4667,-5215,28778,7982,411193,470275
8888,7056,8266,23518,6463,298732,390238
6703,5667,18560,26278,7333,256827,337201
5833,5630,174614,22685,7463,248995,479979
4055,4667,-36721,25241,7167,298811,321942
4888,5408,13259,67982,5426,456644,570700
9519,7129,10740,62926,6648,366628,504294
5722,5685,76997,25759,6815,258204,397016
8741,7759,-41782,34000,8907,413576,473831
4852,5185,-8006,22944,7556,289633,341090
8166,6667,6381,33926,8944,276358,375682
6407,5704,42343,62833,6667,332172,496534
5018,5444,1050008,24537,7111,274966,1386103
8407,7112,-14735,23112,6981,290899,340054
5462,4889,122116,33297,9111,366695,584237
8574,6574,8300,26778,7426,285735,378535
6370,5648,72169,25203,7260,329995,500441
6037,5741,-10166,31426,8870,279183,339609
4537,4851,11925,82982,6037,388646,514478
5685,5593,10127,63852,7185,344463,452609
4222,4833,73533,31222,8371,260483,397312
5741,5277,141532,23870,7278,293336,525127
6740,5537,1975,24240,7111,415283,526311
5426,5371,12546,64575,7388,522487,666811
5740,5296,39435,23555,7297,341026,438904
4685,5167,171433,33055,8871,277527,516164
5185,5796,30024,28648,7760,303825,418350
42444,4574,11115,33704,9296,396290,515682
9092,6778,16910,23074,7389,346588,460812
5759,5297,119260,62166,6667,278163,495460
8722,7241,-25834,24704,7333,309314,349424
5204,4925,17739,30537,7907,477370,558737
5407,5555,16385,23186,7462,317650,390905
4611,5000,151569,63388,7056,392761,644274
10648,6740,141568,33407,8889,273282,489738
4555,5352,1621,22741,7074,428950,488108
8185,6759,17435,32963,8518,250527,339128
4037,5333,20415,27796,7815,275602,355813
5592,5334,172635,33185,11500,291547,538737
8593,7092,-7773,26351,7445,287290,345813
4592,5241,8706,56000,6815,387699,521571
6704,5592,16390,33185,9371,329367,417257
5129,5611,198314,51297,6796,383293,667885
5185,5556,-16391,24000,6815,413573,480442
5425,6000,16497,49315,6222,367075,472108
9852,7315,9235,62630,6481,361355,498053
5759,5870,78882,26760,7500,247448,423497
6944,6296,-44785,23888,7130,405506,437997
5797,5425,57139,25000,7093,359562,491498
5833,5426,545211,22611,7389,340654,946772
8796,6926,517506,25000,6092,275971,858588
6925,6130,120208,22944,7074,372900,552719
5834,5462,-4515,65500,6722,357402,467646
15074,4907,-11462,33611,9000,244183,314998
9740,7630,185055,26407,7575,332256,586904
6555,5908,612942,34945,8944,419885,1106456
9981,7537,-7763,62185,6482,297094,411127
6222,6018,14236,24649,6296,395502,493460
5685,6093,9771,61130,6592,340819,449683
10296,7889,56029,23426,7130,277431,398572
6666,5926,-33528,33389,9592,282656,340794
6815,6074,-8770,22463,7704,536600,587071
5092,5315,8784,61704,6629,276622,401072
6240,5593,33838,28278,7611,366826,465553
5351,5630,169059,23389,7463,289494,520497
9518,7926,-6091,25518,7389,344811,407905
5593,5926,444314,26463,7352,289477,799959
8870,7352,13869,24574,6963,681015,798754
6537,5796,94756,33259,8593,277056,443090
5833,5500,-26764,27186,7574,316058,354405
6777,6685,15309,30482,8759,443114,564959
6962,5945,11788,64075,5370,295116,410034
9722,7723,63324,26500,7241,291692,456738
6000,5463,668063,31723,9351,465523,1203271
5148,5852,1525,51796,6630,362047,453035
9315,7500,471412,45537,6574,404064,975476
6018,5555,38874,27426,6796,350531,456886
9445,7537,202372,24574,7185,418272,713996
6666,6259,-4777,53018,7167,394701,482867
5610,5797,10536,26148,6333,277481,352646
10278,7407,783071,26871,7555,284960,1137586
4556,5629,193514,25482,5778,517685,771662
8944,7129,-13968,41092,6556,422429,516848
6019,6092,18104,48778,6444,464023,565719
4871,5611,15102,34852,9629,275989,361332
5685,5907,63768,24055,7370,255342,399627
7166,7037,151081,25019,6685,286935,499830
5166,5759,-5680,31112,8777,325030,388997
5204,5907,10819,66166,6834,440956,586775
6259,5667,38020,25500,7519,343310,443386
4704,5740,118371,24056,7241,363348,555071
6333,5685,-3445,37351,7649,287239,359775
5556,5907,9553,23630,9315,268352,340776
4815,5259,9940,33908,8963,351631,450442
6241,5592,167050,64833,6593,479816,746347
4611,5889,9067,24833,7223,390245,471868
5814,5371,24510,44889,7074,386080,541700
5796,5537,15620,66111,7407,381896,500719
5018,6074,61210,26352,6797,383564,534126
4982,5925,156154,32352,8426,326676,571608
6241,5963,-7219,42149,5981,274031,367443
10222,8037,6503,24370,7241,278847,350369
5425,6167,47334,24704,7074,318793,430312
9073,6871,133481,23314,7111,250239,445164
5056,5555,-11983,26203,7278,416907,516794
5073,5130,12015,24166,6778,269021,358590
6648,5759,9458,32240,8963,277596,359331
9092,7760,-14637,28463,6074,291653,364868
6129,5778,12529,24759,7259,387210,485442
5573,5482,13842,30741,9333,415655,513571
6389,5703,12396,25019,7222,276565,353535
9111,6944,59247,25852,7629,335251,460219
5074,5500,136245,22666,7260,336622,528904
4833,5259,145540,24630,7277,295236,518904
6648,5963,-20277,24074,6982,435829,502719
9074,7333,22130,22722,7352,294090,397553
6073,5593,246702,44815,7574,412201,766884
9018,7278,3589,23111,7204,287186,355368
5703,6186,342865,24537,7204,291853,712885
6278,5944,57457,22556,7055,345263,462257
5408,5462,105659,64315,7037,312246,521257
9888,8204,-34861,30667,8537,323044,381312
6222,5611,15397,34833,8222,450860,540756
8740,7093,166747,24259,7500,342139,575589
5425,5482,69393,31741,8722,278956,450256
7129,5667,618429,65537,6611,383454,1132567
5519,5481,-1628,31722,9482,271533,356313
46093,4500,8593,23648,6574,324775,435072
9333,7370,31203,61130,6648,271943,422423
6278,5704,133608,29037,7944,281667,481664
8759,7203,-6134,23723,8055,317928,377905
5426,5981,12309,71111,8000,272430,394887
8814,7167,166270,25075,7444,374633,626978
6296,5593,136158,32463,9370,269543,478609
10444,6852,150082,25297,7074,286303,502256
5296,6222,12952,43962,8834,502527,630496
6241,5556,6986,62741,14259,289196,422794
8408,6963,47392,28926,8778,302938,422220
10481,6852,148576,24778,7371,341976,557663
5796,5222,-8962,42741,6611,390552,460812
4592,5241,12740,65611,6537,274869,387775
6703,6093,1051553,23777,7297,300438,1431954
8037,7241,130996,24741,7462,331983,527145
5463,6148,-11357,22592,7371,373317,422701
5167,5259,9975,54092,6482,370356,493238
5222,5722,10029,23481,7370,252989,341553
7148,5815,130916,27111,7630,286155,481275
5333,6074,158192,24593,6814,251028,467663
4870,5093,461931,24945,7333,410489,937347
5222,5778,11837,23074,6649,312623,385776
10944,7833,49966,22945,7296,957009,1109364
7277,6111,155076,63722,6778,275625,531515
4814,5185,9648,23889,9037,449627,553200
6389,5870,163665,34833,9426,363832,603571
4982,4944,22923,60703,6519,340112,482405
9333,7166,268144,23315,6425,473001,803717
4296,4834,-11062,31148,8759,320949,395479
15000,4944,-16026,22722,6407,453617,504219
4889,5685,10805,31685,8704,268989,381553
6074,5648,188341,27223,7629,397878,652182
4092,5426,-30253,30389,8500,324047,362257
9444,7815,11690,45537,6926,498325,630256
6425,5815,7114,27019,7111,251199,322590
9982,7296,54798,33018,9149,279162,409350
5351,5871,-32667,26667,7685,288091,319739
4667,5370,-5131,31037,8630,275833,340609
9444,7241,9071,32389,8278,272501,354924
4444,5037,35811,25963,7685,368224,500182
6982,6055,145235,32722,9056,316262,533034
7000,6055,3067,33982,7611,287357,363905
4963,6148,5084,65500,6907,344395,464757
7981,6185,7749,25833,7315,351564,428331
9611,7352,122506,24297,6833,250509,438516
8759,7630,-40124,23092,7463,406678,454109
6315,6000,361614,64871,6648,444861,910087
9482,7277,539706,28982,8240,339456,951273
5463,5722,67038,65667,6444,273590,439813
4889,5611,940721,26055,7371,293808,1296937
10296,7574,-7669,45500,6463,402055,494905
48074,4981,20256,45592,7278,418260,564330
8629,7444,27569,27667,7666,247578,344960
9463,6981,169790,24944,7222,289319,524960
5129,5686,-7509,23204,7630,1107112,1162567
6351,5963,14990,39871,7037,291989,386608
4352,4648,192525,27334,7685,342304,616922
6611,5833,220858,54222,7537,353287,670163
8648,7204,-25866,22092,7445,305272,343517
4704,4814,460318,31074,8778,409103,949883
6351,5556,11668,26500,7555,289460,363831
9204,6592,583574,24240,6667,280810,930235
5093,5037,153424,65277,7167,283869,539793
9629,7760,704533,24722,7241,390256,1176771
6648,6056,469124,32759,8334,375703,921476
9222,7333,29049,24371,8018,326986,420794
6741,5574,248955,32056,8111,501688,821033
10037,7444,1801083,27778,7740,248665,2118524
5889,5537,6619,30444,8611,522174,595960
4537,5092,7988,24648,7074,357603,448997
6593,6315,139523,32888,9945,278956,494090
9685,7408,-14868,26463,7574,293569,365202
6814,5908,13983,24481,6741,270404,366553
8777,7019,7407,24500,7482,293405,381664
6388,5778,472498,25760,7333,298126,835902
9352,7759,135867,25611,7519,249630,451146
6519,5815,1625,52222,6500,514408,602719
4666,4796,6124,22685,6926,258023,321609
9629,6963,18567,23203,6945,299135,401294
6907,5815,127954,32333,9130,277895,479719
8333,7204,16360,24259,7093,389508,509849
6425,5741,873099,47111,6685,289709,1247881
5907,5593,11431,27648,7482,341529,432257
9240,7556,175818,24611,6741,276290,518238
5092,4963,-30202,22704,7259,351441,385534
9241,7592,15112,30778,7852,446626,535534
6944,6018,6555,23518,7148,264148,334794
11111,7926,58793,63611,6834,303444,471608
5629,6130,276625,24223,7148,414555,781643
7129,5797,-2117,32463,8056,269096,340720
4870,5556,11844,23908,7592,405153,480016
6981,5778,30621,31296,8630,269617,369072
4815,5389,114749,27815,7796,291118,467460
4314,4908,-24382,31204,9018,350454,397646
6500,5815,397728,27611,6926,282472,753552
5574,5740,12893,63371,6648,266308,377220
4741,4981,79095,26167,7426,309847,448035
4185,4981,-27073,33074,8667,281794,328461
7185,6019,12147,23093,7167,476719,548571
4981,4629,13221,63074,15277,274315,398257
5796,5630,65404,24759,7444,344909,497108
11648,7926,154661,27093,7722,329558,557941
5463,5537,975,23018,8130,277912,343831
6019,6277,7437,35833,8833,250062,354628
10148,7982,9101,26278,7815,355414,430739
5610,5352,206193,47629,8223,376081,667755
6185,5723,-16143,23871,7685,300455,363609
16925,5222,340153,31815,9444,315307,736088
4703,5000,12725,62408,6981,313532,421775
5963,5537,85687,25444,7778,347496,516590
6722,5907,-16019,24056,7648,299757,346979
4833,5408,10220,30834,7703,392462,517090
5518,5648,8682,24019,6870,333445,400775
4888,5593,52236,62463,6630,266539,413812
4777,5167,594623,24556,7370,261001,914679
4129,4834,-7249,30260,9037,399894,510182
5574,5315,11824,64611,8074,476024,587700
4222,5000,20137,32519,8630,277101,398794
7611,6333,372488,23907,7352,310175,746403
5388,5908,16301,24111,6759,353863,427312
9796,8297,26559,31000,9333,472530,611126
6815,6241,11779,27130,7981,247052,325147
10278,7592,148667,26260,7185,418014,635978
5574,5185,-13168,24482,7388,291611,339665
5982,6018,9220,32370,8167,517221,594960
4500,5185,11218,23907,6945,269706,336887
5648,6037,52383,32444,10074,286096,408016
4018,4981,136030,26834,7574,248486,443090
5000,5445,-10916,22944,7315,288821,355813
7259,6408,173490,23814,6926,312563,549701
4648,4907,39211,32444,9167,296231,402072
5259,6018,190394,64334,7037,365565,653496
4611,4870,-10052,32130,8704,364160,444016
16907,5463,1154280,63870,6278,445710,1710712
9703,7019,14667,24426,7389,277071,356331
4259,5148,561666,30889,8629,419847,1053975
6000,6129,-10002,27870,7760,286815,360387
7000,6259,11015,22815,6611,269557,346498
9833,7666,4254,25149,7018,289077,359886
4740,5222,241975,23389,7204,341225,643626
9111,7315,-38508,25352,6796,293895,341035
6870,5815,382379,22907,7500,274969,719921
6851,6241,9767,24444,6870,252362,358201
6074,5963,37450,22370,7352,307066,403553
10667,7407,310838,24389,7055,328788,711515
5500,5648,-3461,22500,7371,373661,430923
9759,7481,11150,26018,7426,502459,614941
6889,5722,217944,24852,7092,341312,625533
9462,7130,188646,54260,8185,467757,786162
6241,5815,-11504,42315,6908,275723,345869
8907,7278,132792,35333,9648,276632,488701
6574,5907,13587,26018,7167,258467,368979
6703,5593,499937,63666,6704,285392,891383
9111,7444,220862,26926,7296,273024,580349
7759,6445,-4992,24185,7444,290157,352128
8907,7500,4340,24537,7370,250011,318832
5426,5926,16986,24148,7389,314363,428164
6536,5945,122022,23851,7111,335142,517682
5240,5556,12354,34000,9426,436347,521534
10370,7760,9833,24167,7611,269090,347832
6740,5889,16128,33093,9018,323574,434460
6871,5796,78719,22759,7149,353389,494386
9000,7907,150089,22185,7444,262743,475312
5833,5556,10716,57130,7240,388948,490701
9315,7592,15104,64130,5203,288542,464738
9833,7297,59621,34796,9259,278636,418257
5259,5630,-32048,49889,6482,394656,472145
5925,5519,-9919,54925,8075,403712,492200
4871,5222,11264,22815,7537,402640,494868
9777,7593,11004,30741,8425,293717,378720
5481,5259,118687,28278,7759,337736,546589
9574,8037,12815,31519,8981,386867,483775
8370,6760,17666,40426,7370,445738,586108
9314,7148,10739,63315,6611,273426,390071
5852,5129,62126,27093,7277,251058,377405
5962,5593,-12505,25518,7574,296633,354535
4407,4852,6327,47611,6629,415393,497775
4630,5574,14380,24278,7148,247322,343443
9852,7444,649694,27130,7314,289764,1063216
9389,7907,152341,34148,9111,304823,536608
4925,5519,-11309,23889,7555,292993,397479
21240,5815,-20921,21666,6815,286661,341165
6259,5611,22540,26129,7278,350328,435034
4852,5351,243316,31926,8556,487920,833291
7221,6297,-8371,25111,7297,381960,439904
4130,4722,11239,31963,8611,474665,587793
7018,6112,5200,25204,7537,296483,398905
7037,5666,68107,26185,7518,321484,452238
6240,5871,-36285,22852,7519,414781,489497
5407,5629,7918,50500,6093,409116,537645
8519,7018,178583,63167,7055,292784,577701
9796,7926,173138,63814,6797,275433,574701
6722,5870,-31679,24408,7629,292066,330739
9963,7796,-7699,25186,6851,343586,421239
51629,4926,4022,50445,7351,450105,586774
5537,5056,39779,62389,6667,274959,411516
6129,5519,130907,25741,6944,305664,517904
6963,6019,-28928,33315,8537,353759,400294
4426,5037,11960,50537,5741,390852,486904
5759,5611,562811,31055,7611,353055,1005013
7000,6037,86642,26926,7463,386485,538460
4352,5500,4585,48074,6241,314857,419701
6629,5944,6103,32852,8870,467117,543811
4222,5315,8489,27908,7741,283341,356424
10018,7630,35006,23667,7296,271121,414960
11185,7685,139876,32870,9000,387714,608459
6815,6241,-7589,65074,4907,385420,483609
4741,5185,3854,24204,7926,244422,330110
10740,8056,11278,31185,8908,279330,368368
4889,5500,117906,61426,6537,268183,482645
9611,7907,-20058,24037,7315,292149,356313
16296,4852,-9726,24314,6556,424983,489293
8351,7241,10791,27611,7630,319318,398201
8388,7222,82419,25130,7111,251560,420608
6741,6277,4714,24667,7093,348691,418053
7667,6703,8268,32796,8315,481192,561682
5815,5852,172933,31537,9222,284490,530423
4593,5092,51617,27315,7574,276233,422887
6573,5741,155393,63759,6778,277604,532996
4426,4870,-2998,40426,6537,270274,342239
6333,5926,9890,65741,6426,524125,669959
6444,5833,17296,24148,7241,285554,361831
5740,5463,251535,50945,6537,398775,750921
6462,5889,-6855,38333,6482,284464,353405
5648,5370,7236,25574,6889,273577,358868
6111,5648,144642,23722,6963,425374,683904
5666,5926,221733,52500,6389,439540,747773
5166,5352,29194,60815,6407,445303,604607
6722,5704,21211,24296,7741,410878,520941
6074,6315,5395,21759,6945,254195,349665
6907,6241,62430,24982,7351,251420,375368
6037,5907,-41330,23240,7463,294792,315868
10259,8315,-9610,41889,6241,271496,363831
6204,5500,6092,22667,7222,310128,377294
9259,7111,18258,24444,7352,343833,428072
5889,6148,325589,24352,7241,312055,715255
6222,5722,-6875,22148,7112,331428,386479
9037,7426,10735,23426,7055,269597,362702
6500,5574,4177,34056,10370,274284,354590
8555,7037,80250,24667,6889,250784,393997
5926,5889,-28437,36389,8889,278194,341109
6370,5833,19433,33203,8038,482027,570997
6684,5612,7023,31778,8426,282845,363127
9629,7481,29282,24852,6500,362308,491904
6277,5815,140817,67463,8092,272014,516515
5426,5444,-3981,29519,7611,348164,410590
5500,5574,7018,33852,8574,249240,325387
4574,4871,30108,24537,7000,362056,471979
6481,6056,195477,25926,7445,436740,697181
4666,5000,-9876,23241,7148,433114,481015
5148,5351,-15655,25871,6722,465800,513793
4592,5148,8473,25019,7055,251303,317590
4963,5315,223045,23019,8907,460803,778348
7425,6334,-10123,33407,9297,279787,345794
4740,5260,11561,47000,6277,494232,586145
7388,6908,137096,25259,7556,334345,554367
6944,6186,59613,24445,7129,261959,386294
9926,7981,134335,24740,7556,376051,577237
5500,5704,-11890,33648,9223,286609,383072
8944,7166,213535,26871,7370,485664,784865
7074,6315,9330,25111,7407,287780,360628
4630,4963,955865,24833,7426,452756,1471473
9630,7740,-13525,23000,6760,311689,363665
4481,4778,11677,20426,5907,289858,393016
7148,6204,401027,32241,9000,277949,750477
4314,5019,81600,25667,7222,331897,474478
9944,7686,1032913,23463,6777,279672,1396473
7130,6333,7597,51185,6167,438733,537275
10203,7482,9707,25259,7185,290310,370146
9092,7074,46298,24685,7352,353773,465349
5722,5888,-43407,34055,9445,281035,311775
4463,5018,15406,25741,7592,493665,570978
9352,7666,8701,24056,7314,428686,540367
7166,6019,19532,33000,8759,398484,490182
4814,5056,122383,26592,7426,267781,449645
4500,4926,-31211,24148,5555,416061,443053
9870,8296,22028,31056,8852,469969,568367
6185,5463,153637,22704,6278,351359,564441
5036,5223,207580,23833,7111,456268,723162
4815,4833,297190,32500,9000,457342,825403
4815,4907,8967,22333,6982,270198,336665
4462,5074,4410,64592,24223,265940,388831
10944,8278,50130,28908,7481,364164,525275
7555,6185,239055,74666,8537,365794,719755
4333,4963,652090,23852,7037,328644,1041808
9629,7611,1485903,33074,8759,279994,1840989
4500,4963,26049,62926,7037,268948,393720
9185,7296,171956,29185,14222,302708,571293
7185,6185,-10379,25555,7445,451339,507108
4703,4852,6231,40852,6629,464044,579293
6778,5870,3618,63908,6740,278214,384887
11222,7555,58932,25259,7111,286400,412238
4092,5000,-26125,25574,7351,409716,502423
10037,8185,7743,22278,6278,942991,1029994
6519,5833,8334,23111,7463,253942,322110
5092,5148,37962,24556,7037,332850,428312
5648,5648,136757,23000,7019,318851,560312
9889,8018,-16300,52056,6074,515926,594275
6000,5648,830124,44408,6666,403961,1342511
6259,5852,33937,23741,7796,268098,363424
4778,5000,132806,23908,7166,260932,450868
5611,5425,-6806,25612,7277,334267,392497
5482,5740,11082,69407,5907,434046,601423
10000,7981,5414,62388,6741,269326,380016
5222,5666,76060,26945,7407,341400,481497
5111,5204,3910,22297,6944,385828,475887
9704,7759,-1147,51167,6092,458459,550293
4815,5907,2481,22149,6926,258424,339980
9704,7574,41128,22778,6888,316259,460072
6759,6814,140701,24556,7018,347815,550848
4611,5778,7532,25612,6870,299651,384720
6407,5814,8957,23537,7019,261449,330757
9093,7444,11493,23018,7778,316246,393276
9482,7129,136584,24518,7334,344802,567386
6462,5852,-11381,24352,7037,396286,471034
9425,7352,8673,23259,7074,271048,345831
5203,5741,6023,25000,7463,252772,317942
7148,6167,553392,22796,18667,307510,950124
6852,5907,-15275,41814,6834,277533,343054
5537,5963,14278,34556,9685,494459,580663
4963,4926,363758,26241,7815,508125,936402
4204,5037,55182,32686,9314,277390,399368
6204,6852,-44597,39852,7055,278021,328647
7222,6130,698568,30556,6537,310795,1078475
5592,5519,11011,24574,7278,427393,523978
9630,7648,11732,31944,8686,298654,384572
5666,5075,108638,30481,8593,384747,588497
5907,5778,-13363,37870,6648,296621,360609
8944,7333,20376,51611,8537,392973,527460
5777,5593,8597,61296,6833,272438,381868
10351,7778,123484,27519,7463,255809,482775
6944,6019,-39462,25759,7704,345386,372554
9833,7315,1258740,33722,9463,310232,1647713
6130,6018,8424,24408,7370,253278,355257
6703,5611,53219,23204,7445,269686,383090
5796,6055,212829,32870,8500,269798,550663
4944,5797,31827,29277,6926,363411,460534
5555,5593,7085,33407,9463,281284,377961
6667,6018,22695,28500,7907,293081,381424
5741,5648,131600,23648,7278,288693,512775
6148,5722,2043,25241,7241,309103,374683
5741,5907,8320,86352,7055,344197,487794
6444,5574,3188,22963,7500,253347,314961
4888,5167,143983,24870,7538,389457,609274
6352,5592,-33870,24871,7537,338886,384053
5555,5519,9628,32445,9426,478739,557386
4611,4981,13535,27111,7093,405685,508145
5982,5740,51163,23629,7371,399945,524942
6945,5666,139291,32926,9555,356077,571090
9759,7907,-9785,68352,5204,389671,490941
4833,5222,8677,24278,6944,388914,481701
9074,7129,9601,27982,7648,332045,410090
5833,6092,233970,30371,8833,389804,693736
8999,7630,-13161,25481,7167,299233,353386
5759,5982,9744,44871,5666,1161341,1252511
10333,7296,6947,64908,7018,276348,409127
7278,6092,72038,27019,7278,294589,431368
10037,7574,-28723,23445,6592,296499,335517
11444,8093,-1928,51037,5833,460758,551552
6036,5445,9830,61722,4926,290075,397627
7055,6167,45217,25000,6926,250596,392460
7482,7166,147457,22907,7019,347984,556312
6019,6074,-13045,68759,6167,372024,476701
6388,5630,5453,64389,6760,516913,621996
6333,6296,25211,25334,7148,352768,444182
9240,7445,228691,23426,6278,268361,562015
5592,5019,-4884,22851,6667,321308,391349
6722,5704,3170,25666,7352,269310,336646
6333,6055,5187,23796,7130,326015,390775
4388,5093,86315,24518,7260,344886,488330
5518,6019,359832,22814,7130,406386,838162
6592,5815,10645,51482,6037,492073,588867
5185,5704,8459,62759,5093,297946,420035
6037,5315,52309,25000,6889,364299,476534
5518,6000,-41396,23037,7074,294228,315646
9944,7907,-13120,42908,6277,292359,381257
6352,5667,7415,24500,7389,431415,526164
8778,6944,18137,64148,6611,267972,389220
5222,5722,224098,66277,8241,483342,811291
9574,7630,-9941,61352,6555,296328,390165
7018,6185,22855,33314,8593,491531,621126
6722,5815,10000,23037,7704,281331,350720
5055,5722,122536,78352,8926,265202,520645
6111,5629,38832,25629,7408,330129,434331
9148,7574,467607,65241,6796,372054,972568
5963,5777,5532,23852,7389,252374,320461
9481,7482,42364,27851,7926,285505,430498
6314,5593,130418,25185,7518,285432,476960
5889,5463,-15158,49241,6055,397785,468979
9092,7259,6915,23611,7186,401656,499404
5777,5871,22117,32018,8815,278307,371923
9425,7408,207615,53241,5259,489269,822958
6277,5648,-6200,33703,8963,302606,371220
8851,7093,11538,53723,7389,366958,475608
6074,5370,8685,27130,7537,249998,320868
6241,6537,70128,64259,7074,275518,445276
4426,5148,-12244,24241,7445,293204,357665
6740,5926,-2930,53241,6278,396427,506404
5926,6259,7328,23407,7815,271912,341369
9833,8111,43511,25630,7296,398208,535719
5963,5907,141121,22963,7407,289025,522849
6629,5797,-14085,50630,6518,443008,514830
5407,5871,12062,67648,6685,442972,559775
9240,7686,21875,35037,9778,293789,394442
5870,5333,135430,63148,6722,392697,640070
6352,6055,-11720,32982,9185,394273,456183
5370,5259,704001,24500,7444,252290,1036568
6055,5648,1354758,24056,7074,363768,1781730
8741,7537,522572,33574,8648,251590,885514
6444,5889,150033,24297,7314,252650,465349
9370,7444,1569,45185,6908,462446,583885
6129,5797,8159,24834,7166,308301,380016
9130,7129,562307,22481,7296,421318,1087179
6296,5741,1276360,64592,6760,273741,1652564
9907,7945,-13141,23426,6963,293306,347258
6981,5611,11710,30463,23611,293992,393683
9759,7334,14559,25519,7148,298401,381239
8351,7445,115003,23796,6981,314013,510460
6722,5926,6354,33000,8925,341089,421276
6815,6389,6944,51222,6834,394738,493053
9981,7759,11906,25797,6648,254944,355942
10444,7704,71386,63314,6500,326704,505978
5278,5814,-19393,49370,6908,311780,407146
10388,8222,384068,24611,7445,308798,769162
7056,5907,7844,34667,11000,277006,383128
9611,7759,46991,27037,7889,322340,439219
5741,5592,-42344,32685,9112,287138,370294
9630,7870,-14660,31500,8815,347602,417646
6833,5555,24246,78611,7167,380973,524645
5277,5796,20096,61797,6722,277643,395497
6519,5852,158409,28907,8352,247088,472738
5222,5667,-7444,33389,9722,327460,396368
5388,5315,31555,25537,7352,291313,394646
5148,5741,5424,25555,7611,278834,344406
4870,5537,484459,23630,7926,309703,853421
4630,5296,-21542,25555,8037,290448,335072
4611,5648,11068,23092,6259,274561,356295
4463,5555,10048,22074,6611,329265,395461
6240,6334,49434,25611,7334,348711,465534
4852,5704,203155,23352,7851,245657,507238
4611,5463,-6439,25315,6963,394306,505626
59407,6018,5653,49759,6000,489455,634292
4296,5463,25114,62611,6778,279365,420331
6852,6185,109686,27463,7315,313626,486886
4425,5871,-5538,23945,7129,293036,349257
10092,8223,15424,54944,6259,369407,490682
6408,5555,1904,33426,10445,276631,353554
9407,7037,67310,24389,7426,255836,389812
8388,7056,-35303,23963,7019,343874,390182
6629,5741,-896,31240,7945,505986,574293
5315,5537,9639,23407,7537,255860,325184
9444,7260,29600,64333,7112,574951,709792
4518,5556,144154,25111,7111,361861,566552
4204,5703,-12754,63296,6574,367493,463701
6704,6166,4892,25056,6130,458475,524719
4371,5777,5354,27667,7981,252237,321073
9833,7296,167741,33648,8537,282923,544367
6259,5648,-16778,27148,7111,399980,448164
4129,5463,11553,45648,6056,460721,563848
6315,5537,4311,32111,8444,328891,403350
4036,6019,78531,62760,6870,271188,446460
11426,7000,678419,24092,7593,448908,1195845
8852,7000,11713,38889,6408,399783,488534
6666,5908,16934,28463,7648,411656,493349
4630,5685,7063,24981,7333,334824,418257
7815,6463,209672,26000,21537,297195,587700
4852,5629,130745,32981,8852,350456,551960
4888,5889,11688,81000,6370,437254,563126
4389,5833,21001,26334,7388,276849,358609
4592,5796,227963,38314,5926,480126,803661
9945,8444,3424,63278,6574,354833,472424
4389,5833,10941,27630,8222,284298,413350
9740,7519,9884,24463,6981,252522,329924
5278,5870,76198,27000,7129,287819,447813
7185,5963,154566,24407,7111,253006,468349
4500,5907,1122361,59370,6870,396056,1639083
8796,6945,17285,66222,7075,272712,397924
4277,5593,58599,23611,6944,337806,453423
6444,6129,188857,24796,6963,299733,568904
6888,6537,-11830,22537,6889,294013,344349
4166,5797,1853,23963,6815,254700,347942
5981,5704,25592,23019,7204,357849,443367
4611,5703,231962,52167,6037,437145,753607
6074,6277,-7132,62500,6611,292093,385201
4259,5908,432495,24259,7130,272815,766329
4445,5611,3938,24797,7426,306929,372720
9871,7907,71215,22222,7593,264690,399165
5925,6037,-9305,24463,6926,396451,450719
9092,7444,429231,89092,5574,365024,924328
5037,5815,11359,61537,5407,279417,389128
10056,7666,40283,26260,7074,286103,428350
7518,6037,132412,23259,6963,347363,540923
6630,5981,-13757,33463,9556,425921,488886
9629,7574,3464,65111,6908,444662,553978
5241,5907,9407,24444,6908,288480,355720
5944,6130,208498,49555,7648,465072,769995
9352,7500,-9985,51574,6555,422334,508775
4777,6019,22883,45537,7463,420947,561718
7944,6352,174031,63815,6314,453299,731255
4278,5741,77436,32296,8760,307820,454072
6222,5963,292620,26426,7685,477597,851328
6999,6111,-1659,31278,8704,518082,587348
5315,5241,6302,32241,10833,276714,352461
4888,5982,25356,24297,6814,360456,466775
6889,6296,214410,32575,8444,244735,569552
6889,6092,-1424,27259,7760,332551,398387
5444,5685,1982,33648,8759,279054,350146
6241,6129,8536,30778,8629,300741,411998
6759,5981,205571,27389,8056,424388,695218
5296,5556,695532,30889,8648,487183,1251141
10055,7945,13938,41945,6778,396336,514756
6852,6185,7677,25463,7074,252988,358220
6907,6037,80695,25852,7388,396025,557256
6037,5667,-12844,24333,7408,288582,338165
6185,5963,4377,23129,6112,271454,335405
5296,5741,3746,26000,7592,427177,520126
5685,5926,437781,24444,7389,326362,827995
9944,8000,179187,25130,7167,300124,546645
5352,5778,-13222,32130,7815,319034,377461
8833,7222,1777,67426,6815,469738,578311
5815,5555,169035,25018,7260,324480,572589
7407,5981,157959,26778,7834,289445,512645
4741,5426,719587,33296,8926,271444,1079512
6315,5611,23085,25167,7333,518170,602052
4852,6148,3566,62815,6814,279562,403128
6222,5593,-23658,24296,7241,427174,467053
4796,5500,-39697,33741,9148,290102,339813
6944,6037,3006,54463,6796,495010,590552
10482,8370,26319,65445,6685,434677,583053
6277,5630,41984,26593,7129,250533,353887
5537,4963,168798,31277,9019,300384,536904
8926,7185,-11741,26408,6777,370887,427035
4685,5481,693332,25574,7315,472587,1228604
6148,5500,20886,32093,8833,279612,370961
9981,8185,969106,52445,6667,323181,1419306
6296,5778,-12136,38278,6297,286578,350091
5296,5556,322436,33315,10334,475299,871958
4241,5018,106417,24722,7278,382728,573256
6241,5926,63619,31259,8574,392045,524349
4444,5000,-36364,28611,7778,333973,362127
6111,6092,-7439,23259,6074,290030,343479
5296,5685,9522,24907,6908,319476,388183
4315,4926,1239501,34537,10389,279489,1593620
11111,9425,651038,25000,7296,295994,1018068
5388,6037,347925,24908,7241,336848,746773
5240,5482,12646,24740,6130,280112,353053
5462,5204,9885,25241,6463,349631,426830
10221,7852,128921,24518,7463,252614,487256
8481,7130,419,22278,7944,367023,433294
4351,5093,18454,54019,6722,493561,634681
6759,6240,4528,64759,6944,288212,394386
4574,4796,69174,23518,6982,299472,424312
7926,6166,143969,27056,7314,322010,566941
6500,5777,694708,23704,7481,245750,999735
5815,6111,-11090,33463,9055,281644,341442
4907,5111,42964,23518,6852,263997,362479
7278,5777,209796,67204,6833,382219,709514
6537,5685,-6983,32888,8926,324296,389701
4741,4981,4664,65185,6407,458871,582423
6259,5556,661365,32111,8704,332295,1067438
4629,5055,159253,24241,7426,275041,493071
4444,4926,-17748,27092,7649,354301,417479
15796,4833,-16824,23334,6981,272285,327072
10019,7777,11786,28037,7593,296453,397794
5962,5667,71636,23574,7167,346713,514571
6852,5852,147227,32296,10204,335936,555923
5703,5648,5226,23185,7148,1187971,1251344
6574,6555,9724,65871,5055,312292,425275
4722,5167,47333,24037,7297,279923,384164
5833,5555,167499,27093,7907,296369,526904
5167,5314,-16039,23000,7407,292260,335332
5926,5444,252052,33481,9296,473537,836273
6907,6092,450643,66129,6648,282964,838420
4296,4963,139808,24741,6870,318319,540016
6481,5796,-13341,39814,7148,278211,342739
4777,5574,29879,24667,6944,406008,522349
6315,6296,5729,64185,6667,280139,386424
4426,5463,61135,33130,10685,276177,406294
5667,6074,-13422,27222,8370,406346,460405
10537,7833,-20738,33463,9371,284180,343369
4556,4685,6538,25926,7370,277960,363498
6592,5834,24888,63333,6797,277368,400738
4685,5648,135313,26148,7555,341944,560774
6148,5722,-6336,23037,6815,355538,410016
4944,4759,5292,66629,6667,463557,567996
6203,5722,4216,23593,7296,307523,370035
4500,5500,112140,27000,7463,286135,457738
5407,5463,-10602,32944,9093,328470,406145
7093,6037,9785,43889,6704,414378,508497
4833,5278,10136,31685,8722,281196,393183
6240,5908,60189,25186,7463,364900,489201
10203,7834,-40608,24315,7333,340161,384442
6037,5537,-6498,31129,8112,276996,341646
6315,6203,3204,23796,7297,247442,331220
6092,5593,31683,63352,6741,326628,457052
5555,6019,160997,24704,6833,254407,476367
9796,7556,-12634,33296,8463,380706,475331
5685,5870,3828,64481,6445,446965,560311
6778,5833,11382,64870,6500,277024,388442
6056,6092,73195,23704,7555,345043,512775
6110,5741,-30899,29222,8352,344397,385294
5019,5592,14303,43260,7166,489583,616867
7759,6519,4283,33685,9222,279882,357424
4500,4759,76115,27148,7389,286438,424257
10870,8055,137466,23463,7185,289884,493534
5333,5593,1908,32611,8926,1077493,1150216
9389,7463,11129,26352,7370,417424,531534
7111,6426,39350,26907,7389,336129,443794
8907,7315,119237,23981,8278,315279,501293
4703,5444,-13560,22333,7185,414540,500626
25425,6259,-25469,32519,8592,283375,348498
6722,5945,11473,22870,7611,348062,420553
6166,5722,119935,26685,7778,326192,511441
4703,4981,-16955,22519,7259,377101,421997
5074,5037,3617,90445,7074,334343,487831
5499,5667,3782,63963,7037,393086,499367
5167,5611,75503,24777,7889,376791,507534
5611,5611,154335,31907,9148,390347,613404
4908,6111,4852,54240,6186,428552,567053
10166,7648,3888,66555,6686,364165,485182
5833,5389,29627,26370,7259,268261,359554
4944,5018,266940,23093,6481,418371,743606
5185,5797,25197,25167,7389,355578,451331
4722,5018,7530,66833,6593,430226,537608
4315,5407,18584,34778,9555,280581,391479
9870,7482,194341,63500,4815,315581,628774
4500,5611,1422839,33148,8834,290002,1825730
9685,8149,12634,81186,7148,1135654,1271937
4536,5093,4856,61555,6870,274439,375942
7111,6037,53502,25111,7241,329903,468979
9703,9426,-30073,32833,8759,355535,413090
5371,5407,-11871,53407,6519,509145,584830
4981,5445,11497,65093,6519,402906,531812
5685,5259,234497,26629,7445,298815,605997
5148,5889,133254,23148,6889,319391,514460
5407,5852,-13284,32815,8851,301264,363943
4481,5611,7788,22982,6185,490468,597330
9889,8259,9583,22111,7019,317452,393461
5296,5667,178488,66204,6685,499914,778458
4908,5370,-13772,24185,7519,345010,451942
9666,8074,13560,51241,6630,456270,562404
4352,5888,8003,33148,9630,279458,357127
5074,5407,68372,24537,7371,287811,436720
9796,8037,-44278,26759,7574,300498,334831
4888,5297,350516,32112,9148,364089,809939
9796,7833,1720,25055,7111,251779,322294
4907,5778,37273,24648,6926,369021,460090
5259,5500,150494,30704,8870,323207,565385
9425,7945,-13378,24685,7056,353505,414664
4463,5759,7325,45962,8778,441265,572830
9407,7074,-66,24982,7370,369119,437294
4148,5778,122988,24797,6925,330084,511701
5685,5425,-27161,30593,8777,293216,390997
10944,6371,9818,30389,8852,406771,493608
6333,5648,2817,25593,7852,272533,337794
5370,5334,18352,30926,8445,344367,436553
4462,5204,-19982,40259,6796,425313,503589
5556,5185,6035,24463,6111,511628,576256
5092,5259,10885,65723,6444,546315,699995
9926,8018,29403,24555,7759,313059,411590
4723,5166,117438,24130,7296,255356,473479
10018,8074,-10730,39463,6574,309191,387053
5908,5889,59397,23223,7277,416859,547627
6019,6277,2675,30870,8852,310953,383387
5481,5630,92820,22852,7093,332361,508015
10037,8129,-1088,23500,7389,397197,513238
5611,6185,2503,32019,8666,487864,559663
5111,5407,4854,61667,6444,374625,514997
9445,7463,59296,24000,7556,331923,459812
5889,5518,153758,22111,7000,256629,467312
4685,4833,438441,31778,7611,335239,842050
4703,5537,8718,65000,7130,434927,546034
9759,7389,9383,32166,8445,440336,524441
4555,5648,382586,23722,7166,308948,751606
4963,5259,-23138,52111,6648,473839,536719
4740,6130,13212,86204,6203,412970,562385
7796,6426,6951,62204,6666,272658,382979
9574,6925,165339,27000,7574,415195,648403
5111,5056,-10718,32518,9519,295346,358295
9111,7815,9836,51000,6463,406698,543330
6796,5833,2316,61593,6611,372996,492738
7000,6166,53037,24944,7260,351331,470405
8907,7463,-41002,33815,9296,290278,342868
6277,5871,-14707,25074,7648,461056,507089
5722,5760,33273,67703,6797,434205,607034
6333,5889,31235,24463,7796,280337,372313
5129,6704,129696,63593,6722,305468,573126
7074,5889,-12176,28870,7648,400340,457349
4389,5741,3841,24204,6666,323083,404831
6278,5796,-142,33149,8870,273140,343184
4408,5814,338339,63222,6852,418934,882217
11130,8314,-18885,26222,6797,295846,364813
6444,5926,13150,43018,6630,395829,487367
4148,5537,2297,24889,7129,257480,337887
5981,5852,62591,31889,8648,273425,408164
9592,7500,-39243,27703,7982,295038,327238
7259,5685,-5949,24260,7592,295224,353183
4982,5907,8384,25833,7259,412410,484998
9426,7296,26327,24444,7241,359467,451090
4111,5722,159251,32740,9741,283969,511812
5611,5667,-14158,63555,5260,390748,532368
5148,5278,4748,46388,8056,396323,484349
4926,5574,5487,63981,6945,292399,415035
7314,6130,229467,50352,6629,380733,725310
9852,7481,-9719,24092,8000,301940,372998
5926,5814,8687,90741,8759,469514,605645
6241,6148,12222,62444,5148,293665,432720
10055,7741,59554,28944,7260,296628,428812
4574,5741,2287885,24111,7500,349099,2701410
6241,6037,-1042,25963,7667,277669,345683
5037,6000,7642,34352,7981,253579,331313
7018,6352,38678,25111,6759,257894,381498
9740,9185,149510,33592,9371,282524,513811
6185,6074,477378,37852,6741,303802,864883
6167,5870,8859,45518,7519,475120,565960
5666,5704,19264,22426,7186,359696,442664
5574,5370,211837,53778,8333,428844,773588
9518,7685,-12775,38370,6741,286089,364461
4944,5852,12704,52759,6778,405367,529552
9704,7611,221,62519,6444,371517,476942
4351,5815,53053,25426,7815,291871,427201
9759,7981,-51578,22815,7278,355909,378479
4537,6296,644550,32333,8797,274944,1031846
10000,8074,1419,27241,7593,265690,340591
4481,5760,47269,23648,7593,254802,360146
3982,5481,347139,25222,7629,345654,783496
9796,7908,-12067,30537,6148,391009,459016
4963,5518,4710,28444,5963,325992,399349
6592,6259,2987,34055,9463,282697,380294
10111,7629,176985,33907,4352,302883,562867
4851,5760,-21832,26629,7445,304145,349183
4871,5814,8723,44240,8852,418182,550793
10074,8259,10480,26685,7445,257055,339127
4722,5722,62701,64593,6815,341092,528164
9685,7944,-22893,25000,6945,383502,437035
4778,5926,-11914,31797,8870,278226,390276
9870,7778,11141,33204,8000,282857,372350
4278,5666,176621,26315,7426,278580,534608
7740,6167,188045,23556,6981,246915,495404
4166,5667,42655,26315,7759,427231,572571
9037,8037,13728,32314,8908,448640,574145
6815,6666,7430,25408,6778,347086,420257
10593,8351,216355,30296,8074,475401,765607
6852,6629,-17443,33667,8759,348552,406220
4481,5722,10351,23574,7186,487182,589440
6907,6093,4257,32037,8556,283370,359350
9833,7797,63663,65481,6889,295649,467035
5685,5889,1073402,24481,7186,278145,1448843
6463,5870,3124,46388,6445,428966,514886
5129,5204,4233,34259,8611,282358,360423
9425,7556,33417,62981,6574,270952,442108
6981,5945,173267,32314,9723,260563,504404
5148,5352,-17513,23723,6240,435029,503775
5037,5111,3431,64407,6463,363011,475682
7388,5945,9040,28482,7537,351012,426127
5388,5426,199391,29166,7186,435309,696773
9648,7481,-2296,25852,7259,385534,454016
8592,7389,8833,49981,5963,494535,591515
5148,5333,8868,62277,23130,283075,426182
6740,5945,67422,26222,7278,336334,466701
5814,5648,147643,26093,7148,280651,492293
9481,7630,-10377,32407,9611,280524,347869
4685,5834,5010,25666,7000,401951,503090
7185,6203,33583,31722,8611,330174,434349
6481,5519,228748,50555,6408,435433,749088
4833,5685,-15717,32074,8463,333715,386831
5999,5574,6930,52075,7759,395919,504571
6981,6370,7374,32907,8592,278885,356368
4537,5630,217371,25315,7296,426865,764125
8278,7092,593,51611,6574,327850,422535
8555,7389,10739,23482,5963,427147,513571
5426,5796,213904,41093,6352,412091,728088
6297,6129,55699,23982,7370,271188,386183
5019,6018,532957,38629,6537,425834,1063568
5593,5203,104,32037,7852,272135,340665
4925,5797,-1991,23074,7000,257304,346850
8425,7204,822897,61481,7037,308393,1232326
5388,5315,335007,33926,9833,318563,725792
4870,5870,-11828,50852,6333,361789,430645
5389,5314,8522,33167,8963,421142,500293
4555,5778,8891,24852,6889,307088,373923
4630,5685,677556,52093,6611,351696,1135253
7241,6407,-15334,62037,6611,382906,469183
4852,5574,16868,32759,9223,489258,609404
6555,6019,8496,63833,5056,297909,406905
5777,5704,62920,32778,8834,345780,500274
6500,5963,-42970,23797,7259,297690,318424
9889,8000,-17138,30389,7500,284080,341442
5055,6259,-713,24352,7296,274137,336164
8870,7037,19211,31722,8500,339194,454052
7334,6574,156987,25722,7019,261843,481646
4518,5574,-14885,27612,7685,327623,394923
56981,4907,1503,52037,5963,377939,566663
6814,5778,9798,62407,6889,280996,391664
10111,7759,466333,27019,7315,296717,831088
5389,5370,-15612,23259,7055,433925,479923
9537,7259,13034,51852,6055,446352,585404
6870,6167,3440,61277,6519,294169,395664
7797,6499,917939,25722,6111,491720,1475640
4426,5499,-20192,24055,8000,293432,333461
5796,5889,-3657,51760,6222,426191,508220
4926,5093,8304,35870,8630,280842,359924
4870,5685,37118,62537,6593,278213,447868
7462,6204,176505,24908,7629,252122,490608
5667,5611,-15,56481,8482,327716,443405
15481,5148,-23072,23334,6388,952992,1001271
4815,5518,466723,24445,6333,360105,880551
5574,5833,225352,45888,6667,881290,1205882
6537,5796,-21243,34945,9185,301593,355757
5296,5648,7755,44463,7130,395760,481515
5333,5500,506532,31815,10167,320185,918180
6425,5908,61419,27889,7759,295671,421071
7796,6722,146566,22834,6907,358412,565700
4537,5796,-5454,50593,6055,415025,543978
6093,5685,4637,34111,8667,281342,392350
7018,6241,246414,30018,8630,316842,635181
6074,5518,117208,27612,7685,335677,516830
4963,5666,650448,29907,9982,277380,994624
5667,5425,8058,52944,6963,403996,497293
10167,7796,6945,32444,8611,302090,423572
7018,6315,165962,26685,6167,292776,542052
9537,7537,8053,26814,7889,353426,432905
5074,5648,7774,51000,5852,443390,571997
6963,6037,1013,63333,6834,346021,446998
4351,5722,60141,26612,6851,262450,382164
4277,5556,-47675,23629,7408,380877,408220
6703,5926,-510,60426,7370,395322,518589
6981,6278,424433,24667,7111,273396,762922
10296,8093,16802,22500,7222,351103,432294
8648,7334,115818,32037,9482,281956,505034
7370,6444,2003,33203,9778,416606,495182
5333,5611,4502,27685,6555,300201,386146
6685,5759,612685,32370,8296,297218,988716
9962,7463,204295,23018,6130,506701,776680
4888,5667,-12911,41611,6704,283983,401979
10148,8056,6328,31704,8574,454613,538108
7111,6019,7771,27463,7908,254411,349554
9704,7277,54826,24889,7241,259079,380627
5981,5981,-34287,27371,7555,297322,336905
5185,5463,-8362,33889,9037,387471,474701
5907,5741,7321,25463,7426,409361,533775
5222,5426,25246,23963,6944,349382,434553
5833,6055,171004,24574,7389,295049,549126
9981,7907,-10090,24222,7055,327533,392275
5352,5407,708926,27241,6944,434530,1251789
9444,7741,2869,31612,8907,359813,438849
4593,5370,127016,63519,9222,304962,553053
8500,6630,-29041,25018,6982,338816,375979
6648,5630,26643,45592,6704,488520,595645
4277,6093,5585,32704,9574,304727,378590
5889,5944,61714,63222,6556,317802,512701
8871,6111,139694,25740,7019,324192,528905
5185,5778,1859,52278,6333,512008,635663
6851,6186,6135,64833,6426,464288,570385
5519,5981,33004,27260,6574,315882,410942
4574,5852,159540,32592,9223,283401,531516
8444,7111,-22073,62260,6666,313849,396960
5445,5703,10389,131778,6092,385294,595145
7019,6259,3628,62130,6203,282611,384572
5019,5796,76052,26778,7241,307519,443535
5407,5593,253273,25944,7204,501130,858365
6315,5833,9717,25944,6981,396633,469961
5333,5648,-1007,23055,6778,257395,348442
7444,6278,66343,24759,7185,356951,486423
4388,5723,-45196,26926,7722,389916,410349
4574,5907,-9530,40278,6740,274936,358683
7648,6186,2912,23685,7149,258678,323017
6630,6018,11282,34611,9611,363568,447850
4666,5667,123613,61907,6686,280995,500923
4518,5537,10779,25463,7574,369589,475812
17167,5185,-16593,32074,8963,254869,317832
4278,5592,11461,23982,7018,248686,316461
6519,6037,152626,27351,7815,395167,630200
6444,6037,9180,25167,7018,374281,448868
10278,7722,1771,47482,7388,406134,496516
5129,5982,510,61685,7241,348172,471849
9111,7389,49972,28278,7259,313933,431813
4352,6037,-40271,23797,7463,298009,319350
10037,7722,1259302,26926,7407,388318,1739434
6574,6278,-19088,23593,7407,284512,324943
4833,5574,21318,26241,7018,362402,466312
7166,6204,221279,88185,8538,424382,771773
5741,6129,-15740,23944,6482,361201,426016
42407,4685,6332,31167,9111,403591,513052
5333,5629,15386,26667,7722,280409,356960
5926,5796,94070,23740,6852,310409,462719
5462,5834,-10469,25667,7074,295837,351479
10555,8000,5845,52148,6074,407856,504738
5629,5630,1324,63852,6759,281618,386923
9519,7333,554897,53796,7445,355578,1019716
7185,6166,147452,25796,6852,345156,555904
4981,5871,-10125,51926,6834,522250,601200
10259,7722,8449,23944,7037,300939,375887
6444,5389,28503,21907,7093,277051,396776
6963,5944,214890,33574,9556,373236,663589
5166,5519,21610,64593,6722,326128,442831
5759,5518,887,23797,6500,299370,360831
4926,5204,8182,26796,7685,326742,398850
10037,7574,62014,32296,8667,273373,409868
4963,5704,-1488,61574,6667,376263,528238
5555,5278,8178,26333,7352,409042,506182
5111,5148,3324,62741,13611,281026,390350
10778,7870,29008,28907,7667,368915,491219
9333,6444,136284,24148,7815,365620,569404
9240,7519,-8069,51314,6315,397400,483330
5074,5833,7170,22963,7704,253902,321072
9759,7593,32298,22759,7222,349070,445386
6425,6186,188204,24833,7111,412385,661755
4722,5944,-10501,23259,7426,337555,387349
4500,5759,10294,138629,6074,305130,521571
7445,6648,4699,33797,9518,365576,444701
4630,5518,80050,24278,7000,256318,393257
5722,5815,-17914,33703,9537,287431,358443
15499,5074,-15989,47870,6278,353783,455238
5759,5963,4730,64278,14241,317285,430497
4944,5778,50859,28370,7574,322546,473275
6629,6926,-49439,23148,7093,302141,324609
4592,5574,661393,25833,7260,315230,1045419
5925,6204,5632,24334,7370,275347,341757
5630,5537,30927,24148,7444,392793,510275
9796,6740,202371,24481,6056,307089,575404
5370,5574,-353,22648,7019,298907,359331
9111,7685,3256,52797,6759,489889,607330
8629,7296,13014,24630,7407,302077,380331
5482,6000,218512,43000,6500,350780,672237
4926,5203,10641,34444,9667,340616,443145
6722,6240,8232,51167,6277,402377,497923
5259,6074,542082,64648,6370,292487,936328
5981,6000,53118,33352,8944,310658,454442
7148,6222,105505,24037,7370,310326,480275
5222,5204,-11163,50759,6092,424827,532589
7000,6019,7854,24000,7259,409495,505312
10908,7759,17686,64907,6908,276145,421535
6722,5703,164055,61944,6649,289738,553626
4833,5000,-14854,24907,7056,321037,382664
6203,5611,5108,62148,6630,405834,507608
4240,4833,-338,24407,6963,342337,402534
9221,7352,144327,65018,6593,278893,530996
7167,6407,-38360,34852,10074,302340,341665
4574,5000,8305,23315,7000,276470,345331
9611,7093,497248,74685,8389,346635,978643
7167,6055,57376,23815,6722,286770,404572
5703,6334,146115,27074,7741,337437,546571
5167,5703,-11015,32055,8482,284032,342721
5370,5722,-14813,26518,7074,299497,365331
6518,5741,377685,23352,7296,318996,758347
5518,5723,242220,22667,7130,517959,817458
5222,5186,-13948,31519,8722,342112,417239
6277,5648,6589,60111,5926,339353,465904
5870,5889,3401,63630,6944,272060,409164
6259,5593,613400,27240,7556,453908,1129882
4982,5203,-14823,31629,8741,291729,347239
5445,5574,767,53333,6500,391693,483960
9889,7722,487673,22185,7278,295396,865698
6351,5871,62690,24889,6908,341436,465441
5204,5000,145448,24741,6815,359011,585793
5944,5537,-4016,22870,6389,285737,343294
6777,5778,361278,32871,8963,275273,707088
4389,5074,24926,63499,6945,275332,398220
10463,7481,134110,25851,7000,271741,473053
4667,4741,414329,25204,7148,392758,881569
6741,5962,8607,23500,7407,498002,566497
5129,5222,-617,32315,8685,287504,356498
9352,6981,509011,38852,6925,431669,1022438
4130,5092,665602,55981,8352,371744,1130068
4222,5278,2193,53648,6389,403156,495793
9222,7093,1951,62722,4907,304973,409313
4148,5166,44727,28111,7223,345381,472312
6778,6055,129188,23815,7797,266086,489571
5629,5593,-2980,32426,7833,516995,585404
9611,7704,9926,22889,6500,276590,351850
6610,6204,10221,32445,8759,322740,402275
4574,4815,239997,41056,7055,516554,829569
4222,5167,-14597,32833,8500,1239404,1297770
10333,7204,98587,23852,7500,326502,492719
4333,5278,768492,64241,6537,298538,1167659
8907,7260,-13601,65574,6259,303636,396905
4500,4926,-35936,23481,7852,307156,347609
7222,6018,1137655,51667,7815,396743,1625509
6426,6278,1098,23704,6963,288807,348683
4593,4888,32431,25722,6981,292698,386350
10129,7260,155947,34037,9759,282439,549867
6537,5759,-8720,46629,6500,531792,606812
9018,7130,6685,25518,6000,287017,360201
5333,4981,18684,23741,7518,312573,425423
6518,5907,123145,24260,6888,304075,488793
9592,7629,-12504,24389,6889,347687,402053
6426,6351,6124,28556,5796,302615,376479
8722,7222,12419,32740,9315,285839,371368
5185,5834,86472,25926,7389,349062,517590
6593,5833,-35084,23351,7519,318990,347998
9518,7704,2229,49907,5981,436324,528959
5870,5222,5283,22389,7019,254326,315794
4056,6240,59115,22389,7223,381437,501275
9537,7019,131761,29500,8685,305217,507034
4666,5371,-7240,32593,8296,449403,519867
4389,4592,6259,66611,7037,389053,496534
9389,7167,6183,23000,7018,297926,366239
6889,6296,209145,134963,6315,344610,727644
8870,7074,-27320,39000,6519,312855,383053
15370,4963,26161,49963,6240,466392,585367
5259,5907,1233,61352,6796,281691,411942
6851,5889,69676,25722,7093,308747,442923
9426,7407,138712,24759,7278,258341,462016
5685,5815,3544,27703,7111,428806,496609
8778,6796,-3662,32574,8908,289567,377202
6463,5685,34966,26297,7000,292679,388775
5592,5722,142465,25167,7148,403124,618829
6093,5592,-20795,23277,7149,317553,359443
6870,5389,507610,30945,8981,317718,912458
6093,5611,364220,24166,7111,326276,774051
9981,8315,219589,54129,8704,491573,843125
5925,5649,694828,35055,7407,369740,1156160
9444,7593,4271,27555,7574,393856,491460
6222,6185,3158,31148,8889,279858,351609
5111,5519,25045,24797,7352,365525,453701
9148,7500,-24437,23778,7000,295824,337665
5352,5926,4561,31519,7852,504972,575941
4759,4944,857,22907,6870,317420,374090
6093,6148,43910,22982,6852,343975,445775
4111,4722,125983,32481,8741,285996,480867
9648,7444,2871,23814,6797,1071122,1177733
6518,6241,11183,24593,6278,357906,433553
9852,7351,12146,30204,8925,307390,391238
5129,5130,181051,28278,21166,305983,567422
9425,7519,-17969,24667,7037,326189,393127
15741,4703,-17266,47667,7981,297524,377443
8722,6963,183566,32574,9074,397912,657033
5240,5130,85231,26407,7519,379136,525645
4648,5056,-44790,31648,8500,356436,398424
6722,5926,5172,45093,7130,503565,589849
4481,4778,6226,33685,9759,313568,394553
9444,7389,48577,26111,7333,313273,447053
6388,5834,254797,49611,7148,381995,725088
5093,5037,-14112,50908,6518,435627,539164
6111,5648,6813,24167,6963,383296,449387
4370,4815,27348,32963,8741,286890,384386
9444,7519,-579,23056,7185,436150,537904
6185,5482,626827,32944,9667,283075,980513
4537,5000,12437,26777,7815,379024,456349
9425,7352,9621,34148,9667,315228,421201
6129,5908,85304,24852,7204,360989,507442
4907,5074,-31493,31722,8667,297843,351220
6111,5555,7950,31167,8296,373215,450849
4537,4833,565171,24111,7259,440157,1090142
9481,7537,50002,31019,8426,279051,401053
4611,5519,642519,104463,7778,609732,1394548
10481,8019,-21945,25037,6963,298110,346183
7500,6537,12516,65056,6722,448332,598607
6593,5981,160737,24648,7408,363815,587589
5611,5722,152495,27593,7685,281150,530571
5888,5500,-11802,61833,6500,330893,417293
5111,5463,1048,31185,6093,276709,362591
6111,5518,-713,25186,7148,356766,416461
5463,5981,69638,26703,6797,368360,517867
6259,5685,-24642,25167,7111,370325,408812
5167,5925,8172,23667,9518,495974,599348
6185,5537,4374,33426,11445,312124,390202
4889,5444,43076,62963,6722,282033,420423
6000,6796,138797,25296,7149,299959,502997
9888,7871,-5001,32537,8740,307110,380905
5667,5907,4090,22926,13000,279075,365313
6796,5981,9607,31630,9296,341243,425275
9203,7186,149494,28019,7666,318244,536145
5574,5370,-2636,23463,6833,313116,370831
4852,5148,3807,22426,7092,279081,342517
9370,7018,-3509,32777,8926,361174,469275
6593,5944,97155,63167,6945,284212,484405
9221,8186,148320,24982,7518,299658,513367
4388,5111,465579,28222,7648,295676,841532
6074,5574,2817,25389,7500,296403,360257
4741,4926,313575,25870,7241,435420,845884
5944,5555,218741,68334,6907,384014,734273
6759,5723,-11113,66611,6074,301907,394591
4704,5055,2072,36296,8667,274852,349832
10018,7037,13477,61741,6815,276446,392534
4870,4649,137234,33352,8908,322169,527812
4426,4889,168752,24444,7334,510966,740348
5870,6074,6306,58000,7278,1058817,1160123
10055,7593,7860,62259,6630,287971,398775
4278,4796,1647321,23926,6982,300889,2039340
6759,5852,-20495,27259,7704,294733,340720
4129,4815,8689,23241,6333,472086,535423
6444,6667,547484,33222,8722,286993,908291
4389,4740,53594,26685,6871,302385,449645
7203,5982,200629,23278,8055,257405,518071
5315,6129,-15168,22685,6370,301056,362276
50259,4352,417071,35148,9204,286350,820884
4704,5222,19366,27111,7407,293299,373794
5204,5889,143067,31112,8500,277318,487386
4500,4851,-26174,66093,6796,398283,474367
10833,8074,6583,42722,8445,383877,515811
7166,5926,5582,25889,7796,329749,401905
9185,7278,53655,31889,8611,288158,414776
4185,4759,-9921,61667,6611,340993,459683
6500,5833,8948,24037,6778,410920,480349
4056,4685,9891,23148,7093,334440,405554
10130,7481,42649,22185,7000,290183,395517
4092,4648,140926,32129,8593,284979,493071
9093,7222,-15984,51260,6666,441907,552349
6537,5926,14719,45926,8259,521648,619960
6722,5926,22866,25833,7018,307429,392646
4981,5315,200160,24370,10852,291244,571830
6241,6055,-13156,25556,7018,343303,394035
5685,5611,5361,75796,6093,471506,620311
6166,5760,248,62130,6888,938524,1041920
4648,5278,204043,86204,6111,458026,815884
6092,5741,153,23703,7556,336456,399034
5962,5686,1558,52000,6074,397254,501626
5999,5686,4594,22018,7649,306811,369238
5148,4907,284000,22500,7352,330829,673459
5741,6130,145073,24425,7278,256721,497442
6630,5907,-15280,44851,5815,526462,594608
9703,8000,139533,61334,6666,310835,553830
5777,6222,26810,25685,6944,342429,435145
8981,7593,242289,23556,6759,424577,744533
6648,6093,-18879,56722,8556,309987,388739
5352,5759,3750,50629,6482,1165539,1289233
6185,5741,2433,62611,6741,301805,406572
9425,7426,75265,24389,7815,277640,418293
5426,5796,-13477,23759,7075,436918,489479
6166,5722,1244,57167,7148,436698,567200
6777,6204,6057,66129,6556,402829,512941
4759,5352,55777,26519,7759,319201,440275
9574,7500,152387,24815,7204,274739,495775
8852,8000,7108,25037,6889,467129,540034
5963,5815,5495,65778,6611,413965,523701
9185,7074,9309,24852,6945,256318,364720
7074,6074,173455,22593,8019,296559,551904
6777,6222,13955,25611,7463,390821,490904
5573,5778,4860,28352,6370,297435,384053
6425,6093,173,23649,7240,365213,449923
5611,5852,155727,67222,6815,389102,651274
7019,6185,-14570,34648,9704,332401,413979
7111,5740,-1460,42815,6537,480957,558682
5722,5519,-592,33944,9223,283589,353498
5315,5500,25833,28018,7667,325535,414424
5185,5315,241831,50722,7130,402312,762532
6833,5981,-14188,49444,6297,426945,497404
5019,5129,6458,24037,7408,387724,477109
5741,5629,22087,24685,7500,339226,421961
4592,5148,129215,23648,7611,324375,530552
6351,5834,-4972,71148,7241,373673,478886
4648,5500,3045,60574,6444,463489,559422
5129,5186,4617,65926,6518,278066,381127
4870,5148,100820,29166,7667,252419,450126
6407,5833,-31737,61944,6834,295754,363738
5333,5722,450743,25574,7241,445288,971068
6074,5611,1094,22666,7111,260017,318758
5092,5704,47036,25166,7297,265943,372220
5537,5926,342813,24407,6945,298627,719644
6370,5834,-5245,24167,7222,350094,409127
4962,5649,3087,24518,7334,258003,319757
4963,5666,30123,21833,6797,288504,373072
5444,6074,161714,22741,7296,286154,539885
6647,5815,-24843,33797,9426,325229,376831
10629,8000,11156,23241,7129,508749,585219
5536,5704,-1383,63056,6778,277899,373664
6111,6463,70153,36352,9814,278160,425683
10129,8055,-33015,32259,8871,289458,351183
6685,5796,2724,53833,6019,433476,527774
9926,7611,497556,24185,6556,285383,849255
6333,5759,37999,61852,6648,282165,452756
6463,5778,-48762,23778,7129,298760,313869
9277,7519,-9004,32463,8963,333168,402090
5796,5722,-969,23259,13093,404892,471941
8778,7463,3159,31296,8315,360246,436257
7926,6759,121214,64130,6722,283672,507590
5129,5278,-13399,34556,9667,396433,468423
15666,4926,-18233,34648,5018,292010,369128
5963,5481,-2901,33351,9408,283326,354091
9999,7778,71689,61982,6574,320845,494885
6870,5815,156466,25778,7092,319402,573108
6259,5852,5261,21981,6778,436033,499442
6129,5963,3963,30833,10334,285979,359405
6425,5889,45943,23704,7870,312888,418905
4851,6111,210682,30260,17444,304000,591626
5648,5741,-20949,22351,7241,300429,341535
10500,7685,2809,24592,6260,285096,356257
5259,5851,17826,26260,7611,256950,338035
10204,6925,247195,47760,6462,420764,796125
5925,5667,6378,23056,6574,420785,487330
5481,5296,11211,52000,8814,404546,529534
5481,5648,98,25130,7796,316548,377461
4852,5500,55800,31481,8463,314605,437720
4907,5685,-38775,38648,6444,288922,324961
5870,6482,7334,31000,7629,429126,523312
6999,6222,1518,24519,7444,257666,323109
9759,7389,23016,30704,9056,281092,379535
8019,6870,122645,62629,6685,277075,502979
9315,7759,34717,32815,8704,320095,451627
51574,4852,1975,22778,8056,275615,385554
9241,7055,13455,31667,8574,386450,473812
5092,5759,228973,48648,6611,406153,744218
9722,7648,9174,32593,8796,395082,517867
7222,5852,21766,23481,6315,375065,483034
9388,7334,579,32611,8703,287253,361923
4889,5185,69818,27815,7778,337920,491590
11796,7722,130965,32148,8593,285662,494867
7389,6556,377296,26556,7111,351921,814514
7000,5852,-964,64408,6666,290592,408239
6166,5537,36331,25537,7222,265427,362961
6036,6241,324181,30852,8259,1234680,1648749
9870,7852,147939,36555,6537,305206,534348
5777,5482,8826,31519,8222,260727,339035
8722,6834,19140,25870,8019,259950,364480
6907,5814,202732,26685,8018,513431,781754
9277,7278,-21808,23649,6944,408249,506071
7537,6055,15617,34167,9167,427232,515701
5111,5519,-644,26019,7296,301956,395609
6648,5704,120521,23796,7667,261735,445034
9945,7629,-33498,24889,7315,301922,336147
5314,5556,-2315,23426,6444,279184,337979
8944,7259,515813,32723,9444,292515,886013
5815,5444,46386,24241,7870,312445,417497
5593,6185,-49004,22500,6555,301021,326424
6704,5814,1204050,35833,8741,282016,1564139
9389,7555,173660,24166,6889,467133,707477
5204,5833,8899,69926,7685,286099,403479
9166,7445,171434,25259,6593,274581,513423
5000,5574,-18567,32407,7130,314157,380460
16037,4889,-20217,28500,7389,513621,567330
4518,5018,671,32574,8871,287197,356701
9259,7093,72780,26871,6963,292791,431442
6666,5963,-37443,25667,7333,298423,341183
6833,6037,403685,25315,7667,298551,766885
5944,6186,6035,67463,5370,284333,394016
4852,5185,53941,24871,7314,310705,421998
5148,5667,-44709,22778,7259,300559,332554
6759,5889,-21580,51685,6167,488707,556849
9981,7722,1557085,37667,7703,448885,2085173
5982,5648,19991,23037,7611,351618,454072
6555,5870,126842,24259,7574,323119,510515
5426,5315,-13049,25259,7241,382380,450849
47166,4648,-3772,51833,5908,462769,584497
5240,5778,6744,62889,6630,289179,412423
6463,5592,59003,23722,7407,924159,1045716
9777,7537,612075,28222,7408,721435,1421121
5982,5907,3555,34222,9370,493516,571867
10592,7796,-909,26518,6686,307814,393627
5870,5630,52255,23926,7630,286983,402201
8963,6944,231995,55278,6741,410390,736403
5629,6407,-18006,71074,5315,289004,379497
9333,7407,4807,61111,6648,444949,550719
5963,5722,475731,28037,6463,407375,953939
4981,5889,194452,35389,7704,447821,746699
7148,6166,-6975,32574,9667,1259504,1329047
4814,5722,-1199,45704,5093,516177,591829
5926,6241,3225,24630,6833,260921,323795
4611,5759,175613,29982,8130,297087,539479
5685,5778,-6796,23148,6982,399219,465312
6203,5593,70906,24426,7000,423831,608996
5388,5815,3183,25333,7463,423259,516589
4907,5185,38107,25723,6703,296021,427257
6555,5556,257068,34667,9648,399335,780588
5574,5666,-3895,24851,7130,423338,481367
4778,5888,4492,68685,6945,472820,579960
4407,5648,23083,24018,7482,379674,475089
6759,5926,225914,46074,6741,400211,748458
6148,6333,-14272,35000,9426,459991,556385
6074,5611,-18829,36111,4407,418716,471645
4833,5648,4225,32408,8944,304440,376164
6093,6037,53464,66611,6945,283255,442238
10111,7611,-29130,32574,8593,292646,340998
5388,5815,3369,24130,7203,532739,596533
9537,7352,738,30667,9851,280649,353776
4777,5833,43422,28741,7629,310873,419367
9148,8204,137938,23334,7722,342577,546756
6277,5574,-20248,47685,5908,426412,491608
4481,5519,-638,22685,7092,257841,312554
5722,6055,9509,25222,6981,298453,370497
9666,7648,144544,23130,7629,315102,524719
4222,5685,777450,64056,6648,296914,1189290
6888,6093,22744,32297,7796,440752,533348
6500,6259,2984,27630,7389,258885,329554
9444,6908,70945,32185,8667,278923,443720
6518,5741,-49723,25500,7000,356980,389368
5833,5629,3276,32871,8740,465277,541367
9611,7370,471534,30000,8388,291110,837124
4908,5796,42865,25686,7518,378447,518016
6167,5685,256438,22741,6833,405039,733126
5851,5463,11419,31370,8667,395820,479553
9740,7463,-546,24204,6333,473302,571385
5908,5537,996841,32426,8666,292448,1364140
8777,7259,139507,24092,6982,289935,512460
6277,5611,768376,39963,7074,294840,1141363
6740,6204,422207,24185,6834,355751,842958
9463,7574,2187,31037,8407,320052,414868
6370,5556,212593,27907,7852,295718,590719
5981,5556,-12223,61704,6592,329591,464608
6482,6074,471757,50463,5777,376108,935198
6129,5815,6774,61241,4851,289372,392256
5481,5796,51569,25889,7389,265707,378090
5296,5852,131031,23277,7204,259930,481979
7092,6056,-21119,51944,6408,461986,530663
5222,5778,3046,23352,7388,421155,482164
4536,5519,22822,24667,7389,322194,442423
6277,5852,97876,23149,7833,315195,472626
5296,6463,-14940,24481,7241,355530,419127
6185,5574,6522,46278,8481,387772,478627
5185,5574,835,62130,6722,278940,395090
6019,5518,268667,26630,7666,298182,630886
5408,5851,-24945,24389,7203,300611,354850
5870,5611,-3873,33538,9240,491740,557997
5056,5777,5681,25704,7741,399575,493608
4945,5666,37143,24352,7370,314652,444479
6463,6389,132067,32889,9722,276948,480145
5722,5556,-20045,28370,7370,331896,394980
6037,5611,-213,67333,6741,376544,516368
5722,5426,17785,33611,9648,286213,377220
10259,7314,232303,25092,7463,297158,614329
6684,5704,-1921,27463,7481,350512,417367
9147,7537,10596,29574,8963,405920,526033
6093,5555,414354,24611,7333,307605,786236
9204,7592,61519,23463,6963,307423,431887
6111,6500,-21594,41463,7222,284555,359683
6314,5611,7571,33186,7833,414056,494052
5851,6148,2607,26741,7481,920721,1021364
6611,5797,42179,25482,7148,370651,478275
9444,7203,153030,25167,7037,966019,1183863
6148,6185,-17898,44704,5834,279895,360646
15185,4908,-24529,24722,6500,398730,459127
5593,5444,517877,90352,7019,286747,949698
9407,7889,119821,23981,7037,269307,453664
5500,5648,-12274,66093,6685,297512,389220
9055,7315,-3627,36871,9703,493735,606089
6630,5833,6242,34278,9278,322978,401998
5259,6018,70204,26574,7315,333479,469275
9759,7612,-49780,25556,7278,312907,331535
5074,5704,2108,32092,8797,464222,568626
6537,5556,-3486,24981,7278,390743,452090
9371,7148,17457,26426,7370,315263,399091
5389,5370,584586,24055,8074,397168,1067827
5019,5296,-16805,43556,6000,279136,358721
47703,4815,-2621,24556,6055,419545,519979
9945,7296,3692,63389,6833,356435,465794
6296,6297,125709,23685,6759,262585,447275
4852,5555,-15199,33277,9241,330198,405164
6759,6185,7391,44537,6537,488772,577422
5852,6314,5020,34296,9871,282663,394775
6074,5777,57482,27777,9371,253757,377998
5296,5797,-35910,32167,8593,301129,335276
5018,5704,-10300,24186,7222,293112,342850
5463,5926,3903,35222,7870,285892,380683
6370,5870,30087,64074,6666,321911,451682
4352,5925,657122,24278,6463,300169,1017049
5018,5648,-13212,33352,8092,288063,345628
4667,5870,-3010,25129,6223,326860,384313
4926,5389,7673,27685,7537,266158,334665
4425,5982,185413,25018,5778,290158,552922
6870,6074,-5551,23500,7370,413475,470294
4926,5722,337003,25870,7055,1029157,1425084
4870,5463,1946,22981,7037,309534,389035
6536,5926,69592,34334,8889,281387,426293
10851,7759,380221,25500,7333,308979,758810
5129,5815,-522,23222,7000,512408,603941
6185,5629,968810,30667,8796,484904,1541861
5778,5555,420068,26796,7593,331131,817847
10037,8611,188900,34759,8648,256839,558368
6240,5685,-1546,27167,7074,294637,360053
6481,5611,-214,24796,7315,406119,471293
9334,7333,1414,25666,7667,305936,392646
6222,5797,258931,22870,7278,343269,667756
9870,8018,-7829,64222,7000,324086,456515
5574,5370,417651,34870,9259,418104,923550
6315,5518,5964,22389,7370,334571,399387
5389,5963,66147,31315,8482,281387,416572
9796,8815,140665,62926,7296,283055,563182
6129,5500,6459,25963,6186,422834,516385
5371,5611,-246,62759,6648,284651,399183
6370,5445,44623,29778,7685,297245,407350
5537,6037,113492,23889,7296,317857,492960
10463,7814,12047,22555,7148,415118,519867
5333,5852,-3493,25537,14019,297731,380960
6500,5704,3487,23778,7056,288473,352220
5259,5796,221246,32204,9111,420306,725681
6000,5629,-18070,26426,7389,436530,496479
8963,7259,9798,41389,9759,407607,503238
6056,6277,1186,64204,7018,372182,474683
6056,6055,56092,25574,7426,340906,483775
9907,7389,146590,32852,8648,326388,566256
6630,6462,-20503,51389,6315,467389,536812
5981,5389,-987,25945,7667,423909,504756
6259,5611,32957,25722,7166,405004,498442
5351,5463,126122,29000,7222,289135,479108
5278,5870,6954,71944,8093,293136,409905
5333,6000,4174,47167,8407,296805,387609
4630,5555,12784,27445,7259,321492,396257
4574,5611,193930,24982,7241,502694,789347
6556,6055,-13904,25334,7185,374864,425276
4648,5777,8910,45981,7111,1148306,1239400
9778,8092,1816,24629,7500,262202,329313
5222,5629,586555,46870,6963,408180,1114789
6407,5777,637368,24019,7370,276460,976475
5333,7148,-4930,33018,8908,443982,513015
10370,7648,3217,27667,7352,419336,491868
9630,8203,22771,30778,8482,303930,435609
8462,5815,176511,62388,6519,283653,562941
5611,6352,-11658,28352,7297,462951,517571
5777,5871,-11,25444,7593,457452,555811
6518,5667,-2717,25649,7796,441676,537348
5685,5500,231800,23649,5537,443102,733032
4778,4778,-22868,39223,6592,296828,348776
5389,5815,3483,50722,7259,402718,526941
6352,5778,7111,62148,6537,422238,526053
4352,4778,70962,29166,7852,282054,450016
6352,5778,-27762,39056,6500,287611,337073
4685,5666,153607,33574,8649,342945,584719
6148,5537,4087,26444,7352,259782,329350
9944,7037,32067,24741,7167,454003,551459
4611,5297,157713,26278,7408,259061,476924
5482,5222,-18195,23037,7129,507433,547201
4518,5630,4359,50593,6462,447768,539534
9814,7426,4636,24389,7592,361584,449978
6889,6074,132652,23537,7260,259345,452201
4834,5111,5854,33389,8982,391865,506664
6352,5852,1908,47538,6481,411959,496367
4259,4852,-203,61833,7241,281460,380461
9981,7574,37702,28093,7426,319129,445497
6333,5889,-27243,24407,7334,389130,424516
4185,4630,32,52500,6482,480649,575848
6444,5685,3513,64685,7686,434817,539960
4130,4722,48882,34055,9260,286282,406313
9870,7222,233269,50537,7352,490189,821365
6073,6278,-10547,55945,8000,412766,538219
9574,7722,1026,52963,7111,406434,530219
8537,6556,2672,24630,7944,343196,436961
9889,7815,121707,31093,8741,300993,500164
5278,4981,7948,28925,7686,373717,502905
10148,8444,6594,31648,8519,508569,592126
6611,6296,2833,31444,8482,345646,444608
9759,7574,1231016,25278,7630,344788,1645360
5536,5667,-23503,33556,9074,415722,489386
5888,5630,-1338,45648,7019,501983,581830
5444,6093,3457,34889,8129,285837,360831
4963,5000,25215,24833,7704,331061,415016
4889,5592,131751,27277,7871,261876,459034
8648,7777,-17084,31889,8759,335379,393664
6389,5592,-159,24518,6167,489434,550015
9407,7834,2246,24296,6852,353825,421127
4796,5000,136671,32185,8500,289642,501164
9018,7574,122725,23981,7333,345921,552533
8499,7222,5354,31074,8574,466218,545978
10314,7704,-1019,32704,9111,342831,438979
6481,5666,58128,24371,7407,362203,484682
9611,7871,-42800,24241,7481,301131,325424
5055,5630,-7838,50463,6907,516149,592755
6759,6407,1364,25056,7222,258338,320813
4740,5593,32529,26815,7130,375005,484034
7352,6370,132473,22740,7260,279469,472571
4999,5000,-19954,25444,7093,308193,366386
6425,5704,303,31630,8870,258880,327942
6500,6407,-2161,24389,7518,287641,380054
6203,5574,168708,33537,8870,284660,523108
5611,6018,4318,22592,6834,413902,492516
14944,4556,-23129,23241,7278,288849,334906
4833,5111,574,32481,8852,351220,419645
4481,4834,71701,62574,6982,278573,464608
6222,5703,140293,25074,7093,258352,458238
5944,5834,-1005,44407,6815,415354,493331
4666,4889,5623,25241,7574,269245,334368
4852,5037,40344,22130,7204,269913,400831
7241,6111,577509,22537,7204,336374,973680
6203,6000,-14714,39444,6797,283045,361164
14500,4556,-18883,23241,7204,389398,437072
5852,5166,7116,31926,9111,284049,394627
6963,5981,210486,46314,8019,483344,781014
10037,8148,-1072,23685,7482,393513,483719
6536,5667,8186,83982,6018,340497,471719
9092,7334,-2223,64000,7093,373035,489682
6925,6074,68109,24630,7352,290351,419293
5685,5278,590367,34129,10037,285128,950069
10555,7685,-5246,44445,6648,531279,612903
5444,5296,-1358,25556,6703,385523,470905
11351,7593,23566,27556,7685,301413,430590
6722,5722,516584,32740,8408,327078,916773
6684,5963,-20195,24166,7148,317324,375423
14740,4593,-22901,23852,14166,315436,368220
5685,5759,10043,26777,7630,311271,387183
9537,7537,102096,22945,7240,260958,425609
5370,5963,-21590,25981,7870,323922,367090
5166,5519,-481,51241,6925,385201,485015
7018,5870,-4908,24167,7056,335720,391701
5444,5722,68739,23444,6537,263315,410053
6185,5759,182867,22741,6889,464333,710700
9388,8111,-1949,50870,6222,479002,580292
6667,5833,2864,64185,6981,281190,386535
5944,6667,40121,25871,7259,358524,474997
7259,5686,-30454,23518,7037,328508,361332
5370,5981,-17474,38574,6963,281954,341720
10185,7759,147525,23296,6574,326362,556793
6296,5630,3690,33055,8815,285179,359905
5833,5797,208799,61352,7278,453418,760181
10185,7555,2558,22815,7888,351922,420886
6056,5888,6945,63926,8222,444904,566201
6685,5722,-963,61963,6685,387665,513201
5870,5871,599904,35667,10556,429329,1111401
10425,7741,147459,25760,7037,483944,742625
8277,6686,-12820,24425,6278,494317,547237
10166,7500,466067,45278,6815,410316,966012
6425,5722,31900,32500,8889,284913,389256
10111,7555,158398,24944,7463,259341,483460
5167,5574,-17141,61407,7278,398323,517053
7222,5981,803,46092,8111,506232,591718
4444,5704,4690,31463,8333,343845,437349
6111,5518,164225,24093,20426,290994,530645
4555,5778,-20757,24000,7314,309941,350405
10148,8389,-6648,33204,9241,516829,623274
6314,5908,1017,63926,7222,391962,498812
9241,7333,57812,32908,8574,285500,417164
4667,5555,141441,24296,7611,353149,574497
6259,5778,-5727,23462,7186,433521,515294
8888,7315,660,23148,7389,261375,358831
6722,5908,13658,28445,8092,354858,434720
4370,4926,113471,62574,6630,315433,546385
7852,5889,26267,27259,7278,408841,502109
4407,4722,3284,65759,7037,403250,506293
4389,4778,13745,23926,7370,257568,362813
7592,5815,208558,87852,5926,379901,716940
9871,8296,-26980,22537,6907,359885,419646
6388,5519,10037,43630,6278,484163,585663
5685,5518,3036,61056,6888,311981,410386
4815,4851,77849,34852,9408,424573,629367
8444,6704,-29763,26092,7297,420761,471535
6592,5982,745586,24871,7481,284426,1096993
8611,6889,5586,34981,8815,257246,340776
9796,7593,30380,26167,7555,265951,364313
6629,6167,241175,32500,9056,503172,816217
8704,6888,-16307,29389,6222,383601,449442
42778,4907,-809,24574,7611,439936,539497
5407,5686,178893,22907,6741,443973,718107
6278,5537,174854,33037,8834,257087,501719
4426,5055,-18165,22611,7259,311960,352868
7222,6500,2963,50944,6593,412719,519145
6796,5908,1035,22704,6852,336184,396239
5666,5871,54497,24518,7204,261723,395960
6111,5463,-38431,24834,7037,299910,338664
5777,5593,-14543,23963,6074,293745,339146
6092,6278,-1581,63555,6889,284728,399942
6241,5518,28695,28223,7185,252321,344665
5574,5537,188916,34907,8741,255618,549089
6241,5815,-15827,26389,7019,406861,456831
4888,5296,-1383,24500,5945,504546,594848
6333,5611,-2570,24778,7074,258420,315258
4796,4982,210762,32833,8555,409772,718866
6574,6315,-10054,24722,7463,364200,435775
6796,5796,4852,31093,9185,492145,566515
5074,5537,5610,25444,7778,294944,360017
5796,5852,68756,33852,8871,313519,472016
6592,6241,44847,63481,6834,364835,511237
4667,5463,-3025,31148,7538,418003,534516
6204,5666,-248,25500,6926,296858,358202
5888,6389,32306,30648,8630,279340,379201
4573,5000,120194,61703,6667,276026,489830
4518,4944,45970,26315,7148,382657,509145
15722,4889,-20142,25000,6129,276419,328887
10129,7889,901726,31889,8704,303600,1298751
6130,5611,126243,23722,7037,337106,526108
9426,7870,-29239,62018,6741,932382,1008994
6444,6445,2777,23945,7277,424794,492127
8259,7167,6961,31296,8593,288888,368665
5741,5370,205348,62315,6445,310740,615404
6018,5796,742588,24018,8019,425998,1243918
7277,5963,-9469,53426,6870,473170,555293
9370,7741,9011,23648,7278,420134,494127
5167,5500,219046,26315,7741,409838,716644
8870,7556,181619,36333,9297,283359,579441
6611,5889,27266,56333,6593,523119,645978
10222,7703,6765,75148,6574,451751,575348
5222,5111,5207,61796,6778,276791,376571
6778,6351,127910,27130,7759,254625,449627
9315,7759,-55203,28259,7686,333200,365091
6833,5889,9018,33574,9130,525515,606459
5963,6000,-2391,31870,8519,308981,394887
6574,5851,49256,25426,7334,340278,453645
9759,7871,-50820,31000,8870,293004,334776
6537,5759,-22821,32056,7685,286023,336183
8574,7259,-2211,26944,7871,256802,321461
6018,5463,37509,25241,6963,312822,446108
6722,5815,205749,24907,23389,468636,751848
4444,5111,-20641,32166,8148,325899,374368
4704,5130,-1292,22445,6611,298882,371683
6648,5815,3022,23370,7759,344106,407738
7296,6278,1669613,27018,7815,601281,2340356
10796,8297,97741,24074,7704,318941,486238
4962,5074,5166,51130,6407,390443,480719
9462,7574,-5965,62834,6926,285926,405053
6685,5870,53145,26278,7259,366890,483201
6667,6222,-42838,24111,7666,390059,424183
6018,5500,-11821,44296,7000,380171,451812
10111,7907,-3156,24537,8130,258024,321794
6945,5685,26268,26593,7296,310563,403220
10629,7574,181008,22426,7630,260545,505719
4926,5148,-17809,69000,6130,390213,505293
9500,7334,2467,61723,6740,449678,565756
7018,6130,545318,23889,7241,372972,981957
4370,4889,132557,25760,7555,268107,460516
4481,4704,-23666,22870,7537,440053,504515
10148,7722,-1038,50481,6167,391869,483719
4481,4815,403998,62481,11056,308146,825662
7555,5796,58885,26000,6982,260668,385386
10759,6963,462235,22686,7629,360723,906384
6926,6111,-9081,22685,6000,290301,342702
4592,4963,-693,35129,8426,287377,358868
9166,7259,26602,27426,7148,337340,432682
4740,4871,127470,23445,7407,289453,509200
6814,5982,-21698,25778,7093,343214,386646
4111,4796,3338,65797,6833,398770,503071
9167,7611,3466,33667,9074,343976,443701
6297,5722,223538,23334,6944,277829,563479
6833,6018,-26796,32834,10203,336257,400479
6777,5648,-353,49908,6926,473627,558496
5074,5240,-502,33185,8426,318408,437053
9296,7537,36533,23722,7111,325113,427479
9056,7648,134754,61888,6649,276835,513923
4778,5148,-5247,52574,6666,406634,516553
6407,5630,-2823,66000,6815,503375,604793
8518,7167,2094341,33130,8704,280644,2451096
5815,5833,133803,26019,7259,332194,549849
8500,7148,-16068,31148,8666,380011,439923
29944,5741,10468,21907,6185,446974,550979
6370,5814,3818,31019,8592,355032,430312
9444,7537,72446,27741,7926,290533,466182
6000,5685,4667,24019,7333,340886,408813
10074,8167,2424,51871,5944,401332,523164
6574,6000,5534,64815,25074,290389,418312
10518,8148,41922,25778,6888,343947,474923
7333,5945,-48413,32574,8852,295078,321887
9666,7611,353086,28296,7167,291281,715718
6407,6296,1576103,35851,9426,503830,2158487
9593,7611,20879,62740,6611,277508,435831
6629,5871,142674,31407,8519,336637,548812
6759,6240,-17272,51889,7760,346436,437627
46851,4648,-995,44166,6797,515603,636348
10462,7852,225,28204,7315,301291,371942
6722,5686,608945,23352,6593,291567,963180
9351,7334,5685,32518,10037,401368,486275
5296,5574,4795,23463,7556,276481,343054
6518,6185,-688,33259,9315,287112,357849
4314,6148,53885,23389,7185,272502,420016
7907,5889,339031,63092,7445,307427,753643
9499,7426,-17859,52074,6408,510522,585663
5407,5778,4565,35760,8537,275599,351683
5703,5741,24471,62556,6666,312990,435164
4684,6463,251563,50241,6129,439378,792199
7481,6482,-18550,61537,6463,315103,398127
5074,5889,2874,37778,8556,315919,397072
9741,7759,-6904,25055,7111,261347,320424
5722,5278,143668,28111,7685,294755,539997
7333,6315,-36241,32482,8944,311424,349554
4963,5222,1535,52889,5871,492331,578330
5314,5778,-2058,23796,6611,253612,343961
6981,5871,57773,63704,6889,314372,473868
4833,5296,143032,23111,6852,331780,566423
6852,6074,-13563,32741,9759,284339,345220
4537,4963,-2824,25685,7575,406894,464534
4740,5889,30879,26333,7593,268008,395368
6666,6037,254581,22593,8815,453173,768347
4907,5833,-16420,32407,7723,325807,379108
5018,5519,6004,56667,6666,505993,636089
6833,6129,3207,24055,7278,270051,333905
4111,5241,92149,30574,9204,346885,507201
10296,8055,449778,30444,8852,349032,875402
5093,5814,10573,45944,6852,403814,491812
4408,4870,2905,24648,7592,306909,389017
7277,6297,40329,25240,7352,363428,466219
4537,5000,-26154,23760,7166,367374,400405
5462,6241,-5989,52649,6092,448597,564070
6555,6259,-1360,66722,5259,404839,531348
9666,7296,27139,23463,7296,288656,379997
4704,4685,550766,62574,10334,350968,1058716
9148,7352,-24124,30500,7444,439566,503090
7092,5944,-1440,37315,4685,287753,362090
8667,7074,-4312,33685,9056,332920,404554
5407,5093,81668,65833,6797,282514,466090
9685,7537,-21204,33871,8740,290091,347146
6185,5556,-613,24685,7111,513221,575071
9444,7408,1979,32203,8760,324685,402035
5148,6130,51292,64426,6703,284947,437664
9741,7314,-25783,32426,8944,395781,445460
4796,6185,289382,47148,4944,303633,674662
5741,5166,446621,40611,6945,487743,1047938
7074,5963,14693,23797,7407,306360,383146
4889,4926,115637,27926,7833,360601,553830
6333,5796,-12476,29945,7111,345251,405071
9574,8000,-977,23389,5907,280457,380201
6315,5963,447,24741,7093,325106,388924
9259,7370,153854,35685,10092,255422,487756
4759,5037,-6222,63944,7260,370923,471627
4722,5037,9036,47389,7000,360684,508071
10185,7759,-5465,25740,7389,295797,359905
7962,6593,599848,24222,6463,363498,1054234
9630,8222,179994,63426,6833,290003,583274
5351,5889,-12285,24760,7037,296338,399275
56518,5981,12622,22870,6019,496857,632959
6203,5778,22157,34593,9314,343100,440719
9685,7167,169952,64851,6834,497618,774588
8889,6814,-21549,54481,7371,377510,452349
4963,5648,-3384,30555,6778,319475,401294
6889,5833,546206,31426,8611,339788,957920
4333,4777,100872,63852,6815,286644,503811
6722,5797,628889,25796,11555,309235,1007013
4647,5130,1110,46074,7241,407202,487478
5981,5333,4683,63278,4926,294389,414386
6648,5759,36682,23925,7445,410686,535960
10037,7018,128272,24371,7203,324985,517663
5759,5203,-6710,22944,6167,291375,398257
9759,7963,1278066,25314,6871,321221,1672138
6518,5796,505231,24611,5889,281413,852810
4833,5130,114229,22260,7259,317175,487238
6185,5666,-24605,69834,6000,317232,402960
4352,4778,-1718,52778,6796,410030,525386
9759,7518,6966,24371,7426,278698,387757
7167,6185,134409,24815,7129,300441,496905
4573,5204,471260,23796,7296,302940,868828
7018,6222,325407,24481,7167,431256,817532
4370,4797,-355,33315,9685,283612,355109
9074,7481,34033,25648,7111,259410,358775
6278,5444,145384,30351,8612,298984,513812
9593,7666,-3062,26278,7111,339116,405072
5111,5204,1084,25518,6963,261377,325906
10259,7130,694,24963,7166,306545,374016
5574,5019,189433,23759,6871,299619,547960
4944,5370,-19198,39075,5944,456602,512571
10519,7555,13153,65648,6500,403474,524886
4500,5222,633,24500,6777,260292,317146
4833,5278,116168,23148,7148,318070,491164
4166,4593,-43315,24667,7111,329924,347998
10592,8037,3832,50315,7148,426184,525515
4666,4871,120367,23186,6925,319667,498867
5259,5037,550403,51167,6167,492775,1126716
4666,5204,-28617,37574,6574,288449,332461
4334,4925,-747,23944,9111,279246,341943
9703,7945,1862,21592,7019,263340,362257
8036,6667,13157,25148,7130,340729,418182
4944,5148,123063,23648,7408,346156,530423
9055,7722,-14697,24852,6851,450084,501904
4685,5074,-2033,23278,5852,282512,355368
7019,6277,-7108,22630,7500,364902,418757
4315,4963,168316,65334,6648,462105,729626
9167,7407,534834,25963,6963,503623,1105494
4389,4814,7444,53129,6408,386906,478553
5814,5778,1498,22722,7185,300130,394701
7093,6185,533051,32834,8796,430220,1034476
4370,4963,135198,23371,7481,323762,550163
9278,8055,-15840,46297,6666,481337,554071
4741,5630,-453,37667,9388,286044,381091
9704,7555,18565,64574,6611,323896,449331
4574,5370,232285,49556,6204,810041,1183345
9722,7889,9506,32092,9111,307640,403109
4574,5093,801,44629,6297,291011,375517
5167,5259,1762577,24129,6667,407040,2233487
4703,4834,154020,66037,6778,489660,786125
10074,8018,-21500,35000,9778,292942,359553
4333,5000,-279,25055,7315,520609,621700
9444,8148,368,64759,6575,297407,413905
4389,5000,61774,24314,7278,388242,508849
4019,5185,-50820,28148,7722,298152,314961
4370,4926,139826,32482,8648,299356,564330
9814,7741,428029,24796,7111,421837,913939
4111,4908,582397,33982,6203,355745,1012976
4593,5092,263619,32889,9092,294841,633237
4944,5037,482154,25611,7204,322008,890291
9796,8092,37505,31278,8204,495751,607533
8259,7482,415410,25019,7333,300252,824477
8593,6925,66391,25871,7444,385199,515608
9222,7667,-22963,23334,5889,301368,343091
5537,5278,-2446,52130,6129,408295,495108
8888,7074,1387,63555,5278,297315,419627
6796,6297,501773,25352,7204,281055,845644
9222,7019,137735,32352,8685,336669,551423
10555,7852,-19321,39037,6259,310431,372683
5963,5759,480825,25593,7462,307800,852828
5297,5388,9472,32611,8686,328896,405461
5074,5518,194712,65074,6518,418304,709848
9055,7111,-901,24870,6871,342584,407868
5203,5537,-1051,27685,7908,431122,497608
9703,7797,-3516,32500,8519,335531,406757
4444,5000,85872,62574,6963,316292,500830
9037,7259,-40759,26074,7093,300442,331572
4204,4926,-2187,46797,7037,463850,543756
4315,4778,-2021,25185,6926,260908,316647
7555,6056,51533,32444,9834,290353,433516
9055,6334,138309,25815,7333,344095,551663
9370,7648,-16914,22574,6537,300394,348276
4333,5093,121,34167,8370,290173,362794
9703,7519,10583,65037,6982,283655,435386
7519,6074,120340,31926,8556,279619,474090
9555,7389,-41327,25203,6889,355510,382349
4796,5018,-1532,36296,7278,303178,374831
6630,5962,-7144,24277,7130,255162,342035
7055,6000,135150,27315,11000,282792,487497
10074,8315,-45389,33778,9037,456145,489682
4370,4852,6796,47129,6722,432276,519923
5926,5777,3035,31704,8685,307426,380072
4647,5037,1267644,24630,7056,263346,1591268
10241,8278,695698,42352,6444,283259,1066142
8519,7314,823845,22741,7259,351852,1260771
6999,6056,-434,25500,7870,420024,485052
5259,5481,29972,63518,6538,287303,434941
6222,5500,24581,25426,7797,351008,493275
9574,8260,-16309,33593,9166,309548,380313
5055,5519,-8292,25278,8056,281401,389239
9814,8019,-7737,24426,7185,366013,427331
4611,5074,90169,24907,7315,318736,490312
10074,8407,-25111,24556,6759,306516,359461
4592,5167,1462,40722,6037,411980,530830
9592,7778,-2373,22556,7407,265445,327924
4481,4907,41293,25296,7648,278780,379016
4259,5055,137995,21982,7166,293188,529682
9815,8407,-23432,24426,5944,303005,356758
7278,6518,-433,33759,8426,259932,335332
8685,7185,6157,26371,7870,270415,343628
6370,5944,569786,33055,8889,286821,927105
5166,5611,-22957,32612,9444,364788,415756
9852,7888,-291,26815,7240,497770,567478
4352,4814,-2626,33204,9185,287736,357109
4352,4944,174298,24056,6093,282958,517238
9778,8185,229852,27111,20278,436403,801699
8055,6704,-204,31796,7370,426591,527664
9852,7944,2720,26741,7315,301555,377127
5666,5945,42681,23167,7185,369816,526237
9704,9389,-25005,25333,7278,446761,499683
5704,5444,-14173,69426,6240,340579,439775
5981,5611,-2175,67167,6815,477856,621181
9407,7352,514490,36056,9463,436096,1071438
5907,5407,196341,66167,6333,526784,860050
8352,6796,-21420,26889,7222,384825,431905
5722,6019,-1218,53111,8352,412419,537886
7093,5999,1042430,34518,8648,337822,1456732
7852,6741,76965,30944,8685,346755,494257
6166,6074,-39333,42593,6778,310608,354257
4722,5593,6925,32352,8704,515516,589997
5055,5037,-2,25018,7093,289408,383553
8166,6648,336589,32296,8574,341833,753254
4629,4870,233717,72797,4870,324446,663440
6314,6019,366660,31648,8833,291114,745903
7000,6278,712917,25445,6870,297002,1072160
5037,5000,16565,28203,7723,294100,371609
5759,6167,197656,77018,6185,407359,715607
4204,4963,-19920,64297,6963,368824,449016
4241,4778,1782,23759,7889,276271,338554
6018,5611,-5052,32852,8963,288309,387368
7185,6185,101483,61222,6371,280977,480423
4407,4889,-12536,23703,7148,434516,518478
6592,6037,5555,52741,6833,392776,488867
6592,5871,1183,23259,7833,263130,324035
4611,5092,31682,25240,7241,259706,349831
5963,5796,136402,32222,9371,323058,529182
4592,5037,-15506,45481,7130,464170,562108
6888,6297,214,24704,6018,288840,352164
5074,5722,17602,22518,7093,327248,400627
4685,4926,188563,65204,6407,499414,821939
6351,5815,-21142,23760,7407,370195,411701
5148,5518,4024,66296,7852,390936,535182
10055,7871,-4219,23796,7574,363532,429701
10703,7908,696613,27703,7852,343825,1121900
6499,5797,-24018,22592,7074,309016,399849
9778,8055,651888,32278,8722,308755,1038939
6167,6092,-3280,25926,8204,299889,413813
9944,7982,33274,64333,6760,285501,460349
7185,6315,213328,79370,6315,447445,825162
7092,6148,395994,63981,6852,298410,798569
4944,5259,2492,26871,7166,430394,520997
6537,6185,22176,32740,9148,305489,398479
4925,4852,113397,24092,6852,374452,563700
6833,5796,439451,31722,8704,360877,873198
4685,4870,-3958,56685,6741,482807,568274
6185,6296,539133,27408,7555,423509,1030272
4574,4852,1926168,34370,9352,343688,2341764
5333,5926,-26592,24685,7241,356682,409238
7388,6111,349463,25925,7334,287663,704088
4111,4778,-2651,32074,8630,326648,390590
4277,4815,47867,25704,7537,288501,394016
6352,5963,-50968,23185,7000,305374,314628
4629,4926,-23284,31518,7574,288153,349220
6574,5852,-1249,26482,19481,312747,404368
6815,6130,6398,62333,6685,326007,431702
4963,5388,117971,24759,7741,343860,522867
5259,5056,-24123,26759,7444,309622,350146
4889,5111,820,24018,6445,493769,586219
6833,6444,2301892,25426,7926,530647,2900316
4926,4981,106780,32556,8870,286699,460072
4741,5092,-43869,24500,7111,438534,454516
4444,4982,3092,32444,9463,419609,493979
9908,7629,-1576,24241,7333,252482,315943
4722,4870,23811,63408,7092,324835,448534
9351,8797,232884,50148,7111,417019,745144
8889,7499,12272,25648,7019,442447,519293
4870,5537,-3822,63703,6482,285358,397905
7277,6704,19417,24444,7611,315119,399627
9981,8834,186378,23074,11648,285767,544719
4834,5185,-21920,26389,7463,314862,355461
4315,5037,-1014,26759,5797,483306,574626
7611,6703,41,62333,6519,279124,381016
10130,7185,69447,27185,7018,331403,509405
7425,5982,-10111,33741,9093,490681,574367
9759,7981,373388,26037,6908,286774,735403
5056,5740,2869,33037,10722,285092,360535
4667,5074,47533,23556,6944,338983,468516
10462,8037,-24282,25759,7537,338781,403405
6926,6092,-14580,23056,7407,289690,338961
11222,7815,-5156,33704,8759,288747,361665
6852,5963,14713,22963,7778,408025,546923
9240,7241,188786,27574,6407,314230,589311
6889,5759,-19030,22963,7555,310714,355591
9388,7926,-3846,55277,6130,500232,626107
6185,5630,800,63852,7111,295513,397276
6129,5685,114947,25722,7537,260514,436997
6926,5963,-3203,23982,6907,380330,476331
6685,5870,-5223,46630,6666,409313,541126
6537,6129,-6891,33834,9426,286166,386368
5833,5426,39126,65092,6630,285742,428627
8722,8333,191977,35296,8018,285687,553330
5908,5962,-23061,47333,6555,427486,490146
9240,7297,-8027,65686,6574,391060,497015
6352,5667,5972,24833,7315,260026,361146
5852,5796,118156,32333,8648,290138,477830
8685,7130,-4345,28463,8037,400102,469924
10222,7759,697949,24463,7241,297822,1096790
6185,5611,-5978,33315,9222,348494,413812
5389,5426,638798,39519,6851,306918,1043568
6222,5925,585335,25740,6945,299790,951661
9518,7685,537,23166,7945,496738,562107
6537,5907,9572,31408,9740,294871,379868
9519,6981,38126,25167,7481,376353,498627
6777,5815,130014,28055,7649,305520,503404
8833,7518,-17098,67666,7019,340337,433571
5500,5574,-1841,25630,7000,391246,486608
6851,6093,13083,26741,7556,332358,410553
9241,7166,151119,22834,6889,302767,515867
4777,5148,-18937,24388,7186,313306,371461
6111,5685,465820,34241,8889,384804,945069
9315,7833,-2774,62056,6851,286772,386424
6629,6111,100502,25760,7259,262477,427608
9963,7630,-21351,27444,7926,361330,411239
5388,5278,319092,25630,7241,388922,806088
6963,6093,1887,65759,6815,294685,403072
9444,7278,50478,24870,7167,301482,416812
4741,5111,123458,25908,7296,325483,510590
8704,7222,-21155,23056,6074,309690,369331
47037,4778,-5637,25574,6981,282709,380054
6481,6389,15380,32296,9704,293784,401257
6167,5852,91767,64519,6648,303600,498664
9814,7834,-39253,32704,9259,314954,353572
5240,5815,467190,23648,6963,338046,866754
8926,7426,-2645,33204,9426,329142,423572
6797,5833,63798,62408,6444,318884,484905
10167,7796,-36017,24833,7204,350552,382517
5481,5500,321037,65518,6667,490421,944921
5981,5815,-2724,34240,11056,287315,358238
5259,5777,33960,62000,6482,297241,464534
6167,5555,130496,32852,8518,372039,576923
10925,7611,199365,25129,6908,437891,720847
6537,5852,-5545,27852,10907,295487,362368
9166,7204,-3213,23445,7296,330803,392627
8592,6593,168730,24871,7314,299100,533571
8296,6908,-24660,23981,7352,408565,459405
6055,5241,3468,51315,6333,450770,542200
7037,6185,-11978,23186,7111,301661,349720
6315,5315,115298,24556,6907,267347,464868
9722,8074,145112,22723,7370,291755,503590
5741,6000,-389,49333,5852,477367,605182
9796,8056,415498,65555,6593,398534,922365
5463,5204,40200,25722,7130,262279,362924
7296,5778,-50727,22259,7667,308447,324331
6518,5870,-18543,24260,6888,300431,347313
5166,5871,-5786,67130,6630,401782,496441
5296,5148,17250,25648,7167,359432,492200
9741,7777,117027,23815,7703,357878,543552
4463,5481,-19845,24278,7185,414806,509867
10000,7814,-16994,24666,6445,322326,381183
4185,5185,-6052,23722,7241,266420,339164
9463,7370,153651,24426,6166,497809,717070
4370,4815,2798,33907,9185,359404,491405
6444,6445,1073,45426,6611,498849,605996
10315,7796,8998,24871,7407,266130,345998
4389,5463,44089,22611,7593,284649,406664
9889,7777,112885,32037,8629,366039,557386
6981,6111,-17524,41555,6426,284190,349813
6166,5833,3271,24629,6389,280098,348831
5500,5426,12658,27815,7722,259414,334721
5093,5907,153693,22815,7204,285174,496386
5630,5852,-15049,47667,6481,295843,373128
5167,5111,-4217,58333,5982,479510,567460
4278,5018,-6533,34908,10500,343530,408998
5574,5963,188040,45092,6259,414068,727588
8555,6908,-46295,38388,6500,833568,882939
6111,5463,5555,25630,7482,408664,479645
4444,5018,-1353,24815,7277,264334,354923
6500,5703,48016,23981,7612,319315,427590
5296,5629,705144,33722,7037,330258,1123456
6110,5500,-16728,23760,6185,300245,345238
4908,5055,437,22315,6778,275802,365572
6037,5592,17121,30556,8426,282006,365239
5166,5834,96675,23685,7463,410174,602200
6296,5611,-16826,26370,7519,348750,398812
4630,5037,-1365,52185,7982,398602,487960
4889,5907,193282,24482,7018,308641,564163
9962,7500,57559,24370,6945,356124,480608
4426,4741,-30573,24186,7370,351885,397961
7018,6037,-10926,50945,5889,448052,524682
4908,5092,216943,22889,7593,315850,596978
9426,7685,25997,25222,7167,343611,436145
7019,5574,129699,22426,6963,292150,481794
8815,7574,-21006,24315,7130,322207,384331
6870,5778,-4544,24722,7037,411041,467664
5314,5222,-1156,32444,9149,288673,358090
9111,7611,97564,26426,7056,354729,520219
4667,4944,682915,25074,7352,326746,1070290
5833,5963,4803,49740,6926,492528,616682
7278,6037,-2921,25333,7167,337863,398591
5259,5481,209985,49611,5870,491419,790328
8666,7241,-20591,22482,7315,310551,362646
5315,5222,1648,49519,5722,407367,546163
6278,5648,-2538,63759,5352,319425,472442
9944,7648,37479,25722,6815,345833,469960
6999,5963,509496,22315,7574,302147,871198
5426,5500,513,24704,7240,345355,426627
5926,5556,-6526,24519,6981,300487,354665
5203,5185,9418,23797,7185,366728,456682
5944,5648,170880,21537,7611,265617,493460
9352,8092,-31288,24685,7019,323694,361554
10000,7889,-3031,50944,7408,514805,625793
6167,5352,-4107,63815,6815,288438,386794
8481,7259,43430,24203,7500,260291,368238
6241,5611,-51387,33185,9222,329163,369109
6222,5870,399575,27593,7852,450012,942939
5704,5259,-7168,24649,7148,329869,383294
5000,4944,48313,25370,7296,354148,465701
10351,7574,126293,24037,7019,358500,573015
6371,6074,-21746,23852,8000,302392,343647
5852,5389,-9433,22223,7685,266690,351294
6203,5778,-2267,24408,7018,310173,366998
5833,5907,82009,22241,6704,441098,597292
6963,5574,609045,62629,6797,398022,1106512
6407,6259,725766,26203,7222,284488,1091993
5926,5481,2450,32667,8870,320233,392091
5314,5815,57300,26185,7093,280957,419257
5870,5463,-39516,24444,7037,315755,353479
6055,5741,-12870,23241,5907,290090,353238
5666,5389,-8667,31185,8926,283887,342775
5425,6222,506628,26408,6888,299349,869161
5796,5963,257978,23259,6908,280518,599219
5093,5833,-18894,51519,6074,419354,485553
4629,5537,-4080,22259,7222,258171,308776
5425,5297,20548,25481,7296,384709,490941
6740,5797,126620,24649,7648,328469,516441
4870,5093,-23807,29685,7204,323027,380998
15167,4815,410784,22074,7130,282896,761366
5000,5407,-2828,22296,7223,312992,400738
6241,5648,61337,26389,7389,340549,464146
6703,5741,138225,23203,7278,366772,564459
5333,5130,-6814,44111,6722,433385,504404
5315,5666,-815,23463,7482,262035,321961
10296,7852,22647,25037,6963,327314,416683
5278,6407,139867,25704,6667,261222,463127
9592,7593,-24523,32481,9741,337280,407312
7204,6000,-9469,65148,6500,373985,491998
9407,7166,467197,33870,9315,260688,803199
7241,5592,200288,26426,7889,464097,727663
5259,5722,176324,22740,7871,494672,731292
5797,6018,182137,37463,7000,319063,576071
5592,5074,-1513,34000,9334,294937,396738
6351,5408,68078,24981,7667,280105,407682
5444,5334,-25738,25852,7574,301662,355257
5926,5277,-1109,44888,6500,421033,499108
5333,5222,-3074,23408,7259,263424,353405
5833,5333,575758,25241,7555,451995,1089975
5481,5260,135793,23315,6648,309481,535497
5834,5185,679792,23481,7426,439387,1198530
5148,5760,-580,24185,7019,415688,474275
5944,6019,8696,64556,6611,286820,393812
5315,5389,-49897,24796,7148,413006,459757
6722,5481,7491,62759,6481,360526,519978
5259,5667,-2845,33723,9444,455064,521682
5167,5278,-4698,27259,7833,261400,320869
5519,5314,67301,24408,7314,271105,395516
4908,5296,-22367,24925,7278,430032,467516
4629,4852,378372,23370,7186,324142,761921
4537,4926,222,24741,7222,262721,354498
7111,6000,48425,22722,7389,357609,465534
4499,4778,125498,63148,6722,286870,508274
9537,7851,-18707,24592,7223,298205,382368
53833,4796,-6449,33963,10000,435020,550312
8296,6518,10142,23444,7407,299376,370997
5333,5148,175992,25963,6574,324283,563737
8407,6777,-20379,31592,8778,481284,533330
4463,5000,-2882,83908,6111,435711,547441
4444,4870,-4160,63166,6704,287344,381053
8722,6722,71357,33648,9093,332640,511405
6667,6037,-16145,25241,7278,340976,388128
5352,5277,412261,33019,8722,302883,819865
5981,5389,-3110,31648,9778,300127,365313
5444,5019,22702,24463,7223,300109,379072
4926,5074,990071,23334,5814,450235,1523084
5092,5019,-18967,34148,7630,280946,333201
9018,6908,-6246,22926,6555,495151,549534
4647,4760,434715,22482,7055,322299,832754
6815,6370,161659,33518,8797,279708,511738
5777,5278,-28324,27704,7796,317100,370609
14500,4518,-23788,33074,7185,522433,572793
5259,4963,-6271,25278,7352,363824,437720
6574,6000,61801,25926,7241,316122,442053
9241,7000,-14293,24500,7296,343087,414201
5963,5629,-7238,22592,7241,284014,336035
5870,5648,-832,23111,7574,330386,391775
8759,6926,608537,23944,7389,341384,1014013
4815,5389,135053,32000,9148,290000,526738
6204,5463,21792,55371,7037,429482,541645
5352,5815,-3987,28074,6667,312170,372183
4870,5148,15124,23833,7185,271708,342331
5204,5500,191936,25408,6018,289542,541701
4462,4630,-17731,24166,6797,304618,361905
14018,4611,-21029,24352,6945,416415,488589
9463,7018,125192,25574,6963,336083,544997
6055,5426,190450,33963,8907,407991,681792
5463,5315,-36811,32018,9000,357068,390998
9481,7074,-4294,24500,7297,432439,521071
5963,6278,-9147,30018,8796,284720,375683
6000,5314,38519,64259,7167,321923,462219
10129,6926,146295,23981,7371,504034,755162
6574,5388,-19151,44037,6241,472241,532163
9037,7593,-7579,65037,6630,403742,527849
5704,5722,6994,25407,7389,261023,363350
6222,5426,223492,51463,6074,484540,794384
9722,7037,2288,32555,10371,365506,459127
5907,5463,-1233,50352,7167,475840,562144
8889,6926,-1345,22518,7038,258139,321535
5278,5704,65875,22389,7297,1024802,1172790
9055,7500,408930,34278,8870,348788,841328
4870,5352,-7331,22407,6611,423273,498645
9203,7371,4594,66315,6722,398014,527089
6222,5593,34203,23982,7907,261665,354498
6166,5130,122647,32574,8907,290073,513812
5981,5352,-20521,40741,6592,283353,339517
5518,5778,-153,24889,6130,488686,546497
5036,5297,5457,21759,6963,349874,432367
6241,5352,140400,30963,8630,279597,487572
9389,7352,-28694,28130,7815,316173,375017
5852,5315,2823,51870,8389,506914,598571
7963,6741,1066951,61778,6518,334244,1501880
6037,5851,66136,26574,6796,336066,463182
4740,5371,-27792,24426,7796,303290,335146
5000,5204,-11923,50981,5907,406865,492293
6296,5482,1409,62574,6704,286996,387220
5352,5555,30000,26093,7055,297128,386183
4166,5834,145980,24981,7074,262758,465127
4871,5370,-24818,67667,4593,293760,386683
6018,5334,-504,22722,6926,426946,509831
5314,5519,-8950,32537,8500,298874,356516
4777,5686,116067,26759,7482,289004,464053
5019,5796,-30916,32889,8630,328487,369628
9852,7370,328546,25629,6852,417616,836273
5407,5519,-6437,24574,6815,281620,334757
9333,6852,59599,31000,8278,318584,482960
6222,5537,180616,63537,6778,364547,659589
5796,5055,-6219,26926,6334,406920,462868
4778,5314,39076,31408,7611,296181,402109
