9815,8815,151119,132295,9519,144620,482534
9630,8556,520270,108944,13945,656648,1359956
9704,7278,167036,72925,14296,139277,428127
9463,7537,469836,118055,21370,372400,1015142
8833,7093,135231,122870,10740,335192,638552
9223,7351,163662,52685,13352,216521,521923
7148,5222,151648,54204,13277,147498,397016
9444,7260,143986,88296,8056,710952,1019494
7593,6148,188232,48685,10981,147581,424739
8333,7093,201773,115852,17463,107835,477775
10204,7204,203686,74518,14518,179293,541793
6963,5815,1117002,45426,13000,168786,1372863
6575,5648,122010,36982,11407,255857,458294
8778,7037,153182,56685,12611,407055,695922
7241,5722,157613,45629,10871,148496,390813
6093,5314,132581,52297,16074,154898,419201
6778,5889,219215,77333,9092,151209,515589
6259,5445,149776,37814,11315,133611,393942
7130,5926,146114,35870,10111,147477,370295
9148,7593,242303,29130,7944,208749,556441
6630,5667,257660,25630,7092,244281,566868
10037,7333,149703,36130,9759,282998,515219
7889,5852,161559,42130,7352,369382,644422
6426,5722,146768,39556,9759,142915,367017
5518,5259,146107,33666,8593,150855,367386
9814,7575,216295,31463,10741,180479,500182
8241,5741,148894,28351,8611,120438,339591
8834,7685,163380,43999,9093,149063,396572
5815,5333,418551,27370,8426,160502,644219
9444,7315,803905,57685,7797,251458,1189141
17408,5074,115635,30852,7555,399529,592182
5500,5185,149511,38666,7685,153599,413146
6482,5574,144700,38426,9870,142483,367517
9185,7203,128428,26278,7185,123256,316239
6000,5574,179488,57055,7759,144066,418831
9944,7537,153901,33740,7204,175727,402572
6315,5444,193572,65518,7334,145537,474627
6926,5537,409854,96777,7722,148273,691959
10018,6556,127397,27370,7481,213250,426405
6630,5352,146846,51518,7315,393280,629978
8889,7111,152851,26815,7185,146425,366350
6944,5871,154152,66944,6889,145031,400905
6667,5426,167805,27352,6833,150045,379517
5889,5037,150476,27908,11240,153596,368868
5500,5093,150926,26389,7166,176054,386554
5611,5055,229208,26130,6852,177863,504293
7778,5741,367897,35296,11982,180710,624682
5537,4981,145126,27333,7055,290465,514108
6463,5648,144500,28371,6648,243886,503645
6204,5555,145543,25907,7297,175640,417164
6685,7445,149769,34278,9685,149636,373368
5648,5111,148367,59055,7334,150575,390812
5870,5426,153187,34148,8296,158589,381349
5241,5352,167395,28426,7334,219713,458609
7352,5407,795083,29463,7296,259133,1123308
5352,5278,413700,28833,7389,306388,860051
5797,5389,131632,27241,7166,206810,421072
6611,5537,147545,86426,8592,150713,421164
6186,5259,147957,37148,10018,145134,388665
6426,5555,151314,34407,8148,152796,373812
5871,5333,154781,26611,7093,121458,336795
5797,5277,153194,27630,7703,120990,335387
6278,5092,204698,36241,9944,146578,424164
5389,5037,379147,26222,7611,158461,631293
6778,5666,148986,25019,7315,277789,541793
5963,5444,152454,24870,6815,455765,701237
7315,5648,146644,27500,7722,156873,367942
5407,5056,148834,70851,7649,149590,401609
5593,5111,2754532,26833,7426,694744,3525721
6389,4555,867342,35778,9352,383632,1325474
6130,4889,193255,27667,7055,165668,420664
5260,5129,363705,54259,6351,149386,635830
6685,5537,334284,34018,10000,148103,554867
6093,5333,126586,65203,7278,231653,494812
6926,5333,152609,27556,7092,344444,560349
5685,5278,151503,27018,11648,153737,369776
6259,5482,149766,26574,6908,123954,369628
6649,6203,155938,35593,9537,149078,379517
7093,4963,147702,67777,7056,118574,368016
5611,5037,166929,34926,9018,158014,394905
5500,5075,305970,26315,7611,123268,510775
6537,5907,337254,34092,7463,152225,558997
6074,5130,125444,35351,9167,204758,403849
5740,5000,148209,27796,10426,242530,470590
6778,6000,148676,25648,7203,123360,333702
5704,5129,132052,27574,7574,120280,313369
6278,5277,158094,24833,5981,150239,365276
5408,4963,154672,44685,10315,129733,364721
5130,5037,199343,25223,7037,197654,454461
5982,5296,390403,24518,6723,170130,654811
7611,6426,128131,33908,9092,207737,411942
5592,5222,147433,28851,12574,393917,608607
5463,5185,146326,33111,10111,149321,363924
5370,5056,146479,65018,7370,148057,429164
7315,5648,276132,27518,7352,120403,460405
4982,4981,151507,24852,11500,164880,377331
5389,5167,148567,28186,7481,131171,375498
6445,5481,289202,35888,9963,148444,511219
5889,4963,379336,25148,6722,125736,563590
5408,5055,145694,38518,8463,237601,497331
6815,5870,160828,38685,6593,356354,590997
6203,5389,146148,26889,6722,122573,363831
6981,5519,147245,35296,9130,148327,368664
5482,5352,156750,69703,6796,142563,401350
5611,5223,156736,33463,9129,121262,346406
5259,4908,163296,29278,7685,156516,382275
5740,4704,260764,25815,7222,159900,479108
5833,4945,340157,35722,11315,181877,628200
7000,5796,124552,25130,7000,218557,406701
5278,5000,152187,27481,6722,255459,492812
6000,5185,153265,34778,9074,150770,408534
6315,5352,104178,26666,6278,139191,303258
5629,5185,155739,24740,8278,149315,364220
5203,5130,151243,25648,7389,124903,369164
7833,5444,199433,25130,6926,154731,418831
11444,8537,364530,66926,7259,127319,637385
6185,5445,148332,36777,9426,271388,496664
5686,5462,148893,25963,8351,327161,572386
6722,5463,145638,27351,7815,167305,375590
6704,5629,154050,27815,6611,122985,341091
11075,8277,124648,31426,6426,158517,356276
5963,4982,157911,73407,8834,124772,394331
10241,6833,152676,26426,6648,169304,422961
6482,5703,217514,27463,7704,159039,443257
9778,7278,355907,34833,9537,122497,554682
6352,5166,121691,35926,9425,213863,411979
9945,6833,149399,27167,7611,304413,555997
6630,5593,144737,25926,11555,163854,376183
10926,6759,128816,64741,7481,149164,386590
8593,6778,126636,72481,6222,144899,382331
6612,5629,148770,35723,8981,123728,380424
7074,5760,155867,33926,7167,237370,463201
5445,5000,368797,34741,9148,210977,652552
9833,7759,340007,63148,6981,150380,592941
7556,5499,140420,30204,8129,198505,407961
5093,5278,144887,31722,14537,147426,363276
5815,5185,143688,26222,7130,125106,363738
6740,5889,332656,49833,8926,322359,742125
5203,5371,145550,25370,7056,166263,370479
5482,5129,148148,27592,12296,118962,332072
5574,5259,192986,32592,9185,196883,481404
6648,6222,287583,64907,7037,168156,557978
10685,7334,499179,30074,7851,245410,818699
6056,5055,147834,25740,11704,345626,560478
8722,7259,148302,37240,8463,148012,408423
6685,5908,150084,25926,7203,125970,337165
6296,5278,129015,28574,7593,135502,327220
6296,5611,151020,25111,10759,120794,369202
6241,5704,152913,25389,7648,134418,347758
5722,5278,344325,71870,8741,148320,600163
6056,5000,441977,44278,7389,150056,669681
5537,4944,155280,28408,6814,324255,559811
6834,5740,149656,27481,7722,456490,672811
9463,7648,145253,36351,9482,148060,406220
6759,5889,148795,63685,7000,152389,405776
8741,7111,137614,109777,6315,150032,461794
6370,5500,146638,33555,9074,151583,371850
9537,7426,154846,26167,7555,244355,521090
6481,5315,247721,35241,9352,150499,471479
8907,7167,335003,62555,6556,158975,593459
5518,4982,126935,27036,8556,214785,425571
7741,6204,146106,27296,16815,245299,469109
9704,7092,144297,26944,7333,168183,414016
6741,5833,147246,25204,10574,158808,373572
8815,6889,143047,37833,9333,146952,368443
5482,5055,149867,67574,7240,136354,390757
9482,6759,195538,27000,6907,123905,384331
6926,5555,400116,53574,6611,147677,637255
9352,7167,138251,24315,6778,246913,450386
6260,5574,151237,46685,6704,298426,529479
5759,5204,150539,27352,7314,130978,344739
8963,7056,152303,28778,6981,506137,725052
5778,5000,123419,26315,7315,139801,325443
10074,7185,150869,65333,8703,151741,447109
7833,6167,148188,63259,6834,160495,409461
5759,5297,287359,25555,6722,124268,504053
6500,5889,424345,25630,7203,124097,609330
5371,5000,120943,36630,9685,216147,429979
7093,5648,174097,26037,6703,279197,542682
5556,5111,146842,40907,8815,144730,402238
6463,5945,144736,25444,6667,126058,330073
5611,5204,125241,64333,5351,145388,366164
6222,5463,151413,29074,7888,127883,342350
4981,4871,166713,29037,6574,142137,403812
6908,5740,295385,25833,7389,125558,482294
5778,5019,707702,24278,6018,122515,886792
6222,5149,146616,25149,6574,283880,528127
7167,5870,151807,61945,6999,209043,455312
5741,5185,145849,32925,9037,151946,400109
7074,5852,131354,29185,7852,151348,348294
5797,5018,154118,43722,7111,151806,382998
5611,5204,148604,44722,9482,139801,367535
5648,4982,193905,25685,7444,151167,438831
6833,5741,296188,33870,8833,170199,537127
5111,5185,121378,26907,7630,217286,401979
5204,5130,142234,26056,7778,386706,622960
6945,5666,145129,26389,7240,126389,332906
5723,5240,146800,25241,7074,127032,367239
8574,5889,128898,26778,7462,137416,330295
5334,4944,146477,38944,7703,191244,409424
5037,4741,154037,24240,6815,146369,356276
5667,4907,349189,32537,9000,245919,672700
7908,5814,694082,26037,16703,376024,1143697
10482,7703,139700,39352,8722,254465,477701
5537,5352,188964,65333,7148,400551,726033
6667,5778,147894,30704,8333,153678,367906
6500,5259,143659,65833,6722,148099,428590
6537,5574,140478,36297,12925,173261,389683
5834,5333,151687,26130,7592,151385,363832
5167,4963,160617,35204,9093,177750,444960
7722,5871,253270,24370,7130,164394,479312
5241,5000,339534,25518,6778,151852,583275
6870,5574,459854,33259,8944,153236,684144
5407,5074,147527,63759,7018,375138,620589
6444,5259,121143,65036,5186,165282,421238
6778,6074,100777,62796,7037,148517,369035
6592,5593,276929,34722,9093,216309,569663
9852,7666,150398,28518,7723,131230,351776
6611,5556,198865,26796,7685,252355,515627
8778,6814,348462,25408,7666,125017,573922
7018,6019,122968,34907,9555,208271,407201
6203,5482,144917,35296,9278,401135,652274
6944,5426,141755,26926,7278,122521,330091
8889,7222,143112,39703,8982,146182,368201
5907,5093,123302,26889,7388,141419,327498
8741,7222,144400,26685,7055,124340,335017
7037,5537,144590,35814,9574,169168,421442
6426,5796,213002,25018,6926,200145,475386
9074,6981,416636,22759,6629,165380,677866
6371,5537,148271,33481,8833,258134,479961
6241,5000,147442,65963,9185,266333,518497
9018,7500,143299,27797,10925,156700,371701
5759,5315,139322,29129,8445,131380,368960
6556,5685,122179,24555,5611,153320,333942
5630,4907,145740,64814,7463,151462,396961
9056,7037,163448,34555,6704,208401,444201
6741,5851,1080524,26203,7482,251302,1393547
5426,5074,320439,24148,7055,256966,634089
5741,5240,124741,24278,6574,222053,423646
6982,5833,163912,30963,6444,452529,685996
5574,5296,294176,25518,7537,322303,675755
5592,5278,490569,26296,7315,227464,801440
7518,5593,140260,23814,5704,148609,350849
10260,7870,148191,28499,7463,124549,343128
5889,5185,197047,24426,7148,201747,459460
9259,7222,424237,66574,7000,234389,801051
7667,5592,713166,26611,7389,638512,1420214
9037,7444,146674,24574,10574,442990,658292
5778,5203,142197,38629,8871,148727,398942
6371,5648,146072,26648,7000,126908,334572
6018,5019,1495941,34130,9426,390269,1959803
7500,6834,269007,63777,6852,151898,520386
6796,5408,153679,28759,7778,123356,345387
9167,7056,212054,26222,7222,216480,493831
6204,5259,441188,34555,9204,150920,662700
5112,5055,143972,25185,7111,303989,508146
5296,5111,145699,58055,8667,297447,535756
5037,4814,142871,28796,7240,160962,367386
10203,7389,179283,25129,7389,129234,375072
5389,5092,357268,25834,7259,179988,595571
6129,5630,146959,24592,6797,165669,374109
9370,7371,151260,34426,9018,151145,377220
5593,5000,363560,24574,7019,163306,585608
5778,5315,333862,26759,7759,180172,577682
9334,7518,119997,34019,9037,238889,473775
7259,6185,148521,27092,5889,204829,420256
9926,6796,146692,34370,9482,151380,374405
5426,4945,124401,69166,7204,147449,408665
6389,5500,149313,34574,8907,125185,345942
4834,4907,150596,25481,6963,126773,337184
9834,6833,179674,27556,8111,152861,399924
7055,5389,396494,70759,6888,150819,652755
5278,4870,121722,62666,6926,239554,493071
6740,5630,144652,25908,6703,458826,664033
5963,5407,143083,26278,7166,126008,329387
4889,5056,143847,35055,17500,143003,363387
5407,5148,126797,62425,6686,150979,407590
6574,5611,149542,27815,7722,132179,345405
5685,4926,148010,64926,7000,197191,466034
6389,5278,282421,28037,7611,150650,496182
4944,4945,440593,88592,9203,810382,1373770
5760,5203,121358,25074,6963,275177,458701
5686,4833,149493,46444,9111,333153,598904
6481,5537,149942,24408,10481,162556,374775
5111,4833,143225,27444,7834,125347,328683
5889,5111,123971,25129,8241,156065,373665
6833,5315,150012,35166,9612,152948,375442
5148,5037,159498,46352,9259,158241,398886
5334,5111,327521,26963,7148,127309,549701
6852,5555,460489,32426,8740,127564,657163
5982,5166,122699,27648,7852,268818,478609
5574,5129,146056,33018,14352,149998,369072
5611,5463,145949,63537,7685,152604,395627
5352,5130,468897,27296,7722,268395,823347
6019,5259,144348,53518,6426,155039,423739
7148,6056,145519,41389,9555,164942,390757
5334,4907,186154,26481,7907,125419,405702
6241,5389,289213,27334,7926,162191,514034
6074,4981,702384,35000,9277,152445,924754
5926,5240,149687,45037,6945,295347,522756
5463,5166,145877,36815,8556,149584,365998
6075,5259,141511,26352,7963,128376,366258
7686,6685,121294,34445,7407,126630,319332
4926,4889,151688,44722,7630,179383,408627
5611,5148,148749,62814,6982,136508,380572
5260,4926,218864,35092,9112,150244,473146
7352,5759,329388,25759,8092,123166,515719
5148,5074,123727,27722,7574,266123,502312
5759,5278,184453,25148,7352,401247,678811
6519,5555,141625,26704,7296,170947,374331
6407,4796,102686,26703,7519,156535,356442
6167,5629,127857,69815,4592,151771,381590
5704,5296,146714,23148,7463,132618,370868
6537,5797,153959,34963,9296,153613,381535
11963,7574,299131,26870,7667,126626,494757
6371,5148,460468,54685,6796,149547,698070
5815,5260,114492,35130,9481,212617,417442
6907,5686,148775,35314,9797,439962,662922
5796,4945,140650,25630,7629,164941,364461
6241,5315,124063,25851,7389,173510,379720
6444,5630,147567,25037,7445,148578,356701
5537,5277,148758,34389,9833,153574,407720
6851,5408,180614,33704,8926,156050,407682
5648,5018,273971,65315,7111,150971,522774
6019,5370,122143,28259,8037,217040,421331
6704,5611,144962,47259,6519,403423,630922
5612,4759,146875,38444,8852,157993,377406
5667,5018,146028,68352,6593,707189,954310
5093,5056,124366,28296,7056,139150,358221
6426,5593,152075,33777,8685,127813,350424
5315,4778,152524,26481,7741,218289,434368
10185,7889,207473,35019,9092,235006,519923
5370,4871,421995,40519,6833,149019,644626
10111,7370,121817,26574,7278,264033,490534
7630,5778,148099,28185,7797,364453,580867
9093,6944,143549,42129,8982,146079,372239
8667,7519,141664,25759,7130,130686,370480
6408,5759,125484,33704,9389,210624,409479
9963,6704,140137,63666,7037,227509,509682
6574,5685,151902,41889,8870,146615,378091
6149,5963,249850,29093,7833,177239,492979
8759,7056,334096,26166,7297,246937,645793
6352,5315,140546,26333,7426,255285,493572
6426,5685,138033,23907,6852,131818,330128
9278,7296,142390,25259,7074,130035,373739
6445,5463,137079,25130,6907,129753,325980
6148,5037,149214,52092,6370,154526,391312
9648,7519,146422,24185,10185,128373,342684
5389,5203,190927,25296,7686,172811,462404
6833,5760,411097,24556,5926,153732,625570
8963,6500,117974,36260,9611,208894,425850
6444,5611,138628,26092,7204,204722,407461
4944,5223,138817,32703,10815,155700,366831
9111,7667,130767,27148,7796,124750,322128
10018,6945,129123,33648,9074,153523,357331
5407,5111,154240,86240,6296,156296,488941
5926,5204,149096,35481,9074,155310,375535
5296,5185,212471,64982,7037,152767,462256
6149,5148,384049,35333,9130,152947,629812
7018,5759,122130,26203,7426,258924,446756
5278,5000,144116,48277,8537,425030,686126
6500,5482,147231,62130,6592,235822,505794
6777,5426,1660323,29444,7426,174056,1898489
5574,5278,1908975,27685,7537,284420,2280598
5612,5277,1645444,25241,6981,300508,2008674
9666,7741,2759222,27074,7296,172409,3000149
5333,5260,1470213,34556,9037,216110,1759545
5889,5296,2063012,25185,7056,152401,2273894
5519,5074,1574019,36945,8592,151786,1798286
8426,7296,2107281,64019,11685,137335,2350672
5834,4926,2443432,25315,6630,132682,2668263
7445,5185,1771404,35259,9537,160233,2007378
8407,7463,1560669,39333,6778,242747,1904933
6481,5834,1091212,27907,7871,193446,1350233
9796,6741,2723969,34445,9018,152440,2953075
6796,6037,2063700,59814,6723,169731,2363301
6463,5463,2285241,37352,8796,151023,2511264
5741,5074,1683637,24481,6982,213963,1959896
10833,7074,2542564,45871,6444,422807,3086815
6315,4907,136783,28260,7759,170382,370739
8797,7129,117473,34593,9259,150599,342813
6296,5667,144533,56370,6685,125928,394831
7074,5518,144891,27203,7556,179200,386553
5537,5204,325857,26111,7315,127455,514904
9926,7426,315251,34351,9315,246190,637941
6907,6130,148071,25926,7722,271815,497349
7537,5556,140187,26907,7482,379143,585849
9203,7445,149229,67222,20519,259379,531200
5203,5167,155216,26722,7407,126894,341479
7000,5759,123462,35481,8296,178444,396072
8000,5500,144874,26055,7111,125366,332702
5815,5334,151267,42574,8870,147398,376054
5703,5519,320994,27740,8019,126226,508756
5556,5352,375332,34018,8852,155702,621626
7297,5518,117301,40815,6870,204160,400702
5315,5314,141399,26629,6685,206137,409775
6222,5630,142625,25871,7426,128965,331739
4945,4963,135130,26500,7740,127832,321758
6852,5204,132172,35000,9685,153178,391739
6723,5648,147492,68907,7166,278173,544701
5926,5481,180664,35259,9259,207501,459423
6093,5130,406982,54796,6481,152237,681145
7278,5648,403543,33833,9148,269916,747718
5778,5352,142530,28148,7685,385245,626663
6352,5500,148072,63685,6722,229315,533923
5871,5481,140818,34703,9445,152680,364128
6037,4889,148193,62185,6629,147546,390201
5796,5296,145124,39722,8315,150097,369220
5055,5093,143851,28259,7759,127166,332220
5333,4963,215819,31777,9204,194846,476497
6241,5203,778118,41962,6778,214025,1070735
5130,5037,115458,36278,9352,226373,434146
7296,5704,145408,34333,9389,369274,587108
5703,5204,145320,28926,8018,162271,370627
5519,5000,119565,27185,7630,126192,306443
4593,4925,123997,50500,14685,144928,394090
6797,5815,150204,26389,7352,163627,378146
10019,7555,193877,25685,7370,130103,424498
6908,5333,269696,35389,10574,152709,499386
9685,7556,428736,25982,7463,171056,665218
6481,5667,119780,41815,7092,233366,450108
6926,5740,140748,35945,9481,448841,666311
10260,6889,142234,28389,7740,127135,338850
5722,5093,118757,35148,9223,157148,381961
6537,5426,148966,64481,5315,151902,398238
6315,5667,144804,29463,7926,151508,360961
7019,4944,177680,34000,9574,200948,449276
5833,5297,313239,26259,7315,154536,562052
6630,5500,413132,27648,7852,355085,834736
5649,5370,140935,35074,9852,297192,512794
5759,4907,148070,29278,7740,268595,508719
5907,5352,138130,34574,14630,149942,363609
5259,4797,152709,44481,7019,155603,419424
6629,5574,148288,28037,8111,152729,364535
5796,5056,148978,35907,9556,152779,372998
5741,5426,210872,26277,7463,217997,511720
6537,5463,352024,34000,8760,155195,577108
5500,5297,120826,25018,7167,224431,406683
6277,4963,146165,33463,9092,339055,556756
10019,7815,136169,27870,12167,159569,402850
7352,5556,140248,64333,6778,154768,397868
9278,7222,500308,28481,7222,304688,889995
7759,5667,142702,35778,9167,152555,369257
4982,5166,152411,32778,7982,158883,412146
6315,5444,322953,34759,9555,582172,978717
9519,7370,383902,26611,8148,128836,580516
8148,6056,118889,25981,7278,299960,485757
9223,7111,141894,26685,11648,428991,675774
6592,5667,143491,25093,6981,130933,335035
5944,5352,133255,66241,7018,152280,386534
5833,4889,136409,37999,8630,174923,420757
6408,5463,119191,40018,6667,208955,404813
4852,5000,180547,28685,7574,170784,412757
6056,5685,282867,34759,8852,155871,509331
5166,4556,768796,53277,5111,312476,1184271
7000,5611,571543,28203,7111,171046,805366
6389,5537,146641,26111,7760,289633,498053
5000,4815,138776,25537,7111,167315,398238
7037,5630,142707,24352,7500,168550,371295
5371,5259,147230,40555,8926,155787,400868
6297,5574,141883,64352,6815,153355,393683
5593,5407,353276,26148,7723,130961,546997
10796,7389,401244,33666,9056,155104,633866
6796,5482,120083,23741,7722,252396,465312
6185,5407,143718,28963,8111,386353,629774
7185,5686,139389,23704,7444,132813,331350
6389,5407,140079,64648,6741,154308,392942
4907,4852,128251,35556,9425,157100,354739
5889,5185,146775,64351,6593,127372,405887
6407,5408,161594,29000,7425,254237,538886
6426,5408,339098,34685,9296,155788,565775
5166,5074,448770,35555,8371,171986,724162
6407,5445,114609,62296,6537,303092,517367
4815,4814,146299,65889,6352,331420,587478
7149,5518,140822,29371,7611,131287,337295
6185,5444,1550933,28240,7889,129984,1744323
4833,4815,140832,33148,9537,220722,452942
6519,5426,144855,24667,7907,133569,338536
5593,5093,181804,29019,7722,134304,378517
6111,5408,302587,24685,7704,130984,492164
4926,4834,117611,26111,7333,222813,418405
6574,5833,137987,25092,7482,454584,655885
10667,7278,138898,25149,7592,275636,481368
4648,5000,137885,24278,7426,133021,330961
8703,6926,118575,25982,7241,159923,342350
6537,5796,882892,34574,10111,182398,1174345
7481,6130,145214,64204,7148,154469,405034
9815,7259,201997,35445,8963,208685,510886
6333,5704,320297,25611,7574,203163,584422
6148,5629,773246,54666,6278,362248,1245474
6593,5518,141808,47222,6852,308263,539441
5704,5111,140350,34574,13518,153500,373202
5648,5260,138225,27593,7611,128643,329943
5981,5630,125267,122092,7685,152157,436553
5797,5388,143069,35315,9388,155060,370072
5130,5129,149444,37148,8685,173277,433109
8833,7056,242577,25389,7352,183716,490682
5555,5352,443212,69203,6796,178229,747218
7575,5796,156699,63907,6889,300909,575349
6482,5500,138037,24944,5667,374886,572460
5834,5407,138839,25981,7185,129567,328054
4945,5278,141380,28833,8667,154155,358332
5555,5389,136238,41240,6833,153335,387090
6796,5630,142538,43185,9389,156386,379423
5204,5037,178654,28334,7203,164585,440053
6778,5463,344788,25556,7388,167339,572608
5963,5166,667329,26907,7908,129277,857254
5907,5593,132372,24667,7019,212421,424627
6260,5314,642450,25889,7333,250675,986309
5407,5241,142957,25444,7278,131449,367757
7296,5556,117961,67704,6463,156018,376479
5296,5130,147966,38945,8907,153735,375275
5093,5129,147324,64351,6945,145100,388590
5834,5278,204290,28686,7074,128225,429628
8148,5500,306444,25241,7407,178128,546682
5445,5222,113468,25389,7037,279900,454813
5223,5203,151399,32129,7241,388876,605053
5334,5148,146218,29018,7834,171243,414424
7592,5648,140909,26629,7556,174034,377201
5426,5185,1381390,39333,10167,396285,1857527
4630,5130,200640,28963,7833,156265,453498
6630,5500,197515,26241,7037,166982,425701
9778,7426,234372,37111,10296,190551,504849
4722,4723,872300,64574,6833,449599,1438066
6648,5555,425511,35037,10407,229430,794643
7371,5907,188720,28630,7648,212055,467905
5556,4630,137410,37426,9592,154551,399183
6834,5611,143526,68556,6666,153009,399424
4648,4722,149383,50426,6278,158078,423405
6334,5611,142758,65167,6759,153795,398405
11241,7093,177615,33203,9537,157494,412609
9333,7130,369693,39648,6593,159600,610071
8926,7074,273735,26222,7278,287261,640311
6426,5629,141649,26907,7722,399108,606237
9278,6667,134690,24370,6630,134382,332035
6870,5593,137584,34704,14463,160451,378072
8519,6888,103534,64315,6852,158094,362998
5796,5407,149853,51834,6592,154127,423423
7389,5722,139377,35148,9445,183917,397220
5778,5352,202233,25944,7722,231246,523275
6704,5537,297163,26259,7871,221944,581089
5149,5314,136836,34741,9370,284588,507516
7148,5482,144507,46203,7074,343083,570941
6277,5408,142457,25944,7111,139856,342016
4944,4852,139017,28111,7333,174370,408979
6297,5537,125059,56944,6778,154791,371258
6574,5574,139879,25426,7111,168786,368498
4908,4852,148661,25037,11130,164540,408591
6482,5704,323684,35018,9130,156257,552423
6388,5704,423467,53536,6408,156141,667996
6074,4945,119380,33703,9537,231618,440942
6388,5389,140089,52092,5963,261409,489274
5222,4759,140742,28518,7889,165016,367275
6593,6537,137691,27351,8000,173419,374461
5426,5074,192436,68259,7426,157321,472201
7037,5648,146479,36203,9074,163649,383850
8926,7185,176095,27833,7722,128478,371665
5000,4963,301543,34982,9259,156436,563386
7704,5741,145011,40648,6852,207079,432998
6852,5611,136257,28593,7685,205907,426868
6352,5703,144188,35704,8741,157162,373960
8555,6908,138100,26074,7222,132361,333868
5074,5185,142254,31277,9315,161634,404572
6018,5463,147629,102129,7315,130388,414331
5333,4667,141337,66370,6815,173494,449219
6186,5444,209786,26334,7500,130933,402424
5037,4815,1533767,28352,7685,299203,1926507
6778,5926,135315,24314,6834,344478,541052
4982,4778,145708,48241,6630,354991,603089
6333,5519,142565,26685,7778,130877,334720
6371,5407,141886,24166,7000,134280,334128
4371,4981,120465,39166,5408,178478,367795
5889,5482,147487,48834,6407,199381,430016
10537,7926,139030,26111,7055,139432,344887
6333,5297,269126,35370,9297,155222,497960
8722,7112,342186,25908,7222,132310,574238
7222,6130,112785,28037,8055,338990,521478
9148,7463,143086,64629,6760,425706,673459
6741,5555,143628,26982,7315,130685,339979
9111,7222,120467,24814,7167,131736,315702
5889,4963,150860,54592,6074,156860,429201
6703,6037,143032,24741,7611,132929,336794
6296,5278,186722,25851,7445,187442,435108
4926,5037,413189,23981,6167,161548,664200
6333,5611,114936,38685,6926,212618,405016
9907,7963,132570,27278,7592,207984,411257
5722,5056,138742,25888,7797,131016,333350
8685,7222,129950,35648,13871,153122,398627
6555,6019,116603,63630,8203,151599,368405
4889,4852,141367,30204,8500,271334,513127
6833,5723,142261,33055,9056,159811,372665
4759,4889,207951,29056,8333,208472,482682
9593,7537,410178,39499,6871,152967,642812
7129,5963,136350,36963,9630,339387,554719
10130,6814,140800,44166,6648,328902,565497
6703,5611,142879,39759,11426,149712,372016
7371,5092,141124,26685,7723,130411,337535
9445,7389,119277,33815,8833,154350,347757
6351,5593,139023,28629,8575,162327,400627
6463,5666,151195,30000,7870,164766,381905
5277,5482,259365,24519,7389,151965,470756
10000,7370,349093,24055,6778,135516,547386
6370,5463,113210,26815,7500,225177,404035
9703,7334,143399,35574,6426,348949,566589
6685,5445,144237,26352,7000,131909,336942
5574,5074,134243,25481,7389,133126,326109
6426,5259,133711,55166,6148,158714,379942
4777,4908,140586,23592,6870,135783,334127
9834,7925,174739,25778,7500,169222,411053
6148,5333,306947,25333,7241,177347,544774
10982,6722,111045,25797,7722,225267,424887
7371,6018,132976,24834,7259,208429,404517
5407,5019,140573,25111,7408,133202,334479
9315,7278,131652,35555,10519,156049,366739
5667,4963,139398,29741,7537,161804,399257
6574,5574,138626,70000,7407,152206,396646
4685,4704,142834,36962,9797,188386,404609
9149,7111,193949,25426,7389,141974,400183
7111,6000,376787,28926,7759,154358,631589
6796,5630,140515,34889,14518,276445,497941
4907,5037,133206,27463,7740,418792,615755
9130,6962,135026,34592,9426,157121,401683
7296,5685,141957,27944,7741,159894,367146
4574,4944,113888,38777,6926,153167,371572
6315,5407,142818,27759,7297,130328,334980
5426,5037,149674,25444,7315,278508,523145
7038,5481,273420,24370,6981,172319,505498
4481,4815,330295,26389,7685,239313,629126
9982,7611,114115,23426,6907,321401,502293
4648,4833,138176,25741,6185,219470,434460
7000,5537,136051,25352,7315,131410,328924
7074,5852,123852,23092,6797,134924,321090
9167,7185,135690,52852,6130,152122,413794
6351,5445,137510,26426,7259,132803,333775
9796,6704,175460,26499,7815,259686,530830
6371,5240,374390,25389,6611,157422,592774
9722,6870,796986,46981,8685,334193,1218715
5370,5408,142604,24759,6833,214598,433294
7519,6333,139220,26241,7556,132685,334517
5908,5185,130947,70611,7000,161551,395720
5111,5167,129193,32222,7111,137824,331868
5926,5629,146772,44056,6537,155707,416238
7389,5722,138999,29648,8481,195518,401627
5130,5352,206781,64815,6333,230549,544571
6482,5537,320082,25278,7018,151582,533016
9519,7314,132996,26796,7852,293391,537312
7222,5611,137426,54222,6963,372126,600663
6482,5796,135913,28833,8148,163141,366906
9407,6982,127380,35111,9519,158858,384127
6259,5852,417384,27037,8463,435629,916328
6315,5908,136909,28426,8092,137330,341499
8944,7297,137599,34833,15130,152954,371313
5537,5408,311918,26555,7297,169949,576145
6463,5740,177646,26482,8796,252463,520608
6685,5722,113966,35944,9519,302828,493886
10000,7426,131971,37592,8945,329174,539682
6259,5371,143494,67055,7074,154504,398646
5963,6463,101444,25074,7463,136832,333332
7370,6112,132726,54555,6741,153938,379035
9537,7685,141194,73685,7148,129767,385350
5556,5148,148032,35000,9185,266669,513738
6334,5740,384814,157092,6315,167497,743014
5482,4722,801262,27851,7704,445101,1307011
6019,5203,138492,25815,7574,398746,619015
7037,5852,137848,24167,6963,135872,336609
9870,8056,136094,26148,7426,134201,372387
7018,5926,141229,24889,7370,133381,337387
8722,7037,142122,103407,8778,137728,423719
6129,5426,137294,26426,7204,215222,437145
6167,5444,200632,33685,8778,194903,466683
9037,8222,325970,30111,8685,147305,545349
8371,7111,138568,25796,7352,314762,519905
6389,5852,138629,33240,9111,441313,649256
5685,5167,131559,29204,8333,166013,364072
10667,6963,151342,26093,7907,131675,349665
5371,5148,111829,55555,6426,157077,360406
9463,7000,137445,34444,9889,328034,540275
5389,4926,143987,28407,8556,137511,380702
7833,5982,354176,55222,6833,158043,604922
10055,7074,655754,34592,9704,158223,898643
5703,5371,114279,26555,7463,337774,515867
8778,7185,131599,25148,6611,220307,436146
7167,5944,134067,26371,7333,133950,330091
5796,5463,126313,23574,7148,646053,864124
6777,5519,117781,53796,6240,155051,360868
6074,5722,138008,24722,6944,134195,334054
9870,6759,174531,26500,7593,242392,570200
5981,5204,304257,23852,6778,181777,545182
9463,7056,400188,24685,7703,435715,919587
6759,5852,132842,26482,7240,428933,623663
6870,5444,188533,51444,6648,424705,733736
6241,5537,135167,70722,7407,159943,399794
6074,5204,120005,37037,9963,160845,358721
9685,7185,143621,24426,6926,179970,386590
10278,7000,179774,33963,8796,241149,520201
6612,5703,200353,63907,6945,167589,468757
9796,7463,318543,28741,8092,148547,536738
6611,6148,118382,26463,7333,270339,453294
5259,5055,135517,32888,9649,439239,678218
6907,5815,140466,69666,5296,228718,475108
5000,5092,133452,34796,9741,157861,363312
9740,7315,119401,28463,6815,144486,331572
8759,5963,140592,35333,9056,159851,374776
4834,4963,143892,25685,7278,153161,354239
6241,5185,303156,35463,9333,131471,505627
5130,4833,382513,30555,8407,164633,613830
9981,7037,107445,28203,8130,311182,489349
4889,4797,138764,25037,6333,213197,431627
7593,5796,134343,64370,7037,158803,396312
9000,7203,331811,29203,7315,227261,645718
7222,5444,134520,36852,8963,177645,386849
6685,5907,142229,26296,7592,170085,377997
8648,6833,165678,34296,9759,194969,435034
5760,5333,265330,29204,7593,158722,522127
7648,5500,442002,64166,6963,245754,812588
5926,5370,134618,26982,7315,414304,613274
9944,7296,136846,25852,7259,135782,338072
6167,5352,152128,25037,7148,134685,345702
7092,5648,112652,27241,7407,148143,322905
5074,4852,136953,34648,14352,227193,470960
5685,5407,135551,25703,7315,169985,364757
5426,5111,196667,33462,8834,161109,428035
10074,7333,389560,65666,7315,171567,700237
6982,5666,114843,69482,7703,250784,472997
5463,5167,323754,26778,7352,281371,680829
6130,5408,136501,33722,8815,162626,370758
10315,7556,138858,62407,6704,157918,400257
4759,4908,191270,32500,8944,157395,418109
9556,6981,300386,25537,7241,271648,671163
7167,6000,135465,35852,9222,269125,481460
10352,6648,221026,29870,8148,174046,500683
6778,5704,403400,25148,7000,171226,634997
6018,5500,108610,25815,7981,362702,550367
6055,5519,130466,34389,9667,378049,581052
6963,5389,137990,27926,7370,160286,363294
9167,7037,114236,69907,7370,154096,412980
6222,5463,137463,34314,9222,175962,387942
8778,7296,139801,29666,7815,165790,374479
6797,5333,170065,26519,7092,177988,412646
9666,7723,259958,26908,7648,187427,514312
7204,5796,532629,26834,7166,301589,900699
9259,7260,117691,26148,7444,220140,424127
7481,5612,136862,38037,9778,156950,370590
6204,5518,136424,25555,8074,135668,336091
9277,7630,130317,33926,8815,160662,366331
5685,5111,144266,26963,6519,197472,424405
7278,5685,137531,33296,9241,162838,375239
9315,7352,198943,50111,7222,198073,486220
5593,5037,946685,30593,7963,230567,1261030
6759,5574,131064,25945,7759,389544,586034
6241,5574,140588,27018,8130,447205,649867
4963,5389,139907,24981,8000,134832,333887
5889,6055,133746,24796,7203,137531,364775
6277,5334,120880,24944,7222,147508,328090
7093,5759,138144,25426,8666,134040,334831
5519,5278,146464,24888,7482,199849,440683
6371,5407,363042,34944,9408,156325,590978
5481,4982,322362,26796,7796,135284,553330
7092,5686,115534,28204,8537,234667,418183
6130,5815,139317,33555,14111,358199,607015
6426,5314,137211,28574,7648,169436,370201
5167,5055,110290,26685,7741,170783,375368
7092,5556,915551,27074,7426,262275,1243196
4852,4796,140633,24908,6851,244180,477109
6314,5611,170083,23814,7649,146471,375275
5074,4871,387438,33740,8963,224762,690218
6944,5352,789719,25074,8111,375848,1227474
4871,5037,123356,27259,8315,411307,629904
6185,5315,138732,25463,7944,134248,334313
4778,4907,136793,26407,7611,135373,330628
6648,6093,140667,24204,7870,137257,372461
6092,5315,287450,37796,6296,223140,581015
6130,5500,140418,24222,7630,156062,355424
4833,4685,205812,24666,7574,135298,432404
7240,5426,342076,25814,7537,136459,540497
5611,5389,112026,35148,9037,254027,454497
6204,5167,136938,47314,7593,436410,655404
5777,5278,134925,27907,7518,132908,364257
6759,5334,121244,26722,8055,180625,402850
7204,5981,111731,53888,6185,160231,360461
5519,5352,138068,34315,9815,159670,369109
5315,5241,137426,25981,7870,287387,484201
6259,4889,293152,34593,9111,135882,533627
7186,5999,331009,25093,7870,197785,590441
5556,4759,109015,34537,9111,241168,442998
5982,5222,131649,24833,6741,223034,416739
5852,5092,138117,68296,7370,165289,405257
5760,5166,138530,30814,8019,164728,401943
7000,6204,143090,40703,7111,156187,375350
5426,4963,145131,26648,8112,140681,346053
5759,5000,176155,26852,7778,234731,482183
6407,5852,373363,23870,6759,135079,566367
4777,5019,431978,25185,7556,253703,766162
6574,6056,126947,25760,7111,213161,404294
5389,4796,135175,23888,8186,273785,471127
10444,7796,135143,25722,7167,171800,407164
6519,5740,131148,36185,11296,157240,363146
5371,5037,139671,25926,7944,159105,392942
6556,5833,131639,35333,8926,162841,366072
5296,4871,202477,47185,7018,163706,447738
9389,7074,381778,27926,7648,182700,631293
6926,5760,112320,28389,7889,263233,467850
6056,5148,137214,25871,7555,321691,519923
9722,7333,138127,26111,7389,172334,410627
8593,5740,130299,25259,7166,137552,332128
9500,7037,498876,24685,6740,280972,845680
6963,5352,139475,25500,7370,138728,341739
9333,7408,132572,23648,6926,241092,473479
8815,6426,252169,25611,7241,144291,459405
5222,4871,384322,26388,7500,136731,581849
9482,6500,109939,24074,6963,297169,492794
7556,6407,132018,28815,5500,275498,476109
8407,7074,138782,26185,7222,180587,383275
4870,4704,108361,25685,7371,136841,325702
7574,5870,133570,54796,6278,157984,383035
6611,5870,134760,23648,6963,140905,370201
6685,5760,169116,24537,6944,139678,368942
5352,5148,374750,24537,6871,139506,573349
10148,6963,418218,26482,7500,244389,732089
5685,5222,134761,23426,7018,423829,650199
6241,5722,134396,25240,7204,138862,335924
8870,7000,128956,25297,7425,137950,366868
6981,6167,114850,24130,7018,154778,332368
8944,7371,132725,157647,6204,144217,472608
5389,5500,135675,23500,7037,142712,338924
9870,6982,202420,67907,7555,187356,536256
7278,5760,404127,51019,6722,163498,654552
5648,5482,128596,24315,7500,310660,515367
6445,5648,137268,26611,7278,467673,668459
10037,7333,138089,25833,7166,137336,378405
7129,5649,122519,26389,7037,138016,324479
7982,5926,117283,80222,6870,159697,396868
10259,7537,131585,23999,6889,149822,380683
7426,5833,135404,26315,7666,154187,352590
6186,5185,307890,36092,9963,167589,547756
6519,5333,334951,24203,6945,226490,619626
5314,5000,109771,34704,9444,227746,409701
5797,5314,132147,41462,9000,452240,695978
7982,5944,136874,26073,7315,136681,336943
5148,4945,127712,27536,7963,136176,361720
6870,5722,120902,24352,6018,164597,343849
5166,5093,145147,66241,6963,160165,403145
6129,5426,160282,28592,7482,223975,481219
6500,5630,274878,26297,7388,207711,543793
5537,5167,351087,25704,7574,462778,893106
6482,5685,118815,34870,9482,424348,616145
6889,5204,136505,28926,12852,252085,460609
4814,5037,139289,69370,6888,156303,395997
5481,5130,116941,28204,7333,144539,322646
4556,4814,136076,54722,6445,162144,387146
10889,7111,137470,34796,10185,197529,413720
5352,4944,233752,23685,6945,166560,460238
8704,6926,397904,65685,5574,187759,720885
7074,6167,137836,26278,7314,284421,489275
9963,6426,107785,33593,7944,273657,458386
5722,5204,136865,25388,7000,136542,335776
8944,6778,139481,34444,9315,160517,377738
9648,6759,112560,65851,5074,174957,389923
5407,4963,140472,25037,7463,137674,372831
7574,5944,142292,26593,11648,168780,378609
6333,5704,295981,64074,6815,161386,555293
4926,5074,309727,35925,9167,224437,604200
6315,5278,137325,64518,6815,258358,498461
9852,7592,130090,60851,7463,424408,689644
7204,6092,131965,28129,7685,144016,340646
5444,4760,139839,26797,7629,134677,336591
10908,6703,129715,24111,5926,167061,359646
5333,4833,135924,71167,7074,145315,421146
7167,5907,158781,62852,6574,163754,420165
5870,5352,274341,25796,7037,210323,544904
6111,5037,513993,33629,9926,283022,903995
6500,5537,117018,24981,6815,219869,398553
5908,5240,129578,65685,6648,359382,622867
6203,5574,136287,29981,8426,167841,369405
5352,4889,115699,63703,6834,158966,370405
5981,5074,138834,86722,6852,156387,414646
4815,4926,137079,36815,9722,159808,403943
6518,5556,193935,25537,7667,265654,549348
6519,5426,401291,54130,7000,163482,652607
5278,5148,130594,24055,7334,288033,529719
5870,5149,135747,24463,7037,375749,568682
5537,5185,137882,36963,10907,158690,404553
8537,5944,130405,25982,7037,140482,371757
7055,5815,115392,51315,4981,184347,384794
4722,5055,140230,34333,9537,163787,410201
6500,5593,141660,28371,7740,171041,377016
5241,4741,267035,26519,7389,137906,464201
5759,5426,426299,73055,8908,133716,668088
5167,4981,135712,28389,7519,289303,523441
7111,5574,136569,31056,8315,381724,622904
8148,6018,130408,35389,9222,163516,371627
9945,8370,124487,69314,7574,157882,392350
6519,5537,121584,27555,6648,200359,386294
10389,7314,135108,63703,6315,155465,394460
6574,5203,159409,36278,9129,165645,396997
6166,5297,304505,28741,8852,162288,565608
7407,5852,931638,62203,6815,616223,1670212
9556,7537,121145,27889,7796,213001,423516
6981,5722,132781,27018,7870,272903,472904
9352,7297,128544,25000,7222,141047,334332
5463,4982,113068,33796,7407,143079,357776
6741,5518,130018,35296,10167,254739,486571
7167,6037,139171,68203,6852,140087,418609
6592,5778,196046,28074,7870,184211,447479
9037,7296,285180,63481,6352,161910,548589
5371,4944,136593,27555,7167,315405,553386
7130,5982,132060,27704,7889,268863,490961
6037,5889,135843,35870,14630,200895,452275
6833,5648,136534,26963,6981,139020,337239
5815,4963,116724,32963,9166,141238,325573
5519,4796,133099,28296,8074,134807,330165
4611,4741,137863,25518,7926,140746,371146
6889,5796,241942,35555,9370,162964,478090
4408,4870,442761,25481,7315,181976,717885
7592,5760,106822,40166,6815,225861,413201
9908,7611,134475,29148,7759,439948,678626
6760,5888,129055,26777,7426,137259,328739
4815,4926,111578,27352,7703,136347,343424
7204,5833,110897,35408,9500,196563,383294
8963,7185,133588,24500,7074,168040,363794
6908,5796,162944,34778,9278,163831,398350
5092,4908,289615,26408,7296,139215,487330
5981,4926,502768,26018,7056,306246,879624
10148,7629,112756,28908,8222,226260,429164
6852,5796,130613,24888,6945,287311,482442
10019,7407,134970,26481,7574,174770,377498
7870,6167,90585,41796,10149,168190,343683
8352,6871,137090,25111,7037,173797,373332
5167,5129,149225,33556,9185,163940,416553
7425,6000,115360,42000,7667,232323,462552
6945,5444,499882,30055,7685,133856,734181
6297,5611,129980,26537,7778,289498,505497
6315,5370,129949,26037,7870,331938,535534
6686,5814,130083,25389,9241,138934,332073
6889,5333,131422,25536,7278,138244,329665
5407,4963,116964,24481,7130,155146,350572
6185,5722,136580,24722,7204,138548,334794
5111,5019,134566,25925,7611,166155,394127
6741,5500,359773,24445,5759,164816,581960
4944,5037,358390,64241,6852,181051,636330
6055,5574,106711,26000,7426,328916,512812
6593,5685,128623,33518,6222,209542,408331
5833,5315,135146,24963,7093,141296,335498
6796,4908,133077,24777,7482,141125,367627
6500,5704,121563,24685,5963,141898,322035
5463,5074,140347,37000,9740,161337,408757
6704,5925,154815,24981,6759,195054,409997
4944,5074,356763,32722,8704,228030,652866
9834,7814,788692,46389,6889,211543,1089420
6500,5592,121385,24592,6926,223706,424108
8389,5982,274537,25741,7389,231978,573479
4778,5388,132451,35148,9370,172455,409775
6259,5463,124492,24722,6963,136581,320072
6112,5500,230126,30981,8500,225019,524201
5814,5037,135151,29166,8167,173051,394016
6278,5370,191396,27259,8111,171806,426868
5001,4740,389122,40722,6871,497613,995884
6519,5740,105610,37463,9759,264481,469590
6926,5648,128541,29777,7612,466474,660200
5111,4908,137008,35241,14870,159842,407442
6592,5556,136698,64482,7277,162133,397275
6074,5444,113445,28314,7408,164943,340850
5444,4815,132801,26704,7648,155975,383738
6538,5611,333638,25611,7445,139877,534220
4463,4926,300311,25018,7093,149835,506720
5648,5408,340852,24722,7333,158960,592515
7092,5371,108136,26685,7518,397917,571533
5834,5166,498862,66259,7074,187875,785607
5445,5055,138368,26296,7204,138908,370461
6185,5371,100910,35518,9648,162978,336221
5352,5092,176471,50314,6685,165250,451794
6222,5389,134105,35648,13482,159319,369498
4685,4815,162073,30278,7685,170647,395016
6148,5556,282855,34629,9222,210605,564034
5333,4759,389193,26778,7463,302877,756681
10203,7686,112551,27277,7556,229484,412312
6019,5407,127445,25889,7241,291812,479590
4907,5019,133190,27185,7148,183234,379516
9908,6833,98844,24018,6778,172451,369035
7037,5796,132349,34444,9111,174761,379479
5037,5055,134076,34481,9871,164218,370720
9019,7259,179581,66647,7389,207510,552590
7408,5852,334659,36722,9370,162042,574293
9815,7333,130535,28722,7241,320906,537367
7056,5778,127188,27037,7592,363902,554794
5537,5185,127953,27851,7519,182694,376072
10240,7000,128773,24851,6834,177485,370757
5630,5277,951848,35944,9797,137942,1195975
6445,5704,131708,25925,7019,175642,368146
5519,5148,132361,26981,8167,192933,388720
9648,6889,259551,26296,7352,157632,516738
6388,5463,433389,44074,5463,176460,690607
8463,6815,107099,25462,6889,293696,491849
5926,5482,134788,28426,7907,414912,615756
9667,6537,128108,25278,7259,141075,369739
6611,6778,129354,23426,6981,145070,333831
5704,5352,123322,54833,6037,165935,412276
6352,5352,961360,26167,7481,277170,1328678
5963,5574,169591,26296,7741,140666,371591
5445,5166,315466,35611,10259,179846,568571
9463,7055,373119,25481,7630,458636,899384
5593,5259,951158,33389,8852,435593,1473214
6981,5445,133036,24908,6889,226535,432608
9685,7759,135301,72037,6963,168641,441386
9945,8277,125436,29648,8093,147247,347257
5685,5185,134774,63482,7814,199224,455035
11093,7370,128168,31185,9018,172572,378054
7500,6185,194506,28981,7741,268158,528904
5241,5000,315159,34222,9074,212857,624830
9796,8185,101090,27241,7963,263371,444368
5760,4722,147854,27944,7815,319773,557608
7963,6611,132155,25259,7037,198509,417682
9593,7815,129679,25852,7111,179560,378109
4907,4852,115777,34759,8037,171925,379609
11056,7167,137503,25926,7537,167680,375480
8611,6963,135694,36352,16814,169657,412868
10111,7963,231440,26370,7481,178003,479183
5222,5056,382721,25093,7148,178405,620904
6481,5222,105172,28185,8019,308122,507478
9888,7926,131584,34685,15315,457190,674440
4815,4815,130737,65444,7241,165316,395239
5389,5407,110928,27870,7778,141460,338202
10907,7167,131284,26352,7500,146751,350090
7352,6056,137215,35851,15056,162598,404554
9741,8018,150776,28241,7685,212222,434627
5000,4926,362650,25481,6167,198217,642385
11463,7334,323581,32777,8834,170193,571293
4907,4741,113142,44519,6722,434614,625015
6444,5537,134536,28500,7760,285313,485497
5000,4926,135653,33722,9129,171068,397646
10426,7130,109028,26870,8129,142175,342758
9537,7889,135144,27018,6574,206355,410535
5945,5222,140482,67463,6907,244701,486720
5148,5074,187320,63555,6352,175048,458331
5612,4648,373694,28722,7926,173784,611997
6685,5759,127720,34592,9222,1009886,1221641
4778,4815,129909,44796,6926,427680,636367
5852,5111,137729,27666,7612,137973,337665
5797,5037,161178,28167,7648,140264,363739
5148,4760,115572,32037,7055,145908,326850
4741,4852,133651,28519,7870,141236,340221
6630,5555,139656,33926,9241,167657,379461
5500,4815,247864,62685,6815,168392,511812
5797,5537,339295,29222,7574,162017,564923
4907,4834,573002,33889,8815,178085,818977
4833,5111,132028,27185,7259,374488,568515
5722,5352,130107,27130,7426,175928,367665
4852,4759,132353,34407,9389,165497,367775
4944,5148,123803,46259,7148,145122,347646
4944,4796,140474,36537,9148,135765,346961
6759,5741,151367,27815,7870,160501,380516
5426,5241,252261,34592,8852,167792,490071
5760,5259,331210,26037,7704,141916,533183
4518,4945,120605,27814,7667,226060,416498
5408,5629,133777,26055,7352,304814,554053
6093,5333,132022,26537,7018,142829,336813
4667,4741,84416,25370,7000,156360,301887
5093,5018,138643,55074,6519,167577,393164
5482,4722,138944,24760,7425,144203,345184
6019,5500,195930,26556,7407,141586,398813
5037,4889,413175,44296,6926,168469,658496
5500,5074,131496,25056,6926,300334,496293
6259,5333,128131,26204,7685,381255,570830
5389,4907,132692,24481,6963,144270,333776
6130,5389,132437,24241,6981,144932,361498
10241,7796,109979,31981,6408,179185,364072
5815,5352,129447,36611,10315,147477,374516
10370,8018,127341,26630,7352,198768,396090
5055,4796,324549,36333,9889,165763,562015
4852,4907,422257,33518,9130,170165,660440
5611,4778,98152,40519,7388,248031,425849
4685,4833,133139,29518,7704,433710,672922
10093,7740,131959,35222,9185,168855,381183
4537,4648,120871,26370,7444,146072,348368
11185,7185,118894,27982,7648,171733,363201
4963,5148,127288,26019,7463,178284,365443
7074,6204,149830,25667,7222,290186,523794
9833,7963,341945,77019,8555,163441,626237
6000,4963,857023,66888,7482,245212,1209049
5037,5222,121216,27833,7907,218302,436405
9833,7907,128387,45426,7852,170426,388109
6796,5723,133003,65888,6630,169736,428998
12148,7574,104971,30351,7667,143268,324701
5981,5445,133957,33741,8852,168244,371850
5241,5018,134648,66555,6778,164110,398776
6037,5315,186300,28648,7352,165160,415923
5408,4685,293268,28481,7852,238766,594404
5537,5148,131162,68574,6834,275205,518701
4888,5130,133297,35593,9518,424903,629422
4741,4833,132228,27630,7463,139641,331943
6074,5222,115307,27722,8056,141710,320757
4445,4574,115275,23851,7963,155705,328128
5055,5297,134076,27166,8630,139033,335535
5666,5260,135599,24667,7963,179824,375035
5556,4833,252382,24296,7445,153227,463498
4685,4630,415516,26740,7648,158555,634052
5704,5148,136522,35500,10851,318920,534830
4482,4778,126249,30074,6351,216805,410183
6556,5333,132439,33259,9167,173392,382368
5426,4889,135611,69722,7000,160424,400072
4444,5056,126486,35852,8185,184345,379646
5482,5537,132213,25648,8611,140563,333757
4963,4537,158089,29685,8092,206928,432979
5074,5370,366445,34426,9444,138441,575867
4629,4889,366820,25111,7945,334453,766162
4723,4666,111974,25926,7852,231376,407924
6963,5704,129256,28537,8111,305185,500367
4519,4907,133318,34703,9222,177033,378924
5889,5445,131063,64555,7148,166306,397239
4241,4482,134475,29018,8389,192393,393294
6037,4963,136888,27370,7574,213925,412942
4574,4760,186781,30074,9000,169253,419683
6185,5537,404415,80870,6278,657430,1177808
4297,4574,106032,26963,8092,261818,434387
5833,5371,129759,27889,7370,463571,700348
10037,8278,128783,37481,13445,173382,389905
5037,4982,109991,26963,7222,142229,313220
4500,4704,136737,26111,7926,171890,391109
12112,7388,136946,44482,7074,169219,395646
4815,4870,136210,26074,7296,143807,362350
10482,8370,330492,25204,9037,169986,571071
4703,4760,330182,25889,7444,143204,531663
6278,4778,134207,35814,9852,368420,629163
9796,8222,140786,24926,12444,393008,606607
7074,5852,128920,33444,8685,171578,372590
4796,4852,105611,55796,7129,170296,369498
5019,4889,110615,34463,9148,228568,432109
10463,8296,156120,71037,6648,190396,461016
5907,5315,153644,30926,8222,190595,410312
4703,4685,307852,34593,8833,168219,544904
5815,4945,773040,52407,6722,240917,1141957
55981,6129,103863,33667,7555,251228,487830
9649,7555,127756,25185,7871,293297,507072
7370,5926,1294145,27426,7815,247179,1608842
5296,4778,1520316,25018,7889,212619,1828008
6611,5889,2411891,26482,7592,157520,2631429
4666,5000,1421345,24296,7463,395701,1896581
6481,5667,3614063,26185,7574,151175,3827052
4463,4908,2804832,24074,7537,151799,3046464
8537,5333,1212584,77833,6537,164204,1493121
8389,6926,2411212,30630,6666,221606,2704299
4112,4759,1425944,25981,7629,147159,1630695
10704,7166,1617207,24260,7666,151301,1869341
6648,5833,1351454,24889,7370,251519,1666064
6092,5334,2047622,26352,7463,245660,2357634
8926,7648,2529126,25037,8296,159637,2788003
7148,4648,2651501,80814,6556,162927,2932298
7463,7037,1999971,23759,6741,172942,2234598
5444,5074,2262216,65814,6908,172437,2569374
6278,4741,1697019,47741,7888,408969,2189136
5407,4926,1804913,44685,6648,355427,2249302
5815,5445,137702,26630,7277,140722,338443
5019,4814,124967,25722,7926,144624,328109
6907,6074,133009,25944,7556,140953,369942
7370,5741,156032,26944,7482,143466,363294
5852,5315,372906,23926,6666,165146,594959
4648,4981,819206,39611,7037,272380,1191956
5759,5315,115732,28037,7519,224395,404998
4944,4649,130866,25741,7148,313112,533441
5907,5352,128335,25926,7759,143312,366868
7056,5907,137081,25296,7555,142363,340461
5574,5222,549880,26648,7463,300837,912846
5463,4723,126016,23759,7185,146149,362758
6296,5611,192595,24982,7389,165254,417201
4815,5019,332303,25537,7463,143897,568275
6074,5518,107439,26093,7185,273133,445108
5389,5019,124832,25648,8093,319183,541627
6445,5518,131652,25019,7129,152439,344535
4500,5223,93768,24111,6667,200137,383146
6167,5555,115958,35741,8519,169243,356887
5055,4667,126463,26222,7723,143201,328461
6629,5797,131857,28000,7815,186529,415886
6426,5426,191454,25334,8074,207580,459405
6037,5426,395607,26037,8111,416425,875958
5278,4851,101021,24796,7926,386717,561737
6889,5648,131081,31555,7259,444898,642959
4685,4704,125345,36148,9407,167654,396998
6055,5556,128905,24852,7796,146334,334794
6759,5648,108744,53167,6407,164958,395072
6241,5425,127749,28537,8648,194768,386201
5778,5408,146253,28130,8000,177263,387961
9778,7592,317666,36407,10796,165980,563312
5722,4981,402226,24648,7759,261308,727162
9575,7425,102991,34759,9130,228711,410331
4666,4926,128533,26556,6962,221021,411608
9629,7093,130964,32537,9463,170867,410738
7945,5833,108691,53926,7444,167011,366091
4482,4593,131769,24519,7518,195691,420128
6204,5648,132590,62685,6630,162056,390683
4796,4871,189316,31963,8278,226181,484571
10630,6851,348729,27518,8463,142362,559571
4833,4871,98752,25315,7500,237875,415423
6370,5519,957217,26370,8259,307294,1352992
9518,7278,120004,25277,7278,144902,329572
7223,5666,130749,24334,7981,146509,337499
5574,5167,112273,25055,7426,611853,786551
9037,7352,122685,25537,7796,144573,331794
5778,5166,127190,26074,7389,290048,476182
6092,5222,269806,24129,7463,173155,537052
7074,5722,367884,25889,7370,142817,573737
8926,7315,127964,24093,7907,340441,534423
5297,5222,126561,56908,7277,345936,578367
7148,5685,303214,26685,7611,260987,629978
6704,5648,145738,41759,9352,163445,422201
6222,5592,123688,23963,7796,185922,368646
6167,5518,137767,65833,6889,139435,377461
5612,4648,198864,29648,8926,173763,470924
6259,5407,305591,64370,6704,148462,552033
4649,4888,782335,28944,8111,353585,1209290
14685,4389,109657,28889,8185,422951,604459
4907,4648,131977,24815,7592,190151,379053
6278,5648,129223,24185,7277,145128,366387
6444,5630,82690,45667,6833,171271,333701
4833,4630,132547,26889,7018,194785,385701
4852,4481,130237,63037,7000,160817,385479
6074,5667,175872,29925,8130,238144,501108
6778,5648,384209,35241,9296,264898,721348
4796,4908,130826,24963,7722,321449,526127
7519,5296,127238,30074,8408,419276,613737
6444,5370,129059,25463,7203,188625,412868
6612,5592,128712,30518,7074,165435,359702
4981,4760,113772,34111,9463,166893,348739
6037,5389,128277,66556,6092,138592,366165
4723,4666,129134,30648,7630,164364,356202
5592,5389,278231,26778,7092,150786,488793
5722,5111,393939,28500,7074,204965,664718
10852,7389,434185,59036,7760,274144,812403
7111,5537,194006,26351,7760,383732,642941
9000,7074,125214,29555,7667,141303,357257
7870,6148,125182,79056,7833,169057,410553
7482,5703,110206,51518,6482,170681,371443
9908,7592,130100,89648,7555,141621,437590
6445,5778,145141,28630,7870,184023,393776
6408,6000,340127,29352,7537,166647,606145
6778,5388,833353,27518,6981,321067,1220400
5556,5352,105082,26667,7370,231823,401276
9593,7166,632882,30407,8018,176299,880050
5908,5241,127573,80704,7833,169054,447720
7074,5389,116764,30870,7426,164401,347480
6241,5333,137158,63926,7796,164915,434646
6000,5333,300606,28908,7278,303112,695866
6463,5741,178427,29370,8222,275311,519053
5963,5037,296191,28111,7352,203880,598423
6426,5426,130826,27185,6833,334783,529979
5185,4759,132701,25074,7000,461074,650774
6204,5648,130058,28667,7703,177311,370313
5612,4629,130989,26889,7463,144324,336887
10426,8186,106308,24611,7278,160393,331721
6203,5408,131554,29055,7500,146833,344479
10037,7111,128800,33759,9814,197773,440238
7796,6259,202323,27037,7593,225452,492201
5148,5278,341124,34537,9037,170262,580404
5963,5167,125408,68259,7777,257239,487424
4796,4685,128561,28777,7537,390714,615237
7426,5777,129677,27352,7426,144192,337368
4519,4870,90016,34259,9074,169224,361147
6574,5574,108835,26814,6241,183571,353201
4537,4722,130692,28111,8092,178214,369405
6481,5685,155382,26519,7111,161690,380257
9945,8111,364293,35129,9852,149722,591830
5593,5259,863241,27055,7686,308067,1247271
15092,4723,93211,34241,9037,371915,547682
9759,6871,125605,27445,6203,276466,485849
5926,5482,122425,33630,10055,170314,365443
9055,7148,76764,71722,5926,183549,368646
6075,5148,134398,53259,6389,166359,387091
6241,5444,126959,27018,7926,214558,405349
8778,7278,177834,36537,9204,173608,428072
5852,5166,322005,26574,6723,181436,566163
9389,7148,102937,27315,7555,238821,427702
7629,5741,127442,35092,9519,898904,1102215
9870,7074,124429,25481,6611,200403,389701
6203,5445,128304,24425,7074,184047,371961
5315,5166,109679,28611,8556,170486,378257
7444,6130,716237,42130,7000,221387,1019642
5963,5389,130671,25074,6814,190976,417350
6352,5518,227324,26796,7685,197359,486608
5056,4870,326865,24222,6926,201873,620700
6834,5481,128371,25148,7703,360608,553090
4778,4796,129487,27981,6926,404140,594126
6222,5685,125992,25370,7333,182229,367312
5148,5018,119701,35481,9537,168946,392627
6611,5741,106539,24907,6926,182552,348832
4500,4722,100544,35463,9241,235009,426498
6519,5333,146901,28240,7537,251579,496016
6445,5685,372201,53648,6722,170814,630552
5686,4777,326595,34889,9611,170550,566664
5703,5389,105694,44296,6926,218675,404571
4778,4870,131347,26518,6074,228874,439553
6389,5685,128463,64222,6888,170703,397479
5722,5333,119839,29444,7629,151068,370516
6037,5574,128825,35759,8093,213136,412461
5871,5352,125440,63315,6833,180761,402868
4981,4778,171742,27481,7167,234274,466256
5500,5463,312191,35463,9648,170380,587904
6297,5611,101585,26093,7166,239302,404998
4945,5018,129405,47296,6574,324833,533479
6352,5352,126595,34537,10389,169292,367554
5185,4815,134970,62315,6648,173157,424331
6426,5648,110290,64148,10889,169393,382368
5111,4833,136888,52907,6685,169185,390868
6185,5371,130485,34870,9889,168439,406664
7370,5704,302157,69481,7518,188637,596385
5630,5204,290773,35425,9260,169594,566386
6130,5481,126149,27314,7760,341478,534497
10241,8259,131506,33426,8944,436176,644126
6352,5278,124029,26611,7259,144247,332924
9315,7037,125979,27629,7315,144761,337128
5611,5037,110391,24111,7371,168588,336313
6093,5555,128989,66166,6889,242509,471294
5407,4593,148326,36408,9389,269041,516941
5926,5037,345627,40519,5166,185925,605793
9574,7519,320095,26426,7815,282030,680311
6722,5686,103267,35871,9426,229396,410183
9667,6925,125995,25686,5574,221854,413923
6371,5241,128722,25426,6463,145887,334332
5296,5056,102560,24056,6963,163974,357442
6944,5759,799656,64314,7000,153598,1052753
5241,4611,129034,30000,8074,149779,341258
6167,5629,182372,39611,9352,208459,501127
6111,5389,269394,24630,7019,236602,564293
6037,5537,99938,35352,9111,227634,402794
5315,5111,126516,28759,8186,438072,661829
6241,5351,123003,34778,10759,170366,365720
4555,5148,115490,64611,6944,171194,418275
6352,5685,133735,36833,9871,173911,382331
6722,5408,130555,25981,7481,171407,362387
4592,4871,130319,34370,9241,172438,405219
6333,5352,335731,92000,7518,168174,630904
5148,4963,314736,29296,8129,195261,572163
6907,5778,98260,40167,6889,277478,465164
6407,5556,126895,58259,7166,343917,563830
4759,4945,132862,35852,9296,168913,406442
6722,5167,119220,27481,7648,189519,370868
5759,5111,109706,95111,7685,167866,442849
6148,5593,127526,26000,6666,182454,370368
9278,8407,145679,27037,7315,155134,402257
6037,5649,241831,33704,10055,171129,484775
6222,5648,319892,31334,9055,176198,566756
10463,8185,106583,70574,7351,240212,461404
5982,5222,122310,27796,15167,212558,406405
5389,5148,121482,35407,9482,170923,362813
6148,5333,120617,63611,6851,171123,392701
9482,7518,111381,53944,6407,173711,413887
6593,5704,133959,65426,6796,143391,377554
4889,5315,171465,35185,9851,170719,412257
7037,5426,370506,29593,8611,190750,626738
4389,4778,101864,33463,8962,230394,419757
6444,5630,124183,33556,9407,338110,533423
4982,4963,123910,28778,8130,143606,364294
6630,5204,94267,29537,8037,179046,341646
4759,4907,114699,33907,8759,173615,356757
5426,4907,128370,89925,7500,167332,446756
7870,6463,127208,27463,8315,188808,383035
6425,4797,319305,34574,9185,152507,541885
4685,5056,401865,69204,7648,190261,694792
5019,4833,105686,64889,7185,279996,519627
7666,6167,126117,30148,9130,359472,555441
5185,4833,128863,26408,7407,145210,333276
5129,5463,98850,24296,7741,148390,305257
5018,4852,127466,53963,6296,172403,421090
7259,5945,129767,35926,10796,170324,377350
10926,7203,133068,33648,8871,173745,383034
4889,5092,303110,25851,8111,152740,517923
8833,6963,320485,28963,8148,179568,603404
7296,5908,101490,36093,9055,227489,405905
5518,4982,126607,27092,6407,328558,551089
6407,5611,125020,27111,9296,188331,377201
4870,4852,92487,22463,6833,184586,332072
5389,5240,125844,35556,9685,142469,373812
7500,5871,128534,25851,7408,211315,403146
4352,4907,178280,32926,7259,148552,391183
4944,5000,274488,35500,9796,198547,581682
7408,5944,104920,41333,7092,224005,409091
5629,5019,124869,35703,9056,429350,659996
6704,5630,119503,26278,6907,146977,327591
4407,4870,121620,29759,8185,144194,350516
6797,5740,101440,25518,7667,161688,325147
5334,4796,126129,26371,7592,145906,330869
5315,5037,125653,24629,7871,210141,394627
4963,4908,286787,25629,7426,147599,527793
6889,5907,345107,35685,9648,198538,658255
7556,5685,120779,26056,7629,350774,537405
4908,4963,124006,32963,9222,359454,562701
6352,5352,120900,34871,9185,172913,365035
4463,4778,122572,64333,7426,172963,413961
6982,5870,111614,28796,8037,269291,446424
4500,4796,122304,34111,9519,146009,336479
7037,5741,145606,35573,9260,170855,389146
4481,4704,365961,40389,6963,166647,638700
7074,5593,325133,36203,9167,186678,585034
4704,4907,103417,27482,7870,237674,403350
6148,5537,124941,66777,6574,422983,683200
6574,5667,125019,36111,10519,169256,367868
5167,5055,125691,64926,6796,172252,430905
6278,5148,136677,26241,7296,197247,394387
4945,4870,124034,26056,7148,210612,429164
6260,5518,178780,36296,9500,274884,526646
5241,4796,350914,61240,6778,145602,589645
6463,5649,100290,27166,7500,240856,422091
6426,5740,123240,35314,9241,222036,419960
5574,5370,123485,25852,7074,192920,375553
5593,4870,125157,30481,8352,186378,375627
5315,5167,115458,22704,5629,188318,380776
6426,5852,129389,54574,6333,173998,391794
5704,5222,130616,36482,11518,195586,436294
7037,5722,199195,65574,7000,171451,470942
4556,4870,423644,27277,7241,151335,656293
6129,5371,126890,35704,9092,335218,536293
4926,4981,120062,28574,7963,422546,638848
6945,5555,125364,25036,7130,149024,334368
4871,4981,130609,26574,7519,148092,337850
6537,5777,106059,25444,6982,169791,370571
6408,5518,125231,67684,6889,216138,443127
6352,5148,145569,36667,9407,170318,388554
4649,4777,297907,27481,7982,146072,538071
6222,5500,1014186,24000,7500,681675,1758675
4370,4667,107565,25852,7222,238766,406608
6889,5759,125515,24963,7037,322501,522349
6222,5297,126316,25462,7167,149164,335072
4370,4611,99080,37222,9723,172751,377627
6204,5704,124844,54944,6593,172357,387109
5240,4500,127035,64981,7000,169871,393868
5926,5741,552001,28148,7592,325142,940661
4685,4833,457136,34111,9259,241305,787254
6889,6037,805435,38093,10685,467168,1349659
5222,4778,118962,45444,6889,424868,622329
9074,7555,129634,31204,19685,300215,527867
6204,5574,124305,66703,6704,170563,395238
6259,5723,112829,40481,9444,177521,367517
5389,4889,123667,66166,6963,144276,401720
6370,5482,353727,35685,9092,170807,596441
4426,4759,219954,29593,8037,189117,470663
6093,5574,286071,34499,9019,196130,578516
11833,8241,904443,32685,9685,524604,1519843
6167,5426,123932,29111,7723,408471,597571
6407,6204,125104,26704,6981,182727,369275
7315,5259,123240,35314,8834,176870,396054
11259,8056,127725,25408,6944,194272,391738
5241,5222,122768,34740,9186,177526,393516
9500,7500,132662,24814,6926,189800,389368
5704,5407,1713882,29593,8203,293088,2078118
5963,4833,1236353,25833,6889,230917,1526028
5889,5111,98658,36481,9389,227933,404460
5519,5018,123201,26814,5759,296316,507886
10241,8074,128076,29018,7981,707772,909865
5612,5592,1985054,25593,7222,232377,2283617
4777,4778,146030,48240,6075,196986,446090
9945,8185,124146,36907,9444,171649,378516
4870,4778,170262,49111,6741,170902,423646
6630,5314,292933,35760,9500,172064,582460
10518,7945,772325,28185,7889,314446,1166382
4926,5000,122443,24945,7407,391850,573959
5519,5185,120430,63389,5092,285827,506812
5259,4685,124009,27593,7389,178192,386016
10426,7907,100441,31055,7593,186335,361517
4834,4852,122519,35166,9260,145775,339332
5815,5556,220209,64462,6815,280510,661570
10944,7000,195973,29093,7611,208154,476552
6111,5722,316812,34222,9037,184000,573515
9593,7944,121502,36463,10204,341958,549627
5667,5185,138322,33482,9407,407953,617145
5945,5018,118531,27537,8018,146486,326665
4833,4760,102221,24851,7371,151407,320961
5408,5111,127763,78721,6260,176513,417627
7352,5981,490026,64963,6777,262544,859254
5629,5019,150421,47203,6352,171114,401534
4796,4889,321444,31648,8315,148460,536015
6445,5370,1332000,27463,8000,1330392,2783299
10092,6278,98918,37444,6500,258932,444405
5629,5019,122107,64463,6556,301945,565922
9852,7815,122372,37370,10296,180811,386627
4630,4796,98100,62907,6426,173714,390517
10278,8037,128196,35611,7982,195357,404979
6074,4945,126053,62481,6593,255870,499942
10629,8074,130744,28241,8704,315901,572404
8796,6852,275359,29593,8777,189083,535256
5482,4926,95791,28000,7407,283744,447164
8537,6444,119852,35759,9370,339961,535849
5111,4796,102634,49556,7185,1432468,1619268
4981,4704,124250,27111,7445,173544,357942
7519,6351,100459,63482,6648,170595,371757
5686,4777,126779,29944,7186,149164,340554
4889,4704,120339,35889,9796,173548,364572
6574,5815,262251,28500,8259,181043,507516
4982,4611,427551,65352,5241,172370,695829
6148,5259,129133,31351,8500,343810,541293
5611,5111,119026,51445,6314,358934,566034
4944,4611,121365,27796,7574,173541,356294
4722,4741,121110,26814,7797,154610,335516
5130,4741,112522,26259,7519,174735,351461
5852,5593,124972,72462,6500,156323,387165
5648,4871,152958,47537,6296,208206,441127
5296,5018,349481,26852,8685,154813,567348
6148,5037,320209,63277,6741,201696,618293
4944,4981,98659,27222,7426,243154,412645
5297,5000,123330,31777,26815,306593,516534
5389,5407,121632,34722,10130,176959,373924
5537,4945,73785,62499,6537,171251,342128
4593,4814,956675,31815,7926,344484,1369473
5574,5445,126146,62574,6519,160240,386591
4722,4667,173577,27296,7908,333642,567997
5352,4870,278027,60888,6426,169138,541682
4519,4555,101792,36814,9593,227040,407276
6352,5630,121370,38778,6666,369016,613960
10075,8777,123264,37537,8611,173309,379850
5407,4833,94825,26537,7389,152266,330201
9537,7593,111570,24537,6907,154854,332757
4815,4796,121076,51944,6518,286404,547738
6444,5852,933873,29926,7852,169824,1214178
10259,7963,314122,25888,7167,196227,581070
5352,5129,409238,31240,7315,144908,618330
5574,5129,98392,37778,6722,232884,412016
5352,5074,751579,37037,9371,171396,997309
5611,5315,120179,27259,8352,150152,356886
9648,7760,122295,26982,7888,206296,398331
4704,4907,203948,69463,6833,164105,561589
9259,7519,119139,28629,8130,158211,367720
7889,6130,138681,26222,7333,162725,366517
9000,7445,345481,24629,6908,194627,603275
4852,3704,313282,61648,6796,169752,609848
6834,5537,99529,36759,9722,230654,409480
10351,7056,209571,25500,7000,245852,525348
6370,5463,123354,24741,6685,153329,337405
9389,7574,96729,33185,9908,180898,353831
5555,5019,126734,26704,6315,210948,418127
8000,5834,127258,25203,7278,153926,345517
9796,7555,167115,32870,7426,173476,414127
5037,4833,422026,23685,6963,192656,670829
5500,5315,94699,26000,7092,246466,403701
5629,4963,118278,34074,10074,418904,609904
10148,7500,118283,26148,8333,153031,359665
6889,5666,122788,33630,9888,176637,372368
5001,4925,104479,65259,7462,168558,406091
6463,5518,126853,28241,6278,209015,398719
4555,4759,125007,72574,7407,196751,426034
5185,4944,270845,37500,10222,189523,555367
6389,5574,352923,26055,7074,151556,566478
5333,4908,120762,34963,9944,331309,537756
6166,5630,128841,26574,7593,463266,655163
4630,4759,121235,25056,7055,151967,331906
5241,5426,118055,25667,7129,152240,329184
5296,4741,145634,23593,7259,155086,356202
5352,4740,125565,23982,6944,155526,339553
9852,7963,132755,24981,7111,181021,379516
4814,4852,265538,24666,6778,152867,476960
10056,7000,309857,24500,7111,162029,571386
6704,5815,92381,34408,9129,236709,404905
9000,7259,119183,35666,8963,463222,660330
5241,5185,117114,24370,7352,153570,330202
10259,7333,115526,27815,7815,151972,372183
6889,5500,123475,24444,6334,152560,336609
9018,7111,124055,35999,9982,177388,379942
5223,4907,168115,65055,7518,175217,443350
10092,6889,329878,30426,8019,153748,554570
5575,5129,118736,25667,7611,381428,561794
5240,4723,302277,26555,7500,243831,608552
4648,4741,119579,25315,8092,187419,367220
10130,7166,118566,25908,6685,152284,338128
8278,7018,98831,110573,4982,270038,531756
7297,5907,130817,24759,7259,178015,370017
5278,5111,125914,68574,7445,158861,390461
9426,6666,189419,26630,7241,204171,461497
7352,5611,280831,36481,9482,173907,564571
7092,5982,118114,29722,8352,321494,507960
5445,5092,116786,56982,6759,381322,623089
7982,6074,124606,29000,7555,148948,341536
4963,4722,103130,25815,8888,149795,313776
5814,5389,96246,55426,6648,174808,395719
7037,5889,127677,35555,10204,174655,378498
6037,5204,138200,26389,7444,167484,366202
4982,5129,335112,35296,9166,147553,587182
6759,5815,314450,26167,7537,318898,694163
8759,5537,100975,27463,7666,1214889,1384807
6555,5148,127257,28278,6611,305611,497608
5611,5222,122651,69851,7278,1094472,1356455
7759,5889,100582,67592,6667,176472,380535
4889,4760,128457,52796,6722,175930,389572
5778,4982,124832,35185,9833,418535,614515
5038,5333,162485,32741,7518,180939,444128
7241,5889,367490,27111,6166,211989,641515
5685,5000,2144117,40777,10685,386110,2610114
10222,7389,122223,39907,7352,466070,673422
4630,4741,126672,35426,8629,173956,369776
10093,7129,113826,34888,10815,176321,370924
5685,5500,106053,27111,7574,163242,331442
5963,5426,544130,29352,8222,319772,934976
5426,5074,119359,36334,9944,173213,363961
5463,5259,269808,29185,7871,148449,483553
5537,5667,339683,35814,9204,191814,607200
5463,4722,98392,29760,8018,799787,969179
5537,4981,115194,69629,8704,310285,580274
10352,8222,124532,27185,7352,196447,392368
10667,8129,115093,34815,9370,180535,396442
9815,7796,104135,29129,8445,313899,544200
6074,5481,120010,73871,6092,245339,493756
9667,7926,133126,37222,9519,174908,390053
5167,5315,343112,84870,8241,172607,659608
11148,7278,378117,27444,8037,202491,652533
5667,5037,99604,34685,9982,292819,493978
9537,7851,117055,39685,4592,303925,508200
4778,4870,116448,35759,11111,174292,363461
5500,4982,123508,27445,7778,173878,358239
5315,4944,122125,72092,6130,196799,449201
9834,7962,122926,65019,6759,157943,389016
5426,4982,163338,31407,8259,209530,462183
10908,7518,278806,25407,7871,151488,499757
4389,4685,92608,26463,7889,313686,470905
5130,4889,116872,26629,7186,447439,667793
9778,7870,114803,26852,7519,182084,367331
5093,4759,116641,35260,9277,174876,361943
4722,4852,98683,25833,7760,169370,350405
9889,7685,124392,62537,8815,174939,406424
7907,6074,124082,26926,7482,194953,384905
5593,4889,279179,33648,12648,174485,527312
6241,5296,350185,34296,9203,175832,596404
5055,4982,99023,28241,7666,279475,446016
5333,4834,135121,27018,7389,382376,598089
11185,7389,122904,27370,7759,152984,348165
4500,4797,104520,25888,7260,210830,395535
9574,8018,103099,57852,9611,175622,381794
6482,5611,117863,27722,7870,195413,378109
6111,5204,136220,34370,9130,222648,429386
4704,4945,352261,42889,5611,200198,626015
5093,5018,315785,27741,7352,150156,526830
4574,4722,98013,24963,7000,248133,413590
7185,5704,116740,33389,9240,179369,368961
4408,4759,120468,24333,6926,158216,358424
9796,7482,92195,67944,6926,178321,381016
4685,4649,122866,34167,9166,265743,516182
7074,5519,124205,63110,6741,178590,400887
4944,4889,161914,44722,9277,196881,463979
10092,7982,322418,27296,7018,151783,544200
4629,4778,92109,30778,8259,238667,401960
6833,5148,117632,35056,8981,406587,640051
10111,8093,114230,26722,7481,285046,470812
5889,5204,124013,25833,7444,190763,399016
9648,8093,86351,35334,6722,184702,350276
5611,4685,124468,55481,6926,176808,390535
4908,4926,122509,24592,6945,236303,442331
9759,8019,184181,36277,10019,195539,461738
6963,5575,379777,25407,7297,177515,618052
5500,4871,95728,29926,7592,303899,490220
5778,5500,159510,30371,7018,420671,644663
4649,4592,119831,25907,7222,154335,356350
10055,9019,116503,25277,7111,156922,343146
5278,4556,114841,54592,6407,178380,379350
5852,5463,118698,23426,6685,194856,394239
9667,8111,128944,26185,7389,200054,397924
5815,5148,348466,24908,6037,172679,621700
10889,7352,407508,34833,10259,182970,671885
4611,4630,90977,34555,9148,237966,407275
5149,5037,114426,28500,6463,235571,417035
4778,5148,115728,25555,6723,154751,353424
11815,7166,113067,36500,9981,178673,375516
6778,5740,118979,25111,6556,199575,379776
4611,4871,121872,34445,9222,198588,413091
10166,7685,156452,65296,7389,187046,452201
6185,5037,382178,27389,7666,156412,602052
6037,5370,95666,28574,7981,241796,407757
5463,5166,122689,26445,7518,411049,638033
10204,8204,119916,25370,7426,157026,346720
5389,4722,120347,25574,7130,153522,333091
5963,5407,127074,27649,7925,189702,401923
9741,7611,125283,125888,6000,203400,496441
4945,4944,127974,28907,7148,231599,446831
12129,7352,179127,28240,7500,295612,572959
5982,5370,366390,33685,9204,169495,649033
9592,7630,116229,28685,7519,354675,548348
5166,5000,133031,28592,7056,456373,654200
7814,7130,120962,58888,7833,181093,424534
9870,7982,117152,36981,9685,184698,384627
4649,4852,99286,66259,5556,201582,422331
9759,7963,563716,27203,7111,307113,968976
7592,5889,132426,25389,7426,155480,372479
9555,7667,281227,36481,9852,184085,546404
4852,4908,306231,25611,7334,233172,598349
6092,5648,88479,24962,6982,247371,401293
5389,5167,115576,67870,7333,336718,603182
10129,7963,115896,25944,7371,154028,339312
7056,5889,101789,36241,9315,176820,375628
10241,8092,120295,59222,8055,184000,407775
5537,4926,117985,26482,8111,189680,392443
10278,8129,152842,43814,8852,172749,414460
5685,5537,251309,26130,7740,232077,588144
10704,7945,91092,29241,8148,243739,416609
5148,4630,115171,35056,9055,320974,518386
6167,5722,120677,26148,7444,310303,515590
9760,7889,115607,28370,7556,198502,385906
5463,5222,94502,24833,6482,192348,344739
6907,5574,122525,44759,5519,190325,414312
10185,8167,121789,24778,8037,209967,400868
5148,4815,193961,64073,6760,177203,470090
6259,5463,365409,27074,7963,159403,632218
11055,7463,113804,28704,8370,319267,514645
5185,5389,115383,51185,9259,366392,568700
5148,5074,121944,28241,7833,186980,370794
5593,6000,120319,34574,9500,180883,395924
12075,7166,100269,64889,7055,181063,390461
5760,5222,118107,33963,9204,154483,343239
5000,4796,127576,27000,8481,286719,504590
5741,5277,353135,54334,6944,177547,643904
11852,7777,365640,34982,9222,179968,626811
5759,5278,87553,27204,8407,247296,403738
4666,4648,293317,33723,8555,276920,666514
9463,8018,120730,64037,7296,180065,407146
5296,4741,122087,28981,7593,156615,342035
5611,5185,118166,33019,9185,720866,930902
9908,7759,116134,65648,6778,261067,510201
5537,5426,159417,64851,6463,216248,499256
11463,7352,285495,35129,9778,176224,543404
5722,5129,559722,26500,7611,261126,971124
6037,5148,114321,33519,9574,456546,641237
4759,4722,121993,30111,8352,184524,369572
6222,4963,293478,47315,6907,336074,711347
6351,5834,97447,29129,8260,190329,352201
5574,4907,120897,36444,9741,161527,357683
5092,5426,119531,27778,7482,152319,332905
6185,4870,293795,34055,9000,181610,548533
5815,5611,393188,84481,6315,173623,684718
5278,4778,121750,26685,7666,285266,473479
5092,4871,122218,28037,7740,327743,592774
5981,4908,119927,24722,7222,156442,335387
4667,4666,147228,25926,7296,191234,399924
9203,7556,98085,34222,9500,160580,356368
8981,7019,120664,28074,7685,188982,377424
5685,4833,124984,36167,9166,238255,436553
9592,8093,328840,27981,7907,161084,560070
4741,4907,317530,26685,7741,224430,639718
7130,6037,90888,35981,9778,234703,403535
5556,4870,117949,26870,6055,302827,506831
9037,7667,120620,34574,9018,180897,411572
6574,5778,106125,65685,7500,180447,389757
9241,7518,100390,36555,8537,204201,382350
5445,4889,120839,25259,7166,168234,381980
6130,5648,158288,30815,7056,221987,445590
5000,4815,247774,35296,9167,187186,505589
9815,7463,464352,63704,6889,333587,904495
7167,5851,469117,36019,9500,233138,779495
4630,5000,115346,29703,8185,150727,328313
6241,5092,120980,35204,8981,154185,345961
4482,4500,96652,44426,6518,152717,327017
11092,7056,118768,34055,8852,180582,376109
5704,5130,122143,25759,7315,175540,358961
9407,7259,177667,33407,8926,184720,436904
5611,5148,314727,28259,7685,205529,582644
5351,4982,115807,25925,6815,289136,514663
5925,5260,123645,34963,9111,386500,580755
4741,4704,641944,34111,8777,154107,862903
5555,5056,120544,28463,8185,153214,373924
8704,6259,98568,26055,7759,171042,336424
9685,7611,118962,27055,7537,155204,341739
5797,5333,755371,33759,9463,463307,1307085
6629,6093,257582,28685,7500,928929,1255011
10389,7092,362087,27833,7148,156021,606348
6223,5537,91926,35629,9241,318442,487498
9075,7407,121449,67259,7037,300011,542405
6407,5723,116102,29074,7778,159655,340609
6351,5371,84830,28796,7889,155279,338553
6278,5592,119224,25519,6166,216497,397627
8815,7537,116432,68389,6815,249306,530108
6833,5481,157938,36611,9463,206745,441775
11148,6796,303553,25926,7278,162833,533034
5574,5092,87337,28241,7963,247605,399497
5259,5037,111323,26555,7574,333323,508978
9481,7908,114550,24796,6759,160282,359738
8222,6148,116148,34352,9037,182387,376146
6204,5296,118153,54592,11556,183474,418201
10167,7814,127436,87666,7926,219822,478997
5185,4982,118403,24649,6944,248946,452349
5463,4945,270945,25592,7037,200423,531034
5778,5130,297079,26519,7815,270602,650978
9908,8037,92493,24296,6926,263079,428220
5370,5018,113184,54629,7148,342277,586496
11074,7259,119577,63074,6982,263902,491997
5982,5203,118675,26944,7519,157879,359776
10019,8148,92772,26204,6037,211355,372332
5444,5056,117388,66315,6944,249147,466886
5444,4760,125300,25315,6778,217734,400535
4908,4833,322120,40204,5203,210692,629756
10055,7982,329977,35796,9741,178612,588330
5315,4722,86723,27963,7297,248533,402553
5444,4796,111581,65499,6871,950913,1206752
9926,7370,111752,28871,7962,199506,382479
6519,5667,108516,35722,9370,177353,359943
4722,4963,106503,55592,6148,173163,366794
6111,5000,1135467,65926,7092,178118,1459918
10351,7926,148420,42630,9278,230540,467201
4222,4685,326813,65426,6555,252276,697458
10204,7759,504318,35000,9018,298363,889921
6778,5241,109657,27797,7796,229748,409757
4797,4666,110978,37240,8241,178799,360257
5351,4963,95464,50445,7111,237904,414127
4482,4629,99673,35667,9537,172992,342646
5870,4741,117844,25963,7611,205265,404960
10760,8055,85924,38963,6777,268427,449979
6593,5611,190502,35037,10537,181996,468423
9352,6871,336247,26926,6759,189416,593886
9741,7056,95864,35241,9555,265467,463257
5555,5167,119777,24963,6833,396053,610830
7482,6092,113671,30870,8037,184698,366054
5704,5055,89287,64556,7185,178971,366961
5296,5037,95552,36981,9722,179780,349794
9019,7203,118316,27666,7556,188238,407535
6889,5741,129098,27240,8056,162937,359331
9111,7371,349880,54055,6759,180506,622589
5481,4908,310293,25129,7111,257574,636089
6833,5778,88114,25351,7445,251180,403405
4815,5000,119988,24463,6167,239916,419664
9722,7722,110531,27037,7352,153801,331257
5000,4648,76703,35259,9500,183555,329961
4371,4870,119560,70703,5667,207327,429665
8889,7093,117879,35185,9037,152730,346406
6963,5685,156662,24926,7055,226447,479516
8055,6093,315259,26055,6667,155035,535886
10129,7408,319393,35648,9296,278696,691940
6575,5888,107770,25222,6723,229283,399813
5666,5334,118552,29852,8037,274686,474108
7240,5482,117909,35926,11667,180070,375034
5315,5129,100637,64833,7537,174973,376590
9315,7370,118809,36166,8019,195004,425683
6740,5575,113183,26074,7278,180703,354664
6037,5148,184893,36537,9166,178180,468923
6389,5629,370749,70999,6815,259859,735607
4871,5166,86755,34277,8908,248299,427609
6370,5667,119092,24963,7037,462219,641125
5259,4648,111524,29740,8000,186216,362886
10259,9074,101400,35499,9111,178100,358239
4704,4759,98701,54092,6333,175891,394720
6852,5963,623018,42314,7000,248977,952624
6797,5722,127470,35481,9129,186584,385961
4500,4685,298492,27945,7815,179393,540460
9315,7760,398997,35388,9056,249999,725404
4556,4704,92818,24055,7519,296383,450201
9518,6685,118731,24944,6852,225545,430145
6889,5611,121809,35259,9204,181281,376053
6315,5481,100612,28055,7222,175461,373350
6334,5574,105560,56463,6722,177808,373202
5703,5056,121880,65296,7315,169896,389794
5297,5148,166940,29389,7648,222780,452220
4870,5074,274909,27148,7648,207811,542200
5444,5185,93674,25055,8019,248695,423442
8130,5907,113568,26777,7630,328060,507886
9667,7555,119017,67833,6908,229518,471386
6611,5463,115373,26500,7130,154106,331794
6129,5408,96360,25389,7555,163768,319720
5741,4852,125569,25296,8018,153319,373406
6907,5945,120814,26352,7444,154203,336720
5518,5241,304449,52888,6185,180234,569589
5166,4797,327490,63833,7074,163136,585922
5259,5037,120904,38111,9870,307853,515404
6704,5667,116445,26778,7500,378718,557016
4945,5074,118802,35315,9148,180640,368609
5315,5130,98178,62907,6778,182579,375461
5371,4944,96090,35648,9352,181223,382165
6982,6833,115873,27574,8093,172440,354424
5537,5148,129026,34389,8907,217935,416294
4723,4796,290605,65425,6963,230226,706126
6111,5148,306202,35537,9148,179906,556978
4833,4704,94634,25315,8055,289012,465942
5797,5055,115306,48759,7759,259766,473794
7352,6277,115496,67722,7037,184725,406257
11129,7241,71538,31982,7833,158460,303183
5556,4759,122377,41870,6648,179196,411165
6963,5759,116122,26648,7407,153173,331368
6074,5555,158294,27463,7963,199871,420479
5222,5241,339002,26518,7537,156070,554256
5370,4926,89545,35981,9445,236916,401109
9371,7796,100365,26129,8704,238522,408979
4704,4833,115721,36741,8203,179740,367924
10575,6722,114985,63093,7352,185216,407202
4537,4334,99490,26648,7260,171044,329424
5518,5389,120274,34888,9315,185984,380905
5963,4963,118390,28889,7852,199108,381906
6593,5018,187209,27704,7444,300751,606774
5241,4925,381232,67889,10000,189172,675533
4481,4612,89775,25611,7389,274519,434368
5204,4778,118502,46778,8315,418790,619849
5871,5148,101507,65870,6834,180694,383146
4833,4667,156568,31389,7574,150726,371331
4426,4870,99666,35203,9167,183740,352331
5537,4722,117301,26296,7667,156383,333776
6333,5204,134953,28741,7833,187156,385442
4518,4704,347902,56851,6223,183169,618626
4833,4648,314778,63351,7297,181015,592496
5574,5111,89950,26945,7055,249863,406386
5537,4611,115270,24833,22333,266191,506515
5556,5203,113831,35592,11260,183630,374331
4574,5000,114872,67204,7166,180348,434849
10871,8574,99766,26315,7555,187695,358146
6149,5018,116920,62981,6833,170208,406665
10018,8223,153165,31740,8019,200314,429146
5389,5148,250170,27111,7722,155235,467645
4518,4834,645340,35814,10834,179377,896402
5370,5000,108755,27259,7389,235206,463886
10092,7963,114982,70574,7352,417311,645126
4240,4519,116783,26907,7445,158511,356738
9963,8037,90622,26722,8111,171692,332350
5982,5055,119442,80222,6518,183168,417331
4667,4611,119816,67908,7592,184922,404942
5166,5019,189747,37130,9870,279787,564237
9796,7944,267827,63999,6760,180911,553959
6759,5611,96517,27259,7834,268629,435349
5722,5407,116300,34407,9259,432790,620255
5519,4796,2378000,27481,7944,161264,2601097
5278,4833,1548748,52056,6815,185019,1818656
4982,5074,1634160,74722,5722,199514,1940507
5204,4778,915076,27333,7555,196437,1173401
5111,5093,2844962,47740,8260,261686,3241037
5426,4055,2508858,26944,8241,194608,2765224
5074,4871,1512255,33666,9463,229809,1814712
5537,5074,2296998,29056,7685,194506,2555967
5000,5093,1547098,25407,7574,189910,1795453
5278,5074,661385,25425,7223,334683,1063253
6056,4963,1368942,25296,8000,312048,1747064
4815,4926,1627021,36203,9426,186728,1931582
9185,7111,1286305,42203,7204,246538,1622379
5111,5093,1799623,34240,9463,162385,2075414
9389,7055,2590032,30019,8222,213859,2875224
5852,5333,2281427,38000,7778,272317,2634281
4814,5297,1652768,29870,8259,253628,1977155
5686,5111,1705198,36278,7315,447381,2223506
5574,4852,116451,26426,7703,157196,333739
5537,5056,91975,25500,7222,176190,331443
4944,5000,112739,26166,7834,156870,329405
5222,4963,111207,24907,7278,204661,374053
5574,5167,318322,24537,6445,186749,562423
4833,4611,326994,64500,6926,155336,577904
5426,5056,121629,36130,9852,293331,495849
5351,5186,119190,26796,7611,388807,568793
5241,4741,119121,34296,8926,183285,371313
4352,4833,145478,68648,6870,176520,422423
5889,5481,93817,35018,9167,186422,373053
10037,7537,113581,29037,8148,158214,343535
5093,4592,119531,34981,9463,186857,398850
10259,8241,331201,27018,7741,256906,658922
5092,4945,407761,32444,9648,221143,696959
4963,4815,88175,63593,6740,280823,506442
11130,7315,112087,31463,8704,350854,538627
4537,5037,111944,26149,7666,159684,353757
10259,7981,98672,35759,9630,186141,365905
4352,4685,109455,64129,5278,183414,386609
5148,4704,127756,25852,7759,183261,370109
4389,4703,167669,41259,9222,233237,504608
4315,4592,258284,25871,7481,220139,537127
4723,4759,89790,25574,7592,256616,464961
11204,7500,814606,50797,9037,360182,1270345
4537,4797,115096,65555,11944,410735,672219
9833,7926,112601,25648,7648,162009,343924
7092,5667,114588,29055,8000,195355,398201
12037,7481,117537,39778,7018,192184,394257
5426,5000,113672,36167,9574,221993,431646
10074,7908,167343,63537,6981,226803,500442
5019,5222,305107,27685,8352,265575,654015
11296,7500,114965,35611,9444,277274,483275
5352,5111,114544,24722,7685,378268,572923
9889,8204,113437,29445,8074,202412,389035
5241,5166,114610,55481,6241,180055,383053
5500,4889,98818,73852,5426,199846,429461
10037,8056,120805,34981,10037,182971,384220
5093,4870,114829,26426,7537,211429,386239
4537,4796,339629,35611,9352,167053,599034
11296,7259,317042,25148,7500,195770,580885
4778,5074,86085,28962,8278,287654,495386
9778,7833,111127,31629,6778,233853,426572
4741,4870,108484,26537,7592,157626,325369
5871,4574,117081,24833,8037,159528,335332
4537,4537,117605,84388,6056,187190,444701
10167,8204,115128,35259,9574,186203,382165
4944,4944,148559,27611,7556,156921,366090
5241,4629,319360,33981,9000,157693,588959
10000,7926,667975,27574,8685,191298,930458
6926,5907,109112,34722,9648,335497,561256
9945,8278,113320,27018,6426,247974,437720
5482,4870,112992,34555,9130,184877,368480
6130,5333,103108,70185,11648,197964,411090
4648,4889,121817,33444,9445,187607,399757
10370,7926,541376,49703,7445,407026,1040642
5741,5167,182345,28703,7945,186356,454831
9963,8037,376887,34703,9537,251147,707385
5593,4833,116671,63351,6963,281716,549275
10185,7963,115861,26426,7648,443154,627885
5703,5074,111107,30241,8203,198707,374849
4907,4852,109112,25537,7037,160016,326906
4685,4907,101135,26093,8074,182067,341979
4612,4611,110899,25611,7407,209821,400868
10981,7574,119220,24685,7574,183279,371609
6778,5537,154798,28593,7648,291717,566312
9889,7981,299396,36926,9944,182509,563460
5167,5315,85253,42055,8167,243393,411387
5315,5185,118554,36685,7778,370221,560238
4371,4648,109763,26092,7834,514770,740311
10037,7926,114342,35889,9370,186416,381887
4981,4723,111051,64296,5129,204318,411294
6389,5259,117130,36574,9519,187572,400516
10130,7833,134117,27500,7741,199770,405331
4796,4593,287454,65222,6685,173636,559663
4963,5185,94201,35185,9574,235927,407072
5963,5296,101558,28277,8500,234515,406034
4593,4759,114322,36148,8574,186139,371979
4963,4907,114050,63796,7055,182819,393664
4389,4463,115092,35722,9277,180833,365591
5851,5352,116856,29741,8333,199161,381090
4444,4445,118694,35500,9407,191822,382479
8296,6500,171181,28240,7352,157392,395720
5963,5166,271667,30481,9167,189460,528626
6056,4944,85524,26148,7463,297492,469127
5519,5092,113604,49203,7796,392320,590497
4629,4945,109442,25481,7222,211964,379924
5407,5037,116206,24981,7537,162737,340683
5519,5074,93267,46388,6389,187102,359702
4963,4740,937139,64870,6945,183373,1218733
4907,4815,127036,26518,7612,193517,380757
4481,4667,341799,24704,9240,184587,585255
5907,5148,301805,25537,7444,204563,567552
4778,4611,84181,25204,8333,253558,403054
5555,5037,107408,26500,6260,238163,410442
5093,5500,117710,35462,9760,182233,371128
5204,4759,96567,25463,7222,160080,314832
4575,4666,114405,35074,9389,183204,367128
4963,5222,110392,64203,6834,158495,365776
5704,5389,707838,35759,8852,314137,1099809
5481,5278,238956,28722,8149,168152,493312
10667,8222,727552,73703,8667,306516,1153049
4574,5074,102448,45111,6648,417141,597885
5501,5111,494359,31352,8111,253951,819625
5259,5111,111885,34815,9148,189965,394090
10222,8148,72797,26963,7759,172072,315350
6759,5667,115117,28259,7444,156326,336590
4537,4722,117141,35592,9463,397690,586200
5611,5408,175015,64148,6963,183760,456423
4463,4592,365946,35426,9500,180810,615681
5593,5018,85471,27685,8074,263212,419738
5852,4889,117439,28574,8037,345781,529016
5149,4555,137277,24444,7797,161628,356498
5037,5148,117782,23815,7519,161197,336406
5574,5056,95454,34814,9500,158748,328091
8889,7019,116088,28370,7815,193706,419257
10389,7240,113520,27185,8148,157368,340183
5352,5111,210691,24981,7630,241955,511275
4926,5111,299344,23240,6908,189801,544200
5278,4981,93850,26444,7685,307296,488164
10148,7278,114299,26352,6314,237273,419849
4667,4778,114489,23481,6907,160713,332517
8574,6944,112976,35055,9463,183763,371349
4815,4907,110333,41259,5463,199665,419683
9444,6278,112930,34759,8889,157124,347498
9518,7167,136213,27185,7407,194396,432756
6796,5722,252403,35296,9333,184095,510145
8685,6667,739165,53833,6074,269718,1103494
5167,4815,110691,38111,6685,319899,536775
6723,5740,115252,38389,9092,179562,370146
5000,4963,105757,27296,6963,158631,358609
6500,5630,109317,33408,9222,186977,365794
5000,4871,109970,30574,9630,180490,392128
6982,5852,115012,25704,7741,177152,356646
10333,8019,162758,25463,7982,160369,390812
7019,5629,320152,35667,9166,201957,597960
10222,6574,83843,33945,8889,253192,434961
6834,5907,111441,27814,7741,990942,1166771
5333,5222,112316,28204,7907,190275,363738
5185,5241,90839,25686,7388,160233,309424
5796,5111,97567,67407,6574,182746,415201
6740,6093,110276,25518,7167,188278,359664
5037,5018,121022,28185,7703,270865,447867
4926,5019,227970,25333,7797,185990,471516
5889,4852,333790,37018,10204,181892,623163
6740,5797,115296,25462,7000,291554,493460
5611,4981,615206,72352,8574,266733,988049
5315,5093,110324,64259,6926,184192,390480
6278,5018,87330,25741,6889,184891,365776
6815,5759,156557,42481,9056,174719,410516
4723,4907,118840,25351,6852,160826,371628
6888,5797,142863,24815,6666,213542,415830
5000,4778,358830,32537,8963,249666,674459
5982,5389,470668,41389,6796,260105,808755
4537,4852,102767,33833,9223,230175,404349
5185,5000,112884,31407,22926,294947,505553
8240,6112,110221,26056,7203,193073,366312
4241,4722,102634,35315,12741,181104,389905
6907,5704,113898,26074,7148,204193,380312
5519,5278,115033,64777,7408,181928,394609
5426,5092,184353,25889,6833,203997,446257
5241,4944,369839,28630,8148,183010,649589
6926,5833,89160,24370,6556,311560,484923
5593,5092,116109,46704,6889,364499,560201
5445,4852,116392,36166,12056,186513,375702
5389,5000,112249,25203,6926,161120,365591
7408,5907,100402,41907,6852,169819,350054
9926,7963,110073,35148,9167,183758,370812
6722,5463,112505,27796,8352,230697,444016
6796,5759,283343,26111,7370,157988,502256
5537,5130,399754,33037,8648,205483,672255
5629,5241,85742,62593,6870,318663,503719
5574,5148,90081,36555,8056,197676,361294
9723,7611,109437,69833,6870,180654,399331
4537,4667,118109,29407,8056,161241,376220
7315,6000,106448,26333,7148,188755,360165
10093,6963,112360,36296,9833,181731,372072
6703,5352,141661,69352,6926,181133,429775
9111,7389,350924,54111,6982,185424,667403
7167,5852,629651,26222,7240,187937,880717
6148,5148,105714,26962,7537,755263,925772
4926,5426,118423,26537,7074,157909,334980
5518,5185,122428,24889,7092,161923,343109
9834,7666,113563,26351,7537,159751,339369
5870,5019,110882,25074,7000,160857,333516
8481,6889,111702,25629,7426,161149,373275
7333,5908,179873,23741,6815,171143,410220
4834,5092,288786,64092,7130,176415,596682
7593,5889,90254,37518,10649,284669,455627
4574,4741,108555,27241,7537,333312,502682
9592,7482,105301,35463,8907,186345,403831
6722,5481,111696,25796,7426,158914,333701
9445,6759,89830,56481,9686,183871,371758
6334,5629,113650,24074,6722,180275,355739
8833,7333,112840,29371,7814,192196,408349
6796,5834,252548,25092,6760,162449,475831
9704,6833,296609,26388,7482,259184,621015
5852,5334,87836,25093,7463,330568,491442
6685,5815,110527,59629,6556,423137,627848
5537,5352,128236,26759,7630,159021,347646
6260,5278,116240,25315,7296,161258,336462
4703,4778,119301,23056,5889,161900,370127
7000,6222,113028,25723,7203,207007,381275
5426,5000,151163,26611,7741,213464,461794
7222,5778,298501,24611,6908,162885,522164
5185,5037,86266,25685,7463,253973,401238
5574,5093,105456,25352,7389,294504,480868
4778,4611,111332,24296,6963,320240,516794
6556,5426,107726,65573,7112,183661,428220
6945,6111,161453,44444,10574,199767,444090
5482,5018,117625,24741,6759,205651,417331
6296,5815,112407,63278,6778,185757,395479
5760,4462,173894,35500,8815,221882,464942
5240,5260,360620,64092,6371,159358,616385
4908,4963,108756,34777,9056,317630,516053
6593,6111,108428,29611,8574,354977,530164
5666,5334,108210,26685,7593,204380,408627
6370,5685,113457,25925,6630,198208,371423
5000,4908,108183,27445,7351,500554,704366
6574,6037,108467,24259,6704,162291,329683
5389,4611,113583,29222,7870,237230,452275
6814,5834,325124,54203,6278,185688,599459
5685,5482,391554,70797,5722,248349,742385
4870,5074,92413,66555,6982,269807,500960
7519,5666,112974,36203,9482,425597,614459
5889,5482,111404,25667,6852,162242,332147
4907,4852,109725,35814,9296,184941,363868
5167,5018,222581,63222,6703,185214,502349
5722,4852,171382,35111,8981,262930,498811
5611,4963,145869,29518,13241,213851,427960
4574,4870,359133,35574,9370,186253,649515
7055,6148,315101,65870,7111,183526,599607
6352,5481,105144,29315,7796,377631,582682
6556,5611,110482,25463,7648,161535,331721
5796,5130,110079,25852,7389,161104,331591
4444,4685,119992,23852,6889,162580,337016
6500,5093,111478,25204,6907,162872,368054
7056,5870,116428,36426,9778,895010,1085920
5093,5037,701338,62852,6926,305619,1104272
4370,4593,398622,34167,9111,252800,715644
11167,7407,109851,24815,7277,304332,547590
6241,5592,112948,34111,9315,457400,677218
7315,6037,1430152,26185,6833,205598,1697805
4870,4797,93421,25759,6519,160447,344850
8018,5852,88815,33074,9296,212220,376257
9796,7630,106561,57852,7129,228567,431961
6314,5463,113789,33777,8908,184839,372294
9000,7204,285052,54370,7129,232242,609737
5260,4833,431038,34703,8093,209995,710848
8834,6944,109248,69852,8240,299528,519682
5129,4834,114123,38185,8685,388596,576404
10149,7444,245832,27962,7537,457443,772163
6612,5925,109467,66315,7278,190809,405480
10019,7129,87546,36074,9167,245915,410627
4592,5000,110588,25371,7314,160540,328276
5815,5148,141019,35074,9407,186720,397627
5297,4814,283598,25055,6834,163548,505497
10611,7926,309158,27444,6981,305524,739940
5574,5148,95609,33870,9611,233631,401442
4704,5037,109817,29370,23592,263755,477460
5481,5167,83248,42518,8278,210917,370423
4556,4593,101808,24167,7148,163745,323961
10593,7981,115795,26797,7722,203740,423257
7481,6167,362336,35093,9240,298975,760718
5685,5223,169138,24352,7352,261525,489479
4796,5056,284643,33963,9500,205557,593441
6870,6111,86390,41315,6907,238423,403812
4704,4722,112784,34425,9630,384121,565478
6555,5297,117473,29130,7833,157265,373460
7148,6019,104034,24556,6907,164057,328295
5425,5149,113335,26908,8277,167367,341423
4445,4926,110766,23760,6666,165343,330591
5981,5000,115272,26240,7426,170912,380812
6870,5982,309072,73981,7760,212924,631200
5130,5092,307485,63426,7166,186438,626700
6352,5500,109324,26370,7204,294914,467090
5519,4907,106255,37833,8056,282039,475182
6481,5482,112001,29444,8167,194497,370998
5741,5278,84283,33963,9685,187678,341535
4629,4834,112325,43537,5667,199617,385053
5463,5037,108757,26222,7222,161908,329665
4796,4852,133540,34203,8889,206255,445294
7500,6055,283396,67574,6870,238157,652792
5834,5425,414179,36481,9555,283929,772940
5389,4889,95554,25871,7092,247406,403849
5278,5000,109745,36463,8759,186716,401516
6926,5926,105324,24926,6852,164785,329517
5203,5241,114477,24241,6907,183169,354183
5315,4740,114538,56074,6963,185812,424238
6630,5722,109765,24074,6815,200770,370368
10407,8130,161511,36166,11278,258764,537941
6982,5685,288219,25555,6574,200130,550053
9666,6889,79595,27537,7741,299365,499441
5981,5556,108230,35074,9277,420378,634663
6778,5556,86401,26482,6740,1495923,1644732
5518,5167,99314,34241,9407,187740,357590
9555,6667,88838,24574,6814,202328,389868
6333,5796,111769,56888,7260,578079,783495
9537,7167,112218,34648,9092,196225,384220
5759,5167,309037,66463,6759,181071,591348
9630,6870,378857,31129,8482,163843,648663
6667,5815,86455,27056,7981,253783,407942
8482,6889,106831,28518,6815,237852,413109
5963,5426,110392,25037,7018,164015,367609
7278,5445,293210,32130,6796,279379,644385
9611,7537,85032,23981,5982,177374,359350
6667,5537,111314,26556,7574,159628,335702
9148,7056,138449,24055,6630,201827,438813
7444,5722,86880,26667,7667,263729,416405
5926,5500,395421,26444,7500,303076,763700
9130,7314,94372,24611,6889,246460,408312
5797,5314,104451,64537,6796,248973,487923
7574,5908,110900,37463,10074,191598,378535
4685,4889,96405,24593,7000,162093,317406
9686,7148,111336,32555,8889,252792,437054
6666,5500,109730,63574,6759,206454,446479
7537,6055,161402,36352,9537,263392,503775
10166,7278,351554,25648,6704,164739,616107
6592,5593,82079,30203,8389,288808,441090
9444,7315,83806,24426,6611,461246,647404
7370,5945,109089,26907,7963,160447,333572
6000,5370,80057,26333,6982,199682,342276
9185,6833,94673,34056,7852,188454,356350
5389,5148,111937,69259,7555,255080,479812
7741,5778,114183,31185,7703,163890,350072
9629,7445,216132,36611,9722,194328,523478
6463,5593,353303,67944,6759,232490,689496
9760,7129,81532,26963,7148,280688,430368
6056,5037,532720,34870,9389,253053,860180
10130,7777,107209,25926,6833,162660,335498
5797,5148,122158,34074,9074,189581,380535
5889,5370,389791,65389,7037,761850,1249807
5666,5111,111706,35629,9111,186460,368757
5722,5203,136933,29555,8130,407935,644625
7685,6074,255529,25056,7074,198838,515552
5203,5186,680033,34944,10203,195925,946976
5870,4796,93430,46296,6833,475030,647255
5501,5074,110526,36463,8315,187434,402961
6963,5648,349161,29592,8037,278058,695644
5055,5093,86426,26278,7315,176239,321146
5240,4889,116839,34611,9481,188030,408997
6481,5889,113010,26167,7407,207062,381053
5463,5092,537921,38815,8463,240222,873791
6740,5963,295520,26907,6982,206996,564015
5426,5019,83581,35018,9389,245676,403442
5111,4833,108883,34851,9445,409763,590496
10444,8204,106387,28445,7796,281018,458275
4445,4611,104948,33426,10407,189106,364609
9815,6778,91416,72648,6963,193915,434757
6741,5796,116495,37445,9611,288613,480034
4371,4685,108112,64925,6685,187813,429942
6444,5704,344653,36777,9408,183344,600922
5241,4926,360102,27444,7204,163191,585015
10463,7574,107053,35444,9259,321797,561812
6908,5870,112928,48685,6796,373514,605145
6463,5575,112248,35259,9129,187010,373387
9889,6648,81365,31296,8296,197875,351776
9092,6778,87944,35203,9241,182055,344868
7018,5352,111689,26889,7111,197550,374257
9333,7315,131379,25389,7111,209933,440219
7500,5926,277884,26889,7852,214391,557516
9685,7186,307037,24555,6630,201034,571553
5667,5333,90858,35167,9444,235103,436998
6685,5778,108437,25537,5629,288042,482645
5667,5037,109886,26815,7592,207242,412183
6186,5537,104910,24055,6593,210088,372220
5222,4833,114545,35037,9111,166231,354127
8944,7223,110901,26315,6741,226837,438960
7204,5963,166017,35760,10888,222869,468034
8908,7000,360763,24518,6518,209179,632423
5537,5260,101972,27297,7833,335191,511201
6574,5629,109423,26722,7240,414094,588385
10926,6685,110390,68167,5851,256460,490664
6555,5704,108784,26759,7778,168474,340146
5407,5167,87567,39926,6370,160820,354812
6166,5593,113442,24611,5889,219667,390257
5223,5055,112207,63129,6834,744640,954810
9241,7352,300267,26036,7482,189601,589830
6315,5629,330050,27815,7722,196836,592830
9297,6926,83833,26592,7334,273590,424905
6222,5167,103264,65518,6815,448103,684292
6482,5648,111510,26907,7611,161322,338646
9278,7500,84052,25982,7555,163521,315165
8871,7407,91372,64852,4796,200681,393868
5926,4963,113118,24722,7741,165528,341258
10222,7167,83456,27000,8111,255727,409849
6260,5240,255683,26648,7408,162203,477646
5667,5333,308022,34814,9260,189457,567590
5519,4944,89657,26000,7333,252712,404350
5222,5093,109458,35352,8888,188281,402405
6963,6296,105167,64833,6852,187961,393072
5130,5092,68599,35703,9741,160937,299813
5611,4926,115418,56092,6982,185154,425497
6815,5722,107979,27277,7556,198593,369220
5167,5018,161725,36314,9945,205459,437961
5611,5241,321339,26982,6870,201565,581996
5759,4908,104586,35130,9185,326022,519182
7055,6037,111129,46148,6963,421423,614274
5315,5093,112856,35277,10500,185531,369406
5759,5259,304083,43203,7796,235896,639052
7463,6111,88292,34463,9166,191669,354757
10278,7722,110334,51445,6648,193590,430553
6611,5666,108266,36314,9667,266751,508163
6037,5426,247732,27722,7797,162524,506700
7019,5722,362145,26703,7667,189111,617182
9815,7574,104892,26259,7389,321180,537201
6871,5703,108064,61092,6926,1036707,1240937
5574,5259,107624,26093,7462,163764,332683
10945,6648,98759,25944,7296,163925,329980
4815,5019,94597,24074,5704,187067,372165
6685,5870,108899,65611,6759,162618,371979
4297,4685,145644,37426,9778,184353,403535
9740,7186,297093,25129,6722,164330,526219
5149,4722,634134,33796,9296,327583,1066883
23722,5926,70808,44167,6555,360393,528312
5037,4852,104313,37333,8611,186445,397794
7759,5944,106133,32500,9741,193069,392201
6722,5778,107175,65462,11315,184138,397183
6092,5797,108328,82925,6445,186485,414460
10000,8055,578831,40537,6574,260997,942179
7463,5889,167579,28389,7852,267900,503627
9852,7204,330250,36592,10352,259691,669922
5351,5371,102497,25092,7259,307001,509830
6574,5481,110613,23852,7018,362422,531978
6463,5056,108877,34815,10981,190288,393498
6074,5611,107067,25315,7241,165838,332849
5556,5314,84536,32648,9278,188481,343628
9297,7648,111763,65814,5574,248624,501312
6834,5462,111472,34722,9908,189248,375924
8778,7352,248717,30277,8334,204132,523275
6315,6018,375870,25463,7129,166646,602700
7574,5907,100839,34889,9333,273900,453220
9963,6981,101974,28537,7555,442005,647292
6611,5667,106645,27926,7389,210112,379553
6241,5463,112965,34037,10167,191125,379609
8648,7315,87600,32204,7666,187343,346905
7203,5852,109605,35593,9629,162597,345164
5723,5055,127906,33871,8981,193296,424739
7092,5519,279485,27074,7407,199586,544385
9593,7463,298619,35093,9851,190767,602145
7241,5685,86051,28204,7463,250391,404553
9815,7537,109019,25704,7629,309886,485386
6629,5648,103617,25204,7000,168696,335831
9833,7334,112529,36445,9962,193062,383961
6685,5611,113016,23593,6648,204019,379183
9278,7371,105521,33852,8925,193570,374795
5982,5630,166248,66092,7241,214138,480035
6908,5574,288567,35241,9018,190689,555515
9648,6815,78666,29260,8444,263239,414813
6333,5611,109116,34722,9055,368511,550496
9408,7518,100695,35278,10518,188766,404405
8074,6000,102755,27148,8334,163909,332479
7777,5982,86020,26851,7297,189682,374627
6481,5685,111766,33463,9926,785803,969364
6481,5574,110549,64407,6685,216524,425553
5185,4926,230035,26666,7148,234204,522978
5796,5371,333206,25370,7074,183958,610737
6593,5981,81675,28556,8685,254638,404498
4574,4648,109513,67407,7630,383780,628403
6500,5944,104630,63277,7111,191313,394238
5241,4778,108671,31185,7760,167641,340517
6297,5629,93992,25574,5852,186729,361961
6426,6000,110404,25667,7333,165891,337461
5463,4833,139835,23611,6796,266033,485553
7111,5611,363228,41778,6907,191528,631181
5093,4907,752695,108592,9130,379428,1275308
10963,7722,81814,25000,6778,257795,407850
5223,4999,103763,35926,8852,190995,364609
6444,5630,100249,63741,6777,190731,388720
4592,4667,98569,25241,6648,195503,349720
6000,5222,109037,64296,6000,188313,396423
9260,7425,108413,34889,8852,189604,374406
5685,4685,167307,62259,6741,183524,449442
9537,7389,250404,35777,9352,197390,563330
7259,6037,83669,38537,6370,246255,406312
6148,5833,107137,34463,9352,326990,516960
7166,5908,104031,29999,8426,197634,368460
5593,5018,116573,67759,6926,186388,437831
6222,5574,85337,36408,9592,189031,347405
5167,4907,114417,160240,6407,165267,508979
6963,5407,106015,27407,7296,209040,377794
4740,4723,260833,26500,7518,200368,519497
6222,5740,346172,34722,9537,163696,582496
4648,5055,109382,27944,7870,319802,529885
7500,5945,106720,35277,9222,454592,635997
4481,4537,104670,65907,7537,187940,389683
6444,5797,111100,29130,7666,162065,360424
6630,5352,85050,45814,6797,187726,353220
4834,4611,106314,25203,6760,202350,399498
6352,5259,128505,36037,9296,299197,499812
4556,4685,303712,66278,8685,267580,699329
6333,5463,614365,35777,9037,161317,881088
7111,5667,91186,29185,8056,247107,408923
10759,8685,108340,24111,6018,254399,429719
8778,6907,104549,25963,6833,165154,368868
6741,5833,66536,34833,7685,194796,333517
9278,7389,109855,43741,6944,192032,419072
6334,5574,103360,28259,7463,253953,422368
8741,7389,159365,36666,9741,190485,429312
5815,5666,369721,68185,5889,219516,690718
8575,6703,82876,35777,9667,282493,444516
7129,5963,109529,45074,6722,435635,647144
6982,6000,116033,30759,8667,317186,518923
6056,5389,109168,37352,9796,187330,371202
7037,5444,90266,26056,6148,191899,378183
6185,5611,105345,65407,12426,256579,494756
5796,5370,104591,34945,9074,191351,400257
6019,5259,238244,29444,7889,170661,473275
6203,5278,382730,40092,6759,186971,643403
5666,5371,87902,34408,9333,256669,433960
6352,5629,110538,45277,7630,423367,615348
4648,4889,101932,62240,6704,183807,379053
6556,5796,107973,27223,7037,164413,334202
5037,4908,95163,34056,9407,313667,506942
6056,5611,112409,64852,6574,265662,486534
6778,5574,131656,37055,9370,295231,529720
6259,5166,315586,121351,6815,217985,698681
6240,5352,307110,27759,6944,227554,596774
5796,5204,84152,35019,9240,238846,413738
6704,5574,106380,25407,5592,315396,483998
5981,5278,107181,28074,7667,201058,404868
6259,5426,105630,24667,6796,203812,368349
5315,5111,105654,68611,8778,161363,370035
6556,5870,105308,34592,8648,193395,391387
6537,5666,158498,30222,8629,204927,429479
4815,4833,376391,44907,7259,191162,678515
6315,5463,78749,35296,8870,317009,470590
4889,4852,105069,44833,6814,418281,620941
6870,5297,110888,37815,8462,187166,371868
5204,4833,81653,26963,8222,166216,309369
10315,7889,84861,27056,7629,206693,381553
6537,5500,103182,35759,10000,318186,494071
5926,5166,103816,25148,6963,186220,352368
9629,7167,981836,25111,7019,168935,1215882
5000,4834,396528,55296,6889,190153,676978
9259,7444,100758,63629,6926,285722,517849
7037,6148,539224,26870,7629,318161,935161
6574,5666,105509,23722,6963,170490,334294
5000,5000,82254,30907,7538,187170,333183
4407,4722,109074,80333,7982,191628,449275
7166,5667,113098,34851,9445,163826,349183
5056,4889,134269,28222,7463,306339,531145
6445,5814,348218,27241,7296,188372,632608
6426,5444,87724,32241,7370,266200,424127
5907,4963,86118,29648,8000,253473,406423
6000,5426,107512,29741,6963,163949,334517
5037,4796,101258,29259,7407,171945,369627
6351,5815,94059,27334,7537,191957,383386
6611,5852,113564,80870,6389,190748,419645
6167,5518,111199,30889,7093,170373,348017
9870,7574,147445,28277,7371,236960,453830
5370,4963,262486,27926,7963,164067,490978
10592,6760,79362,30352,7278,272987,442349
6537,5741,109886,26592,7111,424130,596460
5334,5000,107280,28648,7555,201552,373943
9093,7277,100304,35815,9222,191972,370535
5704,4870,87068,29055,7056,175356,346627
6463,5741,102647,23704,6629,170944,331628
5000,4870,104412,35444,9055,237735,415535
10407,7611,176990,27222,7482,300359,581404
7130,5666,279458,33945,8851,194743,544849
4630,4889,103297,70389,12926,315256,542257
6241,5722,110895,26352,7537,303899,503238
7000,6297,106955,28444,7945,165487,337313
5611,4648,102016,35833,9445,191574,398109
6166,5500,93596,45185,5574,209310,380442
6204,5407,108175,27740,9149,189879,396387
6130,5426,536307,38185,7852,304780,943865
6296,5259,332388,24740,7426,216980,644366
6463,5370,432614,28463,8130,310640,831384
5907,5185,82658,27982,7685,254358,418571
6314,5389,99145,25611,7351,169706,328998
5518,4889,100409,25925,7278,169164,362868
6000,5426,107340,24537,7259,169825,336610
4796,4907,110104,42370,7574,195043,379664
6444,5704,107905,28278,7796,207500,413090
7037,5612,157632,36796,10370,190218,423053
5463,5092,201360,25907,7648,334619,622348
10166,7556,80884,28185,8092,257948,428979
6019,5851,103148,35611,9926,460793,639941
8685,7445,105782,25759,7019,168623,337683
6019,5574,124824,34723,9537,319672,518182
6167,5278,94904,71814,7149,197594,434090
6611,5667,106057,34852,9574,309996,488016
5463,4833,106951,63722,7297,192602,395887
6278,5722,240845,35555,9000,163968,498830
6185,5519,363534,30389,7963,199296,627923
5852,5481,102670,34074,8926,327883,514145
6982,5463,102693,52204,7018,392100,582738
5537,5166,104959,33666,9111,192485,402238
6463,5629,78260,27759,8000,180794,322868
5463,5111,79246,27500,6741,227400,400590
6759,5500,109159,65648,6815,237524,481312
5389,5092,128349,26426,7574,267075,465515
6241,5555,216132,25185,7407,222477,498645
5629,5241,770856,25315,7445,357377,1201234
46981,4537,78809,36074,9445,261318,456868
5277,5093,98869,28630,14018,295684,498904
6204,5518,107078,25500,7593,167994,335109
6574,5500,68065,34852,9777,167712,307758
5778,4870,108533,24000,7888,212577,380516
10129,8037,1295830,33370,9296,250866,1643527
6352,5518,155802,28167,8204,166566,388535
9815,7630,292695,32852,8704,198579,566497
5555,5074,79257,63093,6870,293982,496108
9167,7018,107521,35093,9185,374198,558182
6704,5537,107378,28407,8055,165547,340424
9463,7389,101698,64592,6796,193375,434479
7278,6555,83981,35945,9000,194776,353016
5148,4834,105411,26019,7148,170512,334091
6389,5481,104195,28926,7889,263451,431368
4833,4796,248681,25111,7945,196464,502571
6185,5389,353611,27093,7722,167608,584237
10204,7611,79173,24111,7389,263751,410313
5111,5111,103900,64407,6908,471485,675200
9148,7407,567293,36833,9389,300925,984698
7723,5981,101892,26148,6982,169143,335999
9797,7407,89768,32444,8870,330971,494090
4685,4667,104884,65870,6518,265762,504627
6389,5574,119277,33871,9185,194702,384127
5537,4852,237263,30186,8148,208085,512312
8963,7370,301398,35630,9055,229118,606478
6871,5925,80868,46240,7056,244260,409350
5352,5019,102464,29760,6888,308978,477535
10037,6833,258432,44703,6630,459434,801976
4426,4666,108827,36407,9519,190301,368720
6185,5908,103683,26278,6907,222593,390072
9222,7463,104800,34537,9555,204439,419997
7759,5945,154378,64389,6685,328915,584015
5889,5296,328198,30296,8037,196855,623589
6481,5648,74908,26148,7852,297664,437164
5000,4870,103024,27556,8018,489066,688996
8259,5667,104936,24129,7630,208099,373701
6370,5519,96848,25223,7500,170964,329090
9870,7741,78595,27944,7685,196997,343850
5537,5277,106008,50592,6944,162899,354757
9815,6888,104828,35796,9907,209690,426386
6575,5685,253257,26908,7814,165444,484146
8593,6870,318355,35704,10222,193216,589552
5592,5352,106176,63092,6908,265822,504460
7074,5574,110551,48426,8777,357002,553052
4685,4908,106482,29611,8111,191349,359757
6241,5667,104746,62333,6778,195789,433331
6518,5574,87215,36722,9500,187876,348553
5685,4759,102201,62889,6574,195612,428775
6277,5426,128021,36630,9259,227329,427627
5666,4908,222766,28593,7500,210768,529515
6056,5389,303382,28648,8185,208930,576182
5148,4630,890181,27648,7593,480125,1433010
6240,5686,103448,67111,6685,900064,1138789
6223,5333,102954,27426,7852,193377,357850
5870,5037,88293,27981,7648,175929,326072
5222,4852,108723,24481,6186,192237,391516
6407,5445,107210,25240,7352,170270,337257
4703,4815,165474,25963,7296,167024,390386
6222,5482,385737,24056,5926,199110,675811
7167,5574,106929,65555,7278,299698,510516
4592,4723,101508,36963,10240,450156,657626
6259,5463,621807,27945,7592,249243,933791
4889,4814,103963,27482,7685,166924,353164
6648,5315,85023,26167,7389,183623,329646
4722,4870,101696,54055,6389,195507,382035
6223,6314,106330,65741,6963,192205,398276
4797,4777,208502,27018,7537,167571,457109
6907,5500,405617,54352,6518,190861,686755
9760,7814,97772,24759,6944,395004,560849
4926,4907,101610,33555,8111,302463,475201
9463,7166,100467,28703,7186,210772,413479
7130,5907,101102,35092,9778,195045,371646
4277,4797,98365,45852,5685,204836,379108
5426,5000,102778,26926,7055,214331,398738
7574,6296,114839,28371,8333,319399,499830
5204,4685,344510,35129,9148,174821,588701
4648,5241,779402,47963,5778,409220,1271845
4555,4871,81113,46704,6926,412309,606515
7407,6093,102952,64963,6814,470323,674274
5518,4797,105864,26019,7129,167727,368109
6574,5482,111110,28926,8167,173554,348295
5148,5037,106801,65777,5852,162179,366016
4371,4630,103509,26500,7593,221507,383683
5574,4908,159829,25630,7277,169595,387980
4352,4482,331056,24333,6722,172552,593071
6851,5889,101414,25426,7296,404676,569848
4592,4704,81123,58833,6185,415745,620552
7074,5704,100887,25370,7056,214222,376961
4722,5056,102225,26722,7204,205032,366183
4667,4852,115360,36037,11500,186860,410776
7129,5723,112606,89481,8111,171003,409720
5426,4870,101944,64926,7167,192924,428701
6519,5463,191282,36204,9222,190456,454109
4555,4963,290825,65703,6593,209709,633126
6741,6037,107849,29926,7740,336075,512127
5426,4833,98984,26296,8556,760141,939569
7019,6056,97210,65796,6945,192824,392591
4741,4722,85457,36981,9796,197505,353979
5167,5037,117351,29315,7999,191370,371572
5556,4703,106912,66722,7351,173421,414775
7055,5926,131046,26519,7333,167471,360609
4870,5018,258810,25167,7296,204854,521460
4815,4778,354463,26370,7481,340367,756440
5500,4703,85210,36704,9777,246011,443404
6926,6111,102233,66445,6851,454597,657922
4796,5000,97887,35352,9037,193445,363591
10704,8037,102910,28963,7629,168014,376387
6852,6055,106545,82130,6203,195139,422516
9130,6963,100828,27851,7574,167875,335294
5537,5018,160537,34426,9388,205628,439905
9314,7037,249894,63611,6851,196604,548996
4925,4945,80751,29963,8018,256395,404664
9240,7389,97997,26500,7370,425019,586996
4982,4944,103391,64314,6593,256441,471905
7445,6037,100118,25537,6944,169325,331369
5889,5111,81438,35018,9593,197653,349850
5018,4871,103850,40259,5389,210351,384460
5075,5203,91652,36685,9389,193661,390591
6778,6185,232027,29445,8222,200896,498349
6018,4760,395661,33036,8871,169373,632496
4667,4851,98520,27129,7685,346441,506386
4870,4945,98783,50555,7963,347473,565348
7260,6222,98622,60537,6314,191025,385461
5685,4963,77553,27222,7037,180131,319424
5001,4962,96633,62462,6148,190533,380832
4537,4741,105452,25074,6777,172121,368924
7001,6018,127902,26796,8222,168467,360998
5463,4908,263647,22462,6889,175462,528590
6500,5648,375114,25056,7129,314252,751014
4926,4852,82825,23166,7111,255137,413998
6389,5444,94941,61667,6166,256243,444238
5389,4852,97649,34371,8925,196590,366739
9648,7667,49895,29296,6815,180788,303442
8852,7444,98549,31407,8278,269930,504756
9222,7166,108036,61722,6277,188463,399960
10241,6518,141689,28722,7722,195421,405127
5092,4834,310470,62704,6111,170082,573904
6519,5463,76588,25666,7222,263633,441664
7241,6111,101704,24407,7130,243553,410202
10352,7297,98486,25963,7148,204697,370609
5370,5019,102603,59111,6111,193136,422997
7018,6000,76090,25426,6907,186020,322979
4760,4981,100298,33037,8963,172459,374591
7333,6111,105619,26666,7019,180306,348683
4722,5000,305419,64852,6962,193930,598681
9556,7648,331480,32777,10593,196554,604534
5018,4852,95727,26666,6926,362789,556941
7648,6130,143065,33574,8685,398654,615089
7389,5759,100440,24945,7018,171243,335850
9074,8222,85205,33166,8204,199886,358757
6185,5278,79062,36166,7000,254510,440960
7778,5981,103289,63667,7037,195690,398553
5981,5259,121702,29963,8259,211019,400534
9760,7648,267798,24463,7056,172662,538386
6889,6018,297785,24982,7018,252693,613682
10055,6630,71828,33481,8926,256188,405849
9389,7185,96685,64055,6482,385830,587774
9259,7648,2448848,33685,8648,194582,2755188
6926,5000,1636763,26074,7093,199782,1897545
7019,5407,1827693,26426,8019,189387,2082377
7612,6481,1296219,23482,6518,281994,1640213
5556,5129,1347687,29722,7037,377044,1822360
6630,5815,1966412,22129,6704,175631,2200247
8352,6500,1921213,22852,6611,324848,2321283
6278,5759,2143032,21871,6722,172602,2374986
8222,6796,2071001,23889,6889,234300,2365745
6426,5371,1376972,63759,6629,248871,1725231
9445,6407,1476643,25019,7148,178291,1717250
5740,5315,2492681,23722,6963,168452,2752947
6778,4760,1980743,22945,6704,182502,2220321
6444,5685,1840213,22278,6426,183535,2114154
6815,5703,1881699,62685,6111,195641,2174228
5871,5278,1923315,33888,9112,250838,2243543
5334,5222,2103356,24463,7722,203019,2364005
5408,5259,99462,24871,7222,173721,366091
7370,6871,82912,23370,6796,214827,397979
7186,5518,80325,24092,6833,188508,328943
5333,5389,106404,25333,6889,171891,337535
4889,4815,349833,32093,9074,300885,733903
8074,6074,231636,24204,7203,220658,513275
6445,5444,289159,33426,9963,197116,592015
6630,6019,74165,44444,7129,247111,403517
6019,5333,100966,33796,9204,197624,367924
6167,5129,99805,24389,7537,173675,366387
6685,6074,70958,32555,8426,200818,340664
5759,5574,99852,25000,7074,264072,451590
6426,5907,106079,25574,7500,210178,376886
5575,5388,145048,33889,9296,196506,410554
4870,5130,334366,62685,6778,270241,759366
5833,5278,101132,24240,6482,351161,513848
10167,7759,93508,25407,7074,250657,412090
6018,5296,100087,33204,10203,198171,371238
9185,7463,94518,24018,6796,174648,367239
6889,6111,109189,61981,6537,197457,403923
5723,5518,99195,27833,7407,170008,365424
7185,5555,105811,24056,7296,182798,352220
9463,7426,170445,30278,6907,223794,463312
5741,5167,392320,22166,6982,212936,695404
6667,6278,94752,60333,6555,289857,506720
6074,5481,98832,51907,8315,403073,588552
5500,5241,98151,60963,6815,190513,381535
6074,5241,96416,26611,7166,207065,399757
6815,5704,78680,90963,7185,194299,399091
5593,4815,104333,27444,7333,215573,418276
6222,5704,108505,32055,9778,193660,371201
4759,4722,229788,62833,6592,189136,512423
6056,5444,298052,26129,7204,234501,629256
7278,5796,77743,34814,9519,250459,403812
5408,5092,100396,63630,6370,459879,655663
5222,4889,71809,33629,8574,290930,432868
5574,4888,95351,24352,7000,172536,359757
7407,6037,99874,36963,6241,197420,369664
5130,4926,102731,23611,6574,682542,840273
5185,5037,141366,22925,6315,177021,372479
5686,5185,257018,22741,6593,176719,523590
7556,5926,757169,65334,7629,401305,1260345
5259,5204,99770,41315,6277,484468,691737
6296,5445,101756,35593,8000,197352,369868
4593,5241,103576,23556,6740,174700,368331
6889,5740,187026,32759,8612,198860,455497
6130,5482,105494,26759,6611,225393,391628
5056,4981,106203,24963,7148,172869,370813
6500,5630,250652,63055,6519,292529,689385
6945,5463,79787,24111,6871,309247,451016
5204,4796,76496,23685,7593,267779,403368
5722,5278,104223,47611,6945,461310,680329
6593,5630,99080,32352,10630,197547,366869
6148,4907,58919,23963,6722,178283,293535
4648,4796,99887,28871,6944,214463,409905
6685,6222,102411,23537,7093,194069,355646
5667,5166,112546,34352,8888,200583,416794
7685,5685,288976,22389,7518,177059,524941
5333,5185,292611,25018,7241,263719,614237
5315,5056,77987,24148,7241,268566,405868
6056,5555,100270,33389,8315,200839,404257
7556,6019,98034,61092,6667,192797,386980
5056,4889,77502,32463,8370,197774,340202
5741,4908,100951,25963,6408,228212,409239
6685,5741,105457,60314,6167,185319,384757
5612,5111,152073,26500,7037,277017,513701
5259,4852,371096,29166,7130,293493,725829
5019,4778,73028,22925,7445,278859,429813
6611,5704,104533,23148,6611,243798,408609
6297,5018,506592,33685,9426,284477,883662
6444,5648,97284,24871,7129,175178,333813
10389,8074,74511,31796,8389,198820,347368
6185,5371,96609,27351,7223,172407,334387
9871,6833,98855,23907,6796,176033,372498
6611,6222,341285,23074,6741,170730,572015
8833,7260,320753,22055,6852,169559,550071
5908,5611,100944,24611,6389,360646,523109
10148,6778,95319,42389,6871,472713,649422
5704,5222,100029,31352,8944,195007,396072
6852,5889,849382,61796,6649,291314,1241326
4537,4630,115335,33222,9019,193792,374813
6852,5222,104174,58963,6167,196546,428442
6704,5999,114327,27408,7463,224448,401423
5555,5222,372572,33333,9667,311683,755347
5166,4908,292947,26297,7148,208049,558922
6426,5314,76010,31999,8204,313655,472849
6482,5759,100718,68222,6722,408964,612126
5371,5129,101427,25963,7389,172775,333091
4870,4796,90303,24833,7092,176789,358775
7908,5814,107215,23445,6092,201728,367406
5055,5019,97608,61167,6204,185241,374627
5704,5259,152095,34056,10000,197106,454775
6722,5685,73879,24870,7259,293435,430238
5130,5148,72902,31500,8814,260022,400664
5056,4963,97425,30815,8055,429109,624700
6389,5926,94301,27537,7963,199419,356072
5685,5260,97732,62296,6426,191729,421016
6963,5741,82108,28981,7204,183057,328924
5296,5444,104650,32074,8852,192497,398423
6426,5537,101580,26482,7333,191214,353664
5592,5278,174197,25370,7481,210413,443479
5722,4741,290313,33648,9277,244555,631237
6389,5648,100411,62370,6815,296513,496294
5334,5074,109675,36907,6130,961689,1176290
6148,5593,97495,34666,8834,199114,366887
5574,5000,57297,27592,7630,211479,330776
4908,4926,85320,32204,7685,233011,418980
6426,5778,100529,24241,7463,175765,335572
4481,4630,112812,32981,8260,282796,498386
7259,5685,267780,27555,8334,217106,549608
6167,5518,286674,33333,9222,201065,556812
4888,4815,74161,42111,6759,252689,402923
5759,5166,100370,26222,5871,250906,412145
5518,4704,100856,60907,6704,192012,423238
6740,5871,60158,33092,9296,200230,330035
5352,4889,98514,38981,6186,197520,401386
6352,5556,104112,33741,8425,173868,346961
5907,4889,140951,26685,7222,771100,971494
5186,4888,307678,31259,8907,176524,548849
5352,4907,77813,26019,7074,265722,442553
6426,5740,99615,25148,7185,489049,648348
5741,5018,99490,23111,6426,214508,369016
4907,4926,100032,61629,6519,194133,423923
6389,5666,105815,27445,7388,199517,366776
5518,4945,99301,37667,6426,197289,402164
7056,5592,104622,27000,6870,199192,365665
4648,4797,172737,32722,6556,279074,517497
6093,5389,329778,25074,7112,174255,597589
6703,5630,79100,23944,6685,295435,435497
6056,5092,94198,24092,7148,245893,400313
4796,4759,95277,31833,8907,204203,398683
6759,5704,101004,24352,6907,175383,334998
5537,5129,82658,23481,5482,230248,402127
7870,5685,102237,32463,8500,173650,345109
4852,4962,110390,26167,7389,184349,356127
10445,8648,271227,23963,6667,176603,546867
6444,5630,285658,32797,8518,303431,687477
6296,5481,73998,37352,8092,255001,405645
10000,7777,98762,32723,7240,243440,417164
5389,5129,96305,27740,7371,173175,364239
6575,5555,97235,60704,6352,194170,388350
10296,7111,82963,81000,5778,198146,437886
6389,5685,101172,24352,6629,204475,366924
9037,6963,142732,22463,6333,206488,409387
6093,5278,355143,52741,5870,200687,644219
9296,6815,516833,33963,9296,338958,933661
5759,5333,102266,44741,6185,382027,595737
7019,5907,101049,35259,8315,198560,371628
6277,5574,96129,25981,7037,210944,368220
5815,5000,104392,32797,9574,202031,410702
7074,5703,104750,24537,6796,201027,365646
5945,5500,102329,25925,6963,247225,445627
6277,5630,204370,23186,6555,214849,477330
6111,5334,388337,23037,6445,219510,663996
5185,5185,73215,31981,9093,277468,419442
5389,5259,103923,25574,6870,412000,608330
6463,5685,96299,24852,6574,213088,368572
6037,5241,59415,33111,9000,203898,331721
5426,5148,76698,63722,6537,193800,365609
6074,5334,103999,26111,6685,175332,372813
6815,5833,634225,33518,8722,342937,1049994
5481,4926,286416,24945,6500,175821,554348
6296,5648,283440,32537,9240,283613,665922
5759,5630,70020,23018,6704,271404,417905
6333,5648,94636,32370,8982,202251,365164
5981,4833,95660,60685,6759,194172,419775
6185,5667,75665,32222,9092,204093,347554
5482,5055,105707,22926,6204,166550,327128
5092,4723,100730,26481,7741,247527,445645
7426,5815,132809,33796,9037,202522,407275
5482,5074,253388,63148,6704,183331,566516
6611,5778,74098,25407,7686,267622,405720
5259,5315,93936,32796,9278,342265,503812
5852,5277,101145,34352,8222,201335,371016
4463,4796,92539,24833,7834,176088,327831
10167,7759,95637,33092,9185,196010,366942
5056,4907,98494,25907,7500,200375,357017
6204,5519,96517,64741,6500,198388,393146
4537,4722,169096,37482,8962,197198,438701
8667,7037,359989,62574,6130,174062,633385
5722,5315,94218,34167,9092,325650,499386
10204,6648,97260,25222,8149,379700,577627
7241,6426,98599,26814,8037,175530,339128
5185,5000,92326,23611,6852,178413,328184
9611,7555,74850,93925,7093,198260,406812
7185,5611,104114,24685,6555,169200,335683
9166,7223,99674,26019,7166,287194,455553
9685,7426,310013,23018,6278,221725,593034
5019,4741,287036,60222,6389,260905,640812
9426,6871,68523,35018,8889,273827,420109
6611,5648,95640,23759,5889,511357,666329
8944,7259,99738,22833,7204,178409,374590
7204,7092,92650,31889,9222,203496,367164
5537,5130,90044,36148,6296,197714,390387
6426,5926,102808,25926,7129,182598,346183
5407,5130,140091,32444,8611,204796,415719
8574,7055,232355,23241,6926,206050,499608
6037,5167,70268,24519,6999,269582,420127
6815,5666,90607,32648,8889,355409,517441
5444,5445,102333,25834,7111,315460,492867
6203,5593,92895,23259,7296,214085,364275
6167,5037,79455,28000,6741,186543,326906
5796,5704,103127,22222,6204,186075,343405
5166,5000,100410,34685,8797,201977,406812
6574,5666,169063,65370,6852,199361,469478
5704,5111,389401,92555,7296,200559,712515
9778,7352,100185,24592,7037,356424,536479
7092,6000,95301,32037,8833,475437,640107
5037,5240,92177,23685,6278,178637,329887
9593,6944,93015,88278,6926,193724,413405
4796,4833,76946,24704,6444,225664,393386
6833,6334,92858,63870,6463,251714,440849
8722,6982,109826,27019,7185,226912,438294
7074,5889,336090,23203,7019,222185,618497
8907,7555,391836,23055,7111,309198,809902
6741,5981,759080,22130,6814,179822,997883
9500,7260,94958,49481,9093,466557,687071
7482,6092,99537,24630,6907,171387,335165
8334,6889,52653,24204,5740,208438,321869
5777,5352,871359,63852,6907,191931,1163956
7612,6407,489829,25074,7352,451925,1039106
8278,5870,141576,23407,6408,197255,402183
8778,6815,320599,23852,7148,176546,558219
5426,5130,89475,23815,6870,359559,510257
9907,7297,90758,24741,6963,247906,404998
6944,5334,99615,23111,7111,179846,372683
6944,6334,94675,22445,6685,182100,334646
4537,4963,77867,62870,6796,195706,402757
6426,5685,94983,33352,9851,201812,367165
5370,4760,103006,25315,7481,175696,336331
6481,5371,163492,39222,10074,197635,438423
4630,4907,272609,24259,7444,223111,588312
6833,5630,73873,31130,8259,313846,452201
6685,5352,98990,26963,7685,507822,668348
5352,5056,101384,61351,6463,273910,494479
5759,5167,101481,63000,6481,200573,399053
9907,7519,76690,79500,6074,201993,434331
7815,6315,100010,33389,8815,174710,346424
5408,5555,110812,24056,6926,186723,389720
6686,5907,323446,31500,8907,195625,587090
4722,5018,286359,60666,6500,195158,573145
6907,5778,70216,25926,7407,299004,427756
4963,4926,96036,23463,6982,178591,329276
5889,5296,137374,33297,9462,220531,426664
5018,4759,86640,49703,6815,196674,400386
7426,6092,89737,51704,6259,196280,372627
4648,5000,102242,61481,6667,185534,381239
5981,5333,135951,34611,8852,219677,461738
6574,5907,293826,26593,7518,220671,576774
5259,5055,74832,25537,7185,269315,405219
5222,5241,72614,30556,8814,260847,401238
5500,5037,94934,25223,6925,178231,365609
6944,5778,92347,29037,8722,171337,329054
5796,5019,92796,27037,7167,211628,364646
4740,4908,101802,33703,8945,174992,379016
6945,5981,95511,27648,6685,230006,389794
10019,7851,161442,32259,8407,281538,511442
7018,5389,321353,63537,6704,173143,595755
9352,6963,67175,31722,8481,318990,472535
7241,5944,94124,26315,7759,391540,551682
8926,6870,98407,31018,8278,170703,338942
5649,5314,60394,24037,7203,185624,302887
4871,4926,132602,66574,6481,197322,430072
9093,7037,91385,28111,7778,200687,393776
6741,5574,110853,23056,7148,180997,353628
10592,6926,241303,24703,6722,248751,553385
5648,5389,291474,61388,6463,195153,583793
9000,6981,73110,25481,6630,346258,499182
6926,5796,89318,25611,7111,303587,478071
5537,5463,93897,63241,6537,200804,394516
9260,7240,77348,33648,10055,200818,352720
5482,5129,100482,23630,6703,197980,389146
6722,5796,96488,34222,9240,193771,361739
5945,4926,98103,24685,6944,331469,491479
9093,7426,74757,41537,6481,272038,450979
6352,5759,69614,33500,8648,260866,403924
6500,5593,90212,28036,7649,395304,552127
10445,6852,774547,33926,8870,211243,1062050
4704,4722,90036,62185,6852,203017,421442
6982,5889,76893,25093,6833,187401,324535
4648,4852,97325,26148,6981,177729,335127
9815,6778,98533,24556,6463,233520,432386
6371,5944,310668,52425,6019,194996,593330
8889,7129,387450,32389,7389,222435,681551
6963,5667,98790,24037,6407,328430,489812
9204,6519,95980,34129,8834,436109,641460
6871,5778,98577,24167,6574,178458,339813
9000,7055,93083,61630,6722,195119,387257
5889,5389,98107,31852,8888,176762,376757
6592,5797,92482,24315,6277,172165,322609
5296,4926,103839,31444,8426,261085,432071
10222,7648,274751,27463,7500,211135,588034
6519,5704,288941,23259,6519,198574,547960
9518,6704,71281,24833,6852,308939,470571
5833,5222,92249,22741,6407,321934,475034
9204,7574,96384,22870,6315,179152,336498
6463,5351,90760,24481,6852,179517,363461
7333,6019,89449,23204,5555,182049,329331
6056,5092,99122,23777,6796,225914,417146
6277,5685,143127,60777,6500,197613,435608
5334,4944,321557,25777,6926,176774,590775
7093,5537,68507,23056,6518,269676,398998
5426,5000,91883,21999,6093,249690,397424
5537,5574,90202,24334,6759,216073,400164
6796,5759,95782,24722,6519,181901,337590
6518,5278,96324,23648,6759,180990,369294
6296,5426,99255,163944,5685,207947,504294
5296,4945,95686,34426,9166,202794,403868
6852,5815,574152,58056,6833,268491,939680
5556,4722,333010,33630,8574,203357,639534
6666,5908,95127,26259,7315,341203,500775
4740,4723,90355,34925,9111,902917,1062845
8519,7259,91434,24315,6926,179786,367739
7074,5537,93736,31667,8777,199244,402480
7037,6056,82518,36630,6463,204591,360054
5907,5370,103135,31667,8926,178900,349998
4778,4889,111584,25685,7130,196247,403146
7871,5685,294570,33111,8926,178964,545571
4648,4741,450537,24667,6944,194700,738607
7056,5759,68507,31630,8166,374898,515534
9889,7797,97531,63647,6278,391781,627645
7037,6167,94239,27204,7352,183147,344850
8796,6926,663428,24870,7037,185215,910661
4870,5000,93380,22241,5592,200323,380998
6926,5703,97052,23889,6611,235835,393146
4982,4778,146241,24037,7167,178349,415980
6389,5667,312375,24019,7018,188677,560978
4500,4889,89770,24019,7167,383707,534275
9481,7426,89146,23908,6981,250481,423460
7667,5999,94726,62185,6426,289605,488219
9278,7426,92990,32944,8945,204064,371887
4852,4796,101477,50722,6277,242170,460331
6518,5815,98852,33130,7333,221479,389738
8537,6130,101450,61648,6240,197549,433609
6000,5519,158140,31777,6908,271117,495998
5982,5185,356663,27111,8740,200668,654737
6333,5722,93447,30982,8796,318328,482867
5815,4870,96397,42203,6463,395083,603349
6796,5574,95031,32389,8667,204541,368794
6741,5759,93722,26667,7407,176814,367776
6426,5519,72004,33000,8370,199124,340313
5815,5166,551082,26926,7555,600930,1217974
5722,5444,103070,32926,9463,804851,977309
5055,4926,320464,64536,5278,227274,678755
7019,5907,313321,24907,6685,216677,590052
6648,5537,69920,38611,6148,284282,445053
6334,5611,93220,46093,8499,415666,590849
5740,5223,92133,28500,7426,175198,329479
5222,4982,43712,60926,6055,201971,360776
7204,5426,88828,51241,5889,198558,372405
4666,4926,98853,60166,6222,190461,381146
5741,5185,135746,24796,6833,276215,492034
6611,5518,587676,31759,9648,271375,931050
6092,5223,68516,27536,7574,266983,400034
5629,5037,93318,25370,7019,419864,570978
5555,5500,89767,23074,7185,217991,398942
7074,5611,979454,101592,6222,368168,1483787
5740,5315,105203,60648,6111,197295,395220
4537,4907,95708,33463,9260,334159,526200
5703,5334,92991,61166,6130,197729,419219
7037,5888,162219,28148,7222,256427,482904
6037,5167,315852,32593,8963,205681,591423
10407,8130,67322,25611,7055,298861,451942
6426,5537,91012,24851,6778,1224314,1374492
5185,5204,94536,32833,9000,205592,389331
6852,5759,127059,60926,6370,198180,425312
9833,7574,73287,33222,8722,198786,346424
5148,5111,100014,74741,7703,219984,460664
7240,6074,105723,60741,6259,225645,428738
5426,4778,208950,27407,7519,263695,533460
5426,5240,286936,33019,8907,320987,708959
6722,5593,72405,60407,6204,326037,498608
9463,7704,93465,33278,8519,417809,586052
6482,5314,95045,25074,7222,178861,335350
9148,7296,62976,31926,8833,207300,379460
6259,5518,74463,62740,5056,198887,372331
9111,6945,97227,28092,7686,230289,416868
8149,5518,136973,24370,7574,178229,379961
9074,7278,256570,25222,7111,180187,501701
5982,5315,67409,23111,7167,274310,402887
9445,7537,87822,23222,6833,257176,425850
7388,5667,94642,24944,7370,179635,337479
10444,7093,88684,23555,6649,181999,334794
5760,5296,71245,32944,8463,201383,343017
9518,7315,91657,82019,5981,204174,416034
7315,6426,92459,31740,8685,204688,366739
5000,5018,165353,68148,6296,199312,463923
6185,5463,338764,26796,7963,177492,580663
9741,7833,64437,26037,7259,280746,433701
7888,5908,93238,25315,6537,431258,587922
10204,7092,87244,32667,8796,207384,369128
5740,4982,97452,61333,6445,198212,389312
6537,5741,73939,57500,6981,177004,377331
7444,6019,92685,64296,6167,277905,470368
5463,5000,105560,32741,8852,204826,377590
6148,5537,328676,37500,4741,221283,653441
6648,5519,325736,32315,8315,179186,573275
5537,4852,67798,25834,7685,342477,498312
5982,5111,91489,27666,6500,263750,436905
6185,5537,324771,23166,7185,414262,799828
5759,5593,93980,24870,7000,179666,366313
7593,5444,88615,22556,6704,184586,330887
5463,5389,91361,22722,7000,182897,332776
10056,7666,126941,24314,6945,218206,444405
6963,5537,313537,34704,9037,203460,590645
10407,6963,319209,23444,7593,307861,694236
5482,5611,85233,22445,6944,256987,400479
6630,5722,89590,34186,7777,207093,401294
6815,5648,90503,61463,6630,197810,384646
5463,5204,94934,33833,8482,202527,387535
6019,5593,101976,64722,7241,226188,427294
4315,4685,92685,61537,6092,199110,422608
6592,5445,269560,27815,8388,202049,535608
6759,5852,283694,24889,7315,244376,587885
4630,4833,96516,32481,8759,349852,529905
7574,6019,95983,47908,6648,460957,641182
4482,5203,106489,25870,7259,178362,379813
7648,5445,74105,24222,6944,181690,317721
4648,4778,70462,32389,8629,267796,403350
5574,5167,93300,23185,7093,180883,330683
4556,4685,101602,32129,8445,207877,409349
7630,6055,294773,63241,4926,203594,596997
5296,5241,330741,33592,8334,204867,637570
6685,5833,68525,23149,6370,383009,511127
4519,4685,89011,32445,8333,206912,361683
5222,4870,86295,62870,6204,569831,785921
6685,5871,82262,23685,6389,181866,323387
4777,5037,93638,53519,6685,204823,384127
4944,5093,100162,33926,10240,195540,399738
7667,5685,124537,61778,6222,245201,469238
10092,7908,336504,24611,6685,222011,623033
5481,5093,65029,37092,6482,261413,416923
6963,5740,90090,33778,9055,377741,542385
9963,6833,91743,26871,7648,771270,964994
6371,5555,86619,32278,8500,207713,363572
4888,4926,69106,24648,7315,190578,319350
8722,7222,90796,51518,5722,200332,379109
6463,5185,94208,63148,6407,205531,432071
6851,5556,164639,30741,7037,209951,440608
4741,5463,292514,25593,7037,214946,600275
6907,5871,89834,22982,6481,386922,538515
6481,5112,100802,22519,6240,389491,579885
6463,5722,90938,24611,6741,181653,331072
4519,4667,93516,22278,6630,183018,331369
5334,4888,71374,33297,8777,208625,381887
7278,5851,93379,25667,7204,179786,337387
9500,7740,95996,32703,8537,208596,413294
6963,5556,234444,25833,7056,226053,521386
5222,5296,336875,25611,6963,178030,576626
10092,6815,69659,23167,6481,366283,499812
4722,4907,92553,23834,10055,294297,485034
7074,6018,89318,24370,6148,182700,334831
8352,6870,49304,62278,6741,197879,347165
5981,4982,93365,24592,6130,187856,342331
9426,7629,92315,25463,7240,179166,337572
4723,5018,137671,22833,6334,326844,521497
8537,7037,334527,23111,5371,241210,670533
7092,5908,843419,32629,9315,773423,1691731
5592,4963,84576,22963,6611,260570,419886
6741,5629,90507,26870,7149,214472,367739
5185,4870,73790,32389,8796,207949,382016
7186,5833,95610,63073,6463,198333,394183
9204,7370,97652,65629,7074,278013,479016
5204,5185,98879,62444,6167,223637,420812
9074,7037,153569,27667,7777,320836,574237
7296,5944,326204,32629,8389,207627,607070
8741,7037,89561,24834,7203,355770,510053
5260,5018,95104,25185,6889,468096,624034
10019,7222,95886,23445,6370,182427,375776
7370,5852,89521,22667,6407,181274,367868
6722,5833,69434,40611,5352,218583,366109
10129,7945,103494,67204,5370,269003,490997
6703,5778,91870,61630,6111,200294,388349
6740,5574,272782,34056,8240,241882,588255
9648,7519,384471,62074,6000,279265,821069
5611,5222,68497,32278,8463,282445,431812
6611,5796,90113,25704,5722,259478,411813
6092,5148,91711,33259,8871,207602,371646
10296,7630,74494,61870,6333,199449,375590
5759,5852,90777,25611,5741,256073,404794
6463,5445,90948,62630,6314,180865,367887
5851,5186,128342,23778,6611,181970,366831
5648,5241,224328,28370,7815,213002,499182
5055,4871,320426,34611,8629,459162,868699
7056,5889,82820,25871,6870,254529,401368
5685,5371,90863,34425,8315,207006,402627
6445,5481,89294,61148,6408,199463,383128
5760,5315,68503,34222,8889,209439,346943
5777,5426,99990,53796,6037,204953,428664
7444,5519,94198,60055,6037,204022,392812
5222,4852,160314,33241,7148,208776,438016
10037,7574,378374,30944,8204,225844,710199
6408,5611,94177,25389,6388,375413,533257
9760,6851,91868,26389,7277,432278,590090
7185,5889,93687,22963,6370,220459,370887
5741,5148,96822,25111,6574,217658,376165
9686,7351,67735,36167,8889,181282,327591
5759,4667,94591,32704,8481,182629,347516
9741,7333,96727,25370,7185,216420,413017
6759,5703,270176,24129,7074,200045,528885
6666,5704,352273,31592,8593,181187,602478
5797,4944,68371,27723,7148,436236,603941
6648,5612,91228,34704,7370,319028,507442
6278,5444,93345,25389,6611,218265,370480
5370,4982,67998,33685,9426,205926,376368
6834,5389,91318,65203,5482,232994,422831
5426,5167,95360,33389,8574,205545,403980
6463,5556,134772,26667,7185,234744,430646
4815,4852,288999,33259,8704,208387,564034
6741,5481,65043,25389,6685,274178,401665
4963,4778,83492,33092,8667,352265,535905
5889,5333,89905,34592,8667,205983,365017
5352,5037,88706,25093,6611,182237,327721
6167,5092,92878,55111,6426,203602,419775
6834,5889,751047,32074,9092,263670,1084716
4630,4926,88351,62389,6555,180592,396757
6481,5500,618502,25445,6777,272326,954901
10722,7445,365045,53741,6611,206229,664793
6222,5537,90293,60147,6389,388705,587756
6666,5426,92131,33056,9240,382330,546385
9278,7315,93191,26463,6871,181362,374646
7130,5352,77437,32222,8611,202987,353609
9296,7296,134461,23870,7111,220871,453590
7519,5944,110337,31148,8963,208235,389202
4870,5315,98508,25463,7093,218601,412312
7389,5703,358420,25482,8259,210984,631700
4500,4889,278111,24166,7278,315978,651811
8945,7204,77227,33426,9037,250233,404091
4426,4630,85973,23630,6055,339765,515756
7648,6111,89627,24259,7315,219242,373368
8871,7018,103706,30297,8925,203274,377146
4482,4722,117452,23630,9462,201732,380202
9334,7148,94198,65333,6759,203208,401220
5111,4741,135407,26648,7537,179221,408720
7111,5907,237448,24704,7074,264215,563441
10389,7518,63843,23482,7166,276933,444960
7018,5908,84607,24982,6592,257594,406220
10222,7037,86317,23129,6797,220607,369591
6667,5203,91840,33037,9186,208287,405090
6703,5926,91012,62111,6555,208116,396886
4926,4815,94054,82685,6074,205481,412813
5926,5240,90245,23592,6463,264328,410923
4981,5019,160268,27574,6666,199082,453108
7426,5944,347698,33630,8944,205762,626070
9777,7445,65538,30944,8241,285478,425645
6408,5092,96284,27944,7167,406510,599941
6722,5982,226492,25018,6833,322339,611386
4815,5222,914920,31926,8463,209925,1225123
6574,5963,72910,43555,7371,202440,354294
4759,4982,93915,28093,7351,181084,371405
6388,6038,89087,32499,8223,712056,869809
5055,4796,298018,25907,7519,207442,566830
9500,7704,355356,24777,7000,210549,663960
7278,5741,64880,25148,7130,318950,447775
4538,4814,90275,48092,6593,309834,516646
6500,5685,87094,65000,6296,206275,391609
5092,4889,66470,28167,6963,192380,354201
7000,5852,805990,31889,9000,200207,1076160
8889,7055,90869,63815,6426,199777,395201
9926,7981,116023,25536,7112,262716,444071
5981,5426,284268,33092,8852,180545,569182
7537,5982,72273,27926,7704,281669,421665
5741,5296,80353,23629,6519,264293,405312
9148,7297,84043,34370,7796,209789,402739
6630,5796,87937,26278,7500,182227,331924
6037,4907,98239,23333,6871,184315,341517
9259,7574,89577,109851,7723,179476,418460
6055,5463,95786,62870,6056,226767,418756
5222,5019,151513,33333,8574,208022,428664
10537,6667,311573,26722,7019,217572,595312
4833,4815,87580,27333,7315,368473,556700
7500,6056,92843,34019,8629,383043,549571
9296,7389,87701,25481,7334,235445,387498
7037,5833,90540,25240,6834,219810,404553
6481,5908,71859,32333,8426,201935,342516
5648,5056,89994,63296,6963,225800,414905
9704,7444,93685,32907,8666,252462,420220
6389,5056,316355,53204,6111,205160,606590
5666,5167,384305,128555,5630,206895,762588
6667,5778,68774,23852,6870,285150,416831
9019,7555,87187,22982,5574,264070,434146
7149,5777,569635,62944,6759,274231,944680
5425,5037,73901,27648,7352,207264,340701
5797,5555,78166,37314,6204,199981,347628
5611,5222,98300,25519,7037,216013,372220
5371,4926,120231,26389,7462,288971,505275
7000,5852,325958,67703,8686,179779,609849
5481,5093,398888,33574,8389,368885,839032
4870,4834,79172,26759,7223,261936,423108
7629,5889,87178,25315,7500,181913,330979
4926,5037,90090,23334,6426,183574,363220
6759,5889,709575,31666,8611,237753,1015753
4333,4704,92323,36870,5352,226360,388479
10685,7074,88995,32389,8315,227762,390942
6630,5408,146129,27037,11889,295127,507201
4889,5018,333227,32444,8167,316399,741774
8870,7333,89400,24500,6796,348505,542015
8074,5778,91849,31389,8537,417185,578071
4777,5019,83688,26333,7889,182570,359831
6592,5852,88971,32962,8408,211435,369683
5093,5278,70420,67333,6611,205948,378442
10222,6945,90166,27092,7000,180610,336683
6593,5388,102542,23592,6982,220827,383313
8722,7019,221583,24352,6815,184951,469293
5666,5056,392551,23277,8130,207909,659366
10944,7093,68224,34166,9167,304200,485830
7074,5889,87062,28482,5333,314102,465997
4630,4667,90808,31981,8389,211449,401646
6519,5889,68110,62796,6629,208815,373794
5426,4759,89263,82333,6519,204994,411238
9630,7037,85620,24815,6667,184822,334554
4574,4889,127551,33982,9037,209113,439127
6555,6056,313796,61963,6519,207570,617700
5167,4704,407671,33259,8519,316954,795755
9037,7445,70641,25463,7092,272061,447053
6426,5852,85572,26926,7759,307352,456294
4741,4741,85040,33722,9037,208792,396480
7963,5611,48101,26926,6815,196545,307498
4426,4852,89866,23759,6648,176929,356295
6463,5704,91500,33685,9056,209887,371591
4223,4611,156709,61166,6611,229215,479701
10037,6926,274454,33722,8537,216302,564904
6815,5759,61868,24296,7111,313279,436461
4963,4833,88891,34241,9148,406069,566534
9111,7371,90119,25611,6888,183824,337610
6555,5426,93161,60963,6278,201985,388831
4760,4907,69444,26444,7093,196684,323424
6166,5241,90209,24129,6778,183716,331276
4982,5185,88417,26482,7389,219210,366461
5852,5222,1009012,32851,9593,245555,1324770
10241,7407,281298,25370,7018,219200,566460
4704,4963,89859,32203,8223,303564,464553
9370,7500,91605,24759,5741,263782,441164
7945,6555,92295,25241,7037,184333,339183
6074,5278,84893,22240,6389,187587,361979
6426,5574,76027,50797,5666,202304,361738
5074,5074,95848,25537,7148,219799,408276
7018,5963,119371,26111,7260,178201,360553
5592,5445,96562,23351,6815,326862,482590
4796,5241,398640,32777,8371,392707,860365
5167,5259,75091,24222,7259,267185,402887
5815,5222,87707,25352,6740,324865,472034
4426,5000,88008,23611,6741,186064,364646
7055,5834,78180,30315,9092,180911,327813
8537,7648,95593,31407,8741,202664,369553
6833,5463,95987,26981,7111,183771,376109
6685,5556,149584,39815,8185,240469,464942
5574,5297,292274,27407,7334,236370,624034
6167,5592,91892,24907,7463,351717,550997
6667,5185,91970,33371,8703,479897,675181
6445,5833,85513,23870,6630,187245,330832
5463,4907,69537,62592,7074,208536,375498
10556,7963,77430,54926,8204,178271,387887
7296,6000,85565,25056,6629,185081,331664
6185,5370,93849,33518,8574,211761,373664
5945,5333,200353,24167,6148,187089,479479
6518,5704,399691,64277,5278,206954,704088
6297,5648,90790,24666,6259,336189,560108
5796,5112,89517,37259,8000,302888,480516
6722,6093,87152,29111,7537,215624,376257
5371,5037,67824,33796,9667,207822,347647
10463,7222,72125,42667,5241,207946,395738
6463,5574,87871,31648,8667,175942,333479
8592,6760,119450,26889,6963,235732,418960
5759,5315,243307,26777,6630,219931,557626
8389,5944,373775,27055,7408,445535,886420
5370,5093,73855,33389,8926,254957,400961
9444,7463,87305,24685,12907,301026,511682
5574,5148,83551,26148,6889,220021,365701
10019,7092,45001,25796,5611,225016,337961
8333,6926,95950,51778,5870,210919,394220
5630,5407,85640,24000,6945,259043,437498
6852,6222,644939,34037,8759,287222,1006179
5907,5296,273817,24704,6426,239976,573552
9815,7296,86582,25907,7315,328156,496108
6574,5944,85884,24351,6574,375818,522460
9092,7241,87259,25296,7092,220592,371775
7666,6074,85468,25259,6871,220919,402183
6370,5889,70584,34130,8963,205896,346702
6000,5296,93312,26240,6686,220242,373516
5278,5130,91927,23871,6685,196181,346276
10222,7000,272229,25277,7204,211935,583941
7241,6074,325437,23889,6352,212745,597182
5018,4963,61369,64741,6592,311833,507386
6593,5703,85782,40185,6778,328493,493219
5223,5000,85731,27259,7296,219526,367128
9500,7444,86904,33500,9333,207706,369924
5352,4870,78927,40778,6777,206442,393035
6945,5963,94858,33241,9222,218195,384276
7148,5704,117270,25963,6945,239134,420942
8981,7130,274109,30703,8722,187259,566219
6371,5907,905611,26000,7130,823508,1795546
8759,7185,59842,31815,8259,418655,550960
6426,5556,87791,34982,8148,211132,406035
6963,6260,83574,24241,6685,187276,330443
6297,5685,90968,63445,6685,210233,435776
6481,5685,91363,32444,8722,300728,517460
5704,5370,88664,23223,6444,187260,366906
7000,5611,148910,68592,6333,207107,459053
5704,5111,241062,33889,9019,208101,519052
5278,5185,85013,28297,7833,358225,545831
7241,6019,91647,31963,8833,499701,660848
4741,4815,84005,30907,8500,177734,361684
7463,5796,85529,25055,7482,186377,334702
10037,7241,67107,24908,7185,207020,373850
7797,5666,96539,67574,5278,244273,440016
8518,6871,87433,63388,6519,588285,776866
5389,4889,304474,23611,6426,230060,624219
6593,5870,298813,60814,6093,203443,597311
6889,5833,92968,28444,8148,310105,471386
8630,7185,84509,24908,6389,263433,412331
5574,5352,88903,24518,6834,187113,367442
6833,5982,66612,24019,6463,187552,313258
6056,5000,85691,37130,6537,209177,368609
9130,7222,89067,35185,9278,215079,380979
5852,5111,116369,33462,8500,212908,396590
5741,5315,241984,61204,6518,194087,565330
7685,5833,458137,30352,7648,327099,855624
5370,5148,72940,41555,6297,255928,422868
6481,5611,88704,26056,12796,255313,413405
4388,4575,85320,31315,8148,206622,354849
6556,5444,69770,24556,7129,217673,345887
4629,4741,103497,26111,6222,237871,396849
5981,5130,89095,31981,8260,205736,395868
7056,6130,139915,61055,6315,971652,1208790
6074,5278,269364,32481,8037,176300,546719
6315,5444,86555,26945,7388,317128,519182
5667,5130,87764,32352,8518,436770,591293
4740,4945,92102,25574,6945,184618,333127
6241,5037,123996,63278,6926,210038,433775
10148,7667,64187,50445,5944,202756,357146
4407,4778,86933,25444,6963,185751,331887
10278,7333,89901,24944,7056,186338,376998
7556,5889,299609,29296,7334,234609,601441
9148,7222,384985,37370,5167,229178,687403
6611,5537,85843,24148,6740,356970,516071
6722,6074,89348,53907,6241,481019,658755
6426,5389,88816,27481,7611,182349,368646
6222,6815,84080,22259,6574,180974,322183
4907,4963,78900,52537,5908,203375,369590
9186,7481,86165,61407,6204,186407,372572
7352,5333,124966,26241,7370,227106,417757
9703,7149,212674,34704,10092,209194,533108
6740,5908,444234,25278,7278,365446,875643
5315,5074,73242,32462,8297,256571,436313
7130,5796,88394,25500,6222,272030,423386
4667,4982,83140,25389,6907,185525,328998
10241,7685,80312,25926,7445,185797,333128
6574,5445,89410,58999,7463,250718,431109
11370,6481,85323,61148,6352,196953,417460
7056,6074,143420,38556,8148,291244,510090
5370,5185,261684,27389,7333,273776,595200
5649,5148,63042,25166,6945,318066,454368
7574,6000,83677,23481,6500,383821,528164
5056,4685,1777786,24778,6944,311554,2148877
5223,5222,913091,23167,6666,594363,1583065
6444,5797,1917703,21722,6834,268376,2244839
5963,5389,1255322,24222,7704,332150,1660713
6315,5500,1051106,51500,6111,208683,1344381
5333,5037,3423768,66611,6315,209840,3767626
6259,4870,1567987,24333,7296,351373,1993322
6592,4278,2470153,33408,9111,311256,2868743
6129,4889,1562718,27852,7962,188421,1814860
5574,5741,2254627,31426,8889,237913,2596189
6352,4870,2972408,25592,7648,192075,3225630
4760,4888,2523915,32408,8629,341069,2969742
6370,4593,2410328,60944,6481,211787,2715725
6093,5444,1877020,27945,7500,266282,2241821
6148,5759,1354324,33296,7741,209778,1631824
5593,5000,2064529,24297,6814,191495,2312950
5111,5185,2026775,61204,6463,187508,2306912
5408,5129,1466561,26574,7352,186485,1748231
6259,5667,87609,31703,10093,213926,370091
5741,4833,59522,31981,7611,190348,350943
6445,5722,93804,33074,7370,231639,392720
5926,5389,82161,61852,6556,212873,390720
4741,5056,147036,28371,7333,216850,423887
5389,5222,302911,32445,8407,206215,610033
6685,5723,61380,24871,7351,325803,449775
4907,4833,81905,32481,7463,384963,531663
5685,5000,88354,25074,7055,185904,332053
5314,4723,86896,23740,7315,188251,366979
6630,5907,67902,26333,7629,198894,328369
4889,4926,92925,22315,6814,189055,335461
5741,5092,88745,23482,8037,324049,480386
7223,5518,219028,31888,8963,214415,502516
5500,4963,392402,39556,6870,205057,706996
6611,5611,66409,32444,8611,325922,463590
5370,5185,82674,23388,6130,265954,405905
6426,5259,848250,33462,10186,211003,1164197
6352,5685,82999,21796,6981,188741,327313
5204,4981,79263,63296,6500,205810,380350
4611,4704,91638,24186,7500,193378,375535
7056,5722,110699,30537,8574,299817,477516
4944,5037,273907,23019,7222,224682,553108
6203,5371,746558,33278,7667,264028,1112845
6611,5852,65974,25129,6815,271321,399850
5611,4833,83683,23444,6797,188538,327609
5630,5092,79911,31203,8519,205995,350683
4963,4982,83323,28574,7388,188176,331517
5407,5074,88217,32278,8277,242096,433442
7407,5963,91778,61796,6463,197943,386998
5037,5092,147987,36111,9055,209456,427312
5759,5222,253251,26611,7277,303191,616182
4815,4685,86997,32444,8519,311315,468738
11704,7648,84539,25241,7129,392236,580089
6815,5944,86248,32426,8667,214583,374054
8648,7074,82642,61092,6371,204356,386164
5074,4815,64999,31204,8148,228036,392183
7296,5889,85745,51259,6370,251512,422960
4667,4833,88213,25241,6778,204451,351387
8833,6686,187051,22981,6648,189614,436294
7389,5815,296630,32944,8370,212626,578904
5703,4852,58877,60537,6148,326362,482627
8537,7519,84178,32148,8463,423523,580423
4574,4926,88461,28204,7592,219630,403905
7296,6111,65467,33055,8389,213458,349627
7260,5815,70397,37482,6388,212953,389720
6482,5833,90532,32685,8537,194652,354257
4574,4981,116093,27370,7945,266330,441904
5704,5315,648744,64222,6203,298788,1061012
7852,5629,725861,33037,8648,292652,1140790
5593,5426,74479,25481,7186,260593,416294
6722,5741,85318,35148,8111,212347,369627
5574,5074,86397,61537,6278,203471,383479
5740,5186,74698,28018,7500,182578,318164
5444,4945,91000,24703,7130,204498,387312
7000,5723,84727,33481,8870,213771,370072
5204,5259,140658,24723,6388,187674,421090
7333,5982,262236,61611,6278,221612,580033
4945,4981,511760,34055,8926,211607,790792
5648,5130,85118,27148,7630,361194,545849
7185,5944,81568,32537,8185,214912,365257
5315,4852,86018,62999,6519,211240,391776
5611,4944,1026742,27870,6963,196307,1283492
4630,4870,84658,23278,6574,225174,363832
4148,4666,91126,24444,7056,207039,353109
6112,5018,232871,24074,6704,187682,479164
10574,7945,366487,22333,5370,182714,611441
4629,4834,63086,23963,6870,384171,507608
9185,7222,86573,62796,6222,383406,606237
7834,5999,88023,33462,9204,212254,371961
4593,4833,56065,61629,6167,212748,363498
9426,7537,73885,32851,8463,213781,360461
4703,4926,89519,25908,7259,185072,366553
7648,5778,108857,26333,7204,302881,474830
4537,4963,309084,24851,7019,187746,555941
8315,7148,752662,23037,7815,281424,1098661
6963,5703,73022,25241,6962,268958,404590
5537,4852,88767,62741,6389,265008,475720
8686,7426,81624,33389,8889,212540,368258
4852,4851,83148,24834,7407,190221,329961
6056,5481,91783,62444,4852,215141,400924
5759,4574,90825,25130,7129,205507,353553
5537,5037,142423,33444,13944,763110,1016068
7370,6037,243798,27408,7833,247255,558071
9611,7408,60637,33240,8482,269898,406868
6111,5241,80290,26260,7314,519688,663163
8871,7092,77666,30963,8389,208332,390776
6963,5741,81337,25426,7574,185828,330628
8926,7037,82065,31556,8296,208526,361276
6351,5260,87477,165518,6185,189299,477367
9648,7297,86760,24278,7315,198700,384479
6871,5852,223413,27685,7574,194603,482794
9703,6889,827546,33407,8760,297373,1201604
6371,4722,82369,25185,6814,374888,519590
8871,7148,85170,49944,7222,442420,650330
6944,6000,87509,62166,6649,206933,391831
5000,5000,614994,26166,6926,309501,1019976
7352,5759,60964,52370,6185,215183,363220
4667,5167,88746,60444,6352,207622,425572
6518,5945,121937,25333,7129,205228,387849
4574,4630,247238,24037,6889,189518,493701
10130,7093,334483,25370,7148,334532,771107
6759,5815,71323,23981,6537,268860,401368
4352,4592,84680,24056,6740,189671,363979
6315,5741,78593,24240,6815,190313,327258
5148,4760,109468,24296,7130,241770,410276
9796,7315,90417,36926,6333,212322,412182
6444,5722,84627,23741,6370,234279,377034
7445,5704,2505510,26186,7648,287528,2889058
6018,4741,1354724,24500,6945,188692,1600490
5240,5130,66790,23593,6630,356188,506330
6093,5370,83925,24722,6797,468367,644996
6778,5963,81875,24204,6759,189309,330221
4945,5018,84269,25000,7315,186192,327276
5500,5185,622550,22629,6426,1341532,2023358
4796,5000,81927,23963,7426,190516,364331
6815,5871,91247,25407,6852,188992,340035
5241,4926,296603,35222,8537,232727,598015
5556,5333,378497,42278,5315,224851,710885
6333,5778,62948,24315,6870,338105,514775
5481,5111,85213,26370,7315,456229,636070
6888,5574,81737,23796,6537,189818,329072
5408,5185,55205,23500,6944,189201,303554
10204,7722,71543,38352,6222,213251,397423
6630,5574,87122,34741,8889,210709,371665
9481,6797,105349,25630,7185,242389,412220
5704,5148,235836,33352,9463,1012638,1336844
6574,5981,411396,38685,6556,284544,772514
6945,5500,72625,26259,6704,266391,404702
6203,5760,82204,24536,6797,188979,329368
5593,4963,81579,24648,7019,187789,326591
4704,4815,85418,23111,6537,191395,332831
10111,7593,84646,55462,6019,212926,391461
6074,5463,87688,24648,7056,226495,375350
8926,6908,135822,33741,13037,219564,433590
5166,5167,274586,25315,6648,251503,585107
8814,6723,78685,32462,8315,362924,550663
7889,5815,81820,45333,6407,445696,610182
8630,7148,85473,33018,10000,213618,372739
5278,4834,641772,26759,7759,238001,975976
7240,5778,62669,32092,8167,214107,345794
5315,4981,88285,51759,6686,189491,363998
9778,7204,89605,33852,8648,276374,439979
7019,5629,215832,63648,6223,187776,534867
6907,5760,333485,28981,7259,184123,586941
7259,5259,63010,33963,9870,322210,474071
5314,5334,88811,44241,6963,485370,652459
5629,5148,86632,25222,7277,189756,336035
6259,5482,62396,25814,7019,202603,325406
6074,4963,63623,50889,5981,213005,360461
5075,5314,81314,24741,6981,204666,348628
5167,5185,112263,25778,7296,323253,551904
6074,5519,251508,33945,8722,214933,536590
6241,5093,412753,63593,6629,312427,847347
5629,5148,72835,25463,6889,273422,410775
6259,5408,87487,33037,8704,214844,371498
5537,4889,88419,60611,6629,207209,389461
6445,5037,75368,31908,8500,217018,360350
5444,5019,85763,51666,5796,215977,384813
4759,4907,90176,25814,7352,199842,348220
6056,5426,132162,23722,6537,267095,462868
6297,5148,327629,32592,8741,270034,762551
5686,5370,58562,22611,6685,325251,447165
5648,4944,84308,23685,6870,262802,416108
5259,5111,82480,27055,7611,188038,332479
5907,5111,95726,24925,6963,192459,347535
5278,5222,66823,24093,6630,221823,344795
5278,5185,86514,33407,9148,188096,343369
5037,4852,85796,24333,6519,235720,378146
5426,4963,234468,32814,8760,217307,519386
5797,5129,287158,25945,7518,215450,561849
5574,5129,81516,32037,8130,342537,501997
4944,4926,89632,59185,6908,425531,607496
5667,5407,87471,25574,7037,768191,916736
5500,5204,79346,22703,6612,193522,328442
4833,4982,80462,32556,7389,234980,380516
6278,5481,86375,63741,7037,250252,436460
6333,4870,111492,32870,8481,227340,407090
5481,4908,274885,28166,7648,221798,558867
4760,5185,1944568,51352,5926,209549,2236302
5444,5074,66008,25759,7204,273305,404516
6000,5370,79660,35093,8592,216116,366683
5352,5166,81018,62166,6574,207722,383979
5352,5056,81689,33556,8444,214790,364702
5667,4667,88713,53463,6296,216414,390924
5926,4945,84329,23926,6630,229057,370406
5074,4870,137316,32982,9166,226182,432053
5297,5092,314580,25630,6740,227491,600478
5278,4852,56141,32963,8630,328411,457942
5722,4815,88091,45055,6241,466220,631755
5685,5167,86300,32500,9944,216569,396090
11167,9277,82658,26500,7796,192156,349535
5296,5204,92700,32907,8296,209021,369424
5871,4926,83612,56166,6296,185998,358646
5000,4963,81988,25555,6963,192715,357276
10260,7611,228473,32408,8000,184783,489479
5149,4981,335960,26685,7074,207389,602441
5889,4982,58818,26407,7685,302736,451979
9815,7889,84471,25056,7111,486747,638441
6592,5574,86181,22759,6759,193077,337294
5333,5037,73149,24611,7167,192090,322591
6426,5000,64876,52037,5889,213029,364350
5223,4926,84510,22278,6333,234469,377795
4926,4963,110423,24389,6037,211574,378072
5593,4926,333817,58388,9574,218977,651663
8815,6963,283581,30241,8240,218749,570626
5204,4593,62902,31759,8463,269096,403535
6055,5278,79148,35130,8314,216480,365831
4648,4611,80190,25685,7704,189456,327127
5703,4945,76473,23741,6759,193025,325683
5297,5018,85645,52889,6204,217038,388072
4944,4759,83577,62870,6796,217311,394516
5055,4760,148322,34351,8852,213880,430127
6111,5426,303863,23297,6518,185763,546385
4778,4704,80944,32222,8388,312499,464720
4630,4592,84357,45222,6444,466418,626274
5537,4815,81417,32519,8426,219247,370535
5555,4778,81423,27851,7556,185391,327665
5259,4685,66669,24592,6796,205441,332424
5167,5351,87489,25537,7037,199065,344924
5093,4593,85141,33056,8574,221208,376220
5852,5259,199832,25000,7259,192555,452072
5278,4851,288300,31759,8296,211346,565311
5223,4888,81399,62888,7056,329155,511942
5185,4981,84367,26703,6852,411409,554700
5259,4945,80371,24908,6833,191108,329220
4704,4759,44247,26408,7481,189437,295258
8333,6833,60975,26185,6815,210542,373312
8685,6463,88646,31556,8907,190408,351146
9907,6537,100115,26111,6982,217346,381368
5111,4518,198009,25425,7297,278600,532848
5667,5203,725845,51667,6185,505740,1315585
5519,5185,62686,24296,6926,275312,398016
9612,6388,82599,40815,7000,213121,375609
4408,4518,80215,25037,6815,184228,320647
8166,6741,84609,34092,8908,215889,373646
5223,5185,79577,52130,6240,207662,371128
5852,4962,86898,63611,6703,231786,416757
8371,6852,141661,26333,11204,229447,472738
7000,5907,358962,32889,9019,198849,628941
5093,4833,82043,25981,6963,333418,487312
6778,5500,78899,32963,8278,392838,539997
4741,4759,75516,25741,6907,228057,361072
5166,4741,84243,33760,9018,217384,368794
4518,4722,59120,22870,7463,208472,321553
5426,4444,83494,24297,6389,190392,330183
8981,7037,393980,32426,8518,234239,699662
4241,4426,246375,26463,7870,188530,493127
8629,6649,371472,31851,8463,211062,687866
7037,5593,63423,38277,6482,280186,419461
5129,5149,81428,32796,8518,496532,643996
4370,4778,80693,24629,6963,192176,361739
6908,5296,77809,24704,7203,191097,330961
8907,6519,125073,26333,6963,241666,462942
5778,5351,83727,33963,9352,214308,369664
8482,6574,103713,26333,6926,226674,394035
4945,5018,308292,25037,6759,319779,688144
8500,6685,279483,33370,8833,272459,654645
6185,5167,57747,25037,7186,279231,399072
8686,6926,83178,66574,6537,472429,659886
5093,4796,79629,34148,8666,215759,396183
6945,5259,65263,28426,7315,188716,318350
4852,4889,88787,32722,8333,216322,403831
5851,5278,256014,63352,7370,207280,561200
4982,4592,131464,26555,7037,261682,454090
9315,6870,346283,24241,7074,194176,636700
5703,5223,82696,33778,8815,352560,512386
8203,6852,83239,23889,6370,261611,407534
4666,4704,79818,26815,7092,235940,374331
6870,5185,77139,24703,6982,228174,366516
9056,6592,64533,29500,7833,221429,353665
4426,4574,78334,25796,7982,217849,353628
5074,4648,85469,65055,6778,288770,534775
9314,6760,271547,25167,6925,191265,526089
4222,4315,306071,25611,7315,261962,624867
8778,6889,79577,22722,6408,350105,501386
6518,5278,78953,23907,6870,262601,401664
5815,4518,80903,32981,8870,218689,366739
5222,5204,51259,24537,6519,195387,301887
4371,4574,80579,50870,6389,211900,373035
5111,4870,87455,63204,6778,190413,406090
6926,5481,110905,25852,7037,327315,498330
4649,4629,205076,35204,9222,222718,496775
9574,6963,275507,60870,6241,292638,666719
4760,5055,62717,31592,8500,269726,401072
9611,6778,82240,25944,6315,265609,431497
6685,5611,82968,60888,6297,211752,390053
5019,4888,648008,33556,8722,270339,985235
4444,4722,80701,25481,7130,208594,344664
5111,4833,78187,35037,9167,218200,400368
6426,5315,130173,24871,6277,639230,828662
4852,4741,307900,64315,6500,272633,685996
5815,5260,81702,23982,6333,336369,478498
5463,4722,83041,33334,9037,486381,636015
4778,4630,81417,27351,7556,189470,328998
4871,4518,71793,26518,6778,191909,354017
6186,5518,61983,31574,8667,218089,348295
5259,5037,271154,25352,7074,227491,555386
4685,4667,81363,34296,9019,326986,475256
4685,4630,163480,61425,6204,265795,530349
6371,5574,266855,24833,6741,228105,590238
6888,5556,444637,60259,6148,209970,748088
4352,4407,78515,29111,6388,485205,622737
4778,4611,76501,27722,7463,215923,385998
6389,5389,80987,22889,6148,186585,325516
9592,6963,57789,51611,6167,210654,358405
4333,4482,83461,21389,6296,196000,332146
8926,6555,100392,25093,6759,184421,381868
6278,5370,258601,23814,6889,192601,507886
5481,4296,334161,24370,7000,390391,817347
5871,5222,64074,22278,6481,282979,403998
4500,4574,76784,22648,6648,194752,327424
9166,7130,77566,25148,7000,228062,368534
5277,5111,84313,33963,9092,216334,402886
5926,5296,81836,37148,5056,236125,385423
5315,5445,83489,24333,6297,227582,367035
5074,4778,134346,31741,8574,212022,413923
9222,6723,243203,24388,6574,257498,596775
6278,5555,53950,32556,8240,331863,455609
4574,4518,81381,44037,6611,375987,565311
5925,5612,79626,34315,10130,213334,363275
5148,4426,1362312,27481,8000,224587,1647250
8815,6481,57934,61129,6444,214084,369812
4760,4666,90532,33462,8445,212911,402665
6166,5278,81407,61555,6408,218795,394312
6000,4833,189338,27944,7408,204752,457979
8981,6482,351879,34389,9129,279562,741162
5445,4629,80015,24815,7204,369334,542627
6463,5630,76094,34871,9018,487088,636441
9889,6518,80063,25018,6389,192676,336183
4741,4907,54234,23926,6222,208542,319516
9019,6481,1521660,31685,8315,213756,1840157
6167,5463,79226,62981,6611,235327,410386
5407,4723,106287,33592,8741,244933,454201
6056,5278,211254,62963,6204,209928,516942
8500,6944,395315,29555,7908,296070,761440
6667,5778,56599,32426,8833,273214,401017
7907,6537,75716,26333,6074,316153,467756
6167,5278,79109,30667,8444,221926,368961
8463,6703,35189,26593,6741,203235,301998
5574,4870,80528,50425,6037,211267,374109
8815,6240,81977,61519,6777,218318,397275
5314,4815,140686,23963,6852,266515,498663
6685,5500,346598,23444,6463,191344,594719
5018,4759,81623,25962,7297,324653,500811
7426,5407,84183,22592,6778,513499,654440
4759,4648,82207,61537,9981,280903,495756
5925,5408,79619,25537,7389,191972,329775
4833,4593,57754,23593,6481,209022,355516
6556,5352,77056,25148,7407,192128,328332
4408,4796,78135,32593,9537,319973,493201
6686,5685,264565,50093,6592,185302,566108
6130,5389,318144,33389,9037,217945,604071
5629,4760,84187,26111,7334,333698,477960
4481,4500,76619,32463,8519,435655,610904
5870,5260,81661,26518,7167,228226,369183
4482,4537,82796,33463,9037,217295,399794
6574,5259,66190,62389,6333,212697,373812
4685,4796,79362,31741,8685,229433,407035
6038,5240,101756,26111,7185,281001,441702
3889,4352,228020,25425,7000,229848,512626
6037,5334,278450,34260,8481,226935,608404
5852,5519,60605,42889,6222,264226,401813
5370,4852,83462,63500,5963,405646,583144
4148,4482,83486,25574,7333,229142,402498
6704,5463,76769,33333,9463,219488,365294
5259,4685,73774,52426,6241,213872,405164
5871,5203,83576,25241,6629,228552,369035
5482,5000,132710,25519,7074,290972,480479
5111,4611,1073860,23296,6371,227854,1355103
5056,4759,56666,33592,8852,293888,439813
5945,5407,78578,24389,6129,264809,404776
9223,7740,73232,26092,7093,227952,364887
5944,4852,80348,26148,6629,228503,370386
8945,6962,66335,20796,5574,233775,390053
6389,5185,83136,71593,8074,212195,403868
9278,6519,81289,63129,6704,218598,399998
5963,4685,286960,52482,5870,217426,587348
5685,5093,102540,60111,6203,292717,489053
4370,4500,54991,25111,7166,293601,405812
5074,4778,77625,31315,6074,264762,407479
4963,4278,76815,33000,8722,221517,367202
10037,6537,95950,61204,6518,211826,406553
5426,4981,64585,96167,6055,215098,410071
8018,6352,80683,25389,6944,200131,341535
5277,4500,109040,25222,7204,287884,448349
5666,4889,277915,22722,6722,187472,519219
4519,4685,485030,23463,6981,321780,888495
5611,4778,62796,24241,6759,283387,403979
4797,4500,74486,22778,6778,196641,325758
9963,7519,73714,23778,6926,195210,331869
5592,4797,57238,22592,6685,211168,326090
9111,7056,83465,51704,5703,212459,418072
7611,5759,81878,23982,6648,187379,328702
5241,4740,140254,23277,5963,214486,442257
6129,5241,245184,23426,6519,213405,514478
5055,4834,50912,25074,7167,315900,463256
7000,5426,82436,24945,7018,375247,539016
5759,5055,72775,23315,6740,196835,358275
6315,5352,79446,23574,5907,197460,332980
5352,4889,56081,25018,7112,207083,353868
6592,5278,84475,34186,10222,254615,410942
5018,4667,85369,22723,6555,232962,371479
5204,4722,175652,31926,8648,220179,460127
5334,4907,309101,24759,6667,195840,594608
6778,5389,57941,33351,9445,332872,485849
4982,4778,75334,30000,7685,450237,621626
6037,5389,73248,23648,6574,196269,325295
4926,4667,76104,25685,8815,189709,324980
5482,4814,66295,33741,7518,236537,404053
6148,5407,79152,22556,6611,224068,358294
5074,4667,99768,24611,6815,310378,521219
5685,5296,523902,40499,6686,300538,899532
5055,4408,1508199,32425,7871,465864,2073581
6130,5370,57099,25277,6537,283251,401035
4686,4611,77178,27722,7333,332190,495294
5500,5203,76739,33241,9537,218204,362498
4778,4407,85300,24518,6426,231347,404831
6055,5352,72768,31630,8499,203879,342165
4926,4740,82218,26981,7000,255910,432497
6037,5074,124815,24519,6389,277127,458368
4945,4444,343338,32704,8555,201752,609608
5277,4797,55788,26111,7389,285524,401720
4352,4463,82460,24907,7037,426741,597811
6148,5111,78373,24093,6389,231495,365461
5018,4723,81026,24185,6296,229991,365183
4408,4370,59569,29407,7185,218208,336295
5092,4704,88463,22407,5297,186091,362331
6537,5592,82709,24870,7056,229363,370238
5426,4426,153399,33185,9111,221303,474646
5963,5389,262607,25019,6444,255371,574367
5148,4852,57058,32463,9907,323347,463071
6037,5241,83174,59926,6315,462137,637182
5389,4870,81290,62204,6833,210504,422016
5833,5056,78462,23593,6278,233313,366405
5037,4889,85467,32556,8129,213846,364109
4481,4871,78824,28056,7518,234377,375072
11019,7018,94034,33574,8907,221279,424590
6388,5408,279279,62055,6407,193922,570737
8463,6704,276803,25166,6908,236379,574868
5852,4981,60420,41759,6241,267412,404775
9000,6186,76665,25944,6000,283166,418517
5166,4797,80652,23296,6778,188957,326998
8889,6797,34546,24907,7112,207859,304888
5963,4852,81403,39111,6722,214447,370276
8963,6426,84834,31574,8333,438663,626959
6685,5389,133043,34093,9352,237639,443868
8389,6611,242326,25814,7259,254950,559904
5593,5055,73276,25871,7129,325851,469627
6815,5333,82208,24629,7352,481234,624441
7870,6371,77694,22796,6537,197952,333257
5037,4741,72755,63555,6778,211447,412553
6259,5370,59723,25223,6574,219608,337553
5612,5111,85783,34074,9241,196141,384628
5926,5166,79141,25278,7685,265376,402905
4852,4834,486329,32815,8352,331202,893514
5908,5074,300354,24796,7056,250216,607330
5778,4889,49175,26389,7185,322971,444146
5741,5277,93421,33185,8723,374187,534682
4889,5037,75704,26981,6926,228405,361998
4889,5092,74728,23926,6704,196455,359312
6538,5351,65363,52630,5981,216765,368109
5056,4870,78331,32648,8889,195167,372887
5982,5167,94428,24037,6834,196828,347943
4963,4611,267785,32130,8389,193693,525923
5315,4629,273031,23982,6648,188022,549737
6111,5352,49167,31722,8574,277831,395887
4463,4593,76079,26796,10315,312604,475572
5815,5204,74695,62778,6889,219524,388794
4889,4426,84979,35426,9981,216353,404664
6333,5241,73002,79000,5796,212774,396127
5166,4797,80156,31592,8204,216564,394849
5870,5297,121198,61777,6389,248559,463146
5352,4814,240277,27222,7056,217128,516015
4204,4388,53376,24648,6630,288252,397701
5240,4834,76843,43815,6370,446042,631552
6129,5130,74034,25630,7018,194150,327461
10351,6778,47873,27259,6870,228830,348072
5296,4852,59730,32333,7352,231787,399127
10019,7537,84364,37704,4944,242208,404628
4259,4463,82203,33185,8593,221332,369220
5723,5185,244337,27630,7648,195475,523868
9259,7482,307157,62925,6130,213821,622515
4518,4556,49441,33130,9092,300353,473793
8889,7314,80113,46593,7259,437976,603867
5203,5148,80008,31703,8241,214472,360146
5185,5000,68994,25093,6907,196745,322831
5482,4888,87259,32870,8445,216295,412720
9741,7463,78467,63870,6630,199123,382775
6186,4777,95010,33667,8407,277284,443257
4944,4889,246033,27018,7371,195242,542552
9241,7019,274001,33740,9352,257255,606201
4593,4518,52692,39815,6241,284268,416146
5834,4815,73660,25611,10870,316652,461201
4759,4611,74277,61999,6130,213944,380720
4686,4481,131948,24852,6611,294475,487146
4149,4314,82454,80704,6463,226507,445442
9500,6963,81403,60296,6315,220539,402183
4574,4592,134798,24814,6871,226774,440386
9537,7686,312413,23111,7222,198158,573941
4185,4463,80105,23277,6463,348523,487386
4963,4407,78814,22888,6334,266017,403071
4889,4574,74356,24796,7148,202143,356016
8944,6778,76139,24185,6685,201285,340405
6797,5666,60422,23111,6222,208669,325591
5277,4352,80298,25111,6592,201831,361572
9482,7667,78488,25259,7444,218381,364276
4963,4667,264437,24000,6870,199894,561497
9963,7574,364034,22555,5574,191222,616533
5463,4741,73448,25018,7222,364735,502053
4926,4982,74268,28444,5260,272637,412035
5167,5055,74144,34315,9426,225613,390979
11278,6667,73834,60555,6334,219515,394091
5129,4852,68191,52111,6445,218862,370331
4555,4741,80400,34000,8926,227450,397646
9463,6703,93906,33555,9630,222778,392220
4944,4760,188299,62870,6222,230069,556515
10000,6740,271230,27185,7112,192193,529645
4963,4629,54273,33778,8444,278003,404868
4167,4722,79816,27500,6092,278868,421091
5018,4741,79876,25000,7148,199678,360127
10722,6815,68993,23333,6333,204599,337702
4834,4574,76942,51722,5963,216148,374517
4760,4592,116670,33018,9463,295013,499072
9426,7574,116693,24093,7037,283045,464701
4870,4945,222420,32815,8722,285799,602219
9093,7537,83648,25148,6704,361275,516275
4611,4463,73080,32833,8963,448250,587922
4852,4815,72659,31778,8203,215636,353220
5389,4463,536570,24056,6314,336926,939495
5796,5445,78539,33000,8408,219977,366924
5389,4834,74989,53648,6389,258990,420054
4944,4741,77013,26185,6482,229318,362535
5093,4741,235536,31611,8593,208183,510923
4703,5185,324505,23963,6314,226048,605829
