48888,21648,1191818,154203,5593,1215352,2641651
21592,16722,1274061,149537,10259,350262,1825044
6147,3704,412921,100703,8185,1210292,1745693
10573,5833,284795,76888,6593,1719638,2107579
7352,6333,328760,103333,10074,1536099,1995451
10314,6204,1067963,86258,5741,1683298,2862205
8981,5907,629191,50610,5500,2011998,2715465
6444,5296,505990,41037,4500,1482795,2053747
6036,5500,150273,38648,4722,2103269,2311504
8629,5408,304774,86777,8778,1996082,2412874
6666,5167,205481,109944,12093,1642136,1984414
7129,5389,511853,73944,9074,1543708,2154079
8963,5777,141784,57426,7000,1927333,2150617
7074,5167,712469,59888,6334,1753571,2547670
6037,5037,382418,48685,7555,2257400,2709521
7203,5204,134274,68463,6722,1632419,1856415
11703,7129,263240,54981,7518,1868174,2215634
7259,5314,212909,49500,7130,1581728,1866840
8574,5888,322615,47167,6222,954507,1346862
9796,6333,532098,45167,5722,1980720,2581707
7185,5722,247862,49889,7074,2102475,2422967
5981,5074,311883,46611,5926,1531087,1908507
10129,6907,1505214,47370,6518,345239,1924414
6740,5352,674924,44277,6241,1666062,2406485
5721,5111,441151,46018,6185,364660,870698
10518,6592,286969,33333,5037,1673020,2018377
7684,5019,596285,46648,6092,1632665,2296912
9981,5852,128346,44481,6944,405781,604515
7333,5389,211885,47870,6500,1668567,1950488
7481,5352,515609,41352,5685,1967024,2544967
17259,4370,113632,39389,5611,1698875,1882248
7018,5241,283708,45555,5148,1900001,2248598
6222,5426,519302,49167,6166,1275242,1863396
10407,6666,1002970,48352,6259,1914642,2992148
6833,5277,312273,55148,5444,2302212,2690224
7444,5333,349183,36296,5944,1660454,2067395
10611,6962,506185,40037,4685,1607821,2179376
8629,5852,369299,41037,4981,378789,811624
9055,5852,331839,35574,5166,1233226,1623416
7981,5537,158880,50110,6667,1651220,1882655
8629,5500,803120,38945,5240,1746309,2610947
10666,7000,223941,34611,4982,1588418,1871878
7852,5407,413536,32629,3963,322831,789514
6944,5278,511093,33518,4574,1679986,2244190
8167,5425,493708,40241,4185,2048518,2603133
5925,5278,410729,41037,4352,1520796,1990395
5721,5000,467640,32926,4092,1747977,2267745
8241,5703,737586,36351,4000,1711400,2505115
6944,5463,441367,39389,4611,1624287,2124191
8333,5629,159224,49315,6074,2318243,2549300
6925,5259,600484,44537,6666,1636855,2303578
5611,4926,559394,44833,5889,1693388,2315968
11666,6870,133547,38315,5574,324468,523330
6777,5463,222642,42778,5092,2251436,2536577
18851,4482,218274,39000,4222,1306513,1594416
6147,5019,318203,48092,6593,2435187,2822260
7166,5778,192965,72037,4796,359253,644996
6333,4611,1050890,60926,4444,1669372,2798983
22592,4482,116675,68000,4389,396543,614589
6240,4833,244030,36963,5203,1848865,2148839
7203,5370,131126,50926,5370,379371,581829
11185,7185,157425,33240,4167,1654638,1870081
8444,5666,484334,33685,3185,2013207,2551133
7370,5130,471114,44351,6204,295770,832254
6203,5500,346636,54166,7019,385081,806921
10241,6314,267066,37963,5814,1569165,1898785
8370,5648,475567,49000,6352,1594365,2142913
6778,5166,382293,45685,5463,1466789,1915193
5796,5148,296463,39981,5037,2023283,2377875
5167,4703,382540,38222,5314,2464259,2902076
6741,5703,315821,41222,5333,1532483,1909507
6315,5314,164713,51907,6704,1816331,2053303
11981,6889,287771,34463,4314,1418368,1765990
8518,5852,207699,64056,4685,1741251,2035284
6185,5074,411406,32999,4093,1655286,2118247
7388,5445,596926,45425,5945,1686227,2350023
6037,5537,234727,40796,5722,317288,612737
5666,4852,539839,39222,5148,2075941,2674817
6388,5574,337769,58889,6278,1754996,2172339
10870,6888,730159,45889,6944,1531680,2334763
8666,5814,408960,45963,5426,2216506,2693576
16851,4167,740331,42815,4796,339792,1151030
12000,6111,1266387,50407,6870,2150018,3494664
21944,5019,297765,58759,4223,1618944,2010322
10592,6648,431156,42722,6685,1691239,2192264
8204,5722,1019712,56277,5759,2025826,3124389
7296,5704,103941,67407,5834,1915416,2108488
8203,5741,408480,47796,7037,2019931,2500892
5888,5648,128966,59352,4407,2779443,2986019
9647,6852,102876,41019,4444,1667910,1835804
9240,5945,237489,42815,5407,1545889,1849711
6759,5037,1090692,50351,4111,1654996,2814391
7573,5648,207644,45759,5259,1632105,1905914
5333,5093,128702,54425,3704,2515041,2715336
5963,5315,346111,45963,5722,1785839,2197339
8370,5815,293115,57073,5926,1549949,1923248
6851,5723,309395,48962,5741,408193,787199
5610,4908,444527,46888,5704,2869194,3380016
17722,4333,308420,34018,4222,349651,720940
6463,5389,390533,44481,5278,1942767,2397671
6573,5222,139538,37870,5000,1633785,1830137
7296,5926,111818,41926,4592,2249705,2423467
7981,5611,700281,52703,6778,1690297,2465652
6259,5074,498988,46796,3685,1939497,2503133
5740,5741,260937,44537,6203,2733156,3060241
5370,5204,397309,42111,6259,1560234,2018803
8296,6129,787422,45518,4963,1575546,2432004
6407,5223,724406,43074,4555,1544654,2331783
8073,5685,275615,47037,20833,2179297,2539892
11018,7185,127545,47981,5944,2348607,2551688
18129,4278,488731,42999,5611,1834237,2396171
7666,5667,466215,41537,5037,1976326,2504596
17925,4352,321719,54648,4518,1750454,2156913
7278,5777,418481,39648,5648,2228078,2707151
17018,3982,116003,49796,4612,439067,632663
7481,5185,136192,77221,3482,1890241,2122598
7481,4871,301453,79518,4889,1650794,2051303
10629,6833,163030,46685,6482,361337,596940
9147,6019,170422,52870,6518,379279,626514
8037,5796,184925,68370,4278,2165986,2440374
6574,5592,278039,47222,5740,1720098,2065266
4722,5315,403855,38500,5296,3641880,4102790
9943,6463,102806,58722,6389,1618165,1804803
18759,4426,176788,46944,5889,1597831,1853655
6889,5000,255161,37592,5704,1585605,1898915
7425,5519,578940,38092,5704,2035711,2674446
8333,5945,1107458,41871,5722,1713487,2885890
7592,5482,498446,37037,5518,2037835,2596022
19722,4204,197265,54722,5500,1425058,1710027
7148,5704,814617,41463,5462,325562,1202067
7185,5500,892786,37556,5518,1989011,2939723
11018,7500,887419,36741,5778,1746657,2697243
6963,5648,1629844,42981,5648,2033541,3726533
6851,6056,123447,41574,4852,1743319,1927970
6462,5704,640429,61055,2944,1810020,2529521
5814,4871,306563,35962,4963,1890980,2251431
6851,5575,336269,44333,6741,2268863,2671614
5388,5056,1658858,45074,5315,1921935,3643941
11370,7074,250720,34907,4519,2341819,2652539
10481,6834,228723,54000,3315,1701320,2007303
10703,6241,299892,44500,5722,1527986,1897951
6222,5130,576949,42555,5389,1722889,2361227
9407,6185,1389448,50389,6555,1538572,3002519
10389,6592,524270,48981,6315,2133159,2732687
6185,5056,161293,42426,5518,1720899,1943266
8536,5778,955588,83259,4463,2029523,3090333
7018,5296,439224,38611,5018,1634894,2132524
5610,5019,129358,39536,4371,398620,584756
11055,6870,130027,46982,6555,1705295,1909118
10703,7093,126660,36444,4778,1758514,1946525
10648,7463,131940,55204,4888,1673846,1886211
11074,6074,131388,40314,5463,1499806,1697805
7648,5370,135539,55777,5148,1972727,2184339
8814,6000,131597,47185,6537,1749022,1951303
6981,5370,407728,55926,3963,1799684,2281523
6351,5463,296435,45630,5741,1599627,1961599
5315,5277,383031,37722,5203,2110529,2550133
4629,5371,869642,49018,5166,2393394,3330202
5129,4926,142205,36555,5592,1649693,1846359
5277,4815,130114,38333,5259,1636709,1824229
11259,6851,331154,48981,5981,1625521,2031951
9222,6055,208157,57240,3908,1875497,2163635
7000,5185,237659,45241,5796,1785588,2089451
5463,4981,239366,82370,4093,1733270,2072025
10629,6463,262054,49870,6482,1531213,1868989
9241,6296,452871,38129,5241,1768227,2282357
6444,5000,130301,52481,5611,1747614,1949692
9369,6130,330229,47648,5481,1524186,1925210
10852,7741,294917,104314,3537,181247,605201
7481,5666,785899,54778,5796,321465,1183419
10388,6704,523663,45870,4796,1617380,2211116
9592,5574,134723,40259,4315,1736877,1933822
10148,7130,654964,47388,5537,1525949,2253190
8759,5944,358209,49833,6500,308898,739958
10556,6148,162009,45074,5796,1720016,1951785
9778,6518,175160,38019,5426,1459496,1696268
8777,5537,261033,54648,5648,1356958,1695657
5962,5407,338295,49204,6351,299868,707458
11981,7204,457834,41370,6685,1316878,1844212
10777,6389,176320,45185,6444,1550744,1799600
10647,6723,658709,42796,5926,323896,1052271
7870,5481,326380,42556,6389,1412090,1803730
9833,5889,386494,43463,6703,1458347,1913822
7463,4925,141480,44870,5333,391184,597570
11721,6612,173574,107074,4407,234145,539700
8500,6129,266892,60315,4167,1361912,1711064
7240,5556,370709,57518,5815,1438391,1887507
8129,5481,137084,57555,6741,306914,524867
7536,5593,147494,51944,6667,361539,583885
6648,5296,247552,72296,5815,1303957,1643916
10703,6685,1104736,50778,6518,1473749,2655243
8630,6277,418631,43833,5463,338791,825384
8222,5796,136024,46481,5297,1665261,1870618
8814,5871,389729,40278,5814,354304,807514
7333,5500,344899,42389,5870,1339054,1747971
9407,5407,420883,50241,6796,1497994,1992710
6407,5130,173517,40611,5611,1430269,1664490
7833,5445,172927,62481,4204,1453544,1708824
10074,6555,268856,43536,5278,1347876,1684934
8129,5555,376673,66629,4796,2001462,2466022
7314,5556,257417,50684,6593,1410851,1741563
7370,4945,171809,96036,3796,1387200,1674064
5851,5000,780735,37722,4648,343851,1179696
4999,4759,336499,72482,3407,1396953,1821415
8537,5722,129651,46482,5740,1769189,1967544
10944,6648,1228575,44185,6759,1696926,2997186
8925,5852,219194,42314,5852,344118,628033
6166,5185,1640467,48815,5611,1425551,3134110
9518,6907,273218,43352,5296,290057,630515
8036,5537,162351,36555,4926,1397474,1617916
8314,5611,177576,51889,6703,1396471,1648953
6889,5129,281726,85722,3574,240345,626478
6259,4537,367303,66981,4833,289749,743403
7666,5463,134455,40463,5555,1588664,1785378
7055,5611,177106,32610,4945,1436570,1666823
6500,5037,240497,98889,3611,1271030,1628509
5148,4796,352000,47370,6074,284756,702885
6888,5148,1185165,47852,4703,1378376,2631076
19295,4297,119580,49426,6648,1955537,2157802
6148,5055,312805,44740,5574,339618,716940
4962,5111,313308,94333,4148,1302553,1726971
8426,5777,418310,56574,4815,1706307,2203968
10574,6926,160684,52907,6389,1593676,1834230
5630,5648,195816,42426,5611,393884,651774
9870,6333,276116,48185,4389,1419670,1767490
5166,4815,367136,48315,5796,347822,782143
7758,6019,135677,37908,4944,1699830,1894044
7481,5518,167903,40333,5500,339835,569682
7166,5592,253683,42611,4611,1414789,1730989
8407,6130,318629,52056,5611,1411378,1804489
11037,7426,103615,38759,5555,327716,496016
7425,6037,152081,43537,5648,286509,504200
7426,5370,201806,40944,5352,1435388,1699564
7833,5667,292493,51592,6685,1413534,1780749
6555,5426,383107,57981,4370,1517567,1976784
10833,6852,135277,38926,5352,329812,529460
10148,6166,177280,47315,6463,1416636,1666268
6704,5907,295320,38759,5500,1385800,1741027
7241,5333,404877,37130,5537,302303,764737
7407,5834,129289,45240,5445,1865236,2060618
8555,6093,168291,47296,6685,361706,601533
10296,7166,250924,49055,6278,268814,595237
8389,5240,343334,48555,6297,1370452,1785193
8647,6037,415281,51203,5389,1408727,1899303
5925,5296,136156,46666,6000,1638223,1841896
8314,5889,202213,38445,5000,1412073,1675101
6166,5018,345030,92870,3834,1265219,1720360
7536,6315,397033,46889,6388,1416383,1883377
6629,5537,129185,43907,6445,357052,551033
6389,5722,178762,43388,4500,346124,587719
7240,5352,649595,44556,5426,1392021,2106320
12333,6963,750117,70259,3389,1658979,2505041
9259,6111,137141,30981,4445,321059,510849
7592,5741,141903,49592,7334,1737622,1952544
7351,5167,324331,70389,4518,295443,710237
6999,5334,324796,122981,3371,1323248,1789137
8296,5925,127857,34111,4852,327677,510885
9814,6556,127137,52148,6277,307287,512108
7370,5333,205992,82722,4092,1380647,1688379
6147,5611,1112305,66796,3907,1395810,2593891
18185,4592,380978,43944,4574,1377031,1831600
9852,6722,590831,32259,5112,428699,1075364
8129,5556,178947,79852,3722,1383061,1662027
7203,4981,279598,45760,5740,283695,629922
8370,6296,366730,37963,4907,374136,801532
7203,5333,255974,41019,5796,1362868,1681138
6130,5074,143551,41389,5444,1522605,1726027
6426,5092,284332,52240,5612,1303325,1660231
6574,5370,344075,58111,5370,1489544,1910896
4907,4926,151357,40574,5222,1830261,2040173
7444,5981,178786,35629,4648,1651389,1886470
5759,5167,207288,103166,3722,1268314,1595639
9092,5944,287717,40610,6112,217076,568755
10518,6852,386200,39185,5130,1424103,1874914
10074,5926,137130,47907,6537,1478601,1690101
7000,5259,176374,128647,4223,1367727,1692620
10333,6463,261783,46241,6518,1429003,1762564
6352,5166,359564,50722,5352,1418240,1847341
7000,5518,175364,43000,5130,357781,596645
5833,5092,159108,43092,5556,322334,542867
10463,6629,232758,45500,5963,1332677,1636324
8333,5667,357316,39907,5815,1616987,2036988
7000,5555,493226,52129,5556,1504429,2070136
6388,5482,139378,43981,5611,1793481,1997321
10389,6425,195919,41888,5241,1441905,1705416
7593,5629,315939,43352,6666,1290885,1673435
9703,5926,459737,42259,5648,294999,821235
6351,4889,130687,42166,5685,441736,635626
7999,5685,178912,45870,5500,1498190,1744082
9648,6222,283043,43685,6592,1357910,1710064
8222,5630,611933,50833,6519,1480850,2166413
6611,5037,170142,37944,5722,277689,506275
7092,5259,142034,85870,4000,363537,610589
10629,6704,231777,52777,6408,1398491,1709619
7592,5685,325928,46185,5666,324735,718681
5944,5296,408948,53500,6371,1390744,1873766
5611,5425,161176,42592,5648,351192,574608
7073,5537,680768,44074,6389,1676607,2423281
7778,5333,287810,57166,6574,1489198,1855822
10184,6371,397867,70611,3815,1335140,1826415
9259,6240,127613,57444,5778,1706691,1914951
6092,5093,169707,43093,6000,1495930,1727749
10036,7000,271285,61425,4037,1303540,1659879
8796,5481,352750,46722,4574,1463369,1884081
8666,6092,169161,43204,6463,299447,536163
6500,5296,149831,42481,5130,417129,629237
6518,5111,447313,35834,4796,1551285,2053839
5148,5111,320132,102573,4111,290198,730033
10999,6204,795317,52111,5315,410657,1283011
7833,5741,142138,68685,3630,1416926,1647175
8277,5648,205753,78795,3500,329930,633644
5889,5314,301014,69741,4851,1464791,1854804
5166,5056,112777,42333,6167,367997,542664
7795,5556,192853,43315,6389,1601802,1860877
10795,6537,197579,37944,5482,1363097,1623786
9055,5963,257526,44555,5426,306175,631515
8000,5722,379269,35314,6074,1390203,1827527
6574,5500,318753,50852,6629,1424403,1815452
10092,6130,174127,40685,5481,1386419,1625583
7315,5555,240426,43407,4722,1551304,1855841
7925,5593,324928,46333,4852,1343488,1735489
8537,5777,103729,40148,5667,485082,651033
11055,6815,169398,42926,6648,357043,596145
9314,6297,206271,73925,4296,1363164,1665527
7592,5518,701401,55945,6722,301593,1081771
8499,5796,378554,99277,3815,1337084,1835229
7222,5092,997535,40889,4666,243402,1300659
7055,5000,196282,49222,6778,1535003,1802100
10778,6315,262359,73573,5556,215527,576515
10833,6074,385825,44518,6796,221228,678181
6222,5000,159847,39111,5333,1480217,1697712
5463,4704,158146,51388,5593,1474733,1702935
9370,6037,231686,43092,4593,1374934,1672786
6204,5463,318873,46333,5056,292530,677459
7241,5889,110710,39685,4722,320195,491072
7259,6167,129824,72203,5408,1704516,1928303
8611,6111,970230,55167,3926,1488866,2535355
6388,5223,326459,42962,5408,1357623,1747601
10999,6593,404350,53741,6926,1466453,1951081
8832,5797,145225,41499,5574,1633450,1842229
6981,5833,217153,68444,3667,1400170,1705341
8092,5778,274470,32074,5074,1479075,1807211
6796,5055,354548,44092,5000,1437553,1855470
10203,6481,128404,56333,4222,2196249,2404226
7277,5445,968217,48962,6685,1715360,2755039
17185,4426,522814,33037,5648,1268638,1854007
10851,6463,1496572,48018,5667,387028,1956895
9870,6222,266618,50592,5371,1723925,2065636
8221,5815,364658,34796,5592,1760793,2182764
6111,5259,369624,48629,6759,1666735,2106099
7796,5630,317626,65019,4370,1738287,2141228
7240,5315,370259,58814,3908,1578618,2027117
6092,5241,153040,61704,3870,1735985,1967821
5573,4982,133155,74036,3463,1977222,2201449
7888,5704,175565,51518,5148,354284,602848
7000,5407,1773097,58944,3648,2667488,4517955
6222,5074,360275,52277,6537,2976631,3408905
10870,6723,310834,44685,5666,1849653,2231117
6666,5426,172763,68944,4870,1416765,1678027
18018,4555,288727,34167,5296,1640983,1994376
6537,5407,802339,49703,5982,2120958,2992834
9796,6574,494936,38055,5333,352652,909643
7407,5537,866270,47000,6296,1699733,2634522
9629,6612,337701,65981,3759,1430770,1856619
6944,5185,97594,33982,4463,1527006,1677323
9759,6500,125523,45037,5981,383678,579237
7962,6093,208952,37148,5481,1421057,1689693
7092,5278,256677,104203,3796,1284462,1664268
9481,6278,361086,41760,5592,1553180,1980377
8018,5834,127720,44759,5741,1632750,1827508
11666,6444,165946,33629,5333,367922,593293
9518,5963,667298,56907,4055,305179,1051179
7315,5314,350191,38315,5722,1425465,1835415
5685,4889,109787,58704,7018,337284,526293
6796,5703,898027,39389,5444,334521,1292362
8481,5797,195218,49426,5241,1428975,1695324
7184,5389,317462,44018,5630,1450342,1832989
7389,5629,423890,43593,5685,359994,848921
11018,7204,127209,39870,5185,1854501,2047636
10407,6907,169916,48852,5000,1453555,1698378
6814,5352,1271709,44519,5611,1460551,2797705
18351,4315,408643,43870,7000,294834,778977
8740,5944,168777,45426,5777,1482362,1719452
11333,7092,134631,40908,4444,331255,531811
7240,5611,226875,45333,5537,1385597,1678046
5556,5055,320840,38426,4537,309249,686237
10999,6852,104770,34074,4463,303913,467775
7222,5389,130643,41333,5667,1606087,1798878
10648,6907,199016,48371,5277,1367938,1640990
7592,6111,286093,77240,3611,1392379,1775989
7870,5962,381336,94963,3611,1353339,1849414
8166,5500,126229,57592,6407,1868074,2074024
9870,6481,314101,44759,6334,1593924,1977395
6777,5797,257308,98703,3907,1337053,1712601
5685,5148,368477,50759,6426,316426,754736
10407,6278,129629,39056,5722,1638600,1832100
8759,5648,138410,43630,4648,279180,483386
6795,6074,677911,44814,5186,316342,1060271
8592,6093,338248,39796,4574,318618,719422
8037,5222,404992,45000,4555,1447664,1919618
6888,5685,147052,55796,4241,1589660,1812804
10703,6648,965402,47574,6518,1450213,2490151
7574,5796,284038,63777,5908,293014,663200
8055,5667,408040,41519,5962,1661688,2132821
6000,5278,910466,39963,5778,1836868,2807317
4647,5334,202491,35833,5500,333450,589700
7629,5611,264606,73740,4185,1430366,1789119
6407,5092,346219,49796,5408,285036,700199
11444,6593,128149,47333,5407,348348,549108
5981,5629,569576,48815,6759,295178,935939
7425,5741,402339,38666,5185,1421373,1884174
9777,6056,362249,46741,4574,333802,765106
6036,5241,999564,42611,6203,1379978,2441615
4685,4963,126274,65241,5204,308389,517034
9722,5759,198611,44000,5629,1461565,1727175
5740,5630,287261,44222,4352,1409376,1758878
10796,6611,396115,43722,5648,339695,804421
5295,5297,195730,52667,4055,1692055,1958006
7055,5185,171604,46240,6612,1495774,1735156
6240,5426,255477,51740,4982,1409698,1736211
5981,5334,349016,44870,5630,1490139,1904155
5870,5241,141668,48852,6741,317699,530034
18684,4667,134227,66481,4352,1669429,1900840
6555,4963,230155,102074,3426,252786,602922
6296,5055,485046,57000,5815,1659700,2222061
4574,5185,518937,46870,6815,419057,1004253
7870,5722,141739,41759,5537,323221,528849
7796,5833,193204,44778,6426,1433193,1694138
7037,5555,290096,50981,5889,1448005,1810600
8259,5685,373357,51074,6685,1361095,1809156
8518,5463,131621,38722,5592,1619776,1812656
6925,5426,175512,44704,6778,1431292,1674527
5684,4963,255867,49666,5093,1455475,1778785
10833,6648,339165,57445,6870,1350361,1773600
9611,6333,148003,44796,6111,1586357,1803489
8407,5907,191487,42907,5741,431639,688792
7240,5555,267916,47222,5444,1332946,1668545
8426,6037,321103,50592,6593,358726,754496
6648,5314,1606452,39074,5518,1595029,3260258
17721,4463,199184,72667,5963,1315343,1618434
5870,5908,675943,40759,5630,317106,1054272
6832,6241,307504,47611,6500,1388560,1766156
10592,6537,385377,43296,4945,1472019,1924544
7685,5370,126048,56518,4130,333208,535256
7684,5797,270309,51333,5592,1732142,2075117
6629,4963,638847,43574,6500,1461862,2165302
5926,4852,388370,48185,5925,1745303,2201413
6685,5666,122671,55092,4130,343363,539552
11314,6926,131766,46129,5223,379823,583404
6870,5500,264620,43148,6093,1424314,1753471
6203,5537,327327,34814,5352,344188,726625
6073,4815,1004696,47259,6389,1818750,2890779
6833,5518,175222,44630,6277,1430880,1672971
5407,5426,201039,44426,6667,259013,523830
5704,5092,316561,45796,6481,1446281,1827804
6278,6574,410044,54296,5389,314858,799199
6444,5074,145345,36203,4963,1536515,1738045
8741,5944,168274,36296,4389,1423957,1649916
10685,6629,251758,48166,7056,1672897,2000210
7259,5537,378852,67981,4241,1454155,1920988
6796,5259,131524,45759,6685,1611133,1810138
7259,5296,166637,42130,6389,356378,587071
5351,5204,247807,49036,10982,1402183,1724156
10758,6574,336957,44834,6685,390242,798791
9573,6463,125165,45574,6333,1488159,1683212
8666,6315,119538,50092,6741,325978,519663
6610,5112,197003,43870,6389,1495412,1756748
9796,6222,322191,38296,4444,1444873,1828007
7240,5704,394990,45018,6592,1336722,1798470
8389,5926,141086,61759,5297,290466,515164
6296,5426,168589,48333,6500,1656233,1893544
10333,6963,248370,38426,4703,1459528,1771193
6870,5148,360964,43371,4370,1483135,1906544
9740,6185,122525,45389,6000,1605391,1798045
7315,5463,138045,61685,3371,1512314,1730194
7963,5314,369085,48648,4778,265467,704348
6610,5334,313606,61426,3611,1386105,1778600
10093,6463,101943,46389,5889,356887,530108
9259,6315,133964,59648,5148,2126781,2343449
7018,5148,220301,46277,5278,1389338,1676268
9574,5925,281230,45462,6315,1421483,1772971
6037,5074,428139,53555,6148,316338,817217
6537,5555,127847,38407,5093,343391,529349
5907,5056,172646,69907,3389,1370659,1630787
7185,5314,258630,48259,5982,1379379,1706897
10722,7074,336392,48370,4963,375937,785662
9444,6389,128285,43370,6518,1772260,1968211
8647,5630,154287,47333,6186,376616,600441
5036,5445,621177,42222,6000,1604643,2287597
4648,5277,331941,43537,5444,1810880,2204616
7740,5592,432036,40185,4870,1357528,1850303
10684,7260,129947,72018,3982,305494,531552
7167,5425,201413,71482,4370,1350115,1642972
5703,4963,286860,51740,5056,1425000,1782878
7537,5167,397343,46407,6389,1352109,1817193
10073,6111,146608,44907,6203,1590586,1807415
7055,4889,189925,44925,6204,1385918,1641972
5981,5629,274428,80944,6240,1307934,1684138
7314,5519,343078,48907,5129,1406523,1818859
10425,7296,159434,45703,6408,1476612,1707934
6629,5889,155677,46537,6370,359598,583607
5685,4815,247124,76889,6222,245410,589145
9796,6407,309498,44518,6148,1409363,1788249
7222,5185,409241,58333,6389,447902,937439
6129,5259,1078036,46296,5945,1501985,2645576
9295,6241,332932,40037,6185,1615242,2013062
6610,5167,685322,46055,5408,399264,1150400
8852,5888,379253,47833,6055,348966,799069
9519,5814,131942,36389,4907,415388,606201
8722,5630,960329,47426,6629,1491786,2523374
7370,5203,273373,53037,5870,1381599,1728526
7296,5000,1115501,55389,4518,1374077,2565096
8407,5704,129009,54259,5129,2046645,2251228
5926,5092,522825,44592,5963,1507589,2095284
7388,5167,657771,64407,4130,291371,1031975
6221,4741,699200,40055,5778,1490324,2248319
6981,4945,795628,41518,6111,330439,1187327
7129,5037,347281,45741,6981,1698632,2112505
6277,4685,216156,46277,6278,1443390,1724878
10907,5945,351472,51315,5111,324208,750551
5648,5000,1166693,45926,6463,376260,1607731
6574,4592,147720,44278,6037,300203,511127
5796,4574,165056,43537,4426,1695117,1921470
5666,4574,257096,48852,6185,1434431,1759063
5037,4333,344117,99259,4019,1309410,1769582
7463,5129,131732,41722,5889,1658091,1853193
5426,4518,139606,43814,6241,1690791,1892378
9536,5556,218589,54259,4704,1500474,1794933
7610,5093,566461,43500,6500,1850543,2482411
6963,4925,120004,39203,5259,1807023,1985173
6833,4945,144709,41982,6444,313195,519775
8444,5741,210416,43537,6111,1386408,1663305
7814,4926,283159,84444,3963,257467,644014
8129,5240,375569,43445,5203,1336273,1776581
5944,4556,144036,37685,5241,1629675,1830415
6555,4630,187335,49092,5982,311921,568089
5889,4704,289207,33185,4723,1496040,1836341
5796,4982,369543,46778,6296,1734759,2170321
9055,5556,151325,63130,4592,1560035,1795823
9037,5537,131828,73389,3926,1478143,1703675
8685,5481,227424,46777,4760,1347492,1642657
6574,4981,315130,44314,3649,398328,775699
5870,4889,525502,46851,6556,259826,852143
5666,5333,123563,53870,3870,1446613,1642231
5593,4537,202639,48555,6463,316969,586849
8685,5722,1092175,41499,6186,1492902,2648966
7870,5074,788086,54445,5259,1894082,2756520
7167,5463,153277,48759,6222,1578768,1802786
5648,4722,171151,45759,4871,341679,575941
6944,5185,507171,47240,6093,1396466,1971118
5277,4389,344785,43408,5333,286248,691533
6537,4907,121457,41481,6074,321022,503516
9666,6055,129386,43425,5130,1509012,1704841
6092,4722,244610,45074,6444,209758,519330
6055,4630,314760,43463,4704,1509432,1885378
6555,4945,436133,38703,6074,1437393,1932452
9019,5833,151767,48018,6685,1454816,1678657
8407,5370,225603,38796,6037,1564238,1850655
5852,4814,283384,55592,6593,1330625,1688971
9130,5962,1321141,44703,6445,1367232,2757243
7610,5686,129371,65833,4481,1721488,1936525
7074,5185,205411,39519,6074,1348690,1613972
7018,4889,252488,45166,9982,1462965,1784434
6647,4815,377083,39500,6185,263598,699792
9426,6092,124365,39611,5907,299004,486423
8518,5574,135664,43037,5907,1748195,1949618
7314,5074,695016,41389,5944,417996,1175622
6833,4945,316835,47852,5944,1474098,1858582
7388,5111,105618,41999,5389,1579188,1747415
5703,4759,178472,34388,5111,262489,493034
8981,5760,187844,48667,5555,1403664,1663101
6352,4925,281385,46555,6296,1379347,1727490
6277,4963,394832,46944,6407,1631509,2093580
8444,5371,121779,41611,5982,1698246,1884100
6851,4574,186116,52018,5593,274196,531719
5740,4556,252989,44685,6185,1446723,1764249
7073,4778,339713,46500,5945,1461516,1868359
4999,4315,167181,45370,6500,1449847,1681008
7073,4908,560718,44851,5963,1624436,2250264
5833,4407,250519,35445,5370,1434045,1738397
5481,4444,312689,46666,6241,296030,674292
7333,4926,132136,42519,6407,1485576,1681101
9907,6130,128936,43981,5852,1526073,1722935
6332,4741,191772,41074,5889,316114,567941
8592,5445,278848,47222,5556,1365790,1714249
7407,5093,368036,71481,4611,1448138,1906822
6666,4908,148484,36926,5074,1589079,1793748
8740,5834,196931,46352,6370,1436781,1703416
8222,5740,247472,43685,6278,1492795,1806860
5888,4630,362881,48185,5666,1454201,1883359
9277,6092,130237,43000,5889,1568142,1764952
8241,5166,140111,48110,6278,1492991,1702657
6500,4870,254446,43907,6722,1357730,1675879
8796,6092,302653,39518,4241,387751,751884
6203,4389,405803,45814,4852,190749,659903
6111,5037,148659,38296,5370,1662497,1869341
7648,5055,196977,66703,4333,1487088,1769823
8537,5555,297664,34204,5111,1428288,1782582
6778,4277,408371,45388,5889,1474600,1947396
6852,4815,123152,67055,4296,1519597,1728527
5833,5037,165784,39648,5093,324360,548515
6259,4722,250639,44222,5889,238673,552441
9167,5722,396437,44222,6797,1590550,2055396
6648,4926,247071,41999,6112,1271586,1580954
6462,4945,131500,48148,5833,1715415,1915155
6314,4704,223891,96555,3963,1480395,1818415
6110,4593,321061,51055,6203,1426059,1818007
5889,6018,88639,37907,5148,318674,464072
6537,4685,153771,38852,5148,1733458,1944988
4351,4463,237996,44296,6445,322463,621681
10074,6278,281350,46852,4963,1403250,1755008
6222,6000,628926,51518,6092,1450136,2150913
8204,5389,148782,39741,6241,1738094,1948118
5463,4537,163433,66333,4019,316063,562552
4944,4315,272529,56592,5463,1422016,1768693
9796,5296,127495,45130,6240,1641513,1837767
7499,5574,122239,38130,4778,304795,485552
8222,5408,153297,37963,5314,1406657,1619009
6444,4445,325484,45370,5278,396493,786255
5796,4629,316729,36370,4870,1428150,1798508
6963,5203,243899,45907,6463,1363444,1673861
6222,4759,130346,43945,6240,298059,492460
6111,4796,189349,42963,3277,1441882,1690490
9629,5833,278018,58167,5111,1480582,1839155
5833,5370,377262,55740,5167,1973317,2424819
4741,4389,185857,48611,5148,1762686,2013396
8351,5407,541044,45389,6370,1673499,2282449
5888,4574,127012,45871,5907,1509256,1700508
8148,5389,721715,34889,4722,2154323,2931186
5074,4592,812774,42907,6074,2450688,3324850
5000,4481,258706,64203,4223,1825430,2163784
5556,4703,216820,38981,5852,1798890,2073543
7907,5370,280729,31908,4889,1924349,2257930
7611,5241,254603,49610,5926,2877916,3203555
4370,4593,654418,60519,5333,2511043,3242777
4481,4315,689311,50166,5056,1678175,2433671
9388,5759,314352,60167,6389,367329,765977
6592,4907,450503,69018,4537,325993,863828
5630,4796,148988,43741,5833,1649686,1862119
8352,5518,122899,38815,5092,1691646,1875100
7352,5018,565881,45611,6630,2811265,3443924
8944,5926,88276,66203,4463,2347857,2523448
7888,5445,876607,45759,6260,1658988,2603744
6481,5056,131133,43259,5037,1515968,1708620
8500,5518,240210,46870,6444,1400577,1710898
6870,4815,385119,40222,6185,1665462,2110895
8592,5482,401399,44630,5092,1389349,1856767
6110,4685,122664,48907,6592,1477161,1668175
8426,5778,219665,39629,6167,1427862,1710897
7648,5000,481315,44426,6703,320606,868143
8685,5907,393985,41556,5037,1471022,1927970
7796,5259,151583,61147,5519,1674648,1908507
7241,5000,166066,41796,4333,1387610,1614657
6111,4389,251643,43277,3963,1471884,1783360
8425,5352,359201,33667,4333,1416585,1829267
8462,5223,127501,45537,5981,1510748,1705490
5425,4481,162819,40315,6055,1459227,1681008
7241,4944,218562,45352,6333,1434521,1719638
6814,4982,367583,40981,6389,1626682,2055673
7388,4778,420641,35963,5241,1353829,1830600
6389,4926,137664,37259,4777,1582030,1775008
6221,4908,208129,34704,4907,267775,528385
9166,5982,300261,49426,6592,1745097,2118209
5573,5130,407745,40093,4889,1755852,2221523
6425,4982,138953,66815,4500,289840,513589
8925,5815,156031,46629,5741,1424849,1650101
5536,4482,250551,46759,12037,1337402,1659638
4907,4889,374146,43222,6259,1425139,1860563
7389,5370,149706,44481,6296,1425933,1641787
14499,3704,160116,42055,5982,1457263,1686934
6092,5093,219174,52444,6852,237804,530589
10426,6370,323547,45167,5222,309486,702015
5500,4778,98088,38833,4945,1566179,1720916
4185,4926,139702,45759,6629,1715083,1918970
8740,5370,183076,36259,4370,1420915,1660823
6630,4833,288411,44259,5852,1381097,1733083
6796,4574,367302,49074,5648,1336187,1771582
5500,5037,126658,38148,5148,349728,532219
5370,4574,158865,47260,5759,1407366,1631435
5148,4278,254090,47444,6315,1610917,1930193
10037,6518,331111,43574,6963,1507748,1908618
5537,4667,259632,43500,7019,1401894,1724657
5055,4426,133729,42092,4908,1705019,1898118
6167,4426,125732,46073,6093,314080,504238
4981,4741,308974,37982,5074,1378496,1743064
6296,4648,135015,33852,4759,1467012,1654268
5667,4777,146149,46092,5963,1424064,1635083
8869,5519,186262,68537,4203,1460636,1736026
7888,5148,276672,98778,4537,248417,644292
6648,4537,364212,36925,4686,1427759,1846860
6333,5130,134197,43037,4314,1604644,1800915
6111,4407,166719,53740,4389,1495661,1734083
6111,5074,258758,42944,6056,222387,543349
6574,5000,366038,53519,6296,376883,816329
9555,6278,148042,47463,6796,1478300,1698304
6315,5148,128064,45574,5963,382358,575923
4907,4648,628268,47666,6667,1431886,2126894
7000,4870,359495,43907,6500,294668,718551
5610,4723,488441,39055,5352,377220,923050
6463,4667,154205,41648,6185,1485137,1700972
6630,4833,995204,40500,5944,1392171,2447930
6259,4703,278396,43982,6814,283305,626922
9110,6148,383936,46407,5963,330949,784273
6518,5278,146328,54352,6426,1653086,1874470
8703,5574,157201,78611,4352,338351,594422
5667,4722,271074,42000,6407,1382823,1715453
6851,5167,360799,35741,5259,1442153,1858563
6426,4204,148025,44592,6130,1758444,1970711
4352,4166,133047,65092,4093,309580,522534
6574,4870,699918,44981,6500,246040,1011050
6592,4815,346996,46834,6018,1776232,2190061
5315,4907,394629,48796,4852,236848,698107
5314,4741,925499,46833,5630,1624318,2615151
5425,4722,213710,36037,5259,327658,595885
8648,5019,273564,78722,7592,1356796,1733046
5666,4741,366585,43518,5963,1533459,1961729
7110,5111,122719,86167,3981,285427,512163
9796,6203,1439642,37611,4574,1570155,3070630
6073,4537,157540,77240,6852,386883,641903
7315,4981,356801,37981,4315,1417040,1830952
5778,4462,150805,39556,4814,375804,583534
9221,5963,553491,63222,5259,1602089,2241931
5610,4611,256662,55019,6352,1405309,1736026
5055,4759,337758,49277,6278,1760267,2165135
4814,4870,811462,44351,6241,1608098,2482577
6610,5297,143782,42797,5166,1450597,1656879
5110,4852,210119,46148,5444,1360094,1633490
5129,5259,275158,86630,3518,1294573,1672915
6537,4537,384031,42685,5796,1497217,1943470
5388,5185,175665,47685,6704,1608028,1851470
5148,5092,158094,47629,5963,408773,632385
6018,4981,281393,38407,5611,1427023,1765693
9388,6223,338024,67870,3945,374045,802865
7074,5241,194991,46889,4759,1524331,1786027
6407,4815,127754,44778,4388,444669,634589
8741,5944,239386,46907,6648,1393586,1702860
6611,4907,735090,45185,6500,1418286,2218746
4889,5444,398891,45241,6500,220957,683941
8962,6148,168822,62518,6092,1539965,1794489
5629,4815,219546,37814,6278,331210,608014
5500,5037,276401,96740,4111,1317238,1707749
5630,5074,403718,45962,6463,311167,780088
7888,5222,149019,44666,6056,313867,529589
5999,4722,154540,48574,5981,392957,615570
5481,4741,270116,45370,6296,1479873,1813637
4778,4518,356619,43630,6314,1498926,1916470
8518,5370,242456,41148,6203,1395720,1701082
8944,5537,122978,47740,5111,1779900,1972580
7703,5500,215314,73648,4074,1431658,1739990
6740,5093,326390,49722,6593,1350322,1747490
8425,5278,930242,40981,6019,1383188,2376837
5203,4648,148564,51926,4889,2083274,2301060
8536,5519,185400,44610,5908,1398850,1652601
6574,5037,272772,43908,4796,1351310,1687768
7388,5260,364867,85741,3889,1386066,1855267
5944,5056,151798,54537,5907,1615580,1841878
6407,4982,177375,38351,5167,1415727,1649805
8629,5463,255878,95481,3796,1350279,1721601
7740,4908,356861,31611,4722,324042,731977
7518,5444,122070,47925,5908,1746456,1937322
8111,5148,126461,55370,3574,1776324,1977766
5518,4593,213593,57574,5444,1401638,1690879
5278,4407,321003,50389,6518,1409598,1799656
5000,4889,89470,37740,5630,1728148,1874211
7500,5370,123213,43185,5112,1727404,1914933
5370,4537,237808,48148,4778,285392,588922
7777,5260,290792,53426,5778,1400845,1766267
4721,4297,372888,47036,4500,1365176,1800693
10611,6018,134540,62352,4204,292049,511608
4777,4797,165654,99555,4018,274381,554904
8611,5870,251824,81925,3426,1408259,1762045
7204,5074,342159,46074,5907,1429738,1838952
6407,5019,123756,39944,5537,1528845,1712194
4815,4444,132537,47333,5537,1623360,1820878
4870,4481,219521,35555,5222,1394414,1667767
6796,5074,306560,79870,3704,1394244,1799045
7370,5148,92287,36759,5204,1601833,1751120
4333,4666,163919,39055,5593,311893,531256
9369,6037,179459,45833,5500,1443643,1692101
7018,4889,280943,40666,4185,298369,638811
4648,4907,368093,42519,5222,1477414,1905692
4037,4907,117320,50037,4722,347918,530645
9166,6018,154045,48074,4444,448600,672070
7389,5074,257417,90056,3981,1340091,1706527
5018,4611,993917,40722,5370,1276532,2328875
6648,5018,143202,42426,5018,1655417,1860248
5147,4482,1670012,44666,5185,1470118,3201758
8703,5741,388392,46777,4630,1404690,1860711
7870,5259,311451,76370,4000,1433891,1840915
6129,4778,102528,37278,5056,1699590,1857285
7129,5112,127661,47759,6333,1641643,1838323
8481,5463,185534,52167,5481,1418456,1678045
5907,4722,229871,33648,5277,377589,659774
5777,4426,368484,42888,6500,298401,728606
6777,5223,145673,58759,3926,286879,509016
9352,5963,927227,45482,5833,351376,1347270
6610,5482,238678,97833,3611,1326905,1681841
5499,4370,331885,41685,5426,1750788,2141672
8889,5518,115500,46000,5167,346626,529405
6110,5593,126225,47537,5055,1485747,1678971
4351,4537,226487,47518,5519,1423670,1713823
7092,5074,298119,85814,4056,261544,664403
4518,4649,397103,70573,3334,1409108,1891970
7296,5018,125126,58203,6334,276408,481034
4722,4574,227517,37408,5592,1435306,1717786
9907,6537,283779,96536,3871,1284655,1688712
5814,5778,369671,39870,4778,1332078,1760101
9148,5611,121249,37574,5018,1726555,1907081
6925,5704,158492,45611,5352,358893,583107
8870,5870,245607,53777,3667,1403198,1722694
6333,4870,367219,41371,4981,301814,729310
5259,4500,120724,37444,5222,1565914,1741767
7500,4722,164227,40129,5833,1456616,1681601
5759,4629,227507,40333,5852,342934,628885
5148,4426,535045,39371,5703,1624664,2217672
4981,4148,389475,82481,4130,348502,836810
9722,6000,146887,44555,4648,1766083,1980433
5315,4370,181667,46870,5612,1352860,1599454
5889,4630,287021,47629,5519,319993,672422
9740,5481,1156669,71388,3685,1613019,2862057
5889,4778,273194,40111,4777,1384389,1715064
8518,5741,170068,91296,3444,1444441,1725268
5536,4686,260255,48537,3722,1479660,1805007
5018,4592,352499,34926,5037,340460,744643
7777,5408,120077,36981,4834,1671949,1849915
5667,4500,120802,50463,6981,1470947,1661435
6074,4833,215361,48592,6463,1484555,1768564
8795,5500,336271,45259,6333,298578,702384
5944,4759,387329,44685,5926,1390549,1841915
4592,4296,137370,41666,6815,1625898,1822341
4833,4426,182372,50352,6074,290643,540312
9389,5629,749966,41481,6630,306120,1121290
5962,4685,400693,44722,6407,1473000,1937451
9147,6574,300529,47111,6167,2029531,2401744
7963,5315,925047,55703,5908,261482,1263826
6185,4574,281572,43148,6463,1330011,1675342
7407,5222,326019,51315,5259,1413026,1811026
5055,4333,270060,46370,5574,1519633,1853600
6518,5000,122285,84222,3963,312212,537071
5018,4852,217436,52222,6389,1418091,1706953
4185,4518,318291,59981,4963,279113,673866
7111,5685,408645,45463,6703,1475400,1950785
7814,5037,168927,43648,6518,306163,539774
9685,6000,180096,49574,6574,1481782,1735841
5759,5056,269561,107055,4056,1323503,1717657
8222,5389,362398,58629,3481,1476277,1916822
5685,4926,114365,45870,5870,1560681,1740656
7259,5185,148368,50407,6315,387777,607923
5962,4741,272833,47778,5592,1467175,1807007
6629,4944,363114,37722,5426,300493,720421
9018,5741,130043,37444,4834,1481298,1670768
6536,4778,126917,37333,4926,1496592,1679804
6036,5167,227623,46444,4722,329337,621089
6574,4778,298810,41352,6185,1429179,1789675
5148,4518,391239,46926,5185,238535,694218
6629,4963,116337,45981,4759,303995,485331
6778,5629,594411,38555,5260,1673779,2327486
5333,4333,197749,44741,5222,307563,567645
6407,6240,375603,48408,6425,1442035,1887285
5166,4481,138237,37889,4741,1417031,1609546
9259,5666,180925,46259,6500,372201,622570
5684,4723,778813,40259,6093,370142,1208289
5647,4204,330800,39982,4462,1444097,1830952
5777,4815,118471,46351,6741,368415,552718
7518,5222,131733,51870,6389,319283,524904
5314,4408,662733,40204,5703,322483,1043771
6647,4982,315312,44500,5407,1383567,1762489
5852,4592,97502,43036,5204,1480508,1639916
6296,4667,117337,39463,5278,1707207,1883192
5444,4537,179655,53759,5408,1442261,1692842
5444,4426,275843,47944,5815,1420777,1762323
5388,4796,357883,52073,6889,1539995,1968728
5296,4463,123072,63666,4092,312685,516034
3999,4482,161815,45556,5499,367737,591163
9759,6259,238966,45277,5556,1326006,1633823
7333,4889,469857,47611,6555,1694686,2233746
4852,4963,1159356,43037,6741,1687330,2908853
15296,3889,124790,41296,5519,435261,628663
6832,5000,215627,56536,3519,1437790,1729248
6777,4593,330943,42111,6389,1413139,1806804
6369,4871,198725,44629,5852,2012002,2274227
5055,4667,141394,37426,5463,307343,504367
5536,4352,179898,62388,4167,1474481,1732564
9462,7926,260419,41888,4778,248616,575256
8185,5555,353440,54648,3518,1446383,1873711
6832,5075,127517,51796,5611,1521621,1721100
6870,4629,170058,44241,6500,333031,568015
6537,5056,275078,45000,5704,1472318,1812341
5925,4519,334118,43018,5945,283433,679737
6870,5037,128882,41777,5074,1446387,1636712
6351,4870,149903,38222,5704,374927,581644
5352,4500,251461,93314,3982,1250048,1611565
6611,4945,296371,35425,5093,1461822,1812008
5277,4463,928964,53814,6445,1461225,2462374
6741,4870,601876,45444,6037,320656,987717
9888,6222,215603,40148,5685,1430869,1711119
5981,4703,265254,40870,4352,1391014,1714138
6333,5852,355682,45888,5463,1367660,1789563
5740,4519,137038,36944,5629,1681655,1873915
6092,4926,163504,39129,5333,392530,614311
6814,5056,247284,48944,5611,1367466,1683953
6407,4667,338249,47352,6703,1420814,1825952
5536,5315,115309,49222,6371,1524255,1708156
5926,4796,302108,39981,5741,349184,709440
5592,4759,365999,44611,5556,420699,849809
4740,4389,326798,43778,5389,1654430,2042506
5851,4241,129913,44000,5167,1611242,1802100
9185,5630,343378,40445,5611,1273889,1680268
6796,5130,185864,48370,5926,1824476,2079321
6166,4574,436236,39407,5537,1676307,2171524
8314,5537,596516,38204,5333,449774,1105512
5463,4389,327538,44426,5833,1610154,2000396
6666,5056,324301,65481,4296,2020833,2428726
4721,4371,128619,40871,4981,2571012,2756298
10240,5611,318715,36055,4833,1688755,2066969
5740,4519,427550,53574,6074,1575141,2074340
8185,5315,347535,38740,5463,1671027,2078969
8833,5333,445500,46815,5667,1471006,1986914
6962,5167,338022,53630,3889,1520707,1930359
8499,6149,766875,45481,6815,1681017,2516818
14907,3704,243399,97944,3944,1512590,1879674
6055,5056,111069,36667,5000,2049806,2215654
6537,4778,276127,86055,3852,1446862,1826248
6018,4611,373093,45759,4463,1399711,1836378
6407,4777,148949,43685,6592,1891503,2104006
5685,4500,147470,86648,3870,344601,595497
7073,5075,240194,51648,5148,1458166,1770156
7814,5074,323679,103870,4018,299095,745217
9426,6074,114275,39426,5352,1741528,1918230
5536,4945,147963,52796,3926,1474767,1692582
7018,5000,214355,36222,6814,1364080,1636860
5814,4944,295321,43537,5648,1381614,1739508
5000,4648,859987,45092,5945,1533535,2455948
7110,5074,117587,42722,6722,1582811,1764322
9203,5796,456885,38036,5315,1922824,2440726
7203,4852,264203,42148,5222,283071,608329
6055,4482,438908,31556,4889,1616986,2105099
8759,5778,170876,29240,5223,282065,504016
6684,4908,174138,45722,6574,1396389,1636471
8685,5796,229975,45444,5852,1379367,1677138
6111,4926,323736,85999,4093,262038,690255
9592,6223,287702,44833,6074,1468046,1825082
6093,4648,149761,35481,5019,374569,577701
9536,6463,205709,47907,5907,1334579,1612657
5629,4296,293045,46000,7981,1425242,1783952
10574,5444,381343,43259,5889,232709,680885
7037,5185,155125,43926,6611,1626827,1847674
4518,4667,242127,36444,5185,1417085,1712730
4166,4463,265779,34499,4982,1398026,1714175
9166,6223,360447,84148,4185,1384449,1851304
6870,4778,123674,65462,3482,329082,535552
5795,5093,152103,45703,6037,1461888,1679249
5518,4871,663140,44018,6019,314798,1041253
4129,4593,328515,41445,4185,373665,758718
7647,5667,113408,39722,5056,1535619,1709100
9037,5815,115318,45111,5093,1500190,1682601
6926,4870,442876,40888,5408,1644297,2147395
8944,5814,291787,45166,4926,1694313,2052969
6463,4685,382196,34648,5037,331188,766866
6703,5686,159163,42889,6129,1657530,1881396
5852,4518,172908,45425,5871,1383342,1619935
9111,6315,259484,42722,5777,1464636,1790841
9388,5315,367171,38000,6519,238732,667662
6851,5037,133380,48907,4074,311877,512941
5925,4648,154660,46352,4815,1509293,1727508
4240,4241,235292,61389,4111,1485993,1797007
9777,5556,332665,40611,5241,1401398,1797508
4499,4778,118984,35666,5574,1506396,1677675
8407,5759,124432,33388,4167,1775761,1954636
4666,4630,212433,39278,4889,1396834,1665582
4203,4352,318585,65481,6370,298634,700329
9240,5722,381532,42481,5870,1635475,2083654
4370,4629,120443,65722,4130,318054,520071
8777,5389,168687,62981,4278,274736,527811
7389,5370,340615,37518,5519,1436597,1834693
4518,4482,356562,46648,6000,1418242,1838878
9981,6186,108362,70444,4852,1649979,1851471
4685,4537,147606,44981,4963,1453070,1661601
5962,4741,254812,37056,5685,1427492,1738378
5184,4500,324167,45759,5945,1617266,2006358
7203,4945,108485,41982,6129,323308,494164
6796,5426,113970,39148,5259,1459002,1631657
9907,6426,204195,40981,4500,1432888,1702323
6055,4593,292660,80240,3778,1383422,1773508
5258,4667,98090,39148,5630,1432104,1587786
5389,4574,118667,32388,5223,1672340,1840378
5685,4518,185541,41259,4888,361253,605941
5666,4537,261228,46481,5926,1449910,1776730
5814,4722,355342,52277,4056,326765,751162
7203,5130,115420,57018,5907,1666996,1859692
5407,4777,176608,30815,5018,1909084,2134376
5333,4296,243962,43630,6277,1400677,1706212
9889,6092,315280,41740,4463,1473673,1854397
5777,4648,109172,40260,5240,1435189,1602916
15407,3814,111768,43908,6222,1525981,1708860
6110,4759,211252,43352,6556,1463775,1737897
7684,5297,292273,38388,5111,1459717,1810452
5055,4500,386979,35463,3982,1382862,1821526
6518,5129,117262,42425,5593,1628913,1808118
6018,4889,175838,38148,4574,1477430,1709749
7500,5092,303582,42036,4037,1382002,1746286
9444,6518,368936,42055,5519,321375,756551
5166,4778,111402,33963,5241,1616031,1779341
6148,5018,149313,36463,3500,375017,578182
7888,5482,268093,106203,4407,1389230,1784119
5814,4834,330392,85851,3334,1292431,1725156
5258,5204,109452,44092,6148,1700501,1873211
5832,4611,537268,37611,4889,445967,1038086
4425,4278,204235,47722,4871,1495847,1763082
9074,5889,327941,35963,5778,276981,663737
8278,5500,84945,43259,6204,1720636,1871137
5241,4592,161615,32815,5296,308938,520220
4722,4166,210711,60814,3834,1461631,1748564
7314,5130,302120,29722,4815,1415721,1767063
5018,4481,389179,48407,4870,1710291,2164783
9981,5629,154664,35223,5000,1535844,1749674
5425,4445,149352,44667,4333,1638822,1849896
7629,5130,235873,45463,6389,1389598,1692305
5518,5112,331764,42945,5981,1506557,1899989
8889,5777,651711,34444,5667,1488313,2196987
7129,5074,112032,44962,6297,1481477,1659046
7203,5092,199479,81018,4000,1374216,1673749
5407,4463,319944,40574,6166,1358954,1738768
8962,6093,441427,55722,5889,352642,872920
9092,5259,123229,74962,4815,304121,523663
4851,4667,204990,44111,5945,1435758,1703212
4667,4481,293623,42610,5797,1419533,1772842
7055,5297,352495,54722,4204,1472864,1899452
6870,4741,157963,31240,4982,355590,564442
52536,4444,105040,39056,4851,460661,669644
6148,4815,250487,46833,11388,297751,620089
5203,4667,329396,45463,5148,1413019,1805896
9759,5907,617547,49481,5500,1674680,2365967
5130,4351,114923,41000,5444,437296,609923
7092,5074,223925,32852,4389,1761322,2037377
5667,4296,292650,38314,4352,231829,579423
5074,4426,400430,36111,3389,1358689,1810119
9351,5944,140620,31592,4500,1827332,2021932
7500,4925,570862,46333,5148,1714088,2351078
6351,4611,261218,47148,4815,1513475,1840489
5352,4740,351313,43926,5870,1338974,1753027
9389,5815,119076,33814,5111,1647728,1823341
9129,5815,171634,42537,6296,361825,599848
4833,4204,240952,38222,5722,1384575,1681879
8148,5129,368325,42981,5148,1383443,1815785
4833,4445,111329,44073,6186,1691752,1865304
6314,5611,123610,75500,3963,329313,546348
5073,4315,211761,46166,4889,1404822,1679101
9352,5277,308560,37481,5000,1415319,1783675
4555,4648,100656,43556,6055,1467835,1630139
4870,4630,147473,41963,6370,301950,509368
8703,5537,164607,52147,5019,1451773,1690545
6870,4982,262868,52851,6334,1477251,1813101
7333,5222,370630,38444,4537,1362638,1790878
6074,4518,106653,37278,5166,321123,482997
9629,5907,161137,39277,5241,294324,518941
6185,4759,230880,48166,4130,1356518,1653286
5463,4481,345253,37389,5241,1484736,1884619
6611,5185,127757,38870,5223,397832,583960
6166,4574,128853,54462,3741,1485730,1685823
8870,5333,210893,44722,4815,1472319,1748953
6351,4685,298506,42760,4777,1460798,1819896
8240,5852,1174801,40981,5407,1623497,2862223
16314,3963,130291,46259,4981,1614236,1817952
8815,5981,2103673,40222,5056,316479,2482782
6055,4945,258537,45870,6018,247386,571719
7203,4519,362261,45482,6074,1434505,1862304
8759,5740,121896,49981,5889,1659872,1854655
6407,5167,136972,41630,6870,1524777,1723546
5574,4481,230605,83592,4074,1363627,1694712
6999,5056,329033,74092,3463,1377531,1798989
5666,4630,112389,42499,5519,480181,652551
7499,4926,139188,39056,5963,1458987,1657842
9148,5814,221506,37370,4556,1349207,1630361
6296,4556,317878,43370,4519,1426370,1805712
4999,4241,412844,36241,4277,1500960,1966247
6870,4556,116126,36667,5074,326945,499108
7130,5092,202148,35444,5833,1444639,1702064
8685,5371,254187,52648,5981,1407821,1736749
6499,4982,384671,39092,4148,1658113,2100302
5222,4648,109361,41407,5389,356062,524979
6592,4944,181289,35834,3685,1461034,1696360
8537,5444,613290,80463,4129,1436401,2150932
5018,4278,364405,36352,5093,1495027,1912822
8907,5500,307946,31926,3722,349365,709052
6129,4889,134376,35426,6111,352936,542016
8537,5870,235878,43704,6407,1531482,1834397
6055,4703,296141,34555,4593,1532348,1881173
5814,4518,452291,57259,6222,363316,891142
4259,4519,115128,44815,6000,356017,532849
7500,5333,182761,34426,5037,1472951,1709731
6241,4666,280856,30426,4741,1412004,1740916
5444,4463,385951,56037,6315,320081,780384
9833,6389,110863,70555,4130,440596,645756
5722,4426,144421,38500,5222,409557,609478
5314,4574,228294,51815,5722,1378011,1675823
6148,4518,317186,46204,5425,1464470,1847322
8666,5741,277578,43888,6445,1458485,1803415
6110,4945,142211,31703,5500,419656,611866
9388,5463,193529,45926,6129,366690,628718
9388,5963,289791,39481,5185,396113,748310
7666,5426,453107,32926,5074,289721,796050
6740,5037,154686,30593,4555,304644,508348
7018,5111,216504,43333,6426,1435671,1716897
5925,4370,294044,37777,5815,1399780,1749730
4667,4351,349880,45537,4907,1514554,1926674
9592,5704,115328,49611,5278,399354,586904
7666,5055,159350,39129,5908,363684,583496
5500,4463,254592,42574,6148,319608,634700
7073,5037,361244,45759,6592,1398357,1825859
9203,5870,113989,42703,6074,1694057,1873544
8925,5574,616211,34834,6148,262691,937124
6944,4944,230586,30111,4556,1443422,1722211
6333,4574,287775,36777,3463,1455252,1796841
9370,5741,394369,36000,3593,1448601,1900081
5074,4407,115522,40185,5130,1674597,1847656
7296,5222,165525,39241,5074,1400354,1625398
5573,4500,300602,30333,4981,1414037,1763637
7203,5018,350919,49259,5167,1421589,1841229
8888,5889,114756,64408,4444,1650937,1851081
7352,5111,910699,100148,3685,330571,1359214
7555,5204,255614,31277,4482,1386802,1693009
8888,5481,328746,41185,5167,1413595,1804878
5555,4685,119250,45963,6426,1501129,1685712
4296,4278,116642,43277,3945,416947,591552
7037,5463,223866,34630,4352,1416975,1695046
5722,4426,324943,48092,5963,1448935,1840656
4925,4704,409131,35703,5000,1378155,1840396
5092,4945,114320,35223,3944,1688335,1854452
5741,4629,195861,41462,5130,1407852,1663490
4555,4796,379214,33445,4796,1701644,2130524
8166,4852,346495,47388,5037,1359976,1773878
6351,5037,136000,56536,5241,1646175,1857304
6314,4445,140947,60184,4204,319458,538423
6092,4685,251190,36796,4963,1497503,1803619
6166,4870,321730,34889,4426,347099,721866
6111,4574,109141,43703,6074,1783700,1956081
5536,5593,138737,50518,6537,393649,602737
6962,5000,218573,48499,6463,1349844,1638601
9611,5685,288631,44796,5166,1320360,1676194
9832,5537,393578,44037,5407,1353727,1814859
5482,4759,143193,30740,4704,312341,503238
9203,5685,172733,36407,4408,1411387,1641805
5629,4796,265162,107758,4167,1387551,1777841
5944,4852,348646,45944,5055,274055,686441
7481,5037,122594,73666,5815,314644,532070
7000,4407,140227,41426,4500,1474837,1675157
6148,4778,228711,61240,6685,1434390,1744601
4907,4278,346472,44426,6019,1383276,1792156
9444,6426,102532,39888,5149,1700679,1867766
10074,5574,133775,48500,6685,437999,645144
5259,4444,229631,77092,6185,299070,623311
8389,5759,310688,46315,6352,1381227,1760453
7351,5000,81063,43000,6666,1691760,1837489
5666,4334,163325,45962,6352,358876,586237
4629,4186,172216,103166,4167,1395515,1686509
9166,5278,258479,40240,4759,1731510,2052914
7203,5130,353944,61537,3944,326570,761088
5778,4833,319743,42482,5018,1426635,1806952
6666,4611,140081,104518,3778,357730,620052
9518,5981,269528,48777,6148,1352259,1693971
7981,5093,199864,43815,6352,1852271,2117691
7981,5630,117238,48537,6185,1483956,1671490
8870,5352,112111,63130,3907,1587175,1783378
7407,5297,204429,53796,4740,247254,525571
6147,4630,289987,47815,6074,1411576,1768952
8814,5500,409379,41111,6074,360283,834217
5759,4259,133902,35185,5074,1529940,1716675
7870,5315,163237,40167,4648,1439382,1664027
7277,4945,280962,34092,4759,1427658,1762230
8667,4925,400095,45055,6537,291624,758477
7629,5185,145136,47092,6389,310195,523219
5592,4685,159787,47740,6352,1502185,1728026
7870,5389,244826,53185,6370,1511293,1830582
8611,5611,343125,47981,4815,1390439,1802804
7499,4926,117759,39870,6260,338219,516552
8722,5685,108336,48426,5370,1749393,1928581
5833,4648,223153,48055,6426,1376967,1668027
5222,4407,290304,49037,5111,1484982,1841693
8222,5297,376214,47944,6166,397189,843329
5870,4722,132533,43981,6611,1730289,1926432
8000,5500,194795,37907,5648,1506621,1761045
7499,5333,253835,40926,11500,317699,639459
4981,4148,350578,53204,4518,1456041,1875211
4277,4593,184638,48259,6574,282600,532515
9351,6074,155567,45518,6389,315523,540589
8962,5741,245958,47704,10277,1356310,1676971
6981,5315,322461,44611,6000,1423158,1811397
7426,5222,403186,34425,6334,1401414,1860785
5518,4889,107579,41592,5944,336048,504256
6537,4889,149711,50093,6462,367804,588330
4944,4630,291658,49111,5982,1425646,1783731
8592,5667,370902,41036,5056,363705,796662
5018,4278,117813,68500,4037,301573,504016
4148,4296,168149,47963,5667,1374897,1607287
7536,4945,108041,41019,5944,1653985,1823304
4814,4223,386858,41129,5889,1600297,2046080
5407,4482,134696,38129,5741,417875,608052
4315,4185,140773,39888,6074,1478866,1676509
7296,5055,690329,56222,4314,324129,1090012
10685,5908,332555,52296,6667,381903,792459
5056,4333,106467,41092,5908,1802299,1967674
7222,5204,183062,60092,4389,1584464,1847952
9463,6296,190343,148611,4296,1284962,1645935
7147,5056,1458840,72666,3907,386224,1935970
5740,4407,421626,34630,5537,1382289,1856266
9463,6278,138334,49036,6334,1532285,1743508
5463,4351,197467,54314,6241,1449098,1719434
9240,5574,1051947,46277,6389,1462427,2585244
7314,5148,356935,45351,5241,1534628,1957210
7610,5315,142605,45593,6370,1673328,1883247
5426,4907,137201,44759,5352,1522363,1722361
9129,5686,247166,43907,6833,1443805,1758212
7444,4908,349983,76741,4444,312327,757940
9352,6444,669059,43482,5963,1809240,2546393
6073,4889,131083,51926,6370,1715443,1918562
5611,4926,582621,42703,5130,1432218,2075284
7518,4963,304736,43759,5074,299556,668348
5814,4574,410628,60315,5611,1675452,2164524
9092,6241,118392,43703,6093,327494,512812
9184,6130,167487,49000,6000,1457410,1697823
5333,4889,279360,44536,4593,1466574,1807767
9610,5519,340696,40555,4963,1433516,1837618
7796,5111,106293,47388,6408,1611326,1786934
5185,4407,178944,41018,3630,391478,627459
5629,4796,245984,39092,4630,1398618,1700860
5259,4222,466152,46166,6426,1631243,2161468
7666,5241,112046,38963,5074,1707258,1878859
6870,5111,328696,45703,6537,1843199,2238968
4907,4685,868789,41407,5574,1475530,2403022
7018,4908,284516,49833,6149,1423824,1778989
8889,5666,91503,37629,4593,1733523,1884211
6500,5056,124931,45981,6111,1469263,1660676
6129,4389,174286,50944,5759,1424168,1667434
8629,5592,252881,63852,6092,1532109,1870859
9425,6630,490216,36203,4908,1654456,2204301
5573,4315,137054,35889,6056,333387,525034
7074,5463,160686,33945,4389,1450081,1664175
4704,4166,228245,32056,4592,1393634,1669546
9018,5796,768745,48370,7019,419081,1259733
7851,5944,110641,44129,6667,417152,594977
6815,5166,165792,44555,6334,1436291,1667139
7777,5204,190979,39222,5111,1492585,1743545
7852,5555,287686,37667,4925,1500952,1847193
5593,4981,424484,37815,4704,344844,825551
7221,5537,120489,50537,6241,342082,533793
5759,4463,166455,42314,4797,1486294,1711786
8981,5333,253661,67574,4278,1502976,1844470
7519,6740,340812,46203,4630,1483159,1891693
7111,4926,159352,46370,6612,250681,477182
7500,5370,153985,49741,6611,353363,578700
7833,5315,221821,41926,6407,1431113,1717156
5092,4537,336102,47796,6019,1516924,1918989
8389,5704,103513,41296,6000,1798790,1966229
4333,4462,138054,34536,5519,1491252,1679786
8796,5592,192149,47388,4871,1391990,1652823
7240,4833,670242,46203,5685,1440987,2176931
4648,4648,396413,46277,5185,1470317,1929248
7444,4963,139380,44111,6371,1408092,1613009
5351,4759,167013,98647,3575,1402237,1683841
9555,5759,259608,49352,4592,1461734,1793434
8333,4963,340684,40500,5222,1490231,1892174
5870,5222,134300,46907,6667,1544690,1747101
8777,5186,1424314,44129,6112,284452,1774989
6240,4593,227749,48796,4852,1333945,1629064
6925,5074,313753,48203,5926,1481774,1863526
5684,4797,910363,47778,5388,1637363,2614040
16055,3944,87797,55277,5389,361386,531978
5629,4612,1191553,35370,5000,1370487,2614688
6185,4740,327283,46537,6685,1400485,1793933
6555,4723,84323,44297,6296,1702721,1851582
6000,4926,593028,43907,5092,1584552,2240005
5166,4611,197811,38926,6019,1473697,1728212
4610,4260,256572,43778,4074,1481139,1798452
7240,5056,378297,41352,5148,331365,770662
5852,5037,127912,79222,4537,1695410,1921248
5166,4815,137841,43371,4833,443303,641107
5166,4704,223362,60278,6444,1695644,1998525
9148,5685,339847,85258,3834,1456864,1902285
9667,6037,591404,42870,6074,1547287,2205506
8537,5796,630611,37315,5277,1556302,2246468
6389,4685,192949,63815,3889,1493373,1767879
5703,4741,310822,47555,6204,334137,710866
9111,6019,384695,43499,6130,1361794,1813934
5814,4426,185181,40259,5500,1587753,1832452
8314,5204,169554,50370,5037,367479,607626
6333,4666,254279,41296,9000,1359897,1677545
8037,5037,337744,44685,5426,317104,719700
5870,4889,152693,41407,5166,288194,501016
6407,4611,132714,63370,3797,1453479,1666397
6592,4759,222958,45611,5833,1458180,1746674
9093,5648,334497,64537,3629,1528084,1947952
5981,4648,102075,44167,6685,1594803,1761100
5388,4370,132338,46796,6407,351660,549144
6703,4963,191007,46667,6481,1717408,1975785
8833,5519,302491,37203,5407,1355574,1717064
7518,5000,132513,45648,6926,306447,506941
4888,4389,127683,44463,5389,430110,618570
4981,4907,184056,53500,6241,1425286,1680823
4833,4334,280021,68519,4148,1448116,1811990
6240,4944,347673,46666,6500,448138,861883
4703,4296,122806,38648,4797,359450,537459
15685,4185,585066,48537,6167,330891,993217
6055,4796,246756,93314,3889,1391531,1749674
9389,5629,314926,43444,6130,409885,792181
7925,5537,397928,36722,5389,374660,830791
6870,4981,587115,50445,6166,1438595,2096357
5758,4556,255768,39648,4852,1506480,1818711
9148,5833,302216,39685,5370,1461978,1827100
7185,5074,79979,38629,5241,1473697,1611564
9426,6018,218000,48278,6851,1454250,1745064
6944,5019,190040,46444,5407,332272,588811
5444,4574,272005,47389,6370,297677,635589
6870,4962,391619,42148,5815,315414,769643
6722,4926,114253,44185,6685,342225,520719
10185,6148,147145,47796,6296,1669881,1890063
6703,4889,222999,91592,4259,1326584,1659416
5148,4389,313872,77518,3981,1451525,1859304
7351,4963,809243,72203,4482,314268,1214752
5703,4741,106009,37018,5056,1466148,1627342
5407,4370,194178,90111,3907,1660811,1960859
6740,5185,281607,50166,5833,1411087,1762600
9333,6574,412257,47093,6777,1396880,1881581
7203,5759,176484,36722,5296,295125,528274
7685,4796,162894,47556,6370,365658,597552
4333,4240,738117,37481,5130,263748,1055160
6832,4982,340307,58481,4333,1455571,1872544
9573,6056,273199,37388,5130,1674956,2008895
6166,5148,153962,49370,5444,378924,601718
7444,5018,220946,44722,5370,1744043,2030284
5574,4629,351282,47333,6222,1557670,1974488
5370,4371,96045,46463,6129,1690555,1850989
6351,4389,109289,58703,4426,1546127,1732008
5425,4500,214570,45018,6426,342409,619996
5148,4500,283201,49333,5130,1460491,1810322
5092,4426,371852,62907,4260,1397951,1849952
5167,4462,151431,48352,6259,318363,536830
9777,5722,204452,41370,5926,1399983,1669305
9129,5556,257343,47371,4870,311968,639015
6093,4925,384772,30482,5185,1380717,1814952
6314,5055,128091,73259,4556,1576121,1795915
7425,4833,151909,48463,7055,382533,604700
9074,6000,252615,55203,6204,1411338,1742842
6055,4612,279080,81370,5111,1314873,1693064
9536,6111,118604,43296,4481,1686682,1870933
7832,5149,218068,39130,4759,234577,512052
6259,4519,226553,35852,5111,1471177,1752046
5352,4592,304056,48315,6796,1418841,1790878
7648,4555,367800,104036,3908,274826,765125
8018,5389,143896,45722,6611,370916,582997
9147,5945,157862,44463,4944,1421702,1646175
8907,5500,274031,45445,6055,1405792,1747749
9907,6148,334127,45111,8000,1481343,1886877
5574,4481,137149,38426,5611,312867,506460
8629,5389,127041,94759,3908,1612818,1854489
6611,4815,245210,44630,5852,1442334,1751860
5259,4963,316843,93481,4778,1361165,1789878
8610,5722,590438,69351,4389,375224,1055845
7703,5537,107868,45130,5759,421887,596477
9444,5833,186168,87999,4222,388200,684718
5111,4241,280336,47222,4963,1448042,1792730
8851,6741,847281,36056,4926,1604259,2510818
19369,4149,147288,44703,4778,290468,513571
6629,4796,643289,43833,5352,1463365,2169709
7851,5149,1029493,47185,4907,1402029,2499263
19018,4500,326222,40074,6019,1526914,1925600
6629,4630,230151,45111,6630,1479634,1775304
8351,5612,147229,47296,6111,1436243,1654731
10204,6907,235491,73296,4241,280746,613737
7277,5186,343623,46500,6629,1422051,1834008
8833,5518,396163,43574,6500,1344197,1807248
6130,4963,132352,50167,6481,1481378,1683990
7537,4888,279855,39630,5352,1519800,1859544
10036,6482,297710,85184,4482,1391521,1797470
5389,4815,395138,41444,6019,1416647,1871693
8444,5388,132514,47740,6278,430594,633588
4888,4834,159682,42833,6167,333111,554534
11703,6315,245056,45111,6092,328404,645959
9703,6296,360466,62648,4703,1464376,1909988
7796,5148,229895,42981,6149,1392243,1687064
10425,6093,145232,44944,3796,1514962,1727804
8703,5908,236790,47185,6222,1395441,1702712
9629,6241,338700,66519,5407,1738343,2167469
8777,6055,109557,40981,5370,355886,529293
6518,4648,110078,44130,6481,1525931,1700693
9055,5555,192359,42962,5111,1871407,2128617
9000,5759,300305,47444,6926,1368444,1739952
9166,5741,383400,40259,4852,421891,868957
9258,6463,165961,44462,6371,304796,539885
8203,5129,178593,45445,6333,1456286,1702508
7963,5148,385095,42129,6389,1702874,2151932
9296,5555,382432,45222,6203,1396206,1847341
9018,5722,193361,58389,4481,270210,543570
6499,4574,202883,49445,6499,306614,579237
9407,6592,212923,58018,3056,342981,635792
5352,4259,310611,33296,3926,346274,706015
9647,6556,119133,38611,5537,332068,514200
7741,5166,126507,44963,6240,316658,510034
8870,5796,221898,44889,6333,1488740,1780100
8037,5222,315086,41018,4574,1346293,1722268
11833,5648,404051,45778,6777,1425549,1901970
7352,5129,861627,43481,6296,1744025,2670521
8573,5611,154874,41815,4703,1463506,1681434
9129,5518,311858,46499,6426,279806,661384
5370,4482,335101,49037,5240,1523981,1925618
9518,6574,106735,42259,6426,374039,547626
9518,6222,118256,41185,6019,1402123,1585916
8351,5667,224925,45741,5963,1525656,1818377
10740,6074,347132,42833,6000,1649041,2064061
5999,4963,109488,45648,5741,1729908,1904544
7629,5333,140084,37407,5537,385821,584422
9147,6019,186031,44944,6611,1432089,1686897
9332,5686,271940,41408,5481,1438308,1774304
8537,5740,935089,39278,5055,1378879,2375282
8536,5482,118466,41314,4482,373790,554830
8704,5814,542486,50241,6833,1490317,2106729
8463,5222,288749,36926,4871,1345833,1692120
6648,4815,370270,53037,4426,369651,811329
9685,6481,112127,53055,5963,365685,555608
8278,5370,125778,60148,4352,429052,635478
9814,5815,214799,52167,7129,1370821,1663286
8888,5537,1084316,40093,4963,1428113,2574262
7055,5296,139398,37908,5703,1497389,1695175
9295,6408,124679,36907,4963,1474237,1659119
8536,5482,194163,52463,4888,376278,644403
9777,6130,387258,38351,5445,311052,760569
8944,5982,873129,46018,5556,1449338,2391653
9073,6167,159376,36000,5444,1472448,1690934
8333,5296,156250,89203,3908,343247,608700
7315,4907,245753,39851,3593,1432256,1736305
9314,5797,375699,49111,6574,1425105,1874118
9074,5685,396683,43908,5518,1689026,2152006
9703,6166,147726,38851,5648,335661,546422
6703,4685,220321,96481,3889,1340985,1675786
5610,4482,228212,49222,6222,1493629,1789933
9259,6111,118142,47277,4945,1511885,1699675
9889,6129,141756,33518,4667,1495605,1693971
8852,5463,182944,43351,4111,1395454,1642305
8481,5260,309798,46555,4889,1372044,1749731
9407,6111,397597,44926,5759,1352207,1819174
9407,6444,106435,40482,4796,401321,571478
7925,5297,152901,49481,6759,324744,549423
5240,4630,1434249,36574,5315,1740064,3228406
4241,5277,107982,35796,5074,1518879,1679750
9332,5723,152817,73018,6500,258125,507626
8593,6314,129284,68944,4037,1453114,1673027
9425,5167,602914,61148,6278,1619683,2306597
8833,5593,389936,86074,3852,287355,784829
7351,5093,124070,39056,4907,1484197,1667693
5407,4371,121647,30648,4741,450386,620015
9573,5963,739611,30907,5056,1403506,2197135
7667,5185,319282,30185,4797,1450262,1819804
10166,5389,765376,86758,4093,1280463,2154727
5389,4518,459492,60314,4223,1670477,2207006
8962,5371,152107,36444,5630,316445,527330
6259,4741,244665,44111,4741,1479454,1786027
9111,5407,329427,40667,5185,1468432,1860563
5110,4649,127616,34741,5333,440269,619885
10074,6500,125694,64388,3593,1435408,1647768
9962,5944,255660,40259,5018,1369609,1688878
9148,5814,478977,36185,4981,354352,891476
7981,5463,821922,40056,5240,430682,1313974
8000,5352,180132,33870,4370,1484747,1718546
8333,5240,180061,49074,6870,388121,639737
9537,6611,281785,40611,5537,1416075,1763082
5111,4518,438492,30629,4926,395133,881439
4295,4593,116144,33963,4945,1724418,1890747
8407,5352,219277,45889,6407,1405954,1693824
8556,5444,468390,40129,5537,1563154,2093525
9555,6018,368708,35796,4722,1391671,1819211
6759,4704,108823,53500,4111,347192,527201
6203,4482,138660,35407,4666,357875,550052
5741,4425,213422,40704,5222,372186,644515
9703,6574,304480,50481,6074,1486861,1867118
6018,4408,397093,57574,3685,1453933,1925174
8389,5277,98413,48371,5037,333917,501979
8722,5482,177137,39593,4592,269360,507183
5259,4537,307974,46036,6908,1368312,1741823
9407,5555,829252,33537,5204,1608696,2494096
7111,5074,130351,49314,5815,1631861,1832063
6703,4574,167521,81388,4574,271551,538793
9648,6722,1008853,57240,6963,1445855,2537744
17555,4111,319286,67295,3852,364915,779144
9907,5685,103141,56518,6297,1712625,1896229
9074,6204,119033,45370,5685,1506198,1694268
7666,5333,227629,38166,5870,1417603,1704675
9055,6074,341760,42963,6685,1402007,1810637
9703,6704,102227,39426,5741,1522781,1688601
5610,4500,105286,41537,5704,1738536,1903933
8129,5908,565953,46111,5574,1424535,2058395
5610,4963,272273,43741,4148,1409569,1742415
8777,5556,372275,59852,4240,1798749,2251357
4963,4167,124946,77815,3999,1779672,1998322
6129,4907,160913,42351,5759,1548207,1770711
5685,4481,260823,50388,6185,1319613,1649212
9222,5463,395380,43000,6259,364263,826421
9463,6574,108403,43574,6500,1436236,1613250
8240,5704,133573,42778,6425,1478344,1677583
6018,4093,220946,45185,6389,1460469,1745508
9407,6018,390152,44611,6315,1596669,2055413
6648,4315,98119,42648,6555,1582297,1743008
7185,5352,888340,40926,6426,1428497,2379375
5166,4149,207569,89796,8574,1829918,2147580
9018,5315,301535,46259,6037,1418677,1789526
5221,4574,74743,46963,5555,1429267,1569009
9314,6592,109950,41889,5499,451196,626848
6055,4537,173341,66130,3814,1395465,1651657
10499,5852,99604,41185,5741,1536386,1701267
8870,5944,326254,105388,3908,1411865,1864303
8426,5611,284016,40370,5445,1623324,1969933
5407,4833,139761,42870,6722,360921,563052
4500,4556,230911,56592,4130,1450486,1753842
4222,4778,303599,49741,6648,368063,740644
8981,5723,152973,55926,4389,1681682,1912193
8333,5388,107589,73777,4148,1455514,1656953
9610,5723,179276,45962,6852,1373770,1623731
6018,4297,273500,62037,6463,1505766,1860452
8518,5611,927408,41037,5667,1416726,2407412
9518,6648,116915,37963,5593,398193,577719
6111,4537,160473,46185,5297,1440664,1665583
6611,5055,247328,41408,4111,1499291,1805952
4944,4241,333683,36722,4000,355480,741163
9703,6593,147927,43241,5981,1731672,1947155
8703,6426,143523,41870,6333,1446486,1656712
9296,6296,230248,42204,5074,1468390,1763619
8925,5945,582267,56833,5204,411652,1073364
9555,6111,386550,64852,4370,376557,850440
8741,5870,131869,48018,6000,1466547,1669064
8092,5093,180445,98796,4204,1398360,1698138
4888,4667,272781,41815,5148,360640,692458
9648,6389,422894,35130,5611,1459020,1940766
4500,4592,160307,48148,5852,1431868,1657860
47462,4352,111680,66185,4093,353946,590219
4389,4481,651681,51722,5815,343054,1064068
4055,4426,407444,49667,6703,1671506,2146450
9036,5574,122338,42426,6981,310252,499552
6073,4648,122026,46259,4519,1436687,1622564
8741,5740,320843,49055,7167,287783,681552
6166,4555,309809,48444,5445,1404514,1780989
9241,6055,101702,45370,6815,1423881,1595324
10630,5018,132705,39426,5685,370885,566071
8888,6334,174911,74629,6685,1346246,1620286
5037,4796,270395,48815,4074,362360,697496
4407,4611,414805,45852,5740,1652905,2130672
9888,5574,126717,40167,5703,1614125,1804933
4981,3759,153794,46297,5574,1426214,1643194
4870,4500,285501,45499,5241,1434915,1782934
9815,6537,325207,74888,4056,348677,771570
8129,6055,129804,36648,5074,391452,579996
8111,5389,118603,52074,6574,1481646,1674750
5333,4556,638714,41889,5370,1472662,2170673
9184,5519,297571,40630,4703,384092,743699
9110,5426,106946,49092,6704,1454471,1634620
14240,3815,92393,41093,6055,399715,559756
8148,5574,180192,65111,4092,374786,640848
5555,5000,275880,48740,5815,1484350,1828859
9277,6611,353531,59462,3871,1523421,1958543
4870,4278,140053,58926,5333,299944,515738
9388,6056,152501,40129,5111,1497730,1712971
5426,5037,391095,42666,5371,1794262,2245931
5648,5130,351969,60481,3889,1438909,1868897
9500,6667,137306,34148,5074,350598,546108
6463,4648,141179,59259,3945,365928,583608
5722,4796,232905,76684,3667,1393641,1720379
4925,4760,321703,57481,3611,1497601,1893488
9555,6741,117392,34389,4982,1534838,1710638
7129,4685,96544,48092,4852,366898,530867
5185,4407,197769,43870,5537,382394,641515
9888,6834,260901,55370,6315,1483217,1825137
8499,5445,89571,40797,7129,375740,529941
8907,6204,132464,43592,6185,1711822,1911544
10407,6074,587835,42333,6611,348715,1004457
8536,5296,261581,43666,7185,1470113,1799118
4981,4389,331231,44333,5648,1643739,2036932
9037,5389,138272,51925,6352,288596,501997
9778,6796,138701,44741,7574,1653176,1862804
8370,5481,280056,40389,5592,1692877,2035580
7259,5814,314540,50148,6482,345493,732366
9222,6148,118081,42129,6019,1500335,1684361
9185,5759,113362,42463,6018,358136,536960
9241,5629,182105,47722,4574,343188,595034
7555,5222,280312,102499,4186,1433567,1836100
8759,5333,746350,42222,6037,327329,1138123
8221,5389,599075,44185,4408,380937,1044197
9573,6408,145673,38889,4611,344101,551978
8352,5666,236732,44685,4518,1375944,1679397
8147,5074,375549,48870,5815,341151,786662
9444,6722,107313,54499,6778,1675622,1863489
6592,4537,134389,47296,6389,413755,615440
9073,6074,591057,42352,5240,1633116,2289412
7666,5055,296043,44685,3833,1789797,2149561
8999,5593,384304,40000,5537,1391759,1838989
5574,4426,132383,37629,5519,402595,590515
9518,6389,182126,48574,4519,1397623,1651434
8722,5500,278999,82833,4111,1432472,1814711
8814,5352,353669,42703,5148,401512,819698
7332,5019,107099,56759,6759,356083,541644
9185,6167,144657,60222,6741,1512684,1742101
8832,5741,269419,40148,5500,1478959,1811081
5648,4481,374218,34296,5019,382018,808032
8056,5037,165314,34352,5074,2197393,2417190
9073,6278,119096,45611,5463,1688319,1876322
5926,4481,105710,47574,6408,2132795,2305227
6222,4555,308212,51093,5203,2084607,2462319
9666,5926,4240863,60462,4241,1859897,6183500
8092,5574,1965750,55222,3685,1651321,3691737
7184,5241,731742,33426,5537,1949982,2735428
8296,5796,982410,41296,5185,2511662,3557256
7425,5037,705360,38574,4944,2098772,2862001
9184,6167,749270,52240,3556,1729956,2552670
21018,4426,974364,32833,5018,2428190,3468090
6352,5444,690054,35796,4463,1626266,2370412
19630,4592,521724,46648,5889,2232815,2833391
22407,4963,1335519,58778,4277,2114146,3542294
7925,5297,398157,50814,5519,1671608,2141413
18055,4444,1990652,39851,5704,1729289,3790051
8870,6093,356867,40926,6500,1615843,2037192
7370,4889,761941,37204,5111,1498360,2317042
6259,4907,619204,44537,6888,1752616,2437541
6259,4222,299727,40314,5834,1778890,2137284
6129,4852,540764,42352,5500,1618056,2220042
7055,4722,841376,51648,5759,1508832,2421429
6055,5018,651565,44111,6630,328522,1044031
8556,5574,184570,41704,6222,363074,612312
5518,4703,251555,50648,6482,1414361,1735971
4352,5722,419001,39315,5611,1726763,2203357
8777,5630,103950,47519,5500,1779334,1953081
9056,5759,113713,43518,4296,1482518,1662139
8296,5352,216993,43407,5370,394115,676051
9833,6722,322607,35129,5167,364333,745588
6852,5092,564850,50018,6722,1465046,2100673
8222,5611,123614,45630,6092,1466247,1657972
5092,4481,187191,43574,6648,1450373,1700286
7777,5463,290768,95221,4056,284229,690033
5351,4315,405455,43889,6000,1473867,1941284
9685,5667,106496,44722,5723,1720362,1895100
9092,5611,568313,39185,5037,334145,963828
6759,4241,243890,48241,6000,1429803,1741638
8240,5389,339412,54592,5778,1437614,1853359
10129,5759,484785,43685,5648,342617,894994
7778,5111,119067,45963,5278,352744,537682
9388,6111,1238565,34815,5000,1337012,2632984
8074,5407,326629,38981,6074,1432806,1820101
10296,7056,91206,50315,6981,407624,575497
9055,6389,129727,41334,5555,1677891,1873211
9185,5778,175527,86740,4963,1426963,1711786
7740,5111,268993,137536,4611,1291683,1717990
10129,5370,374699,47148,4759,340538,786347
8777,5463,129759,66296,4092,296091,513386
6777,4778,144373,34777,5019,381272,579571
4925,4278,255727,51592,6130,1461355,1786045
9240,5666,356138,75184,4278,1466278,1918729
4740,4815,830860,42000,6111,358929,1250233
4333,4667,118107,53555,5556,1428402,1617361
8906,5537,237684,36204,5426,1434084,1730156
8407,5018,290002,36870,4982,1508154,1855804
9055,5593,539596,40018,4778,1525040,2126950
5203,4352,98175,75981,4130,1726702,1917210
8611,5555,190974,38685,5630,378707,630607
9500,6592,294977,36926,5407,1468976,1824341
6481,4611,1124735,41722,5370,1382324,2567244
7518,5185,111058,37963,5445,391476,561052
9277,6111,569485,37907,5666,1799890,2430966
6537,4722,249193,37667,4444,1483612,1788545
6462,4260,355658,45981,7000,1406683,1828341
8574,5481,108608,64481,4111,1653826,1847619
5184,4334,124758,60500,6370,1464343,1667601
8277,5333,226891,47963,5259,1492840,1789045
9740,6129,296875,45574,5741,351158,718884
8055,5056,397266,39574,5611,1380778,1839174
7444,5018,127864,42907,5500,1463516,1654397
7611,4889,192458,37371,5463,365093,614923
9092,5463,267702,40629,5630,1465732,1796322
9018,6444,97539,38260,5833,409883,569255
9758,6871,118190,38759,6130,1745335,1927395
8630,5426,159693,39926,5648,311952,533868
7018,4629,233493,41852,5111,1469108,1764174
7666,5463,321699,58463,5370,283390,684329
8944,5944,141758,62908,6481,344405,572811
8184,5389,114762,52277,6704,1504655,1694656
9721,5889,203691,41018,5167,1533558,1801489
8407,5592,293360,49148,6389,1473500,1838693
5073,4093,114197,43777,5519,354337,529052
7833,5408,148700,38148,4944,1519716,1726749
5426,4815,213647,66740,3982,1408065,1705397
4332,4482,303316,43778,5907,323717,687588
9647,5982,384467,43000,5815,1396207,1847507
6629,4574,108583,52703,5315,360396,540182
9685,6555,186290,35722,4944,1486238,1732693
7611,5333,766864,41370,5111,368944,1197585
9352,6351,354925,46463,6148,1425435,1850767
8537,5481,135336,50222,4778,299069,505720
9352,6574,136505,43963,5500,1465318,1670027
7166,4926,237286,44296,5889,1377815,1680008
8777,5629,300993,67537,5555,1394275,1785137
7166,4722,117330,51111,5871,1474049,1662712
9203,6482,98629,36593,4852,319367,477886
8130,5407,208225,48962,4075,1370858,1648083
8907,5093,273265,49573,4500,317177,660645
10370,5611,378249,40870,5555,1445074,1888322
9166,5741,102549,59185,5389,1664792,1849100
5444,4371,175496,47241,5759,1373457,1613879
8925,5723,261369,48074,5296,1416750,1748545
9129,6389,320780,55314,2852,1454691,1851137
7629,5223,105988,72944,5018,362583,561849
5814,5148,119287,44593,5389,443561,626533
4814,4649,656065,46037,5222,1620106,2339264
9629,6148,97645,43463,5704,1708547,1873174
4555,4259,522091,42519,6037,1608822,2191302
6907,4833,98319,52574,6092,320013,491405
8000,5259,657244,43963,6500,1580298,2304134
7963,5278,313767,32741,5815,1361240,1729120
9018,5777,382086,49537,5666,1438367,1892562
9351,6222,2049229,39703,5204,1749897,3862458
5685,5537,147094,41203,5260,315699,522979
9092,6185,231485,40889,5740,1467117,1762675
7296,4982,352894,37592,5575,1440317,1850693
8870,6185,110325,51370,6444,442561,628422
6018,4630,119661,36648,4500,358114,532312
10166,5519,199404,32296,4278,351444,605533
6110,4797,328555,31759,3407,392811,769680
7185,5426,83152,49500,6722,472400,627719
5815,4870,104914,41648,4537,518360,681978
4704,4370,207065,43518,5574,1330889,1598324
9962,5611,261624,38999,5649,1476717,1800581
6185,4592,354645,74963,4000,1394659,1841822
4722,4296,135501,45796,5759,332978,531867
8425,5426,181041,41240,5686,1484912,1729323
9277,5889,227784,77092,4908,1703148,2030432
4852,4222,364824,39055,5630,1450998,1872396
8944,5648,103587,44222,5500,1567847,1738063
8389,5481,310942,37851,5334,1655620,2026007
5630,4685,204500,54074,5482,1492544,1769379
9221,5889,498688,46092,5241,410622,978123
9629,6241,314284,41833,5352,1530260,1910211
5426,4277,143418,34426,4370,1435777,1630268
8777,5574,176754,97888,3556,296502,591496
8370,5611,267535,44092,4630,291610,624015
9351,5908,369685,40852,5574,1415304,1848711
8518,5167,133652,36426,5482,1705095,1897082
5518,4444,168989,50166,4741,1463872,1700064
7833,5833,490657,30833,4556,399300,941253
8444,5537,333864,44815,5222,362020,762051
7777,5056,96776,47333,6778,408239,574422
4536,4908,112482,50389,6611,1473415,1654545
9093,6055,197245,72796,4518,1484171,1775990
4833,4704,294210,57963,5018,365934,735107
5981,4352,835192,47296,6481,408171,1309881
5166,4260,131513,44482,5851,425131,618515
6981,5167,593329,44759,5760,313183,971995
8944,5778,270927,44000,5444,1527488,1864526
8111,5593,343855,39352,5296,1496967,1902008
9222,5592,136267,38519,5685,1674092,1872193
5000,4889,142566,47018,5648,421949,629552
5833,4574,249551,38444,5518,1382347,1688434
8185,5426,334330,39500,5241,356906,751940
9555,6500,98854,33981,5667,393069,550404
8944,6370,107227,42204,6222,346066,519774
6944,4963,672376,46074,6907,1668685,2408486
8870,6611,291844,37204,3944,1684293,2034840
7555,5223,97199,41259,5611,1680938,1840489
8722,5703,116610,38204,5537,447738,625219
6611,4444,186317,40111,5148,366087,611386
9796,6296,256912,75815,5351,1370727,1727619
5222,4389,350285,58518,3759,1389334,1814045
4426,4481,100474,43445,5240,439597,600367
4500,4574,156458,39463,5593,1413569,1626601
9536,5889,243369,37296,4426,1424973,1728045
4610,5500,323446,48240,5630,364513,754310
9277,6592,105135,44593,4703,1505263,1678323
9815,6241,122656,30241,4277,1463408,1638731
10018,5611,195030,50851,5556,383319,652681
9073,5667,302051,47185,5611,1432550,1805322
8129,5315,76833,39407,5333,1715360,1853063
8740,5426,469408,45130,5444,1329859,1866248
10037,6870,165653,49259,5074,1745928,1984877
6629,4852,263248,38759,3852,297489,617737
9536,6352,345048,71759,4148,370003,809495
9444,6500,97997,38740,5130,1771622,1931618
6814,4741,189425,45851,6611,1405973,1662490
6129,4482,237705,49333,6556,322828,629552
8851,5296,233135,42852,5759,1710816,2009210
5333,4352,136897,37111,5259,350396,541997
4611,4370,126679,38389,5425,396467,579404
9795,6648,196237,61074,4296,1458291,1738897
8573,5519,303517,37666,4463,414997,777125
9036,5556,1180997,65703,3723,1411375,2678965
5815,4518,155191,38203,5611,395954,607367
10481,5945,193767,43852,6037,1444796,1707546
9074,5963,271511,38629,5445,287874,621348
8573,6204,362847,39000,5389,1364550,1788859
9426,5926,124962,58167,6889,334719,542830
6444,4796,146318,48148,6555,1491191,1705953
9537,5889,749614,42370,6000,286991,1102771
8333,5537,357971,42148,6093,1850979,2273450
8999,5389,158327,37500,5592,363874,582089
9666,6648,104257,37314,4389,1473438,1638472
5555,5167,206110,45222,5167,332460,602107
5073,4352,292762,54370,5222,1516654,1880840
4703,4667,379097,43870,5537,1398929,1838877
8019,5611,135990,39241,5463,1472370,1668750
9425,6037,978008,37574,5759,288596,1327844
8444,5741,268848,44537,5166,337945,672977
8555,5500,384499,38444,4593,1446638,1890841
5110,4778,107170,66889,4370,326587,517034
9758,6797,166302,38463,4574,338861,567478
9444,6630,247990,45222,10389,1431647,1753897
8852,5129,347605,38777,5000,1355015,1763045
9926,5648,102738,44167,5166,1542048,1712027
9518,7037,104297,36463,5000,1653674,1818563
6888,4778,199707,51777,6593,333956,606163
9314,6019,1078428,43259,5926,1628296,2773650
20388,4611,75362,39278,5629,1564369,1712138
8648,5722,99568,50611,5926,404206,577256
9018,5704,186830,45778,6833,1407530,1665064
8981,5704,254666,42426,4574,1443286,1762175
8721,5685,359170,39333,5555,1445005,1866340
8796,5537,110525,39833,5241,1612835,1785415
5889,4037,173102,40407,5611,1396111,1627583
6351,4704,228846,105610,5352,1313775,1666657
9740,6223,313163,46111,5463,1484381,1867341
8833,5574,121797,39241,5314,1434379,1617287
51685,4555,312948,45777,6907,391901,815421
9722,5722,194506,54945,5000,234620,507497
6259,4648,290732,49425,5334,420153,780384
7944,5222,92291,40074,5722,1733680,1887637
8277,5519,99220,51426,7185,384406,557941
5259,4629,167112,56352,5685,1425564,1667286
8815,5611,257003,47592,4241,1480171,1805526
4463,4629,349803,101666,3926,1409020,1875544
9777,6500,98936,35130,5129,400302,557589
5685,4556,185605,43796,6630,286132,534016
4981,4370,238146,48851,6482,1465140,1770656
6555,4704,362166,42630,6426,294699,719292
10444,6778,138856,42018,5704,1545652,1751490
6111,4556,126748,39592,5759,352620,538219
8648,5463,230361,39445,4129,1445536,1736304
6036,4667,305142,37537,5463,1482866,1844192
9611,6537,97331,38259,5500,1399975,1559361
9037,5852,93483,49203,6834,401236,567238
5536,4445,186189,41259,5667,1395727,1641268
6796,4833,272340,37815,4370,1354298,1682490
11629,5833,1112728,50704,5240,1430738,2620077
6981,4648,114162,36592,5037,374095,543497
4833,4315,150128,97759,3388,1454474,1717138
4129,4704,260112,44611,5944,1497748,1819267
7481,4963,321744,95166,3445,1389504,1824415
5129,4630,263507,38574,5537,1378798,1699546
10129,6685,117289,41129,5741,376653,560219
4888,3759,240995,38778,5203,1420088,1716452
8758,5685,280498,58259,5759,310925,672384
7833,5463,391185,40722,5574,1530266,1983284
5037,4759,93598,43018,6130,330992,485664
9500,6889,164655,83482,3962,318212,589404
9092,6333,274492,80185,3463,235801,611792
6036,4611,392810,34999,4630,331390,777551
9370,6629,122777,41037,5944,329443,517645
8222,5834,135964,58074,4241,412606,627330
8092,5352,226134,45741,5129,276307,569052
9537,5907,348322,49666,6834,1600481,2023507
6870,4852,261288,35833,5093,1389794,1706453
8574,5611,105977,58555,5093,371853,557478
8610,5463,202554,88000,3259,1379622,1689638
4852,5018,292761,41796,4518,1521914,1873211
4258,4686,115264,45648,6463,2112741,2291541
3962,4482,115767,40204,5666,1510130,1682823
8592,5555,179308,39074,4388,359801,600274
10203,5760,352161,36685,5556,1479364,1891915
8555,5833,381701,47334,6703,1384751,1837026
5129,4407,112021,42574,6778,344439,517978
7259,5185,158116,37815,5074,351843,567978
6573,4612,244656,43536,5815,331526,639052
4852,4444,332455,54518,3667,336096,738440
9759,6444,98626,34981,4482,1564678,1721786
8703,6148,103389,51536,6593,1526157,1705064
8000,5278,193391,42944,5796,1439562,1697583
4851,4797,303023,44851,7259,1437245,1805489
8129,5797,95453,54296,3963,1619073,1789508
4852,4740,347678,45962,5630,2154160,2565429
5630,4481,166107,58630,5703,1454198,1696768
5926,4611,294980,45444,6704,1407806,1767416
9555,6277,377020,39537,5833,1465544,1906007
5222,5241,152820,35593,5388,1557262,1763619
7629,5111,133527,40963,4426,1502630,1696879
6648,4796,243586,39648,5481,1434942,1737490
9685,5796,254366,45778,5667,1404642,1728527
6018,4685,99130,45684,5686,1670915,1834156
9981,6907,114485,67777,4259,350884,556923
6629,4611,222635,85852,3814,291455,617533
9296,6463,302193,41926,6037,318062,686478
8889,5388,83902,44536,5223,419706,570608
10703,7019,96034,69573,4556,353685,544312
5370,4555,168611,57500,3889,1432953,1675082
8518,5352,270539,42611,5593,365734,700459
5462,4297,351912,48629,6574,1368337,1787230
8222,5333,184861,38722,5555,1518926,1764360
6241,4518,153049,39963,5556,405947,617830
8463,5537,237422,42963,4463,246315,547793
8907,5574,334424,91241,4148,1438046,1884748
8259,5407,280817,39241,5704,1358024,1699971
9630,5870,122117,40759,4630,1522539,1708231
6722,4908,982301,44555,5574,1473517,2520022
4444,4314,308716,38759,5389,1524440,1888044
9981,6648,418144,56926,6703,422259,922995
8963,6611,126981,45148,5426,361960,557589
7426,5426,203466,45185,6500,1411228,1681676
5444,5166,280284,46129,5685,349324,694366
9351,6259,371749,38685,5315,359636,794088
5314,4352,109550,50388,3704,366392,542256
8500,5500,138645,60685,6148,366166,588645
9258,6278,220074,54055,5223,1395360,1692823
6703,4778,315558,37926,4018,343827,715533
8389,5407,103433,43444,3574,1995073,2162154
4814,4722,107918,46036,5778,424228,596033
9592,5648,604196,45777,6574,1678198,2352337
9055,5666,334775,50536,5611,328426,736606
5500,4500,573572,40278,5666,1885876,2518170
7537,5351,91560,38463,4333,1563708,1713434
9777,6037,180432,44259,4630,1354744,1603175
8629,5574,251658,59333,4555,1428888,1761064
6444,4797,846917,67055,3889,335131,1266622
4593,4222,117997,42278,5704,1780491,1957507
9352,5851,153408,36630,5333,1498378,1711397
8666,5963,251355,46074,6945,1375264,1696823
6778,4722,337024,37611,5037,1602168,1995414
8148,5445,95214,56499,6537,1649572,1824397
9777,5926,97328,44000,6704,1508199,1674083
6204,4870,235664,38666,5519,1314290,1607935
8333,5314,296278,39222,5593,1754432,2111283
8166,5148,370669,65278,4278,1680133,2136431
5092,4130,98915,49222,6981,411453,578441
8888,5852,197769,39592,4649,1443665,1703026
9666,6092,263032,38870,5537,1478569,1803767
4907,4592,495756,37203,5519,334443,884458
9296,6259,95076,46259,6759,385181,551330
9148,5129,130134,48222,5500,1498653,1699471
8944,5907,234970,43407,5741,1407965,1709360
9129,5870,323047,35944,4500,1402239,1783341
5759,4870,102292,42277,5519,415853,579256
9685,6537,119906,40555,6333,419536,605219
6093,4963,197760,82370,3703,1315972,1613602
8518,5537,299911,74055,3408,1625947,2019877
5278,4426,712763,41556,5092,379489,1150975
9147,6352,118048,44092,6611,320098,506367
6425,4685,187958,43685,6093,1455847,1706674
9240,6093,248423,100611,4092,353129,723866
5278,4259,1159978,41537,5981,1640302,2859465
8129,5519,87653,39055,5648,1484356,1632379
8092,5167,134063,38333,5148,402156,594996
9277,6037,217918,49092,5519,1423554,1714212
5926,4963,334846,40111,4685,1492717,1885600
10074,6444,117888,36518,5556,1730082,1909507
5833,4519,103464,42815,4963,429125,593441
10685,6296,195227,51111,6000,1414208,1685749
9092,5759,1051374,47648,5611,1531352,2652780
8000,5555,326399,40018,5815,395541,783236
9963,6426,150440,45036,7000,1595420,1816971
4778,5166,202925,43870,6333,1451177,1716953
7592,4889,269445,93407,4056,1377655,1759415
9148,5907,335374,36834,4629,1540355,1935081
9092,5889,92082,43778,7129,1698222,1858655
8333,5500,153085,89222,3648,327708,589571
9536,6334,218495,132703,3648,1383662,1756415
8370,5296,693533,40259,5463,374924,1130234
7704,5203,124169,52000,4574,361013,557238
6037,4981,119895,43203,3315,540694,719941
8981,5740,203953,38833,5444,1472482,1737304
5815,4574,303029,37296,5574,1409868,1768749
5444,5111,93533,36852,5315,414982,563830
6315,4333,107907,37166,5148,366609,530016
9388,5426,171391,36666,4297,1463247,1693841
10000,5666,248505,41000,6315,299788,614052
7906,5445,370192,60685,3445,1679776,2130450
10074,6667,96400,58518,6352,381874,562608
55055,4407,96293,44926,5389,428056,636626
8758,5297,221832,51500,6814,1669638,1966358
9277,5630,309427,39481,4111,372939,743255
8814,6093,92209,54981,3834,1628132,1796193
9148,6018,114527,56926,3778,1475630,1668620
8537,5333,189697,50351,4611,1374183,1634824
9295,5278,845938,41222,4574,1547585,2456244
8888,5667,367405,43667,5148,1682193,2115394
5888,4686,95391,60463,4444,1624709,1798137
8388,5556,159431,40685,5926,329621,551663
9684,6278,284027,47907,6222,1415686,1772489
6573,4648,359030,40777,5648,404855,823976
4852,4185,92941,54889,3944,1498883,1661805
4092,4481,142204,42036,4519,398608,597959
8221,5352,233503,53907,4259,1500691,1808693
4185,4463,698133,39277,4722,1643835,2396967
9518,6037,95398,48814,6612,1643165,1811618
8037,5333,97068,39796,4611,430392,587478
10092,6574,203496,79944,6334,1333420,1642564
5574,4444,380239,33685,5056,322386,753847
8370,5388,842407,41574,5648,1604968,2510633
8370,5852,130765,37000,5296,1812964,2002321
8518,5907,194138,45945,6833,1383093,1646453
7925,5370,248420,48073,6797,1427367,1746045
5944,4518,383126,39370,5370,1717085,2157987
8296,5666,90889,57389,3778,1776284,1944673
7574,5000,130299,36963,4944,361179,548552
8629,5778,217895,48481,6981,1468503,1759008
8684,5389,345064,39518,5056,1356463,1762563
5852,4741,99883,52851,5648,344874,516608
21241,4722,121534,44333,6352,1476752,1677379
8351,5463,236129,44148,5093,1517026,1818563
5222,5166,287058,49704,5796,1440339,1795582
4463,4555,801744,40797,5888,375842,1235252
9704,6462,116936,37482,5518,343580,522312
7833,5240,215068,61685,7630,427872,727366
8166,5926,252831,62666,5704,1692009,2029636
9166,6389,373185,38426,5537,1396767,1832711
5444,4463,102690,34944,4852,1657911,1812878
8536,5408,169729,45370,6685,1447909,1686360
7592,4908,2180759,40722,5741,418632,2660817
20759,4667,311364,40148,5481,364539,748922
8110,5704,134776,36777,5445,1627250,1820692
8388,5444,138298,40741,5388,392089,593218
8759,5814,192838,101888,8870,329975,650496
5759,4407,297174,43296,5426,391581,750014
7888,5371,401139,37852,5296,295245,755551
7795,5167,99403,37870,5352,1559383,1717249
6130,4944,194609,36519,5278,1384084,1635028
9944,5870,280112,35907,5278,1326267,1665916
7851,4796,382634,47592,6704,1386041,1838026
5555,4407,135971,43037,6408,328452,526478
9370,6111,148789,73740,4148,330190,574996
8925,5408,233458,42833,5630,1400217,1699156
7759,5129,305647,41426,4314,410776,777329
9389,6703,112095,36907,5389,1514599,1687472
5592,4389,115450,37259,5278,1495892,1666657
6203,4537,222064,37092,5223,1389685,1666990
9574,6185,290344,40482,5592,344911,699959
8666,6296,364384,41982,5537,1709473,2138987
5240,4278,117296,39370,5685,1587620,1761712
8981,5741,156910,54111,5055,1439544,1673064
7592,4944,262709,76740,4037,298084,656366
8685,6130,334026,41926,4407,296248,694052
7258,4778,146179,51814,4889,1720088,1937432
9518,5852,269163,64870,4111,352555,708625
7926,5166,261759,32055,4982,1402250,1716842
8741,5759,343428,50111,5852,402530,818755
7852,5555,94840,39333,5611,1545317,1701045
9314,6352,111695,36092,5463,1499499,1671934
9629,6167,295530,59352,6777,434058,813588
7907,5704,311867,65370,3944,1385493,1782823
6296,4685,597165,44000,5296,1522952,2183358
8722,5537,702426,35685,4593,401511,1161289
8352,5055,173266,46944,6500,1393243,1635953
4870,4759,267287,84092,3686,333301,700366
11481,6056,332105,48351,5611,1457514,1863397
9462,5815,90239,40037,5444,1595196,1748193
6777,4519,134130,35296,4926,411663,600293
4759,4296,221170,50074,5389,1493042,1781286
8555,5389,314099,50056,6407,375619,762533
8258,5408,92233,55222,6648,1732941,1903581
8648,5630,112347,51444,5759,1425588,1612120
5092,3982,205757,38444,4815,1394029,1654435
8573,5556,274982,67352,4222,250107,612922
9463,6426,865353,43296,4777,1534022,2465949
6185,4759,135082,57018,4389,314860,524997
7518,5111,157863,36796,3944,1472369,1685805
9315,5963,1018676,55907,5093,1472808,2569892
6482,5296,344627,44611,5093,1456010,1865249
8073,5167,125224,45537,7167,443864,637885
8592,5630,151894,37296,5185,1485874,1697175
6537,4722,302989,72444,6611,1598518,1994377
9092,6037,333899,44037,6704,1461923,1864174
7740,4963,237144,33148,5352,1454939,1745823
9759,6055,135814,43982,6407,394590,599385
7352,5018,192373,31814,5204,1468432,1712490
8907,5777,352764,42426,5741,351509,769903
6166,4371,366044,102592,5297,1351759,1838878
8684,5537,345104,52518,5426,1663422,2083284
5074,4666,166478,51574,6185,1508864,1745138
9462,5852,277665,44222,6575,1390268,1736600
4592,5148,340446,45926,4426,389994,792754
8055,5241,98136,46833,5777,367584,533997
5444,4575,131083,49314,5019,414506,612275
9889,6704,305789,36185,4815,1771698,2137488
8907,6055,350107,46982,6425,350945,771977
8315,5333,92926,58056,3814,352127,523090
6574,4963,97948,46592,5482,1499505,1663935
8370,5277,187433,45388,5463,1350874,1605509
7704,5092,289139,38185,5444,1362963,1711212
5148,4407,93939,36982,5481,1472570,1622083
10499,6278,109887,47814,6556,1750084,1933581
8055,5389,172593,38407,5315,1487341,1719267
8481,5148,260874,40963,5240,1455672,1778378
9462,5926,370210,37703,5297,1446020,1876674
5018,4907,90733,55462,6852,1734553,1899748
9500,6407,128810,39537,4518,389039,580164
9759,6389,226312,38426,5481,1421919,1710360
6073,4778,346204,39778,4666,1447563,1851526
6481,4333,88505,41666,5741,1654300,1803915
8704,5333,95415,54518,5667,1500983,1674064
9889,6055,198881,56814,4352,1464795,1743045
7944,5204,296475,39056,5666,405094,761569
7999,5500,786218,46944,6426,1391695,2247431
6610,4741,145557,42407,6834,348069,556959
5963,4389,194967,37648,5574,1620244,1871545
8999,5815,243563,59092,5686,1492297,1818304
10148,5129,350603,42537,5944,1834421,2251320
9018,6074,91403,42556,5444,399779,556737
6204,5499,128759,43166,5056,1521139,1712157
9166,5759,219465,47129,6649,1464117,1754693
8573,5315,702169,56926,5630,341695,1122678
6759,4926,105527,37167,5500,1586499,1749120
5722,4463,101271,57185,5907,1440498,1617620
7907,5111,186663,61389,6500,1553234,1822989
9610,6000,307314,43962,6371,1386583,1762119
8629,5500,62170,38499,5649,361716,484127
6055,4759,379523,52574,6037,1816908,2268560
6648,4759,175194,46314,5463,1416852,1657601
8759,6037,631417,54241,5352,1405904,2115154
6536,4648,1591064,36518,4778,1670732,3316350
4926,4629,124093,34741,4851,385349,561089
7667,5592,125540,69722,4037,1440080,1655342
10648,6148,228932,38314,5537,1404318,1696286
8278,5185,481933,46185,6982,360820,911439
9888,6260,92346,37203,5352,1566588,1720286
8352,5481,111627,39185,5741,435592,608682
8277,5500,200518,70870,3963,1401713,1693397
9703,5889,663890,39703,6444,1456857,2184616
7759,4926,277746,42722,5889,452119,793940
7444,4981,105288,37167,5499,1756109,1919192
8277,5648,169606,36851,5445,1437422,1667157
9314,6333,278016,36944,5426,1461863,1800063
5407,4519,338574,50203,6667,1738413,2146302
4370,4778,83708,44537,6499,1778078,1924785
4259,4537,164229,39704,5777,1479687,1700545
9111,5722,656341,43722,5704,1530720,2253894
9000,5592,307402,36851,4037,353984,719866
8573,6056,99109,40222,5685,1728639,1891007
7055,5037,94520,44685,10686,1534581,1698972
9722,6167,325336,40278,4815,1559429,1947785
9166,5519,274210,41611,5611,1469279,1808119
6870,5000,77807,45611,6778,439430,584496
4963,4389,128662,36999,4797,1723734,1907118
9833,6019,156554,80258,4186,1383084,1642564
6555,4778,267038,70907,3759,336421,691866
9203,5481,333541,34445,4981,268992,658718
7240,4871,117952,44722,5630,465044,648218
7537,4981,125382,47815,6481,1748107,1942785
9351,6426,214421,49982,6611,1492827,1782193
8833,5870,304573,82240,3833,1445399,1853415
5981,5148,115854,39630,5629,1568488,1742786
9184,5926,97376,77963,3759,1474689,1672397
9296,6130,205452,41167,5574,1443908,1713953
9000,5833,280289,106703,3666,319264,727255
10444,7278,371791,41796,4574,331094,769533
8166,5315,212758,51445,3574,1453046,1736601
6130,4703,182910,37370,5148,1472747,1711564
4184,4352,250746,49482,7148,1374096,1692378
11833,5685,331415,81722,4000,1392778,1829841
8740,6167,114198,39555,5685,411707,589015
6666,4722,164312,36740,5556,1627844,1848563
7944,5370,216055,37704,5648,1479508,1754822
5777,4371,314928,53425,6445,1407876,1795174
9758,6630,92081,37444,5241,1492595,1646379
7925,5111,102325,42018,4981,434969,599663
9203,5945,215845,44259,5649,1376404,1659916
7518,4982,689253,42148,5278,1505029,2256709
9647,6704,361851,49685,5537,1459860,1895766
6925,4963,100763,43037,5111,1884503,2047691
4574,4352,173358,40537,5593,301509,532293
8148,5185,242046,88759,6056,1412536,1765527
7962,5519,365308,39074,5203,382910,808050
10166,6741,89757,50278,6685,1515770,1682027
7981,5333,120927,41926,4074,397570,580274
9351,6611,348503,46019,5666,445752,864717
7833,5055,329673,66593,6814,333342,752070
7610,5000,114455,39093,5074,1617460,1791304
8777,6315,105439,44222,5649,463056,636200
10018,6815,573366,39333,5445,1525065,2162228
8351,5278,271908,90944,3963,1291286,1674527
8981,5815,63190,50092,6741,1656207,1793137
8573,5593,106174,44408,6333,1753777,1927432
6648,4481,177085,44333,5593,282579,523478
9630,5851,325199,63018,4333,1625660,2036284
6611,4759,330905,37297,5129,1522158,1909063
9222,6481,91909,38760,5074,372587,526774
6444,4870,126654,77388,3963,1495411,1717119
4851,4482,216285,41556,5240,1528426,1803637
8778,5407,344362,51852,5389,1522219,1940766
4852,4315,245477,39888,5519,1970417,2272598
5425,4760,688904,45499,6852,1461009,2215116
8426,5592,198706,44944,6593,1437988,1704990
9203,5630,268060,34722,5111,375102,701125
5073,4630,781376,38111,5259,1588702,2425559
5518,5204,986581,47167,6352,416021,1468787
9055,5796,151719,72296,4111,1461901,1707934
5093,4370,267203,56407,3981,1764711,2104155
5166,4741,357891,88073,3796,296921,758792
9352,5944,84988,50666,5648,359954,518942
9259,5740,118195,39574,5555,1522370,1702749
9315,6685,227030,78833,3759,266282,593997
7647,5463,346015,41740,5778,386555,795328
8388,5815,122759,37611,5389,1927376,2110320
6166,5778,125410,45407,6778,1513246,1706304
9370,5926,177840,45777,5297,1531909,1778304
8889,5629,270176,48629,5148,1518925,1859378
8610,5815,1908708,69851,3963,1493124,3492368
6592,4796,320664,49574,6777,321722,712347
7389,4963,160296,50519,6648,369533,601923
4684,4204,267188,92666,4149,1378412,1753304
9593,7111,335172,45111,5889,1487816,1893008
5740,4426,100473,79907,5426,322321,520312
9333,6629,159736,45185,7000,363631,593459
7629,4833,210479,44759,5537,388721,664551
8500,5296,319945,55259,6333,400810,798292
9722,6241,85041,38852,5685,1703670,1851526
8518,5592,106471,46537,6592,416453,592256
8870,5926,213658,67370,4185,1422980,1724989
7055,4926,297253,56648,5722,1455477,1829211
6296,4741,67573,44500,6666,1655936,1788212
8315,5574,93650,54740,5352,1778931,1949192
5777,5074,152746,53629,5500,1402671,1628157
4426,4629,381303,68519,4314,369785,835495
9851,6371,525398,45777,6167,1286091,1882285
4500,4741,112940,47518,5500,418260,596275
4018,4518,123851,72704,3796,327924,539237
9204,6518,207502,50981,6389,1386396,1669435
10277,6130,309893,46296,5445,364602,744773
9722,6259,91823,48481,5130,1661462,1824952
8796,5648,490176,46278,6185,423429,983124
8370,5593,202885,45574,6129,1493864,1764768
9926,6592,280758,107203,4019,306664,717163
5444,4482,807462,41574,5611,1787077,2654021
5407,5148,141524,36944,5852,407658,604940
4722,4778,621766,45296,5259,351654,1035790
9703,6629,250567,37389,5315,1501830,1814007
7851,5074,326774,40259,4574,1472901,1859803
8648,5685,111426,45796,6740,1619953,1801045
8741,5314,137392,42019,5777,405550,607571
5666,4444,227543,37204,5500,1392669,1675564
7184,5074,298213,39166,4389,1521017,1877451
9130,6407,88309,45018,5130,1534144,1690694
8944,6297,104145,64018,3593,1443475,1632750
7758,5352,195056,39074,5629,1387398,1642564
6592,4723,564408,38963,5241,1834799,2458097
5537,5000,411172,59407,6592,411268,901680
9074,5611,89603,49259,6481,349765,512627
8296,5277,164495,45777,6574,1444978,1677453
8277,5389,236812,35074,5315,1450992,1743897
5352,4814,333945,81647,4056,1386230,1818563
9370,6148,135282,39296,5648,1653412,1851267
4999,4296,141026,39111,5296,1481502,1678952
8481,5741,993117,37870,5352,1431350,2485134
22889,4296,284568,39685,5371,417408,776755
8907,6371,100035,36129,5297,1968193,2127210
8833,5351,112168,36223,5481,1478822,1650379
8963,5500,176578,58944,4408,1372301,1628731
9444,6167,822393,52536,6908,1769795,2669669
7222,5222,380362,44110,5704,1661145,2105765
9370,6463,1532303,39667,9740,1268199,2868742
17833,4019,56684,55055,3426,2067673,2207543
5647,4686,369259,40204,5648,368532,796625
9333,6019,341022,54778,4074,1447633,1865137
9333,6389,122119,33537,4741,1496001,1674990
6573,4630,130030,56851,3834,1748588,1952933
5481,4833,496550,49981,5870,1488550,2053913
8536,5445,315628,39685,5370,1691323,2068487
5537,4592,107262,36092,5482,1481710,1643268
9518,6500,125875,41519,5666,1493004,1684193
7703,5167,187749,48129,4111,284526,539441
5314,4297,282307,54518,4500,1745607,2098969
8093,5351,375440,92870,4407,1349513,1837619
4870,4167,98889,37462,4537,409479,562201
9647,6112,146095,45722,4370,1510599,1724971
8388,5426,242561,111851,3500,1390281,1764249
8166,5333,340712,39333,5445,308599,710829
9685,6444,117401,37130,5240,1471219,1650657
6833,5129,117905,41499,4537,1449105,1627083
5722,4500,213684,80037,4315,1326083,1637064
8463,5240,294688,94740,3815,1394209,1803193
4926,5092,108747,37852,5500,1485706,1649916
9666,6593,574544,38759,5611,2021588,2659354
5814,4611,216031,41074,5370,1394404,1669841
8741,5555,264108,39685,5241,1652325,1977637
5592,5037,381925,37315,5518,1388657,1826452
5647,4537,110837,45278,7037,1583801,1759193
9018,6204,167951,41444,5556,1441224,1674508
8907,5685,252917,38351,4593,1395018,1707971
8666,5926,327049,44519,4537,1692253,2085710
4925,4741,150146,37148,5611,1656936,1862174
4203,4481,162297,36963,5926,1485563,1701619
9500,6000,1361553,45759,6704,1666891,3098833
5555,4852,194952,46592,5981,1536298,1796323
4999,4463,81252,50092,5555,1513332,1662434
4462,4074,111107,37907,4537,423113,587848
8592,5556,199053,42241,5666,1380678,1644305
9907,6241,271649,52870,4685,1467100,1815582
5888,4537,709224,51889,5426,1301578,2081191
7667,5185,92526,36259,4945,462711,612089
4870,4500,151196,48648,6389,1718700,1937433
6944,5092,223347,45056,5981,1745549,2034395
4666,4722,138536,36111,4981,387239,578830
9425,5889,412704,55278,5611,2052540,2543670
7852,5204,117060,65444,4037,1768558,1970507
5907,4518,378878,42166,5333,385285,824587
8833,5870,109789,41944,5704,419411,593774
22018,4315,196459,48296,5444,1666752,1945618
5555,4426,649312,36722,5500,1596379,2300024
7851,5241,421612,37796,5593,1564876,2046414
9722,6667,305004,36148,5463,1948223,2313820
7999,5315,1135893,61018,6259,1848016,3066611
9185,5963,319919,42610,6389,1649329,2035433
9110,6259,962530,40574,5796,1695769,2722187
7296,5482,229110,43685,6981,1704934,1999840
9629,6778,363353,41130,5555,1805967,2234949
7518,4944,335857,39389,4630,2191776,2586244
8629,5426,116861,40555,5667,1750683,1930469
9018,6037,179179,38278,5759,2132807,2373560
9388,5334,526754,46148,6796,1389531,1986081
9184,6019,88278,37667,5481,372089,521311
8221,5315,102522,38481,5426,476530,638903
9352,6463,203987,36130,5518,1526076,1790304
6592,4056,315157,46092,6685,362988,744033
9962,6556,56513,38852,5370,1523996,1643619
7722,5056,90331,54148,4092,364944,528849
8074,5166,147556,36130,4926,381089,585200
9648,6167,369243,40870,5611,1704096,2137839
7740,5296,342803,42425,5963,1466780,1873674
8314,5537,135585,36999,5649,375357,570089
63259,4926,121402,46611,6685,406483,651793
8333,5204,202720,47796,5463,1464011,1735638
9407,5870,293445,65833,3981,1457860,1838989
7981,5111,89171,38500,5222,387123,535423
8332,5575,110026,41462,5723,1728351,1901581
7759,5370,177770,45296,5148,1426517,1670323
7573,5315,329661,35926,5388,1518551,1904507
10907,6500,740069,59481,6723,376053,1202159
8444,5482,102964,37889,5722,407718,570663
7093,4870,170856,36945,5574,1486337,1713916
9537,6167,149341,40092,5741,446951,660459
5370,4574,322066,64870,6445,1391498,1797286
7981,5315,116940,44926,5741,1685493,1869100
7444,4944,121332,53037,5259,1523565,1718045
9611,5759,620759,44351,5556,1476950,2165098
5574,4555,302060,51000,5593,1412522,1784248
4314,4574,89139,45777,6685,1782554,1935673
9963,6296,87642,46481,5685,430096,588311
8611,5352,177959,40629,5593,1434586,1675286
5148,4685,269665,48741,5574,367256,704496
4555,4537,749222,43759,5463,411678,1221992
4296,4463,114376,50296,6130,1727853,1910729
9981,6093,185157,45056,6814,1451667,1707527
5259,5018,246846,38351,4871,1447422,1750230
6537,4796,364922,46389,5759,1487345,1917915
5259,4260,109296,38648,5074,1779174,1943785
9111,6055,150115,30593,4648,1411616,1614824
8592,5593,205025,102444,4018,1389243,1717027
7499,5222,298584,48129,6667,1722015,2090154
4963,4333,94310,48925,6482,1511940,1673249
9555,6463,119387,35537,5111,1631287,1809878
8778,5814,627518,42092,5204,1679487,2371171
8425,5519,266411,46851,5408,1458393,1793600
7259,4852,57785,39037,5593,1765259,1882192
7295,5093,136659,44778,7444,317597,521367
8500,5277,146681,50704,6277,420094,639756
7777,5278,238183,43556,5166,1425955,1728582
9092,6667,344149,45351,5278,353976,766662
6166,4926,239986,45852,6777,1339579,1646045
7074,5055,164694,40611,4963,1462870,1687638
9296,6000,215215,55611,4926,1464571,1758471
9389,5481,342236,47537,6389,331630,744792
9481,6611,84889,46314,6408,1596268,1752841
6203,4500,872777,47018,6074,1747930,2686909
5814,4833,198561,46056,6240,1365263,1629545
6185,4759,277972,84221,3797,305858,684904
8944,6389,62735,44241,5611,1514607,1645009
10296,6778,128756,38018,5760,406740,599145
8647,5630,143037,62648,4704,1498434,1725786
5074,4611,276373,45315,5833,1426987,1766527
9481,6037,317894,40759,5463,1704871,2086783
9204,5944,86732,49797,6685,1493980,1655657
68184,4722,117217,38185,4593,1662957,1899173
9481,6352,216682,37926,5593,1522362,1800471
9592,6222,287575,58796,4018,1500119,1868322
5259,5148,88615,41685,5482,1649022,1797341
9481,6259,102989,40815,4555,410934,577626
8907,6204,172881,41036,5334,1439516,1676194
8648,5463,262439,36555,5074,1421736,1741934
9277,5871,508941,43629,4759,347999,922494
6277,5370,105021,39296,5852,1500210,1665008
5092,4482,153394,39074,5462,1478060,1688027
9647,6685,228786,33370,4537,1459316,1744878
8370,5352,321937,37388,4926,1464572,1844878
9147,6445,92107,40241,4926,423667,578681
6352,4611,113981,47648,4500,405756,585163
9296,6055,202410,39741,3592,1478932,1742693
6759,5129,294746,80907,3648,311621,705014
7611,4962,233250,44333,4741,1697257,1994803
6926,4333,119568,45129,5611,1485886,1669601
9092,5722,418921,37408,4629,1421771,1899877
5259,4444,265926,41481,4519,1427731,1752045
6851,5000,312558,56407,5259,353105,741625
5314,4556,78414,43519,3740,1681242,1820100
10036,6519,158009,46907,6686,1481295,1711748
9999,5982,229660,58815,3870,1408422,1719378
8129,5352,335589,44167,5574,1491048,1891859
9352,6407,84094,38018,5370,1591804,1737712
9147,6185,126023,37111,5630,1492263,1678786
8129,5500,239321,38796,4741,1450928,1750211
8629,5630,291176,38000,5500,1439869,1791082
8185,5370,84626,47425,6556,1595550,1749805
6537,4722,101221,40222,5685,376147,536571
7852,5203,173057,45630,5278,1480247,1719564
5870,4592,268949,41870,3982,1401708,1729452
9148,7222,53916,35685,4463,555025,667367
5185,4352,88771,39296,5426,1670811,1816693
4592,4592,171663,78666,3759,1390699,1656582
8963,5777,238684,78981,3482,1420899,1759434
6962,5315,1101165,40722,5351,1481506,2643058
20851,4463,81173,47166,5704,1691743,1853156
6611,5185,114138,49426,4648,353711,536015
8629,5389,202789,39500,5296,1397831,1662842
8981,5556,353014,51055,7056,1675955,2103950
8389,5740,99593,40481,5537,1453972,1616324
8055,5259,96615,62111,3926,448289,626681
9351,6704,192061,40334,5425,1501614,1758082
7425,4870,260880,107092,3666,1352222,1738637
8444,5648,76105,37778,5648,491373,627663
9610,5482,200071,37204,5388,1590863,1850674
9666,6111,138056,51667,5296,1515193,1728619
6833,4833,237152,46407,5481,1403969,1706786
8907,5722,403506,44148,6648,344360,815791
8888,6185,223047,48444,6704,1392388,1688453
4777,4852,885436,69166,4000,309890,1280233
9610,5852,626570,54259,3630,477293,1179196
6074,5129,314260,43037,5741,1434340,1811637
8722,5499,84431,49296,6260,1923686,2080654
8740,5945,80286,38685,4444,506118,646941
5037,4444,646009,37073,5426,1715515,2415374
8759,5944,296995,35797,4222,1357087,1711434
8925,5760,349775,46185,5667,1537898,1956470
5833,4445,102058,41407,4741,353680,514312
4352,4741,920038,41204,4648,352509,1329826
9481,6445,463896,36722,4685,1412945,1936600
9055,6537,326844,45093,3481,1522941,1916711
4962,4741,88553,43296,4426,328778,477534
10463,5592,112593,60759,4203,1483009,1679064
9092,5704,232502,39352,5555,1420062,1714656
8500,5000,291061,82870,3889,1393484,1787119
6907,4351,93621,38500,5426,389191,540033
6499,4426,120087,37852,5351,386559,563200
4981,4630,187237,35185,5241,1473808,1713860
4870,4186,647775,61259,7648,1483804,2213061
9518,6500,347058,48000,6426,1406709,1826859
8000,5259,106063,42907,5666,411379,581700
9407,6500,156565,39019,5740,1424888,1644546
5703,4815,256364,36371,5314,1805012,2116061
4500,4444,366683,36388,5389,1537547,1957378
8962,5815,265797,42333,5130,1441285,1771471
9574,6499,491855,46537,6944,312733,876976
6963,5018,207008,42592,4555,1513816,1782656
8981,5518,302936,37296,5556,1460924,1823674
9648,6092,129551,38445,5481,346539,538478
6815,4814,868885,40944,5703,1464399,2394356
9611,6111,184668,37000,4481,1447915,1692545
6444,4648,275690,43462,5593,1489670,1827729
7981,5278,58916,43204,5833,1663018,1786897
8777,5926,89845,54204,3574,330615,494941
6166,4704,144311,103999,4019,334130,599440
9222,6111,228221,41833,5630,1435361,1728712
9796,5240,333965,39981,5297,1469617,1866118
9574,6388,96710,37352,5463,1670353,1827896
8204,5666,125491,37981,5204,1535333,1720546
4740,5093,235178,48278,6629,1460904,1764360
9741,5555,345848,50518,6445,390351,810440
10092,6759,83075,43703,6741,1796636,1949710
9295,5482,97411,40648,5444,1495820,1656897
5833,4426,205062,45203,6630,1395391,1665064
9536,5945,271768,46426,5315,307061,648477
8148,6055,345846,38963,5370,1436495,1843470
8500,5370,84387,50111,5648,1595288,1751749
5315,4240,150279,33685,5148,403422,604645
5055,4260,256929,35778,4759,1427949,1736860
9610,6130,326895,75315,3352,1388483,1812896
8055,5222,198122,46259,5574,1456628,1723693
9259,6592,117959,49481,4945,412408,603256
4999,4648,222239,45945,6481,1483510,1769822
7296,5148,314779,48944,6574,1427007,1812193
8833,6315,81635,40611,5740,322363,467497
8555,5463,80601,38796,5223,376210,517127
9296,5741,185548,74926,4204,1392145,1673916
8518,5333,296199,45093,5555,1447198,1810711
6907,5518,391665,45611,7000,1455102,1913785
8111,5296,97706,40926,5685,348310,508664
9425,6204,151617,37536,5723,1460632,1673730
8795,5556,225416,58333,5315,1405944,1711804
9759,6092,857101,46278,5352,1921493,2848464
19036,4297,59330,57500,3722,365482,511441
9092,6408,117407,43982,4944,1462361,1646324
7925,5186,204114,50203,4037,1440617,1714379
9777,5815,287395,48203,5778,1423262,1782767
5944,5185,80417,45259,6704,397209,542830
5518,4944,84384,51574,6204,1490366,1645286
8648,5574,184442,43518,4704,1464659,1714471
7667,5092,260760,49981,5537,264497,596330
7481,5055,153727,44870,6518,1510857,1731915
5315,4426,84415,78573,4111,344694,524053
5481,4555,156677,41297,4759,344486,559348
9944,6240,264143,38056,4370,1432180,1757637
8703,5352,333386,39129,5704,1435048,1830118
7481,5537,85705,59056,6462,1684284,1851026
9351,6000,121950,53740,4074,1515393,1712582
8388,5500,219342,38073,5408,1444871,1723582
9352,6037,299640,37981,5556,1501941,1862896
8851,6593,819992,45834,6907,1660066,2551318
8425,5778,76092,69703,4111,1518510,1685267
6203,4889,648351,36278,5037,1608153,2311263
9296,6093,254616,49185,6518,414547,742051
7184,5000,96732,39999,5556,1633480,1790433
8425,5852,85457,58185,6667,1578996,1745804
7074,5277,139182,43630,4574,400629,602404
9999,6667,999033,85611,4333,1357583,2465837
8852,5611,336132,84036,3500,1397987,1838452
9315,6407,280061,40204,5592,1861408,2205543
8259,5648,105880,42537,6648,464543,635848
9277,6796,208550,38222,4556,270503,541497
9110,6056,283978,54463,5722,1409512,1770952
5203,4889,85353,47499,5722,1578693,1729360
6184,4686,81874,39019,5944,433381,573663
4889,4703,188174,43222,5648,366471,615478
5258,4389,276547,45611,4407,2052532,2390781
8592,5333,348439,45129,4352,1462773,1877025
5407,5111,85147,38907,5074,1501418,1643472
5184,4704,143039,87906,3723,359606,606644
9722,6500,246504,41944,3741,1431023,1741601
5277,4629,329507,56519,5703,1536797,1941969
4555,4704,124252,37481,4981,405227,583922
7981,5408,151162,41278,6074,454000,668218
9778,6815,207424,92148,6426,303665,628663
9148,6463,283927,57130,5555,350995,715311
6037,4518,66265,65259,4185,1610614,1759508
8833,5500,118860,45463,6759,1479112,1666953
6000,4759,194863,44000,5482,1482182,1739434
4741,4722,276144,39907,5500,1381679,1714731
9796,6482,480257,49296,5556,1658896,2212895
4370,4444,73281,46759,6575,1679819,1817359
4425,4667,166469,43500,4055,1450540,1676842
8389,5500,233546,95036,3482,1332926,1680879
11667,5925,320086,50482,6277,1524403,1921267
5074,4370,81479,32463,5648,501795,633626
9000,5370,139945,37426,5241,378700,577904
6278,5055,206096,48704,5111,1443375,1716657
9667,5796,285080,64426,3518,335842,706570
8925,6204,80196,47629,5408,391579,542126
6296,4593,83347,57055,3555,421984,579312
9740,6648,165646,64537,3574,335202,587348
9259,6426,254982,46389,5444,1430785,1755786
5592,4740,393744,37000,4982,1645817,2095450
8204,5611,185118,38167,4833,1605797,1850915
9555,6166,136919,40944,4648,1382721,1583564
6629,4630,614771,39888,5074,377149,1050512
9518,6333,312850,48148,6814,388794,774902
4555,4759,215558,43925,5445,1819356,2095728
4740,4574,111746,48537,3907,1508448,1684341
4203,4500,202601,52889,6703,2351921,2624947
3851,4667,289900,94722,3833,1395423,1794841
9814,6741,100756,40611,5574,1512808,1678341
8944,5592,74611,51259,4297,1551397,1698323
8703,5333,167837,48073,5611,376624,614218
9073,5908,268338,62463,3833,1477947,1830211
5666,4704,75843,39537,5981,427914,561775
10000,5888,120457,38426,5556,346503,529071
9555,5981,133942,53148,5018,1482512,1692693
5333,4425,245778,47463,6500,367441,679033
9259,6000,317521,56852,3944,2086316,2482374
6907,5056,95748,41777,5111,372046,529182
9407,6667,102973,50852,5574,1451110,1629213
7036,4852,215661,46185,4593,346280,628089
9055,6018,337812,44982,6629,301833,708681
9536,5333,60002,43815,6574,1696136,1823785
7463,5000,97504,40519,5685,443344,602330
9610,6556,197192,44982,7018,1399946,1667656
7204,4907,256084,56685,5445,1510997,1843360
8944,6037,341458,58203,6259,1468643,1891618
8166,5537,80980,44944,6445,430924,579107
9370,6741,148724,50648,5574,324384,547552
7759,5333,240042,36296,4370,322455,618459
9814,6130,341192,47426,5592,1715777,2128209
6981,4833,98216,45833,6444,370282,535311
4370,4481,142367,44648,6185,1464716,1668934
9407,5908,193758,50685,6907,1442176,1711045
5147,4926,310206,41352,5518,391253,760773
7981,5722,94043,37296,5352,1507151,1660193
7666,5111,74880,39018,5278,1449907,1583991
7833,5371,178364,38814,5945,1471552,1709935
6296,4833,255534,57203,4444,1480512,1810952
5389,4852,58704,44333,5204,1577212,1698157
9407,6556,79874,52574,6537,378493,536053
7981,5500,137396,67814,4296,1477410,1703360
8573,5574,263472,45445,6240,1626591,1958303
8722,5648,326142,36870,5408,1665420,2050858
9666,6481,123628,36944,5352,361795,546645
7258,4685,119353,36167,4370,346311,520941
5592,4611,198689,52371,5407,1415208,1684768
4481,4537,355358,40000,5629,347490,760162
8499,5482,93992,35796,5519,1518923,1671045
8666,5704,112847,45796,7018,337743,520719
8944,5889,163184,44110,5426,1456474,1686397
9018,5759,251650,88333,4148,314884,676218
7425,5296,367486,44944,5555,372992,806328
4963,4259,398692,38111,5445,1969590,2423171
9221,6019,131048,40815,4241,401763,595681
9685,6685,234625,37222,5408,1461790,1757860
8518,5593,311665,51148,7111,297683,684070
7759,5518,81059,51296,6481,478531,633737
5999,5648,105173,41351,4463,1550688,1716008
9018,5556,208620,36759,4426,1501851,1768397
9333,5963,293289,35093,5389,386836,738292
9481,6500,756734,46796,6797,1458289,2287005
7592,5093,74371,47573,6945,635847,779310
8500,5351,161893,40444,5222,1437932,1661435
8944,5593,264469,36425,5574,255306,578719
6111,4518,68640,35555,5500,1526036,1648453
9148,5889,89420,46722,6797,373947,534275
5648,4926,137924,84203,4315,407628,646793
5426,4888,241964,39500,5648,401347,701440
4907,4870,340855,38093,5314,1539690,1935970
9722,6130,260969,48037,6611,1380058,1714157
5851,4593,107733,49148,5722,456282,631792
9944,6130,190884,93129,4148,366224,673145
9611,6092,308887,42351,5797,1469065,1844044
8277,5352,370408,59203,6611,1442933,1895359
5463,4444,95301,40722,4741,1471634,1625046
8370,5629,176619,39704,5278,1491704,1729897
7833,5018,267511,44407,5111,363023,695218
8592,5574,1682988,44685,6871,362573,2114932
5536,4593,125129,51111,5518,1643879,1837896
8684,5537,147244,39018,5648,459290,668144
5129,4666,522782,39333,5870,1391300,1971173
9647,6648,325138,37611,5537,1524999,1912303
6296,4648,84882,40667,6018,394226,538848
7518,5074,141052,45537,7000,396333,605626
5666,4241,214740,42074,4500,1438620,1712212
10166,6296,311039,38648,5611,1769893,2144320
8926,5648,80118,47944,6889,487453,639293
8740,5834,98565,37648,5722,378747,538034
8796,5574,175772,36481,4408,1541625,1775193
5499,4371,269293,38296,4352,371999,695921
10629,6667,335889,53425,5685,1447712,1862285
4907,4685,113911,43315,5722,1700318,1875544
8852,5389,131285,50833,4129,1444854,1648768
6481,4518,224140,67981,3555,1535443,1844507
8314,5463,841455,50611,5666,429557,1343214
7814,5593,79369,64129,3685,1440492,1603250
5573,4482,148427,45055,6834,1468914,1681249
5611,4518,217486,45167,4462,1515893,1795082
5240,4648,299748,38111,5593,422766,778217
9499,6500,93289,37426,5204,481874,636737
7499,4797,91162,43574,5500,1710141,1865285
5666,4741,203646,38352,5407,1396659,1656842
9425,6093,386871,56222,3907,1623746,2088339
8055,5407,340283,39851,3537,1500651,1899914
5611,5222,654469,56148,4093,1657017,2384634
9555,6722,129753,58129,3611,318559,528978
8944,5907,371477,57889,6704,1701399,2154617
8703,5871,1088439,65129,3871,1522971,2697502
6055,4889,76948,44703,5111,424290,564163
24111,4518,906206,35111,4611,1444058,2420615
8092,5315,604599,95259,4019,1392128,2112080
8555,6166,749732,46611,5593,428872,1248751
9407,6259,92294,37778,5444,1493808,1647416
54314,4370,244148,47370,6223,1568748,1927229
9721,6463,936204,40907,4704,1426800,2427596
6351,4482,717541,44129,5445,1596519,2377227
8888,5482,1965112,69074,4648,405169,2460800
9758,6519,606770,43778,5537,1662660,2337171
8833,5648,284905,56796,6500,1670750,2035469
9555,6556,622758,47833,6426,438198,1134179
6278,4555,829742,46000,6926,1459614,2355449
7795,6297,254563,47499,6371,1797980,2123246
9129,5666,485343,40852,5648,1795829,2345115
4907,4426,197532,91185,3963,1367625,1672379
8759,5778,277257,45537,5704,1737489,2082784
4870,4500,73243,44482,6796,406735,543089
10074,6556,120635,40833,5537,353251,539516
6314,4593,203342,45573,6815,411154,680551
8610,5482,250993,49685,4889,1392071,1714026
8425,5648,338570,41778,5222,1492012,1894248
8389,5481,91315,39796,5611,386034,538812
9240,6056,143948,39277,5352,1496098,1702675
6111,4982,258784,38110,9593,1461113,1780934
8870,5352,344546,37111,5370,428690,832421
9704,6666,87495,37611,5445,1509921,1659509
5555,4555,140517,45666,6833,382759,588329
9203,5833,188335,58018,4185,1506859,1774748
5944,5037,318485,56444,3481,1672688,2064395
5759,4611,71526,43778,5074,372341,505682
5666,4611,84807,39630,4852,507837,650514
4555,4333,162774,47277,6723,1517920,1745878
8500,5740,265536,42944,5759,1421140,1751619
4666,5759,343539,37074,5111,1393951,1792526
3870,4537,600336,58111,6667,412935,1089160
9721,6297,130638,74481,4093,1488037,1716360
9388,5519,216715,43018,5037,1435034,1717304
5389,4740,318015,63907,6166,1429846,1830619
9074,5741,200111,43592,6463,1499323,1766953
8222,5407,118467,55981,3556,1426820,1620694
9500,6000,202561,41537,5704,1463317,1730693
5370,4796,317232,40203,5630,1615090,1990377
9462,6482,259735,46333,6611,1439477,1771026
8629,5370,76795,47092,5333,449610,595366
6259,4722,163501,54129,5889,1387379,1624305
7981,5630,266096,45537,7704,1419338,1755601
5926,4463,65933,42463,5834,1513463,1641546
9795,6574,77641,56463,6481,432060,591496
8851,5111,130903,47037,5371,406167,605811
9870,5815,229035,43204,4648,244647,539626
8296,5037,793999,38296,5426,396716,1249808
7463,5222,88506,41277,5648,1594985,1745712
10000,6370,549210,36074,4389,336007,944809
5518,4648,192753,46407,5574,391262,648922
9295,5667,277089,40999,5019,366963,707829
8852,5685,79186,48407,6648,1640434,1791768
7777,5445,86836,70204,3926,1512320,1690045
7296,5055,163081,57222,3778,1456076,1694582
9962,6093,246602,64814,3889,1447555,1781304
8369,5056,569233,52389,3426,403742,1044827
5685,4685,81980,34722,4685,1470974,1605305
9814,6092,129816,38630,4555,1504952,1696193
5221,4926,221189,51019,6814,1487782,1779026
6093,4629,324655,38074,4852,408952,789940
4833,4611,78789,37907,4592,1660071,1793156
8018,5741,106199,57018,6019,414205,599552
5204,4444,208184,42425,4463,1466084,1733712
4444,4037,310427,65333,6519,304625,697848
5926,4574,123339,33407,5389,1691095,1865748
9184,6130,107416,41148,4426,369747,540589
9333,6241,173104,37204,4370,389466,621867
5870,4556,251311,40148,6074,1431512,1741583
9814,6834,796033,34648,4704,384663,1238955
9166,6482,633797,40037,5740,1620801,2318931
4796,4500,147673,38611,5944,319491,523219
6407,5056,219601,59241,4259,362617,659311
9610,6223,342456,43518,6426,1497996,1908785
8425,5500,111609,45352,5685,1522492,1702489
9296,6852,122538,41796,5630,391533,580423
7296,5111,192263,39019,4388,1462672,1713194
6351,4630,323821,60018,5389,353804,756162
4667,4685,106159,39388,5686,1801551,1964303
9426,6741,101754,45334,5685,1538050,1709620
7703,5075,643662,41408,5500,1754674,2460263
8721,5686,275075,40889,5333,302310,640181
12259,5796,333449,61703,5426,1403596,1824748
7222,5000,118008,39741,5778,330822,509330
5444,4555,147216,36722,4462,1419776,1621694
8907,5740,217478,78352,4370,1338717,1655675
8370,5666,806534,40703,5556,371719,1240900
5185,4963,90188,36519,5333,1659560,1804341
6166,4945,99840,50907,5703,1477818,1647527
9444,5926,206509,39722,5704,366950,636663
9314,6500,287383,82740,4889,305503,698385
5758,4445,87831,37537,5666,1494141,1637434
7962,5537,111205,43703,6723,1437637,1614916
9593,6314,193837,38519,5315,1430541,1686138
8018,5111,260303,36185,4889,393082,710755
5500,4944,371065,41481,5778,1435535,1866804
4537,4611,80736,41852,4537,1813345,1952062
8481,5389,149110,36648,5333,365906,573330
5351,4685,232150,35518,5185,364199,649125
4018,5019,519429,43777,6574,354270,935439
9721,6741,80083,33703,4352,1545185,1682434
5740,4426,99031,36759,5111,417466,570682
8611,5555,1454323,44537,5037,1707584,3228073
5462,6834,129185,38499,5445,315386,502849
5018,4389,90836,34537,5074,1647449,1789378
4907,4370,843577,37056,4888,371416,1268715
10147,6426,164528,36315,5148,420543,645792
7852,5185,246994,62036,4167,1404533,1733545
8389,5407,766976,39185,4852,1526307,2353523
9389,5907,96408,37759,5278,1502379,1659638
7369,4908,128430,39907,4093,1476597,1663619
8333,5352,214970,63203,3741,1438705,1736360
9537,6074,315602,47777,6297,1420720,1808100
6981,4481,251014,41999,6408,1665197,1978470
8925,5611,218702,42518,5926,1586380,1870711
5944,4426,232723,29833,4852,1458137,1738693
8500,5351,280449,43278,4666,1465708,1810526
9055,5871,208378,43759,5259,1445779,1720342
9055,6074,344511,43629,5796,1807403,2218709
4944,4315,173422,82185,4018,302779,574182
9036,6000,243129,35314,4908,1480546,1781359
7574,5129,353002,75981,3389,338216,785532
5573,4593,111543,27759,4463,1541373,1698045
7407,5185,125491,47407,5148,427932,621070
9759,6648,248605,37296,4389,1440718,1750027
10444,5555,343608,41611,6518,381777,792902
9741,6555,91871,35667,4833,1746747,1897952
6129,4778,98245,63148,3222,402826,580459
8666,5685,184266,51074,4222,1435020,1690804
6444,4870,292547,42407,5000,1401017,1754693
9629,5778,78347,33186,4351,386613,520349
8555,5241,84110,35962,5482,440683,582534
9518,6092,160872,50648,5593,322588,557571
5388,4352,283430,37166,4926,1790076,2127524
9388,5982,330599,73759,4352,1463630,1890340
9000,5537,101715,54315,3389,346004,522701
8833,6314,123478,104259,3537,1431031,1680916
8833,5519,636478,36926,5389,1715803,2411541
6185,5333,306724,43889,5203,1455655,1825748
8129,5426,74524,46111,6463,1804094,1947155
9925,6556,105398,36667,4203,1564555,1729378
9352,5722,195975,48685,4981,1482589,1749305
5944,4426,274052,36963,4833,1510289,1838897
9425,6537,359815,54055,5278,1443989,1881803
9388,5130,65819,74370,3814,1463617,1624897
8981,5519,191692,42481,6056,1432465,1689824
7889,5296,243047,33981,4963,1463147,1761693
9148,6352,45125,38870,4352,1677809,1783823
7167,4870,87276,37667,5648,1548140,1692583
8111,5389,548629,34315,5166,1472692,2076432
5796,5241,214060,37018,4981,1492560,1762156
8407,5648,340507,34722,3963,1532167,1927840
8981,5500,84271,61629,3963,1722200,1888600
9222,5537,93663,61259,3833,1517698,1693638
6463,4592,203759,39981,5203,1435325,1698231
6092,4500,314927,36260,4981,1741597,2110506
7981,5500,74766,44129,6445,1583465,1724305
8981,6000,73695,38166,4259,1762498,1896285
6685,5408,192345,35481,5185,1399516,1647046
8888,5648,240904,36907,4926,1462253,1761896
9703,6593,370684,28444,4704,1484601,1907044
8166,5649,86707,37148,5093,525751,670367
8926,5814,163322,41592,6389,340657,568904
9166,6166,228455,56536,3389,1496906,1802711
5778,4740,313217,46536,5630,1499939,1877952
8167,5314,75406,53907,3759,490776,639700
11555,5722,89317,35259,3981,1484230,1632601
7333,5074,183986,78185,3556,1484800,1766360
8758,5648,269989,40685,5111,1480131,1812452
5759,5111,65530,43463,5185,377023,504775
5629,4574,90885,64296,5963,379205,553015
9222,6074,165480,83740,3630,1369677,1640379
7796,5371,290316,45796,5556,1398988,1756694
5518,4352,406727,36037,5185,455231,915532
8796,5685,98917,38277,5074,351044,509904
5000,4333,127716,48963,5092,1479941,1673342
6537,4963,215274,79259,3556,1399049,1710935
10203,5537,298574,68203,3148,1431305,1820230
9221,6315,228188,34667,4074,1480746,1766174
7463,5055,106896,40611,5278,1676797,1844693
5222,4500,199657,34685,4167,1400647,1651157
9073,5852,721622,45314,4982,383131,1172326
5963,5056,72072,44500,6148,1774361,1910174
9703,5889,85094,41945,6055,368848,519608
6814,4704,194356,87407,3722,297863,597274
8185,5000,280155,42278,6166,1866573,2210709
8166,5426,342973,30907,4833,1763181,2158116
6537,4074,73533,47703,6019,1646438,1786767
8389,5481,120221,37111,4723,385497,563904
5222,4648,214705,63537,3630,1462654,1756841
10056,6222,324523,45518,6056,1461595,1856730
6295,4482,250804,41982,5537,1465463,1777174
5648,4815,111197,40315,5629,1515052,1685045
4333,4537,224219,38648,5537,356389,635645
9444,6093,264277,35463,5148,1569730,1892267
4518,4889,77004,36703,4760,1581375,1712101
4241,4555,85896,42352,5555,483342,628571
7740,5389,186232,29315,4870,400931,636922
4981,4166,244439,55259,3611,408594,723810
5722,4333,649662,45592,5760,1547491,2260949
7925,5630,116149,37056,5351,347478,521682
9425,6426,153393,43260,6537,377085,598441
9536,6352,219267,40703,5278,1690407,1973673
6185,4611,324084,34556,5444,397523,774662
9055,6352,79644,34815,5500,1690734,1828138
8351,5482,90128,54833,4093,408794,574163
9389,6092,178169,51666,4056,1656283,1907748
9536,6223,265875,38333,4630,1507188,1834396
6777,4815,61065,37648,4722,1578481,1695990
6944,5018,105846,84147,3686,360633,568904
8129,5223,165904,39351,5500,352482,578830
9204,6018,275407,35963,5092,1536712,1870748
5444,4222,608353,35036,5649,381567,1042623
5518,4611,118414,43222,6371,1651816,1832712
4962,4482,169787,41407,5296,1424481,1652805
4185,4426,691899,34926,5018,424946,1167456
9092,6222,343238,42629,6537,318333,728310
9814,6574,79909,49814,4982,1713339,1866766
7277,4907,107838,39574,5148,1533153,1700341
6685,4333,708616,82815,3574,328581,1137031
7592,5370,269677,48444,5167,323727,662588
5203,5185,67125,46241,6407,1663920,1797285
9333,5796,95258,35815,5148,391813,545867
8000,5018,164150,37296,5037,406643,628515
9240,6352,268227,47889,6463,480898,820977
5499,4371,380118,33185,4352,1456056,1886377
8203,5611,116846,43536,5278,1626459,1808730
8888,5648,122237,108056,3999,308242,559811
9129,5870,239870,29722,4426,298127,589700
8851,5334,301928,46759,6185,1484265,1856730
8851,5334,80266,33759,4370,446490,581163
6148,5092,103103,40036,4908,1518277,1680064
8722,5463,186309,39796,4296,1470385,1717268
5889,4648,324200,40093,5222,1646695,2028766
5555,4593,95964,38296,5203,1450583,1602879
8870,5574,140393,64018,4741,1716614,1942285
9610,6500,256211,41907,4315,1522649,1843544
5333,5296,259344,44722,5278,1365813,1688342
4240,4352,664437,49500,6111,1656271,2386948
7740,5260,74573,38462,5167,1679694,1813637
4796,5055,130187,37630,4592,394162,578792
4314,4260,252949,29222,4222,1694965,1993210
7815,5907,347637,39426,5741,1693906,2102506
4814,4815,260456,29240,4241,1506571,1812933
6425,5074,99867,44315,4555,405852,568792
9814,6593,189425,40500,4593,1374398,1628027
6722,4407,270225,89258,3445,398086,774606
7740,5760,852169,42926,5777,336824,1253993
8833,5463,87046,39945,4611,372543,520793
9518,6167,161938,39778,4500,370651,594997
9203,6907,232775,70592,4556,1546140,1872303
4870,4944,332963,38037,4074,1418212,1805582
6647,4760,78226,82463,3537,389752,568126
9814,6445,117489,30999,3834,393026,564182
8796,5667,207788,55518,3500,1543683,1827063
7592,4944,298495,41425,6260,327575,688699
7351,5352,110369,38296,5500,325499,494386
9759,6759,119891,34407,5018,1516822,1694842
6518,4648,183042,41907,4778,1728039,1971599
8166,5241,269118,36260,4833,1481963,1808174
9759,5722,56586,37240,4371,1810440,1926711
9740,6482,88996,32741,5148,1684233,1830007
7425,4815,150833,42315,3722,332849,544089
9314,6148,705723,31740,4630,331679,1091808
8147,5297,327357,36444,4056,1494909,1878377
9481,6315,241120,42241,5833,1488666,1796156
6333,4888,119735,33871,4611,1496070,1668082
9074,5704,208108,111666,3592,1335735,1675935
9241,5592,316185,41759,5704,411866,792866
8796,5519,115300,37889,5407,1784799,1960266
9092,5445,363339,41333,5667,1955258,2382523
8148,5777,176455,39259,4611,1538128,1775100
10093,5518,281087,43481,5056,1401551,1748916
6833,4296,68221,43296,4963,1637954,1767897
8574,5463,93817,39203,5815,492420,647700
8536,5889,183949,38908,5722,1429059,1674805
7166,4963,278823,39685,4926,323340,661293
10036,5482,329084,33852,4666,1703922,2089080
9296,6611,70515,37241,4815,1504605,1635417
8407,5667,119500,41110,3704,406794,587923
6759,4889,226058,31722,4759,1436988,1713138
8593,5462,297432,68796,3185,403509,790181
9851,6019,103398,39556,5740,338488,505608
6722,4685,91754,71370,3315,407076,587293
9277,6185,189997,28944,4074,285723,526885
8462,5149,267277,44222,4352,377552,709348
7000,4778,476946,29500,4315,1605208,2130414
5629,4463,84229,41315,5796,1502724,1646842
8407,5389,144955,48055,4204,289357,502793
8777,5389,259087,43185,5556,1496513,1820489
10092,7834,319127,37333,4963,435553,817662
5296,4445,79538,36852,4482,1577247,1710583
8592,5759,115894,38037,5130,1510022,1687138
9981,6240,220619,71629,3315,1772110,2086394
9315,6481,335103,64629,3297,1501293,1922785
6537,4981,187996,41722,5870,1429921,1679694
7630,5203,87722,37518,4352,1522435,1667176
8944,5518,182169,38333,4963,377346,619551
9463,6741,327134,39685,4982,1639798,2030136
7407,5056,80602,33999,4278,1578888,1712971
8111,5370,79198,41444,4686,1796290,1937600
9425,5593,918290,36833,3852,1486103,2462263
9259,5907,235537,65296,4296,331756,654792
6388,4778,341947,60278,3666,404178,823940
9870,6703,176248,29407,4556,1765648,1994951
8555,5370,156084,38741,4815,1415980,1631879
6722,4704,206328,55296,3296,1550791,1829767
9203,5870,332905,40111,5944,1448103,1844674
5258,4797,74187,35092,4222,479532,605477
10685,6889,84338,35611,4444,1820799,1965414
8036,5315,174378,35333,4741,1504482,1734748
9203,5870,279992,42222,6000,1463498,1808822
8740,6074,833400,37870,4537,1672418,2566466
5166,5111,83870,29519,4259,1805581,1935637
9073,5667,156391,85574,3574,350698,613496
9648,6481,1047853,41037,5685,1463762,2576577
6796,4907,326286,36204,4481,486172,867217
9944,6889,73253,42741,4555,1826272,1966359
8000,5259,116997,37000,4018,1460846,1635009
7778,5203,207556,44815,5000,1466230,1739268
8203,5482,340632,36185,4555,1415413,1812730
8444,5574,76507,36685,4722,373324,507237
9241,5481,85640,34630,4814,1797053,1939526
8648,5444,207106,28481,4019,1423681,1679990
6147,4741,1040660,37537,5519,1916988,3014111
23795,4723,296259,29093,4704,438050,798976
9370,6685,1401314,41759,5926,1809204,3276833
21944,4444,854783,39240,5760,1538869,2467059
8796,6037,63307,29130,4796,1784385,1898507
8981,5352,108181,39593,5648,1750956,1921396
8611,5500,609867,37425,4500,1725045,2393430
6147,4963,519630,29630,4185,1806523,2373634
7759,5370,66580,45259,4852,1727113,1859045
7778,5148,296600,45871,4296,1563166,1924822
7833,5481,239493,35482,4518,1983068,2279097
8462,5834,68256,49259,4741,2060379,2200005
9518,6704,488869,46277,5685,1640952,2200135
9648,6593,149670,33796,4629,1989243,2195598
8555,5204,1094409,40037,5463,1747129,2903538
4944,4481,873507,38666,5482,1811403,2740761
22630,4611,47032,43296,7574,2154566,2282542
8870,6333,493274,44741,5722,2080118,2641651
9556,6000,708665,51074,5055,2569685,3352147
7999,5371,142838,55648,5870,332140,551996
9721,6649,144952,41574,6000,385248,596885
10518,6407,198733,91481,3797,1411053,1724452
5444,4741,294995,47629,4519,350260,710070
7278,5444,267869,46093,6148,1898877,2234487
8111,5555,107151,38889,4555,1517636,1684045
8999,5667,190561,36481,4186,1414243,1662193
9703,5815,515767,41073,5204,1964533,2544466
5907,4445,759583,34815,5130,1543884,2355857
9055,5630,69535,44833,5500,1762861,1899989
7963,5759,161019,40092,5260,1508563,1731064
4944,4629,254948,36056,4092,353549,661403
7722,5037,340155,36222,4018,1446687,1842489
5277,4445,79529,47981,4482,1691052,1835970
9833,6722,129755,74370,3852,386816,614071
5851,4389,243628,37370,5259,1534251,1833118
5888,5037,307576,38907,5518,395273,760514
8814,5834,82468,44130,5092,382973,531978
8370,5333,86435,64278,3833,440377,611163
5240,4111,199290,37944,5611,1481552,1736453
7833,5185,264996,37926,3815,401185,723385
10000,6629,54668,42425,5149,1801599,1922748
8074,5815,84022,35907,4815,470863,612182
8037,5315,159617,82222,3648,1675223,1936840
8296,5518,270361,36796,5130,1414832,1744026
7703,5296,327235,47222,4852,401316,796476
10388,6944,246331,33371,4074,1422788,1726452
8166,5370,112761,31389,4148,1478100,1642601
8425,5445,202578,44407,5945,1474559,1743860
6462,4352,691265,42018,6037,1647684,2400133
7407,5000,224325,42574,4445,1544793,1830822
5277,4593,88440,69722,3815,1464902,1639305
6166,5223,200591,37704,5592,1484880,1743471
6481,4166,281021,43055,5111,1486413,1828655
9593,5648,60210,43740,6278,406472,533701
8129,4982,87139,42093,5963,347339,497794
8907,5852,143587,35018,4871,1476884,1677101
9259,5852,698347,53296,6000,402183,1177030
6740,4723,340481,40055,5352,1426527,1825934
8296,5389,64745,42815,6092,1678337,1808452
5148,4370,156545,42314,5408,1460797,1677175
6759,4815,220733,36870,5092,1386591,1663527
10647,5778,303754,34704,5351,1461958,1825285
9314,6426,218980,40759,5148,1880786,2163968
8036,5297,99076,34870,5000,1523099,1678101
8074,5148,208209,37148,5166,1486744,1752749
9444,6018,258971,34834,5000,1670850,1987803
7037,5278,392344,36166,5223,1468348,1916767
9019,5666,103460,43148,6556,380370,549905
8185,5519,158370,41241,5537,1790117,2011007
8388,5611,245781,35241,5129,361660,664515
7277,4722,38637,45500,6018,384324,489423
8500,5740,72585,35963,4759,516078,646404
8944,5796,113218,42703,5093,1464365,1642453
8777,5759,141684,37351,5241,381665,582459
9832,6223,311537,85426,3129,393347,811495
9315,6537,207319,40278,5314,1474652,1746342
6518,4611,109638,34148,4833,436378,598904
9036,5889,184604,55574,3481,1406165,1667231
6018,4629,286977,39315,5333,1358902,1703545
6481,4667,206406,34945,5018,1523176,1783434
5185,4815,87743,35241,4981,395605,535941
4740,4722,163117,35315,4056,1485706,1699767
9629,6352,229491,73018,4981,1370685,1697268
4852,4315,340308,36425,5167,1482607,1875693
8777,5352,87109,43352,4037,1735491,1886137
9185,6333,126334,37722,4000,425366,611181
8388,5574,216337,38945,5018,1493560,1770934
7407,4963,1064725,51444,5389,1471815,2608429
5111,4704,108807,40741,5333,1801200,1967989
8999,5667,119181,42500,6629,414186,599478
9648,6407,174758,39666,5260,1511176,1749341
5110,4889,277372,35666,5130,456179,786402
8277,5315,406504,35537,5278,1510521,1973933
5740,4685,828246,45815,5889,1489054,2381504
7611,5444,178216,35963,4185,1407330,1640842
7944,5222,245589,36704,5018,1507197,1809915
11407,5834,365017,44278,6185,1453879,1888600
9518,5649,72374,45092,6204,1588764,1730064
5815,4574,114118,38425,4315,1468484,1638194
8222,5130,223695,37685,4925,1434629,1716342
5222,4222,296513,61944,5407,363965,739755
9833,6815,68535,56167,6000,1724787,1874230
8852,6352,210871,52185,4908,1747727,2033433
5147,4408,221152,41185,6074,1430949,1711360
6962,5019,305878,45592,5185,418803,789717
9722,6240,348289,63370,4092,1497312,1931525
6463,4815,71089,41481,4667,1722881,1853730
8814,5537,140778,34907,4574,391608,588274
9056,5518,779537,50703,5926,1419395,2273042
5259,4740,329505,37371,4611,1410003,1794100
8741,5315,62954,54814,3223,446153,583886
4648,4759,120865,39370,5482,1537588,1715416
8666,5352,214886,37888,5000,1680621,1954951
9314,6297,285796,35944,5000,355330,699644
9518,6278,69430,55371,3703,370845,517201
6278,4629,85916,47925,7037,409138,563053
7167,4851,214233,41037,6222,1408165,1683935
5870,4852,265032,78555,4092,1637031,1997784
8093,5333,61944,45907,4685,388924,516997
9370,6648,71928,49056,6185,1671301,1817007
6648,4426,158709,49351,3760,1467114,1692027
8684,5686,243637,84037,3241,1383889,1731526
9740,7908,355659,42333,5426,1353719,1777211
4963,4630,100515,43315,6204,1587474,1749416
8703,6241,115185,35593,4962,443830,617700
10018,6296,192707,36389,5018,1683208,1936266
6093,4888,303284,45796,6445,1676167,2045303
4758,4315,63418,54185,5111,1681757,1816137
7833,5093,83884,43370,5055,463631,611756
4852,4463,175924,40444,4704,1594232,1827563
4370,4685,283094,29833,4445,1502710,1831637
9499,6797,46579,46667,6055,1742780,1860600
9499,5556,101286,35481,4741,403488,561737
5148,5000,145345,41629,4074,307319,511016
10259,6056,228088,35296,4889,1480864,1768231
6629,4797,338258,37222,5351,1512380,1907007
5407,4297,78966,36481,5296,1699542,1832527
9444,5796,125043,44278,6093,1485187,1678305
8611,5389,199361,36629,5056,1513295,1770656
5277,4778,308493,38889,5074,1679995,2045117
5129,4556,71313,37296,4852,509609,635441
5925,4982,97186,59722,3926,1490637,1664508
9074,5722,170022,90815,3463,1359153,1640453
9111,5777,271729,38000,5241,1510223,1842563
5314,4944,66937,35760,4648,1653367,1773119
5592,4482,108199,28926,4296,1747716,1901878
6259,4462,159240,85277,3500,333480,594700
5166,4370,245298,39167,5240,397476,698810
5129,4630,330356,43241,4870,1555206,1945414
8388,5389,73658,35148,4759,483395,613311
8148,5296,132179,42518,5093,1446459,1642694
4777,4685,217441,35611,5000,391000,661385
9055,5593,822775,34777,5371,364884,1244956
5352,4611,250873,47352,6259,1452765,1769879
8259,5352,92729,39889,4148,407027,559793
4667,4129,177140,57518,4019,344894,594423
9000,5926,290457,42407,5019,389279,744255
9870,6740,369201,33222,4797,1464176,1890470
5370,4704,102668,29315,4611,441384,590811
9222,6333,162227,37685,4389,1521448,1743916
8444,5370,228416,51018,5537,1558315,1859470
6759,5611,752156,52167,3722,393707,1216104
8666,5629,72090,40407,5463,349538,484145
5073,4315,117370,54722,5741,408645,598348
8277,5463,236021,40408,5814,1459765,1757823
8722,6296,298413,98815,3333,312750,731329
5573,4815,81806,39352,5426,1502092,1642194
8610,5778,114735,40648,5574,386651,564811
6185,4685,561792,55704,5092,1488344,2124636
4741,4166,298297,35500,4740,1456952,1806638
9389,6111,374632,33315,3222,1507041,1935877
10073,6778,84786,33592,4352,1642611,1785026
6278,4426,172510,38019,4074,1493701,1721249
7833,5204,231513,35778,4444,1719216,2006321
8666,5797,336127,51259,6000,1422121,1831989
9407,6611,63151,48888,4834,365457,500960
6111,4926,128079,41611,6222,1501689,1692064
10648,5944,195305,55222,4834,1420778,1694805
8037,5148,327233,42167,5555,1508497,1899044
9407,6722,235330,43148,5981,1705918,2009173
9259,5481,101390,43166,4148,411552,577367
6536,4834,172281,45129,4000,1430709,1665564
7240,5741,258914,56796,3704,1468372,1802823
9222,6222,41122,42389,5241,1579442,1685824
9278,6055,107477,36185,4407,435779,601330
7555,5334,152257,82426,3240,330240,583682
5740,4834,244205,92018,3352,1621691,1974488
7962,5056,330597,39962,5056,1491503,1882822
5166,4297,74694,35481,5167,406432,533738
52389,4463,64697,34555,5111,479096,642626
8926,5963,197107,42315,4907,1514975,1776156
9074,5833,299444,35944,4852,1487712,1845545
6148,4981,71152,59277,4000,1712079,1859730
8926,5611,78081,34333,3722,471194,604108
7870,5371,170472,50092,4093,1465610,1705546
8259,5315,271105,37240,5093,389539,718681
9648,6166,605533,38407,4945,1408399,2076432
7796,5000,89187,42722,6518,356478,510534
9610,5685,177856,43278,5426,1398190,1642619
6981,4833,244081,37074,4908,1417371,1717619
8666,5482,355065,35167,4203,1765570,2176857
5981,4815,63811,52648,5222,417816,552793
4555,4148,149832,36185,4130,484275,684959
6796,4444,211336,36759,4907,1513469,1779952
8703,5556,283153,52777,7149,1491669,1851082
9592,6018,69806,41444,6463,397803,533589
6500,4796,96420,61314,3871,1467681,1643305
8684,5426,167442,39851,5482,1484548,1714286
8889,5592,491221,35648,5315,1767488,2316690
8407,5352,543076,39203,5093,463084,1067012
8333,5351,93378,39722,3759,403268,556700
9352,5963,538360,43833,4667,407467,1012457
8481,5777,226366,45499,6000,1462440,1757341
7888,6037,316683,63685,3518,1439270,1839692
8444,5315,65835,57185,3778,378495,521367
9037,6240,110395,40333,5537,407862,582052
6295,4537,213860,39389,5852,1458926,1730674
7647,5148,293160,54703,3907,401170,768495
6110,4445,75756,65610,4723,1582548,1741989
4389,4148,64759,48315,5629,1881951,2011821
8592,5481,183077,86055,3963,1608987,1898562
9778,6351,275117,37796,6130,1491632,1829323
8852,5463,359619,41852,5852,1411999,1836026
8555,5722,63236,47870,4926,1499774,1632953
8481,5315,143405,45166,5815,1418178,1628860
5777,4537,233760,57426,5593,1500081,1809693
9851,6593,326689,37648,5222,1481041,1869526
7444,5204,82082,81685,4759,337286,521034
9314,6315,530472,41889,6203,359245,955846
8851,6148,231422,41907,4185,1533457,1828026
9685,6259,1476011,34129,5315,1801192,3334998
10203,6611,111263,72129,5444,1567432,1775786
7703,5148,114858,43018,6130,1481632,1661508
8666,4871,182749,41019,5666,405136,650830
8185,5574,282012,47851,6204,1483181,1835545
9073,5704,42516,37833,5482,1489641,1592786
7703,5259,65946,55166,5278,1881302,2022877
5166,4759,141485,43982,4074,1529745,1732378
9703,5703,225692,35463,3722,1423187,1706934
4351,4611,321232,81407,3852,1695386,2112895
9963,6167,91032,37630,4740,1575976,1728249
5203,4704,126498,37018,5389,1515714,1697027
8240,5333,243631,35370,5093,1505840,1806285
4369,4463,290320,40481,3963,425250,771273
9703,6574,73212,38741,5074,416248,552293
8666,5796,74827,75722,3667,386152,557552
8369,5167,206089,38185,5315,1444845,1710730
8295,5667,267962,47926,6407,1485527,1824340
5759,4500,74225,39111,5648,1498154,1629527
6148,4518,67563,44259,6000,454286,585052
9147,6019,142417,100185,3944,329913,593737
9814,6815,228938,39148,4185,428410,719199
7407,4092,337405,34463,5481,1762176,2153302
9407,6222,984497,33685,5166,1525025,2566040
7389,5444,122005,34629,4074,466214,641867
7130,4907,198267,67888,3593,1499630,1783897
5704,4277,313436,37741,5407,378505,747088
6555,4759,179885,45018,5259,1526365,1770341
6018,4963,77574,43018,4945,459330,597960
4277,4241,185650,45278,6203,1440785,1689601
9130,6388,352468,44389,5852,1504206,1924526
5055,4630,1354336,41222,5111,1319888,2732687
22518,4592,52458,36573,5352,1669218,1793174
8685,6500,1049270,34834,5259,1640732,2748169
17241,3907,216445,55925,3945,1528804,1828415
9777,5611,415947,40981,4648,1650893,2129839
9425,6482,86359,41278,6185,1523631,1676156
8314,5407,113492,46796,4760,1599627,1780878
8073,4963,219588,42962,4241,330354,612996
5332,4426,308702,37518,5019,1498361,1862951
9166,5630,64428,36240,5019,1693876,1816452
4888,5019,80968,45778,6092,449677,594552
7926,5018,183453,39796,5333,1383649,1627176
9666,6333,272030,36870,5129,477226,809421
9426,6722,340477,41778,3981,1402716,1807545
7777,5371,79018,33852,4056,454089,586774
8370,5593,543723,37148,5130,412826,1015568
8889,6129,221821,40796,5204,1715038,2000470
8537,5629,354620,35963,4667,1492202,1904100
9000,6518,96995,29056,4537,1771568,1920674
6314,4667,111090,65093,3703,419221,612644
8462,5223,232945,35018,5204,296940,585922
9777,5907,310652,35704,5129,420992,790143
8703,5685,98842,66277,4481,1569112,1755082
9647,6167,340232,43796,6500,1514164,1922933
5500,4444,176385,49425,5982,355816,599997
10148,6370,312035,41426,5815,360553,738681
9499,6500,1201887,40814,5204,1649004,2915001
6388,4963,89414,42573,5056,417880,568385
8462,5723,518859,43037,5222,1572739,2156098
8648,6426,221382,39685,3352,1392534,1675750
7018,4926,313811,47963,5278,385777,767236
6018,5945,66186,48333,5203,422145,556645
4944,4556,124504,41037,5148,1522153,1704379
4296,4593,239210,39481,5056,1447020,1742619
4129,4389,302973,43185,7203,451616,815940
10889,6537,114810,42111,6037,349742,532164
9481,6000,97573,40833,5352,385183,546941
8481,5333,174224,34833,5056,497864,728662
4981,4685,256338,44074,5444,1531189,1849267
7056,5166,205990,62203,4148,1800832,2087525
7907,5334,228215,44629,4963,444985,738441
9463,6166,173034,43407,4944,1407013,1646601
6185,5092,226944,36370,4908,1500879,1782693
11518,5611,311447,46574,7259,1506505,1891082
9203,6612,88117,54908,3777,347732,512886
6000,5278,114454,40611,3870,1506814,1679731
4537,4685,205272,89722,3981,329114,639663
9667,6759,317349,33611,4370,1659695,2033785
8444,5241,77187,43425,6148,1703655,1846711
5092,4685,77931,47611,4741,539306,681274
4259,4611,181396,52555,4093,1434223,1683693
8389,5574,250844,48981,4759,452763,773773
7777,5407,343699,42666,3519,377038,782699
9759,5889,64314,95926,3981,345350,528071
9795,6482,132280,42000,3907,1466451,1663545
8037,5296,361968,38296,5722,1568669,1990359
9111,6074,1095597,82166,3723,1398406,2597188
6925,5000,59717,39481,6167,403965,523645
7944,5407,146034,43426,5981,1478679,1689619
9943,6908,188611,54537,5352,1488119,1755582
5055,4759,286244,44426,4296,1878669,2225727
6518,4741,64822,43148,5426,1719278,1846674
9111,5648,112696,33722,4667,433541,602034
8111,5222,164680,49704,6055,1395607,1631787
6518,4797,324071,39648,4982,2095913,2477911
5258,5093,398723,41259,4685,1413192,1870896
8685,5370,72450,57074,5982,418880,571145
9092,5352,146582,92315,4037,1436445,1696175
9037,5759,218975,39222,5703,1460201,1741268
5907,4444,313570,41240,4500,1405365,1777174
8648,5351,88038,49425,5186,1917098,2076284
5981,4686,106373,32722,4315,1537542,1695157
9500,6148,225358,43685,6092,1703112,1995914
5481,4574,325324,38907,5574,1619072,2001692
7500,4889,78680,36611,5629,1624958,1760786
6759,4463,75720,34778,3537,1709583,1837044
9185,5648,165371,47296,5241,1468952,1704045
8684,5278,251152,44426,4352,1697002,2013302
4814,4185,384248,42296,6463,387951,832865
9278,6129,503195,52574,5629,1616367,2195524
7573,5241,171033,74185,3685,1469735,1734082
9147,6056,317535,37482,5222,1698230,2076154
5370,4834,315575,47371,6611,1499709,1881878
9037,6278,62376,54167,6111,424231,565015
7314,5352,111306,40500,4926,1443796,1615176
9259,5944,191087,38777,4019,1399145,1650731
9333,6500,305274,80315,3981,1407956,1815841
9000,5666,67909,40518,4704,481218,611774
11204,7296,67171,47037,5092,1465727,1606195
5444,4352,231507,47277,5352,1415909,1712249
8259,5444,268714,45167,6462,389709,726255
8129,5815,57181,47241,6000,1646734,1773508
8148,5833,84833,61759,5592,417924,587256
9648,6648,150410,42185,4889,1428617,1645176
6647,4519,244449,81167,4000,324084,666866
5167,4240,322601,39556,5388,315248,694219
10148,6018,63124,55352,3926,459317,600589
5684,4982,111479,102703,3666,309889,540533
4259,4518,202241,32018,4797,313848,564422
9759,5944,307059,42629,6204,1529634,1903655
8704,5759,61544,69889,5148,399490,553164
5574,5074,107733,30555,4556,414097,570293
4852,4537,163180,40759,4482,1438236,1658602
9036,5686,248591,86573,3889,1501343,1857785
5741,4537,40965,42000,4389,433513,533608
9611,5444,123765,49167,6333,298603,495109
6092,4759,135972,45278,4629,434858,633829
8425,5371,220660,45444,5203,1506367,1793989
5407,4463,330348,42278,6370,1539048,1930489
9129,5852,88945,33222,5018,415978,560293
9259,5852,107467,42740,4537,430567,603108
8574,5352,189118,55351,3186,1661796,1925693
9463,6629,303806,96166,4352,1377832,1800971
5962,4556,91273,68518,3296,1806012,1981821
8574,5593,113610,42851,6130,423812,603200
8667,5185,172576,41037,4407,1463377,1697305
8203,5482,275375,34796,4944,1476559,1807674
9426,6685,45731,45222,6426,1801035,1917155
5314,5056,94419,40111,5408,1762921,1915822
6388,4797,148237,38056,4277,371148,575256
8518,5315,241851,34445,5777,1437379,1735360
7666,5148,286818,54833,5481,1819040,2181561
7851,5649,76303,38444,5278,1692278,1827878
8833,5667,113418,33870,5166,1525554,1695916
5258,4778,215384,34907,5222,1464440,1732063
7499,5111,280220,43630,4240,1496473,1839211
9296,6462,83743,33815,5167,1662857,1803711
6018,4648,75153,71204,4129,1469004,1632286
7704,5722,620377,37592,5556,349173,1029031
6593,4814,251771,43333,4241,347263,660422
9036,6278,49442,37629,4945,1759288,1868915
8111,4944,113501,67444,4944,1868766,2069951
7907,5203,156689,62296,3648,1531875,1770267
8963,5278,218413,38371,5574,1461668,1741712
8573,5722,307195,80981,3685,1469721,1878414
8333,5333,103125,45777,5556,374483,545256
8944,6260,115202,43074,6203,410813,592923
9073,5815,201039,42314,4797,1445896,1711156
4851,4871,282412,43370,4759,425288,767958
9352,5740,77806,38685,6296,1664517,1804489
6370,5130,857138,40314,5500,379799,1296233
7981,5278,161292,40537,5204,380519,603533
9444,6055,244277,47037,4259,1405935,1719637
5092,4592,812334,51500,3462,439030,1318325
8222,5611,107896,49463,4907,379120,557441
9204,5203,156825,36741,5240,306562,522460
5092,4593,235661,36870,4797,1429828,1719194
6537,4703,323998,43851,4852,1741527,2127858
4647,4167,94669,65647,4149,342236,518311
10907,6574,93987,54203,3204,352751,523756
9055,6500,187397,44592,5315,1435223,1690397
7462,5019,304881,48833,6185,1514904,1889322
9703,6408,61478,60463,3870,369371,513979
5277,5074,80593,44277,4389,485478,627514
9148,6611,157762,34852,3389,317086,531534
4796,4574,253820,53519,6278,341286,666792
9888,6722,1156691,37092,5333,328727,1546842
7296,5574,139735,38445,5314,1815086,2013692
7315,5241,616514,35666,5000,1555936,2228376
7999,5278,355149,34870,5111,379754,790587
4944,4778,312541,42870,4241,1463911,1835933
4499,4463,78824,62999,4723,1694777,1852803
8314,5296,138067,43037,6074,1547997,1751397
5277,4352,587457,35519,5111,1678696,2318560
9185,6481,283444,38073,4278,1425583,1769674
6518,5037,69152,45722,6130,1753763,1888748
9499,5926,67341,65592,4092,379343,533960
8500,5518,159695,41926,3852,349431,571015
7314,5482,249512,43352,5685,1488977,1802470
7185,5500,38017,36148,4722,1628603,1722545
8481,5537,534185,41259,4889,1779468,2375894
8722,5815,129282,35408,3944,1483374,1668564
5388,4371,248730,47962,6574,1423427,1738693
6000,5148,309955,77462,3612,1497885,1902915
4518,4240,59479,48888,6315,442000,567811
58073,4481,821534,43611,5500,1596507,2531873
22796,4463,180707,46592,5518,1474802,1736897
6055,5055,297302,41556,5444,1486410,1843877
8240,5722,68047,39556,5222,1830386,1959803
5000,4259,58847,38981,5148,440206,554478
9647,6000,153591,62240,4278,1402752,1640767
5221,5223,279815,36111,4926,419532,752847
9111,6463,43986,32167,4444,1559930,1658768
4795,4556,54471,42889,5333,399508,514089
9573,5982,125993,45944,5333,1521071,1716193
8999,5833,255292,37408,4851,1461476,1776415
7999,5352,326962,73777,3963,447182,867624
8704,5463,64021,39019,5518,1695412,1821934
8277,5370,102507,36740,5093,1509873,1670064
8926,5777,194936,54407,3426,1444203,1714156
5778,4777,665252,33092,4759,1583587,2299709
9592,5648,59554,45370,5926,1487530,1615768
8685,5574,107334,68185,3648,1441897,1637379
5000,5129,940705,54851,3519,1404337,2416819
9537,5815,263155,46037,5315,1759314,2091969
8444,5833,334029,43167,5277,341967,741199
8518,5685,81756,43815,4370,411723,558515
5426,4722,740293,34666,4815,1631008,2423208
9444,6555,213521,38722,4945,1547894,1823785
8351,5167,373727,38444,5019,1444317,1877285
5037,4556,67528,50777,5204,1675072,1810990
4222,4370,131698,34704,4889,1433792,1616454
8555,5537,188350,103110,3908,356110,667644
8555,5592,304556,42611,5352,1454915,1823915
5944,5148,70338,35556,5074,1592485,1716878
9815,6648,93286,37055,4759,1464946,1618935
7851,5352,305696,32685,4111,425300,783606
5870,4740,278847,38648,4148,369594,704347
7648,5018,340221,66944,4019,1438676,1865489
9722,5407,425372,46037,6352,1334247,1829415
5407,4351,133840,92610,3389,290455,532885
4574,4796,247009,80573,3297,1715331,2058395
7870,5277,63162,36036,4241,2108363,2227190
8667,5481,80405,62796,4834,395832,560738
4907,4370,141946,38203,5297,1491581,1688546
10018,6351,201449,45444,6519,1460226,1732637
5148,4777,318896,41352,6203,1426965,1806860
9629,6666,77086,41685,5926,1932847,2077006
7870,5537,106977,40148,5926,460575,629533
5129,4315,158481,35888,5000,398053,609182
10148,6018,240188,45240,5408,346512,655515
7370,5500,806447,39722,4907,1659224,2525911
8111,5592,104621,42666,6500,1756387,1926007
9073,6167,123994,39370,4463,396299,581811
9000,5518,228571,41889,6611,1442326,1736749
9203,5648,303482,75203,3852,1441267,1841081
8074,5352,101338,36296,5926,1673003,1832212
9574,6018,103804,47704,6111,331730,507682
5759,4778,194529,44925,5704,261079,519571
10536,6482,697104,33000,4926,1644511,2399152
5148,4907,58685,45370,5408,454071,576312
4499,4408,289835,50277,5296,1841745,2198505
7963,5463,163505,49426,6167,385250,620626
8407,5685,248083,68296,3667,456468,793069
5296,4926,383992,83074,3278,288225,771421
9648,6315,115738,38685,6018,362037,541071
9333,6278,134038,33222,4777,1420990,1611398
8814,5482,214151,40741,5167,1510819,1787526
6055,4315,360229,77370,3741,1666314,2121321
7889,5000,88103,30611,4667,1777274,1916489
8721,5630,483790,38000,3519,402667,945068
6000,4962,213018,41759,5407,1377418,1651360
8851,5352,300779,40352,3815,1362118,1724045
6926,4759,90321,33573,4778,1524281,1667083
8777,5870,71732,39666,4778,1513537,1647119
4907,4759,193586,37629,4945,1531311,1779267
9425,6037,277423,34537,4852,321462,656644
6684,5334,384740,33463,4259,1612766,2050617
7926,5148,100189,42055,6334,1802855,1967266
8926,6111,148711,40666,4112,1511760,1723120
8648,5685,605323,35556,5629,417875,1081086
9648,6611,1101583,34685,4704,435055,1595009
5759,4870,755718,41815,4815,1741896,2557429
4962,4630,497482,70573,4463,429939,1014919
8073,5296,659985,44555,5371,1675723,2401504
8574,5703,725840,44296,5777,1617795,2410152
5667,4481,53476,64110,3945,378022,511682
9684,6389,841012,37241,4370,1494196,2395059
5741,4574,282925,44241,6185,1895320,2241931
9129,5852,262577,48870,5870,1433931,1768211
8278,5481,32397,41351,6075,412489,509016
6981,4796,892526,42259,4185,306930,1260104
9129,6185,122977,72166,3889,1440773,1657212
7759,5037,405998,29944,4907,400905,856588
8259,5203,790925,44222,5482,1733541,2590022
20592,4407,969502,37314,4982,1576020,2614984
5222,4333,122287,43778,6037,321247,505294
8463,5518,182253,43500,5407,399225,646718
8740,6241,279718,44037,5222,383926,731088
9500,6389,54204,37204,4851,1736341,1851119
6630,4759,840926,33148,3704,1534985,2426745
6814,4722,242210,43185,5315,374101,678921
9184,6278,247140,44296,5852,1721959,2037358
7147,4556,338920,42500,5278,1547846,1949377
8148,5315,102998,35037,4926,1895860,2054914
4796,4315,129483,70333,4760,1694598,1910693
9759,6556,211801,48352,6203,1524411,1809693
5444,4870,307267,38537,3815,1416445,1778823
9018,6334,73568,40074,4981,1793088,1929933
6610,4482,132293,64463,3351,1455661,1670267
9814,5870,288426,81796,3389,1619692,2011432
9740,6389,326984,32537,4667,406326,788643
6722,4704,66192,47333,6389,1663927,1798193
6518,4667,90418,60481,3722,1502128,1670435
8648,5315,172698,42889,6296,1468996,1706860
9481,5926,263164,54463,3759,1537825,1877174
5166,4796,785591,28945,4611,409623,1241122
9426,6037,76042,43685,6463,1637410,1781305
5500,4796,157638,40704,5351,1458038,1674935
8981,5499,210419,38074,4389,1448293,1719248
8463,5296,302255,60778,3666,1504086,1886933
8500,5815,84870,49574,5389,437478,594293
8056,5259,93226,50962,4982,1576412,1741546
4852,4407,202099,44981,6463,1513835,1779119
7925,5241,285565,42259,5111,368505,716718
9666,6629,50533,36259,4963,1809290,1919562
4796,4648,68258,38907,4704,1484696,1608509
4944,4741,156149,96370,3667,358736,627033
9221,5982,1038278,72852,3315,1654112,2787020
7796,5667,171341,34778,4963,2200311,2427690
5278,4666,82679,50315,4981,369781,520108
9666,6630,135737,52945,3963,1436438,1647787
7204,4796,233888,40537,6259,1501379,1796564
7870,5129,348873,30481,4908,1458894,1858544
9611,6426,57266,42518,5963,1620428,1744619
8444,5259,897006,41426,5926,1424294,2385078
8425,5463,201069,41555,4833,1487884,1752026
5259,4315,277294,49889,5999,1557399,1902526
9203,6222,77798,40704,5981,452217,595015
7500,5055,97209,38648,5593,1532466,1688971
9259,5833,247508,43462,6056,1583388,1897562
5370,4389,278529,47056,5370,1456090,1798934
9370,6222,28701,37944,5370,1819474,1909544
8648,5370,65297,40333,5148,1737859,1864933
8685,5814,123578,97666,3500,1390895,1632286
8963,6092,210155,40740,5445,1461909,1735379
9315,5981,299676,53777,4982,414042,790199
8722,6278,58736,38037,5333,471372,591164
5611,4537,97498,37296,4056,457442,608478
6333,4852,199242,93110,3778,345273,654681
9462,6685,280690,43240,6537,395399,744680
8499,5186,59490,43351,5611,1738129,1862341
4981,4296,110697,30093,5092,421819,579441
9629,6445,149052,40110,5056,387760,600978
5536,4315,285240,66833,4870,443552,812902
9055,5889,329040,107906,3630,1388932,1846545
9241,6518,105692,28926,4685,1805074,1962729
5426,4740,126066,38500,3944,380598,561441
5296,4463,255420,40111,5241,1428106,1740712
9962,6167,295571,37611,4037,500442,856217
8296,5111,189964,46426,6278,1500192,1758731
5352,4352,118578,90000,3796,1379820,1604583
9111,5500,209600,36481,5852,1475038,1744101
9684,5000,318270,36870,4852,378337,755328
8277,5408,53126,45703,6019,1710530,1831082
8425,5574,79870,66352,3481,1509972,1675878
5092,4481,578612,32574,4630,1535690,2163394
6611,4593,276839,43129,5981,1439818,1779101
4796,4351,1879539,42907,4278,1483571,3421942
8889,5925,55700,42036,5074,1664124,1784045
9037,6074,151516,37204,5444,1631103,1842859
5999,4759,214909,51370,5055,344348,629237
7777,5278,307374,52111,5944,1376487,1757397
9463,6592,93157,42111,5925,1642834,1802545
6240,4519,94993,56481,3722,1445368,1613342
5833,4518,202885,41722,6130,1420290,1683527
5536,4519,317462,41536,5982,1506212,1883414
4963,4296,178929,45185,5463,1466524,1708009
9777,5907,82896,41222,6259,1530502,1679064
8500,5555,161491,43241,4778,1460888,1686860
9296,6166,291327,79907,3852,367799,760328
7981,5611,920142,36500,5888,286870,1265103
8314,5722,66187,42352,6203,455996,587607
5185,5111,163468,30574,4944,1445023,1656768
6611,5500,209600,38703,4963,404304,671792
7870,5222,303251,60611,4926,355338,739829
10593,6222,227329,33925,4612,1425475,1710675
8481,5778,89444,48241,6092,440331,601089
8944,6111,175299,36241,5018,1429284,1663620
8499,5148,1112372,42241,5351,1851259,3027519
6667,5166,368879,37278,5129,401487,826569
10388,6667,57217,42741,6462,1497885,1623953
8481,5204,149905,42111,3963,361481,573108
5055,4166,246353,64870,3889,1473767,1800100
9648,6685,47245,29871,4592,1686300,1787230
5018,4555,57453,48648,5944,445082,568718
4074,4518,140326,42129,6186,1427905,1627194
8666,5482,239421,30074,5055,1466847,1757878
9481,6648,296072,48074,6222,1502472,1870951
5278,4333,72114,38203,5000,1697468,1825008
8278,5278,100987,38981,4760,1466929,1627935
5037,4241,191898,178388,4000,1315611,1701231
4815,4629,358197,42315,5944,330910,748811
9407,5815,92590,41389,5740,1599141,1756656
6296,4463,111223,41222,6000,1519378,1690990
6851,4889,173449,42185,6111,1501449,1737286
9222,5667,754356,35722,4833,320397,1132142
8092,5537,326213,37315,4944,1491202,1875525
7204,5092,79959,36000,4148,1495328,1630694
6499,4778,130518,43629,4982,1540731,1733712
6630,4740,220428,39945,4944,1428803,1707509
5314,4963,339912,45611,6222,1806983,2211635
4462,4167,118287,39759,6111,430265,605367
9241,6314,85735,41685,5297,466965,618311
5111,4222,198016,37907,4982,1490992,1743638
8981,5593,303962,43056,6241,1477230,1847433
7851,5426,551002,69204,3926,1541115,2181191
8389,5314,80045,41111,5815,1670352,1813248
9870,6852,185566,37277,5426,317394,565034
8000,5074,238624,50130,5463,1548568,1858545
5629,4445,330572,44407,5037,407183,799551
8129,5185,75817,80648,4204,345939,522385
9721,6204,115358,49073,5982,440583,628959
5258,4945,236694,81166,3704,358024,691940
9518,6334,325178,28648,4463,1417256,1793508
5296,4778,210108,37962,5019,1471900,1737397
8704,5407,91205,54388,3241,402052,567015
5185,4667,183448,43278,4000,386937,629700
9407,5981,267581,48092,5370,1415502,1754156
5574,4796,49474,37630,4666,1599090,1703323
8055,5778,89663,41536,6297,470130,623626
9648,6796,405886,35167,4611,1984192,2449004
6277,4444,251261,46315,4278,417661,733218
9166,7000,160413,42722,5592,1867501,2094802
8370,5759,62176,42167,6426,468858,595756
9722,6685,137549,43685,5982,1478756,1684916
6389,4500,216108,43055,5778,322981,601126
11166,6055,338815,29851,4852,1405546,1798711
9518,6463,58782,46204,5463,1618578,1747805
8481,5796,103156,43926,6092,1515742,1685694
8185,5333,184140,41666,12741,420986,675163
7962,5056,315865,41407,5796,1790549,2168746
9184,5889,53203,30333,4685,513127,618459
9926,6777,55670,42537,5425,409643,532645
5296,4463,681058,55370,3889,1486484,2239190
6018,4296,239971,36463,4204,316543,610237
4814,4204,53735,30537,4981,388300,489238
10111,6648,91368,30814,4926,427389,573552
8259,5426,117741,35018,3797,442422,615015
9129,6704,205874,36870,3315,351345,615978
10444,6408,310395,36777,4278,414064,784699
8610,5482,69325,47833,5704,385598,524737
68647,4741,69440,82555,3278,335502,566515
9740,6426,190221,40796,6555,1414400,1670786
6722,4593,282983,60518,3259,1546080,1907544
8481,5592,74210,39889,5222,435176,572459
9241,6425,77751,28296,4500,1510740,1639139
8703,5778,151623,42019,5925,1424775,1640934
10333,6352,233015,42334,5481,1787602,2087710
7981,5000,357407,39352,5574,1462434,1880693
7592,5334,79560,30944,4926,498659,629663
5611,4259,123730,81999,3852,397823,620089
8055,5186,221084,80666,3445,370282,691329
5018,4611,311791,34556,4870,1551457,1914507
4185,4593,58425,41185,5722,393591,509757
8870,5518,84744,40000,5629,1557025,1705064
10037,6777,172321,38296,5611,1687854,1923285
9852,6203,106084,31796,4519,1751534,1912618
6685,4740,935417,39222,5907,1641790,2636614
7722,5296,56350,54463,5944,1878657,2010821
8703,5408,718979,51963,5630,1761561,2554540
5518,4889,321319,32574,4629,1777817,2149247
7463,5167,54786,35185,4240,2210256,2319783
4815,4444,703712,48759,5537,1610793,2380116
10221,6352,497643,66666,4056,1500641,2087654
5185,4426,62778,32166,4834,1673785,1785842
7740,5797,296798,36426,5315,1592967,1947618
5147,4612,83580,27519,4111,1715297,1844137
7777,5482,126676,53426,3759,1976848,2176394
7778,5277,54996,29055,4759,435780,540127
8352,5296,300886,36074,5018,376592,735033
5185,4241,389463,53555,5852,457995,918625
9222,5518,427652,38759,5500,1751576,2240468
7907,5611,112471,40129,4963,1775592,1949432
5184,4260,213085,39185,4852,1694088,1962784
8518,5315,77349,47425,5852,1727085,1874341
9574,6259,221555,42333,6241,1342972,1631009
6166,4574,153596,34481,4704,390049,595811
8221,5167,214618,41277,5667,1450002,1728193
5148,5037,306861,43333,4333,1796978,2164154
8092,5500,86792,33611,5167,392816,534016
55277,4500,78832,35963,4556,1519287,1700434
4963,4481,227520,32870,4204,344143,620681
9093,5981,305282,33148,4241,1440966,1800823
9537,6833,66343,33926,4000,400543,523775
11333,6537,88623,32482,4148,475058,620959
7759,5259,156163,45111,6223,1439993,1664157
6778,4611,275500,33296,4333,1725025,2052562
10147,5815,357077,32870,4167,342437,755051
9741,6759,63267,59759,5537,388045,535997
5185,4240,213881,37611,5315,1638126,1907081
9722,5334,243495,43518,6129,1363088,1673842
8666,5426,296387,60092,3259,444961,821124
5296,4833,71095,44019,5148,417198,550237
8610,5593,107580,64018,3407,348436,540459
5610,4686,204064,41333,6130,331025,595533
9221,5667,269993,35556,3815,1548551,1876433
9851,6574,53498,42944,4315,455203,574515
6074,4389,81427,41777,6019,1559155,1701712
4222,4481,165634,42981,5907,2030946,2256579
7555,5092,232878,44037,5851,1480075,1778304
6462,4741,755860,40704,6074,1516830,2332986
7518,5555,74626,39611,5889,433778,569959
9944,5759,886162,43000,6463,505292,1458880
8314,5204,226261,80629,3741,1451043,1777230
8889,5481,319672,42815,4925,408065,792218
7555,5463,77195,61574,3981,414784,573034
9481,7648,83032,117573,3500,1450552,1674842
8037,5240,948309,77666,3334,1538954,2583522
8166,5334,297815,56370,3685,419440,792792
7721,5519,197819,45704,5444,1403727,1668601
6481,4666,57842,56537,3426,383044,514385
9296,6074,144289,87296,3407,375189,627533
5481,4463,236051,41444,4889,340186,635181
9407,6499,551498,39963,4833,1981876,2596891
7148,5111,88707,45574,5889,1650616,1805489
7981,5111,140488,41481,5945,395601,599274
10500,6314,206677,46462,4111,1480629,1757841
8481,5352,308605,45574,5981,1515421,1891877
8555,5907,50684,41500,5315,500757,615533
6259,5130,100446,43740,6334,397106,561312
4999,4408,186690,45888,5889,1468856,1718915
5888,4908,281285,43037,6185,425396,769106
5037,5018,66327,35574,5315,500744,620478
9315,5500,457736,45722,6185,459110,986180
10389,6759,175592,70519,3926,1423027,1693157
7740,4963,235188,36463,4000,385567,676477
8555,5704,27230,37407,4315,1792889,1878489
8148,5407,55789,46666,6167,409523,534330
5148,4389,133532,65907,3518,1506829,1721397
9277,6185,203813,47796,6278,1518158,1793767
9240,5519,291316,45925,4260,1505617,1863822
8370,5537,67024,40740,5334,397454,527459
6407,4370,88768,49093,4296,1738572,1894081
4889,4407,178012,43759,5723,1488107,1727546
6370,4463,263719,44499,4056,498573,824051
6000,4574,201185,39426,4667,1522619,1780582
9907,6408,72059,42222,5556,465418,603923
8759,6296,186044,88592,3611,1401484,1697397
8704,5722,244732,43204,6000,1491127,1801934
8407,6093,35737,37666,4278,397798,492090
6370,4796,69388,36444,5389,448609,574107
7925,5130,258909,44777,5778,409346,734458
8851,5982,215764,67852,5093,1464058,1769712
5314,5000,1087690,43333,6111,359987,1509380
9536,6315,102531,42074,5963,364299,533089
9278,6500,81312,42778,4241,492424,638589
8130,5277,186131,46240,6000,1516304,1770082
6907,4944,1051093,42074,5962,1526670,2639632
5426,5203,57138,39037,5648,1813944,1928377
9240,6056,55659,34926,4722,1525535,1638953
6815,4740,234237,44333,4926,419445,716718
8130,5222,231554,74648,3482,1487546,1812527
9462,6574,252151,44796,4833,412883,733143
8629,5944,69433,76147,3630,560212,726069
5463,5259,118750,40519,5407,416209,594386
4592,4482,220883,35463,5203,1442885,1715953
11463,6203,286220,37018,5167,1436585,1784860
8333,5648,2073992,44092,6111,373920,2514670
73832,4185,83598,52740,6037,389344,612237
9926,6500,166748,44704,6111,404489,640515
6536,4686,297010,38778,5370,1766199,2120561
8852,5926,58941,38388,5445,425334,544978
8074,5222,87944,38834,5240,1495305,1642749
9703,6278,138373,34685,4760,1516098,1712341
9314,6111,262080,38648,5389,1464225,1787897
5204,4852,19603,36092,4408,1734793,1807175
8277,5518,58162,48556,5796,1664531,1793211
6351,4926,147943,40851,5278,1600936,1808878
10018,6722,195242,36759,4889,1403804,1660749
9259,6574,289579,39629,3426,401454,752440
5536,4574,62824,46926,6481,1755758,1885322
4722,4389,128734,28704,4667,398188,572108
8167,5314,171090,38610,5204,363908,594719
9018,5834,290444,44648,5999,1500194,1858119
9222,5593,50522,45981,6130,366253,486183
9481,5778,71359,42592,6667,488063,626645
9055,5519,149677,71962,5389,308783,552774
9777,6722,230884,42277,4834,1542976,1840081
8537,5407,27370,44148,4981,385091,477608
6666,4574,57169,32759,4648,413014,520793
10129,6222,497060,42685,4963,1445910,2009044
5740,4648,226083,42870,7241,1443185,1732415
6018,4407,316789,42685,6093,1384793,1763174
7926,5278,90423,39926,6203,412796,564997
9610,6111,130427,40037,5537,438181,631996
9074,6592,170393,44833,5185,1493783,1731990
8703,5592,277155,46648,6222,1523612,1870007
5592,4778,71363,28518,4278,1610090,1726971
8907,5426,96385,41333,5963,1497772,1658305
8907,5833,139055,31962,5000,417479,610829
6277,4611,231836,94814,3278,1429321,1772526
8981,5426,29506,37333,5352,2121462,2209968
8147,5408,56102,36611,4426,1546258,1659786
8833,5777,110143,47407,4722,1487052,1666471
5278,4611,219534,36870,5389,305370,579275
9185,6351,459259,36426,4537,435217,953550
7907,5277,50394,32352,4574,511788,614644
9685,6777,76731,40333,4648,443267,584163
5963,4981,187067,34685,4463,1437497,1676823
5296,4667,264347,34370,4074,343501,658292
9036,6074,57704,35241,4277,1816878,1931636
7740,5408,51596,83555,3555,423550,578108
5111,4852,144858,36611,4241,314880,513164
10018,5537,228509,35759,4630,297117,583645
5537,4611,337123,34574,4722,301762,690737
5295,4426,55165,34259,3204,405499,509922
8906,6000,121557,32167,3148,1499748,1673656
6166,4759,219023,33722,4500,1508596,1779211
7814,5704,308118,64444,5037,364804,758106
5444,4629,50086,34871,4351,1641071,1743119
5425,4241,124367,35722,4926,405111,582774
6981,5019,194240,70148,3074,1461787,1743786
6092,4574,332058,31037,4371,348345,728829
9463,6500,67970,26925,4000,1629539,1746730
5222,4481,59418,32796,4741,1805571,1914229
9444,6926,157402,33370,4297,1468847,1682786
7981,5667,251349,29797,4203,474017,775366
9610,6334,337575,34888,4352,1399730,1794526
10240,6111,350634,53370,6518,1708613,2137450
6425,4723,135379,41222,6037,1490000,1686212
5722,4759,206956,43648,5612,334336,603145
8666,5963,301774,44203,6389,312019,681514
5185,4519,98982,39759,6037,391107,548145
5352,4666,82393,39259,4334,403863,542534
9740,6759,207915,45499,5945,1445668,1724045
6110,4593,275843,42296,5093,1492831,1828877
7907,5407,55699,34926,5296,451353,563200
8203,5278,563848,48519,6351,1531250,2166098
9574,6111,138873,42185,5611,1454155,1659083
5129,4574,249246,42462,5167,298362,607181
9018,6074,22084,43370,4611,1825628,1913267
8685,5518,97920,34908,4092,1697995,1851674
9722,5426,117071,56778,4537,1432049,1628250
6018,4648,201464,41685,4259,392496,652922
9555,5722,287966,45333,7389,1509356,1867451
7888,5352,54582,84981,3796,369027,527886
9258,6500,102382,42574,6203,379171,549033
8704,5518,171366,42018,3982,1468865,1702972
5555,4593,262887,75722,3408,460219,814718
8204,5444,74595,29278,4074,453790,578126
5129,4704,54543,36982,4648,574934,683829
8814,5667,145639,39222,4482,337228,543423
7907,5167,242030,44037,6259,1435663,1743860
8870,5278,852160,65537,3556,1551047,2488633
6259,4814,61576,42740,6037,377941,502237
4981,4241,137152,41519,6074,386733,582885
9647,5889,198397,48703,6019,1499426,1770100
8629,5259,288863,53463,3759,1413442,1775860
5129,4556,115293,43018,6092,357779,534608
9500,6685,109481,40481,6130,1526046,1700879
9333,5907,173133,40907,6037,420845,658459
7721,5111,279691,41352,6055,1500984,1844544
9740,6741,54325,44296,5370,1648850,1771526
7592,5278,82236,41740,6352,399965,545275
5870,4871,169794,41203,6167,1447437,1678101
9055,5519,232686,56518,4352,252589,563089
8684,5408,899019,41963,6334,2014999,2979000
5759,5074,98972,40222,6222,1645185,1803675
9074,5537,149123,36111,5018,1501738,1708675
8018,5129,199052,42019,5037,374426,636033
8000,5870,307407,77333,3370,1449768,1854322
7240,5037,84096,31574,4093,440474,574774
9759,6463,76340,37333,5019,1511798,1649823
8241,5444,169103,44388,5093,1514757,1749101
9573,5963,287513,35019,4185,419686,763940
7259,5482,229590,44000,4889,1508158,1801971
6462,4611,438519,55148,3185,1729968,2240283
8370,5648,138950,43092,3778,1513855,1715842
5259,4648,270545,39093,4333,1797572,2123395
9592,6092,336382,45074,6129,1425256,1831007
9092,5685,83219,35704,4963,381981,523089
8870,5981,151482,38778,5555,1470231,1683305
5833,4593,218874,44962,6222,1472839,1756453
9314,6075,286080,70870,3667,1486279,1864637
8962,6204,54214,40797,6055,370116,488941
7130,5425,91329,42371,6037,442982,597738
4592,4537,171406,41982,5963,1501880,1733082
8703,5500,756110,41963,6000,414994,1235585
9518,6296,43580,41407,5315,1611910,1720434
8425,5500,88083,34537,5260,1523703,1667601
8685,5667,153679,45240,6185,314541,536664
9629,6204,226071,48147,6315,1435253,1733693
9184,6426,21835,47685,5852,1597970,1690952
8833,5685,93486,34889,5463,351326,501979
8852,5370,108637,43463,4204,1523834,1696453
9259,6370,198844,61444,3500,1481516,1763397
5740,4333,316717,79333,3463,376112,787810
9629,6703,208721,37500,6148,1477973,1749285
10592,6667,82892,44796,4463,1478117,1630268
6758,4686,655577,41926,6185,1796537,2514336
8222,5463,254749,32760,4981,1494851,1803434
8426,5166,52606,35370,4704,1651032,1759730
8259,5277,64443,36481,5185,513721,635737
9407,6592,151279,46685,5982,1484655,1707471
7907,5407,226782,99129,3722,383844,728903
9852,7092,334081,85519,3463,1340131,1782842
8278,5722,62697,37426,6111,458003,580701
6073,4574,154756,40203,5908,1531919,1745786
9315,5963,239721,35111,5241,1447935,1745360
7351,5111,292299,36074,4740,382216,730625
9721,6648,73415,54777,3445,1478817,1629619
6388,4648,87325,94278,3796,426561,625329
8500,5685,188309,41278,6018,442576,695163
8555,5703,289405,44704,3333,1558491,1913044
6647,4612,55224,41814,4630,1620618,1736082
5685,4592,51857,34574,4241,1765780,1869433
8925,5630,135897,46315,6296,347692,553570
9722,5481,376807,35278,4426,317929,752125
6685,4685,340329,43611,5870,1484679,1888340
7925,5241,99352,40389,5667,354163,515404
5778,4592,367188,37092,5167,1518505,1940415
9703,6556,214265,43389,6389,1541112,1823804
11407,5852,320676,43426,5796,1794978,2184691
5870,4482,48181,38333,5537,377390,482572
9444,6574,87018,44073,6278,1531862,1687768
8499,5463,191169,41240,6111,1526710,1782063
6148,4519,295708,38203,5463,1468337,1821212
7018,4907,71065,44796,6055,434284,570496
9092,6518,56994,42519,5981,431781,555496
6130,4518,640810,48147,5352,1664140,2371431
5426,4389,268666,39167,5481,1498860,1824453
9018,5629,313004,30925,4760,372233,737607
10148,6482,46174,48741,6240,411249,531849
5721,4408,110603,38056,4370,467615,633570
9388,6500,207514,35352,4240,1758179,2024006
8388,5296,296999,69388,4037,1442695,1829563
5833,4593,167132,41185,5926,1461284,1688805
4833,4648,81914,45925,6445,454750,600941
7370,5334,362841,44777,5649,1829867,2258061
10092,6352,294382,52982,5333,471613,843032
8648,5778,51164,42259,6111,1498715,1615620
7278,5037,91501,38999,5260,1914468,2065043
4833,4204,142726,40037,4741,1503541,1702934
8611,5537,241007,72814,3982,1434001,1768286
9888,6704,317251,33203,4982,388689,762791
9184,5963,92756,41722,6259,450797,609533
5537,4296,142185,39333,5500,377942,577349
9426,6000,208798,42111,5185,1460692,1734860
8666,5482,290172,42574,5629,417379,772181
8906,5649,203879,38778,5259,1448536,1713434
9703,6537,74143,52278,5055,1543996,1694212
7721,4982,172794,33963,4611,1571325,1798285
9426,5629,258093,30185,4704,506550,816717
9851,6537,50339,42129,5426,1706984,1823952
6852,4870,47045,38482,3981,1530797,1635268
7833,5185,143270,38297,5629,1565275,1768378
6889,4796,260533,50666,6056,1507123,1838545
8426,5444,317962,68037,4981,1454157,1861119
9648,6537,89058,36908,5259,1681801,1831693
5388,4760,141488,34870,5315,418731,613293
8259,5389,208769,83907,7259,1460221,1776156
6777,4149,287197,56852,3296,1483847,1844230
8889,5370,52128,64000,3889,369221,505553
8315,5370,110076,44426,6018,1660488,1836915
9481,6241,160023,41944,5297,354603,579367
9536,6167,285211,35611,5223,1536481,1881414
6388,4945,60993,42741,6629,437485,562052
9444,6259,68145,41926,5871,1539622,1673823
6573,4778,136426,42685,6074,1482527,1681508
5944,4537,258781,31389,5463,1438746,1746953
4703,5223,19211,45888,6389,1589613,1673046
9388,6148,51900,41981,3944,401357,517552
8647,5741,282402,53296,5241,443168,800643
8407,5296,235054,45518,5944,303462,606348
8648,5685,323427,37389,5037,1807726,2190320
4907,4537,44802,80277,3834,1671113,1812007
8537,5759,97750,37036,6167,1489593,1648249
8944,5444,170438,34945,4852,1463366,1690027
6425,4704,89997,53000,3667,375722,535922
5129,4019,56001,41110,4797,1759229,1872952
8851,5611,51282,42685,4722,1575542,1690749
8482,5259,135970,46333,5222,1485168,1688861
6333,5000,240029,42870,6518,404542,707403
9759,6648,1079565,44203,5260,1551178,2699002
7722,5500,52555,37667,5370,1681268,1792230
8240,5518,104725,43611,4371,429327,598366
8758,5593,192191,44389,5277,1404133,1663027
8221,5148,315102,42814,6482,432598,812754
5592,4389,236049,36352,5315,1843419,2133858
8906,5852,87795,44444,6167,422350,578126
5426,4870,201020,37407,5370,1438785,1695416
4222,6018,280226,43241,6055,1552485,1894563
9129,5500,68231,39537,6314,474062,605126
8315,6018,48216,43222,5130,1571255,1684731
9259,5555,153219,42241,5907,1737825,1956025
8648,5611,221018,32167,5315,1454657,1729379
5889,4833,326873,60815,4722,1633911,2040488
5147,4630,625875,75333,3704,1877146,2593891
8870,5241,614064,35055,5130,1774014,2444430
4981,4296,232440,33166,4574,264577,546645
9147,5574,365831,33000,4297,353775,774125
6926,4926,235650,43388,5463,1915634,2214709
9130,5814,74840,49203,5074,406065,552479
9240,6315,164601,78759,3889,1537573,1803044
9148,5222,286142,41037,5777,496262,845736
9332,6260,53035,39259,4777,1608048,1723489
9610,6482,434277,43593,5166,1514582,2016488
6500,4740,170042,43073,6315,1503782,1737008
8481,5482,43063,44260,5333,385081,494219
5777,4500,715231,54278,5500,1552977,2340393
9666,6723,51089,40870,5204,1643789,1760138
9981,6796,139629,36834,5129,1536824,1738026
6203,5241,191447,34926,5037,1506746,1751730
8259,5315,297191,43314,6685,436472,800014
5258,4611,85492,40556,6203,393080,537515
8833,6370,78996,36814,4741,491224,629071
9740,6056,160869,32277,4704,1529843,1745564
7740,5407,255853,49093,6074,390309,716755
5870,5056,64394,38278,5000,1738131,1859989
7611,5204,68675,63111,3463,1457908,1609028
6778,5148,157845,44352,5907,297782,519960
8833,5740,221849,48037,5055,276593,568478
7536,4889,328518,84241,3500,1393582,1825063
9444,6592,394596,36333,5148,1747596,2202320
6703,4704,151897,38573,5556,1438964,1648972
4759,4481,198455,50074,4056,1519127,1783415
8832,5537,295588,44870,6186,368278,731440
9129,6463,211258,40870,6037,1452010,1728508
6241,4444,119336,41111,5463,1469877,1649842
9166,5778,199228,43888,5149,1456150,1721378
7036,4963,327602,41240,6130,368431,758106
9426,6518,46903,41203,5037,1534032,1645379
8277,5260,73665,41425,6111,1512900,1649953
8981,5611,152094,42593,6092,1501859,1719305
8814,5722,647669,43222,5704,506416,1219529
9462,6315,328489,39685,5037,317100,708829
7888,5037,49327,53352,6037,1731977,1856192
8721,5371,102552,80130,3888,396852,599626
5481,4537,194056,43166,5296,377515,633292
9426,6185,279651,75074,3740,1488542,1864915
9018,5574,222878,36259,4907,2055757,2336357
6000,4481,75992,48204,5296,466949,609867
9426,6666,158922,39759,4722,1477161,1699416
5648,4556,301479,81537,3648,1638546,2037933
4574,4240,64448,36833,6092,1603173,1721434
9851,6871,47376,35723,3888,1528466,1634916
6073,4871,140805,55463,3722,1483666,1696915
8851,5500,220698,41963,3925,434669,717866
9536,6574,309219,60148,3741,1580603,1973340
8222,5703,90261,29870,4630,493736,635311
6870,4982,113412,75981,5667,366973,575941
6111,4481,191397,39352,4148,378933,626663
9296,5722,386344,37240,5482,1664347,2110710
8425,5241,41256,35074,5260,432537,529793
8610,5371,87722,67981,4037,1456861,1632638
8648,5629,161633,42870,6223,398437,625478
5759,4407,253877,39388,5186,1564890,1875563
9389,6703,206084,36722,5130,1523850,1790434
8684,5593,46570,62796,3888,1541032,1670712
9278,6092,168832,40574,5852,1473602,1706934
6703,5408,217761,41777,4519,1498636,1776804
8666,5963,347857,38629,5667,1473003,1882063
8092,5259,85139,33833,5370,1757850,1897562
5944,4555,144402,40481,5759,1472848,1676693
4815,4537,192293,52574,5000,1785491,2047099
8018,5204,342463,62444,3889,370810,794866
7814,5426,49913,33055,5148,400752,504219
6277,4667,110711,38111,4593,1504741,1671471
9240,5593,183807,34166,4167,1674441,1913322
9166,5944,286366,27648,4111,1510290,1846063
6240,4704,58630,28814,4056,1736304,1840841
6092,4500,81078,26222,4111,419882,544682
8999,5759,128174,42203,5593,1454335,1647619
8814,5704,603563,40296,5648,1472869,2138894
8537,5685,329808,36278,5241,1927085,2315042
7962,5593,66961,28723,4092,1760731,1876785
9203,5537,148557,26723,4092,1424007,1620416
8962,5611,192043,40962,4593,1466077,1720508
10110,6093,288360,34388,4426,452655,798550
5685,4333,85939,28851,4315,1517089,1649009
9000,5833,112423,27389,4074,1497141,1659361
8185,5314,166112,41241,4648,1496971,1724934
9055,5574,252114,41056,4463,1752706,2067006
5204,5037,62470,30537,5482,536081,647571
4852,4851,61123,28000,3259,1581368,1685546
8833,5518,597809,84703,3871,339500,1042753
5925,4834,496997,45352,5426,1461287,2021840
6981,5037,343168,69759,3204,412364,843365
10462,6926,83655,30222,4629,394398,532756
9184,6260,120972,29611,4685,1517648,1691156
8759,5593,133939,31796,4777,1774420,1961822
9704,6222,283608,44945,5851,398832,751885
5500,4870,75983,40685,6167,1655376,1791989
8610,5445,66246,38592,4556,1834650,1960618
8425,5371,173434,44518,6037,1459519,1699730
9463,6130,245066,41685,5278,1491515,1801267
5333,4759,61590,43352,6111,447592,571645
6055,4612,48074,46333,6223,1639544,1752971
9722,6426,128188,83537,3963,306883,540700
5332,4426,240340,37241,5926,1475427,1771026
9093,5981,36289,40129,5945,1519868,1619713
5296,4778,62477,37741,5259,1540068,1658842
9444,6037,107018,59425,3704,1778934,1966618
7759,5129,208724,43074,6111,1531914,1805396
8314,5241,280264,39537,4871,1532595,1873100
7999,5482,83380,40351,6204,1650221,1795971
8203,5667,78624,37333,4907,1560181,1697156
7500,5000,205404,38537,5297,1445363,1709120
9758,6130,244093,33574,4648,1510878,1811415
6907,5148,70691,38259,5481,1604189,1732731
11129,6500,56953,60888,3611,1558593,1700045
7648,5204,180381,43648,6223,1465941,1712731
7611,4851,217293,45055,5815,1797195,2080099
8758,5612,348239,41278,5314,1473268,1884488
7722,5296,61356,51722,5148,1701337,1835193
7722,4907,139785,27851,4519,1486687,1674138
9629,6260,219306,36111,5518,383209,662385
9888,6611,313624,34019,5203,1353144,1724915
9296,5204,51258,34574,4778,1624657,1732286
5018,4389,74799,37518,3926,555716,683181
8407,5259,159005,45833,6204,1461392,1688897
5407,4315,250546,59777,3704,1496036,1823286
8370,5444,57531,35426,4611,1823272,1936858
7833,5500,63923,67944,3741,1458475,1610175
9000,5611,150853,34648,5074,1411212,1618880
8555,5833,217708,47111,4963,1405893,1692342
7259,4925,34823,41037,6482,1541797,1638342
9333,5556,58030,42740,5963,423504,547756
5147,4260,101181,65203,3871,427797,609866
4407,4667,194184,44055,4241,1499713,1753804
8888,5723,287391,46351,5908,383642,740051
8555,5778,44321,40148,5556,410361,517201
22777,4444,54936,47222,5204,430765,568830
5684,4223,178087,100351,3852,1462755,1757619
6148,5000,846439,38259,5519,2086728,2990427
4926,4796,721462,43018,4889,431605,1212863
8295,5926,57358,42518,6278,1498337,1621416
5277,4352,156305,41426,5999,369341,584663
8203,5259,260030,43315,5814,358670,683662
9352,6426,15312,38611,5500,1647566,1724768
5593,4296,58334,41018,6074,1502675,1620120
9278,6018,96374,46593,6129,371975,538386
7018,4555,195915,35555,5222,392360,642663
9074,6296,273695,43611,5797,410022,751162
4759,4778,93736,35611,4926,1847363,1993729
8481,5666,837829,56130,3740,323849,1238270
5203,4426,201947,41351,5778,1470488,1731767
8240,5223,244246,52851,5315,395435,713681
9704,6426,43491,34518,5500,1721776,1823452
8110,5315,58291,29333,3463,1728717,1835211
8592,5908,132238,54685,5760,380554,590052
7518,5204,214982,38537,5037,382329,656237
6000,4592,242208,41407,5426,1464597,1766749
8129,4556,51416,36444,5019,1524963,1633176
5148,4259,133327,37351,4519,357392,544330
4888,4130,192311,30444,4111,1497179,1735230
8611,5537,290777,56814,6167,414404,785088
6184,4741,86541,37648,5352,1722300,1865451
5462,4056,105211,37370,5611,460341,620459
7648,5463,158825,80315,4296,395393,654608
9703,6630,246180,34444,4963,1444514,1749045
8055,5519,38907,28962,4649,1677064,1765675
6074,4333,73003,43740,5908,1497969,1633676
9241,5389,638503,35092,4963,447879,1143401
8574,5833,218676,42148,4796,1532462,1814767
10981,5945,722509,34760,4388,1460885,2241505
9332,6667,68998,34407,4667,479425,606070
8795,6463,134464,31685,4223,1456119,1644230
8666,6018,193579,44647,5686,1492393,1753248
9815,6222,364562,33944,4574,404582,826440
10166,6778,84178,33870,4389,399467,541700
8314,5204,110848,34426,4278,1507549,1673249
5926,4333,965255,32148,4222,1467490,2481874
22611,4611,273669,41815,6129,1501172,1853193
8278,5388,49841,34129,4241,476082,580089
8907,6111,74214,38648,4296,489450,624515
7685,5111,138902,42574,4500,1481847,1683009
9648,5574,240183,40240,4611,326758,629181
7796,5222,15373,47185,6315,1487748,1572250
9037,6519,604058,32630,4240,1530577,2189376
8685,6240,100083,33908,4037,576709,732477
6037,4963,1277192,37629,4037,1723642,3056371
8647,5741,436940,43685,5352,1950416,2452837
7259,5333,52464,35945,5055,1711340,1819471
8574,5296,211615,66796,4926,424825,724662
9666,6611,187655,37759,5204,467007,715792
7462,4926,247103,47519,5166,1543923,1858341
6110,4834,56848,45907,6222,1632790,1754711
10074,6759,50240,32815,5019,418349,525849
8648,5685,172706,91574,3963,1376784,1662027
8648,5796,218265,47630,6018,1522095,1810526
7832,5371,20899,35666,5797,1605054,1683397
5259,4611,55977,58129,4537,463632,594886
9999,6630,130572,44592,5482,1396993,1597157
6647,4723,217890,40814,5241,1454970,1733786
5055,4185,209190,47500,5185,1546948,1820285
4870,4018,53120,47926,6074,1756073,1874285
5815,4926,102290,36777,5315,394189,551756
9667,6018,177923,39981,4556,1523363,1763934
8370,5500,275407,36352,4889,447014,779829
8981,6148,78374,32333,4426,398382,530645
7148,4759,50785,28815,4037,1598297,1696416
9018,5500,599324,33277,3982,1702385,2355894
5814,4482,227421,43129,5445,1451569,1740656
6147,4889,322943,54592,5204,1532120,1928210
8962,5463,76762,39000,5222,1662265,1799711
8185,5518,102395,87925,3908,343787,554552
9296,6574,202065,37333,4814,1445037,1707249
9074,6037,313160,39462,4519,1539069,1913803
5148,4333,54443,34444,4611,471906,577663
5111,4185,97557,32592,4130,1488471,1634564
9796,6093,268892,49130,5092,1497430,1838582
8407,5056,250248,51518,5408,269693,592497
6241,4870,56141,31482,4352,1632700,1738453
8203,5241,67978,41519,5240,1837455,1967710
8944,5722,125092,36982,3296,1466861,1649564
6240,4833,224096,57092,5593,1484394,1784545
8074,5463,358080,39555,5259,376175,794977
10185,6778,63788,36259,5648,384524,509886
8573,5796,119292,50148,6037,1522902,1715637
7278,5203,979458,42463,6148,1503009,2545911
9110,5778,113910,39648,6129,1656765,1833266
9314,6037,87913,40019,6259,1720909,1872748
9240,6130,107435,39888,6223,1445074,1616564
6259,4555,198161,41222,6222,1525903,1784675
5111,4203,286867,34167,4963,1452048,1789841
9130,5740,40076,44499,6093,1671748,1779601
8370,5759,57264,43000,5907,1696430,1819323
5425,4204,370210,30556,4796,1427890,1845341
7629,5204,251788,41982,5314,381023,695644
10203,6796,296125,35278,4685,1475068,1830655
8351,5407,43612,47018,6389,1737656,1850989
8685,5833,110078,42314,6778,1540950,1716990
8944,5444,211488,40351,6223,1483613,1758045
6778,4537,279379,43981,4167,461875,803125
9110,6259,42940,37111,5241,1708438,1811711
5611,4500,69554,75240,4037,1458196,1620583
4684,4426,188891,38499,6037,288274,532959
7722,5278,248986,47444,5760,1447725,1764897
9166,6074,47306,38537,5444,1702221,1811397
5018,4722,36902,42148,4907,1760792,1856600
9574,6240,156238,39704,5259,384907,604867
6666,4593,212444,35778,3944,1529823,1795415
4722,4185,313059,35703,4704,353623,718477
9870,6685,47934,29148,4740,427656,528385
4815,4333,122178,44166,5852,1888292,2071636
7759,5333,182033,69666,3926,1465069,1737453
4574,4426,301535,43093,6037,1506027,1867971
11074,6537,207243,40500,5889,1547172,1821100
8685,5648,71044,41055,4241,1529224,1662787
5926,4722,170232,43444,6296,1550203,1782990
4370,4704,247327,59685,3852,500298,822921
10056,6851,929995,33259,4333,1404140,2390653
9018,6167,65705,62982,4018,386755,537219
8314,5426,1282277,46926,6055,348343,1699730
7962,5537,210323,53944,5241,1486630,1771859
5240,4593,353585,35703,5259,1532664,1940229
8925,5833,814512,55537,3704,452536,1343658
8296,5500,509202,44926,5555,1648989,2224839
7536,5297,183781,36796,5111,1441450,1681990
9926,6092,301488,54204,5814,351083,731144
10295,7186,52918,40666,5130,461690,580181
5518,5037,111496,40055,4648,1436051,1605379
8018,5445,154406,70759,4426,1432695,1678250
9703,6092,245058,36796,4889,1691579,1996358
7685,5129,41914,45000,5611,1521281,1629083
5018,4445,38121,40518,3518,1492315,1586120
7296,5203,127735,43148,5074,1486959,1678712
4796,4741,223756,49907,5908,1559677,1851008
11388,5611,346982,43074,6388,413366,828828
8944,5741,47005,41740,4926,474103,584848
9407,6463,244785,41130,5407,1704259,2014173
5556,4592,604065,67277,4297,463965,1151975
10555,7111,1038973,48908,5055,1541918,2655021
47666,4204,832681,43093,5315,1646729,2582133
5407,4778,454409,77296,4648,401364,950032
9444,6630,355820,37408,4889,1703037,2119747
8889,5870,483823,48407,6056,1427998,1984414
9388,6593,38699,40055,4852,1711161,1813100
5796,4963,1068938,36759,4408,1450379,2573429
23481,4593,880257,115111,4093,1360191,2390227
8481,5630,657114,83759,3426,1511687,2272246
9463,6074,1070449,38703,5111,1498740,2630966
45759,8796,42328,52370,3500,1766495,1922118
5852,4925,1252844,47426,5259,1585065,2904575
23648,4611,464499,49352,8518,1862413,2415245
9148,6019,680316,51055,5408,426288,1180327
9277,6148,572747,62888,3685,1702000,2359134
9203,5611,453102,39259,4945,1473849,1988507
8926,6185,191774,31962,5334,1517160,1763712
6981,4797,249387,38556,4611,1560823,1867267
8518,5352,42059,36092,5037,1687060,1786804
7425,5112,50580,47648,4222,1548021,1665083
6314,5130,919672,45334,6018,1449017,2434059
8555,5166,209680,51981,5296,1516644,1799692
4833,4630,519274,34852,4796,1623787,2194950
9407,5722,41799,72185,3277,1757895,1892674
7666,5630,92005,41796,5667,454528,609959
4981,4741,195564,43944,5482,1479148,1737490
8573,5334,302215,91332,3426,1395183,1808896
7407,5352,100682,39982,5222,410703,571478
56073,4722,40853,44018,6426,419034,573459
7518,5259,156467,48000,5759,426808,652274
4722,4463,243117,41834,5759,1926739,2229338
8518,5241,33900,33981,5500,1672904,1762545
9426,5963,39681,57111,6185,1774586,1895452
6666,4796,217295,39667,5148,1727841,2004099
4685,4463,222594,46741,5444,1490395,1777100
8036,5148,327154,53833,4759,1480336,1883025
9333,5555,68177,39648,5259,1803219,1933859
5500,4889,117864,32408,4666,421151,588904
8370,5555,182313,39777,3204,393888,635144
9795,6056,271760,49685,5759,1472230,1817266
6851,4741,80579,36963,5130,2068204,2204542
9388,6500,100675,29926,4055,471766,625088
8685,6518,168697,82111,3648,352781,625274
9184,5278,240459,38778,5444,1449697,1751433
5092,4537,66908,32833,4648,1553379,1669786
9685,5592,66893,43074,6426,456715,590978
5925,4537,133693,30259,4629,1540076,1721712
4240,4463,177955,44240,6222,1630386,1869840
9592,6371,345161,27889,4685,1489809,1886063
4352,4574,43314,41000,4203,1745731,1845471
9796,6129,112892,77073,3834,388235,600385
8000,5426,183117,40555,5796,1472633,1717601
8907,5815,269731,47555,6260,430449,771088
9981,6723,43921,47036,4889,432113,547423
8518,5592,61240,38925,3278,1591677,1711860
6869,4556,198094,34777,4982,417458,669125
9018,5667,239282,42037,5518,330344,633866
9074,5833,717099,34962,4667,1572999,2347320
6851,4815,70364,40685,4389,1526534,1657083
8129,5519,150349,31370,4074,327815,529367
9888,6334,207037,39463,5796,1492193,1763101
8185,5203,302466,42593,5185,449455,815550
7518,5370,87638,33888,4926,1711296,1852729
4925,4241,98826,45463,5185,498133,658533
8999,5648,180848,71166,3352,1486531,1759600
4592,4463,343443,33074,4481,382682,775273
6685,4852,70114,31222,4130,1624227,1743693
8777,5556,62044,46259,5463,1561557,1692953
9055,6130,150528,83740,3075,391820,646626
9296,6018,256087,43963,4778,1513310,1835804
5555,4981,337609,42870,3204,382202,778699
5111,4370,44576,45241,5555,401755,508664
9111,5685,124802,44666,5204,1536799,1728249
6333,4667,230342,57370,3703,1430223,1735286
6758,4556,307141,33685,4833,459892,819402
9333,5592,50831,44796,4760,1603770,1721452
7907,5148,115408,31500,4241,1434841,1601897
8796,5518,178264,44222,6203,1423542,1669212
6148,4500,297248,38962,4556,1758629,2112154
8018,5333,48567,69000,4259,440541,578496
9555,6537,90330,33278,4278,1546697,1693361
8778,5444,229148,34851,3945,1545897,1830582
9222,5870,269392,33722,3981,1548486,1873044
7758,5537,46749,34999,5241,1490724,1593009
6574,4870,96270,36333,4500,1577183,1727694
10055,6704,46403,29870,3352,462001,560756
7537,5648,214369,41315,5666,1466121,1742749
9814,6519,528260,52259,3388,2083855,2686391
21833,4278,94321,69388,4204,2086999,2283042
5833,4500,1035338,32444,5111,1751016,2836890
8352,5629,318642,32463,4166,2789136,3160778
22222,4463,175387,58666,4185,1720343,1987933
8796,6148,263019,41259,4352,1769080,2094432
7740,5148,48468,54926,5056,1846964,1970358
8870,5629,1676408,74204,4148,2161698,3933828
6074,4759,224938,39741,4592,460502,743033
8888,5963,718846,41851,5982,1798620,2582688
8815,6203,69983,43092,5907,1672860,1809008
4999,4760,212299,38223,6722,439622,708829
5796,4629,620616,44648,4759,1817536,2500855
5685,4444,180919,32407,4315,1806440,2036599
8129,5537,779881,67426,4241,1512215,2379541
8537,5611,256887,34074,5149,1796081,2108858
5370,4852,427927,41555,4056,2327112,2812983
7777,5259,321283,32834,4629,1811963,2186172
5148,4370,547397,38888,5630,2172828,2776576
4407,4722,65403,35666,4833,2000419,2117895
6147,4797,157109,44611,5666,387666,608477
10296,5944,236113,43518,3944,432847,734662
8870,6129,551559,44000,5481,1893964,2512559
8463,5703,58991,65296,4704,378136,523423
7925,5111,150272,44259,6166,1446034,1662082
8870,6000,250645,38148,4463,1451326,1761508
9482,5703,566277,40277,5667,1788783,2418949
5055,5241,44709,34981,3963,431640,528164
7815,5203,134008,39241,4907,1713815,1907526
6685,4722,201029,44463,3093,1431090,1693712
4777,4982,295606,32389,4129,503908,847828
4258,4612,194258,41704,4129,1433584,1684601
10259,6537,55855,48556,4481,1500932,1630157
8111,6093,150525,85851,3352,335787,592534
7259,5296,236380,42241,5500,1573738,1872507
8056,5722,328920,37129,4704,363409,750144
9889,6703,46944,40370,3315,1536010,1645305
8944,6148,154743,27148,4574,440661,644626
9370,6222,413356,45907,6204,1751131,2234616
5555,4482,325582,43444,5593,431135,817921
7926,5074,48550,40703,5982,1716772,1827897
5074,4296,129442,34278,4740,1487808,1667786
9870,6370,176223,53500,4630,296218,549497
8407,5463,303374,51259,4186,1767465,2143376
9593,6444,91453,33222,4352,1651536,1800138
9907,6037,58716,39926,5611,434633,557330
7611,5166,150460,44407,5278,433925,648977
7444,5482,240166,79592,3593,389811,728477
7444,4982,32541,32815,4037,1650448,1735064
5444,4481,64045,35166,4056,495822,611478
9833,6611,502379,43370,5019,1715052,2284986
4592,4426,241106,33555,4408,1423309,1714063
9463,5203,303091,117037,3203,1383288,1824563
9074,6259,34929,40537,5685,1506154,1605472
8814,5463,89266,43000,4574,1554984,1708434
8370,5574,179287,37204,4426,1605553,1842804
6815,4685,289883,49629,6981,1496033,1856137
6685,4204,39906,37796,5463,411017,507497
8444,5074,1268996,45130,5685,521863,1857656
7185,5185,150820,54777,4463,1720225,1945044
7500,5148,259100,32630,4389,1538240,1849211
5055,4482,57456,43759,6297,497410,616478
5315,4500,75682,38852,5852,434499,567127
7889,5351,119316,41481,4537,423163,605367
5481,4593,233430,32518,4204,1436412,1718731
11981,5908,292895,71908,3166,1503168,1891248
8073,5223,42863,52629,4834,1623645,1739452
9222,6370,106811,79370,3222,383575,591515
5388,4741,185499,44297,6259,1502861,1751193
7500,5129,263188,45426,5370,1739949,2068525
8110,5500,37711,35037,4518,494787,588015
9518,6426,74844,53555,3463,444320,594459
5555,4704,197587,30741,4241,1449513,1694471
9444,5777,247072,52482,6055,410091,733347
8481,5500,308853,41926,5426,406031,778310
9240,6611,44524,50722,5445,471639,590977
9314,6092,145046,41574,6260,325025,535959
6870,4611,207327,46204,6148,368429,641774
8388,5389,292571,41703,6019,1509844,1866211
5018,4889,46094,42277,5222,1522212,1627805
9981,5908,82430,46722,6500,351011,505016
5777,4426,187137,79667,3796,1448649,1731508
9518,5945,313696,77795,3297,1618533,2031118
8463,5703,232181,42871,5240,1519031,1816230
6222,4666,62649,44407,5259,1469176,1596009
8333,5556,147540,38333,5056,1494801,1701990
5296,4759,262414,41685,6352,1485242,1807841
7629,5092,22400,41407,5815,451134,536089
4703,5204,57588,39463,5759,1683012,1797952
7814,5000,119166,40462,4926,1454584,1634342
10925,6018,241299,49259,6037,1485876,1802044
8629,6241,294839,40777,5074,1547540,1905415
5499,4852,63380,39667,7425,416358,539515
6666,4760,125420,32296,5278,437650,614070
9777,6685,177312,43278,6407,1521493,1767452
6518,4759,271094,43185,5259,1541858,1875118
8166,5445,39042,54796,6315,1714225,1831045
9000,5851,54787,44240,5278,1510445,1631564
5463,4555,150383,67166,5055,394430,629348
4481,4130,269959,39907,5926,297278,623774
9648,6593,320851,97944,3870,1373453,1814526
8037,5277,41505,44036,5297,528881,635681
8981,5574,113414,101852,3370,1374336,1609823
7703,5315,204621,51278,3352,1477257,1751952
9629,5203,309088,40333,5259,1480735,1853655
9277,5944,46371,52870,3370,1689601,1809341
9944,6685,126355,32110,4889,1526228,1708712
5962,4519,199209,43315,6352,1487391,1748952
7962,5815,282972,48648,6129,1495518,1849229
9426,6685,91587,42611,5482,353076,511368
8851,6241,81998,48722,4111,442425,595070
7574,5018,148761,43648,4259,544957,756014
5074,4574,294708,46463,4722,1828853,2186765
10185,6648,588044,33166,3963,1475092,2119302
9092,6223,38920,48148,5444,1968549,2078395
8463,5722,117997,56482,3926,324370,519849
9277,6019,207704,30703,5852,1531563,1793674
7222,5037,292448,91833,4592,1467208,1871026
5222,4537,41638,34722,5037,1563315,1656824
7852,5240,85308,45259,4759,1499665,1650157
8630,5833,174255,36778,4018,1492216,1724120
5296,4703,262666,42870,4574,1505472,1827933
7018,4407,32597,34592,5296,1766208,1852674
4833,4222,59656,36648,3907,410194,521738
8981,6166,388898,37093,4426,2053217,2501188
5981,5426,248273,42555,5426,1756975,2066895
8703,5648,535090,37907,4722,1566176,2160950
6351,4426,308520,60981,5796,462457,851272
5092,4537,116877,38444,5611,1557188,1729990
9296,5703,214176,35611,5037,1555351,1827415
5518,4241,317771,35963,4500,307929,678070
8926,6315,41479,60592,5649,476609,602015
7537,4889,115131,29536,4630,1564933,1728823
9630,5740,222597,35037,5315,1483059,1763360
8148,5407,271619,37667,3759,499784,828792
9518,6574,38586,40926,5852,1695866,1799452
9092,5852,51071,36203,5297,1533104,1642712
7852,5000,142370,34296,5167,352830,550238
8667,5314,231466,56759,3593,1528653,1836526
7981,5408,23452,36407,5241,1610482,1691546
6296,4574,59307,29130,4907,473338,580330
5333,4148,133014,40148,4926,1513050,1703120
9240,5500,208239,108889,3407,1371344,1709008
7944,5426,320557,38259,4093,1496283,1875007
5370,5055,59136,34278,5592,525379,637607
9778,6648,84584,32296,3944,1529684,1669601
6796,4741,178475,29963,3833,1580329,1807415
5666,5019,277923,36815,3463,325017,656089
9351,6074,46706,33555,4037,1696340,1798970
5222,4537,58802,41833,4759,1582040,1699583
9926,6185,179860,70203,3778,1405927,1677935
9314,5833,236678,74945,3648,1449626,1782100
9500,5314,27998,34185,5556,1682992,1768212
7758,5112,38093,51518,3760,1864228,1973006
9722,6630,510483,40908,5740,1674985,2251172
6036,4389,212322,79185,3592,1376613,1684730
8147,5352,312473,41870,5630,1479701,1856618
8647,5834,35181,54871,3962,1621901,1733230
8444,5352,629664,39833,5685,480719,1172919
5926,5092,173392,68462,3630,1488839,1748045
8704,5777,268840,48092,6148,456175,796162
9333,6148,154418,30166,5000,1493869,1700935
6277,4519,55754,35537,4852,1803919,1913729
8704,5203,143999,37240,4852,1416326,1618639
8815,5629,239391,41685,3740,1520674,1822341
6055,4555,45877,40111,5500,1561558,1665990
4907,4629,424804,33630,4944,1561684,2037413
8814,5575,115234,80037,3796,1437849,1653824
6981,4778,229015,31000,4333,1476993,1755526
8110,5259,295593,33537,4056,433088,781736
8795,5611,50450,33759,4074,1571282,1676082
9370,5926,119804,27222,3796,430100,598570
9073,6297,189233,48685,3611,335041,594441
8295,5130,266051,43556,4537,1468697,1798711
6555,4519,40093,29870,4666,1658619,1747082
7129,5166,57486,41407,4611,515937,634236
7963,5074,178266,36111,4648,1462502,1697287
8185,5204,245991,35370,4537,1558239,1860878
5833,4481,330717,40426,4463,1416106,1804211
4630,4629,47037,44629,5963,460553,570034
5611,4703,133151,42907,6519,1505024,1700360
9684,6111,598560,107073,3889,1422373,2149672
9611,6019,332286,29611,4574,1778738,2163247
5555,4482,43013,83240,3371,361095,502979
7759,5167,95646,42666,5167,389740,549201
4852,4333,187112,62833,5741,1501563,1769138
9907,5759,279115,40537,6389,1526948,1871174
4629,4722,69990,38037,6426,498303,624867
9592,5370,52846,53481,3667,449133,576459
5018,4315,144923,97869,3334,362259,620107
7592,5186,230148,41759,5518,1522119,1814971
4500,4796,246725,38982,3740,1781652,2082710
9296,6204,49378,42574,5240,1876685,1991692
8777,5370,117604,43462,5111,1518146,1700452
8833,5537,199662,46000,5777,1475439,1743693
6999,4797,360202,39796,6092,387275,807754
9147,5537,375613,38667,6185,1722448,2160320
8259,5648,893354,31685,5204,1426261,2372523
8332,5519,177602,41352,5870,1435518,1676878
8184,5815,275290,44630,4352,455390,796069
7518,5185,37388,39666,5185,480480,578145
8722,4815,53168,42334,5314,1581081,1698175
5574,4889,167282,40537,6148,1447782,1674657
4277,4685,270879,42851,6537,492969,824217
8907,5889,2058799,39185,5240,1532754,3652959
7573,5037,128257,55519,3944,1476122,1678841
9611,6519,110223,36203,4333,367108,536516
7221,5019,593706,54981,5092,508251,1177567
6333,4888,294655,42797,5574,446266,803402
4370,4759,41308,50074,5407,444300,552311
8592,5500,78978,64999,3963,1514087,1678508
9407,5815,201147,41796,6389,1547879,1815063
7036,5667,342706,40222,6018,331716,735792
7925,4686,92784,37667,5703,1781297,1932970
7648,5389,62251,44278,5018,1554036,1681546
7166,4833,154810,41592,6723,1442699,1659953
8685,5907,235572,45074,6093,1552509,1856267
5870,4685,762832,36019,5018,1587524,2405152
5259,5407,36840,79295,3408,427491,559904
4315,4796,113194,42111,5259,548080,720570
4888,4815,209031,97351,4148,1405682,1728304
4240,4538,417681,30907,4222,410351,874495
9389,6407,74464,54833,3537,345497,496238
9759,6740,83357,44648,5407,444900,596885
10111,6444,190916,40277,5037,1475223,1730194
7758,4889,257641,37148,4092,404467,718681
9852,6574,38664,30518,4778,1550771,1643861
8703,5556,57648,40481,4575,1536378,1655564
9518,5703,156134,48425,3741,1438339,1664249
6573,4760,236210,99277,3222,1350744,1703416
8573,5741,324788,39277,4167,1488553,1873470
8741,5444,54570,54852,3333,1522383,1651935
7092,4926,134722,37259,4111,407720,598367
8148,5240,195262,46000,5055,1537876,1800508
5907,4704,512837,45648,5426,1333948,1911248
7037,4944,40473,44333,5852,453098,558608
5073,4426,100291,47518,4630,386891,551552
9758,6111,179924,52500,4667,1411826,1667693
8389,5481,262205,37648,5352,1420266,1741897
5759,4889,37913,45648,6481,1854669,1958118
5463,4944,60231,51019,5981,1556593,1686527
8666,5463,191142,41092,5037,365911,619774
7981,5722,240497,73240,3630,1535141,1868804
4704,4796,198722,38407,5371,1532100,1786490
9574,6611,49356,42222,6074,1558282,1674435
9610,6685,107934,74722,3407,1530631,1735008
6926,4981,219140,33722,4148,379968,651293
9352,6388,293699,55019,6129,1504994,1877878
9073,5815,55463,44333,5870,1540343,1663064
8055,5185,128318,36111,5259,1517673,1702638
9778,5889,173487,76018,3686,1566798,1838971
8073,5167,264620,43315,5630,1517683,1846803
6129,5223,85439,45185,6111,423058,573515
4888,4444,57221,73815,3611,414276,560755
8204,5370,138168,71278,3185,1547951,1776804
4278,4703,620504,57314,3944,1712113,2404968
8870,5963,665618,43277,5426,1809794,2540985
8684,5982,1221766,60204,3444,441168,1743785
8629,5630,108127,47574,5018,1572011,1749415
8926,5500,217537,40093,5314,386552,666478
8481,5167,319188,46500,5945,1523985,1913174
9314,6519,43286,40259,4740,407249,513867
6036,4482,575731,43074,5333,397874,1035308
8019,5166,174774,85907,3445,1478530,1758749
8833,5315,260332,46741,6259,1593138,1923285
5777,4389,163114,41000,4408,1512764,1733804
9537,5870,81822,81555,3334,1491113,1675583
5388,4408,170954,47093,4426,401375,636015
8740,5815,299531,32630,4500,2118972,2472374
6462,4815,891884,36537,3926,1568971,2515725
50388,4555,79466,43203,6186,368513,554256
5129,4352,233728,39796,4814,468546,758681
8370,5592,197250,67074,4000,404894,689866
8333,5592,295846,66407,3111,324614,705922
10351,6000,26906,44740,5667,368666,464719
5166,5037,858424,81148,3240,1496322,2451726
6704,4611,198523,67888,3241,1481356,1764971
8629,5296,277897,66073,3223,459710,822921
9963,6814,73568,41241,5796,383541,523516
8277,5241,46423,34629,4667,511962,613644
9130,5259,135370,40445,5259,1594545,1792082
9166,6037,251096,31037,4778,478881,783329
9370,6630,143766,38241,5333,1473298,1679323
7000,4833,34771,41888,5741,478301,575238
9426,5870,107977,39445,3796,1527624,1696157
8629,5574,208813,67963,5222,1473139,1771933
8962,5759,643297,42444,5796,1334747,2043061
8611,6203,33433,37759,5278,1725853,1819693
6944,4463,84047,43388,4315,434265,579496
5000,3777,170828,36778,4907,1514477,1738323
9407,5740,260202,45574,5055,387184,715625
8870,6056,41909,36222,4241,466198,565608
8796,5852,46394,38889,4037,1529337,1636601
5759,4167,140657,42759,5667,1566462,1767471
6111,4370,249475,38296,4981,1500811,1806119
9444,6592,355719,38333,4463,1433012,1849989
6851,4593,49686,35667,4629,1833858,1937821
5389,4222,110245,44648,5593,1497615,1669712
9555,5889,225415,39944,5204,1458426,1746471
7759,4981,298085,38241,4740,1492867,1848822
8240,5222,172015,39222,4186,376018,607237
7870,5037,99964,44333,4148,1580841,1744175
9573,6833,563187,30611,4871,433788,1050956
5425,4334,273414,40888,4797,429989,761440
5926,4741,30863,44611,6111,1471535,1566269
23851,4574,40182,71148,3518,381446,526849
7407,5000,137666,44648,4204,1445898,1646861
8814,5889,236373,44907,5592,396068,699977
8018,5370,53304,45999,6371,1780111,1901303
7037,4704,34677,47018,6111,410487,512016
6240,4871,142421,45092,5574,1471699,1677879
6426,4833,202702,43277,5204,377813,642811
4926,4370,319631,94463,3851,1458488,1889396
9111,6315,36488,51685,5574,472212,584423
9222,6444,114658,65962,3556,1509647,1712101
7795,5575,169012,41722,5334,333965,565756
9407,5999,328183,38555,5574,1670510,2060321
8036,5704,179242,42889,5314,1428767,1672490
9592,6481,46154,46629,5907,537788,654329
7425,5093,376581,35944,5371,1551870,1984932
7055,4389,254548,49630,5277,459429,782958
4777,4019,545125,44611,5833,2032786,2639447
8704,5666,33427,48574,5056,1608766,1712323
8389,5407,113245,44037,6333,454400,633978
9925,6463,370673,37259,4889,431192,862754
7777,5537,291474,47814,6352,1506590,1867785
7425,4871,40552,37185,5148,419908,517460
9129,6259,84907,55648,3167,403015,564626
5259,4148,605612,37370,5371,441307,1101253
9721,6408,56174,44722,5555,2004499,2129431
8148,5056,43585,57648,4537,470597,592460
5037,4259,85329,38093,4074,396983,535886
5870,5222,166425,41777,5482,1438269,1665268
5314,4482,287779,33907,4556,457234,796513
8963,5629,947095,41741,5333,1405039,2415875
4166,4444,46659,34574,5222,407783,504941
8240,5611,134180,41092,4760,1474995,1671564
5204,4796,200498,43555,7259,421073,684607
9610,6149,320426,38871,5296,1492858,1875155
9167,6333,55432,66833,4833,1522003,1666768
6018,4592,121102,35148,5130,1491648,1666119
7833,5611,206901,44648,4981,1527866,1800785
4925,4574,270127,40203,5704,1524826,1852470
8444,5722,51242,31333,4834,572346,676866
6203,4982,49338,62926,3241,441029,571367
4406,4667,177767,39611,5519,1537444,1771767
4148,4574,627490,41223,5518,1444645,2129691
7388,4482,873456,37629,4926,277130,1207048
9981,6519,46111,34352,4500,1805599,1909433
7925,5278,891926,42185,5500,464621,1420102
5055,4870,197655,43352,5315,1485927,1744285
8870,5778,342139,40537,5482,1809477,2214746
7666,5463,52292,35333,4871,1861362,1969321
9963,6778,94092,39314,4778,1484324,1641805
9018,5204,175280,42630,5370,1539839,1780915
8537,5518,259821,41333,4426,504989,827014
7666,5463,32437,46981,4944,409543,509682
6740,5223,59347,41185,5759,424965,545849
4925,4334,152776,44296,3704,498275,710144
8463,5611,232446,39037,5759,1725801,2020155
5703,4500,367727,39315,5500,417694,843106
8426,5500,60639,39481,5408,409895,532201
9129,5537,489567,35463,4537,1755531,2302912
4833,4537,426422,41463,5389,1460770,1946174
4351,4463,290408,37815,4870,326773,671496
7407,4963,72708,33037,4667,395103,520645
9592,5666,78546,44130,4796,1574000,1719471
5555,4908,181234,40703,4574,391818,631681
6814,4926,276052,42574,5778,408166,746718
9074,6352,32482,39944,5463,450756,546127
8499,5537,43005,39111,5018,527603,631403
5018,4500,153341,40537,5796,1671926,1883841
8944,5537,220751,39130,4481,425985,707570
4778,4278,354643,38333,5704,457037,867180
4222,4296,66833,42852,5333,401497,527700
8315,5481,116670,40296,5574,425642,604700
5130,4814,195433,36407,5148,1479724,1729231
9796,6482,442731,38814,5260,427189,932921
8815,6222,48496,33740,4630,1756216,1860804
8499,5445,72888,70574,3851,1587510,1751730
7370,5241,345724,34555,4926,426753,826940
5963,4537,1057927,41204,4944,1753593,2870539
8296,5389,31565,40722,4593,473746,566385
9462,6426,54828,39204,5704,504038,621459
7110,4723,148646,38259,5500,1522473,1729286
4740,4741,146186,32241,3944,481143,674829
9315,6537,14006,40648,5518,1847335,1925859
6741,4962,39584,47888,6241,1754721,1863841
8389,5630,108901,41037,4889,1531551,1702361
4962,4593,798290,41482,5500,1653065,2510225
8518,5814,304575,41685,5462,1536230,1904470
9518,6297,33708,36741,4852,1739095,1832915
6555,4685,101971,47037,5333,349100,516830
4870,4148,169586,83073,4408,1502478,1770601
4407,4777,258145,44759,5759,334611,654459
9536,6556,55315,35204,5111,1575823,1690082
8981,6074,38671,37648,4093,419011,516942
8741,5203,472450,34056,4574,1384038,1911452
9685,5962,256048,43518,5944,1551794,1875081
7499,4945,771752,40444,5352,1531419,2363522
5537,4481,35500,65314,4815,361554,479405
7648,5055,2033568,44685,5167,1526762,3624997
22666,4537,813541,33740,5185,1656704,2538373
5629,5148,66844,46555,6019,371005,503663
9056,6407,30144,56166,3574,506575,613941
8944,5963,77832,44037,5834,1463492,1608546
8073,5093,554241,57296,5574,1532265,2165357
8111,5148,267245,37019,5055,422417,747736
6648,4944,174342,41778,5185,1431074,1666842
4852,4240,61624,36815,5204,476409,591552
9092,5648,165294,42888,6204,1543159,1774304
9074,5907,253038,37852,5259,1477711,1791212
8018,5407,339559,42982,6092,1530948,1935155
8407,6037,57861,40481,6370,1723777,1845026
5055,4204,121901,37999,5315,1478516,1655712
5500,4833,1390713,41426,6463,1721009,3172333
5074,4851,124853,40518,6204,1485656,1670360
8092,5389,73337,38926,5222,423548,557200
4796,4445,99433,35593,5166,450397,601923
8925,5945,159029,44667,5426,1463960,1690267
6185,3722,253477,52907,8519,1530271,1857433
9574,6519,37018,39019,5203,1606879,1706435
6000,4555,46819,51055,5982,487011,603460
5592,5000,149062,37334,5407,1546594,1751786
9295,5445,248602,36037,5204,1690571,1997654
5111,4518,497549,34556,4870,1577568,2126487
8795,5778,958902,62130,3907,1571749,2614151
19796,4778,105262,39981,5111,1485340,1663768
8851,6241,189635,46037,6204,419416,678403
8778,5777,278194,34148,4797,1481980,1815638
8722,6333,33699,43333,5185,469669,569145
7444,4833,513459,46093,4426,1761712,2340245
9759,5555,158928,55407,4370,1497748,1733786
7110,4963,250486,38963,5018,1526818,1835285
9740,6223,41157,44537,5407,1490537,1599676
65463,5648,54623,37482,4833,1826513,1996655
5388,4223,140738,99518,3574,1445104,1701008
9203,5574,221612,39166,4222,428570,711014
7833,5444,325355,81555,3389,366363,792791
6703,4797,55526,32297,5611,492451,600237
5925,4278,106993,93629,3408,350318,566848
9741,6259,209848,36963,4537,1501864,1771212
9815,6092,276889,51981,4259,1495971,1846915
5092,4611,74041,43148,6463,402641,538756
8388,5408,71915,46851,6204,443026,584182
9814,6611,179714,37926,5074,1465609,1707286
7481,4944,286717,35352,5204,412538,754884
9221,6593,39000,36796,4926,1758822,1857896
6870,4926,57670,37074,4815,458475,573071
9111,5648,168543,34629,5019,1482225,1707138
7185,5130,260713,43629,6389,416820,742107
9370,6278,569863,37630,4185,1572568,2202450
5870,4667,106925,34148,5259,408331,567405
10092,6574,95466,45388,5222,1541433,1706286
5833,4574,204783,35037,5092,1487059,1744415
8981,5722,165213,42944,6648,1464796,1696656
6777,4834,89475,37852,5130,1729698,1875933
8352,5444,71683,49611,5315,453258,596274
5407,4259,177557,45648,6148,1811561,2053062
4777,4056,254930,102666,4000,1413393,1786119
9426,6241,53805,37962,5297,495043,609793
8555,5555,54235,37240,4093,1505997,1618379
6407,4704,134811,43019,5185,433296,629755
7962,5371,218388,45815,6259,536088,822421
9111,6296,329096,53777,5056,425177,831125
8462,5371,67156,75962,6204,344860,510663
9315,5500,114789,42648,5240,1506572,1686731
8814,5667,201144,38037,4203,1496143,1756434
8815,8259,300684,35537,5389,482218,844181
8814,5241,30448,61315,4296,1735337,1847933
5852,4389,74451,49370,6204,459527,602126
9352,6685,171640,40888,5352,1492684,1729323
7482,4870,286143,46184,5352,414446,766885
7777,4852,38092,36037,4833,492146,585682
7740,5297,46595,42407,3741,638363,746847
8036,5130,184302,45740,6185,1471540,1723137
5741,4444,264102,53147,5445,1432314,1767508
5592,4500,128606,37981,5148,1427200,1611453
9314,6389,40536,46536,6408,453220,564515
9018,5555,114132,39018,4222,378218,553496
9296,6296,186894,45852,6018,1443671,1700490
6518,4407,5898,38259,5111,497006,559459
9315,6500,31679,44352,4315,467465,566293
8833,6481,838031,61055,3334,1475899,2396374
8833,5148,178501,37240,5204,1528026,1765416
9055,6037,283355,42796,6130,1486893,1836322
9592,6629,52879,37315,5314,1567056,1681138
9055,6351,75383,42870,6407,1484516,1627156
6667,4740,166700,66463,3833,1448402,1699101
5870,4852,252555,54704,5166,420589,745774
9536,6796,12431,45388,5945,1773244,1855359
7759,5407,44396,40704,5926,426397,532923
6796,4667,116770,36463,5166,1494758,1666657
8684,5389,319402,41908,6388,419483,803402
5925,4649,326702,40629,6037,500219,886328
4703,4556,62447,36370,5463,391809,507997
4185,4796,71803,37463,4092,485694,610052
9870,6370,157214,55203,3852,1539017,1774582
5241,4629,296976,38759,5370,416835,770403
7369,5371,28443,43111,6444,436165,529052
9074,5426,55187,41796,5389,1550710,1670972
5518,4574,134375,46389,4074,1527077,1725804
4296,4481,239768,51407,3611,465432,771217
8852,5981,350752,41222,5556,1479052,1894119
9130,5777,42146,35593,5407,511295,611923
9185,5667,130816,35388,5519,1519693,1708564
6888,4704,229578,42519,6388,1522745,1814970
11666,5500,326896,37704,5333,1732166,2121709
7907,5648,57012,34500,5055,436504,548756
8481,5370,66497,37704,5000,1555660,1680731
9574,6314,151501,34092,5445,457533,667700
5389,4370,257763,49777,5037,457974,782477
8574,5629,34953,42259,5426,442581,541700
9499,6482,462435,67463,4611,1715551,2268060
8889,5925,324496,34166,5019,404000,785255
8629,5908,215351,81166,4000,1708989,2026377
10314,6574,327688,40888,3315,1545801,1936562
7296,4981,46600,42592,6445,409860,520441
9315,6074,109029,40314,4389,408227,579534
7703,4908,222902,63629,3408,1515717,1820878
8778,5481,211609,28537,4463,422943,684126
9519,6629,43058,37408,5148,418494,522997
8315,5333,69265,44000,5500,429657,564108
5000,4426,271119,34296,5019,1800257,2122580
4778,4518,282531,48407,6796,1549273,1898359
8759,5463,72258,40036,5260,465498,599645
8777,5649,72113,39592,4370,572809,706033
6444,4741,129801,43296,4834,1699502,1890933
9370,6166,235046,39629,5463,1534852,1833341
5148,4796,9087,38722,5778,453318,519534
9222,5463,38331,64333,4037,405221,529089
9759,6574,98852,39500,4111,450515,612052
8684,6204,206578,87148,7296,321807,640310
8240,4945,281581,40722,4685,1494167,1836767
5629,4630,28752,51611,4482,405355,502478
56869,4556,23201,35888,5037,439704,567274
7833,5000,162370,57981,3556,1597545,1836322
5592,4389,286984,40167,5925,1490783,1836081
9426,5944,35359,31630,4444,500582,589867
8315,5981,36585,63666,3371,383783,504423
6037,5148,129496,43944,5000,1449550,1641287
8833,5740,253203,40573,5889,1524732,1842729
7407,5093,34818,39592,5667,1524746,1619990
9370,6426,74784,38944,5593,1767538,1905896
7610,5093,134121,39555,4463,1512240,1705175
9462,6093,191068,42185,5352,406058,662200
7684,5186,295479,42666,5685,1520584,1879877
9111,5444,750166,58352,4888,1599580,2430264
8759,5444,70580,43092,4722,1534837,1669768
8815,5759,654840,31185,5148,1845238,2553392
7074,5500,247493,40259,4389,1510718,1817545
9555,6519,32627,41093,5777,493092,591256
7870,4944,34668,31834,4666,401922,489534
9648,6407,219338,39814,5722,1824391,2107413
7907,5352,229396,41315,5500,372581,664644
6537,4703,663639,40926,5685,1781809,2506022
6074,4870,54238,40129,4982,469110,581533
7759,5148,126982,28889,4574,1501619,1677657
4833,4852,188688,39167,5092,457641,702440
8073,5796,274711,41926,5462,361712,700310
9907,6629,96641,40796,5667,415115,577607
5759,4278,70755,39611,5722,459667,588422
9704,6592,169370,41518,5593,1513064,1748545
7944,5371,284761,40685,5593,1570894,1917655
8278,5925,48748,38167,5500,1639094,1748027
5444,4741,39381,36870,5092,1824071,1918081
9406,6334,122810,71129,3907,1502662,1718693
6722,4759,263998,61722,5741,452757,797940
9055,6407,312187,44741,5629,1579506,1959877
7426,4685,57728,41019,4907,1762964,1881100
8907,5814,94639,38945,4796,1498092,1653879
7944,5203,183995,48573,5741,1470478,1724286
5536,4556,292978,41463,5445,393609,746421
5481,4537,33558,42944,5870,1750358,1845582
8888,5870,76265,40722,5648,465547,605700
4573,4760,158267,57537,5944,1730351,1964173
9258,5611,271253,65277,5204,1603551,1962358
8536,5667,32016,39000,5389,1624344,1717563
7944,5222,54816,43444,5574,515829,635274
7573,5148,142653,83777,3574,1450634,1696175
8685,5278,213081,50778,3129,1451872,1735268
8389,5444,4753,37962,5130,424726,489182
5019,4925,42775,37685,5241,472555,570886
9481,6000,93149,74184,3704,1504046,1693361
8037,5185,184318,38740,4908,1561764,1805249
5166,4537,764930,51629,3389,1516260,2348319
9944,6352,42344,40870,5797,1748404,1856230
8370,5703,80052,40018,5537,436631,579070
5666,4222,77333,48741,4389,484812,627422
9333,5482,250465,38185,5018,435716,746792
9574,6389,39284,39926,5592,1697279,1800397
9481,6241,33455,44629,5148,484154,585645
9018,5259,556715,41240,5019,517575,1137141
9851,6963,236887,40685,5463,1440603,1743082
8000,5333,13169,38371,5314,1854227,1926896
7703,5222,48136,54536,4500,1742706,1865285
4962,4445,102101,34482,4666,462099,615052
8703,5741,218308,41833,6185,1460774,1744156
8963,5444,387071,37222,5463,1826731,2273135
5685,4778,41483,39314,4556,485440,583367
9184,6408,67208,38889,4426,1481541,1610120
8092,5315,155582,47852,6296,1484834,1710175
8259,5481,423677,32611,4722,515503,992309
5406,4575,58515,32185,4259,1726104,1833563
5648,4481,41390,46425,6260,489681,597367
9852,6241,126818,74944,3408,1394061,1617880
4722,4445,220655,71925,3241,466470,773866
8944,6463,330473,40259,5148,1430257,1824174
6685,4407,54460,44518,6407,1652938,1771804
8722,5278,97444,36870,5148,1526509,1682694
8981,5537,207891,74666,5093,1479895,1784285
8222,5574,306616,36167,4611,434823,798643
7425,5037,73085,39777,4611,382228,514608
8518,5519,95847,41185,5278,1460088,1619324
8555,5481,154239,37130,5037,421572,635348
7537,5000,275557,39500,5092,1522210,1857730
4926,4407,31099,37426,5315,1587261,1672787
9592,6648,58435,39519,5407,459098,581163
7407,4944,128680,38500,5333,1498848,1685842
9240,6537,250368,43852,6074,486683,804866
7759,5370,348815,29908,5166,1497415,1896933
5703,4482,36301,55556,3685,1604170,1712619
10019,6648,91860,75259,3130,1600721,1790397
7648,4981,186031,48666,5278,1541607,1796415
8500,5537,276478,89647,3223,398740,785829
7721,5056,50649,39259,5389,423033,533126
5332,4723,92578,35296,4648,1545616,1690397
9777,6111,152637,32630,4074,1425964,1633286
5167,5296,272474,35703,5000,1584497,1910026
6611,4981,161590,44147,6482,1418512,1645028
4537,5130,581275,39630,5537,369329,1008068
4092,4482,164929,42444,4926,1500412,1723712
8926,5481,221692,46593,3315,1876239,2164302
9463,6203,300696,57851,5185,271598,653033
7740,5333,29664,49962,5759,559926,661070
8147,5463,480017,35814,5056,446348,982660
5278,4185,401631,52945,3314,2008502,2478004
21592,4426,280432,41907,3111,1455891,1809415
5148,4537,34529,48333,5019,456041,555293
3870,4444,83070,37500,5240,1501477,1637619
4277,4574,178499,34944,5167,1411177,1640842
8703,5815,241372,43574,5185,1532024,1838748
5204,4740,33063,48481,5592,1622891,1722434
5074,4593,55195,39092,5278,533912,645923
9481,5463,119661,43148,5611,1462885,1648786
9592,5981,209369,48870,6130,1463103,1746434
9833,6370,7132,36222,5186,1631357,1698212
8944,6149,70024,36518,5130,409880,539238
7870,5277,93251,73610,5093,1458759,1646249
8870,5426,197642,43722,7130,1419570,1684953
9259,6389,322367,30685,4796,379981,755644
8092,5167,29483,39500,5259,1707543,1797711
5833,4518,83987,36000,5037,1568929,1706971
9815,6259,153120,60851,6130,1454444,1693398
5481,4334,260215,41593,5111,1533866,1853119
9351,6130,25479,41759,5759,1680900,1771804
7962,5352,40464,43407,4315,466996,570663
8555,5426,134078,36463,5167,386899,579237
8629,5722,225341,36333,4982,1468519,1752563
5851,4537,336029,42685,6371,1430774,1829044
8981,5389,58608,40630,5815,422962,545089
9407,5722,115371,56074,5074,1485046,1679046
8074,5537,193522,35685,5074,1501412,1751712
4629,4537,705042,56555,6333,1657814,2437115
9722,6593,38048,32148,4667,390597,484368
10241,6018,73645,39537,5314,1738808,1876285
7778,5148,149222,46111,5092,1475176,1692268
9462,5963,341929,36037,5333,1688170,2089469
8000,5333,23323,54185,4074,390693,488109
6092,4852,36530,59240,3741,1564535,1677694
6463,4870,848474,49296,3500,1392124,2306820
9814,6370,212388,57111,3611,1566601,1857970
8944,5592,-2200,42778,6129,1721375,1784878
7870,5370,48489,35722,4907,415416,520386
9685,5963,90343,50537,6278,1552591,1717879
5315,4555,206477,38907,5148,1501254,1764064
9536,6500,319831,36630,5278,1470343,1850174
8333,5278,32947,42889,5148,1526802,1623361
9092,6537,57914,42610,4019,1573817,1696323
9222,6000,151769,52722,6277,1502148,1730157
8833,5463,242198,89833,3815,1453588,1806156
4889,4259,55480,31852,4648,1576973,1680102
6166,4685,47447,41537,5370,1593043,1700212
4999,4538,139431,37426,5259,520787,714255
5129,4093,249934,34759,5241,447728,749736
8314,5241,4735,40019,5148,428817,495126
4666,4204,55442,44148,6093,546591,663477
10092,6703,87020,32185,4241,462773,605459
8537,5444,182097,35408,3296,1501022,1738342
5277,4704,674061,51870,3426,1834776,2576669
8036,5408,50438,41722,4556,517428,629755
9740,6445,93516,36388,5315,1611252,1765397
6833,4944,164556,44685,5019,1475489,1704045
5166,4852,241634,38666,4167,1583300,1879859
8000,5166,43879,42944,6333,1717537,1826285
8703,5518,76105,41240,5945,450300,589885
8073,5426,143163,39926,5537,1404013,1609527
8962,5445,388943,35500,5240,415163,861254
9296,6055,370169,44222,6482,1734762,2173579
5574,4574,478913,60203,4019,1833610,2389300
8759,5981,815971,47333,6278,1338442,2225191
8185,5537,105440,36389,5315,2212120,2374986
7777,5093,23000,55388,5871,485959,585959
10610,6630,232317,37778,5000,1340432,1635323
8259,5037,803170,38278,4463,1823073,2684836
5259,4759,665378,46130,6203,1892477,2622299
24943,4741,79903,41500,6074,1795104,1954247
8166,5185,42092,62092,3778,1772582,1896488
8500,5629,47373,52259,3426,1945763,2066358
9407,6556,582097,43703,5574,427027,1076550
8703,6130,413860,40648,3704,1818515,2294097
7018,5241,299679,49315,5037,1855381,2224394
8796,6185,51258,39815,5111,2986057,3099722
8425,5648,431482,35926,5185,1828893,2317597
7481,4870,33284,34444,4982,1840408,1928044
9036,5556,306212,36389,4870,2050514,2415300
5389,4370,81050,42278,6370,1703976,1846286
4444,4593,65443,41166,4815,444721,567812
10259,5407,150057,103555,3833,1413434,1688953
9148,6018,236468,79814,3222,1461060,1798137
9314,6278,26268,39778,5074,1552963,1641694
8537,5296,62809,40833,6241,1555014,1680935
6000,4889,120997,37092,5074,427907,604034
7481,5333,214612,60018,6074,428310,724218
8111,5555,340189,85463,3537,1356690,1801767
9518,6556,68323,28444,4130,1536500,1656194
6148,4722,90679,47629,5222,475763,632478
9406,6260,196644,37870,5630,1507438,1765841
5352,4185,269407,36481,4889,359219,681792
9815,6666,30190,39944,3741,507122,600256
7611,5185,75600,77074,3926,1421020,1593268
8573,5648,200900,83889,3481,1329795,1634860
6166,4759,246607,37889,4963,1567252,1869915
8258,5297,31592,44222,5482,1586490,1683341
8148,5111,42393,53407,3500,522381,636922
5018,4500,139488,40426,5296,411064,608367
9073,5519,218510,35148,5167,1531090,1807008
8221,5500,2015,37759,5093,1860418,1921081
10167,6777,36815,37759,5315,433034,532979
8444,5722,85744,38777,4315,1526006,1671471
8518,5556,179858,35833,5074,1717131,1954137
8981,5481,272435,43630,6222,1773367,2112246
9055,5778,23792,63407,3870,430668,539089
63092,4389,55869,35926,4778,1799934,1966303
8314,5297,169761,38777,5445,1715061,1944748
8166,5685,237728,47259,4037,426194,731514
9296,5352,37603,35925,5426,1741146,1837489
6259,4667,29847,47111,5203,1539088,1634361
9277,5611,131054,41259,5481,1545029,1740915
8332,5408,205464,37796,5519,462235,727180
9129,6667,315134,42722,5241,1505633,1887211
8444,5740,33565,43611,5130,1741924,1840859
6870,4537,92550,38722,5055,1525830,1676416
8814,5426,176942,44888,6056,1503455,1748156
11796,5871,275574,37259,4278,467958,804940
7500,4981,27079,41148,5111,452548,540941
8147,5334,78545,41426,5000,459414,599959
9110,5648,187938,41815,6388,1557423,1811081
8925,5778,233589,36148,5111,1559437,1852378
8703,5630,24130,43296,5056,1651970,1741804
5240,4408,49875,59425,3148,403938,528404
9815,5889,128841,40500,5222,391007,583386
7889,5166,221919,34518,4093,1478275,1754008
5778,4796,395736,45907,4778,426796,886514
8222,5815,69074,35704,5167,1697914,1823934
7537,5018,101541,36592,5019,409104,566867
9796,6314,189637,34703,4297,1505334,1752137
8481,5278,302436,36759,5037,1464794,1824841
9129,6074,70663,33814,4852,360094,487349
8463,5463,56814,49037,6352,455978,585756
9685,6111,160392,37148,5018,1436877,1657250
6648,5074,251969,39703,5260,402564,713699
7888,5519,35899,35481,5223,1850570,1942414
9314,6482,57569,42759,6574,438928,564478
8518,4925,152073,35852,4389,1551454,1760100
7166,4741,209132,78074,4166,390791,696626
9130,5629,294005,70833,5482,1417706,1805193
9741,6851,24400,64592,3778,415913,527479
9074,6111,135828,42500,5981,430224,631867
10333,6685,176257,63389,3666,307795,570163
9481,7463,311687,40462,5611,1670710,2048562
6278,4740,39488,56166,3519,452435,565256
55814,4592,40306,37741,5166,1723869,1869581
7814,5408,677324,37093,4592,1570903,2305245
8610,5722,255627,43500,7093,416387,739273
9703,5981,29150,44426,5148,1733988,1830415
5648,4352,27839,35629,4648,531380,612126
9462,5945,501932,43000,5907,1513074,2081765
8073,5426,220067,50370,4149,1547514,1838544
8573,5259,4258,41277,5130,1517770,1584472
8851,5871,32742,38203,5426,523329,617941
5074,4759,91597,48666,4871,1711855,1869915
8925,6389,174952,42778,5018,1502427,1742508
8999,5519,261622,34352,4629,473096,790588
7852,5240,24775,35944,5149,1846695,1928396
4481,4592,67982,46889,6463,477052,609867
8222,5519,153929,45796,6074,297420,519053
9648,6092,238915,39796,4389,1580389,1881248
8518,5444,45197,33500,4685,1595738,1695230
6537,4741,50866,38704,5389,404908,513812
5500,4759,921792,35889,5129,1532527,2508022
8055,5630,217410,34037,5240,1506265,1779415
8832,5649,692189,39018,5074,1557408,2310245
8111,5425,40567,51111,6222,441449,555774
8314,5500,87255,34871,4796,482871,626404
9407,6093,189425,47536,5185,1484066,1743823
10796,5741,292687,42666,6593,384772,746070
7889,5444,25748,34777,5075,535063,616126
9518,6519,66566,88018,4611,1505073,1682601
10295,6371,142439,52741,6240,1413274,1634082
7944,5370,249961,44463,5019,1539472,1855526
9740,6056,15521,43518,6167,1518895,1602453
5185,4759,44376,36593,4204,525823,623330
8833,5722,130195,38203,5056,413247,603849
4962,4871,228105,35037,5148,1542643,1823156
9259,6685,304812,36315,4166,1498251,1862396
4833,4574,17428,36926,5037,447661,519275
9259,5833,82783,88463,4055,1558374,1751378
6018,4741,177045,49574,4685,1577759,1822100
4574,4037,281011,38297,5222,435706,771051
8981,5981,25868,39408,4851,1700603,1787989
8352,5611,54335,34203,3334,525161,634663
9721,6686,178300,65611,3537,1460264,1726786
6944,5926,1141059,36315,5185,496431,1693972
7722,5389,38012,33982,4981,478466,570978
9481,6519,60275,43537,6426,462721,591626
5796,4389,124223,44666,6204,1444342,1632380
7444,5111,276615,30759,4500,477121,803847
9722,6518,11490,37037,6018,1647834,1720675
8259,5296,26216,37296,4278,1572534,1656379
9018,5667,99552,39926,5333,424093,585923
7647,5148,189704,35629,5037,1523750,1769730
8852,5537,259540,41444,4315,1494005,1816045
8259,5315,35359,43000,5056,1756055,1855711
9037,5778,65714,44482,6277,1492036,1625880
6222,4611,170811,64092,6148,1477013,1731360
5555,4778,244943,62148,4111,1552638,1876896
8055,5537,28467,37425,5019,1773171,1859767
8814,5297,72858,36185,4482,479064,609348
9203,6537,117288,37944,4370,1792590,1970636
4962,4852,223902,36241,4074,1498032,1774619
8814,5500,200109,39834,4925,2072062,2333560
8444,5556,32373,37333,5074,446198,538034
7925,5167,88321,44296,4111,436695,588589
5055,4260,949987,37555,4778,1570294,2574615
49111,4481,245957,68815,3833,1507903,1882100
7166,4426,28517,45685,4445,1902860,1995155
9259,6537,51539,32371,4148,1531136,1637750
6314,4519,161524,36407,5055,1528392,1744767
9296,6685,244823,34574,4944,430784,733125
8315,5722,12402,54574,4092,458114,545275
5500,4444,28924,76185,3574,593998,714551
8796,5611,129538,36204,5204,1601784,1789767
6574,4537,219375,34870,5000,1446819,1719916
7240,5518,798839,43481,6537,411580,1275714
7907,5166,52476,43000,5833,433540,549922
8925,5630,99460,42926,6500,1519011,1685064
5351,4259,254334,40592,5148,488940,800662
9944,5555,572910,37759,8333,1668021,2305189
4666,5018,231693,36981,5260,1652296,1938673
8963,5740,56531,68944,3074,1565293,1710897
9221,5704,254737,38814,5186,1638326,1954877
5481,4408,783460,34203,5037,379552,1214771
9259,6444,836871,42537,6537,1667429,2571799
7074,5167,212229,38666,5111,1601520,1872211
6130,4444,581287,34685,4222,436670,1070031
9962,6334,682715,43426,5685,474185,1224900
7944,5222,719645,43574,5092,1556267,2340152
8722,6203,531076,43222,4777,1636190,2232986
8444,5444,84970,48092,6074,1594539,1750119
9425,5852,351732,36240,5334,1681886,2092580
8444,5500,2217412,35240,5241,1503992,3777922
23444,4556,596720,55333,4111,1913765,2600466
7870,5389,490223,47963,6167,1697244,2257375
8278,5166,685337,42056,5351,1460984,2209857
7610,5037,446027,35259,5093,1872404,2374171
6647,4889,17459,60462,6241,423187,521219
8444,5574,60925,40203,6222,1499085,1622453
8592,5648,131743,43333,5481,1564803,1761637
8647,5945,236672,42296,6463,1532187,1834637
8518,5482,-6435,37907,5204,1666684,1719268
5444,4296,31106,42574,5018,508521,599885
4722,4277,92850,44130,6092,458258,613070
8055,5407,1336718,40815,5740,491345,1890766
8889,5907,281319,40426,4944,402270,746181
9389,6444,54583,44241,5426,403506,526034
5999,4852,54439,52184,5112,515558,641144
8388,6074,157183,34148,4111,1523066,1735619
8537,5592,260538,40277,3741,1759043,2079784
5369,4204,26098,45444,5074,1639115,1727248
10055,6796,24565,31259,4833,457951,538293
8777,6297,112178,39407,4722,333079,507256
6704,4592,979122,68074,4074,391166,1456232
8667,5703,313296,32518,4463,1448175,1816508
5592,4667,41690,39425,5130,407289,505923
10055,7018,118378,35389,5056,559636,737347
4777,4852,175048,45055,5167,418300,656051
11018,6648,268014,36203,5130,1550382,1879488
5370,4129,43204,53833,3963,402479,515811
8666,5445,52263,55203,3908,421011,548886
9092,5704,155748,39462,5186,1496705,1714045
5667,5222,233899,46129,4574,1517294,1814786
9370,5796,16885,35685,4130,500871,574867
8092,5445,22203,39815,4907,1762990,1846026
5148,4259,156670,29092,4630,353346,555997
8407,5241,208987,49019,4703,360287,639441
4814,4833,765489,42814,4556,1776681,2601706
8925,5908,52588,38963,3129,1826512,1938322
9537,6426,90888,42407,5185,1463696,1620343
5093,4703,374020,34092,4945,1722986,2148469
10018,6833,288061,41796,5019,1565206,1918989
4944,4463,77269,42611,6204,1668572,1806989
8518,5481,73477,42833,4037,508020,644903
10351,6760,138627,87037,4481,1530696,1780693
5259,4851,234298,42814,5112,1497099,1792545
4389,4629,175857,42685,5148,1537466,1773138
8722,5537,37991,35629,5130,1766368,1861526
9277,5778,107642,46408,6851,452151,630867
7963,5240,198960,47519,4981,1569289,1836470
9537,7740,149520,42815,5592,1451434,1668824
9407,5722,36320,53777,4593,1666003,1778526
10833,6982,125304,42371,6370,346952,541516
9092,6278,209790,42907,4240,1455016,1730045
9092,5593,255552,99462,3815,1396142,1772267
9777,6074,61964,36407,5389,1665970,1787989
8722,5833,62745,41519,5907,1527542,1655546
9833,6037,160934,68055,5259,1475372,1727842
5592,4778,247141,54666,3963,386819,705052
9629,6000,542791,42314,6074,551536,1160752
8536,5648,34205,47518,3518,1552157,1654082
8870,5611,110097,54407,3759,1586171,1771434
9204,5537,212044,44444,4852,1456446,1735527
8278,5352,12992,39204,5222,454986,528590
9722,6593,45607,41278,6296,482038,594071
8666,5741,83555,45093,5944,1479843,1631064
9332,6223,207373,43518,5037,1462469,1737545
8889,5426,106840,71907,4333,1518558,1719046
5333,4203,177362,32945,4463,1458554,1685360
10222,6685,45089,69222,3629,428001,565645
6444,4130,149943,44408,7074,1521102,1735786
6222,4925,243965,45056,4778,413364,720366
7388,5019,26488,41092,5241,1570947,1658194
10259,4778,27473,46481,4426,460931,556941
8759,5425,721270,57204,3926,1712882,2512337
4981,4574,213998,41296,4759,1437604,1709305
9333,6334,346260,40296,4704,457216,866236
9426,5463,26247,45722,6037,1845112,1940137
5537,4740,82065,33519,4703,481673,614959
9388,6333,167365,49111,5888,1540903,1781674
10074,5925,260349,112555,4075,1417400,1813008
7944,5296,21113,32963,4926,1569637,1643953
8796,5426,49450,46277,5093,495472,612867
8166,5667,137805,50518,5926,1572129,1782582
9332,5815,278197,82036,3815,409466,790680
10629,6630,162515,35815,5555,1542474,1766637
8000,5537,26408,51574,5889,461311,561386
4852,4259,160060,44037,6315,1558726,1782027
5073,4278,243193,77796,4055,1482482,1819193
8518,5333,297233,43685,4870,413670,775754
9648,6704,42812,36759,4833,1668233,1771693
8814,6222,85353,94277,4056,1449842,1650619
8999,5482,184541,41370,5092,1570449,1817952
9167,5962,262767,40463,4500,439025,764329
7259,5277,22197,52704,3370,562725,656459
5407,5111,97960,45537,6092,1521216,1683471
8351,5482,137426,40055,5556,377552,577311
6055,4445,230133,82666,3593,1416634,1745971
7777,5296,25101,45833,6093,421507,515460
8647,5519,19308,43888,5834,468022,553793
8166,5148,108182,38518,5519,393352,560978
5500,4500,242999,39444,4278,445737,744551
9648,6241,295799,39444,3796,527122,884273
8926,5407,26508,62666,5759,485323,597126
5055,4333,82419,40259,5926,468522,609200
8666,5537,262180,55704,3889,1692048,2030450
5296,4445,264554,111685,4129,1407047,1799490
8944,5685,138115,31240,5111,1494098,1685472
5777,4685,57544,49315,5111,2083295,2209042
9314,6111,174788,42352,5926,1517831,1758934
5629,4352,233606,48500,3944,1738456,2037024
9111,5555,37167,47037,5759,424479,531886
8148,5074,25226,84795,4204,446716,577052
9814,6537,121895,45445,5203,362213,553718
8685,5593,221880,33518,4778,464967,742089
7314,5037,-837,45388,5686,1660031,1725249
9222,5630,60388,32444,4315,415035,529386
9110,6426,119225,37370,5167,430623,610088
8889,5962,175229,42814,6204,1797075,2038580
8888,5426,260158,50685,5555,523838,856699
7944,5296,16385,41351,5463,1715272,1794360
8981,5537,45999,39945,3814,479906,586923
5648,4981,153002,68426,3926,1468543,1707267
7944,5500,273005,49333,4760,1738982,2081969
9666,6556,37047,37648,5648,1823071,1922248
6758,4797,38698,45630,4907,1592477,1695397
4666,4408,113609,38259,3130,1475566,1642064
7944,5314,205650,35704,4592,465421,726718
5592,4574,295042,49333,5981,1527021,1890155
9129,5611,59139,36889,5259,424784,544459
6388,4778,84994,67833,3704,1470348,1640156
8907,5593,175905,43574,4407,1539992,1780379
5111,4481,255501,92148,3722,1584303,1947248
9888,6537,201709,32370,5092,1473115,1731211
8610,6352,49880,42055,5852,1561425,1676934
6833,4778,145401,42667,5203,425318,632311
7648,5351,419515,41870,4926,1602214,2083506
8795,5630,17965,37203,5222,1727766,1805304
4610,4648,61617,44759,5259,1517948,1641619
7370,5130,111546,65888,3722,1483075,1680120
8796,5463,194771,34648,3500,1608218,1857952
9074,5574,284533,39445,3426,451925,796366
8148,5759,29409,44555,5167,2647501,2743262
8555,5592,84876,40962,4334,1470560,1617194
5703,4500,209564,71833,3777,1422983,1720397
8462,5463,255345,62185,3426,506428,844217
5352,4537,43182,40741,6129,1541790,1644453
7981,5556,47149,43500,4981,526681,638385
4962,4870,148764,42907,4389,1550893,1759489
8759,5722,224211,88407,3852,1396353,1730749
5241,4537,26234,41351,4852,1728329,1813137
4981,4223,62589,40222,5352,448370,567812
9592,6278,102685,52667,5037,1544045,1722860
7852,5185,239281,40889,5185,1522264,1823267
4833,4685,304,42778,5000,425785,485460
6555,4630,51548,44704,6352,377689,493479
9685,5741,88996,41759,5482,1569715,1723694
8389,5463,167981,41481,4241,1502194,1731934
8981,5759,732964,35481,4223,1729651,2519504
6981,5055,65638,35092,5241,379749,500164
7036,4611,48030,81611,4037,1545386,1693934
5240,4352,157144,49852,6018,1356958,1582009
8462,5834,224165,74111,3796,404016,722421
9000,5926,32096,42018,6019,1593727,1691601
5203,4408,20007,39648,4204,427193,502738
9555,5982,116788,36241,5129,1423554,1599824
7518,5148,213255,36925,4297,1737974,2007358
6481,4667,287405,44371,5296,1495898,1846248
8055,5352,138392,42296,5426,1550912,1753008
5388,4334,80266,37055,4833,416768,551126
4851,4408,172991,44037,6241,1505776,1742064
9351,6259,251236,57111,5203,323965,655125
7555,5556,46999,46944,5445,456645,571904
4999,4741,90651,42481,5223,1580098,1730193
9814,6074,148432,37482,5222,1757297,1966877
4814,4741,229824,37278,4963,1529406,1813767
6592,5426,21181,40666,5241,454002,535108
4703,4537,20629,41889,5000,487868,567034
9222,6333,582519,42407,6259,380327,1029105
9203,6463,228746,38185,5315,1487892,1777897
5740,4778,327434,35852,5222,1538721,1921303
5444,5148,61310,36574,5444,511946,628718
8204,4981,116480,37296,5222,1529547,1704490
8481,5593,164427,39037,5315,1518710,1743860
11814,5981,270913,32796,5074,1456466,1785452
5629,4444,14325,39907,6445,436098,508904
8573,5630,47995,55462,3463,467854,591015
5333,4315,630736,70833,3334,466738,1183345
9962,6019,226927,51370,5352,358458,660070
10055,6741,17024,37129,5056,1735317,1813674
8610,6130,50157,42445,5166,1526833,1641916
6185,4537,139475,46389,5203,1481589,1687008
9407,5889,215349,41537,5352,1476066,1755693
7629,5278,-10683,41370,5167,1619895,1671379
9444,6481,13839,41241,5407,514214,593404
8222,4870,93361,89574,3259,328063,529941
7000,4500,201678,92555,3111,1447553,1758953
9240,5722,267331,64110,3185,427592,779329
8907,6278,65187,42092,6463,380292,511849
9333,5889,45579,43870,6056,446140,559256
10370,6963,136453,37925,4945,410099,608922
7685,5407,224160,43833,6018,1570608,1860859
9703,6667,19905,43666,6130,1755862,1844507
8814,5537,55038,36426,5148,1540138,1653416
9037,6092,119930,92852,3833,1455357,1689064
9666,6092,197027,51925,3463,1463297,1733878
8592,6037,-11321,43074,6056,1729403,1784378
23074,12092,69108,68148,7463,521314,704663
8240,6667,95945,93332,3574,1450879,1662008
11593,6777,158245,92981,3370,409697,684959
8926,5852,249081,48925,4889,1517853,1838119
9185,5741,60289,41278,5852,395078,520034
10592,5833,39367,33204,4296,514055,609996
9574,5278,144000,55055,5778,1506268,1728916
5796,4888,237429,47611,4704,1532727,1835600
8740,5500,38156,33611,4926,1756481,1849452
6240,5167,29289,44982,4722,1613590,1706342
10110,5889,102126,82500,3851,1489735,1697119
9055,5704,200481,97258,3334,400145,718459
8851,5889,291225,44537,4703,1551135,1909062
8463,5518,35249,59944,6074,1510483,1628120
9888,6056,69751,50926,6704,1551553,1697638
6425,4815,167977,74277,3408,1479494,1739841
8444,5685,253665,38945,9926,1561342,1880285
9592,6445,61447,41871,6203,473827,601478
6777,4630,79322,39370,5944,1531632,1669953
8185,5222,150473,93037,4129,1509091,1772378
5870,5019,230310,38499,6760,1553050,1841601
5295,4260,374312,60407,6167,469923,922531
9833,6259,20022,82851,3352,1542987,1667805
7000,5111,112784,44630,5666,347287,525645
32925,14204,174435,45796,6260,1594609,1874081
26629,13704,1058268,39611,5556,1820992,2968001
24259,11685,35962,40685,5630,564552,686126
74759,16018,83114,56500,7166,344051,599349
19481,10204,149617,50722,5926,587582,825940
17944,9333,257046,62537,5333,478802,833977
12407,6519,22976,44297,6537,489038,584664
11222,7037,41239,70426,4352,522071,659014
9518,6203,142891,48093,4481,1442785,1656638
8870,5629,229839,45166,5074,1864316,2160913
11092,6278,33843,41129,5963,507061,607885
10944,6629,592030,40518,5685,1826901,2485466
8369,5463,102758,40277,5130,1588455,1754211
15518,8759,199279,44889,6204,439957,717218
12869,6889,313634,41537,5297,1510725,1893914
7277,4963,21713,59944,5834,483395,585885
4666,4093,127290,78703,4278,1431682,1653212
9944,5870,165534,40908,4444,1495604,1724378
8999,5667,254890,48148,5166,1471100,1796267
9758,6519,30672,42222,6241,1785076,1882951
5851,4593,51323,78630,3537,484654,630774
4833,4314,533066,38778,5333,1637032,2225746
9703,6241,251219,42499,6371,460517,779884
9148,5907,16446,35722,5685,1642044,1717045
10000,6370,23394,35833,5056,424307,507034
7796,5000,104083,37092,4685,1531149,1692194
8481,5592,215271,46666,6204,1447608,1731971
9315,5777,671680,62463,3870,410221,1166234
9685,5481,19835,51907,5907,471978,567423
5537,4277,116208,70093,3796,1555671,1758156
10500,6426,164934,55166,3315,1522741,1765527
8296,5240,256956,51351,5445,382911,712495
9426,6407,20386,36371,4963,417796,497423
6444,4685,44131,46351,4926,1557657,1667398
8518,5407,131930,47296,4963,1468801,1668897
9555,6093,243044,42611,6074,466396,776421
9167,6351,25012,40963,6444,1561757,1652083
9462,5834,20682,42629,4908,1814695,1900507
9537,6611,100130,43166,5370,378164,545515
7333,4963,202947,100704,4092,1484079,1806452
9315,6037,475746,47370,5778,1950702,2497356
8537,5574,19048,34944,5093,461634,537423
6333,4648,109034,42537,5277,393260,563479
6499,5000,160889,63777,4352,385479,628237
8314,5704,284150,43167,4815,446974,795254
9851,6389,11489,47667,6629,452879,537256
8203,5241,43048,85795,3445,1518146,1666693
8129,5815,128014,39426,5037,1583050,1771878
7889,5370,68444,57685,6389,413923,562108
6296,4666,8856,45351,4797,424512,496812
9795,6482,16063,79499,3278,1516465,1633990
6407,4833,116177,72778,3611,1501943,1708212
10425,5797,203365,44481,5593,1477198,1748878
5518,4352,155610,36870,5370,1744342,1954710
7852,5055,30948,48518,4352,447698,547942
4889,4259,87229,36222,3870,1536317,1674897
9555,6259,164695,104204,3777,1391944,1682860
11795,5871,1017787,38444,5389,1637049,2718372
5926,4444,61851,35389,5296,1665602,1780508
7296,4926,77188,31963,5166,500217,629626
6129,4611,147488,41426,5388,1587503,1794619
9351,6093,218305,81333,3685,378469,699551
9684,6334,10699,38222,4370,1532829,1604768
5592,4407,50444,42814,6482,1745786,1857970
9592,6519,135779,68741,3444,1559562,1786711
6832,4741,198617,41925,5648,1527837,1787748
7592,4981,862,36241,5277,1653555,1711249
5203,5204,16032,37462,5297,421002,492663
5074,4814,84202,64445,5222,1813157,1979192
9685,6444,157483,84833,3611,1461155,1726156
7352,4889,273578,65111,3148,1535707,1892230
5277,4408,155546,33426,4240,1534981,1740545
9518,6092,57717,93277,3408,1485292,1658008
9555,6222,151905,29092,4315,1524974,1728489
9296,5704,227982,40556,5352,479383,770977
4870,4945,21246,38277,4315,447899,525367
10426,6852,20064,41852,5185,446840,533831
8870,5407,117124,45592,4426,1512404,1696453
10241,6166,228534,50074,6370,377944,681996
7925,5519,298926,70888,3389,1549563,1938247
8481,6185,45135,55462,5204,402400,524885
9222,5333,69379,40908,4222,1498500,1630620
8722,5463,346233,31167,4555,1738477,2137154
8333,5333,288256,68592,3111,1431846,1808212
9185,5814,216630,28445,4092,1553508,1820285
8092,4630,42560,47556,5148,466955,578849
6352,4592,147934,85555,3315,1420519,1670990
4833,4241,270066,79630,3333,457040,821347
9777,5908,385347,55278,6148,502406,967309
5037,4759,14427,47592,5741,1586619,1666546
6018,4389,104912,79203,4185,1533468,1734342
4778,4444,191841,44907,4963,436637,689737
9833,6648,300677,41333,6112,1686810,2053821
4758,4686,28274,46259,5334,414093,506237
4370,4685,90093,38407,5111,1457324,1602842
8463,5388,165819,36203,4111,1551135,1774508
9407,5852,245562,39278,5704,1569575,1877841
8796,6241,41678,40666,4482,433226,537775
5741,4389,50533,44389,5592,1463606,1577102
5722,4907,159203,45556,3370,410386,631292
7721,5371,227280,53445,5814,1548135,1850211
6000,4444,11545,36500,5092,550174,616404
10185,6556,14955,48815,5185,1724330,1812638
7778,5296,106311,38500,5481,515260,681311
8370,5130,208351,100166,3648,1428528,1756897
7907,5463,191151,52610,4519,505937,769680
8925,5611,60766,37037,5426,415861,536385
9277,6667,69066,47537,5814,1546647,1687786
8851,5556,209514,94592,4537,375056,700681
9073,5352,289313,31019,4259,491867,833532
5204,5074,64392,35629,4741,432586,550404
4574,4759,52322,37351,5556,1538409,1645472
9704,6129,133158,74685,3611,1423481,1652861
4462,4834,226791,42462,5204,1779956,2065691
8370,5092,28388,42259,6371,1484899,1578342
9388,6556,11577,41296,5241,548456,624718
8444,5666,110507,67536,5185,2173573,2373282
9240,5556,186898,82037,3963,1404184,1693860
8629,6482,-16338,41074,5555,437076,484553
9111,6425,18592,63648,3833,1712454,1816637
8759,5463,72502,74926,3944,1484340,1652249
9259,5852,161283,38500,5426,1507392,1730268
8648,5592,285083,36574,4907,1788053,2131117
8500,6037,20013,46315,6333,476317,566238
7981,5130,45832,42926,6055,494980,605571
5370,4611,249260,38167,5389,1769375,2075228
8426,5500,215005,42055,5148,1583633,1862748
9648,6500,845431,39648,5945,1568739,2478652
4944,4611,28476,45222,5944,1578885,1671601
9333,5796,521922,35592,5519,1732027,2312578
4684,4686,192538,39648,5148,1541192,1790137
8999,6463,871243,38166,5111,1510781,2443467
9610,5500,137583,36093,4944,1495204,1691267
9370,5685,736287,30815,4778,1936770,2726539
5925,4778,182367,30834,4351,1503919,1734822
7907,5055,263908,53407,4278,1533211,1870026
9055,5778,15117,50314,4019,453158,540312
8889,5592,44380,77425,3148,1492427,1635454
6833,4815,141827,44925,4686,1823772,2029784
6389,4722,264293,79166,3648,448981,809773
5425,4352,13964,37685,5630,1855080,1924321
9314,5815,10376,43981,5037,1598244,1674731
8722,5889,99137,45871,5055,1537445,1704564
7370,5074,187604,45833,6333,368560,623126
9074,5907,1054381,44556,5240,1555844,2678336
52425,4426,8594,38037,4926,1757395,1868193
9074,5889,74745,48259,5129,1560819,1706027
7926,5222,162785,32167,4852,1594759,1811156
9610,6204,310788,67000,4796,415763,816254
5740,4574,40683,36888,4871,478592,573923
6444,5092,47223,44833,4630,483866,594607
9462,6575,123374,66944,4352,361882,574756
5926,4870,230673,42722,4482,434470,725144
9314,5963,4512,37352,5314,483689,548163
5036,4315,51830,38574,4648,1530605,1637730
8888,5463,111371,43925,5186,341367,518719
8148,4741,200632,44185,4241,498067,762959
4815,4240,283377,73852,3463,1551464,1923952
9147,5834,28900,51574,5425,450005,553570
8611,5444,71515,101166,3297,1486383,1679101
8536,5537,165611,40574,5851,1520695,1749304
8925,5667,287428,42870,5426,1569820,1922562
9444,6037,48767,35796,4870,374546,482108
7296,4889,44178,43129,5407,509986,617256
6333,4908,131514,36851,5241,1468032,1655009
10036,6130,257184,34851,4908,1507491,1822581
5111,4519,11466,45833,5963,1621820,1697101
7611,5241,48266,40777,6074,1568965,1679231
9685,6111,110677,69222,3833,1586239,1788990
5555,4666,195810,40926,5574,1507939,1762619
4926,4537,-8612,34537,4945,500719,543534
9573,6056,14059,47184,5352,1595710,1680564
9018,5611,65747,57555,3685,489861,633644
4574,4463,166398,39778,5574,1537424,1760749
8851,5426,257143,43499,5315,1442959,1765489
7648,5092,155276,37759,5334,1466695,1680453
6815,4814,55281,66092,3722,471254,610182
5889,4481,136247,51203,6055,373955,580423
8277,5315,221528,43444,6889,529968,818791
4685,4481,714825,37426,5130,494538,1263604
9444,6074,26221,59463,3870,497109,605034
8647,6334,100502,41444,5352,587456,751625
8333,5593,192672,54555,5907,1595225,1864637
9500,6592,215639,56166,4148,492802,786681
8481,5630,234068,32925,4908,1827197,2115376
6666,4611,70480,42981,5167,448721,581200
5184,4352,157983,56537,3907,1568748,1799211
8370,6777,262005,76222,3722,1516577,1876063
8796,6166,11936,32203,5037,1625999,1692582
8500,5481,35347,67925,3611,1746365,1869193
9703,6000,126091,43703,5148,1509900,1702564
5740,4407,218205,47981,4908,508180,792328
4333,4037,695557,39797,5629,467491,1218844
9444,5685,1222670,53592,5908,1732219,3031907
5222,4648,444641,41573,6426,1611181,2115710
9332,6445,188367,46963,5759,1515308,1774637
5500,5296,831739,39463,6129,1505562,2396227
9778,6388,28395,31648,5407,1579207,1663935
6740,5037,75935,44925,4315,1564481,1704008
8685,5630,176030,94296,4074,1448737,1740564
4944,4407,257571,74722,3074,1447048,1794155
8981,5334,18057,56055,6130,1666303,1763490
7833,5204,82523,68778,3352,1438689,1609139
8037,5296,135675,44315,4278,1481944,1681712
9685,6055,220345,41056,5092,489688,774569
5778,4740,25609,41056,6129,1582548,1667953
6796,4740,22039,44129,5352,1620785,1705860
4777,4630,98320,39611,4870,446103,600608
8556,5851,571247,43852,5426,1568740,2206821
8870,5796,285530,44685,5537,443929,796903
6111,4556,983697,41870,5296,1461862,2506022
4092,4704,77723,37556,4148,432033,562978
8425,5204,258522,48685,4852,1729410,2057339
9147,5648,285397,35722,5092,1788406,2131765
5703,4648,51975,43407,6612,1729013,1844118
4888,4797,42886,48333,4963,482814,591367
4240,4537,149908,41463,6037,1482175,1690582
9426,5926,227393,70222,3981,1570967,1890341
9944,6981,14731,30907,4278,546192,615774
8536,6186,562769,39407,6037,1600218,2225894
8241,5426,137941,48963,5611,1483937,1693657
9018,5778,309889,45222,4426,450421,827477
7147,4926,273245,44999,4723,482973,820328
5870,4574,19509,46703,6037,1626723,1712101
9574,6055,60420,36944,5222,1537016,1657546
9277,6111,167090,86407,3667,1486715,1761712
5148,4963,262056,35777,4148,400533,714755
9036,6056,27338,29963,4352,437362,516848
9092,5778,45861,40055,4259,426155,533608
7704,4963,131956,37759,5333,1472071,1661824
9259,5777,221737,47352,6204,415759,709570
6537,4740,14872,42648,5481,1676100,1753156
8499,5463,21005,35852,4037,1817669,1895914
9055,6000,96415,81982,3722,410451,609626
11018,6445,187066,70426,3463,1424923,1705805
5463,4463,9719,29870,4223,1832824,1888563
6296,4500,19020,44259,5277,527274,609422
4537,4500,83393,44814,5649,1549226,1694749
3981,4278,189322,45611,6222,1549019,1800915
9684,6056,276196,36074,5241,1701088,2037247
6037,5222,35997,41037,4685,1804992,1900230
9481,5944,39260,38444,5037,1564768,1665434
5703,4833,133708,43796,4426,1490709,1685601
10278,6222,232896,75148,3222,1573722,1903600
9370,6204,340714,44259,5611,456522,865217
9481,6408,207218,35944,5186,1662881,1929655
8203,5056,93426,41000,5296,395293,551108
9610,5945,178596,42370,4833,418252,662329
6962,4852,276229,39592,4704,1453909,1788767
8851,5611,55179,35573,5315,1724330,1836878
6814,4778,108645,34833,4963,1447234,1610046
7704,5148,168185,90203,3667,353997,631404
9851,5741,510206,32722,4759,1546189,2111709
7129,4926,199118,48667,3537,1500927,1766286
8722,5222,541898,43315,5315,1580367,2186876
5148,4407,134200,48019,7944,1612141,1814600
6129,4908,275166,39185,5093,434977,767811
9740,6630,9782,45277,5352,508048,587367
8870,5000,31563,34556,5463,431174,519515
9963,6685,105882,93888,3852,401245,624089
9481,6537,204089,32259,4315,1527623,1786712
8462,5500,270296,49055,6148,360645,702829
6333,4574,10838,35666,5426,1582079,1647435
8499,5445,64359,44426,4981,469360,599422
9092,5908,151122,42407,4074,1476516,1691712
9981,6111,270515,33851,4963,469519,796959
9722,6722,17482,42426,5444,1986265,2070099
8574,5685,29059,43093,5203,473160,567385
8722,6222,165915,68851,3908,1497038,1753416
7036,4945,253066,34889,4148,1760033,2066802
9351,5797,5978,39389,5389,1714270,1782823
8593,5388,14038,55092,3630,499070,588090
9185,6055,114597,93129,3129,364623,593904
8888,5963,189711,56036,4019,469470,736791
6037,4592,-11377,37241,4333,442560,486127
8166,5445,7663,39500,5537,1691382,1760045
6740,4778,64648,58537,3444,1521750,1662046
5888,4686,175484,36445,5111,1560912,1790915
4352,4352,249747,43574,5129,501230,810625
5277,4741,32104,52537,5889,389523,492664
9444,5630,47737,68963,3759,1491568,1629324
10888,6297,1377308,43092,4112,1798246,3242406
6944,5370,-4662,34944,4649,511418,561941
9611,6611,333858,35037,4426,1496631,1888730
7926,5111,15844,49111,4945,1880347,1965729
7833,5407,247644,54277,4093,484296,806014
9481,6648,178370,44574,4685,1559749,1806045
6740,4704,120818,41555,3500,1768745,1948525
7963,5185,30841,28500,4037,1832240,1911100
5036,4667,836859,54944,3019,1530812,2437726
6962,4704,152459,48574,6074,439111,659922
9870,6740,235277,49463,6000,480719,790588
9018,5500,24596,39037,5815,1557375,1643601
51592,4407,6989,42796,5908,1766259,1880507
9073,5760,253880,42166,4223,2158234,2475818
5500,4907,1538248,46389,4981,1649511,3252184
4667,4537,64351,38019,4222,479423,597886
9648,6148,41596,40537,4777,2109743,2214524
7555,5833,455728,44259,6111,1886518,2408374
8018,6204,222677,46703,6074,1824959,2116728
9703,6463,342976,42111,4519,1753733,2161654
8944,5463,309554,51722,5907,3161851,3545757
18740,4019,178670,43333,6259,2135872,2389597
7055,5370,392635,35648,4870,1757334,2204986
6166,4574,53066,38408,5185,430838,540312
9962,6815,244217,39463,5556,2789375,3097852
7592,5426,254184,57907,3907,1762804,2093857
9277,6185,152836,42130,6240,446846,666440
59981,4352,166821,46889,5555,1526576,1812267
5814,4167,7733,41167,5111,1677016,1743601
6963,5518,167218,52277,5500,2091769,2333023
12962,8370,669664,53611,6888,2024117,2779150
13055,7574,184688,44222,6315,407401,666015
11778,6388,261580,49426,6056,388768,727700
8981,5667,18733,52981,6111,1524424,1619842
8963,5685,64329,58240,3945,1545216,1688897
9536,5796,158518,42815,8740,1471010,1699138
8666,5389,278576,89703,4000,384531,773217
8500,5852,12507,38129,4611,1836019,1908285
9111,5759,55510,93500,3463,1516091,1685842
9907,6259,127940,48833,4389,1463402,1663175
10814,6871,591200,68222,4555,1562435,2246246
10018,5889,895610,35777,5167,1883095,2838298
7407,4944,17100,83518,3333,1583836,1702342
8648,5685,92844,40759,5500,454394,610182
9704,6259,195124,92389,3518,1455570,1764897
15092,11240,257980,47833,6667,436553,778976
11962,7278,474001,60796,6315,1542579,2105895
11796,7055,59544,63425,7445,1746927,1898674
10611,6425,410213,47703,6278,1859367,2342782
8203,5130,239883,87203,4241,1558439,1905914
9147,5945,14518,39481,4907,445998,522645
8000,5222,30725,37333,4760,443568,532460
10740,6278,116895,92667,3666,1434707,1667583
8851,5908,207213,36796,4426,417764,683718
8481,5648,26533,44148,5555,1555106,1648064
5592,4370,7481,80592,3963,1556788,1660879
9315,5962,87725,44500,6074,1479321,1635157
7203,4630,179839,35481,4982,324324,558515
6333,4611,276972,45240,5056,1472443,1813267
5370,4389,27977,46499,5797,503020,595756
9036,5482,69832,61870,6111,429276,583645
12111,6833,156243,69092,6759,404069,657478
9092,6408,244450,43407,5815,411361,722755
9870,6352,175176,40277,5611,1490611,1730286
6722,5018,66125,43611,4463,1575625,1704323
6147,4926,143999,62222,4055,371295,594829
8667,5555,219557,68222,4241,392309,701515
6073,4519,10432,32241,4926,514731,575533
9758,6630,19399,40889,4814,462191,546644
15426,9296,111606,66166,3611,1440959,1650694
7889,6370,181498,97315,5574,1448399,1749934
11592,7074,341612,41685,6056,1450932,1861415
5055,4407,61803,37425,4204,467120,582496
10481,6649,65083,37963,3945,463505,590367
9148,5778,523622,34500,3981,1867586,2446856
8629,5370,289887,49333,5944,1551954,1913470
10648,6518,17058,70722,6389,1718543,1831859
8870,5556,35839,48333,5889,445195,551719
9704,6537,159750,45722,6500,1519517,1750342
7166,4889,214587,42499,5797,1485458,1762674
8667,5203,10221,38389,4555,408999,478868
10425,5481,772573,79981,4260,1603838,2479059
5221,4371,95820,42685,5093,1500707,1656582
8667,5611,185194,43314,4889,1637999,1888045
5962,4556,407882,39889,5648,1801530,2267560
5352,4481,14647,78388,4186,1597862,1707471
8740,5463,60613,43482,5796,444032,570256
8648,5370,184820,39722,5611,1510744,1757804
5370,4389,267490,45370,4908,428579,758496
8592,5796,15254,39148,6148,455058,532589
10352,7129,76091,49241,4907,1734306,1884730
5777,5037,132020,82463,4000,1426822,1658360
8999,5759,223302,45388,5815,449861,741958
8999,6278,4732,42555,4500,451062,520959
8703,5593,9587,38315,4407,1816198,1885137
9222,6056,119553,39537,5111,1478678,1661453
9388,5870,186354,98851,4259,1491896,1798989
6907,4444,576300,37166,4815,1885574,2517911
7981,5333,70324,36259,4686,1615202,1741952
9333,5981,61773,70944,3370,1549107,1702971
6426,4926,159072,36240,4852,1622325,1835860
9573,6093,244927,31333,3833,1543303,1841581
5944,4574,168338,40352,4500,1460707,1687138
4389,4463,439526,32610,4056,465932,953717
9389,6370,158438,32556,3944,1723236,1936526
8481,5500,266163,39759,4686,1510770,1838118
8796,5815,-4554,40685,4130,1893246,1950877
7962,5333,211950,42018,4648,493102,767365
7851,5370,94102,56296,4204,2049718,2220320
8741,5592,179605,42759,4611,1497552,1741416
5351,4315,271312,34685,4055,479258,801254
9778,6518,47261,27537,3778,1809339,1906693
8093,5518,97264,27686,4000,471806,616867
7426,5796,176286,90889,3537,1487740,1774564
4684,4630,250123,52296,3352,1543755,1861192
9148,5778,9850,38092,4167,436092,505572
7777,4815,39335,40759,6259,1695506,1797137
5907,5000,121468,39185,3426,1530837,1708397
8814,5463,211638,76944,3500,1477056,1785674
7981,5223,2550,35240,3889,2190937,2247950
10351,7093,33350,36296,3944,1775714,1869433
6629,4704,100094,37277,4482,383199,538756
6351,4463,186042,42907,5907,1470874,1718637
9796,5889,274322,54407,4926,1501130,1852655
9259,6093,8864,34852,4648,549003,615256
5611,4500,68738,70833,3130,1795213,1950674
4574,4740,150075,57445,6463,1489692,1715601
9185,5833,279856,45482,5481,1476004,1824119
8481,5333,10880,36092,4685,1546111,1614916
21111,4592,22531,37426,4759,428078,520701
9333,6981,120738,58055,6130,1483511,1686990
9314,5759,209742,133184,3833,1458656,1822952
8981,6370,3339,31629,4204,1751317,1808192
8851,5685,7065,46999,5352,1869980,1946432
6333,4611,96660,68889,3889,341614,524163
8981,5889,218348,41593,6500,1443270,1727174
8463,5500,281963,36574,5666,1521749,1863008
5944,4407,13987,44259,4222,1739391,1814729
8870,5648,69212,72352,3500,402618,564719
6555,5351,164012,42926,6222,343282,571274
9240,5593,235348,43704,4926,1592603,1893840
5500,5000,218593,46944,6222,1883802,2168135
8018,5277,30246,48259,6000,538214,638107
9278,5815,123100,79833,4148,1513760,1737953
8537,5556,217696,41333,5130,462299,742903
9703,6148,395681,40019,5814,415055,875013
9481,6537,8520,39000,4018,1621711,1692138
8481,5296,112709,36666,5000,1522949,1694620
9111,5833,189415,52426,4611,381526,644922
8703,5741,864490,35352,3777,1946642,2867316
5592,4685,44053,35333,4926,1524864,1621527
9240,5722,58538,46666,5741,1569397,1697286
8444,5370,152690,45240,5186,427825,647052
9962,6649,234451,41389,4796,411785,711773
8666,6389,28235,46166,4945,1651774,1748768
8889,4796,28405,40944,5111,516221,606719
8536,5352,151723,44055,6408,1513971,1732138
6278,4722,209133,38741,4741,1573800,1840804
5444,4796,19212,36333,5482,456266,530015
9759,6704,19049,34389,4518,436004,512756
9240,5815,471977,34333,4296,1635900,2163413
8389,5389,182667,32740,4389,1503916,1740175
9611,5185,280892,42259,5722,425048,771051
9592,6055,46657,42610,6463,419952,533348
7296,5000,97012,32833,4796,1520868,1669787
9018,5611,145423,50851,5871,1430697,1649861
9018,6185,262889,66426,4092,404126,755051
9444,6259,10190,32481,4407,472271,537756
5481,4852,63897,40185,4926,1493130,1615157
9185,5630,139067,89777,3500,1495608,1744934
8222,5352,234311,32518,4611,1528049,1815434
9888,6667,16205,32314,4908,1593859,1666027
5870,4981,16764,42851,5908,1822706,1901729
4556,4592,91952,31593,5685,1540279,1681342
8130,5537,183548,77740,3759,1436683,1718120
5296,5241,439365,34592,4723,1593178,2084988
9481,6037,16519,35351,4463,1694267,1768785
6315,4722,93319,62851,3556,1540856,1713731
9259,5704,146433,51574,4945,1499760,1720879
6611,4982,248584,96592,3463,1470257,1833323
5778,4407,14793,34963,3093,447370,513331
9351,5704,58370,65426,3148,1534398,1679304
5222,4315,119929,46222,4167,1614763,1797008
5870,4574,234933,45796,5870,1524983,1824193
9518,6685,290807,54444,6241,1539737,1909896
9166,5426,14312,35888,4834,450981,522997
7777,5222,86352,49037,4482,1563063,1718286
5870,5074,184077,57500,5926,1738096,1998580
6555,4463,690727,80074,4018,1759296,2548392
5388,4852,547750,36092,4667,1662792,2264986
8333,5815,56608,41814,3408,514629,633219
5407,4204,161851,51056,5574,1503027,1733564
5926,4740,245615,63073,4111,1742634,2068617
9555,5666,146841,31351,5037,1507243,1708360
7778,5629,32049,45555,6018,472282,571756
9796,6111,150292,46555,5704,1445679,1666175
8148,5222,221203,40815,3537,1581526,1862415
8092,5018,759945,73777,5612,1667114,2522021
6537,4833,3064,44203,5204,505767,571664
8055,5185,89660,40777,5667,488763,640663
8000,5333,175792,43722,6352,400501,642052
5592,4445,271961,55741,5555,524923,870328
8944,5741,11208,46666,6185,424457,505257
6481,4740,56600,42222,5760,489267,608144
9148,6518,148474,44759,5278,1491535,1708397
8130,5074,265365,43463,5852,451130,781366
7907,5148,16038,39240,5833,1686786,1763601
5388,4389,32004,42685,4814,417272,508941
9592,5667,125451,54518,5037,450416,653052
9315,6111,226436,69685,4315,1757237,2075173
9147,6111,866289,39518,5537,1497438,2426541
5222,4389,12426,55092,6519,1711045,1796767
10092,6500,86874,74000,3703,1552395,1736323
6981,4889,181729,43407,5222,1534317,1779064
8796,6130,288176,92611,3555,336653,738422
8074,5352,2774,39629,5056,1634660,1698249
5963,4592,97926,38722,4574,1518157,1672305
9796,6555,147855,29796,4426,1544876,1745471
9629,5759,236877,82629,3926,459230,800273
4999,4759,13882,49092,4463,1755775,1835192
4759,4278,40773,47278,6019,1531994,1637361
9611,5889,114592,126647,3815,1355843,1618509
8888,5760,207373,40185,5740,520771,790903
6203,4889,7563,42148,5463,1635538,1703879
8630,5481,5159,59574,6426,506245,593978
9629,6370,83329,37278,5148,377557,521645
5370,4759,178518,45537,5259,1542991,1784582
7185,4871,344835,65055,4278,1805078,2233450
5036,4260,12303,44055,4445,443786,516312
9926,6703,515861,46870,6185,1836070,2424282
8592,5592,176273,38334,5888,1450014,1687286
7147,5408,244776,79611,4000,437182,780495
5888,4426,192466,46018,5704,1540802,1797823
8962,5445,29414,41852,3870,1592798,1685286
4758,4408,144862,53944,4926,421634,636940
8647,5241,215347,37148,5204,1584938,1858915
5110,4334,504441,42889,4926,1379621,1943358
9777,6667,39633,33740,4741,492105,589367
6610,4815,86192,42166,6334,444638,593015
6518,4389,200046,40704,4241,406320,664255
9333,5944,296680,52000,4981,543371,915476
7611,5222,8926,42111,5648,491812,563812
9333,6611,86818,67166,3371,1580098,1756082
8018,5092,196988,41370,3241,1471446,1728582
8555,5296,227954,44796,6722,529208,824569
10407,6667,5774,39537,4611,1687993,1757786
6999,4778,26518,49185,4963,1731545,1826581
7277,4981,262188,40574,4018,1660357,1982173
8703,5704,246358,41592,4722,1731149,2040821
8573,5445,185954,36000,4741,1571331,1814452
7889,5463,16403,50500,4389,411094,498553
5481,4537,98240,48889,5740,1565269,1731915
9944,6223,169225,65888,4074,2093965,2351764
5240,4907,300951,37537,4611,462693,818699
5852,4500,45881,31481,4482,507522,602441
4944,4277,71719,46944,3722,1566513,1700508
9647,6148,206462,30352,4611,446331,706107
9370,6389,254151,41092,5019,1652171,1971081
4833,4741,186599,34833,4574,1553946,1792323
8611,5444,33400,56500,3370,472893,582608
10500,6574,120848,90018,4166,1467976,1702786
6833,4889,227406,43148,5426,527793,818032
9481,6260,6615,48703,5852,1753078,1832026
8629,5741,28063,37500,4574,452878,540256
9518,6315,76252,36518,5074,425060,561293
8296,5351,170496,35278,4778,1549753,1776619
5295,4371,266610,31074,6111,424886,740643
8574,5462,44449,46592,6407,456012,570089
6555,4259,1995017,42870,5963,1571036,3628089
6074,5093,266696,33703,5167,374392,693181
9055,6056,269736,41778,6444,1688937,2024025
5352,4648,58093,37499,5037,1620620,1733601
8369,5889,28449,69574,3129,2106983,2225320
5000,4592,116397,41129,4130,1538501,1712435
8629,5426,225696,40129,5241,487244,774792
7814,5222,786771,71129,3389,1492401,2368782
9629,6222,13204,42019,5833,478200,557774
5296,4463,103670,34093,4426,1535912,1690342
6870,5000,214044,40166,5556,392359,666681
8889,6000,965007,29852,4666,2069271,3086037
8110,5445,246959,45148,6500,1442919,1757211
9666,6982,53278,37666,6204,1631490,1748119
7630,4870,363466,39925,6000,1425209,1849656
5407,5185,244674,130518,3574,1436520,1828360
9629,6407,19864,60611,4055,1768940,1872118
8647,5426,32590,75574,3185,471740,599440
4759,4463,128519,43074,5833,1536805,1725434
8870,5574,200152,30018,4704,1576226,1827767
8295,5593,323099,34426,4685,1519612,1898507
5222,4833,837082,48444,6463,497965,1402714
9296,6259,93275,119388,3481,399593,633459
9092,5944,183871,41555,6093,349348,598255
9167,6277,344281,38815,5592,401289,807458
6981,5000,3804,33148,5056,1829869,1886951
5833,5056,61012,38370,5315,1507386,1625787
8110,5500,182108,42018,5649,432240,678033
9758,6667,284204,41536,6556,422033,773088
7407,4759,213430,34519,4611,1584633,1851711
9370,6851,21046,39889,3666,522859,606366
9499,6741,184234,46425,6574,1411794,1668045
8741,5389,199848,38574,4667,1543029,1802693
9630,6740,29427,39074,4519,1620303,1711879
6574,4593,8542,38851,3186,500010,563645
6796,4593,97212,51333,4852,1467464,1635454
4703,4463,179827,41370,4981,1498201,1735656
9685,6148,271459,39055,4575,473906,807347
4499,4593,171075,38018,4907,465607,691292
6370,4574,53931,36129,4167,1539078,1646731
9870,6241,195119,87259,3185,1338224,1642713
4574,4074,238289,40000,5297,1548070,1842841
4740,4111,65461,34796,4333,1712233,1828452
8703,5556,48446,32129,4278,1539341,1640916
8074,5148,112060,30129,4167,1510356,1672194
9092,5574,441248,42333,6611,1803776,2311171
5925,4611,754899,34147,4315,1757032,2563540
7833,5222,338719,38185,4296,1513863,1910582
8944,5426,88630,28574,5000,1505156,1644138
9036,5463,178097,48167,5889,445954,694810
7722,5185,304174,34834,5611,471858,831458
8388,5482,35086,33334,4537,492687,581885
5796,4426,87275,86333,3352,1452660,1642657
8814,5445,166834,45759,6333,1511193,1746804
6518,4593,277263,39093,5444,1453856,1788804
7499,4482,20472,33333,4426,1800961,1873248
8852,5018,540307,38426,4611,405835,1005883
8500,5518,135942,118370,3481,299815,574348
4740,4630,208149,38796,6260,1589414,1854119
7814,4815,5098,41333,6278,1837409,1904637
8074,5203,33417,36055,4500,486895,576811
9592,6167,94716,66370,3130,1500181,1682601
8684,5593,175127,76000,3204,1452511,1723860
8444,5333,272594,49703,6371,1424340,1769230
8685,5741,140764,41852,5518,1600633,1805638
8240,5686,49527,33019,4889,527079,630959
7925,5852,148624,46296,5889,388761,606052
9703,6204,237997,41500,5037,1591788,1894507
9036,6334,27965,43074,5722,1547136,1641990
8777,5741,32617,36500,4648,2078666,2169450
6499,4537,120917,38629,5130,1480648,1659082
5314,4907,205439,77703,3759,478780,778347
9777,6408,288516,66796,4185,472572,850810
4907,5000,14410,78925,3445,418087,527478
7815,5129,78877,39259,5092,503972,642515
9888,6204,178879,57833,4389,1416370,1675897
8666,5408,710621,46055,5741,1537476,2316282
6278,4314,200813,43000,6148,1487251,1750675
4704,3981,86558,39685,5778,1546858,1690379
8629,5296,145395,34481,4981,2347128,2548133
7925,5519,255361,45388,6389,1449314,1772230
7222,4926,189957,33481,3963,1730457,1972044
8611,5481,49221,35130,4981,1758194,1864211
4926,4333,119725,29370,5129,458161,624015
4740,4556,226857,44926,6185,1575428,1865267
9518,5741,333416,38981,4908,1478814,1873989
4758,4723,11439,29778,4537,1778050,1835618
8204,5370,95999,48722,3666,1506936,1672694
5221,5037,557723,31592,4371,1886170,2492448
4555,4518,271209,44500,6500,422898,756828
4796,4092,12714,48055,4704,467061,544034
9185,6166,75662,41296,4852,1499051,1638509
9370,6185,158814,89073,3352,1470788,1739657
8444,5556,233298,54314,3352,486161,793181
7555,5555,5192,44722,5852,460879,532182
9018,6630,54510,37037,4926,479264,594367
5184,4315,114069,68778,4166,1539310,1738656
8870,6037,198887,42593,4648,465071,728773
7518,5537,670,35814,4871,1710931,1767896
8796,5630,4859,39610,4815,416546,482701
8814,5556,89714,93166,3481,340321,543534
10407,6389,567290,68240,4352,413482,1072883
6278,4481,266073,43388,5148,1563695,1891600
8684,5760,6003,66222,4389,426809,519904
9500,5555,53322,75463,4296,1478299,1629139
8684,5593,609360,38722,5203,405190,1074864
9888,6852,348198,44796,5945,1640253,2058154
9037,5963,7962,33000,4445,415034,477534
9648,6129,25226,75703,3667,1552116,1675694
6074,4518,118211,33499,4704,1545261,1714768
5684,4630,207991,60630,6333,1565961,1853359
7444,4981,5756,34703,6482,472593,534571
5778,4666,-426,49092,4704,1548454,1615065
9093,5462,2094809,52537,5333,1699928,3870607
6907,5537,668320,33185,4592,2040794,2762335
7758,5426,-15377,46685,5000,1816292,1867914
5481,4648,349809,44889,6000,1768141,2181246
9518,5833,228573,35056,4741,1801137,2087025
8129,5556,918832,62704,3796,1856002,2857872
4981,5092,1003392,82129,3648,419341,1521046
7407,5241,128066,39185,4704,1426517,1613083
55703,4537,522772,66888,3482,1542734,2198172
6351,4556,501109,43740,6297,491699,1056438
9481,6556,314928,35259,4648,1669708,2043025
7481,4889,292840,34888,4537,1539372,1886026
8796,5463,27900,84388,3574,405783,537941
6500,4389,85570,44129,5908,497278,645830
5259,4667,181684,44611,5056,1561934,1805267
8556,5333,259077,44018,5741,1548430,1874823
9093,5777,7786,39592,5500,456730,526701
59296,4796,32122,34815,4611,1588886,1726842
9981,5759,182385,34074,4407,1561661,1800452
7073,4871,230444,57907,3777,466534,772699
7222,5129,9208,33555,4463,1531228,1593842
4833,4370,24934,42981,6259,560359,646237
8574,5222,120733,39907,4834,1556664,1738693
4944,4537,222014,74018,3630,1591697,1903285
9499,6593,454795,51796,4870,522236,1051790
7314,5241,416891,50277,5019,2271463,2758798
5630,5000,91729,45093,5759,1509946,1665898
8536,5556,172418,31796,4482,1515220,1740397
4907,4667,262125,35871,4574,1530956,1845156
5722,4463,2593,46555,5574,527367,594978
8240,5871,87004,33407,5092,362197,503941
5925,4611,144489,28722,4982,1578926,1770397
8518,5333,261474,43759,6185,1582849,1910396
8147,5426,11849,41685,6130,1751066,1827007
6722,4889,55000,36204,5222,1542231,1652879
7981,5203,110949,34166,5556,428141,594459
9703,6648,199841,44685,5667,354100,623311
5648,4574,241325,42278,6074,464966,767181
8370,5574,20460,35055,4685,1594308,1670878
9129,6130,75259,63796,6889,1478990,1642249
9074,6370,198171,40888,6149,1553300,1816767
6444,4611,256044,36740,4519,1540760,1851785
5555,4703,2994,45907,5667,485003,552422
8241,5463,59052,44037,4630,474944,598645
8536,5149,520498,60037,6074,1482952,2085710
5111,4889,1004963,41592,4852,1525114,2588874
8814,5944,3824,59944,5981,454841,541348
9537,6370,37734,50074,5834,1598459,1711194
8574,5537,105756,83241,3370,1480512,1689064
9333,6204,200148,38982,4685,1594563,1856267
7814,5278,290189,67610,4667,1536430,1914377
6851,5630,41990,45703,6333,548433,657366
9037,6148,84030,36223,5055,1541719,1684731
8722,5518,169664,40463,4111,445795,676311
8962,5704,259759,55278,4981,1623896,1960895
6277,4704,36412,77351,4260,455214,586737
5759,5111,82397,36852,5481,502970,641126
7907,5148,175049,28000,5018,560929,784810
8722,5777,243571,37778,4833,1604437,1908655
9370,6204,-2184,33815,5240,1730192,1785489
7555,5074,21783,30574,4945,528269,600737
9074,6241,121305,37944,4666,430063,611886
8981,6259,198512,105277,3296,1408386,1732822
8518,5333,282756,71574,4037,420110,794847
9388,6074,8076,71166,3093,468643,569218
4481,4871,97134,40981,5482,1472078,1627713
9352,5555,180120,39851,4519,1557092,1798804
5499,4741,407289,45277,5704,466354,936864
4499,4260,7775,44667,5204,1818398,1887859
8852,5648,43057,43907,6167,1533359,1643176
9425,6037,145746,59481,5500,1502263,1730527
9426,6463,254138,36796,4907,1524740,1839045
6185,4981,35902,35759,4611,483188,572830
9648,6518,39998,32574,4111,1597863,1693323
4332,4537,123446,92741,3296,1501266,1731952
7629,4815,193282,43593,4944,1550281,1806563
9759,6722,3343,33722,4426,504043,564404
5258,4871,53328,32185,4055,426225,528515
4333,4148,86331,93389,3241,1418196,1613194
9500,5574,160575,42185,6111,1547489,1773471
9778,6537,253986,100166,3296,386492,763070
4944,4908,46,66889,4352,621097,704200
4889,4500,62328,54518,3370,1639903,1771916
9611,6425,132980,43629,3797,423369,621941
9685,6722,248372,88333,3389,1490655,1849878
7055,4926,11191,54963,4796,1816854,1902470
7778,5407,21139,38018,4297,514005,592682
4833,4740,164309,44000,3722,1457237,1681230
4333,4518,586904,42185,4259,442183,1086438
10203,6908,285130,39556,4278,1808764,2157617
7074,4481,9840,39092,4945,448898,516775
4963,4333,84306,37796,4796,1773054,1911285
8278,5370,165513,102129,3222,1430144,1717249
10314,5463,251942,44870,4093,446850,766014
5907,4629,42114,46518,6093,1529321,1636749
5888,4630,58654,102796,3444,424324,602737
9462,6222,144695,32444,4834,1547499,1747619
8370,5222,229254,65981,4185,1574606,1890063
5815,4555,3203,41814,6260,1840897,1904804
9962,6796,15484,40315,6037,1548895,1629527
5166,5092,134969,36185,4982,1430984,1619508
8481,5426,225861,33352,4444,490061,770070
9777,6371,288512,30296,4260,1564717,1906507
6870,4834,5017,48037,5833,478869,552164
5722,4648,79743,79593,3425,423180,598700
9148,5796,169210,35833,4944,1530169,1757249
7685,5130,307860,45056,6296,1411684,1785730
9740,6315,9070,63629,3593,426890,521812
5240,4815,50740,86870,3444,484238,637829
8166,5463,139909,42222,4352,1557377,1760063
9815,5518,250135,34870,4352,1587298,1894378
9592,5629,134881,41870,6463,1580165,1781119
8795,5612,46310,42333,4722,1577254,1687601
7684,5204,520793,35519,4796,1566324,2142931
8111,5555,192725,45314,6500,464624,725422
8703,5370,-1345,47148,6019,1652131,1720601
5481,4259,1418,34389,5111,552060,605348
4926,4129,81681,37500,4666,505242,640756
8018,5167,168536,96499,3260,475886,759218
8592,5537,267428,42259,6093,482030,814699
7852,5314,4878,80574,3500,1817000,1921822
9129,5593,41622,72573,3204,447597,582330
6685,4630,192532,83592,3092,1443829,1736786
8833,5148,1009736,38148,5203,515756,1584879
9722,6685,2096,41759,6296,1763023,1831970
8666,5722,11785,42796,5852,1615168,1692397
7981,5278,117418,37388,4648,383969,558719
9518,6889,219736,41055,6148,470427,756310
5407,4278,413516,40907,5741,474126,946698
8351,5741,577,41352,6278,1796448,1861359
7796,5408,79062,85889,4074,433749,618682
9018,5740,158770,54981,6370,1540461,1777674
8092,5333,259866,73851,3371,445130,798106
9315,6592,27833,45889,4370,416201,512608
5759,4963,52596,40833,4740,1557284,1668971
7759,5315,164692,33444,4833,440212,658682
9592,6630,244436,92314,3648,1517776,1876970
4759,4834,106588,41833,6407,442483,609589
8740,5667,39518,63204,3426,496311,619626
9777,6519,100725,35111,4611,366642,526071
9148,5907,495968,42981,5982,1939462,2501763
7499,4982,281658,98055,4129,1467776,1866840
6444,4296,-1114,35592,5352,460038,512738
7407,5019,75555,109814,3648,429979,634015
10129,6630,168762,36945,5148,1518746,1748897
8629,4834,255673,79870,3352,1564816,1919229
7444,5129,-784,66370,4296,498633,582904
9870,5537,45293,33648,4815,461130,563330
9092,5630,130277,35037,4704,1642193,1829341
4777,4222,269077,35333,4389,510585,830458
7222,4982,154933,39962,5908,1489242,1704990
10184,6315,9604,31500,4759,1756941,1821785
5093,4981,144348,44296,6815,1514901,1722490
9407,6055,198222,59815,4574,1513823,1794174
9574,7629,-26791,35259,4703,1858892,1891656
8684,5575,33878,41907,6315,422341,521348
9518,5926,24475,34611,4759,1715848,1797508
8407,5426,172793,34777,4259,1530475,1758212
5999,4463,284388,45037,5870,1485657,1833563
5907,4611,3282,34593,4907,1694578,1750453
4740,4482,49563,48148,4722,1556687,1670972
7611,5222,147419,41925,4760,410652,620960
10240,6518,228867,45833,5815,1565845,1865544
8889,6092,7668,34481,4908,1721748,1786360
7907,5315,10763,33704,4407,1796578,1861655
6870,4629,135230,38611,4852,1571371,1763804
9296,5611,199214,49167,5778,1566441,1838118
8925,6241,-20707,44352,5815,473500,520219
5962,4500,724,32722,5148,587125,638126
8703,6463,73652,98518,4037,407697,601885
8610,4908,204192,47833,5056,1469612,1742841
5981,4333,273011,40981,5722,1711459,2043802
9759,6481,31534,30111,4556,439907,524534
8574,6389,45427,40962,4556,535199,643774
5463,4833,140930,33870,4778,1576874,1768860
9630,5629,249008,36185,4888,1535223,1842619
8370,5852,129938,35277,4204,1470145,1655824
5203,4666,27257,55629,5500,1531753,1632434
4907,4185,119741,34037,4648,389848,559515
5444,4722,238652,46203,6149,1536170,1839526
4777,4463,13194,43907,5982,1691295,1765711
9555,6611,40161,38166,4871,1800439,1902452
8481,5463,120905,40685,3685,1428586,1610435
7166,5074,164094,45870,5833,328885,559256
6536,4852,276819,46166,5833,1542875,1885674
7944,5259,28416,40444,6074,466044,556015
5166,4407,43161,35814,5315,1578330,1674601
4277,4556,144756,37000,3759,384130,580219
9167,5981,616295,45629,4667,1486118,2169969
4870,4703,5135,64963,4129,480677,566163
4777,4611,19953,77537,3907,1498001,1610823
9555,5666,101864,44519,6333,1543219,1713730
7574,5259,222201,92388,3611,1455067,1789712
9184,6500,186742,51870,4907,513755,775717
5611,4426,64061,51999,5926,378011,512238
9666,5945,69805,51518,4315,417322,560904
5333,4352,188178,46278,5870,1503497,1755545
6055,4370,270053,36722,4574,1534695,1858877
5036,4519,42983,45630,6129,1708006,1814452
9685,6018,43154,112648,3703,1474930,1652842
5556,4463,328322,31537,4519,1640054,2016896
9537,6259,231068,38259,3944,513502,805217
6073,4630,46517,46444,5852,1500103,1612305
9333,6019,7521,33740,5278,1610451,1675453
9388,5852,104413,50074,4333,1417448,1594360
5907,5537,987172,40129,4945,1754533,2800631
7073,5315,-7060,42148,5537,1638124,1693471
8481,5296,33443,33519,4333,434757,522404
7981,5519,101761,37889,4741,406902,567219
7056,5092,217802,93462,3408,1466410,1795619
6148,4796,1799409,29241,4259,1493478,3339535
8019,5185,8348,38388,4426,404205,470738
6111,4481,66925,48352,5981,1487825,1621731
8796,5537,139965,42648,5686,1555376,1761656
8666,6019,227857,49407,6204,1534854,1835341
8129,5574,8215,42444,5926,1649461,1722953
4759,4371,45699,39981,4871,1531569,1633361
6407,5352,98981,68000,4111,1544879,1730138
5370,4296,193077,43425,4963,1516561,1769823
9629,6482,-23085,39833,5926,1810296,1851804
6907,4982,13807,36111,4556,1767015,1835989
5907,4648,77533,72222,4389,1595753,1763063
6111,4611,169166,44055,4907,1540565,1771545
4740,4093,322354,35944,4741,389660,764199
8352,5629,3952,47315,5741,1614667,1688398
5055,4278,48326,41685,4907,466597,573163
5721,4556,136385,38240,3741,1585883,1776600
5592,4333,262370,44241,5981,417978,742736
8573,5852,47171,35870,4648,1587283,1691453
9666,6907,18953,41147,5963,1750556,1835766
8018,5297,111789,63277,5704,1512238,1708935
9296,5778,224033,41166,5815,1590567,1878970
9518,6500,-18517,38592,4685,1579842,1623268
7832,5315,13505,35777,4371,420789,489867
6666,4852,1051689,41981,6333,1558240,2671836
4629,4519,167826,88463,3574,1479312,1750286
9333,5962,256015,57907,4630,1839343,2175727
5296,4333,-1128,40518,4352,519977,576052
9630,6444,59986,88111,3444,440733,610886
10074,5888,126249,30482,4185,347452,526756
8203,5556,214789,46111,5111,514058,796106
8722,5518,74553,44296,6093,1657492,1799359
9296,5667,18020,36055,4667,1601174,1677342
7759,5019,108560,38815,3814,1481579,1647620
9795,6112,190230,70333,3574,1503908,1786600
8037,5222,319604,42630,6148,1559736,1943729
9259,6000,49183,39741,4685,440091,551515
5573,4371,84316,57889,5870,447347,607718
9629,6445,158449,35722,4593,408769,626404
4944,4797,398063,52240,4667,463283,930365
8926,5555,-301,38833,4704,496335,556793
5073,5093,174924,60407,6259,469887,724384
5740,4815,135076,101036,3482,515735,767736
5741,4537,217486,42593,5592,1555207,1833841
4777,4223,8435,43704,6518,1657221,1727212
8388,5352,13199,35407,5056,562038,632441
10166,6371,117998,48833,5926,1530103,1722175
6870,4629,187817,40722,5130,1516728,1764397
4555,4204,-20086,50870,3481,448658,493460
9666,6518,1751,75759,3371,1692627,1792322
9203,6018,76033,34333,4740,495724,628366
8369,5463,190758,66166,3352,1488714,1765489
7499,4982,260483,49370,5315,1537228,1867655
9851,5519,5433,78111,5481,419157,526182
7333,5019,70195,32093,4852,1538868,1661046
9018,5796,137384,38667,4278,453649,652218
9129,6185,240536,45685,6129,1521750,1831767
7684,4945,2485,67166,4167,1625820,1715100
4759,4703,15878,41333,5592,497657,572830
9462,6481,100400,43240,6149,1436146,1604564
6685,4815,203069,61685,5648,1678716,1962877
7815,5000,280961,40037,5130,1471916,1813823
5222,4685,-2218,36814,4889,1776986,1829211
8611,5352,113266,28611,4074,345860,508349
4907,4519,179029,46444,5074,1571238,1813137
7814,5278,277699,41018,6167,1813159,2153709
10092,6741,47871,33000,4537,420830,525645
6611,4814,83578,42000,5759,467197,612681
8833,5870,130934,40314,4648,1514353,1707360
9685,5981,219233,98314,3852,1506423,1845952
6000,4055,2257,70795,5797,1805640,1896637
7333,5370,12593,35796,4593,1611341,1679341
9592,5982,103615,53240,4852,1462209,1641583
9203,5797,189396,96018,3574,453378,759829
5018,4611,778286,42907,6278,1524052,2363800
8925,5593,47553,42222,4407,473611,585145
8111,5407,101464,59833,3740,1472342,1654434
5240,4648,169153,42999,5741,1588319,1819767
4574,4444,262156,47629,5500,1522445,1848841
6315,4759,-1450,40685,6370,445244,504349
9092,5685,48831,38852,3722,472555,581293
9851,6204,149112,45111,5778,1496063,1714730
7796,4870,238412,91888,3963,1471263,1820748
5018,4204,190915,31111,4648,1495686,1734434
4722,4685,35938,57167,3518,452836,561608
8667,5314,880383,50333,4741,507424,1459510
4907,4296,190019,100389,3648,432347,739180
4222,4333,193931,44833,5852,486935,742421
9110,5630,48750,36148,4481,1702369,1808600
9333,5870,94550,36555,5130,374095,528219
5333,4333,205702,30648,4907,351814,604830
7870,5019,269038,92574,3685,357958,738570
9648,6241,747,60555,6018,422103,507849
9240,5945,45935,35871,4537,483746,587404
7999,5185,131884,58536,6037,1590533,1802192
9018,5611,1002438,40963,4759,1598880,2664539
17500,3870,-25479,33389,4352,483050,519238
19981,4444,3136,39889,4259,463121,537645
8759,5537,265323,35519,4555,1733627,2057043
9426,5667,186013,46629,7667,510556,768422
7796,5389,666125,34852,5000,465664,1186993
9389,5630,5354,39093,4833,1816394,1882804
8314,5722,69118,58907,5019,1604057,1753230
9258,6148,169288,76666,3760,417208,685051
5815,4722,252383,44148,8963,1423681,1742212
9629,6926,23314,33407,4741,457683,538256
8685,5000,70169,32315,4741,453568,577108
9296,6000,123228,30297,5426,1589649,1766693
5573,6649,63918,59648,6351,478783,623366
7703,5852,2904,39778,6148,1886233,1950692
9055,5612,2722,35481,4593,1599120,1659416
6500,4703,133281,53167,4944,1533080,1738082
6370,4407,196692,43351,6037,400120,659366
9296,6259,-20155,40296,5741,1902977,1946748
7759,4722,-3299,43518,5778,1663734,1724731
9573,6722,74556,96759,4074,423423,617866
6166,4593,167466,45019,5833,427622,659385
9351,6037,168304,41536,18223,2078720,2325023
7389,5092,1120692,42148,4852,2285232,3467924
5036,4463,349459,44871,6314,1712936,2125154
21721,4852,94334,41611,5852,1805155,1976099
8184,5482,254170,41185,5611,1908706,2225505
7981,5259,93379,38185,5611,1804147,1957285
9555,6611,167734,61222,4018,2073883,2325449
8611,5611,1137122,47314,5204,1795472,3001408
6240,5000,160815,50926,4963,1770710,2000932
6203,4741,-4717,43426,4481,1675189,1731508
8167,5666,358155,34278,5000,1844943,2258265
9499,6130,-2247,45481,3778,2038123,2102728
6018,4685,-2558,40111,5648,474555,531348
8722,6037,194852,40463,6315,1921060,2179931
9258,6000,311041,51389,5463,1862483,2248394
9351,5389,688098,43426,6037,2115162,2869445
22907,4407,106846,64018,4019,461521,665681
8629,5500,431218,38260,5259,2561097,3051963
8407,5259,125427,45630,5296,1600044,1792415
8184,5537,5173,33833,5333,1678466,1738823
9481,6093,123509,38185,5481,1561648,1746471
7629,4797,219178,40537,6019,1606421,1887989
6999,4834,1916230,38555,5963,1651545,3626793
5926,4592,115244,40814,6093,1528339,1703860
8055,5185,95043,34759,5018,480158,630570
8629,5241,151268,43593,6314,1577073,1794637
4870,4703,261846,42018,5723,1510421,1831970
5333,4352,39813,41019,6370,1883249,1982544
8740,5426,39021,35111,4851,1587007,1682286
8574,5851,129895,48019,5999,1554207,1754545
9666,5945,700099,43259,6149,416893,1184030
7092,4815,144,39722,5629,498539,558311
10000,6574,20610,38945,5925,1535936,1620583
8296,5370,109892,41296,5944,1455859,1629120
8925,6482,201135,41870,6297,1920018,2187209
5610,5000,288195,44351,5797,434449,786050
5907,4593,38958,29741,4093,480519,566645
4889,4481,110962,28130,4037,386627,541330
9481,6037,171299,42018,6315,1592949,1830507
8944,5852,254710,27185,4074,1598575,1901433
5221,4963,14141,27796,4019,468615,527311
9629,6593,67459,39463,5111,468926,600423
8204,5370,127388,36759,4797,1454528,1640528
5240,4315,227799,39703,4667,1495672,1780434
5166,4278,-4992,52129,5704,1653667,1718379
6240,4463,188400,32148,5185,562337,801588
4370,5055,93645,37203,5037,412927,560330
9722,6648,212870,35796,4722,1638008,1909729
7721,5074,306262,28519,3907,1567505,1921933
6444,4314,142415,35481,4556,1494298,1689582
8648,5389,58474,38426,4963,498096,616423
9185,5888,182367,42629,5908,1492327,1740786
5870,4574,270018,41389,4815,1816580,2145784
7166,4426,262725,44945,4629,503974,830439
8167,5555,80064,36277,4871,1567037,1704416
5777,4334,531787,48240,5037,540503,1137863
9870,6685,560921,40833,4833,1778306,2403541
7981,5037,-369,42277,5834,1802932,1866711
4722,4537,7708,42611,6408,1568504,1637249
9055,5444,96564,49778,3722,1609944,1776897
8684,5797,206011,40445,4518,1480478,1748749
6814,5019,273700,67481,4815,1512881,1873266
8222,5389,-128,50277,4463,1533027,1603917
6500,4833,64116,42426,5055,1587134,1713712
9833,6814,147009,48388,5482,1559092,1779304
7870,4630,238956,39333,4241,1585977,1883341
8056,5222,-1836,56037,3445,434258,507886
9444,6537,28039,33759,4537,1602155,1686416
6148,4537,125376,50481,5481,1521930,1716249
8926,5648,246786,63851,3963,1522685,1853896
9611,6574,-4153,37574,4962,1881087,1938489
5462,5019,22609,44056,6518,474406,560682
9092,5852,89632,66481,3722,1607340,1784490
8592,5389,177172,44666,3944,1514078,1757082
9222,7574,-33713,47537,5519,1683184,1721341
9592,6074,30773,70648,5814,1666495,1791674
7110,4759,75184,41019,5925,493443,629477
9111,6499,147706,39981,6130,1619691,1831119
7815,5648,252746,38777,5871,1546724,1860415
5499,4686,-8009,37019,4407,490505,536330
9092,5574,33440,47259,6203,466372,570348
9648,6018,117295,43500,3945,1575917,1758730
8148,4981,211280,54074,4018,535901,820569
9703,6556,669504,42851,6426,1653723,2391708
6703,5074,10010,35111,6519,1591831,1658378
7185,4870,137681,34703,4926,325113,516997
4703,4408,275313,45055,5611,1898933,2236227
9407,5888,268373,99166,3889,1455525,1844285
9296,5611,-6215,55240,3537,503175,573070
9907,6593,136695,50334,3148,1850551,2059970
6036,4445,154625,47166,6500,1738734,1960469
8351,5259,280740,46944,6000,1725563,2075191
9333,6426,28559,59666,3389,422512,532701
9111,5926,36359,68925,3704,448101,574645
5407,4555,162955,41463,5926,1548053,1771063
8426,5129,246236,29037,5093,527963,824495
7592,5593,-2019,35630,4518,523812,577885
5388,4352,1615,33000,3926,525326,576256
4426,4666,97434,81036,3852,1505835,1699786
9537,6111,191548,36537,4648,1558016,1808712
8221,5315,-20910,34537,4463,466000,500200
9815,6314,-5554,37500,4981,1785914,1841156
7666,5352,58949,43685,4833,493696,616830
6610,4834,166803,41537,4630,392285,619329
5055,4315,298622,32870,4000,1593108,1941711
10814,6723,4923,38907,4759,472037,540645
8907,5352,26501,30944,4704,536644,615515
8314,5704,131782,35000,3555,1461079,1647638
9222,5537,206082,37629,4963,1619889,1885396
7555,4667,156882,31944,5222,1487775,1696490
9574,6629,414107,35796,4778,1616066,2089117
8851,6074,122131,28611,4648,1745432,1917784
7962,5037,179912,73981,4296,1477949,1751119
9185,5814,1826241,41371,5740,1569591,3460405
5129,4630,495326,37259,4815,1383755,1933026
8778,5740,63405,34556,4741,420036,540756
9426,6407,153557,30018,4723,1576173,1782656
5500,4407,625836,55426,3648,469602,1166771
6574,4852,4361,36852,4555,490506,550404
9110,6185,59828,29685,5000,476095,588774
6167,4777,905013,38407,5037,1604676,2566429
8499,5630,206224,36036,4686,479772,743699
7463,5370,160301,28426,4445,1494318,1703045
5536,4408,11047,29481,4500,1615573,1673231
9463,6129,84328,43426,5852,1439237,1591157
4573,4445,200331,37037,3704,1443047,1696730
9129,7093,-11701,34148,4333,438495,483664
8629,5574,-4771,79963,4000,1750816,1846934
6314,4444,59362,31574,5019,386468,496052
8741,5481,153625,37240,4426,1652309,1864526
9944,6259,271146,40833,6000,443868,780532
8203,5185,14855,32111,4630,494716,561996
9185,5648,41562,32240,5315,1728464,1824822
5592,4630,156065,38222,5000,1516295,1728564
8981,5611,238884,40537,5407,508019,810162
5666,4778,178832,26703,4334,1555935,1778693
9888,6630,24836,37056,4240,523383,608829
7592,5129,906911,38814,4870,384842,1351010
10018,6741,179584,30148,4908,1765033,1998988
9092,6407,261273,39944,3685,1518235,1841063
8444,5426,-3352,66185,4963,477349,561775
6185,4926,60337,41518,3592,496808,616256
8962,5908,147544,40296,4759,1490354,1700453
5592,4741,238677,43296,4148,1912977,2211857
9444,6186,33459,41074,5907,428631,527386
9388,6574,23649,31518,4778,1586231,1664601
8796,6092,116115,47370,5111,1551913,1738878
5407,4352,208451,62000,3518,1489483,1775360
8796,5648,2438,33592,4944,541078,598571
9684,6482,12163,29778,3889,1802307,1866840
5333,4334,92204,34462,4408,1529545,1672601
5722,4926,219948,33852,4703,1774318,2046210
8296,5796,282544,28556,4333,1547519,1879026
9574,6685,5271,35167,4759,478225,542330
9944,6945,52812,94962,4056,1533326,1704823
8426,5352,161722,40259,4778,1553841,1777082
5981,4407,274337,35259,5815,1553634,1882730
8259,5574,7472,31055,4667,1578852,1637824
8796,5500,42309,27240,4611,486744,577293
5759,4500,132108,33444,4833,1624733,1807656
8963,5852,204074,98611,4944,407422,731848
9056,5648,-4699,51537,3667,1766706,1833971
8574,5444,4954,45481,4685,506247,577848
5129,4889,103808,65759,5926,394781,582404
4296,4407,179905,32129,4796,675961,904235
6018,4593,270648,55130,4055,1545489,1888933
8370,5426,830131,38259,5408,417639,1307752
8815,6000,456581,42203,6537,1512870,2035451
8629,5648,146569,38722,5092,421651,629348
8518,5481,233924,48703,5315,398610,703107
9425,6537,-8182,50425,5630,1572396,1639027
5481,4741,63376,39315,6314,1555985,1677342
9851,6223,310397,39389,4666,1475870,1848378
8203,5204,247734,42426,6019,466038,777717
9240,6593,2962,40833,5944,1678899,1746934
9352,5407,30947,33556,4999,1497507,1584547
7352,4925,128914,28777,4722,1479948,1656879
8296,5389,183768,43907,5019,1573943,1823452
9611,7351,-39208,34982,4666,1704698,1724082
8944,5074,19073,41093,6407,1571362,1654064
8907,5500,97669,35204,5111,1470321,1625027
8870,5759,152339,45074,4556,426694,645348
7315,5314,234862,42888,4371,1809070,2106654
5870,4981,-7448,43277,4908,1571698,1625638
52795,4556,3462,48333,5463,1603306,1719934
8629,5907,287298,42204,4833,509993,861365
8277,5852,209173,82666,3926,1752871,2065414
8944,5537,4659,41037,6297,1609720,1678601
7926,5592,13904,49759,5741,1803826,1889156
7630,5351,100889,38574,4981,1535731,1695731
7148,4870,180540,58593,3944,396771,653904
9444,6315,-33863,36482,5240,1699742,1725657
7704,5426,-2526,47277,5482,1688367,1754397
8777,5834,70014,41667,6148,1628382,1763119
9073,6204,162296,40426,5481,1837803,2063247
8537,5463,235651,47759,5000,1601134,1905952
5462,4796,11101,45166,5963,1754908,1830155
5295,4537,30401,45055,3833,1902811,1994043
4111,4426,515569,40999,5148,1645845,2219006
4148,4388,210463,41481,3834,462163,729347
9166,5667,-8403,42463,5759,1741374,1798748
4833,4074,14064,44777,6186,533025,609552
7111,5055,121401,36222,5277,1497442,1675212
4648,4167,180959,44685,4519,407555,648719
10241,6463,680090,52278,3833,520810,1276030
8869,5741,-2050,47148,6018,1772725,1840989
5074,4963,57971,40259,5741,1652981,1769600
8833,5778,640732,41148,4463,430391,1133882
9462,6481,230683,32185,5037,1594010,1881414
8648,5833,12446,52000,3630,421514,506664
8944,5815,25061,48426,4444,482936,577645
9203,6093,11139,41426,6444,1812665,1889359
6184,5019,212679,70296,4018,469891,770180
6111,4481,332942,42481,5963,1721287,2115858
9296,6518,15355,42851,5630,547476,628830
5536,4760,92894,83352,3852,1393448,1585935
8870,5352,209546,40537,6000,1481536,1754767
7555,4982,1050101,41981,5797,1510623,2623466
8629,5741,12702,37537,4111,1745546,1816452
5796,4740,66207,45463,5129,1550932,1682157
9593,6925,529468,47203,5611,1568113,2169173
6037,4463,239472,39926,4556,478819,775977
5222,4315,26403,45167,5648,465742,554812
9018,5704,40555,45741,6203,1580176,1689342
5444,4296,79892,39574,5889,494271,632199
6703,4500,205618,46092,4981,524452,794791
7944,5092,-8544,34667,4555,517153,563404
7518,5092,17738,42314,6130,1503161,1584546
5185,4482,87888,44130,5815,498089,648182
10370,6778,191244,40852,5704,1470912,1728471
4851,4593,-30066,44796,5852,1683648,1716082
7148,5259,272,37037,5296,469726,527257
9073,5556,52293,42333,5019,526296,642829
8814,5722,168408,41444,5741,390830,623533
6019,4722,250670,39481,6112,493102,802514
9518,6185,47287,42074,5037,1938127,2050636
8796,5537,40271,46611,6185,1547923,1658064
5277,4222,135664,40852,4926,420795,614311
6629,5093,219611,39945,5907,1553341,1833230
8537,5426,-8161,41888,5111,1702225,1757712
7981,5666,-1916,37203,3704,1650240,1704990
10259,6240,82532,48092,5518,1539682,1695008
7777,5074,172220,89667,3722,1760120,2040895
9518,6371,372019,40685,6111,1564951,2001766
7722,5000,99,51833,4852,504194,575719
8037,5000,53028,44796,4074,473746,591330
5444,4426,150791,55055,3611,1514144,1736323
8722,5574,261701,38389,6852,1650787,1974229
5500,4556,10947,47370,5741,1862449,1938526
8870,5666,21044,55333,6371,1598446,1698490
8611,5444,600304,41222,6093,1792052,2457226
6110,4630,206606,71777,3704,564038,859643
10500,6685,8759,42166,6389,1614176,1691194
8259,5370,5430,41222,5981,1630894,1699712
9073,5574,102711,41629,5908,1544112,1711452
6166,4241,187085,40518,5759,311653,557441
8277,5444,259922,55222,5592,467167,804032
5759,5166,15427,39240,5333,1734138,1807193
4482,4388,66801,46073,5667,1480931,1610787
5351,4982,919411,40537,5259,1507815,2486041
8778,5796,233622,44518,5593,498281,800033
9907,6629,48293,40000,5945,1891361,2004321
7870,5055,24594,57388,5648,1571768,1675082
6351,5278,539558,36963,5296,1599855,2195690
8870,5648,240896,39574,5648,1613963,1916637
6185,4944,-10561,38685,5685,489985,536608
6241,4611,20275,41648,6278,1559567,1640657
5185,4481,127872,37500,5277,1467601,1649898
6055,4630,175338,46407,5463,1420375,1660305
11759,6092,270990,42073,4778,398340,736051
8685,5444,239790,38333,5908,1764476,2065340
8333,5296,87998,39537,4925,1504400,1654175
9259,5482,57039,46759,5611,407254,534794
8999,5797,644077,40351,6130,446731,1154493
9148,6500,33287,34722,4889,563968,655163
6425,4852,29254,53019,5796,1555255,1656675
9241,5722,222998,63333,3629,1717287,2024729
8111,5407,221502,35204,4629,1616358,1893341
9221,6204,-2012,47315,6278,471009,540645
6278,4611,14306,43945,5777,484043,561775
9981,6315,80292,62999,3852,1585365,1751119
8963,5907,171128,36074,4741,1566750,1796878
8685,5648,-35404,42593,5648,471753,500793
6073,4778,-789,40129,4834,1834444,1892655
5666,4407,76733,41222,6148,1586443,1723360
5815,4518,145255,35240,5352,480982,679626
4777,4518,234870,41796,4685,496330,789458
8444,5333,3319,46759,5389,499548,571441
4666,4426,22915,62278,3870,1967092,2067636
8944,5593,110437,35740,4556,1567016,1734916
4796,4648,219792,40666,5889,471241,749143
9888,6778,-2018,43741,5370,1584990,1650768
8167,4944,5616,44148,6129,1587542,1659750
9314,5852,81045,47241,4537,1582593,1732934
9036,5778,183011,44426,5019,1553922,1803267
5685,4852,-10632,42889,5666,1572160,1622657
9481,6574,8483,38629,5963,1557174,1629120
5259,4463,54727,53667,5852,1544115,1670379
8981,6000,152953,40222,4833,1526982,1742120
8666,5704,242919,39463,5907,481539,786217
8629,5259,23221,39981,6074,489091,574774
8667,5703,35428,39722,5037,521865,619052
5074,4796,118579,60500,3778,1577151,1772527
9426,5815,213805,43944,6018,548117,829551
4740,4852,7198,36093,4759,1667736,1727934
9425,6297,-7150,70611,3481,494758,580274
5796,4556,87446,43407,5297,434217,583460
9092,5945,170191,92110,3482,1500577,1784286
8999,5482,334601,41407,6445,434931,834458
9684,6574,-7375,57741,3574,464113,536700
8185,5241,53332,63963,3926,1503806,1640472
9314,5908,157650,45963,5019,1553709,1780063
5111,4833,234154,88722,3667,455786,794366
9555,6519,126436,44629,4593,1477795,1672120
4555,4574,41236,43352,6259,1603439,1705823
6648,4667,570330,39241,6000,529551,1158401
4889,4629,244373,39000,6111,1614153,1915452
4666,4463,-3844,38018,5167,1759130,1809693
9277,6037,25641,46352,5685,524634,620070
7721,5241,82700,35518,4612,492018,629903
5314,5037,175537,143351,3982,339608,675459
9907,6444,271355,48426,5852,463974,808643
8481,5704,199507,41130,5796,1704852,1967563
9389,6074,87363,45259,5704,466318,623700
8722,5648,159645,40073,5741,1472771,1694619
9296,6722,247185,39759,4852,1549137,1858970
5148,4555,38505,38556,5889,1750725,1846434
6889,4815,31119,53482,4926,1566407,1670102
7944,5371,135049,41018,5815,478762,676311
8314,5297,200145,83740,3852,1466049,1769730
5611,5000,890,41611,5500,603235,664570
5518,4852,-4717,48537,3241,1599540,1659768
4851,4204,83564,44334,4203,470173,613515
7888,5371,172049,52741,3370,1559903,1804267
5407,4462,373349,54574,3667,491664,935957
8277,5185,-6331,52426,3241,462828,528367
5481,4815,54913,50148,5111,491954,614941
10018,6685,137121,76036,4852,1498740,1736267
4721,4463,301698,39185,5574,420409,778439
8741,5537,18443,42037,6148,1709361,1792508
9111,6370,30207,40611,5907,468124,562200
7629,5056,141728,65666,5760,1961407,2189968
8500,5240,212677,40370,6018,1595998,1870859
7944,5481,-6707,35537,5018,514149,564682
6759,4759,-4315,46093,5888,442905,504979
9333,5815,77651,35352,5166,1800504,1936488
5944,4407,187840,41037,6389,377212,625662
6815,4888,269770,43759,4259,1485091,1816767
9259,6389,-5133,40111,5648,443278,502479
5833,4630,69611,39444,4815,1543175,1669638
8741,5703,137522,43667,5611,1568079,1772082
6962,4926,228915,85907,4074,1543408,1876359
8685,5333,165882,39500,6111,1563941,1792286
5277,4667,42737,41593,6000,1568512,1671268
4240,4463,120390,47592,4944,1494213,1679509
7593,5203,235874,40815,6093,459177,756922
9611,6630,640450,39555,6000,1600851,2305098
8129,5389,4271,38093,5944,1645274,1709712
8518,5574,92164,40852,5000,430129,584700
6499,4722,205038,39278,6351,1486767,1751174
4963,4629,656410,55463,4111,519324,1247659
9500,6814,-8805,41814,4797,489043,546034
5907,4741,56716,46982,4518,1529848,1651342
8389,5444,135776,33629,3815,373536,563404
8666,5426,259612,29629,4630,1485637,1797119
9314,6574,-9845,41111,5907,502658,558478
8832,6186,21898,32796,6482,577264,656533
8369,5667,109087,45704,4907,1511811,1687619
4907,4352,234368,34500,4722,1570732,1855563
9296,7037,-13664,42611,6167,456105,509534
4592,4463,10081,41685,5500,546823,615997
8629,5908,78102,41611,5130,419709,561664
8814,5704,940362,46592,5352,1508401,2518929
20184,4352,260739,40297,6148,1498528,1832896
5166,4649,-4997,40222,5796,1924022,1977618
4667,4277,67341,41907,5648,1529039,1656213
9333,5593,135992,40703,5834,1624349,1823952
9463,6240,255644,40851,5741,1636105,1956211
4944,4685,4778,43704,5852,1683193,1749323
9203,6333,54319,36314,5204,1572357,1686453
5500,5667,119025,43908,5666,1546131,1728323
9388,6000,209770,45778,6055,526503,805624
5611,5037,-12595,42055,5111,565203,613293
8388,5704,-8592,45259,5593,470774,529311
6444,5000,87875,31277,4667,1523838,1661490
5666,5204,185693,79462,3685,468174,749958
7833,5278,263789,48073,5871,454114,787847
5203,4260,913382,41148,4592,569239,1539787
8148,5277,76316,45333,6297,1556063,1699971
9278,5815,141004,40648,5815,1525374,1730009
9962,6074,608043,41204,5537,1746424,2419337
8648,6074,-376,43703,6241,457818,524052
6778,5055,448441,38259,6259,442628,949420
6944,5462,126020,47722,5723,1506988,1701452
4333,5167,216597,42370,5741,1766613,2043173
9666,5648,-12601,40278,5351,453877,504275
6500,4759,-9357,42278,4796,483020,534386
10240,6333,75776,77315,4833,430091,606626
5629,4389,185613,42481,5834,1529876,1775841
8870,5500,253579,64389,3796,494268,832532
8462,5463,-4082,41666,4538,477949,536015
10055,6333,44643,112630,3907,1426718,1606416
8055,5389,150887,37834,4814,1505992,1715341
8055,5537,227502,48796,3778,564696,860420
5666,4500,4007,41148,4537,475046,537219
6611,4741,17603,35074,4815,1501610,1573158
8425,5556,493272,47314,5519,453130,1015624
8019,5259,1010273,41426,6074,1608470,2682170
24870,4592,756445,42740,5612,1833298,2669613
6814,5537,758560,43852,5407,1517686,2339893
8389,5259,503565,42425,6130,471337,1039883
9759,6407,267811,65036,4130,1728011,2083654
8370,5629,351296,52296,3185,1665044,2088561
8092,5056,1525312,46666,6222,495806,2089969
8444,5518,432747,41611,5222,1598648,2094876
9259,5445,1311431,43259,6315,372003,1750157
7351,5297,261996,42962,5834,413870,740569
9722,6555,678443,42222,5833,439292,1184530
8518,5500,54560,36481,4963,508436,621292
5593,5351,922690,34944,4426,1477055,2452449
9184,6186,634324,43667,6148,445872,1147826
7685,5019,5164,38370,5926,1576752,1641935
4758,4315,24094,37630,4481,1741803,1819211
9629,6019,550892,41870,4389,601879,1216493
8704,5592,195027,28296,4241,1976904,2221339
5796,4537,664566,43870,5259,1620272,2346912
9278,5685,39869,42463,6370,443702,550293
9147,6019,59483,43148,6167,1562933,1690249
9388,5889,171098,39352,5926,446602,680237
8111,5741,265712,41685,5852,477468,806625
9166,6593,366,38092,6093,459150,521997
8833,5352,29277,44203,4500,534664,629570
8833,5704,105947,48944,4944,1591006,1767786
8611,5796,225858,49611,4611,441564,738199
9333,6204,-13286,45889,4926,1823737,1879415
5574,4574,7163,42463,5611,1626290,1694064
9204,5703,75037,52203,4630,398609,547349
5221,5074,953296,41555,5593,1621522,2634725
4130,4833,259525,39925,4926,1558798,1874248
9536,6667,-13674,39630,5444,1777922,1829026
8758,6223,64070,44796,6056,1481346,1613212
7833,5055,140019,40425,4945,1570804,1772063
8018,5407,246670,46593,5740,1622782,1937711
9073,5759,122489,43019,4926,1496056,1683489
7518,4963,19326,44018,5723,450392,533922
9314,5685,140071,36389,5148,1600919,1800304
8870,6574,238352,28833,4741,1520101,1809989
6481,5018,-5087,34074,5018,1849206,1897377
6166,4611,34213,28981,4759,527081,609237
8407,5259,82290,43500,6370,1586478,1734804
8462,5278,202219,42593,4777,523703,789143
7944,5537,257056,42741,4537,511402,831810
9740,6704,-5995,53981,3241,1558300,1628823
7444,5074,48954,51370,5815,1483593,1604509
9092,5851,174272,39204,5611,1474959,1711434
9426,5703,237979,45778,6333,1475418,1782693
6425,5037,6688,52129,3871,460420,537089
8259,5444,14747,61092,3686,545861,641700
8055,5815,112491,36426,3574,382987,552052
9481,6481,188365,36000,4555,1608180,1855785
8370,5685,-18001,45852,5222,426554,475867
6037,4629,9855,38593,5000,1572635,1639416
9073,5815,72970,31925,4797,1789149,1916062
5611,4389,164232,36703,4722,1565406,1783360
9833,6074,247235,64704,3592,1559384,1892785
10037,7037,290294,45445,5629,1841730,2202987
5833,4740,45559,70000,3407,1582858,1715212
7147,4963,135433,41888,4574,1494910,1691360
5277,5852,224862,36703,3834,1513590,1793304
10018,6315,-7152,35574,4592,496779,548774
7629,5370,16019,55925,3649,539218,629940
7889,5259,875407,29833,3556,1598263,2522633
8332,5519,192248,44166,5648,448563,707106
5314,4593,-15229,41926,5537,1704978,1749508
7796,5352,17626,39056,4463,1636604,1712934
9851,5519,71778,39148,4630,1553397,1686323
8444,5352,192300,39315,5685,1505467,1759045
5296,4889,269322,40018,5593,444840,771996
9407,6630,-12136,54611,3352,1788514,1852471
8647,5574,61942,34481,4482,1569882,1688267
8129,5352,134334,74074,3907,405422,633218
7981,5630,245375,35110,6334,508324,811736
8129,5574,505118,39167,5722,372988,938828
22018,13018,-3876,31926,4741,1873012,1943914
17611,11925,85054,36037,4703,622257,781884
37500,15426,147575,33741,4000,1529877,1771471
31352,12240,266764,42648,5685,1525337,1887674
23425,10130,11602,50426,5167,463765,568886
30851,14907,35662,34759,5704,548797,674940
57944,19222,131684,40648,5740,1578547,1839323
29073,33944,198706,65629,3778,1606321,1941895
29481,14407,3173,29796,4482,593342,679607
22999,14463,15585,35296,4537,1645331,1742082
22777,12537,121829,41277,4852,420243,627126
29721,25537,191443,32667,3259,1565231,1851007
20944,9870,2429,30834,3851,1714690,1784545
12314,7574,4766,31852,4704,1634186,1697619
14259,8222,94363,39203,4445,1514479,1677990
11111,6333,186255,57999,3352,1542642,1809841
6647,4908,-25037,49203,5260,487960,531515
7129,4981,-16422,29074,4611,449401,480867
9573,5648,73397,36110,4797,361860,493478
10055,6074,201418,28407,4686,494337,747996
6573,4945,496920,26667,4926,1696381,2238616
10852,6018,22834,35907,4759,1854877,1937766
9518,6592,46653,30481,4241,1809225,1909322
7426,5185,180600,35148,4834,1512630,1748009
5537,7111,226492,36778,4611,434151,716366
7833,5333,-5928,60259,4352,489592,563052
5685,5334,47334,34463,4722,486070,585701
6351,4796,45246,51018,6222,1760003,1876951
4962,4612,216804,41203,6278,510062,786643
10333,6537,-5247,39074,6093,476095,535534
6444,4556,-16206,36259,4926,1806621,1845045
9148,5703,71835,49204,5722,1603673,1747378
9981,6148,156487,33518,4944,417010,630626
9666,6129,250527,46185,5500,1570462,1891025
8907,5685,7847,39870,6111,1569718,1640712
7148,5074,86369,37000,5092,486961,629997
4721,4260,144631,56407,6186,459624,677940
9722,6667,241357,39018,5722,1553855,1858934
9592,5278,16529,54814,5982,1678590,1774193
9018,5648,11366,44000,5092,623408,701236
6963,4815,105962,101518,4148,1398640,1624565
9778,6574,203965,40925,6260,477975,747477
9777,6648,-13511,36222,5019,470453,517590
5963,4444,-5971,30352,4741,452283,494238
9240,5574,72589,55184,3167,381002,529645
9833,6148,164388,28704,4777,1511213,1727119
9148,6407,-40014,48888,5315,523975,555460
6426,5037,-9381,39907,6129,501823,551590
9203,6000,74715,39167,5851,499615,637311
9778,6703,169774,38907,5185,1430976,1664250
5055,4482,260092,54722,4741,1771358,2102951
8889,5740,27634,39926,5630,465733,556256
5592,4314,32472,39166,5537,1607445,1697063
5111,4445,106937,44204,6148,1499145,1668509
4667,4425,194849,45759,5574,1514512,1772119
8241,5555,-9035,37407,5241,1837635,1887526
8888,5500,-10939,37185,3593,458381,504830
6074,5185,75546,45629,5796,1573241,1713527
9425,5870,173642,43481,6315,1564848,1806748
8555,5240,291905,38518,5982,1506158,1858766
8352,5944,-12997,36536,5037,488125,533108
6296,4296,46765,49944,6260,1551132,1667546
9647,5926,142417,42648,6389,1527647,1736786
5296,4259,224606,47963,4759,488094,777033
8647,5685,-3686,42519,4889,1738897,1799378
9481,6149,9984,41907,3797,1622450,1696657
6425,4482,114043,77537,3518,1528799,1737397
6018,5185,216825,41611,5722,1501961,1779656
9592,6519,498123,63611,3722,1556475,2141358
8481,5556,-14667,47685,5778,1579009,1634546
6926,4611,104337,39573,4519,1577134,1739564
9110,5815,158396,55037,6389,1574093,1810933
9388,6130,911026,40055,4519,1520922,2494615
8074,5074,1886,27963,4259,1585401,1635083
7962,5167,75815,31426,4204,461977,589237
5759,4759,343485,29259,4426,1485689,1875748
6185,6203,285304,50833,6463,1626666,1984359
7499,5333,149012,40389,5926,1492423,1702712
7833,4925,397719,40499,5834,510758,969957
7147,5260,101353,46574,4962,1546415,1714489
9277,5908,188116,45111,6129,434769,691996
8833,6260,-24658,36056,4981,582932,616700
8481,5685,-10635,43815,4648,1755439,1809508
9296,6629,107461,39945,5629,418239,589885
8684,5760,161946,53870,3889,366550,603089
9481,6315,244505,45019,4574,1754890,2066784
5462,4723,6547,40370,6074,451598,516830
7148,4592,83977,39518,5519,1542643,1685860
9241,5907,144943,40130,6315,464553,673330
7740,5056,235169,40240,4723,447512,743736
9629,6389,11859,40426,5741,439860,516830
7296,5000,25122,40722,5926,504208,590330
5518,4630,891214,39259,5704,1541586,2490430
8741,6018,199926,42314,5852,1628934,1894360
8037,5370,412,39407,5981,1756782,1818397
9426,6240,17138,38870,5185,1607668,1686675
8314,5537,78475,43592,4667,1522275,1665434
6462,4852,180200,40074,5593,435037,674348
7777,5445,250370,44944,4593,1552767,1867970
5314,4630,26505,37611,5574,1698392,1780693
7055,4815,43508,103500,4111,430451,597033
9204,5777,141994,48741,4185,1454756,1667657
6667,4870,233330,47482,6037,1602491,1903378
6703,4612,126668,46370,4944,1521359,1713249
9167,5722,57172,35722,4630,1561762,1676638
11185,5796,97546,84185,3463,1528037,1732471
9573,5908,201086,44796,5982,507205,776699
8444,5981,-15167,46574,5889,1703324,1757693
7944,5278,-19757,35685,4426,1597803,1633824
8889,5537,70376,41722,4482,1505558,1638972
10073,6019,265694,52815,6056,1724330,2067469
7092,4445,282846,34796,4667,1510828,1847082
9370,5815,388628,56666,3685,455756,922587
9036,6111,37930,53407,6333,1583561,1698434
9518,6074,164433,38555,5741,434138,660459
9185,5759,620731,40722,6167,1788180,2473097
22093,4333,-17577,37500,4925,526667,580608
6630,4648,12685,62815,3833,1570509,1663639
9314,5796,97875,49203,5593,1536486,1706841
9092,5963,202914,41482,6111,503377,771143
7888,5186,-3525,39000,5870,1816625,1873100
9352,6370,-16558,51593,5666,1612956,1673101
7296,5204,107371,39926,5444,1572193,1739749
9352,6148,155486,35870,5204,1568485,1782879
11092,5685,257064,60925,5352,1745073,2087376
8500,5537,27587,29278,4907,1556385,1634805
7630,4851,72017,34833,4537,1549140,1675231
9073,6352,127891,72259,5055,1532155,1755082
5333,4314,237765,53500,3481,533675,840495
6204,4555,-9786,47426,6315,487357,544923
4796,4796,16570,64814,3723,1584735,1682083
7444,5018,98036,69093,3333,1534528,1720638
5018,4167,193391,40000,5111,1618912,1869878
9592,6759,-23659,38796,4611,1564335,1602935
5592,4815,-17378,41444,4963,1842015,1883692
9537,6018,65441,44185,5370,1527476,1660731
5332,4408,179240,43759,6241,1551231,1792526
8667,5333,-50163,39148,5778,1761837,1772953
8167,5259,-1159,39907,6019,1785203,1845860
5055,4648,39049,37130,5074,1620645,1714175
4777,4574,137404,45130,6074,1573530,1773674
8574,5259,241333,47130,4815,1885487,2194672
9666,6722,-2810,44667,5981,1672874,1739637
8092,5166,50120,38167,5074,491821,601218
5981,4537,101790,104000,3907,1470312,1692805
9185,5611,224034,45314,5797,1777583,2069895
7703,5185,1085515,36778,4944,1795449,2938186
5370,5018,-642,40815,6296,1623021,1682694
4685,4407,30621,38555,5723,1554684,1641268
6536,4722,157569,91944,3722,1560477,1827266
9518,6574,276127,43074,4722,500553,843291
8537,5759,16558,50908,6185,1763523,1854175
5833,4630,61895,39926,5833,494268,615034
8925,5667,158843,38759,5240,427858,648181
9518,6129,263569,28944,4741,442983,758180
8666,6315,155444,40666,5037,2015321,2234209
7444,5037,17318,39000,3777,519957,594589
8370,5462,539783,38926,4815,1711018,2311152
5426,4518,221622,40092,6204,437393,717385
7833,5407,2145,38222,5759,480612,542126
9759,6203,-21555,42315,3963,1669082,1711749
7073,4926,68782,47518,5537,1542931,1679305
8147,5445,156563,64666,3556,394137,635163
9518,6500,-35580,33963,4611,1741366,1762878
8851,5704,-10021,43833,6074,473204,529775
9203,5333,42316,37463,4574,1600934,1702786
8833,5444,125616,42519,4981,470084,659626
7556,5333,991578,41759,3760,1632850,2684984
24240,4612,-18395,46315,5981,474077,539201
7092,4851,26832,49555,6167,458721,555181
9647,6722,108428,38852,5000,381328,552515
8648,5204,200727,37889,5018,416584,676533
5462,4408,-26676,53796,5926,1822202,1867544
7833,5555,-18190,51148,5000,1852198,1905544
8703,6296,67277,90000,4333,1793730,1972969
6648,4870,156206,53482,5666,1651857,1881156
7796,5574,245913,71000,3648,452083,788607
10000,6611,-2638,40445,5351,482709,545219
7925,4871,79477,35537,5352,1539550,1675712
5851,5000,136203,46389,6185,1547120,1749008
11314,5519,856796,40555,6204,1718392,2640947
6852,5240,-16307,45223,5555,1887833,1936396
9611,6092,22919,48056,6203,492560,587737
4832,4575,102663,44814,5148,1548994,1713637
11055,7278,184278,45833,6055,1532119,1788952
9907,5592,-19014,40908,5463,1770614,1816841
9778,6481,15361,28981,5074,524970,593201
7481,5055,302252,61055,4037,1982790,2365115
7000,4722,181238,42925,6112,1574677,1818971
9184,6908,-33332,39167,6148,1611340,1642027
8444,5334,-20809,47296,5000,555750,603330
8388,5389,36010,37611,5074,1663017,1758175
7129,5037,220234,40963,5130,451206,732162
9352,6426,212534,46481,5519,1587232,1869934
9593,6537,-905,42462,6463,452106,518405
6648,4981,25081,41000,6148,503398,590237
8166,5037,99751,37351,4963,1571554,1729064
9240,5945,187531,64593,3740,508798,781921
6629,4870,1082865,42055,6056,1523471,2668428
4870,4685,-5312,42463,5500,532808,587533
9166,6074,102303,42740,6167,412657,581737
9407,5333,166992,41685,6019,1600460,1831989
9611,6018,646938,40370,6093,481259,1192400
8296,5833,22204,38055,6075,1833933,1916859
8925,5723,36467,48240,4945,1555616,1663342
9018,5704,159026,39407,5722,1526112,1747268
9925,5648,211141,42740,4630,1625904,1901933
9204,5888,21016,38074,6000,486055,568941
5832,4945,10705,48685,5111,1568859,1646601
5129,4259,112616,40741,6092,1593578,1764452
8889,5203,954653,35037,5000,1532462,2543281
4666,4778,-20265,41611,4796,1722273,1760008
5889,4833,-17317,31185,4519,1659733,1691472
9148,5722,67465,35092,4093,459513,583441
5129,4593,161172,48555,6130,2383646,2611336
8869,5982,70120,40334,6037,1860960,1994432
6741,5055,681140,42889,5704,2118695,2862539
8092,5518,72980,40611,5963,1869712,2004932
5963,4630,404852,40871,5907,2000336,2465412
5518,3944,281172,54759,4000,575360,927012
21333,4611,187510,39370,4833,1713775,1973914
5111,4314,-5448,40611,5667,1795419,1848359
8999,5852,95351,56444,5408,1870377,2044561
7685,5185,409113,43648,5500,1734596,2208357
5221,4963,-19825,50185,5407,1977166,2025728
8093,5111,993377,39851,6037,2133549,3188500
8204,5277,652643,39796,5426,543721,1257400
4741,4629,157741,64518,3870,537533,775181
9389,6314,-6032,46852,4851,1660282,1723712
8073,5500,731783,29778,4425,1418112,2199746
9537,6426,69586,46574,6111,2641916,2782558
4758,4574,163831,38518,5092,1815677,2034487
7703,4926,994756,43760,5407,1825931,2885076
6963,4833,-7643,38815,5278,1758928,1809656
8148,5481,5231,35889,4037,498895,560348
4796,4352,100624,44351,5482,444391,606274
4629,4871,195256,48519,5352,446017,706644
9741,6592,176020,52518,2260,565531,815162
9110,6334,-16790,47296,4685,497676,551182
8222,5203,450305,43722,5463,1622701,2137802
8499,5778,152883,34111,4704,1887567,2095635
8444,5148,287017,41000,6000,1481565,1831693
9166,5796,478760,35056,4315,1823448,2359430
5314,4796,37803,41852,4907,497268,594607
8592,5185,529657,45203,5426,1483554,2081098
9259,6018,210921,41334,4851,1525735,1800915
6500,4926,-20722,48889,6351,1871859,1920119
7426,5092,9930,62741,3426,1516116,1606843
8499,5759,98137,43667,6037,1490353,1654527
9296,6055,201659,40796,5982,1565978,1832045
9407,6296,997604,38092,6037,1399789,2459559
8166,5518,17297,35537,4889,1611156,1685304
5593,4296,72689,40852,5370,448882,579738
9815,6018,147027,41092,5778,1551982,1764008
8833,5370,429955,45352,6093,511817,1010050
5518,4685,26813,39315,5574,491721,576330
9500,6611,33409,41611,4167,1532044,1630694
7759,5333,124727,44500,5593,359436,549404
8722,5426,217657,31555,5445,1569295,1840378
5962,4519,133253,35445,4574,1595588,1781434
7852,5315,13128,89555,4148,1605473,1727749
6685,4574,117465,40555,5871,1555098,1732804
9833,6185,226543,43685,5870,453916,748514
5629,4926,-22897,43389,6018,555431,595459
4944,4482,-5393,39703,5908,1646809,1699083
8648,5648,76370,42648,5018,1466306,1606842
8648,5444,164466,38944,6000,1515061,1742064
5648,4185,279228,36778,5111,1544927,1878211
4833,4629,-6192,38296,4167,1952014,1999914
9166,5741,65885,38333,5500,1547512,1674193
8981,5722,118518,35148,4315,1576564,1751304
9407,6333,226781,37592,5334,1624615,1912507
9184,5834,136804,43129,6556,1497093,1701027
6000,5259,10031,30926,4870,1549775,1608917
9666,6167,137330,34722,4334,1485493,1679768
6574,4703,750294,40463,6259,1485471,2297060
6499,4815,-16532,36407,5037,727694,766717
7815,4796,-20565,48333,3445,1799554,1846212
4148,4778,84901,45537,6167,1562033,1710397
8555,5648,170942,40778,5907,465851,700162
4851,4760,46187,46370,5926,1725765,1835896
7796,5389,22931,38426,6093,504435,587052
4981,4777,49899,40148,5111,1605869,1713360
7981,5555,142088,38777,6056,399724,602385
9629,6000,222016,42500,5019,1569546,1856896
8926,6092,26614,42759,5630,452938,545626
5537,5333,46470,40555,5889,530434,636996
8369,5575,129528,39241,6037,1463276,1654897
5056,4185,216217,40629,5926,436390,710570
7555,5574,-20963,41907,5611,1638213,1680286
7277,5000,-8755,42592,6019,511807,565996
9018,5518,77508,38018,4870,609119,746792
5555,4334,158714,46815,5111,409263,632682
4388,4741,-32114,38500,6148,1519290,1543731
7000,4907,14112,47426,5166,511571,592738
4610,4630,44208,41407,4630,495159,597366
5629,4259,175989,48760,6129,404970,648311
9481,6426,256530,44352,5851,486985,811829
9963,6648,-262,39204,5907,1553067,1617120
5093,4907,20539,39481,5092,1579434,1657102
4370,4648,129542,38055,4889,434233,617830
9593,6018,224175,32537,4518,1552204,1830989
6111,4519,273882,45666,5667,1759513,2097729
7796,5296,-20075,36814,4908,1589788,1626657
8759,6296,64002,49222,6037,395180,531923
8167,4888,150969,42203,5612,1621594,1836323
4870,4537,486989,37889,4889,1760182,2301690
9240,6092,-14541,40722,5037,523094,572292
9925,6482,29980,35593,4592,1542103,1631397
8018,5333,119484,45722,5611,396846,583329
9444,6074,206210,55315,5963,395916,681459
8111,5352,-10212,40000,4722,1745146,1795860
5610,4463,7460,56481,3611,543407,623681
4926,4407,96481,46352,5537,1510657,1670712
10129,6111,229670,40037,6018,1643708,1937655
7703,5222,-20640,40037,5963,1644871,1685841
5518,4611,-20377,43111,4574,1876569,1916044
9166,6297,272125,44278,5111,501295,840884
8000,5315,151259,71185,4500,1532638,1775619
4592,4704,276800,38574,5388,405400,737792
8203,5296,-9361,44389,4666,483470,539256
9518,6037,48902,39111,5407,1592644,1704361
7277,5037,136924,39111,5444,1484326,1680527
4629,4611,112002,49166,5093,355644,533793
10648,6370,129191,36518,5334,1578984,1769379
5018,4797,10269,57073,3574,1585444,1668194
9482,5999,96940,49073,5445,1578069,1747434
4592,4778,181313,37611,5277,1549733,1785378
8462,5278,-8330,42722,6000,555401,611941
5092,4167,-8216,42000,6019,1593835,1645601
9295,5704,58196,45407,6055,1521073,1648138
8685,5666,188125,40111,5074,409816,659848
9481,6334,262017,53148,6574,1850248,2189895
6277,4908,5170,34463,5463,489697,548515
9074,6518,45415,47870,5778,1731371,1848711
7999,5185,120345,125184,4130,1423294,1688749
6259,5111,210348,65351,3611,1594438,1887544
9129,6055,-12406,44407,5759,1652582,1707545
9684,6352,14579,39777,5648,480993,559126
9481,6778,119748,39778,5111,1506779,1690805
5388,4482,224696,28556,4592,536466,807014
7999,5241,343607,48074,6315,528888,942920
9685,6759,8687,36518,5000,1513008,1582176
4870,5241,71931,43240,4667,1558041,1690638
4740,4612,588154,40463,5148,1767516,2412819
10851,6982,250808,38333,4759,442151,756625
9129,5518,-23094,41852,4926,479073,520237
9315,6111,28539,42777,4019,438736,531553
4814,4778,122191,40685,3666,1528763,1707656
4370,4574,193861,46796,6074,493413,752403
9406,6815,18218,40055,5889,1572236,1655416
58629,4555,7240,39852,5741,459757,578182
8999,5649,89558,61611,3889,1556931,1728878
8296,5352,184395,42759,5648,1521836,1770360
9833,6685,689452,49833,5537,1726849,2490282
6370,4741,-17633,36129,4834,467297,503794
6962,4815,64407,47241,5704,1597897,1729249
8444,5445,146114,42000,5500,1526060,1735656
6425,4797,241358,48759,5186,1583463,1892600
4999,4278,-22358,45685,5537,1881588,1922229
6407,4592,32090,61555,6185,497722,611200
8314,5352,116019,38426,4796,1559063,1734952
9000,5556,214633,31370,4722,1607634,1875489
5333,4611,-8491,53092,3648,1901443,1962340
7963,5463,790,50259,3741,1636237,1706657
4814,4741,92016,46333,5500,1515937,1671712
4277,4389,183335,47647,5426,514180,761366
9425,6297,755465,50796,5333,469676,1299807
4536,4389,7547,40481,6259,1572685,1638231
7685,4740,100661,33945,5037,473798,627904
9629,6556,144683,41241,5111,1632676,1842896
8389,5333,266687,33962,4741,568049,889550
7555,5315,-6272,43019,5463,520620,578033
8129,5204,68492,42036,6334,1478629,1610898
5184,4797,535493,40796,4926,517611,1110919
9314,6593,221980,39833,4037,546053,830588
5926,4444,-8756,32704,4574,1774912,1816230
8685,5148,2174,38593,4907,521415,583515
5147,4612,96066,48833,5167,444671,606552
8019,5555,193033,40314,6593,1563179,1818693
5296,4574,-8944,39130,5388,1618194,1665935
9593,6037,-23126,70407,6019,1742929,1813897
5333,4260,76341,40074,5981,391582,526164
7851,5093,186289,40129,5019,1479793,1726841
8166,5630,237792,50741,6111,1647214,1957747
8296,5203,528221,37797,4092,458532,1044123
9704,6407,51801,38260,3907,1506208,1619102
6092,4537,152194,30777,3963,1559278,1759378
8648,5481,231142,41518,4019,1568977,1861952
8259,5352,30221,32444,4796,435610,519275
10037,6240,23003,37926,4518,1500729,1585139
5018,4481,521115,80519,4222,1620168,2237968
8944,6019,289527,70815,4666,448209,830625
5352,4259,-19652,35777,4334,565093,597645
8944,5259,8666,30111,4482,541015,600570
4629,4500,67818,30130,4203,591678,705700
8889,5574,143284,43797,4722,436804,645830
5111,4648,426935,41667,5685,1647719,2134098
4593,4055,-18966,55778,5833,508574,562460
8703,5630,25741,32389,5111,1613564,1693990
8925,5926,113467,43574,5648,464567,644700
8315,5166,255434,34296,4889,1591092,1902008
8666,5518,-14802,53592,3722,1793885,1853137
7629,5592,1943,42036,5871,1656436,1721971
8795,5408,145964,41111,5481,1615211,1824174
5703,4648,175949,31519,4500,514935,739791
4481,4963,-6731,37499,4000,1811869,1858711
8610,5408,16921,34722,5444,1649162,1722934
6407,4685,98388,28314,4371,366795,511645
9074,5925,150003,80314,3944,1551803,1803322
10463,7055,556949,41351,6593,2057869,2682947
8426,5648,-21637,33611,5074,540060,573960
9444,6796,31181,36574,4518,1575328,1667656
7870,5278,123721,41889,4667,495719,681496
9721,6204,202170,43611,3907,1582764,1850822
8684,5760,-10511,38130,4685,453563,502812
9000,6333,19067,33426,3963,1899273,1973544
8147,5223,92589,43759,3167,1558937,1714489
5055,4500,336314,36352,4870,2134505,2523744
5648,4759,-22847,35630,4537,1801484,1831971
4704,4111,-22806,43629,5241,511747,549145
4241,4389,93382,77778,4166,1519349,1705805
9610,5667,185497,37167,4907,1434660,1681138
8555,5611,251167,68574,4111,1512229,1853174
9481,5667,41228,28277,4574,427381,519053
5889,4426,45232,31296,3574,1549184,1642139
4963,4074,133791,35315,4722,1497940,1682953
8092,5259,222128,33889,5092,487127,781847
5778,4389,23447,64555,5075,1768671,1873915
9296,6296,1859,79148,4018,424861,527441
5814,4463,104437,90851,4185,1441684,1654194
4444,4129,180810,31537,5149,467630,695755
4999,4371,-21333,47407,5352,1766192,1809341
9962,6778,770926,40500,5704,1621726,2457596
9148,6426,55082,132592,3759,396119,605756
7907,5297,149585,45926,5018,464022,680385
10703,6500,324200,44573,5074,1704011,2097691
9610,5574,15854,41481,5629,406515,486997
9166,5593,25153,39148,3926,467992,552941
9314,6519,143138,44574,5852,1578110,1790119
9222,5704,230345,46111,4870,1568996,1867711
6925,4722,2073,40463,4241,426572,487645
5055,4407,779647,33778,3907,1621450,2450448
9740,6833,111228,33296,4537,1622836,1791859
5055,4926,219398,38314,3982,465579,740106
9500,6648,-11764,40222,5519,1694586,1747453
8166,5334,-21927,47908,5740,584997,632404
9148,6537,60688,35889,4574,473790,592978
9389,6092,157600,44462,5908,421582,647348
9333,6592,238103,52055,3704,1555257,1867711
8944,5722,-22559,41593,6129,483927,526349
7370,4962,26760,52556,6259,1574304,1674545
7944,5129,125801,38574,4000,1618874,1802452
6111,5518,235378,40463,3037,2331625,2625021
4444,4611,-7487,69592,4389,1811532,1889155
9000,5907,33461,36444,4278,585276,677107
4851,4482,122112,37555,5019,1564618,1740693
4092,4278,236838,52444,5870,448288,753829
9110,5574,-40453,37241,4370,1772184,1790026
4666,4667,2272,38019,4426,485316,542071
4388,4315,96443,32055,4204,1554362,1697841
9518,6074,140077,45833,6518,474568,685015
6240,4926,242858,47555,5796,1535095,1845415
4259,4389,18918,36500,5296,454005,526108
8796,5759,52441,47629,5815,420112,542831
8759,5740,123352,41203,5982,1488157,1675231
11166,6593,261706,40204,4740,517993,844921
10055,7019,-6141,41352,4704,1769241,1828989
5240,4352,28345,33463,4314,510800,588978
8110,5389,91256,70759,3315,1561160,1742767
5444,4408,204333,44000,4815,1479304,1744786
9055,6111,-34402,32629,4148,1811410,1831600
7185,4852,-19177,66167,4463,517395,583774
8629,5519,82568,42499,5815,1531311,1678786
9610,6130,142738,38759,4778,416332,620422
7407,5315,250223,46278,4611,474754,791199
7333,4759,-8975,77518,3352,1725409,1812823
9870,6630,65306,56036,5982,540727,686255
8444,5482,146217,36981,4352,399706,604219
4759,4314,224406,41352,4703,1441529,1723860
8870,5463,-22312,43870,5574,569642,613737
9018,6389,-1919,40908,6037,501008,563867
5481,4463,141955,38611,4389,437745,635330
8425,5278,206107,35499,4482,1561901,1824081
5703,4593,-22407,32222,3944,454312,481256
6370,4907,2041,34982,4611,1634634,1689638
9426,6185,-2195,35370,5278,1606796,1662953
5166,4666,533751,45592,6204,2033975,2631595
4963,4555,247811,103241,3351,1527549,1893600
4499,4296,-21887,28667,4148,603235,624829
5092,4222,62820,48166,5241,426714,554015
5999,4630,120953,41129,5482,1608610,1789859
5481,4574,220031,45333,5148,1579866,1862878
4648,4037,137535,36963,4574,1623565,1814063
9740,5481,23336,53741,5926,1519432,1620194
5147,4463,117654,38796,4963,388547,562218
8499,5426,222880,51833,4796,440191,736310
5184,4445,-27115,40111,6037,1721197,1752730
6629,4796,741367,41814,5426,1587194,2389948
4611,4685,108003,80463,3722,398735,603015
4166,4611,163489,52259,3222,1567797,1798211
7981,5500,242251,121148,3148,487967,870366
5018,4500,20312,40426,4926,519555,597274
10240,6722,31742,36240,4759,1630212,1722138
5889,4555,125116,49684,5500,386901,579775
8518,5371,260562,33334,5259,1724906,2040099
10056,6351,21087,45703,6093,1563978,1656565
7184,5111,-1928,43482,5963,1630270,1693027
7111,4889,133853,39777,4482,1507563,1700138
7092,4889,202134,90426,3611,1525170,1835378
9889,6351,-14823,41185,5907,1604610,1655731
5036,4278,188420,40037,5944,1748939,1995117
9148,6092,80369,43537,5926,1550584,1697712
9055,6222,152002,41481,4685,1489507,1704952
5963,4685,807392,33685,4889,1502205,2362319
4259,4499,9585,58352,4370,449005,532682
5722,5000,31588,78537,3630,457260,585274
9944,6592,142185,54537,5926,1554749,1775989
6147,4482,239003,37981,4500,517141,811291
9592,6648,20286,43296,5963,577711,665422
9278,5648,-4062,43055,5907,1680682,1742342
8315,5481,140275,55259,5851,1426050,1643528
9462,6926,174908,32741,4685,1784988,2015877
9685,6574,-29569,42092,5834,1734577,1771323
5333,5203,27361,32518,4630,435285,512830
7332,4963,103216,38186,4555,1521182,1681971
5222,4370,155091,79536,3537,1568344,1819323
8537,5592,277057,65907,4129,430125,793644
5296,4685,-21512,51722,4889,443047,490127
9796,6259,218361,34426,4463,1626350,1901804
9481,6167,144495,48370,6222,1499699,1717083
8444,5129,207888,40573,6130,1618306,1889192
6777,5000,23929,46444,5685,1913838,2003895
8111,5351,13600,52018,3908,1623464,1709008
9684,5945,114584,66333,3334,1578312,1780674
9370,5592,174033,45074,5148,471926,713125
5685,4926,470090,54056,4444,1822247,2363615
9315,6666,-19366,42759,5926,578103,625700
8333,5444,827152,65093,3926,1571555,2484133
7907,5722,528343,34407,4723,562169,1146012
9426,6204,263255,57333,6111,1589456,1934378
7833,5056,-27906,68036,4074,461959,521756
6870,5018,24450,38648,4148,529139,610644
4684,4741,112527,106037,4333,371970,606977
8907,5759,210012,41870,5982,1980993,2255560
9703,6815,-23297,36870,4852,1884082,1921044
5722,4574,-3201,80092,3333,1563488,1656509
8518,5296,81395,40426,4945,371102,513812
7370,5204,183528,37925,3704,1637165,1877322
5167,5185,-18467,35314,4759,1712143,1746842
7647,4908,21703,42722,4611,1549139,1633379
8778,5796,60762,47482,5888,1563487,1694583
5351,4371,156062,62518,5926,1529280,1765601
6944,4481,1008118,82388,3760,1463367,2571077
4722,4815,27570,41296,5963,551537,638366
9463,6518,28130,43333,5963,546311,642255
7259,5093,150096,40093,4907,1593652,1803119
8944,5519,265174,45018,5981,492914,826162
10574,6240,-24080,33945,4463,534169,567997
6241,4796,771198,44370,5833,529035,1364140
6203,4555,84391,44500,5388,1591674,1739193
9148,5481,166950,53351,5111,1896650,2138747
9018,5592,331712,65741,4481,542042,961309
8870,6611,-12968,85074,3722,437280,531256
6741,4851,58443,44704,6148,1549473,1672916
8370,5370,141002,102259,3926,1513821,1776786
8981,5963,732393,34555,4630,471526,1260400
9426,6481,1492,31796,4593,559893,616459
6093,4814,486587,46981,4759,1773752,2326542
8500,5796,110759,69259,4129,1571972,1772415
9111,5741,203484,46574,5407,1508654,1780897
7666,5148,-20381,52778,4777,460064,512793
9851,6556,-5655,58277,4260,496596,572571
5852,4389,116663,85240,3352,1557549,1775527
8333,5056,186500,41129,3074,559088,805144
5184,4037,-31328,45667,5463,573954,605681
5018,4148,27,28426,4593,1655092,1699526
9629,6019,59846,66610,5908,1527441,1678046
8851,5686,140405,43055,4722,492962,698866
7277,4889,232464,41611,6111,1571858,1866766
8758,5741,11543,61074,4630,1731205,1826137
5926,4352,29639,31611,4278,491672,569830
9629,6648,109773,39796,4593,440539,613811
7906,5315,206110,64018,5315,391201,682292
9481,6370,-23182,51019,4574,1727986,1778656
8573,5630,33081,34796,4889,1560891,1649823
9333,6148,107344,52889,6204,448875,633571
8314,5500,173589,42629,5093,527851,765588
6111,4852,371350,36704,4759,480996,906865
5018,4444,6338,41963,5444,1597875,1663046
8555,5407,199118,46908,4777,426026,693792
8870,6148,141085,64241,5722,1595496,1823655
5777,4648,529088,38555,4593,2178933,2763650
6018,4556,16187,41573,5186,1847931,1923822
8537,5555,33339,74648,3537,1529022,1657601
5129,4556,126083,41610,5926,493062,678792
8073,5315,217660,36185,6334,1470885,1746526
9425,6037,-25075,39648,5889,525387,563737
9703,6648,-16090,38130,4704,1612839,1658583
8148,5241,105691,45407,5963,1588058,1761934
5111,4796,233584,53573,5556,1528887,1833582
8703,5574,-21430,39074,4407,1746031,1784378
5777,4648,12667,41740,5556,496034,569126
4352,4537,54966,43852,5611,526215,641904
7593,5092,150674,43018,3593,1555945,1767990
9926,6815,248177,46537,6296,1524553,1844619
7203,4963,-13021,40944,5778,566777,614719
6259,4667,23778,42500,5574,603773,689311
6000,4185,155856,33444,5018,1604264,1810804
4203,4574,213693,48518,5611,1596019,1875618
4055,4574,-23580,37926,5333,533762,565293
9647,6797,13961,46166,6370,679628,764569
4592,4500,91501,99703,3649,1467637,1673767
4481,4518,194264,71278,3203,481954,762421
9240,6593,127620,42889,6074,2047070,2241542
9129,6185,-5986,43574,5593,1632124,1692712
5555,4445,58239,34704,4944,506257,616182
8092,5741,139243,38055,5148,1644950,1843211
4907,4518,242950,41797,5481,1580113,1882044
8407,5371,16788,29556,4574,437431,504812
8944,6074,23163,39370,4296,1575383,1659694
8463,5592,106278,68759,3944,1645027,1840100
5277,4834,203651,36074,4574,1595968,1852378
8795,5667,-23140,56296,6055,1709797,1766082
4740,4778,248622,44481,5982,2010235,2321449
8481,5537,92941,63352,5370,1597975,1776267
8703,5389,669980,46888,5056,1622673,2360875
4685,4445,295948,87647,3649,1519466,1918563
4611,4444,8824,34278,4926,563969,623200
4241,4481,90494,42852,3852,1564773,1712953
4129,4722,178831,41500,5704,436424,674644
7518,5093,239668,30962,3982,544050,834014
9629,6593,16561,45556,6518,1791613,1879878
8759,5871,29324,43333,5334,444617,539553
7814,5074,146532,40259,5685,1611384,1818841
9333,6370,201165,42241,5000,505608,771884
9481,5870,113503,40185,4741,1596746,1772952
10351,6148,-1141,39463,3889,1582113,1643453
5944,4759,108974,45259,5963,1581331,1754526
7277,4686,201717,68611,3889,485297,773607
5444,4352,286554,50371,6592,484552,840476
9629,6796,-1088,43500,6018,1817244,1884711
7241,4759,55471,36666,4926,489544,601349
7944,5111,189882,50296,3685,1470349,1729731
9407,6685,274459,47667,6148,1575530,1922544
7518,4815,11538,39907,4075,1677117,1747749
8703,5519,164764,36444,3667,1833075,2054580
7518,5315,114601,104814,4315,1519722,1758823
6740,4426,264197,54389,4759,411429,748310
8388,5352,-19001,49166,6019,1735990,1787896
9333,5945,-7109,44093,5074,1596784,1656787
5833,5000,96395,45129,4926,381547,541478
7852,5259,206268,46260,6185,1854793,2129728
8722,6167,-5301,35000,4722,1597365,1649601
6721,4648,-17259,62629,3463,480312,543274
7592,4963,55948,53296,6389,535641,666589
8388,5704,147655,41685,6037,1459817,1671564
5556,5222,262825,41037,5648,1451572,1774416
5555,4778,709383,43759,4870,494721,1265752
9370,6426,21353,64666,3741,494014,602348
8999,5500,118393,59204,6055,1537338,1737674
9222,6019,227063,35166,4556,601450,885884
9481,6426,128642,44111,5981,1460201,1658472
67202,4408,-23761,74240,4241,451906,580570
8814,5759,85761,98259,3759,1500693,1705212
8519,5574,191486,35055,4593,505454,752681
9443,6260,713802,73000,4093,1749849,2558558
7185,5351,-29189,32185,3925,2013567,2035469
10185,6629,50666,44666,6426,492183,612496
8074,5629,577834,40740,6000,432346,1073290
4777,4629,240210,42889,5814,1620317,1921340
4147,4815,-19933,41666,5704,1762293,1801507
8481,5463,22089,99036,3760,439797,582163
9018,6056,112777,53204,6629,1523324,1713046
9944,5815,197484,77796,3630,496789,793921
9444,6408,-22622,79500,4296,1725167,1804230
8926,5852,-30488,41314,5445,521022,555312
7926,5111,77367,45444,6223,439796,584552
10388,6463,174241,44166,6575,551902,796050
7389,5203,848446,40981,4574,1687577,2597040
17277,3574,172508,29334,4333,1607018,1836433
6537,4370,48827,107815,3685,1476441,1650620
8852,5685,138368,46629,5797,1642954,1851785
8314,5500,236983,41407,6445,1528025,1829415
9907,6685,-23290,41648,6037,588083,631718
10167,6907,15047,81314,3908,1494221,1614250
8518,5389,105143,45722,4796,1579273,1751397
9703,6055,205703,96055,3407,409442,732884
9333,6129,141596,40407,5907,1469247,1674953
8148,5203,-1733,62000,4481,1570243,1650416
8370,5556,78196,43333,6315,1514183,1657953
5241,4759,-35189,42722,5926,1729512,1755619
9036,6408,961514,35815,4981,1443323,2463115
6425,4611,-23514,38982,4370,1783578,1817026
9147,5648,45416,38277,4760,1592426,1698471
5926,4722,639083,49834,6055,1565718,2273672
9574,6463,226478,43111,4648,448777,741718
8666,6056,-14906,35593,4333,476588,518701
8388,5500,42283,90926,3129,376789,529052
9481,6296,144324,39537,4889,1590184,1797286
7630,4999,238661,51111,5240,1555996,1866156
8796,5685,-23409,47278,4130,1708991,1754286
6944,4852,-12404,47851,6296,1616062,1672083
9092,5907,100377,46129,4111,1496873,1665082
6647,4630,184009,38648,4686,1533406,1774156
8221,5278,-51596,40907,5574,482557,493441
9444,5667,3166,85833,4130,461979,572997
9556,6759,48281,39926,5574,1616579,1729509
8852,5407,148340,35148,4611,1502687,1707397
9740,5889,283510,55815,6370,1724793,2088136
8203,5204,4034,41796,6129,1791456,1859618
7962,5074,46538,38963,4704,1592137,1698193
8537,5666,137060,50796,5722,1498079,1708397
9074,6333,218785,36908,4926,1530259,1809415
9815,6648,1642,32092,3963,1662681,1719842
7944,5056,-10873,34204,4537,1653714,1697416
8777,5667,126816,41055,5815,1935968,2126506
9166,5315,186727,38870,5370,1720447,1968729
5314,4297,-36731,46315,5981,584431,611719
9278,5666,-21560,62278,5314,456762,519534
6573,4778,52777,34111,4722,476201,581144
9685,6463,136743,61426,6388,1553321,1776323
6592,5667,229043,81092,3963,455620,784070
6055,4537,43493,34129,4778,421597,516645
9833,6370,38478,43574,4333,494019,599923
9573,6648,541536,40610,5834,1627211,2233468
6741,4870,199929,45426,4945,1544745,1809341
8518,5648,-8825,43518,6000,1583667,1640786
9203,6352,-11414,79037,3833,1586756,1676434
9389,6000,492310,48907,5111,1570511,2134469
7889,5074,197908,34759,4630,1598136,1850989
7907,5389,647336,33482,4277,1607003,2308042
6944,4630,810654,36741,3870,425209,1290307
8944,5944,47958,79315,3611,1548662,1697286
6352,4389,170035,39796,5222,1528288,1757286
7815,5278,1006517,32666,3852,1389302,2447967
8184,5056,-27122,57110,6371,472860,525256
5296,4370,19641,63314,7796,426394,529589
8295,5315,109904,79555,4907,454019,664607
5092,5056,244351,43944,4630,493977,799810
8296,5259,3949,72647,4241,387641,484312
25185,4481,-30343,43592,5889,538933,589737
8518,5055,76550,47129,5907,1575052,1720767
8333,5574,200682,42611,5000,1635196,1900007
5703,4722,792924,41444,5241,1620839,2473207
23536,4593,-50031,73796,3444,509529,568089
8852,5629,57010,72351,3278,1507685,1657287
8369,5445,129383,90518,4074,1570755,1810933
9055,6260,253905,46370,6722,1450807,1775804
6148,4944,-27293,55222,5574,1749172,1796360
5148,4518,21563,43000,5685,1574835,1657472
8462,5500,145511,42148,6629,1549332,1760360
8277,5926,222755,39611,4500,1587530,1870785
5148,4629,-13832,56703,6389,471404,533201
5444,4352,-5662,41629,5019,1604837,1658546
5037,5018,116193,41796,5574,1490057,1666990
9426,6092,167086,42111,4944,1640070,1871785
7796,5407,554255,55370,4833,2164414,2794187
7574,5241,75,43834,3537,559643,622163
4870,4722,54691,35740,4537,1526300,1633564
5685,4944,139954,37370,5240,1601833,1797859
9851,6759,249569,61166,5185,1698957,2033969
9222,6314,-9315,32851,4593,514739,561034
7481,5055,25874,33092,3389,498901,576126
8630,5314,115359,65351,5056,1536150,1738934
8000,5259,223492,38518,4259,1730867,2012618
7296,4593,-30874,40685,5407,565315,595126
4574,4241,1241,29537,5000,436626,483831
9407,6463,90948,53444,5759,1539950,1708027
9667,5925,163545,77574,3518,1583278,1846249
5666,5074,-16247,32963,5445,1865661,1900915
8388,5352,21035,31889,4629,1798381,1872378
8648,5425,48632,32685,4500,421236,523534
5314,4204,167283,42148,6426,1489263,1717119
12036,6111,229935,99629,3870,452450,806143
8684,6408,-31857,31500,4592,1848402,1870525
7129,5037,827162,40074,6074,1557935,2445837
5537,4259,138298,40408,6148,1583820,1781045
8962,5278,198728,80407,4389,1520743,1820581
9704,6481,-24359,64962,4056,488782,552386
7907,5277,-9374,74148,3667,506408,590867
8240,5278,76204,32685,5222,473645,604182
5573,4463,198837,66055,4352,1771022,2053210
8481,5500,636690,35926,5056,1645481,2339467
4666,4667,-33840,45704,5037,1913958,1942525
4388,4889,77664,44352,4685,432092,570126
4536,4259,140909,58777,4797,1574988,1791822
9481,7704,236449,40555,5982,506472,808699
9036,5834,-28379,54499,5741,1896386,1946433
9147,5982,23439,104055,3593,1501551,1649897
8759,5833,107943,35667,3833,1539492,1703805
4666,4129,198947,45981,5204,1565987,1827377
9481,6130,118099,42111,6241,1599798,1784008
7018,4944,-15174,43092,4204,1574887,1621434
8963,5574,74792,58333,3555,1600087,1753582
7352,5129,195296,51222,5722,1589397,1856600
9148,5555,69319,36352,4518,1519561,1646786
10018,6204,18619,50518,4315,435156,527275
8611,5333,76049,42314,6352,1557201,1698620
7407,5093,160293,52130,6277,1595085,1828656
9574,5926,231926,59759,9648,1503082,1822008
7759,5296,-23605,40240,5667,1581726,1619787
6481,4574,50621,39092,5852,563931,672848
8388,5500,126698,87759,3815,1566180,1801193
6907,4704,198331,30981,4149,543516,791125
6092,4241,113150,42815,5926,458142,632866
8129,5222,7618,34556,4296,518175,580608
5129,4612,89288,42314,4704,1488517,1637083
6407,4685,172014,65574,4148,1614938,1870248
8500,5314,253685,31388,4315,1511268,1816452
10389,6426,29300,39666,6315,405568,499979
9055,5574,53600,38241,4870,1590520,1704712
7018,4777,174604,45556,5351,1569756,1809359
8629,5519,222756,39981,4815,1562789,1846489
9795,6871,-31999,47611,4722,498663,538441
8573,6370,22506,44111,6018,1612855,1703082
8537,5407,117842,104444,4019,1566462,1809174
6685,5074,220531,39426,4944,485835,766162
8167,5240,-16075,64889,4333,466165,534793
9555,6685,20651,40277,5926,1582895,1668323
6851,4944,459783,51722,5759,432638,963716
5833,4222,967617,38500,5945,430763,1454862
9537,6000,610938,35500,4740,1841900,2510782
5629,4722,751164,47407,6056,463384,1281011
9574,6204,544946,39814,5019,1644781,2252691
8704,5592,344766,37740,4519,1709129,2112599
8981,6537,995081,79759,3519,1524440,2620595
7629,5260,519532,44851,6482,1728917,2315838
6241,4722,3876057,88889,4166,1599614,5581763
8055,5204,569673,36018,5426,1540796,2168080
6111,5444,748120,34629,4723,530632,1331566
6092,4815,513011,63611,6314,1559106,2155894
4630,4259,474274,41389,6500,1702546,2236024
9518,5926,847666,82592,3889,1498172,2449967
9259,6426,184117,41481,4759,527786,776310
4963,4222,675026,43018,6037,440653,1176863
8537,5426,-12800,39907,5093,502037,551219
8500,5481,828774,41148,6093,1570971,2463282
8963,5407,142929,38630,5537,399512,603700
9332,7741,251377,47130,6092,1478094,1801896
9073,6093,-433,44741,6056,1589145,1657879
8536,5519,15460,53185,5963,1597752,1689193
8314,5093,108556,100722,4203,448589,677588
5018,4185,232301,51000,7185,609305,911772
8925,5630,-26287,70481,4185,495396,561126
9611,6907,-22024,39352,5815,487317,530034
4999,4815,82054,42166,4741,1519825,1661101
8092,5130,164169,47277,4908,507382,739311
9036,6241,-58827,67389,4259,458695,489460
5295,4556,-24045,47944,6630,1871460,1914673
6704,4777,45330,84184,3945,1583772,1731490
5074,4407,167592,52352,4796,1563861,1800545
8593,5463,287910,52925,5426,1594523,1956970
5000,4815,-20751,49962,3556,1776370,1821415
10592,6666,35105,39870,4759,1560386,1659823
7499,5056,130719,43351,4297,1476067,1669249
7944,5203,233186,35611,4777,600680,889717
9222,6037,-4198,40740,4500,470955,529942
5036,4926,10269,39518,4815,470395,537682
6778,4981,69680,46388,6408,412391,549349
8666,6037,157128,37111,4778,1591732,1808008
9574,6518,-46089,46685,5833,1805653,1830452
5944,5000,-568,42852,6074,508879,570700
9444,6703,807730,62203,4111,1848366,2741095
5703,4741,136477,59555,6667,1496272,1711841
4888,4297,225425,79536,3834,1591267,1911526
9999,6963,-7440,40314,4648,481530,538719
8166,5204,36841,45870,4537,1565520,1668490
8148,5574,104382,78444,3555,1537498,1739712
8278,5463,227126,47907,4389,1580844,1877267
6666,4649,-24888,35593,4481,1835802,1864415
9166,6074,-20680,29926,5204,1607559,1640008
7037,4815,118194,48074,5851,1625963,1812082
7814,5056,196160,31408,4685,558279,805384
9796,6740,658422,33814,4704,493553,1209067
7129,5389,-10405,40926,5962,1789283,1841007
8204,5499,37748,30518,5018,1537448,1626916
8241,5407,164732,41722,5593,1461276,1689361
9241,5240,217236,43426,6740,553538,838162
4981,4444,-33092,39796,5889,1678082,1702397
9148,6000,8226,48574,5629,1633616,1714712
7685,5129,130137,39000,5907,404953,594848
9592,6111,235788,42945,5944,463189,765699
7537,5500,124626,40926,5759,1937972,2124469
8388,5519,755053,33870,4926,1581859,2391708
9759,6685,104727,42925,6074,1447320,1620231
7147,4852,168027,67037,6167,1631740,1887340
5647,4519,-38061,43703,5741,1784828,1808470
8037,5129,31221,42389,5092,464369,558923
5129,4481,77410,39574,4648,1587284,1720693
7685,5277,153525,43277,4278,423213,639292
8593,5648,249694,40630,5777,523375,836310
9426,6629,-30485,42889,6463,486556,524071
8369,5315,784385,35185,5148,1578823,2419837
9314,6889,20282,42351,11704,478734,572219
7481,5019,191303,56240,3760,1839517,2105691
8555,5167,-28303,40537,6444,600040,635293
9351,5945,833363,40278,6704,496647,1395232
9185,6426,66186,94129,3666,1509805,1692082
5481,4407,159282,45444,3630,533640,754310
9351,6185,283434,48315,5185,1617795,1973877
8536,5519,-3765,40370,4593,1795421,1853267
9277,5723,48072,53629,6204,1533844,1659527
6851,4722,129928,65389,4592,440551,654422
8536,5407,228784,42555,4981,519324,812087
10610,6241,-28434,50019,6037,1903218,1950470
5778,4278,44940,41333,6611,501538,606886
9129,6408,96907,41129,5667,1546102,1707860
7555,4982,195280,42185,5815,1788930,2047340
5815,4537,-26196,38925,5500,1729334,1759897
8407,5333,973989,64999,3871,1817994,2877094
8167,5388,264441,34870,4370,569814,889569
7852,5537,-2647,38629,4630,1809562,1866045
8777,5500,166931,39555,4444,2982292,3209870
10499,5463,248194,41055,5741,1970682,2283560
5667,4944,521362,41019,6592,1829809,2412245
4814,4334,-32520,40740,5296,1762973,1787823
9204,5944,39891,51167,4851,509661,622663
9074,6555,192802,35074,4241,1899222,2149043
8203,5500,-27082,58259,5944,2553030,2606706
6759,4870,412161,43611,5333,1421810,1896914
4611,4500,190943,50463,6092,1825193,2085062
8407,5426,181595,36000,4593,3429345,3667793
7666,5445,76452,44852,6185,1575278,1718008
9426,6203,650213,43629,6000,2059086,2777002
22389,4444,176922,43667,4796,590110,844662
9018,6056,43667,46037,6093,504570,617441
8778,5944,142264,56499,5926,572806,794292
7573,5037,62750,49259,4981,1817054,1948895
9018,5833,135624,40518,5037,1585033,1783156
5111,4963,223608,60685,5463,1521177,1823582
8926,5518,309279,52778,4648,1849504,2233135
5203,4703,16099,41556,4500,492713,567404
8314,5444,107066,83166,3648,437061,646996
9722,6759,252180,35074,5037,1814974,2125895
8629,5685,-6241,39167,4500,1853230,1907914
5777,4593,-17515,39592,4723,556030,595941
9648,6685,90341,45240,6111,1591798,1752416
4648,4444,159567,45240,4686,1541849,1762749
9203,7611,-58669,35426,4814,507037,507478
9481,6093,-6648,73389,3685,411663,499812
6852,4833,41894,44500,5851,1614356,1721194
8222,5389,124508,66129,3982,1642684,1854341
5389,4777,365271,34222,4815,2214640,2631725
15833,3814,-45575,49407,4648,493443,523904
48462,4185,-2812,40666,5834,499624,597978
10889,6185,98043,44962,6389,1531984,1700508
8795,5389,180787,35241,5852,1623850,1861933
9759,5611,-22375,36408,5037,1692105,1728582
10167,6611,-23167,45203,5445,1614009,1660787
6648,4981,120411,35796,4555,1522524,1697434
9148,5426,344006,46203,6093,2139220,2552281
6814,5389,748323,33203,4556,526910,1327214
8463,5463,-31559,44797,5814,1795381,1830693
8907,5574,74908,37407,5852,1591971,1727230
5333,5056,179319,42981,5852,1532356,1773286
9815,6018,231934,48111,5629,1802258,2106284
9499,5759,-36838,81555,4203,1728088,1794952
6667,4426,46590,43000,6056,1619825,1728879
9129,5870,123058,39185,4796,1553062,1737841
8166,5389,199469,42703,4889,480268,743329
10055,6277,-2564,34982,4852,512042,567681
7000,4722,-22227,45389,5185,2145714,2188320
8204,5463,90314,90184,3593,1501102,1701416
5055,4389,216317,30204,4925,389161,652459
9296,6778,-26030,32778,4704,1593686,1623842
7388,5000,14271,32555,4889,438282,504959
8388,5223,34904,52870,6389,470685,581126
9981,5852,152778,43278,5648,1595915,1815508
9111,6037,256744,40056,6203,510436,830847
7499,5370,119009,36388,4760,1520722,1695804
9704,7037,33716,84685,3204,425428,566423
7537,5277,102906,44351,5593,1543548,1711286
7740,5148,194224,40629,6037,1560766,1818341
6685,4500,714039,53945,4722,531619,1317807
20351,4667,-32434,71074,3240,1621314,1690416
8370,5204,70662,48610,5445,1575735,1716045
8666,5445,193646,40926,5815,505016,761477
8851,5760,237076,79814,4204,1644190,1982766
7425,5241,-3715,35167,5444,1620391,1672749
8370,5370,35085,37408,4648,504430,598070
9870,5981,154441,32500,4352,1546956,1756582
7240,4741,258018,38889,4870,1413768,1729971
7778,5166,-39587,55185,6500,554028,591849
5611,4407,29824,46888,5908,492321,587423
9388,6574,132050,40018,6241,1528478,1724786
5203,4463,240035,40833,5963,534276,832995
8240,5352,-3442,33166,4685,505329,555923
4889,4203,-18549,85851,4037,472714,555701
4759,4445,79083,29834,5407,1533203,1658787
9592,5667,147217,45018,6575,1546680,1763212
4648,4574,623571,42425,5797,1741137,2424708
8426,5389,-7719,82722,3333,1825893,1920211
9722,6129,54711,34741,4852,1545798,1658008
8370,6185,147493,46870,6370,1542924,1761231
6833,4852,1286009,34130,4704,2164210,3503239
8721,5611,535388,47278,5574,1594766,2200172
17943,4112,771890,40333,6092,470584,1313751
6889,4685,93693,34963,4797,1586296,1733731
8296,5463,266141,39759,6167,1699236,2027432
6184,4630,-33224,38926,5574,1702103,1726211
8407,5722,-34812,52277,4593,564957,603163
9889,6648,63654,43555,5759,1597411,1729416
6463,4777,180973,44722,4925,459636,704107
8185,5370,266383,52333,5685,1438699,1779415
5351,4296,-27315,32870,4648,1777824,1800267
8741,5703,35281,100333,4000,428827,585349
4537,4537,146358,36519,4481,491471,690070
9518,6389,248843,31778,5259,505467,809680
4963,4759,-23207,69259,4241,1629290,1692212
7778,4889,10074,35741,4630,1631952,1697583
6092,4815,516206,47315,6259,488825,1071660
7610,5297,222915,39777,5778,1564519,1848192
5092,4259,-26635,41388,5167,1704477,1735804
9148,5851,-18927,42185,5629,538369,584385
5221,4519,81039,36111,4259,1547692,1681619
4833,4555,167191,49463,5481,1545262,1778860
9685,6037,239416,38167,5129,1566480,1867563
5963,4907,-40041,68185,4203,466317,512219
5204,4500,37425,43981,6426,1573972,1674046
9407,5871,129947,43148,5129,1599395,1794990
9648,5370,208988,62370,6222,1589687,1884970
10389,5833,17419,43055,5870,1687071,1772416
5074,4630,18404,102981,3777,1471902,1609546
6741,4944,109111,50704,4814,471738,650552
8759,5463,192707,45204,6333,472362,732866
9277,6444,-3695,44037,5833,516877,581792
7444,5537,-20506,37685,3575,585817,622219
5425,4333,76609,48611,5778,1542474,1685656
4574,4518,160298,36055,5167,1574599,1787304
10352,6851,374819,42741,6278,554694,997754
8852,5962,-30601,74037,4611,484598,550108
5759,4759,37569,81426,3759,1517347,1652694
4166,4519,552867,43036,7056,462886,1076864
9963,6778,236446,37667,3629,1562710,1859267
7944,5408,-1586,34074,4889,454046,507312
10593,6518,41215,35463,3759,1610905,1711879
8574,5500,145255,48296,5574,1601586,1817897
5333,4944,184203,86130,3907,1601341,1887988
4647,5019,153948,34259,4778,1497597,1703008
10129,6741,-30806,40888,4871,1598870,1633101
8907,5296,96382,49463,5889,1518645,1687304
8555,5259,163386,81518,3796,543795,808791
8759,5481,1016090,69240,4148,1590469,2696965
22463,4518,-54086,40666,6500,509065,531312
8925,6000,29955,45277,5704,1591777,1690156
8259,5222,132162,63647,5723,460298,677311
7796,5741,236091,43370,6055,463739,764959
5277,4333,-30422,41481,5796,1834856,1864174
5370,4463,11118,54241,4055,489694,571700
7296,5297,773859,38352,5352,1391312,2224006
4684,4686,187718,36037,4407,1529086,1768934
9240,5797,-29018,42685,6315,484959,522442
5370,4963,8134,40148,6241,1624485,1691953
6703,5204,68712,37851,4760,1575278,1700712
9111,6278,222956,32981,4741,466725,745237
10130,6388,240664,66296,5315,1481141,1813675
8778,5611,31057,42296,6278,523735,620385
6444,5130,47210,42759,6055,488621,598626
4333,4481,137121,40518,4556,1578962,1772619
8481,5259,222625,45907,5759,1619957,1910637
6573,4704,-25259,40500,5796,1623713,1658620
9851,6018,4115,103426,3778,486345,615811
9796,6537,106915,43481,4593,1566205,1739897
8110,5334,251918,84240,4037,401189,756829
6833,5148,-36670,42093,6278,504999,530645
9666,6556,-24425,36148,6185,549847,585978
8240,5574,104079,52537,4703,380752,557941
9463,6833,267508,42944,4648,1997145,2330468
7907,5407,241013,49814,5648,1508181,1821193
5814,4815,-27186,42074,5925,1736454,1770878
8518,6111,28225,36463,4093,1558154,1644027
9203,6278,149840,31092,3759,1614465,1817045
9926,6407,252806,42148,5556,512837,832051
9444,6481,-29781,59203,6037,491297,545274
7425,5444,36890,74036,4389,1511416,1642249
8536,5408,511205,49889,4759,1524856,2108376
6925,4370,235748,47963,6278,1515630,1819692
9425,5907,30957,41315,4944,461818,557107
5092,4389,17905,37260,4537,521424,593441
9333,5629,65372,46759,5852,1546544,1682008
8815,5703,192320,37481,4519,1870760,2121617
9796,6056,239916,36222,4666,483043,781681
9407,6426,-12653,40908,6148,1833382,1886045
7814,5074,35907,41036,5963,1588565,1686767
9203,6167,145039,43463,3852,420735,630755
7499,4778,211988,55592,3667,552637,839050
4833,4278,-5933,33426,4462,467171,510960
4796,4741,35644,30815,4574,419964,504127
8999,5556,11075,36592,4667,550292,619459
9555,6148,172153,43481,6389,1492504,1732323
7944,5111,-39472,40889,5185,517469,540164
5074,4185,-16450,30908,4685,565113,595664
9759,6444,67443,54870,5574,1545566,1691693
9536,5963,147261,72722,4000,1653710,1895211
8944,6037,-66919,34722,4629,1687965,1678138
8759,5926,-13952,40962,5537,479987,529923
8241,5407,70588,42630,6333,1555291,1691101
10555,6315,129814,38667,4074,1603971,1796452
6111,5204,217577,48740,5574,600937,886310
5092,4148,-34640,40500,5963,540081,563237
5796,4889,3308,76648,4055,1592941,1689823
4815,4629,188960,45407,5759,1781696,2033322
7999,5426,210871,34852,5148,1736654,2003432
8851,6074,-35198,41759,4871,1703669,1732378
6629,4389,-2102,34797,4555,578061,628941
10222,6500,55013,30000,4982,1622513,1731823
4722,4407,225869,43777,6482,1752360,2039895
8962,5815,267428,49889,5055,1577413,1917933
9666,6703,709541,56722,4093,1652148,2441355
6759,4851,29845,69962,3371,1517924,1635546
8129,5333,124996,82314,3371,1542642,1769137
9444,5982,210277,94277,3371,1615415,1940785
5574,4241,-11699,61611,4462,1800041,1866693
9407,6574,11139,81555,3537,498284,612608
8481,6167,94068,45314,4426,1544645,1705583
7018,5500,196812,45167,5722,1551214,1813656
8148,5315,-35128,45574,5463,1840376,1872341
9685,6833,-28457,45704,5315,1632799,1674509
7629,5166,63621,105537,3944,435654,623866
8370,5741,161958,68184,3223,406872,656459
9888,6648,-56018,41388,5556,507923,517386
8463,5203,6596,36630,4926,446123,510812
9314,5963,131359,40629,5371,512915,708051
7796,5222,127530,40555,4630,1593386,1781212
7574,5074,212663,66444,3981,1520179,1818286
9277,6537,-10499,54389,3741,478514,544367
8778,5426,31616,44444,6315,485714,585015
9518,6092,120028,39870,4889,1601129,1783952
9406,6426,207013,42203,4870,1626273,1898636
8074,5204,-30724,42611,4611,586887,619534
5648,5778,-27608,41481,4574,1845505,1877971
5185,4389,72173,38351,4037,460805,587274
9851,6037,190973,54981,5371,1454646,1724415
8685,5704,239235,81408,3796,1788826,2130580
7296,5111,-33018,70759,3593,464145,520016
9537,6278,-47829,68296,4259,1691060,1733768
9351,6074,121027,123166,3611,1459927,1725601
6981,5907,208900,75222,3500,1785236,2088487
5648,4963,-41058,66333,4241,1742973,1785249
9129,5648,-3350,41870,6648,539014,601941
9648,6704,130153,36203,5241,382177,572756
4889,4852,235249,49759,4648,511506,813459
8926,6166,-36245,35055,4963,1792698,1814156
8147,5260,-22334,40611,4518,513220,551830
9796,6166,69059,33444,5204,400957,527256
5518,4352,172043,62834,6240,1670853,1924396
4370,4334,244788,44444,4870,1564238,1869100
9110,5574,20071,33444,4408,1750603,1825229
9037,5444,53427,53074,6055,1592027,1720972
8129,6037,115115,50130,4333,1608652,1795619
8407,5518,285933,44611,5834,455340,807921
6148,4666,-32968,40685,6148,1900790,1927599
9555,5963,183,40907,6537,506129,571256
8851,5667,84150,72648,4111,1618802,1797230
5685,4833,208154,39462,4574,589305,854458
5518,4537,-24045,41314,4759,531709,566311
9666,6574,218,29926,4741,587574,641218
4611,4574,73351,40648,6333,1475991,1608416
4073,4500,159355,42722,5796,1620153,1838970
9518,6593,437320,35982,4889,1677703,2175524
4537,4518,-36506,40685,6185,484207,506256
9777,5907,25609,140295,3463,357149,544645
4426,4518,150131,42092,4630,439773,647737
9592,6259,211356,43797,5111,558453,836810
8092,5389,-13861,68981,4408,1615925,1691694
4888,4852,7329,102332,3760,631890,756940
8684,5482,112035,41093,5777,1536288,1711878
9037,5796,205891,44981,5963,1586136,1859804
9573,6389,-35697,42056,6000,1800945,1831377
9555,6333,352102,37408,4759,1846903,2259098
6130,5259,87477,42982,5888,1498217,1648361
6185,4574,175870,46500,5759,1642897,1884155
8944,5537,233559,43592,5926,1535745,1835655
6370,5537,-16917,39685,5092,1829222,1871026
9574,6204,23234,43778,6426,1614533,1706287
7036,4519,123590,47611,6166,1496956,1688360
7851,5000,235501,43315,4870,1617562,1916136
9258,5852,-8642,38222,4852,484861,537144
8759,5926,18991,46407,6185,1619610,1708471
6833,5630,120124,45426,6685,421298,608737
8444,5426,174480,41352,6314,1549936,1788712
5444,4611,-36478,74852,4259,464975,520108
9092,5593,-34029,82518,3926,1866388,1936192
8703,5463,69345,45537,3518,1623571,1757971
6462,4593,168329,47556,4722,1861584,2095746
7907,5315,237815,42055,5796,1496860,1798638
6389,4740,-12032,42871,3926,1798558,1847008
9537,5555,25676,46092,5889,1662074,1757175
10907,5852,124846,72666,3852,1502848,1723472
8870,7555,599922,40907,5796,1653176,2318745
8721,5519,-38590,50926,5351,512347,546200
8796,5370,26544,43703,5611,463287,556182
5259,4278,97862,44259,5185,1537814,1697361
6870,6129,206458,44148,5852,1572957,1844803
7518,5407,-33851,36351,4889,1624712,1647712
7277,4630,279299,55481,3945,2079668,2432671
9556,5796,106156,52277,5852,434804,616589
5814,4426,199696,34834,4777,509837,761162
4425,4371,240866,46722,4945,1531956,1836100
7574,5093,-33499,43852,5926,539791,571312
10388,6278,22616,63926,4000,1521226,1631064
4962,4723,119842,33870,5333,1563407,1735804
9018,5704,207123,91222,3574,463483,782347
10666,6019,-36556,42944,6074,2153599,2185913
8740,5574,14929,42722,5815,516086,596718
4981,5166,102840,39093,5351,1479058,1639323
4407,4518,216084,34278,5574,513800,780995
9907,6278,85422,39926,4981,1539513,1688138
4648,4463,-22037,48019,5740,521867,564663
10259,6630,52374,36908,5740,1587764,1701934
8592,5870,148193,41148,5871,1593574,1805322
8389,5463,1012526,35204,4685,441039,1509843
7703,5870,-502,34037,4445,420388,473997
9962,5982,31724,103889,3814,1514007,1671453
5481,4778,132468,61037,4259,1532985,1743249
6073,4630,233953,37778,4185,1589888,1878562
9351,6315,112588,46147,5815,1576606,1759193
5462,4278,426,105795,3852,1578380,1700989
8018,5333,93930,41407,5852,499733,656403
9685,6481,197841,48240,5037,1648186,1917748
7888,4760,-27859,44630,5611,1656608,1694379
4685,4574,-21521,43981,5185,1633345,1672657
6093,4870,63149,62629,5834,480662,625237
9000,5555,152616,55148,4426,1587077,1816174
5203,4389,181175,33500,4463,543172,774532
4481,5056,-32635,47167,5777,527447,559997
5481,4833,29740,36352,5129,1629232,1713638
5463,4778,123224,44685,5648,1540414,1726638
5629,5037,207858,87370,3777,1785668,2097487
8777,5537,-22526,34130,4685,1604868,1637453
7907,5649,-4763,43111,6592,511519,572349
9444,6704,93111,80796,3704,362904,559052
7148,4963,966741,41537,4388,496232,1523028
7056,4851,-38176,74981,4111,465581,521386
9222,6574,93383,45962,5611,1513497,1676916
7185,5204,64571,50593,6388,1488179,1624639
9333,5685,145427,57463,6092,408366,634478
9148,7296,-71198,39871,5777,1708947,1702360
5259,4407,-7268,42796,5537,510358,563422
8666,6000,499364,64518,4241,546926,1131864
9518,5888,227425,38018,6093,475090,764402
5852,4740,232577,41759,4889,1667671,1960007
8555,5444,-37381,39129,5537,466583,490645
5648,4685,122,44204,6148,494578,558163
9815,6352,77755,96518,3945,1498753,1695768
8907,5648,182112,56666,3815,1634118,1893989
8278,5185,-38736,45481,5760,472899,501275
6666,4574,-20121,45056,5796,1613333,1657675
9315,5833,61216,39871,6074,1602792,1727101
8407,5259,139220,53778,4185,1587621,1800730
8351,5630,-62979,42611,5611,1729098,1730452
5851,4723,-31772,72037,5685,1798113,1857322
8925,5482,23380,34519,5018,1585536,1665619
5388,4593,119366,45925,4741,1551272,1734786
9092,5759,216721,43797,3555,1759045,2041303
9037,6241,-13459,43981,6093,1875373,1929322
8537,5463,-6511,46556,5148,582155,643348
8851,5741,81141,43019,4981,1620256,1766656
4778,5185,197700,48574,3815,1607937,1870156
4166,4481,-32720,37166,4815,1747544,1767878
4592,4518,-20494,66259,4407,1613244,1674545
4425,4704,76416,34260,4240,468599,594718
5722,5426,178475,35741,4833,1574347,1806600
5055,4611,-50686,32759,4519,1865193,1863822
8222,5351,-35404,40018,4630,514587,539774
5462,4482,39395,35352,3963,498916,589885
9796,6537,122455,55389,3870,1547165,1747249
7944,4963,213811,38888,4130,1617253,1888934
7888,5149,883440,38056,6018,1556582,2499541
8351,5704,570632,43407,6463,531621,1168234
4833,4815,88249,87796,3574,437025,628978
9444,5611,590066,44888,6297,482113,1141105
8351,5463,-14187,44907,6241,1643066,1696397
9648,6593,-32294,40240,5648,525754,558497
8333,5704,56413,81629,3833,470862,629385
5907,4481,173639,45370,4352,1519740,1755971
9629,6685,235828,42574,4815,1596957,1898933
8796,5500,-34611,33185,4444,538553,558256
8056,5592,48670,47667,6092,1540191,1658953
6389,4370,125822,44055,5186,1563538,1751471
11315,5703,203622,41259,5796,1588849,1858860
8925,6426,-37595,41555,6148,489167,517163
5518,4056,-2870,41704,4981,510126,565552
9981,7000,94505,41574,4870,1528356,1688749
7759,5296,209823,46685,5519,1947516,2224654
9556,6740,-36283,41074,4630,1877401,1905600
6315,5203,-36242,36815,4667,619831,639941
8148,5389,95447,32370,4222,1539043,1686620
6796,5352,165931,47463,5389,1589113,1822582
9055,5555,257750,43926,5926,499578,824087
8537,5611,-18856,41518,6056,473742,519256
9018,6111,51574,37648,6315,1572935,1686083
8685,5389,125578,40388,6185,1505635,1693916
8129,5222,236489,44037,5592,1527946,1830174
8500,5629,-18506,51759,5019,507947,562997
5037,4870,683,44389,5851,1594271,1657953
4796,4371,84760,44630,5037,1616081,1762231
8463,5389,233227,76981,3666,1803650,2133802
7796,5333,137898,44926,5685,1605684,1809804
10333,5833,-33171,40055,5852,1900660,1931896
9685,6611,59258,36870,4019,1548232,1666750
9092,5945,634556,46036,5371,565603,1269326
8036,5556,614967,39944,5000,1656408,2332226
9870,5630,-8674,59074,6370,1651164,1725842
8796,5852,28589,102444,3648,1549679,1701897
6481,4685,142371,88685,3388,435960,685200
9241,6574,233670,33796,4463,1748818,2039247
6055,4667,121027,46203,6297,1471204,1657601
48314,4407,-34320,42148,6000,1658477,1727452
8388,5389,91646,79185,3722,1546604,1737823
4685,4018,187872,47111,5759,1562988,1814952
9722,6462,-38900,45018,6092,1930557,1961192
9055,5796,-34952,42629,5204,1664998,1694730
8555,5500,51977,103314,3926,1464143,1639749
6110,4741,189147,32870,4519,1537064,1776470
9685,6259,1008148,60555,4259,447289,1538269
5444,4574,13915,31944,4315,547618,609755
9685,6518,19271,48833,4575,485318,576978
4425,4667,124274,41945,6370,1591122,1775711
8610,4982,1752808,41518,5389,518049,2333671
8592,5574,4450,35018,4889,1601189,1661749
5167,4574,12046,41444,5019,547228,617867
9241,6074,127735,85240,3667,427928,661978
5481,4370,205535,36815,4241,1625528,1883989
9259,5648,-33145,45703,5722,1670747,1706082
9444,6426,-37993,34796,3815,576601,595460
5019,4703,78696,44685,6074,455819,598441
9425,6260,150329,33518,6704,1547883,1756286
7685,5333,252685,42111,6555,437849,754922
8185,5240,-33810,66111,5963,1620023,1674120
8611,5500,22231,41592,5982,1596389,1682676
7481,5425,168068,117036,3741,363726,667884
4777,4408,204848,41945,4777,1528678,1792026
6092,4852,-39924,41111,4870,1729433,1748712
9629,6704,-10716,53184,3297,1616743,1681545
6333,4519,137287,48388,5056,1518332,1721990
5240,4722,197383,35260,4703,514705,764439
7703,5241,107407,35314,4630,1541917,1705379
9814,6704,-35404,35463,5018,1658061,1682453
7852,4944,97544,39611,6111,1598650,1757249
9425,6056,223862,49148,4500,1565775,1860748
5444,4408,-39188,44129,6185,1615568,1638639
9481,6519,75852,34000,4389,2129931,2262339
9148,5778,24764,53351,3852,1591115,1690601
7962,5204,137490,92759,3851,1481223,1730841
10425,6037,274253,37500,3926,1736642,2070876
8462,5778,14258,31426,3888,1780047,1846452
7963,5315,-5905,47296,5148,545365,608015
5167,4648,135080,46796,4963,1761834,1961174
8647,5908,201972,36278,4982,1871737,2131913
4703,4555,-38596,35019,4629,1670216,1683212
8037,5314,-3388,40796,5870,571330,630700
5056,4574,64707,36463,4481,358346,476201
9370,5963,138081,46000,3370,1565760,1770767
9203,6019,740564,35611,5018,1647718,2446948
6222,4611,-23632,33185,4000,506000,532812
9093,6222,15057,52500,4666,521218,610756
9407,6685,114469,46351,3463,501658,683996
8537,5815,194749,54463,6333,514061,786699
8351,5389,106457,43185,5741,1488422,1660008
61129,4556,-15094,43445,5574,555312,656904
8869,5500,78244,90851,4167,425309,614959
8907,5519,188136,42722,5889,461619,715292
8944,6426,-57877,41444,5963,1889681,1896656
6481,4611,-32189,41074,4815,1670734,1697600
7315,5240,84945,94000,3981,1506064,1703879
4740,4278,142856,34296,5130,367955,561385
6037,4741,233544,41537,5074,1525278,1819508
9425,6574,-23228,46130,6277,1889550,1937284
7685,5148,20461,44425,5686,1562696,1648212
9277,5963,110261,42333,5945,1537173,1713601
6759,4481,227265,61740,3648,1512133,1818026
7648,5370,112436,33407,4685,1566814,1732749
10240,6241,-10504,46055,4870,518187,576737
5944,4815,-41574,34944,5019,539811,550534
8833,5444,167373,41963,4556,508474,739218
8796,5703,-37251,47037,5629,1867333,1900025
7741,4925,-38988,46759,4797,1646311,1673990
9463,6092,78256,43556,6333,1443364,1589991
6018,4703,150816,36722,4370,1556341,1761489
8037,5703,235541,45204,4444,1561022,1861915
9888,6204,-35694,37796,5111,458506,484645
5925,4537,28754,41444,4760,1626976,1714600
8796,5926,115739,39537,5167,1546047,1723712
9741,6129,272613,40333,5556,505456,842403
10277,6185,145821,45926,5908,1947499,2164320
8518,5334,22159,40055,6148,446357,531349
6833,4777,89052,35759,6352,1581290,1726656
5370,4389,173703,42871,5111,465459,700107
9110,5463,-40514,37945,4963,576955,596607
8092,5352,-36676,30148,4222,594302,608700
5592,4426,66846,40648,4629,485484,610459
8462,5482,141645,68352,4444,1537289,1768489
5259,4704,-60276,36630,4426,495717,489071
8907,5759,-42586,41981,6574,1797391,1820915
8240,5167,23029,44926,6555,1567091,1657398
10703,6741,101051,44426,5777,468798,639848
8204,6092,201240,38185,4889,1770304,2031025
7444,5278,99948,45833,5667,1614245,1780490
6685,4630,-3251,74944,3740,1509872,1600250
8851,5482,98197,87537,3166,435559,641107
9796,6167,228071,44703,5685,416518,712978
6259,4537,-31573,43667,6518,567032,598681
9037,5593,-29420,45333,5778,562713,601423
9573,6149,62120,37185,3723,489968,610755
9277,6574,144051,56814,3834,1517958,1740601
8499,5945,-62019,41593,6277,483090,485701
7592,5278,-35496,54092,4852,496141,535497
5610,5112,793244,91389,4203,1783629,2685576
9000,5796,140381,30574,4722,1680497,1874600
9203,6074,204922,33852,4611,1913010,2174098
6814,4685,-46054,75963,4019,527384,575608
8889,5500,-12495,46592,4926,1614744,1670675
8500,5537,109601,37482,5018,1609703,1777916
5000,5463,178049,45741,5111,554020,795625
9722,6481,-45667,34148,4333,542498,554293
6185,4574,-33478,45370,5130,1575061,1605620
8647,5371,47451,79000,3574,1560539,1707101
4944,4741,152862,45815,5666,514727,731218
4667,4740,238959,40389,3777,1637327,1931952
9592,6037,-20499,45000,5945,1853784,1902396
4630,4425,22135,42648,5833,1528949,1610898
8222,5389,159008,115962,3815,371007,665422
10629,6130,217549,36666,4593,549650,827236
9425,6481,123498,42111,5945,1542751,1732656
8037,5018,-5108,41796,4815,1519858,1576972
5555,4519,90580,34741,4518,447565,589904
7741,5592,183288,41666,6815,486727,733959
9666,6482,-48781,41870,5815,1821455,1839100
5092,4482,-37055,46111,4722,1651323,1677046
7648,5000,54652,48926,5889,502899,627182
9518,5797,148581,66019,6055,411230,649571
5370,4482,-68876,41370,5833,522855,513108
9629,6574,311330,36204,4814,1761732,2132932
4703,4352,27021,41610,6019,1867061,1952970
8944,5426,116469,35944,4519,1622187,1795786
8944,5704,231342,40778,5833,1831793,2126432
5147,4612,-39838,37889,4796,1733013,1748193
8037,5518,19055,44926,6315,514330,600978
9296,6500,100466,36667,5537,1649375,1810508
5166,5278,187840,43907,5315,1821092,2070950
9110,6000,-43284,40982,5574,1795532,1816378
8018,5389,-27725,57815,3851,2230767,2280357
5426,4981,54038,65815,6333,1524100,1662712
9518,6185,161579,40315,5555,450936,676496
5870,4426,-62416,45703,5741,1776591,1778267
5259,4370,-30653,80703,4112,1785086,1850970
7907,5445,15110,64666,3982,1563158,1662305
9481,6093,111614,44537,3463,1586950,1764156
8240,5333,231914,43648,6222,555896,853254
5666,4704,-20026,42537,5834,619429,661033
4667,4574,-5244,42629,5926,556407,611830
5833,4944,104278,33445,4574,1545804,1701601
9944,5999,187116,52944,5037,1611929,1875451
8092,5297,360840,44685,5871,559116,986605
8536,5556,3772,39741,5574,468317,533663
10574,6333,46276,50704,4907,1580455,1701620
8555,5871,146576,80240,3722,1526358,1773360
9333,6370,354394,41870,6130,468527,889402
8722,5296,-37507,65796,4000,560634,609608
9630,6555,12700,43778,5148,1553161,1633694
5259,4426,105648,32333,5241,1620434,1776619
7796,5129,581076,88500,4129,519473,1208474
8592,5815,125193,41519,5870,2030109,2220154
5129,4611,1753,41982,7222,496410,559756
10481,6574,76775,40630,6426,1529492,1672916
8240,5463,600870,39796,4778,517031,1178604
8462,5667,-45401,32463,4277,592639,600811
9425,6056,-34860,69888,3112,1643498,1699712
5333,4334,55218,40777,3111,382335,493535
7944,5500,145499,41408,4907,1541102,1748379
5166,4760,227132,45759,5796,1624672,1916470
7333,4981,-31288,37556,4389,1974017,1999340
8926,5574,21142,46648,4759,501540,591497
8462,6500,103368,37111,4630,724942,886772
8296,5259,237223,45148,5278,1833801,2137580
9222,5870,93098,40055,5908,2163055,2319745
5037,4759,20695,42593,5796,511191,592682
7851,5407,77514,33129,4574,534076,664903
6370,4333,168277,40851,5574,483498,710940
10037,6629,-38607,36259,4555,1756449,1778193
6777,4852,-10733,43463,5796,1625890,1678416
9259,5870,45863,44037,6519,1539794,1654712
5018,4278,180051,68093,3555,1498346,1761471
9240,6574,229186,74592,3259,1566674,1892118
6444,4852,-41439,43037,4629,504547,524534
8870,5833,22936,40351,4722,1566222,1651583
8444,5537,115198,32259,4889,1592995,1761470
8907,5426,436663,35092,4389,2144581,2637058
7389,5666,-34774,46425,5797,490549,524145
5555,4852,-12493,81611,3352,1568687,1654398
8870,5778,301399,44185,6111,2006421,2375042
5092,4611,198792,37537,6722,2123380,2379727
7889,5333,-49536,41463,5685,543440,556330
9573,6760,-42107,62426,3593,610565,653607
8037,5129,56805,34944,4537,1747944,1859711
8815,5703,142012,74630,5444,1588014,1827008
6407,4500,242145,41592,6056,537776,840883
7999,5759,-36590,65574,4148,553069,601996
9648,6519,18432,46222,6092,587750,677330
8592,5000,132214,34796,4630,1545906,1733675
5907,4759,232402,35537,4945,1749011,2035117
5573,4315,-19055,42574,6259,494330,536848
5222,4630,-6700,35444,4778,1630820,1676712
9610,6037,101193,34111,4445,1508167,1666323
6907,5222,244160,34259,5018,1937569,2235505
9037,5852,-44687,33259,4463,1945694,1956248
8907,5667,-18998,49814,6093,1609970,1663935
8444,5519,60191,40814,6185,1611522,1735175
7629,4759,172954,51888,5741,534079,779384
9166,6074,2228004,52203,4797,1772046,4074438
7314,5445,-18851,44370,5037,586977,632348
7852,5407,44059,90629,3778,465864,619904
6259,4334,115192,38111,4648,443526,614886
4295,4223,275992,39611,5981,456170,788791
7500,5018,100701,45314,5778,1529030,1696138
8666,5315,-16517,78444,3722,544125,626385
10073,6778,76746,45018,5778,1562133,1709026
4851,4667,164990,41908,4611,1561295,1784675
9185,6463,-24635,36018,4426,521224,554645
8111,5185,-12723,42907,4871,511868,563053
4888,4296,55614,46963,5741,444512,564830
7611,5111,132840,35129,4630,1598131,1785934
10796,5611,248603,40537,8185,1510331,1827156
6314,4500,-40077,40407,6278,530667,550071
5740,4519,57093,43074,6389,502699,621867
7074,5166,112116,40611,6759,1544189,1718064
9555,5704,190434,67963,4092,1448464,1728231
5592,4408,2679,34685,5056,1754291,1809137
4703,4426,19702,43537,5574,1596881,1676879
4148,4963,77187,45759,6574,1577414,1718471
9055,5389,116599,40870,6111,1559484,1739934
9518,6556,-51526,41351,5852,1923589,1937452
8574,5703,-36911,44833,5574,1855401,1885192
8759,5518,47186,39370,5129,457034,565737
5463,4833,138985,40944,4408,509029,706774
9943,6686,287507,38537,4333,1574926,1924692
5351,4630,-44469,45314,6167,1803588,1823044
8073,5334,13146,46463,6759,1575455,1657897
8278,5277,129039,86796,3463,1457803,1692824
9000,5722,115098,32889,4722,574916,744811
7889,5389,-24972,42685,5630,482172,521331
7814,5334,-5468,46074,4519,1638568,1699008
8666,5296,84073,35704,4537,522608,663681
8129,5259,185911,42981,6074,417642,668033
5111,4481,-13881,41037,5611,480323,524719
9055,5574,18753,38925,5704,1606812,1686805
9185,6500,51979,43425,5167,524703,643404
7815,5518,140482,45797,5888,1494749,1702231
5833,4667,222801,43925,5852,497399,782829
5166,4463,-47545,38962,5556,1781646,1790767
8888,5796,11069,64334,4018,1603403,1699860
8759,5815,128924,40722,6334,1576528,1769101
9777,6093,219446,47222,4945,1648135,1938451
5425,4834,-23715,34370,5259,471564,500441
9259,6370,-22544,53056,5796,1657090,1711786
9018,5722,70645,55555,3259,502648,649551
5241,4907,174519,43851,5000,1872395,2107988
9518,6185,-26014,38741,4556,627343,663255
5333,4407,-37343,36315,4500,1678203,1694082
9463,5333,819473,101888,3463,1499162,2441041
5462,4630,1323363,34592,4241,501293,1875933
4018,4500,757462,42185,5149,1546227,2361930
9592,6760,1487296,47388,6000,509859,2069284
8944,5537,403675,47426,4685,514078,986438
5278,4852,248217,51648,4815,1693734,2012174
8610,5630,189463,42907,5722,479552,734662
8630,5537,1439423,40056,4889,1602928,3103648
8536,5630,621376,50370,4797,1837960,2531077
6851,5278,521399,77481,3685,421651,1038438
9444,5851,673921,44852,5481,491443,1233640
6666,4741,-42294,41778,6092,1826894,1846563
8222,5241,-35994,40685,4778,1617187,1642694
8018,5370,838173,37796,4834,467967,1364695
22611,4389,146810,35092,4685,1804253,2019914
7648,5222,340832,32407,4463,1732063,2125062
8740,5667,695445,88167,5555,1906391,2712225
7740,5333,137323,42981,6167,623506,825087
9370,6704,96363,74055,6056,1845717,2040729
5314,4241,410570,40999,5278,1449178,1917581
6093,5240,-16368,32870,4574,1606914,1641287
5352,4592,-12050,47685,5593,1658132,1711360
4055,4371,86324,43407,4870,1542944,1688083
4388,4445,195235,68833,5574,490057,770606
9796,6741,-48667,34129,4778,1697231,1706508
8055,5167,-23793,43629,5926,1608098,1649749
8425,5630,38878,41777,5889,1648908,1752971
8092,5130,132548,37129,5222,1609645,1800137
5129,4704,231329,87370,3370,507352,841235
9870,5962,-3202,42574,5926,460199,523811
5722,4222,39746,45518,4760,505714,608515
4740,4000,158731,35592,4778,1587166,1797711
9425,5593,191809,44481,6481,415095,675051
8722,5704,101220,41148,6371,1617417,1783082
4963,4722,-11331,74556,3796,517160,596608
8981,5852,96988,44203,4334,1598038,1760804
8518,5408,171417,47037,5926,1560609,1802564
9296,6426,719919,54592,3537,536499,1332492
8759,6500,-41259,42130,4500,514681,537404
7573,5149,42837,37574,4704,1596467,1696730
6277,4889,129379,40166,4519,491654,678848
7925,5519,244771,90407,3574,1820568,2174728
6407,4611,-8650,44630,6129,495629,551423
8055,5204,22225,45277,5945,454383,543441
9778,5796,127673,41425,5815,1549503,1742286
9000,5778,189250,44741,6000,524356,781329
9759,6574,-42078,50833,4926,1858993,1891748
7037,4944,-19259,49055,6408,1845137,1895340
7407,4666,462595,42389,5889,1799206,2324190
9352,5537,322025,41444,5000,1784184,2169635
5222,4519,1203914,44351,5797,1994751,3260981
4796,4685,448570,98574,4241,556405,1119623
9110,5389,612129,39926,4963,1841838,2515374
21537,4500,-72401,41370,4833,1884909,1887156
7926,5500,1290170,45204,5722,1428906,2786058
5518,4611,159457,40537,6019,1720790,1939155
9499,6111,895662,50815,4815,1902580,2871853
8277,5797,436612,46741,6092,1798800,2304394
7259,5166,-49862,41426,5648,530156,541923
5259,4296,109382,57833,4722,1975199,2158710
9796,6703,360607,52611,5018,2150212,2586947
4796,4723,275481,33796,4537,2322540,2648244
52851,4352,427893,41407,4018,2213814,2746373
7759,5333,256471,32667,4500,1859572,2168320
7666,4963,197846,49314,4982,2221899,2488726
8852,6092,111017,42815,5389,548923,725533
9333,6759,141873,38722,4815,449734,653718
8000,5241,232802,87815,5629,1785982,2127821
8185,5093,-41822,35963,4925,1832015,1846989
7592,5074,33737,45371,6018,1581809,1681805
9647,6149,127500,36555,4871,1598526,1785322
8592,5407,202356,36629,5019,1609393,1869748
8259,5018,116287,33518,4926,1633666,1804267
7055,4723,-12098,32981,4296,1815013,1854286
7722,5444,119091,84758,3797,1561325,1784711
7000,4685,171854,55611,3944,1579673,1825193
8648,6111,-29142,34371,4574,1579002,1605601
7870,4667,-45341,44463,6092,1636072,1656361
6907,5092,36904,40962,6260,1522364,1621045
6647,4815,163629,36296,4852,1545601,1764211
5851,4871,-50885,39759,5223,1570356,1577787
7647,5389,-44084,42259,6352,537229,557311
9778,5889,13382,44796,5723,515188,597664
7370,5148,94757,85629,3963,1766788,1966155
5147,4297,265760,40166,6019,483476,807680
9666,6963,113116,36500,4685,1507374,1680953
46018,9944,-40730,33148,4574,1671276,1726842
6389,4722,-51041,40981,5944,575372,584812
7406,5223,160258,37370,3741,527923,744569
9203,5796,-45625,47796,5759,1923133,1948747
7314,4926,-38158,39925,4760,478767,500275
6166,4463,56326,34926,4537,1562497,1671693
6000,5407,140626,48593,4685,406741,614700
8888,5260,998922,37667,5018,463995,1522417
9018,5740,-46401,65462,4167,1883409,1923784
9259,6093,10509,44445,6037,468561,547312
8610,5500,133310,35537,4499,1610995,1800489
9685,6148,181480,51444,6259,1646195,1903248
5777,5130,-47941,74388,4112,489327,533404
6000,4518,-19400,39500,3592,577008,613959
9166,6185,126289,36018,4889,1490813,1676045
8092,5408,928807,36315,5629,498721,1485343
7962,5537,-44054,35703,4426,1755637,1767619
9277,5871,-5736,32185,3778,1823891,1871692
9185,6222,65972,41148,6351,1446057,1577583
7093,4981,174179,46555,5889,1508922,1750101
9667,6685,217757,42777,5537,1565158,1850230
5389,4463,-28497,41666,6426,1605543,1637657
7481,5407,12415,35499,6223,557193,626552
8537,5241,100825,43500,6574,1484387,1651713
5296,4870,238940,88907,3852,1806918,2152358
9370,5963,2019,45129,6037,506571,577496
10074,6722,-19810,43333,7481,1656782,1707157
8111,5500,240304,35055,5241,1752777,2049377
8592,5667,172086,35351,4741,522947,752107
8499,5389,-57872,41518,5889,566536,572404
8370,5259,-29739,34741,4555,1918098,1943340
6962,5056,58469,41370,4444,1562040,1680971
5851,4649,132676,33778,4703,1568480,1752897
4611,4185,244199,91684,3834,1840881,2191969
8852,5629,-34000,45296,6426,555219,589626
5055,4740,330632,46482,6129,1644486,2040247
8703,5426,94582,95888,4019,1478316,1689675
5314,4185,196752,44889,4278,1600996,1859174
9814,6630,-44317,36018,4704,499962,515534
8259,5426,1057,46333,5982,1612544,1681972
8610,5667,63246,41630,4944,511010,637366
5370,4463,187324,40296,4944,1549536,1794526
5444,4574,-41949,45889,5778,1858993,1880804
7684,5408,-40278,42055,4555,544887,566830
5314,4555,40115,36889,4555,1568969,1663897
4370,4704,182655,39759,4796,1684630,1923007
9741,6259,238307,45351,6167,1819996,2127932
8796,5592,-10410,33574,4593,1744066,1788952
5500,4518,19872,76647,3704,1610360,1723545
5037,4722,156282,46630,6092,455344,676626
7277,4611,257805,63018,3593,503450,842273
6241,4703,-11097,48462,5445,509446,565997
4629,4296,-21445,42259,4296,1623214,1659620
9869,5963,122521,36611,4945,429883,612181
5111,4148,189284,45925,4556,497064,748699
9722,6685,284010,33018,4574,1610053,1950859
8296,5111,-17336,43092,6444,556056,604034
9518,6204,37074,42204,5111,1659008,1761749
5667,4407,153152,39741,4796,1561689,1771805
4704,4222,218008,57018,3963,1556333,1847026
5370,4352,-45228,44055,5722,576262,592830
10000,6241,8720,100370,3852,1500511,1632231
7962,5445,127761,33111,4574,1589376,1771193
9555,5722,192561,63907,4186,503453,781718
8518,5741,105862,40462,6167,1659924,1829193
6110,4537,-18929,41722,4666,1592921,1634231
4555,4093,77222,43222,4759,1633860,1770008
8703,5685,175596,46037,5870,524567,768569
7277,5334,-51566,45092,5593,1749203,1763397
6462,4500,-49950,47278,6000,2092919,2109635
4852,4074,71034,39537,5741,1544771,1672657
4185,4333,129112,83593,4018,1585433,1813137
11166,5926,246875,32611,4852,1583299,1887563
5610,4667,-43360,34555,5000,503821,512737
9425,6426,28977,46278,6481,1547791,1647675
9444,6185,96796,44666,5815,1615398,1781823
8758,5852,210188,34259,4630,480474,746236
7907,5815,156026,36333,4963,2198423,2411597
9073,6593,-17118,31926,4759,557411,594644
7147,5445,66571,62778,4074,481666,630274
4611,4388,159353,37685,3963,522014,734718
10406,6315,-31975,43926,5833,1741798,1778637
8999,6445,-27027,39592,5704,1771553,1808193
8851,5278,32773,43648,6463,463520,563385
8369,5426,127462,54408,4944,1565361,1768507
9314,6778,230354,76704,3759,1501116,1831415
5925,4704,-31696,36500,4593,491970,514386
9759,5963,8605,50314,4574,1567886,1649157
9351,6130,92516,82907,3888,1591678,1789304
8370,5314,192279,48648,5630,1665599,1928229
8629,5667,-50160,35462,4852,1842706,1849267
9740,6259,15695,41685,5426,1602221,1683675
5870,4796,-5967,39148,5314,585224,636829
9555,6370,187851,43777,5685,562979,818717
8296,5370,-48218,42907,6500,539882,557311
8444,5296,-51714,54130,4240,603841,626756
9407,6629,32901,40963,5240,636429,733421
8000,5241,129589,43426,4963,1512641,1706324
5000,4722,-50035,44296,6259,488884,501997
4611,4667,-48068,54481,4685,507269,530257
8370,5740,899,49611,6481,503080,576478
7314,5093,126532,41110,5926,1573977,1762008
7018,4481,217221,60500,3648,1607953,1903062
9796,6611,171373,44519,5907,2607943,2848853
6462,5000,190878,39777,5982,1745481,1995821
8999,5722,64808,59741,3407,1648849,1794156
5667,4537,166848,32778,4407,536592,754255
7129,5037,-52850,37759,4611,1687081,1691434
5092,4352,-39531,41685,5870,508232,528349
8667,5426,30102,41888,7315,1568629,1664268
8925,5556,143143,39425,4834,458687,663403
9426,6500,1245345,44296,6093,1553656,2867409
5592,5018,-44662,54425,5352,1838171,1865933
9833,6037,3637,44704,5963,415230,487386
5593,4870,98993,39833,5666,1503498,1661324
7351,4908,178256,35925,4797,1513419,1746730
9241,6148,78649,40926,6259,1520174,1664176
46722,3703,-43309,38111,5426,551584,604719
8092,5186,71601,61722,3611,1591814,1744397
8796,5352,679807,73722,3481,426964,1200438
9500,6685,421145,42815,6370,525775,1014475
6684,4889,368261,41537,5741,529215,958383
6167,4574,37229,46185,4778,1638797,1740268
5129,4296,140974,62426,4963,451263,671144
11018,5778,233162,35963,4982,1627937,1920988
8629,5389,-36703,33463,4611,578273,596441
5037,4407,14542,35074,5222,455233,521534
9333,6278,112953,82648,3685,450024,668366
4129,4648,215791,34925,5297,1620032,1886933
4777,4537,-35204,60296,6315,543331,586071
5981,4963,8892,43389,5703,554679,625811
10018,6611,58377,33371,5555,1795074,1911748
7370,4944,150956,75314,3685,1610164,1855119
8592,6000,-54688,41556,5740,1961677,1971044
8240,5370,-40591,58777,4778,1777840,1816507
5610,4630,50894,50277,5648,1594134,1714156
5036,4982,125527,42944,5648,1664981,1851248
4870,4315,238012,52297,4537,504557,810625
9092,5982,-17983,43185,4741,509905,557330
6296,4018,8818,84630,3407,528901,638644
9500,6666,88766,36926,4871,1607760,1757230
8203,5445,184103,46555,5204,517800,769755
8851,5815,-19040,34426,4685,1782714,1819489
8000,5166,156352,34778,4685,1990357,2201857
6407,5130,61875,60740,6167,522343,665218
5518,4241,186767,45371,6166,554432,805236
4444,4389,364975,48352,4555,1807624,2236394
10593,6277,-21427,40852,5852,518609,562738
8574,5204,31114,43537,6388,1562469,1660694
9962,5963,157432,35500,4463,1612631,1828026
7055,4778,642027,39388,5000,491967,1192659
9352,6481,-43632,41018,4444,1738530,1758564
7592,5593,12797,34944,5148,481237,549867
9407,5833,105412,36648,4685,1537819,1702230
8389,5500,189601,43203,6130,1584870,1839712
9018,6277,-47912,41444,4630,552854,568774
7796,5537,-16816,35148,4463,573183,611681
9018,5907,96577,31574,4241,1551969,1701397
9462,5908,192635,39445,5944,1616094,1872951
8351,5018,236659,36796,5074,626947,921605
4722,5055,-42799,43203,6852,1916010,1935599
6444,4278,45315,33074,6241,1601878,1699434
8740,5667,123115,62759,5519,1568818,1776674
9240,5981,211582,74185,4111,417488,724717
5018,4759,-42301,39722,5759,561799,577645
8629,5574,7240,45407,5666,547424,622126
8574,5296,873092,41611,5648,1639838,2576689
18796,4222,199043,35315,4685,1661446,1926044
7092,4704,139343,45945,5703,1913830,2119524
5258,4426,-25188,41592,5111,525241,559015
4741,4277,111352,35741,5056,1549397,1713027
9925,6037,155393,40593,4555,1625726,1844730
8499,5297,-28769,64148,3685,553747,609107
9500,6278,-7895,86778,3148,436280,536960
8426,5778,40887,77314,3260,1537862,1675879
9944,6370,144002,50426,5166,1590080,1808322
10592,5296,212525,40425,6260,1643409,1920581
8481,5296,-42526,45018,5611,1788516,1812674
8222,5055,6571,40574,6129,525352,594626
9740,6833,83556,76426,4074,1565360,1748675
5111,4667,192485,41278,4648,1574004,1824638
4592,4537,-43195,67371,6425,611599,653089
8740,5222,-27876,40222,5871,1643310,1677712
8925,5519,67868,43482,5018,1518844,1652046
9221,5926,156521,72092,4129,1540229,1790193
5277,4333,-44826,35833,4667,1739149,1746526
6870,4371,-50730,52555,3574,691967,710811
9203,6000,29219,52537,4574,396242,500256
5333,4148,-54147,41278,4592,1903822,1907211
5814,4611,261745,43907,4574,1625930,1949211
4648,4722,110749,43574,5815,458359,630497
5333,4500,2032,41814,5982,444114,506405
8685,5444,90220,36500,4796,388092,536904
8722,5870,219039,32907,3907,1769431,2042043
10629,6444,-50586,32463,4408,558119,564237
8722,5704,-26119,78055,3833,1643498,1716231
8777,5389,76885,58851,4630,1635475,1792470
7963,4741,186221,31537,5000,404738,642534
9518,6630,248040,64741,4278,490084,825292
9167,6240,-51769,38815,4944,560433,570497
8740,5722,32846,102074,3778,1570162,1725934
6815,4888,138109,42185,5648,1534141,1733971
9444,6259,159669,46184,4741,489754,718774
5889,4815,-47679,31037,4722,1716076,1717342
9925,5907,-5637,84148,3851,498450,599237
8315,5370,104347,34908,4759,1624457,1784878
5814,4426,197796,35278,4944,516570,767495
6888,5056,-45718,48185,4315,1959928,1981247
8777,5500,-33584,32370,4760,491636,511923
9018,6278,64957,42722,5722,1637163,1768268
9684,6167,144294,49296,4907,1653492,1870470
7870,5722,-65997,40222,6593,1898097,1895119
9388,6500,-48863,34314,4685,1788706,1797489
8944,5962,54233,41018,4852,429802,547274
7926,4981,148921,32945,4870,424594,626737
9981,6500,349925,78462,4260,1729266,2180413
7907,5185,-50199,41666,6297,521937,535145
10592,6722,4842,40611,5778,478525,549126
9092,5852,95938,44296,5296,1641163,1804341
8481,5370,208016,35703,5000,1519252,1784341
9425,6352,83872,40240,4871,1516859,1663749
5277,4370,-15790,37500,5222,1535874,1575694
6500,4370,108547,40351,5556,1543721,1711156
9259,6056,145606,77611,3555,458724,702959
7389,5129,-30185,44963,6241,545070,581274
9852,6555,-45810,43499,6593,514845,538145
10759,5648,643542,34333,4722,564173,1265103
9352,5852,146363,40926,6037,1510793,1721712
9110,6204,209386,43648,6833,1609974,1887896
5352,4796,-23980,49389,5722,475866,519960
9944,6648,-994,44574,4722,1587466,1654379
8795,5445,110435,87870,3723,1468147,1687749
9037,6018,183866,37777,3759,518390,761607
9018,6352,-1259,30851,4741,1758305,1810601
8740,5463,-22718,47314,5686,1534042,1581212
6573,4797,60285,44204,6351,1561057,1685823
6851,4648,178252,40519,5833,1786884,2025191
9130,6000,651531,63778,4111,547998,1285345
24018,4685,-42887,39463,5796,469458,502886
6129,4648,31395,36129,5334,476491,562404
8073,5296,544508,40426,5537,512319,1118326
7759,5537,205717,44981,5222,1625569,1898174
8444,5185,-16260,35408,5092,484516,525145
6852,4722,405835,34074,4648,1438431,1897063
4999,4389,104378,34111,4518,1537650,1692823
7777,5037,223159,31981,4945,1591034,1866507
10351,6704,-47928,43741,6407,536314,558515
5574,4722,-17887,43074,5926,598828,642830
9240,6093,108135,90907,3944,378029,598978
10018,6389,599933,56796,3463,1600517,2279431
8611,5166,470235,44870,6148,1494587,2032247
5111,4592,-14685,40499,5778,575312,619441
9111,5574,26114,40833,5149,448845,538552
8944,5574,136970,39648,4741,1609130,1807433
9129,5555,235345,65185,4148,564280,886420
7814,4908,-47651,28333,4426,570777,571367
9518,6370,20927,52611,5111,1770451,1867711
5759,4518,115209,43111,5574,1626799,1803359
9425,5852,196750,56500,4203,1566814,1841526
5389,3907,-52986,64500,4315,594482,622534
8518,5222,-31500,40833,5407,1665046,1695990
9555,5926,62856,47240,4593,494660,627293
9833,6241,158637,39888,4611,1594964,1816934
7111,4796,-41580,40462,4852,584318,601997
9333,5796,-18725,45426,6130,478481,529071
9333,5685,50205,42629,5704,1624729,1740712
9278,5537,126727,35481,4760,403806,588534
9555,5240,201713,47592,4593,1578425,1849785
5555,4278,-37023,37315,4888,597705,615552
8481,5370,22815,44129,6167,549126,637959
9166,5612,130558,52074,5667,1568246,1774323
5074,4648,182525,40778,6333,1609279,1851637
7426,5259,105326,40574,5667,1528608,1695435
8814,5389,-23299,51167,4907,1621178,1671731
8407,5556,260426,43907,5982,1812820,2139191
10481,5926,173875,54870,4759,514473,766366
9481,6648,722506,48574,5148,1605869,2400893
7240,4889,-49023,33722,4574,1817920,1821730
8703,5889,31981,35981,4722,1523344,1613435
7759,5407,118985,37092,4889,1610450,1787119
6907,4888,245248,41555,6370,1583520,1890877
8407,5445,-40859,43389,6370,627114,652626
5963,4759,26812,91851,3871,1514141,1649620
4407,4870,563666,55444,3685,515384,1150400
4018,4482,190930,45185,4704,491491,743347
9907,6704,-42620,36203,4760,609746,627422
7221,5037,7199,41592,4889,1547829,1615879
8778,5425,71999,34056,5259,1531602,1659398
9722,6185,154354,34685,4945,1611690,1824007
9129,5759,-52807,39555,5241,1735538,1744563
9944,6167,-42748,46463,5852,497467,525164
8462,5074,26423,35315,4722,1608401,1690804
9351,6260,116260,46611,5666,494514,681033
7648,4999,216523,42556,6129,1592355,1873933
4870,4519,-5121,35574,4648,476044,523145
9778,6759,-9839,42611,4574,653779,709514
6722,5240,97443,67796,3519,468257,651681
8777,6278,227483,54315,5648,437901,743236
8795,5204,-28344,34407,4852,602044,629385
9222,5648,-25266,73333,3352,1653034,1722360
5055,4555,64108,68278,4537,1579530,1728600
9740,5649,154630,40759,3685,521699,738237
8796,5685,-6273,44593,5870,608713,669718
9629,6518,-52398,43111,5426,1907665,1922155
9610,6482,23420,45815,4870,484743,578441
9296,6000,115721,43425,5926,1589251,1772082
6536,4778,670963,37055,4963,1767004,2493985
4759,5166,-55807,32666,4445,510471,503978
8926,5481,-5174,57259,4185,2212994,2285709
5277,4370,94163,94889,3870,417649,622755
8703,5463,220370,39537,4537,534144,814995
10092,6834,-46180,43018,6185,512011,534516
7648,5981,-27583,43111,5352,597950,634330
7667,4611,91309,43111,4852,1615106,1769027
9351,6037,160295,40185,4555,1679639,1903025
7907,6092,-53237,42685,5648,1789782,1801248
8889,6166,-53640,62036,3926,1842649,1873211
8870,5537,33178,38444,4500,1579165,1671787
8740,5667,109459,44500,5000,523907,699811
8500,5370,236407,33871,4963,501218,792459
9463,6333,677835,32296,4741,1940297,2673095
8166,5223,3898,47185,5648,487469,559627
9555,5963,863713,43314,5056,1617068,2548151
5648,4926,184239,48685,3981,1662936,1912915
6740,4889,133706,38574,4537,1931319,2122580
5351,4352,-29233,87166,6333,1595224,1671712
8203,5241,63195,35630,4444,1634979,1754730
9796,6037,171496,36093,4777,1621420,1852100
6314,4722,-56740,46278,5833,1801655,1810359
7944,5186,-54218,42815,6278,572769,582941
8204,5611,21990,41444,4556,1597222,1681546
5796,4611,148383,41648,6296,1609774,1818915
8814,5611,210109,55666,6037,1602899,1891285
9610,6334,-20071,40944,5037,1840060,1884637
5259,4371,23747,43018,4371,1565058,1648120
8759,5463,112973,34852,4593,472504,642348
9389,6648,188736,38852,6500,1580586,1833434
5814,4352,-53444,46667,3759,510589,520163
9777,6000,-16402,34092,4222,539696,579997
9611,6148,459340,84111,3314,1478704,2043988
7704,5037,181919,51963,6037,1602125,1857452
8148,5333,-54983,40722,5723,1695158,1702490
9166,6092,-55367,80907,3685,479217,526534
9907,6334,19599,49055,4611,1596632,1688953
5185,4870,124936,78148,3593,1509887,1728971
9351,5797,291754,61018,4611,573704,948883
4388,4612,-52907,40648,6407,1787082,1793137
8000,5278,-3514,44148,5037,539640,600960
8999,5852,107953,44129,5907,461304,636681
5611,4500,186011,36537,5000,1533552,1773619
9148,5944,-54742,35148,4537,1974527,1977155
9296,5648,-39349,44444,6092,506439,534978
6221,4574,61192,41759,5611,1541206,1663212
9055,5352,152343,35796,4797,1988069,2197505
8981,6334,-51689,44926,5833,1770197,1787156
8166,5223,-48370,57666,3889,610570,639719
5092,4241,30523,41444,5055,412586,501701
9147,5537,123860,47907,5297,1611370,1805822
9073,5611,201438,49574,5574,1599200,1872544
8296,5092,-47149,41351,4852,556850,571700
8907,5407,26206,45944,6093,1841042,1936377
8722,5463,133154,40333,4685,1608225,1803026
9740,5500,186639,39278,4648,1632090,1880285
9296,5537,77384,45093,5611,1542365,1687453
9555,6667,-37018,39592,4445,509885,535756
9111,6019,90966,32371,4555,453974,599441
9870,6629,142952,35334,4833,1679629,1881803
7703,5111,-66302,46185,5537,1899736,1900970
8592,5426,-53650,32482,4833,1934731,1934674
9166,5982,23076,38667,5111,1826968,1911007
6592,4407,116413,37741,4574,416676,589385
11703,6037,201862,47425,6000,532857,807958
9500,6704,-51874,34796,4537,578648,585330
6629,4629,37815,40815,5481,1546787,1644712
8296,5370,81264,77055,3666,1599283,1777323
5981,4463,196100,47555,6074,1558241,1820619
4777,4722,-51691,34519,4574,512669,512089
6296,4519,122886,35167,4907,1768176,1944322
8055,5315,50187,37444,4445,1542414,1650009
4925,4259,155191,48778,5814,1628484,1849470
5647,4352,-56323,39185,5760,1729701,1730897
5277,4704,-2616,38130,5370,531557,584440
10018,5870,17723,45592,6407,1561287,1649009
9352,5259,142670,39426,5703,1548579,1753045
4851,4630,425487,44278,5648,2177923,2665558
9740,6129,-51098,40111,6185,536355,549589
8574,5296,-11076,42185,4944,526462,578830
5685,4555,85743,42611,4666,1609933,1756415
9759,6129,165191,30944,4074,479713,698236
9000,6333,-53526,46870,5574,504320,521256
5796,4481,-22263,41000,4870,1618550,1655268
8889,5685,83111,39740,5704,1545657,1691527
6185,4555,163818,73482,4277,484234,738681
9648,6481,756486,32982,5314,1885480,2698410
8203,5371,-51210,40926,4796,1674126,1684916
5333,4296,44998,96536,3704,449573,606811
8611,5740,122539,40259,5611,501180,686052
5500,4870,209116,42685,4574,1571096,1841193
6055,4574,529,40000,4629,470950,529626
5111,4018,29070,51777,6056,1499625,1598565
6629,4815,93129,83592,3630,1570546,1764860
9666,5778,182133,29574,4740,1774226,2008581
8944,6351,-58121,42778,6203,1744371,1753193
9204,5703,135160,63111,3500,2087586,2306764
4425,4537,60553,47463,4333,450518,574626
9925,5482,165149,31574,4648,494773,714440
9537,6000,796984,42037,5851,1647187,2511226
7851,5148,318861,36740,4908,1807108,2182950
6962,5241,22773,42574,5908,1624161,1709675
9592,6537,117925,43185,6612,1522583,1708879
7296,4852,208559,41777,6019,1509209,1779712
9889,6685,70156,39926,4685,1553945,1687879
5518,4555,7717,104481,3796,1540219,1668731
6981,4685,89313,37536,4426,1568307,1713416
5018,4167,203205,41370,4666,1614599,1875026
5536,4575,100913,45796,5833,1527559,1692842
9296,6537,-41285,43092,6241,1670627,1696898
8851,5574,70181,87351,3630,1529772,1707712
9092,5277,136352,40759,5019,1620360,1818896
8926,6203,-65217,47092,5889,1919595,1924822
6981,4630,9082,43000,5537,462581,534682
8944,5426,25475,32889,4797,1579033,1659083
9888,5685,107239,82111,3685,1470474,1681990
7536,4926,239464,32908,4518,1591340,1883174
8314,5148,-51549,53945,6240,1746428,1771248
5499,4259,39233,45000,5593,493319,595644
6388,4870,81571,46629,6444,1756160,1904673
9907,6777,197444,35111,4871,1595711,1852526
8277,5260,-43866,37593,4555,1730892,1744860
8463,5352,-1677,40630,5741,642709,703959
5907,4556,65568,36741,4463,1600570,1719898
8277,5463,171369,39444,5666,1685899,1918229
9759,7148,224761,86981,3704,1627969,1963044
4815,4500,-48475,42056,6370,1650187,1661527
8110,5260,18511,48851,5741,1629423,1718193
5111,4611,145978,39647,5760,1554308,1757453
9666,7555,206759,35889,4908,1532082,1798989
5481,4556,695354,41092,6389,533861,1290085
9333,6407,-6898,37648,3556,489191,541738
7425,5130,107327,36000,4889,1527922,1692249
9536,5871,212090,73370,5667,457924,766866
6333,5203,130188,38407,5741,1511969,1700545
5388,4630,-26993,37611,3315,1656779,1682749
8740,5056,74085,45296,6426,1613941,1755934
8296,5371,180459,39222,5741,508018,749218
9795,6723,-55999,41407,6408,507107,517997
5648,4574,-53476,43611,6482,1623447,1632639
7333,5018,28121,40277,4834,1636239,1723878
8222,5481,110476,31130,4296,1570125,1732138
5685,4555,411257,82111,3999,1589769,2101061
8463,5944,-57774,42963,5685,523419,532349
7388,5093,378228,91388,4019,1665000,2153431
7611,4833,82604,44352,6574,1819921,1968322
8444,5408,200959,91296,7722,1456105,1771990
8222,5481,-29813,48389,6574,1642618,1683546
9851,5815,-41994,47536,4834,509491,537645
7204,4907,60269,43203,6278,1609721,1734305
9166,6797,153217,40444,4092,535835,751866
9889,6518,828052,42055,5815,2178393,3074204
9333,5740,-89384,44962,5741,544363,523237
7463,4463,53304,38925,5852,472489,585312
6055,4463,121660,41185,6518,1565849,1748156
8814,5352,231626,40722,6167,546221,841162
5315,4574,-49332,82537,4185,1882987,1932230
7870,5260,18413,44111,6166,494677,579052
9407,5685,132565,50537,5963,1539406,1745841
8295,5297,180791,42500,4926,1569087,1813248
8795,5408,-48870,35999,5019,566997,575978
9778,6685,-31107,47389,5555,510437,551349
9277,5222,51953,46351,5111,1592964,1713286
9000,5722,166863,45407,5982,1547570,1783693
6351,4574,-62446,36203,4575,1712528,1703804
5370,4834,-54387,49148,5796,1595285,1608898
9221,5797,58098,38593,5852,501305,621181
10074,6463,102343,44148,6315,1581146,1752490
7629,5018,214884,53778,4000,392945,680459
7926,5074,-27889,74000,4092,521256,586515
8833,5704,6449,49481,6278,1598708,1677564
9407,6259,73582,58778,5129,1657760,1813563
6796,4611,35679,46963,5389,1791958,1893767
8778,5852,-56576,45222,6167,566054,578090
5537,4352,-38553,52314,6130,491124,523590
9610,5649,48321,36555,4482,499175,606107
7685,5055,197843,44315,5537,1925496,2187987
9222,6593,222106,44796,5074,1669642,1960081
5370,4426,-46740,43814,5667,482034,497034
5740,4704,20282,44537,5093,1571004,1653601
7074,4870,140805,36481,4981,1494779,1691157
7370,5222,-87042,35167,4629,1785477,1752934
9166,6519,-56427,45722,5907,504480,518034
9055,5519,-3423,43129,6352,1556469,1619435
7462,5074,107359,39259,5740,1522207,1690397
9851,6611,163918,65129,4130,1642516,1894266
5241,4759,81885,34907,4815,1580790,1714749
9629,6630,-34203,35704,4426,1661563,1685768
9167,5907,49579,40277,5093,1647022,1759582
9129,4648,141027,35537,4259,1673592,1870896
6703,4778,600954,32537,3889,1774216,2425467
8148,5055,17721,37537,4870,453202,529052
8184,5222,24874,36481,4611,608253,690347
8574,5648,107599,36463,4241,1634668,1799526
8667,5796,222788,41666,6463,1550646,1839341
6703,4704,-49411,70759,4426,1818140,1857303
8926,5592,-13313,41148,4518,1612619,1661990
9129,5685,1797645,41815,5222,1567576,3429535
6406,4871,208824,34203,4500,483783,744921
6129,4630,123568,42926,6370,1660754,1846748
6333,5277,-43648,35388,5778,468794,480053
8111,5408,71151,72499,5759,1571265,1736675
6722,4722,147618,40351,5408,1535779,1742989
5704,4574,-65711,38593,4055,540763,530849
5203,4333,-50039,80740,3815,503277,549978
8240,5352,42464,47000,6444,1525360,1637638
6999,4463,666040,42351,6167,1527040,2255449
9018,5444,229268,44222,5871,1618128,1914563
11518,6759,-54838,37019,4611,531927,539663
9074,5592,-13686,73278,3611,1588250,1668305
5537,5055,90059,34759,4648,1600153,1742212
9481,6074,187841,35981,4685,1806981,2054025
8833,5444,-44710,48370,4519,607577,632663
6499,4778,-37521,41518,6297,1648548,1672267
8647,5575,-32184,32778,4518,539014,560700
8962,5833,157524,44815,5999,1590429,1817081
7036,4778,640100,52444,5778,1759404,2471707
23573,4685,-81670,52184,3852,553946,558644
8481,5222,26796,67536,3167,581571,695477
5259,4481,120059,67370,4407,1609320,1813637
7074,5074,236470,39500,4889,532136,827995
9203,6148,-30895,43259,6019,1634200,1670582
9278,5463,10442,50592,4889,482129,565293
9518,6426,76779,40833,4889,1576322,1717341
7481,5074,201413,39963,4833,504342,765459
9832,6871,-62879,35648,4519,1780627,1777230
7722,5389,-23171,46537,5778,581445,627293
5166,4278,484460,42982,5629,534496,1079753
6906,4926,139096,42963,5259,1651449,1853451
9018,5704,220137,37333,5019,1581833,1861230
8777,6185,-49635,34333,4463,1782495,1789471
7129,5093,32090,40963,4685,1605270,1697341
9296,5963,143354,32055,3926,1565766,1762416
9203,7593,668355,47037,6463,474286,1215160
5759,5148,-38119,44019,5833,497320,522071
8870,5351,-596,41703,5741,535834,599811
5314,4445,117833,33000,4722,1560434,1728582
8851,5722,164208,42777,4926,552029,780995
7518,4778,-49991,47148,6259,1736018,1754897
9388,6537,-49672,33093,6222,1645996,1653564
8499,5704,704625,42611,6129,1595676,2365337
6481,5019,135872,51259,5056,1658728,1865156
5852,4500,-73938,41519,6166,536675,522886
5314,4463,-24230,41352,6222,1790812,1825933
10221,6871,36015,42962,5797,501278,605644
9000,6037,114574,40333,5778,373108,550867
6333,4833,204485,49667,5722,1598874,1873137
8944,6408,-49639,36666,4926,1878535,1888748
8999,5741,-14024,40518,5093,539891,588311
4795,4667,106276,45074,3574,1569529,1736008
9314,6482,191131,39519,4555,1651024,1904303
8462,5130,-47104,42204,6351,1842316,1859655
8204,5851,-46396,35556,4555,1828460,1838378
9500,6685,64033,46760,6166,1566809,1702731
6111,5796,163907,53352,6130,1605063,1842915
9462,5926,-75791,35000,5167,1817965,1799804
9111,6277,-64694,38241,4833,1905276,1901692
5499,4463,18347,43851,5223,490150,570126
8888,5463,160091,115592,3648,384147,680607
9758,6148,198595,38833,4889,506494,767588
11111,7074,-26789,51796,5907,489620,541534
6056,4388,-1599,40518,5907,534801,592367
4981,4204,88755,41185,4926,1562697,1708841
8463,5407,186111,42648,6056,1625803,1876433
5092,4778,105672,36555,4852,1568467,1728101
8981,5741,-34620,70314,5908,1643962,1702768
5462,4612,48587,35870,4611,1584588,1686064
6129,4722,145628,109389,3740,1513344,1786396
8092,5130,-63367,41685,5704,1742523,1742008
8185,5426,-53455,41148,5000,568470,577515
9703,6463,32382,45222,6204,1612645,1714915
8444,5463,127775,42499,5852,512463,704848
4852,4685,196723,41407,5833,509773,765996
9741,6333,-29216,59240,3722,455547,507923
9055,5963,-18805,48055,5852,1988719,2041302
9110,5500,82458,41500,5093,382409,528200
6592,4704,167684,36481,3815,1570676,1792341
4666,4167,-50404,73870,4186,456623,495182
9221,6315,-34492,36685,3648,534045,558033
8314,5278,544639,78444,3834,428003,1071105
8111,5203,146923,45000,4519,1615677,1828322
6222,4500,227427,75666,3463,1481526,1801416
6814,4871,-51309,45963,5907,510380,525367
10111,6055,42899,41037,5778,492838,601089
8259,5667,114995,47537,5500,1540013,1724046
9074,7074,193925,58555,4648,1558065,1833526
5370,4852,-58662,60314,6167,582251,603052
4981,4463,-14473,62833,7092,435137,502089
4425,4500,85345,41593,4611,1584422,1727934
3925,4371,177237,35426,4482,1636010,1863581
10147,5463,-26090,49889,4833,447254,493589
7999,5297,-42513,44371,5259,1631336,1654231
9074,5611,37584,97833,3630,1508184,1664231
8370,6185,143848,42611,5018,1557680,1766212
5685,4537,-56185,36074,4611,1588824,1586157
7666,5019,-51162,36647,4778,530233,535441
10018,6093,14841,51204,5296,1576204,1666305
6037,4722,701658,39259,5741,1716309,2477078
25370,4704,205867,41833,6241,520480,807366
7944,5111,-59053,67148,4204,1865949,1893859
8889,5370,366931,47666,4667,1869686,2305801
7815,5259,890488,44074,5611,1576867,2532930
19388,4352,713901,39148,5518,1741270,2526003
8389,5778,104259,44407,6259,1652360,1824230
5240,4944,729594,41093,6333,1615651,2404893
4203,4445,539932,35130,4999,1657629,2249357
6204,5092,636621,40463,4945,579667,1275085
9555,6093,844346,42593,6370,1585454,2497985
5369,4889,123484,36370,4648,528661,705495
6610,4482,798688,55167,3703,1670001,2541281
5999,5222,107437,46000,5851,1608387,1781082
11555,5871,556364,42629,4723,524740,1148215
9314,6407,186260,41574,5055,1903358,2154468
7166,5185,400929,43185,6334,1791243,2256838
5462,4445,79231,34407,6389,1650147,1782711
7999,5556,167086,41000,5667,509927,739273
9685,6000,-59168,66333,4074,512406,541293
5166,5315,-35293,40555,4741,564679,587960
5222,4889,48932,58296,5093,1619353,1744267
9925,5926,136214,36815,4463,1793329,1988988
8425,5056,243922,66203,4204,596814,927457
4999,4167,-40147,33352,4722,598014,607644
9778,6240,65061,113258,3575,356696,556978
9240,6149,589691,31426,4463,1821794,2464856
23926,4685,187290,43000,6185,472650,740088
5389,4352,-37945,40888,5704,1827619,1848693
8574,5370,-15293,67666,4019,1573117,1645546
9093,5963,79710,38611,4611,1611928,1752064
9222,5351,159789,43889,4629,517078,742699
9463,6444,79404,32519,4611,2091768,2227042
7592,5000,-37702,43259,5148,1656785,1683749
9852,5333,45079,36463,4370,1646170,1749953
8629,5408,154842,49481,5111,1771850,1997933
4870,4315,515345,38574,4796,569371,1140049
4500,4148,-59111,43518,6111,558053,560071
4796,4000,506094,42444,4259,529363,1093345
9315,6203,123489,47370,5056,1567482,1761045
4444,5148,242325,42482,5907,1767088,2069580
9648,6592,-58335,39796,6074,598851,605423
8037,5962,-12868,69722,4148,1514878,1592861
8111,5222,74839,32833,4593,1571429,1700583
8444,5611,157750,33463,4407,576023,788143
7925,5612,-27264,35463,4833,562501,591756
6055,4889,-28371,62796,3574,523349,574719
9944,6685,50559,41167,5759,666418,782347
5556,4444,132470,45611,5074,608322,803848
8111,5074,223733,89370,3741,1479182,1811267
7981,5759,-62631,78870,3351,526388,562496
9166,5852,13872,69426,4222,1656340,1761286
8370,5333,186135,36593,4592,1761168,2004803
8963,5555,198491,48148,4704,1870589,2138839
9500,5889,73199,41555,6241,1580476,1719972
8222,5204,-20667,92833,3833,490497,582645
9574,6611,123485,49481,4963,1538357,1735157
5555,5796,149693,53240,4630,2257441,2478263
8481,5111,-60709,47741,5537,504151,512682
8037,5962,343182,43648,5500,2321932,2730558
21111,4629,27428,39741,4555,572161,672366
6981,4926,157950,40129,4889,1501114,1718064
4907,4759,235417,67574,4166,2575789,2894946
7166,5389,948770,41055,6426,1855565,2866631
8592,5852,254666,33759,4500,1829803,2139246
7499,4963,100986,45833,6259,1742559,1910173
10111,7370,182508,84999,3982,1897331,2188376
8740,6408,166956,33667,4722,1861364,2084413
5667,5037,527792,41000,5555,1887749,2475263
16221,3889,-5516,33611,5352,557439,613718
8518,5093,1083557,41074,5592,1776463,2922649
4889,4481,-60303,41888,5334,586559,584830
9703,6945,940696,39240,5574,1729085,2733965
8500,5518,40723,37129,4686,3097610,3197055
7777,5241,26097,46204,5352,1731077,1827933
5277,4907,-61194,43018,5926,1846813,1847100
4555,4574,466993,78722,3833,1560699,2121987
5759,4814,399516,86203,6445,1620083,2125321
9740,6074,102891,40222,6019,1526006,1693712
5315,4426,-93697,36834,4870,1741408,1702027
8722,5445,-46748,44870,5629,1888256,1908748
9074,5500,13626,48815,5907,1630012,1715268
9351,5593,71019,89740,3685,1640601,1822026
8685,5277,168060,52648,4630,1618744,1860470
6222,4703,-25416,32388,4519,1681314,1706341
5889,4537,-35339,43685,5167,597039,624571
4500,3889,48572,76944,3649,1756434,1896304
4277,4574,143354,32334,5185,1636709,1829118
9277,6074,-86418,46629,5667,1798241,1782248
8148,5370,-61618,39000,5000,2020125,2018544
9148,5963,11775,77110,4130,1676456,1787175
5073,4778,116927,80907,3889,1581433,1795415
8462,5649,184393,41444,5111,475084,723107
9963,6574,-28176,62000,4259,1662962,1719934
8684,5315,-21023,43240,5593,1817846,1861674
9629,6815,93332,43907,5130,1565917,1727397
7666,5055,260169,43463,6352,476660,801384
8629,5759,-57807,53944,4611,477027,494237
8518,5371,-49044,39222,4963,1778515,1790101
7685,5018,42238,42556,6055,483148,589256
9722,6574,166279,90925,3630,1521119,1801286
9351,5389,-84216,29722,4204,527787,494830
8981,6351,-6156,45240,6333,474191,537904
8963,6500,41569,43907,6222,1587014,1696934
7129,4778,531071,42315,5704,502255,1095864
9148,5537,964481,42111,6203,1614837,2644744
8944,5759,-62584,39981,4704,606007,605478
8370,5630,-22821,42036,4834,545855,585941
9778,5889,76738,98610,3593,1540641,1737620
6166,5111,401852,30870,4796,1620470,2071395
8333,5407,105802,33407,4371,1596188,1756008
8555,5574,-48583,41889,5037,1621184,1635842
8314,5204,49569,41759,5000,1561495,1674286
9221,5463,129796,54074,4259,1840804,2046136
9129,5630,404613,41815,5815,1738225,2207709
8796,5740,-21584,39759,5982,501655,542997
8500,5518,6272,65148,3944,1970013,2062729
7852,5203,107165,43666,4648,1552585,1723194
6481,5055,198650,42611,4796,1592136,1851729
9222,5704,108561,41000,4944,1591596,1763490
5092,4223,8325,51000,5000,1565332,1641565
9259,5852,99255,37388,7130,1654994,1816230
9537,5889,174666,41573,6260,1678656,1918952
9870,6648,-29070,40056,4740,1599894,1634823
6833,4778,-39806,40814,5019,1656592,1676712
7907,5056,57068,42147,7908,1563867,1686046
7611,4963,132516,40741,5907,475406,669533
9647,6593,408537,34315,4574,1654284,2120561
6833,4741,-36883,32871,4518,506472,521182
6092,4556,18066,102926,3814,461616,599404
8481,5777,106144,35297,4185,514204,676199
10759,6592,186111,39129,4389,1608675,1858285
8499,5685,12005,39611,4704,1833076,1906025
8592,5704,8768,51704,6129,1600741,1683990
9481,6204,72531,76500,3667,493465,664256
7574,5352,28109,81833,2352,1582121,1709379
9499,6685,-59922,41166,6370,1808690,1815100
5555,5074,-51159,31537,4759,1622965,1622120
9777,5908,35974,46166,5686,1550997,1657268
6907,4777,128589,43463,4685,1605549,1796415
5055,4889,-38628,39185,5203,537311,555385
9611,6500,-42994,46648,6259,573139,601664
8185,5315,6565,44389,5981,1657980,1730601
8778,5629,91662,36203,4334,1548013,1696731
9296,5833,213832,41426,6240,1650287,1929544
5852,4703,-62199,69185,4240,1873467,1897526
9166,6204,7249,40518,5481,1556076,1627435
9999,5870,64049,34611,4982,425707,547552
10111,5963,-71835,39296,5592,519833,511627
6721,4704,247075,46759,11555,2248022,2567114
8666,5444,-53771,60592,3630,517157,544070
8204,5092,88992,50981,5889,1441592,1603213
8241,5370,131662,48741,5759,1604235,1806156
6166,4463,-79037,40037,4834,1946099,1924933
9926,6463,-33163,75296,3593,1598764,1663675
5148,4703,49768,77203,3611,1560593,1703601
6258,4760,126975,40703,6334,467725,655533
5296,4333,222535,42870,5703,1595770,1878970
8944,5593,-56053,43148,4574,522846,531442
9259,6482,-17493,41148,6055,493675,541497
6185,4518,68567,66629,4018,1652961,1805063
5352,4814,165311,54389,3852,1675567,1911267
9999,5926,1021941,38407,4963,1569766,2652965
8241,5203,-16013,40074,5704,525195,570441
9610,6186,34342,36407,4074,1549574,1642546
8611,5815,152735,31777,3889,553298,758125
8944,5463,261146,90425,4037,1447918,1819896
5703,4593,-59922,42407,5685,595901,596441
8944,5686,4563,43555,5222,525952,596515
9444,6555,103604,34796,4537,1649441,1811193
7777,5130,220459,45889,6018,1627326,1915266
8111,5278,-37739,39500,5815,493476,516775
8444,5944,-27864,52907,4907,477251,524404
8629,5278,72436,45203,6296,1606684,1746675
5296,4166,188125,56555,4926,446650,707829
9962,6556,-65759,50703,4686,1830304,1838896
8277,5056,-49292,41851,5945,1635690,1650212
7167,5666,45712,40296,4445,1616611,1722731
8722,5371,164567,85129,3852,1484663,1755138
5814,4648,-67594,46352,6166,2161934,2160042
4629,4556,-56831,34148,6370,556161,551756
8703,5574,47969,45834,5740,1634965,1751193
9999,6278,99844,35185,4963,2188179,2346893
6944,4537,193144,102425,3611,1783048,2096247
7722,5074,81648,33741,4852,1573175,1708842
5370,4370,-13384,37555,4982,1612967,1654249
9962,5722,864635,34500,4426,1776405,2697632
8740,5611,165642,67018,6278,435206,690533
5259,4611,-51705,41129,5945,1935175,1942951
5055,4741,-127,43611,5593,1827745,1888970
8666,6111,33933,42037,3741,1660871,1757415
5389,4555,141085,39093,3796,1604553,1800971
9611,6593,-92836,46500,5500,1802621,1780545
5351,4370,-59331,56314,4037,581199,594274
5721,4667,8524,48037,5648,535102,609792
9888,6778,89528,39722,4944,564320,718125
4555,4796,222402,41518,6296,521242,802902
8685,5315,-14649,34259,4778,462331,502812
5778,4518,11245,43870,6074,1618172,1691638
7352,5000,63822,42444,6148,1654705,1781434
9574,6556,150178,35444,4592,585633,794199
7907,5592,-37891,44926,6019,1663158,1692156
9592,6630,-54794,41833,5870,599143,611089
5110,4667,47599,39870,6074,1497188,1603786
7203,4871,127269,79296,3963,1580406,1805156
5111,4407,-74429,38000,5481,703667,685052
8963,5814,-31888,43203,5593,1862377,1896581
7907,5463,4467,52204,4815,1639448,1716712
4888,4649,103026,101944,3722,1549112,1769397
8962,5500,208920,45833,4944,582428,859235
7999,5167,658736,48519,5499,584720,1313548
4888,4426,782870,33166,3963,519993,1351788
8833,5556,480634,88740,3796,456231,1046586
8889,5500,168677,41555,6167,1646997,1880600
8610,5630,170625,67685,4260,1876436,2135024
4907,5314,-43813,64351,3722,1602157,1639101
4148,4629,78616,86129,3185,1796429,1976099
7981,5333,153694,33277,4556,1887701,2095061
9426,5629,212143,43370,6778,416298,696107
5537,4889,-57945,58925,5871,1627954,1647953
8814,5407,13800,40222,5796,1669246,1745878
8481,5611,103748,61370,3722,1634075,1819452
7406,4852,207770,34167,4518,1800885,2062024
8315,5722,-50169,35944,5259,1767418,1775175
4907,5074,2965,95944,3666,1563174,1678527
7573,4778,76172,49537,4574,1637725,1782730
5092,4722,228880,32925,3852,1788627,2066265
9814,6204,-37764,46741,6537,1634957,1668841
8241,5166,-45425,42092,5018,574960,592627
5055,4260,44615,39055,4907,1552487,1652583
9222,5999,140471,50018,3741,1642093,1855063
10185,6537,980730,49241,5722,1607791,2662540
7481,5370,-58075,45555,5704,1880268,1888433
4982,4462,6577,33852,5851,1593766,1651509
8759,5388,608486,40407,4685,1784945,2454670
9758,6797,184695,74222,3740,459838,741403
5907,4556,-30930,30704,4667,504278,521386
9481,6352,-28814,43648,5092,532978,570849
10888,5982,82449,42555,5722,1573912,1723527
5648,4851,156601,42500,5074,1614074,1831230
9537,6537,-59598,45963,5870,505743,516553
20167,4407,-60205,79704,3870,1993156,2044636
8222,5462,47059,33852,3981,1592487,1693434
9870,5611,138377,63592,3537,612489,836143
5111,4537,594027,46907,5778,1768866,2427541
9944,6166,-41243,39055,3963,1777807,1798563
9314,5426,37871,40056,5740,512848,613959
8110,5352,92968,48055,4945,493250,655144
9629,5852,213120,34759,4777,611431,882309
7870,5296,-58634,42185,5815,564742,569978
5407,4574,8092,38537,5907,525738,590589
5592,4611,65781,39371,4759,1645579,1768323
9092,5685,157766,45704,3574,1582186,1806563
9221,5537,-35136,46537,6482,498392,533459
9666,5741,-52317,34574,5870,1932546,1938729
7351,4945,45039,34870,4555,1735377,1834933
8444,5444,125302,52815,3796,1803649,2002006
8740,5500,223157,45741,4444,1924737,2214820
5129,4759,-57355,40574,4759,544297,544163
9888,6111,27056,42870,3407,1579546,1671434
8648,5407,97874,50982,3833,1573301,1742101
7962,5148,222415,40352,4815,1634685,1918914
8518,5370,-61894,71111,3555,1934235,1963618
6388,4797,-20668,75481,4240,1598381,1671045
8240,5296,66095,45889,6593,495494,629737
7314,6167,197284,42555,5648,509879,770940
9833,6648,-64877,35444,4796,606689,601219
8907,5648,-54836,71259,3407,1566828,1604139
8481,5315,29001,68277,4223,1804321,1922026
8241,5537,156115,36722,4722,1904706,2118210
9444,6519,215878,36315,3870,1626907,1900933
9796,5815,-52523,58147,3945,1781920,1809674
5925,5278,21018,41018,4796,1612473,1692842
9222,5388,105355,35500,4259,1557635,1719897
9073,5667,211544,41074,6259,1615445,1891914
7000,4759,-61766,54000,3574,1833144,1843489
7944,5055,-17502,35833,4574,1614493,1653008
5277,4296,73798,50852,5111,424717,566515
9685,5889,164597,78074,3537,499621,763421
7851,5667,-42064,76092,4186,526838,581256
8314,5463,-57652,76573,3241,1639106,1677656
8222,5296,35926,43796,5000,527293,627904
8296,5519,153818,92444,3222,1490616,1756545
7907,5148,239414,33315,5315,446988,740477
7352,5148,-43025,31334,4425,511263,518793
9240,5704,27924,45407,5945,1571492,1667564
5870,4351,97725,78833,3574,1630561,1822970
9092,7148,177598,44389,5852,1584854,1831026
4814,4537,-25674,40389,4722,468949,499904
9870,6555,-33948,34352,3463,543352,565811
5111,4611,110723,41351,4908,1529286,1699064
6499,4722,168875,93796,3629,474881,754940
4314,3778,90194,43018,5667,2118219,2267838
8222,5463,-56801,38592,4371,563113,565256
5148,4111,44295,49370,5518,463239,573811
10111,5907,576204,68741,4204,1811059,2478800
5407,4482,290765,34741,4074,541526,883217
8555,5370,-60988,47574,5426,1652237,1660582
9129,5648,2368,104888,3648,1505772,1633527
7407,4703,118409,84388,3704,1454082,1674804
9500,5963,-62828,42500,6482,526676,530405
7851,5315,-12953,39740,5611,525210,573626
4926,5166,-26282,44296,6241,538909,576126
9647,6167,81999,44963,3963,1524769,1675082
8093,5444,160077,36722,4685,543900,761051
11110,6297,-62233,40278,4833,527211,530089
7389,4481,-23487,38203,4908,521392,555219
10166,5518,26943,70129,6222,1578622,1699675
5629,4315,127631,32852,5741,508679,687422
4666,4537,214320,58000,6352,574823,865328
8963,5388,-57304,52167,4852,524004,540367
9815,6425,8941,42222,3889,1566365,1639805
9185,5889,98092,109240,3686,1549008,1777675
7277,4889,181911,37352,4833,1575431,1815304
9018,6333,-63139,76611,4074,1739851,1775489
9814,5352,-27080,44908,5074,1565811,1606620
6666,4686,108535,92425,3741,406443,624959
6926,4666,172169,44518,5667,1614172,1850452
8759,5296,-72771,42260,6388,1907667,1899618
9685,6148,-60174,43333,4556,581930,587534
8962,5574,33404,59093,4074,1601474,1715563
7277,4759,147223,48907,5796,1567156,1783563
9166,5833,211023,40222,4537,1616948,1889766
5906,5315,-11675,39944,4926,1628925,1675638
9426,6203,-2782,31500,4648,1678791,1729860
6722,4796,98814,39500,5611,1662731,1820674
7204,5203,231280,39482,5963,572215,864106
7425,4778,-26307,44907,6371,509915,549552
9574,6018,-9284,50611,5629,530930,596293
7944,5537,66534,40278,5704,406166,534830
9666,6093,155334,32574,4741,1682284,1892711
5926,4352,624651,84907,4019,1680279,2406560
8073,5223,-59064,44889,5148,671041,677903
5111,4333,62959,34352,4574,1640938,1754360
9536,6519,147666,36703,4815,1586546,1795026
9037,5481,216503,65611,4278,1822873,2126561
5444,4334,-67584,39759,3111,562840,549867
8740,5463,21235,43889,6148,1540830,1629157
5499,4537,96072,60741,4111,1488955,1662045
9111,6037,234187,33018,4000,539549,827514
8870,6241,-58215,54870,6037,1727853,1748138
9852,6574,-4582,39833,6074,1594054,1654398
7852,5000,68885,31203,4093,1576568,1695601
9611,6111,148963,43055,6426,1647101,1863341
8869,5537,-68642,79203,4055,499770,531441
8537,5314,-60361,42463,4222,1651815,1655583
8869,5612,31050,36500,3851,1610533,1698786
5796,4871,162294,68537,4185,1523788,1771786
5703,4945,-84145,37963,6278,1918189,1891118
8963,5703,56600,39778,5778,1693445,1812249
10073,6760,-285,44611,5778,1625830,1695230
5389,4759,89886,34148,4389,1628548,1769471
10092,6185,215001,46148,6203,1816377,2102543
7795,5223,186356,59278,4129,2186889,2452559
8166,5426,-22120,41222,6019,583913,624793
10148,6278,53754,40944,4649,1552735,1671287
5333,4537,176184,45500,6222,1634749,1874896
9092,5445,428631,47148,4852,627862,1125549
9037,5740,-62473,39482,5018,576266,575848
10018,6074,38272,59796,5129,1683663,1805156
7907,5592,119498,42833,5018,1529826,1712749
9648,6741,375352,44037,6000,1733375,2177154
10111,6944,-63493,55018,4815,1817242,1833341
6482,4518,-175,51185,6297,1911070,1981896
8389,5555,114811,42629,6167,1533457,1713805
7240,4593,234481,48833,4778,1680359,1983766
7221,5037,-64939,33203,4871,1818744,1806822
7537,5130,-5232,50648,6000,455618,521979
8241,5222,64698,41037,5944,493428,621367
9295,6148,156498,88963,3926,435795,703032
9610,6963,-62422,35981,4204,1745727,1742637
7093,4611,-56752,37092,3982,565674,564164
8944,5722,28418,50741,4407,1851459,1952284
5333,4352,142385,32574,4056,1600512,1791693
4870,4463,-69239,40962,4926,1882543,1871007
8222,5574,-60791,45445,5796,573139,579960
4889,4722,2287,42000,6092,538784,602089
10185,6611,156976,35555,4593,1572828,1788915
8703,7148,177387,56111,4463,1571806,1827674
9629,6111,-66718,41944,5703,1612950,1612305
5777,4593,-30270,43685,5092,502545,533867
4926,4518,93475,46314,6315,1563608,1721249
7925,4926,85090,38629,4778,505314,648607
10055,6592,-68035,41593,6444,1717284,1716230
9129,6259,-63382,50629,6130,1803094,1814619
7518,5389,37918,36481,4852,547560,642256
8888,6481,117977,73370,4297,1589049,1802674
8684,5408,-90815,41852,6444,1877545,1851470
4518,4686,-74070,38611,5574,543696,525590
7370,4592,342,43129,6593,577803,642348
4796,4093,117623,76166,4204,1592163,1801064
10277,5833,201146,34555,4649,1668528,1927414
8574,6481,-68349,34667,4630,1699339,1688361
8925,5297,-25142,83889,3796,521805,600941
8926,6037,81473,61537,4574,478968,643774
8056,5314,151700,44000,5129,1679382,1896082
5814,4556,-52981,42537,6000,652551,660922
5629,4463,-56995,45815,5907,570973,578441
5148,4851,30750,65722,4056,1586814,1700138
9444,5685,113846,43167,6055,504298,685292
4778,4833,-82963,39703,5611,1783120,1757101
8648,5556,-57719,48166,4593,554938,566701
5258,4574,4415,46593,6481,517138,586941
9703,6593,522380,39536,5667,1694607,2281227
9240,6223,176996,36463,5148,1607011,1843822
8315,5333,-44443,42148,6389,581199,601200
10277,6926,-27827,42740,5982,1623225,1664138
7648,4981,80880,45167,4926,451413,597386
9666,6074,176217,43666,6352,1567884,1812378
5610,4574,-59759,41444,4926,1658676,1658138
9111,5444,-50070,40870,4649,640992,653292
5315,4611,34693,54037,6129,1664445,1771193
9592,5797,115548,42834,5870,519947,701718
8888,6259,226145,47593,5852,1587251,1884044
8574,5463,-60905,70388,4315,514384,544756
5481,4944,-327,36297,4814,561583,615200
8184,5741,111418,39740,4796,1545240,1717749
10129,5463,566642,42537,6759,1870158,2503985
8870,5666,-69610,40667,5666,1784471,1778267
8593,5351,-23458,45056,5722,1596819,1640509
9370,6388,77824,34814,4871,1614555,1750656
7962,5019,76309,35907,3629,1801402,1932544
8999,5945,-60242,45555,4667,504702,511626
22629,4463,-64608,44722,5426,499902,515016
5814,4537,59396,40148,6166,1595021,1713712
4740,4278,123474,35648,4759,525559,701218
12370,5889,194033,72833,4148,413778,705459
7592,5500,-26628,41333,6130,1613008,1649768
8000,5333,1672,97555,4000,504529,623312
7759,5704,99435,49259,4722,1551685,1721027
4741,4814,204069,40759,6167,1841919,2104506
4814,4537,-72241,50296,4963,1781398,1776656
6352,4499,-24977,40129,5963,491364,525515
4981,4908,74896,41648,4667,1496020,1629491
9518,5907,923008,37296,5130,1688014,2670873
8203,5167,-67446,40314,6185,599351,593811
7963,5778,-44887,72407,4296,615291,663756
5074,4204,35117,41796,4666,530528,624071
8647,5408,118824,38704,4944,1682017,1861989
6722,4574,261569,39073,5075,1876714,2196098
9704,5425,-67406,39481,4574,522386,516738
9129,6482,-477,64425,3667,1638375,1724120
9000,5389,93934,37389,4574,1577296,1729546
9611,6537,209308,42388,5556,1561737,1837989
4833,4740,-67927,72815,3944,1696973,1717804
7147,4852,-21516,32222,4760,510161,539644
7851,5278,83988,86962,3259,487509,676866
10815,5796,168455,33925,4630,1611609,1837323
9222,6093,-59300,46185,5722,672944,682737
7073,4463,-57721,41037,5148,1659767,1663193
6685,4759,417003,40926,3722,1588522,2064173
7963,4796,139620,87370,3740,1559537,1805619
9259,5704,-66246,37852,4352,1688143,1681305
6352,4074,-63667,60870,6203,554683,570960
4462,4019,3096,36037,4592,1645135,1699397
9166,5445,309506,57870,6518,1838463,2229005
7795,5408,191251,43908,5888,491782,748699
9092,5815,-66373,43148,4945,1871658,1870322
5611,4574,-27850,45203,5167,540958,576330
9611,6092,54506,58074,5870,1604632,1742341
8833,5685,167157,48889,5519,589375,827903
9703,6463,-72986,43537,5926,610816,605441
5925,4482,10259,39889,5759,1538769,1607953
8277,5333,27523,45500,6185,467659,562811
8703,5648,145785,49352,5722,1625926,1843692
8500,5889,215289,38000,4740,1580978,1855767
9630,6574,-39039,44018,5241,1707695,1736101
8296,5166,-1497,45092,6463,1845801,1912285
8685,5592,81562,44518,5556,1568947,1717693
7796,4389,189380,35093,4741,550837,794644
9185,5852,-21133,35314,4630,476223,512071
10036,6704,-40054,45314,5130,1645433,1675175
8166,5092,57857,45037,5444,1659781,1783544
9574,5815,153157,69444,3870,1578148,1821971
6240,4537,-71208,42259,5556,1711791,1701916
5055,4704,-50223,39871,4500,579664,586034
9815,6537,51632,43963,5630,1597764,1718249
4981,4685,127914,46000,5000,582266,773236
9685,6278,247492,35370,4926,1533775,1840248
8351,5334,-73391,40685,4907,1663641,1652083
9815,5981,-6720,55166,3648,1582933,1654250
5314,4481,95136,62574,3074,1551910,1724508
9352,5722,194843,59462,3408,1648090,1922841
9685,6481,-46318,34685,4815,509000,520793
5648,4370,-13277,35296,4907,1616472,1655731
9184,5760,73485,76833,3593,1583430,1754804
8869,5723,217119,45444,6352,484784,770365
8851,5963,233234,43963,5981,1774458,2074450
5778,4296,-56538,44611,5370,573054,579460
6870,4889,65002,31093,4315,1898726,2013525
9647,6537,131118,89722,4963,1516279,1760915
5166,4130,-88747,29092,4241,1731200,1687434
6999,4722,-18354,33259,4500,1803585,1838100
8296,5296,27372,45814,6482,1627285,1722767
8185,5166,86487,44259,6278,1545596,1698064
5889,5092,212250,43704,5740,521191,795977
9407,6611,-63708,46352,5815,516242,523237
53703,4352,-71611,39630,4592,1833137,1865748
10203,6444,49208,57000,4907,414697,544737
9315,5481,530339,41408,5870,560136,1155864
4722,4389,-56802,40796,5593,1797828,1798582
7036,4963,-59464,42815,5074,634498,638663
5925,4537,211317,65444,4333,503920,798106
9444,5518,118673,45185,3537,1623354,1808470
4815,4537,-87526,40648,5982,563633,534738
9833,6667,-18948,38907,5778,489593,534682
10555,6315,-573,42129,6408,1665877,1733045
8500,5481,79153,51778,4778,1666355,1818101
8574,5129,183490,40500,5445,1607091,1852322
9740,6815,-61060,42759,6555,529206,536700
7833,5037,-33834,43111,5000,1671028,1700768
8518,5018,97985,68092,4037,1588339,1775507
9222,5796,175711,36111,4926,551970,786162
5759,4852,1032100,32426,4796,545631,1628009
9333,6092,-43983,49778,5796,1638770,1667860
5370,4667,-55461,32185,3834,601975,594626
9296,6203,111006,44796,5815,488083,667144
7518,5389,608748,50408,4814,1623794,2302949
8610,5241,-67911,45926,5759,511982,511645
9759,5444,-10721,41296,6111,1688082,1742508
5777,5093,89060,41370,4667,456881,604959
10036,6204,183823,39722,4611,1540519,1788174
9666,6426,-67357,45852,5629,1771587,1774341
8278,5222,-38538,33148,4463,1653028,1668083
8556,5574,49169,44148,6574,1634080,1750490
5630,4425,156063,76055,4370,1672390,1921156
5129,4870,-62599,45611,5648,1743997,1745452
6519,4574,-66503,45315,5204,1678974,1676805
7907,4759,20483,43019,5648,1601563,1685768
9648,6278,56117,38481,3982,524194,640737
9370,7445,-100860,43278,4888,545728,512497
7889,4963,-73115,34277,4037,582057,562515
5981,4945,296,43222,5982,1625897,1689675
8000,5351,88023,40592,6111,1606931,1757397
9703,7704,173341,66666,4315,581543,845402
9184,6334,-38617,51426,5481,483040,519460
8166,5334,-37242,61018,3963,1777787,1821656
5889,4240,511168,45814,6222,477623,1053216
9092,5426,167302,38241,6796,1599169,1828619
5333,4462,13271,41407,5759,454301,526663
9907,6741,-64429,41278,4796,622518,622737
5870,4537,26797,44926,5130,484829,574256
10037,6444,131042,51648,5093,1568244,1775027
7796,4926,-96638,34759,4759,1654777,1613120
5073,4149,-16134,79518,4537,1606772,1686471
4666,4741,-1260,43037,6000,551960,611200
10055,5833,118671,85962,3482,395586,622237
8925,5649,205470,45648,4944,1632685,1905433
7870,5166,-70616,32907,4352,569706,552404
8555,5907,-15557,50833,6037,1602566,1661267
5426,4907,69595,41592,5834,445846,575738
8425,5686,157024,56759,6926,1636780,1873915
9481,6185,447120,43778,5556,2013828,2528633
5018,4037,-62484,40759,4833,579185,573941
9870,6351,71149,91537,4314,1514879,1700675
6759,5019,113893,33111,4463,1641577,1807360
6185,4388,231546,46592,5852,504265,801569
8407,5315,-56523,51647,4649,567168,583682
5055,4852,3814,43518,5074,587534,652126
8740,5556,87540,42166,5593,1555783,1707878
5963,4833,170970,36315,4574,542322,767514
9610,6797,-72192,37482,5222,551022,540682
8740,6519,-32410,40204,4426,522314,552608
6814,4389,57094,68796,4148,1535674,1680508
4406,5093,151635,36611,5000,584342,789069
9425,6278,-61823,45667,6000,571338,578885
7944,5426,-65411,78518,4074,1669346,1702508
9351,5630,22648,60148,6278,457793,564163
7907,5222,151745,40759,5907,1603393,1817026
10018,5371,192415,39352,4703,1566000,1820063
9870,6166,-65671,34963,4000,522354,514349
6648,4889,-10223,33240,4408,1640120,1681712
6092,4741,86058,35371,5166,1581673,1721268
8388,5500,171711,45111,5148,1618112,1857119
9277,5630,-45988,70629,4315,1595571,1642268
5370,4426,-36855,48426,5000,1856362,1886248
4092,4667,63871,44870,6371,1593637,1720064
4703,4463,160968,41907,5908,1573466,1793489
8796,5426,-67286,41833,4722,1942534,1938525
8074,5222,-54004,38444,4407,524187,529034
5037,4333,34074,75000,3425,514164,638385
9796,6630,117003,54408,4407,472011,666070
8703,5241,198322,48611,5852,1563649,1832897
5704,4611,-49265,79629,3722,473726,520720
5630,5074,-1687,43555,5797,501294,561997
9685,6074,87891,42407,6018,1613951,1769637
9592,5444,168395,79833,3241,512805,781458
8722,5518,-66414,41444,5944,1817756,1815415
9906,6186,-38281,48574,5703,1919955,1954803
7167,4870,61408,44759,5389,1602878,1729453
8796,5407,165894,46148,5759,546584,781088
7758,5593,-72212,40518,5556,1792665,1781970
5666,4870,96365,35334,4351,1541236,1690397
5018,4426,570256,39407,5741,466886,1094123
9481,5611,105133,50259,6574,528364,708366
7703,4982,-100695,40092,5630,1718648,1678972
8074,5370,-65728,68444,4278,502411,525608
5203,4259,-872,46815,4759,1630862,1693490
9147,5556,100483,91148,4259,1490507,1703526
5870,5204,105951,36240,4667,2171054,2331116
9759,5593,-30749,42352,6574,492968,529275
5888,4908,-29392,57666,3963,716758,761495
9129,6111,64186,70240,3296,1610786,1766100
5814,4519,172263,45555,5741,1873298,2109876
8166,5407,-67435,40556,4759,502117,496349
9425,5407,-65152,46666,5815,1702143,1706897
5370,4185,22555,87777,3648,1548270,1673916
9074,5778,137002,32871,4166,1550784,1742212
8981,6074,633690,34759,4926,1635778,2326745
7333,4981,-20692,45093,6500,490800,536756
11851,6592,-4743,43037,5926,525999,591163
8740,5592,80131,82389,3389,435069,617459
9666,6352,162838,35593,5185,1591577,1813230
5870,4593,-69212,81963,3389,654041,682533
9147,5685,-32744,32037,4629,570890,592144
8573,5222,52278,37463,4426,1666545,1777063
8778,5370,146356,70388,4204,1558393,1795656
8370,5611,-75788,41500,5352,496692,484386
10795,6371,-61839,43222,5185,519706,525478
7518,5278,26906,47426,3333,1657547,1750842
7148,5240,123595,48685,4778,1559302,1750915
9685,6463,202654,45630,5888,1585854,1858193
9222,6537,-68378,65537,5741,526411,547737
5703,5315,379292,35444,4593,1837769,2270598
9592,6444,75742,38222,3963,1678989,1815433
6481,4463,196301,37351,4593,1612262,1864248
9037,5537,160861,50222,5629,1571962,1806730
9130,5814,-43615,41426,4463,607075,626386
9221,6945,84369,32204,5167,568663,709403
7351,5241,142985,81388,3426,1595042,1837748
8481,6648,-65658,35629,4704,1753537,1745341
7092,4870,-61802,46148,5907,1906125,1911007
8536,5500,26276,38889,4815,506332,592404
7777,5278,146724,42851,4630,1515525,1724804
5166,4648,-67549,42889,6000,1647872,1641379
10018,6648,-65822,40722,5963,523523,524163
6333,4833,-9485,35537,4463,1645401,1690842
5629,4796,125612,50666,5889,1597082,1791822
5073,4852,177023,45555,5130,1636503,1876118
9685,6685,-70564,74203,4352,496821,523682
7647,5463,-34838,54667,5444,1648310,1688749
5315,4185,492219,42556,5685,1660638,2212932
9536,6519,143892,43240,4704,1822596,2032266
7518,5500,-67863,36074,5074,530286,519071
5092,4630,-62951,90204,5444,1595349,1640194
9870,6148,24497,35278,5241,498221,581663
7815,5259,103464,76574,3463,1668266,1868045
8352,5425,-97196,40703,5759,1760483,1726212
4852,4389,-70286,43852,6092,1931441,1922933
8851,5408,12403,47370,4963,1649716,1731064
8166,5167,76407,42815,4981,542607,682144
9462,6167,207689,46555,6130,1771614,2050006
6574,4741,-64639,72351,5945,480673,507719
9166,5667,-43801,39185,5296,561724,579200
6148,4815,46869,40981,5444,476739,583404
9907,5871,139132,85203,3741,435938,681959
6314,4445,-66511,43500,5555,1769501,1764971
9907,6240,-61839,52259,3629,588855,602385
8944,5889,56979,52240,6167,1637215,1769416
6389,4629,121224,43185,6018,1558582,1742120
7074,5055,-83568,36148,4797,1957297,1928877
9592,6092,-66878,62351,5908,1978922,1998043
6722,4889,-12301,32037,4685,711630,749440
5777,4667,87647,38759,4593,1576768,1721063
5241,4314,192282,51277,5019,1587837,1848582
5129,4445,-23084,43203,6315,1841499,1879674
8999,5556,-45339,42444,6056,562410,582996
4758,4371,81905,64907,4056,1581066,1744693
4406,4500,138928,33778,4815,502531,691014
9703,6204,-13604,36222,5093,1761297,1806989
8759,5259,-42970,39555,4334,1588590,1605916
9000,5592,46997,34111,4722,1607160,1710268
7889,5240,133186,46055,6019,1916728,2117210
5185,4333,198727,47981,4093,1651058,1913766
4870,4296,-28453,42463,6278,1776109,1808248
9907,5907,17385,43333,5796,1533644,1618990
6666,4630,85962,43055,6167,516960,665811
8018,5296,379169,37907,5778,1612801,2052265
9759,6611,62248,41333,5852,1642630,1771026
5462,4556,-37525,53408,4314,1631478,1664064
9259,5870,851198,33852,4685,1547677,2455115
8259,5314,163780,31888,4463,1618858,1835026
5240,4389,-63086,32982,3796,1729798,1715231
10704,7148,-34341,45333,5889,486005,523368
8944,5907,66978,46166,4889,444131,579552
10573,5815,105130,47018,5167,1554823,1730860
6111,4222,-94180,37852,5056,1711836,1673361
9407,6574,-73101,46888,5815,527284,525571
4907,4333,180,83518,3797,508816,608922
9388,6518,74499,43685,5278,1625898,1767378
9111,5352,162632,76704,3425,1606932,1866637
6741,5185,-21529,32944,4500,527804,558293
7611,5204,-36340,41648,5796,1934866,1961433
8777,5463,55923,36222,4556,1582511,1696175
9500,5481,178483,55870,6130,1851208,2109080
8981,6074,41691,40259,5519,1774650,1879859
4944,4408,-67675,39963,4407,1671480,1659620
9055,5686,65421,45722,6352,1797789,1932693
7925,5371,136444,40425,5908,1567212,1766471
6963,5463,965055,47834,5944,458880,1492158
9518,6185,-27695,45926,5611,491822,533700
5259,4370,-11172,46870,5704,1548737,1601990
4278,4296,110294,39574,5889,513109,679459
9759,6611,175872,42759,5019,1601320,1844118
4629,4723,-44011,62814,4111,545138,580201
4962,4149,-25341,34426,3315,564800,588811
9481,6019,69330,93240,3944,1521772,1706156
9111,5777,142168,31314,4334,522791,717773
4573,4611,-63383,42352,5796,648824,645700
8315,5426,-64453,44759,6296,513932,516534
5351,4556,15847,47593,4444,1590754,1671434
8926,5240,112389,39037,4351,547849,720644
4907,4518,228096,43278,6185,1527264,1817007
8500,5407,-66769,46685,5759,507397,509553
9407,6797,22734,50222,5982,529799,627719
9111,5703,79406,89147,4278,1491678,1682175
5092,4167,-38016,32666,4593,1619951,1630990
8388,5593,-70548,40518,4370,1744835,1735527
9518,6166,-48155,40537,4278,539337,554200
9666,5186,46700,83314,4259,1722327,1874841
9833,6463,141130,39444,4612,564162,768681
8073,5037,-45013,40204,4685,564362,579904
6203,4796,-72083,48500,4796,558395,553459
8851,5371,14698,82056,3814,508632,625941
9148,6055,129944,35055,4593,1600287,1787971
8721,6112,-83293,45444,6278,543938,529608
9778,6518,-67232,40240,5907,1783223,1780508
8592,5297,-9266,47074,3815,1593589,1652138
4833,4463,79479,40685,4685,1858380,1994600
4315,4648,361389,51630,3166,1961338,2389005
4296,4278,-73790,66314,4260,1767075,1775674
10221,6260,506045,43833,5759,1556276,2131042
8684,5500,46959,41389,5222,1581328,1691452
8722,5333,142315,39074,4833,1825896,2028580
9240,5834,-76606,43314,6500,503159,493405
6074,4500,-69361,42833,6130,1627036,1620139
8610,5463,18069,40537,4685,1642033,1721915
5610,4389,136536,39777,5815,1639065,1833489
4407,4334,200632,39870,4722,549252,805273
9963,7148,-67604,33093,4444,1792908,1782545
4777,4704,-14914,42018,6500,1580405,1626139
6074,4796,105404,34926,5259,1605660,1764545
4555,4278,179112,33870,4889,1672229,1901007
9018,5814,-76641,52648,4796,1755946,1754230
4296,4926,112769,43925,5000,514598,687922
9499,5648,38422,41500,5111,1534550,1637046
9592,6500,160314,35556,5074,1648471,1867507
9555,6685,-67069,35185,5426,1735707,1727897
5370,4703,-66898,78000,4055,1696629,1724564
7667,5129,26605,41834,6574,1712699,1802545
9055,5852,135313,40740,6612,1604324,1805545
8370,5389,263890,43815,5611,524475,854013
4999,4833,-71251,37610,5130,545693,529756
9426,6037,-7767,37148,5723,1647627,1700657
8777,5852,102237,41648,5722,1541883,1708508
9944,6092,167241,100574,4148,1521637,1811767
5666,4185,273949,34481,4296,1694725,2019321
8870,5889,-40916,72500,3259,1613629,1665287
9925,5760,66013,42241,5796,1784883,1916951
9018,6630,143647,45907,6278,1894341,2107858
9759,6148,102318,34667,5111,1762318,1923063
7574,5037,929596,32537,4630,1780905,2762724
7037,5111,300048,34241,4740,1978402,2331598
5018,4722,-74835,43685,5426,1892805,1879377
5999,4574,75873,67462,4186,1996763,2157542
9370,5833,-31623,40500,5926,3636879,3669737
4796,5129,61012,52240,4574,1987791,2117672
7685,5648,94959,40037,6277,1823530,1980155
9814,6593,-80110,35389,4740,637662,616681
9277,5370,-78864,58518,6407,1869799,1872989
9537,6685,-22491,35167,4796,1933942,1970396
8092,5352,484752,43685,5019,1979214,2528763
6018,5352,80055,44222,6111,1813156,1957285
9610,6130,219873,36111,4759,2657869,2936519
7741,5500,329543,34685,4444,1759759,2144062
8166,5592,-76469,44963,18407,575281,578459
7555,5259,102108,64574,4111,3153168,3339776
7740,5797,-98775,48981,6000,580809,553386
9703,6555,-64271,41352,3759,558953,558700
9370,6537,2418,44685,6018,1544184,1615638
7759,5148,81921,40630,4870,1582198,1725064
5296,4796,195684,37111,5093,559126,809180
8648,5815,-50996,39426,4963,549455,559775
5407,4611,737505,34704,4593,1597110,2386652
8907,5445,37531,46037,6111,1615588,1722434
7518,4759,160609,34333,4685,1488937,1703434
8462,5408,106465,50333,5148,1764690,1943062
8721,5630,-66585,51222,3870,1645446,1651156
5555,4371,14326,36981,4593,1689052,1757230
4925,4297,128533,38963,4722,1587623,1771415
9296,6426,-101035,33333,4444,530977,486127
5500,4481,-45568,40519,5500,590064,602626
9370,6111,381527,46111,4759,1689239,2139488
10092,6630,451382,43259,5334,1659827,2178987
7778,5259,581867,35315,4778,1650026,2287376
8704,6148,-68922,33759,4630,1839874,1827008
5518,4871,783430,33315,4408,1924478,2758873
4685,4703,430900,46592,5908,614686,1109808
8999,5593,521329,35259,5630,1737157,2316004
9741,6592,127780,45389,5666,554605,752348
8036,5222,-64307,48370,6870,529324,535570
4777,4241,14863,51944,4852,1589368,1672823
4167,4629,301274,39629,5833,1609456,1968063
10129,6704,955867,45259,4889,539383,1565009
4463,4666,739799,35203,4852,548509,1340011
9759,6185,366860,94722,4129,1848016,2332060
8684,5500,846196,45407,6037,486870,1401399
49888,4537,899866,43000,6722,1637471,2643632
5295,4834,129522,35722,5092,1714764,1897636
8555,5389,-38861,42166,4778,555118,579849
9573,6259,46106,38851,5222,482633,591403
9425,6278,136461,73407,3463,1610417,1842063
7500,5111,-69367,43722,5815,601123,596589
9703,6037,-71122,43648,5185,1583187,1580120
8129,5241,7826,33167,4907,1612738,1674323
10573,5685,102442,41814,6463,1579271,1748360
6184,4611,213353,42722,5352,1941282,2216227
7369,4760,-48902,47185,6315,559139,578348
7851,5074,366194,42314,6074,582579,1012142
9796,6667,65810,42648,5870,1580643,1714231
5278,4277,196222,62703,3759,1585046,1859489
8814,5611,-28218,40352,5537,587974,621829
8499,5722,-21139,36055,4463,482489,518497
9204,5963,39364,44944,6000,530262,639015
7240,4870,137387,44963,4685,1621769,1823563
8815,5370,-74811,46666,5611,1733320,1727731
8444,5129,-69381,35963,4889,1855481,1843322
8667,5444,-73377,66370,4093,518041,531534
8258,5630,482273,72055,3982,1798768,2373319
5574,4796,229668,40240,6648,1700284,1989414
5795,4741,-53549,41314,6259,612084,619088
5203,4685,-16805,94000,3926,507524,600626
4074,4963,122532,43611,5834,1584864,1768508
8888,5593,187981,43073,5871,1672952,1927951
5055,4334,-78347,72833,5833,1760966,1774082
10240,6889,-51084,63315,3611,1680870,1716564
5592,5093,817806,43518,6629,1614402,2495282
8481,5204,132498,42889,5870,541961,738996
9574,6629,421798,44166,5519,1710819,2201024
5666,4963,-66677,52518,5426,1709204,1713564
4462,4593,11493,67074,4000,1633886,1727823
9611,5870,578421,49648,4722,623683,1274104
8537,4981,197501,38870,5223,1580155,1837267
9870,6556,-73976,40463,5796,1602855,1594176
5185,4889,-13342,44315,6315,1582091,1633120
9221,6278,72514,37019,4833,1630420,1762415
4944,4537,186870,46092,4630,1559490,1808934
9536,6482,-74773,47000,5796,1863318,1859470
7592,5555,-27972,39407,4056,1660055,1691008
9667,6129,40624,59370,6037,1611440,1735472
5778,4777,152480,43426,5852,606089,820569
8537,5500,-75645,36481,4852,1815042,1796897
9333,6518,-72862,46722,5648,1799759,1797730
5722,4574,15974,54334,4796,451911,539608
9629,5926,99219,41926,4481,1941787,2105024
9129,6111,182371,42297,5018,1692858,1939859
10259,6851,-73012,75926,4037,543361,570274
5129,4722,-14008,39870,5278,549320,593237
5851,4741,76292,50074,5259,1636716,1781730
9074,5574,-81018,38907,5037,1817156,1797341
6129,4408,97152,42759,6519,1533949,1693583
5074,4203,-46750,45352,5944,558988,575200
8092,5223,71587,35888,4575,1617162,1744879
7481,5130,145332,50073,5667,562757,778162
5296,4407,-72570,40537,4870,547364,532479
9037,5981,-74825,41129,4463,1818833,1806878
10221,6537,9660,50445,5722,1627311,1712526
6185,4648,110312,38166,4463,1583697,1749545
5870,4555,217316,35833,4723,1682469,1952822
9184,6389,-61549,73111,5593,508879,544071
9000,5518,-22045,43667,6222,1997885,2042747
10018,6223,578142,84166,3870,1780418,2465819
6555,4926,163592,31518,4871,1855914,2069654
5129,4296,-72958,40852,6074,1820540,1806156
9444,6222,-55898,57851,3593,1652796,1676286
10055,6444,574826,45055,6130,1684512,2329115
4944,4612,154239,41111,5722,671552,884903
9092,5760,-75293,41259,6352,1986577,1976433
5574,4982,-68122,38630,4962,1705705,1693953
8277,5519,27641,42630,6148,1593682,1686193
4907,4815,95720,87758,3667,1560752,1759767
9758,7723,647184,39963,5666,533142,1245418
5722,4500,-77900,43351,6593,1802390,1786638
5444,4370,-13767,44074,4482,556689,603941
8333,5352,83070,125592,3630,1494975,1723620
5259,4852,189462,32074,4223,546051,784403
8129,5444,-82605,43296,6277,580548,563219
11185,6685,-59120,39481,5148,1653444,1659564
5462,4445,39846,104870,3556,1564828,1725286
8592,5592,190647,32574,4463,1824526,2068543
8907,5963,349761,45815,6426,554381,973254
9703,6186,-70325,71758,6204,511804,537330
9481,6019,36308,39334,5944,435911,535775
5647,4630,103775,45556,4481,1565715,1732674
8037,5518,181705,41685,6074,1688191,1933674
9666,6574,-76511,35629,5204,549527,532664
6352,4592,12048,46852,6185,1620201,1699583
8592,5704,98274,39500,5500,485370,645033
8148,5648,223445,39518,5815,512255,797181
9870,6481,-78087,32537,5296,589529,568237
8000,5148,-58639,44982,5129,606617,614163
6888,4870,811085,34611,4814,450612,1315603
9666,6203,126722,44222,6444,493053,688588
7870,5592,-96958,40981,5815,1655523,1621546
4889,4629,1080467,37666,5241,1616054,2751280
23962,4593,468788,37315,6185,1668958,2212431
8685,5537,111146,45166,5889,474239,652978
9778,6037,706240,49148,4203,622197,1400140
8684,5408,-73215,42073,6260,1776297,1768859
6074,4611,-21304,36092,4056,1676923,1708879
9388,5815,73200,48037,5944,2185916,2331023
8833,5760,151426,108888,3741,1566341,1847082
7018,4778,-67643,33445,4129,1750651,1734545
8481,5351,-42416,71222,3222,1632148,1680304
5129,4111,43273,30852,4500,562779,652626
7573,5278,123425,46018,4908,504923,694144
9777,6574,-64551,44278,5944,1596709,1601472
7666,4852,-81584,48648,4482,1635871,1622454
9907,6667,4216,43944,4871,1912475,1984062
6167,4666,119443,46073,5037,1532196,1715953
9092,6018,184706,78222,3240,1507136,1791156
6944,4426,-77771,42000,4796,1831649,1814471
7369,4871,-11026,69870,4445,1599571,1677601
7074,5185,78830,43037,4814,1607568,1748897
9481,5982,149056,81666,3741,426255,678367
5610,4445,-81142,74684,4352,533343,543422
23962,4704,-65656,44685,6185,1569518,1585731
5981,4519,41810,39574,4667,537334,635941
9499,5926,150388,38778,4870,521867,733829
8629,5408,-68959,36426,4296,1764300,1753564
7055,5482,-76732,47814,4667,1626445,1616768
9536,5556,423029,48778,4852,1612754,2107024
8073,5704,98220,55648,4537,1629992,1804211
9759,5796,614833,66278,4148,1842078,2545596
7129,5278,-57771,75444,3352,1848297,1884100
8481,5537,-21229,43018,4945,588336,631200
9648,6611,56404,36129,5778,1616215,1733749
6814,4723,555665,34833,4760,555031,1163789
8092,5166,-71753,44796,5723,1685873,1681156
9037,6037,-58620,41334,5981,1617980,1623787
7166,4834,49606,41148,5852,1551513,1662750
5258,4834,123481,41370,5741,1702193,1885785
5666,4852,801649,37388,5111,1596004,2453189
8444,5260,-48306,36055,4463,1616537,1625231
9759,5870,1828,49185,4796,1654366,1728453
5259,4111,130183,41370,5371,1633621,1822156
9721,5352,580297,38889,4944,554141,1196048
9759,6537,-81733,46222,5592,540119,529182
6721,4723,-24878,40389,4019,513244,546533
7870,5371,244459,43222,3796,1811325,2118265
4907,4407,154612,70574,3611,523050,763847
4315,4407,-74716,42092,6352,582046,566645
9759,6593,-44416,43315,6074,1672387,1696416
8110,5278,37755,55148,3833,1590569,1702989
5314,4796,137111,41148,6111,491163,687588
9036,6056,-84106,36574,4740,1751337,1726453
4981,4630,-71380,34018,4593,552303,531849
4481,4685,18606,42222,6629,1659663,1739045
9184,5723,135905,37704,5926,1547547,1745341
9407,6370,190595,35426,4982,1648634,1897952
6593,4796,-71733,41111,4926,521693,509534
5889,4388,-22377,46945,5851,1565998,1608787
9518,5667,63571,41741,5963,1551659,1680064
8462,5186,209223,55759,4537,1793801,2079932
8537,5500,113746,33741,4148,2045870,2214302
5777,4704,-46304,46370,5981,1686628,1705508
9295,5630,318384,35925,4519,2025399,2401300
8740,5555,694238,32278,4204,2259207,3007167
8258,5537,-93624,40833,5833,549492,518811
8703,5519,-46861,49462,5612,582487,607682
5610,4445,8254,74277,4148,396373,495571
9277,5926,89814,38147,5815,510998,662033
4888,5148,216651,38907,5722,489179,762902
6556,4629,-67159,44500,5408,517137,513016
9888,5593,-20600,60370,3741,437578,498589
7055,4759,71886,44018,5260,1650677,1785693
9407,5963,204464,34944,4389,1897634,2158913
9167,6481,-74234,77999,4093,1766705,1792230
7333,4741,-52619,43814,5241,1602813,1613805
8907,5574,44367,52722,4352,1536772,1656120
9240,5852,130481,37259,4111,1638342,1827618
9758,6186,-60607,46574,5889,615807,625866
8240,5222,-56194,39685,5833,1671944,1677138
7203,5000,9773,40296,4630,1586569,1655694
9203,6111,91406,37334,4296,1645620,1796415
5721,4463,386132,45036,6463,489493,939661
6851,5130,-55492,43611,5722,1638501,1646694
5258,4537,-18728,40129,4519,559318,597144
8167,5537,58904,81056,3870,1536178,1695768
6389,4722,156687,97518,3296,436625,707385
5370,4371,-28235,32834,4333,498083,519201
5870,4778,-49008,43037,3648,554282,564941
4611,4685,70366,89203,3389,1556013,1731027
5184,4723,141444,34852,4000,558181,750828
9889,6296,645521,44185,4537,547898,1260826
9555,6408,-55639,47518,6130,1704999,1721397
8370,5278,36365,47166,5982,1593606,1698786
7555,5018,101055,81037,3555,463646,663811
9833,6500,189169,60907,4445,1470450,1743508
9055,6426,-61640,32963,3944,1930981,1924414
5555,4519,-12118,43389,6278,1649681,1700008
4833,4204,89312,49055,5778,1937027,2092599
10259,6833,373593,52518,4204,563809,1013846
7425,5019,-70679,38945,3907,1909204,1896007
4741,4500,-40212,33389,3963,1693238,1702138
8796,5462,38701,45962,5852,1568716,1676082
7944,5370,120186,34592,4111,1668934,1843915
7944,5037,-67791,37908,4962,1665189,1655990
7573,5130,-73842,73426,3092,571821,589793
8740,5889,3569,76407,3130,1992807,2092876
9851,5963,120110,53148,3129,1584899,1780785
6037,4722,186392,40833,5741,1576709,1822489
9462,5945,-49011,41982,6333,1952536,1969655
8110,5426,3216,35870,6260,1591070,1652768
5056,4462,74294,38408,5185,1660566,1790082
4555,4556,151798,42203,5000,1706932,1917100
9648,6111,-58734,34945,4981,1728057,1727453
8055,5370,-35877,48388,6796,1647924,1683268
6351,4259,38756,37981,4926,1619901,1714434
8556,5314,125130,68407,4149,1637414,1851063
4907,4315,-73976,40426,5426,1887187,1871137
4926,4389,-59602,43778,5815,557283,558719
4166,4463,9477,40648,5037,564279,630052
9944,6519,100666,38037,4814,1622565,1784990
7111,5500,-113662,34925,4019,1766652,1707157
5258,4575,-68510,44036,6223,1790721,1784711
8315,5203,776621,41629,5685,1583088,2422727
7778,5111,74127,42926,6630,522683,661922
4999,4519,158853,41371,5629,618438,836421
9722,6074,-72993,37111,5111,1686853,1674231
8555,5722,-20526,40759,5537,1609850,1651934
10166,6204,26941,43704,4814,1593475,1688842
5333,4648,158130,39667,5740,552810,768366
8981,5982,212282,45333,5371,1551466,1831767
8055,5278,-75268,41111,5648,571635,559126
10092,6019,-2857,36908,4629,1567144,1624083
7925,5315,119851,39389,5759,1579676,1760045
7314,4926,187226,67833,4074,1576504,1849933
9240,6037,-84084,41907,6519,583155,565348
7647,5278,-71802,42907,4575,1841957,1832859
7592,5315,88868,40574,5611,1548825,1699434
8833,5407,152854,41703,4445,1687950,1904414
8758,5482,111988,46018,6537,1565613,1747785
9407,6370,-54414,42222,5148,1922440,1933303
5944,4593,38922,83296,3963,464834,604145
8870,5796,129742,46203,5389,1650785,1849137
8796,5426,669780,53556,4444,549268,1293622
9314,5556,-78472,44963,6111,1803461,1793989
5703,5074,48292,46277,6260,501705,615867
4907,4055,104666,80370,3389,1605657,1805563
4500,4481,209022,43685,6092,1703726,1974322
4592,4704,-76380,39907,5815,546525,527941
9703,6463,-35394,37777,5111,1705237,1732378
5370,4370,100017,40537,5629,1644418,1802637
9722,6203,1016054,39426,5426,1842688,2921649
6018,4667,-87882,42111,6389,1856297,1830008
8129,5259,-35433,47482,6092,1661979,1696212
5648,4000,42145,77796,3759,1575716,1711397
5851,4334,129741,35648,4852,1628174,1810619
9685,6722,205042,62851,3556,1757927,2048284
5167,4407,464601,45555,5667,1755478,2283413
8221,5278,2200,41592,5796,1608476,1673916
7778,5185,88907,48500,5296,1623305,1781841
4795,4686,429039,32704,4148,1668837,2146727
9055,5982,-72288,41722,6389,595858,588867
9537,5926,-3024,44962,5723,522650,588423
9240,6371,68757,48704,5092,1604473,1745082
6666,4778,146632,60370,4019,1833189,2057654
8500,5314,-76140,33315,4740,646063,624607
5204,4592,-30858,84388,3241,498356,567701
6018,5389,65775,53481,5037,466518,604922
9814,6611,576555,65833,4203,544143,1209937
5221,4575,-80365,42630,5704,1760539,1740489
9518,5926,-76841,51981,5648,1947386,1945581
6481,4481,6533,37889,4704,557722,620644
6203,5185,88223,38592,4481,491441,636830
6074,4704,254911,40462,4723,562473,875680
8999,5371,-68954,44333,6593,820893,820032
9073,5612,-21561,42981,5630,1638736,1683027
6333,4444,61073,44203,5204,548201,671496
5370,4685,148910,40092,6815,1622302,1830563
8703,5593,-35863,35555,4649,498341,519923
53981,4315,-82118,43315,4926,1606256,1632676
6111,4759,28313,52296,6018,475555,575127
9055,5574,115668,43814,5612,526680,708810
8888,5537,455541,46500,5574,1765649,2290153
8685,5537,-56268,37648,5686,1915904,1919451
8555,5685,5978,64851,5982,448019,541515
7425,5130,119574,35629,4463,470015,644441
9592,6334,636983,42796,6407,1780077,2484226
5814,4834,-79806,70055,4334,1844017,1852267
8259,5278,-23765,30537,4556,571372,598811
9648,6611,85647,33277,4648,1521677,1664064
7092,4926,187021,47944,6500,1615469,1872100
9111,6463,-78770,40796,6056,542193,528294
8074,5296,-47599,81870,4056,587669,641922
9499,6593,29849,32870,4519,508555,594644
8352,5185,129668,40222,6130,1648432,1840526
4870,4166,-94919,35185,4574,575231,531145
10389,6611,-86063,50851,3204,1913756,1901137
6000,4518,21682,38703,4797,1625864,1704286
4962,4241,109315,79259,5722,1608045,1814174
9667,5500,175818,40741,4667,1669188,1908341
5092,5111,-33990,44685,5907,1836980,1866285
4389,4370,-28079,42944,6407,1640588,1673212
8851,5667,126777,40055,5833,1582769,1772471
7296,5037,143336,34962,4537,1676450,1874081
7407,5093,-66752,62870,4297,562933,578497
4814,4518,-59098,40648,5055,578281,576774
8222,5074,34312,47259,4667,1517122,1619138
5314,4704,133075,100129,3926,479014,728755
8407,5907,250876,33537,4481,1522762,1828582
8851,5538,-80508,39648,4630,522967,503979
6426,4629,9589,68148,4315,1646882,1742434
9629,6222,82871,38796,4592,1706323,1852007
9185,5444,199671,37388,5982,1785410,2045913
9518,6537,-14731,42370,6444,1948683,2001470
6167,4981,-26468,34537,6722,497280,525701
9555,5945,62980,40667,7666,1588806,1717934
5055,4833,147040,58815,3870,523863,745588
8963,6000,-77992,43203,5778,1708686,1697323
9963,6648,-64765,40685,5703,1676608,1677268
4759,5093,31646,45148,4537,464480,558108
7203,4667,122094,55055,4722,1593044,1789267
5093,5018,215246,78907,4130,536564,847162
9944,6555,-72933,43889,6259,555541,551793
4555,4519,28366,50611,5167,1589272,1684842
9295,5723,83889,66815,4148,1713840,1886155
9055,7296,249245,35963,4851,636454,944957
9333,6000,-82712,41259,6240,1698925,1681490
9370,5926,-31394,31815,4759,1691977,1715009
7093,4740,-21963,58000,6277,518738,575312
8351,5037,148429,44111,5889,1613857,1827785
9647,5945,133822,33370,4408,2201219,2390596
6222,4962,-12357,47796,5277,548781,603385
9073,5389,77053,56371,3722,1442289,1596657
6092,5259,124873,37389,4740,1885338,2066099
5389,4611,385264,40741,6037,1814130,2258728
4593,4703,743175,36537,5092,1590015,2386375
4370,4149,57070,46056,3555,428815,546145
9684,6760,136482,34703,4426,1599637,1794322
6444,4778,425578,57907,6296,1995834,2499448
7499,5426,-85767,42703,5889,552061,530348
8240,5204,348272,39870,5611,1643068,2052395
8610,5408,64314,44945,5833,1600823,1732786
9129,5722,320207,43778,3944,1549097,1935340
8518,5407,-32343,44148,6074,494563,528367
9629,6482,-67542,40999,6186,1633236,1631601
5833,4555,39258,74778,5500,496090,628477
5204,4537,156132,45203,6260,1685782,1905396
9036,5537,-96418,43889,5704,1890444,1861118
4981,4852,-74729,40648,4760,521799,504441
5037,4277,2720,36167,4703,570962,625885
10036,6371,89520,65407,6296,1591229,1770878
8778,5685,171005,76963,4130,415879,684496
10018,6518,-86137,68741,4222,496060,502034
8444,5537,-33411,56445,4111,1656197,1700768
5352,4444,110389,53093,6166,403793,585701
4759,4648,155189,65278,4222,1672448,1909118
8370,5185,69028,40685,6222,2014645,2146358
4833,4611,-36579,44500,5945,1675013,1700879
9815,5666,171666,55370,4889,566626,816977
8073,5241,117559,44148,5130,1664819,1847711
5481,4537,-62991,45944,5833,609173,610255
7462,5111,-72968,38296,6055,1883532,1870099
9259,5667,42202,86573,3741,1525862,1675712
5925,4500,100984,32963,4333,1631488,1782786
8611,6352,197580,32852,4259,579563,831551
8537,5629,-77673,45963,5759,588004,578849
9666,6019,-27892,43815,3352,497647,534738
8074,5148,88150,46536,6019,1626025,1781916
9999,6389,180524,41981,5926,1602873,1849692
9573,6408,-55082,34944,4889,541190,544311
22666,4315,-70985,39019,5444,1645568,1648102
8833,5630,31704,36407,5296,476256,566108
9814,5982,107189,42407,5723,1615392,1788656
5092,5130,-81194,43166,6537,1833165,1813934
7074,4814,-56597,37426,6889,1882475,1884248
9463,5814,-2704,42629,4704,1625787,1687731
9629,6352,107688,35982,4852,533956,700922
8222,5518,-105491,41740,5093,1827314,1784526
9814,5908,-75154,48407,5722,1882365,1879581
6796,4759,-32890,62944,4074,1637455,1685212
9667,5574,223149,36259,4704,1840319,2121784
9666,6204,172987,34334,4425,610416,840791
6111,4722,-36878,43852,4574,532227,557367
9925,6815,-67299,61740,4019,1637901,1655823
8258,5445,25353,36092,4926,1612822,1696267
9222,5982,113060,35074,4722,546473,716737
8648,5352,250879,40648,8778,1571517,1888044
9907,5852,-26374,45740,6445,1607179,1651546
7703,5167,-5981,43407,5963,1668138,1726879
5333,4592,111745,34000,4759,1603134,1766045
8870,4852,228378,49129,4000,1476686,1774638
5129,4370,-78838,45555,4852,549947,533626
8648,5185,-35446,42037,4685,579591,607182
7593,5277,53429,42444,5649,1584635,1701546
9536,5593,964281,43166,5908,1620481,2651373
8277,5296,-84080,54537,4778,577892,570015
8740,5408,-55225,42000,4759,569666,577515
9370,6630,50076,39092,4722,1522378,1635046
7166,4741,174061,46259,6278,476787,717792
6037,4592,-96674,40407,6167,584245,547478
8388,5296,-50318,40648,5944,1816549,1829026
5425,4204,-1351,37111,4777,1618231,1671138
5036,4148,117357,42944,4444,1629282,1805637
4296,4408,378767,65648,4111,1655369,2114636
9796,6537,69254,39111,5611,1529144,1662064
7795,5315,-35185,60370,3963,1593250,1639323
7944,5611,56319,44018,5185,1653856,1775193
5814,4519,922189,55259,5000,1590536,2585373
4796,5129,-70653,79259,4185,1911809,1936618
9814,6630,-40316,41870,6389,1657899,1684286
8315,5166,28781,41277,5759,1627451,1718786
5499,4593,122543,83148,3796,599378,821050
6370,5481,158548,38629,5019,594503,811347
5685,4389,-67688,41796,6167,1816251,1808693
8777,5982,42168,51963,4574,1532341,1647805
9166,5648,1214426,40648,5686,1482613,2760576
19315,4537,202842,43870,6019,1996644,2275357
5407,4777,-76077,37203,5019,1665327,1644082
7167,4925,3927,40018,5759,1652212,1716398
8722,5277,65005,43963,5092,1686596,1816619
9500,5925,169601,35093,4926,1630758,1858396
9814,6482,80216,36148,4630,1798976,1939062
8869,6019,-66741,44962,5574,596572,597644
9574,6685,17651,35500,4741,453253,529812
8666,5723,107803,61074,3704,1539797,1729249
5648,4611,-82006,44722,5889,599114,580515
9351,6019,-81854,38482,4722,507666,486960
8907,5777,-10146,37074,4537,1638099,1686897
8944,5482,81784,80629,3630,1620002,1802989
8703,5278,184750,45871,4574,1684867,1936136
9185,6222,-81651,34685,4574,521426,496830
8759,6241,-32777,40963,4704,604217,634182
9481,5796,50265,43870,5166,1681022,1797971
8277,5593,144861,33962,5334,523820,724329
5814,5074,-74115,66963,4129,478483,488441
10055,6407,-25018,34129,4445,1621138,1653305
8721,5445,50652,43111,6222,440993,558570
5388,4889,718376,34129,4889,1782258,2552040
6499,4870,-89116,34907,4852,1733977,1698008
5203,4407,-58593,67277,6037,1633436,1659786
8926,5481,21540,40296,5649,1606654,1690731
6388,4778,89914,43518,6371,1711075,1864674
6741,4555,197381,87519,3870,1551182,1853971
7611,5092,-83076,54889,3907,513648,504108
11500,6407,-43664,44055,5037,580920,606330
9592,6759,418875,44351,5537,1665669,2153505
8796,5314,-81896,50611,5426,1803904,1794619
5777,4963,-76818,34055,4630,1881955,1857285
8629,5926,-44295,50777,6093,589977,619163
9388,6130,16856,45482,5574,663287,748606
8795,5593,155231,45018,6074,522987,745903
5852,4611,-71708,42111,5703,1842253,1831452
8555,5629,-78944,89481,4037,1662194,1693156
5074,4852,27355,40407,5704,1586690,1672397
9629,5870,90785,36741,4704,1626778,1776581
5814,4556,200678,33870,4519,1663366,1914877
9537,6537,-79761,42185,6389,551906,539330
8425,5315,-39072,38223,4666,552402,572626
8814,5852,83081,45315,3037,1576576,1724675
5796,4481,141881,87370,4056,1639941,1886341
8314,5223,-83281,30482,4907,612055,580052
9407,6666,-43109,43407,6000,555347,580422
8870,5352,67912,45685,4834,1483892,1619175
10055,5889,107084,44351,4648,1642962,1817397
9573,6778,-93837,34500,4648,1773827,1737786
9574,6315,-76092,77629,3592,598293,621885
7629,4908,-1014,46648,4759,539899,605163
4796,4315,91619,34667,4926,488395,631089
7573,5630,196716,44592,5871,530853,793328
10055,6555,-82686,38093,5444,1956212,1936247
7611,5000,-35571,46056,5407,569067,600015
8833,5518,1294798,50722,6223,518524,1886692
9888,6222,145326,87926,3722,1536442,1792304
6741,4407,-34058,32815,4519,1925212,1942266
5148,4333,-32812,44537,6240,572495,602608
10648,6796,17877,55833,6148,1585613,1685545
6629,4834,136121,34611,4778,542467,731774
9074,6444,195125,63167,6870,1676437,1959803
7500,5111,-57054,47777,5722,490441,501590
8425,5556,-11680,45722,4759,1665004,1720804
5981,4556,113120,35907,4797,1659221,1826064
4259,4445,-111560,46000,5814,507780,458849
9018,5593,-55130,58630,5592,1688231,1713990
9870,6315,-43200,38889,4130,574140,592589
6184,4649,82471,35759,4889,1656370,1792859
10018,6148,154160,39092,4667,522891,739088
8684,5463,46850,45371,5685,531016,646125
5537,4463,-66571,31629,4834,518438,501071
5648,4500,20952,35222,4796,1594113,1668787
9463,5981,138993,68703,3982,1667163,1896933
7018,5445,-102540,52797,4851,593055,563052
5407,4463,-82239,55278,3463,1668803,1657694
8796,5259,-3771,56870,5278,574601,649459
4722,4407,98288,32018,5204,666726,813218
8056,5370,183606,63981,5797,1641827,1911433
9666,5889,-44073,50315,5203,505330,534904
5741,4759,-34310,62685,5093,578510,624756
9037,6556,432025,30759,4630,574931,1060698
8777,6130,163235,38055,4370,1650847,1874155
6648,4944,56332,34371,4740,1650769,1761360
6221,4649,-40200,47518,6278,516826,543941
4722,4296,52082,44185,6203,1589353,1702860
8240,5223,121808,36962,4704,531725,710700
9796,5815,-104427,42185,5888,641110,602626
9037,6352,-85646,41574,6537,1812635,1793230
8444,5407,-11252,54555,3889,1636261,1700452
5296,4648,92029,39370,4797,1598516,1746749
9130,5666,171274,82055,3297,1607085,1880693
7481,5130,9964,34518,4519,478885,543256
5388,5000,-6420,40722,5704,1857816,1910636
8055,5333,59029,34999,4926,1676147,1791841
6740,4666,138810,42537,5963,1645531,1846303
4888,4723,-83389,40426,6259,1799619,1775230
8240,5333,-71736,41408,5833,1915225,1906896
8981,5519,23786,69037,4500,1610500,1724694
8611,6185,137382,39685,5334,1679421,1878711
6982,4648,385145,45555,6500,1694194,2145432
9592,6167,-81404,40833,6056,1860726,1844841
6111,4630,35229,40278,5852,1589131,1683527
8777,5593,84900,56240,4241,1558664,1721934
7851,4963,192812,86907,3629,1793640,2092172
8759,5759,-52961,31815,4278,520476,520774
5722,4426,-16531,72963,3278,1609687,1681712
10666,5852,70159,32370,4185,541708,666959
9259,6185,154792,46370,5649,1661826,1886711
8777,6019,-88462,41185,5389,1800674,1776582
9092,5889,-65254,43019,5796,552936,554386
6573,4445,19694,42222,6260,480006,561922
5129,4315,500270,39389,5852,465668,1023531
4166,3815,-87500,35092,4741,1752860,1716860
4741,4870,-80385,42778,4722,510104,489701
8518,5389,40785,44259,4871,422674,529534
4610,4519,85290,42444,4630,460836,604144
4000,4444,564978,35536,5223,536534,1152938
8073,5334,-89553,46574,6037,1846672,1825804
4926,4352,-28030,42611,5296,535212,566349
10018,6055,75622,40074,6019,431300,570829
4388,4630,141107,76630,3833,1630141,1862766
5870,4833,-35350,33852,5222,498810,515904
4889,4259,-56605,39315,3851,1726818,1725120
4666,4167,22306,40981,6112,1688609,1770119
7370,5222,130218,45259,5241,1542068,1738157
5148,4722,-105333,40370,5723,1840211,1792637
9370,5574,326578,40777,5908,527028,917328
6759,5259,17750,41777,5889,1650241,1729656
8407,5685,80809,40241,6055,1529885,1673027
8352,4981,219924,41241,4981,1560639,1842156
6092,4630,-83589,53907,4444,546475,533811
5333,4463,-37955,38907,4630,527340,545737
6851,5593,270122,42962,5686,1597496,1931303
5240,4371,139053,44981,5278,1642362,1843934
6222,4944,-47016,44463,6074,1875505,1892304
7074,4944,-72622,38833,5500,1676502,1662953
5611,4518,24604,60759,6000,1569516,1672972
5907,4593,121681,43056,6277,1961381,2144988
6519,4870,201926,63185,3778,1570507,1852767
6684,5074,-35513,52389,6278,2089037,2126765
4833,4481,-786,38000,4777,1586333,1639638
10833,5908,89217,98092,3389,1501717,1711175
7315,6000,168814,46111,5722,1622749,1859563
6110,5334,-82014,39907,4907,524771,501719
6203,4722,-17158,44426,5204,1625148,1671305
6962,4945,59253,43907,6130,1628569,1752193
5111,4185,163128,35463,4833,578720,794181
6332,5019,-37534,41667,4796,1809819,1832896
4796,4555,-53955,34759,4482,589600,586589
7573,5148,420658,56445,4814,540726,1037160
7870,5408,114663,49870,3723,1633381,1817638
6982,5222,-69091,46852,5981,1672859,1672787
5796,4611,-63401,44259,5963,1711243,1711231
6370,5296,-4860,33982,5796,535505,585071
6296,4963,107107,35148,4833,1563327,1724527
6166,6278,796015,41500,4574,1944061,2800724
8555,5704,-81772,49185,5796,1825373,1814749
4907,4629,-34620,44704,5796,1925460,1953025
6370,4685,81050,38852,5592,1582940,1722212
7573,5130,166887,44556,5777,538979,771069
5758,5056,-69607,38944,5796,1793282,1782044
5944,4982,-66251,39592,4148,1626964,1617435
6389,5222,16308,49593,5352,1544033,1630157
5555,4481,112183,44537,6296,1682362,1858470
6000,4852,194223,38223,5055,1679598,1930692
5407,4463,-25271,37871,4148,466138,494775
6888,4926,-6359,37481,4500,1704683,1754915
5944,4797,-1170,39259,6167,520777,578793
5999,4797,385092,32741,4185,1757228,2192153
7074,4593,-88272,40352,6166,523862,496516
43870,3481,-79045,96870,4111,1628758,1700453
6796,5056,50421,36148,3519,1691864,1795860
4870,4926,161277,50203,5982,1606267,1836415
6555,4704,-56366,44296,6426,509900,518256
5962,5297,-60658,40556,5185,561858,560960
9778,6240,38421,35833,4722,1604385,1701175
5499,4685,119036,43481,4704,1857026,2036524
5222,4315,635463,39629,4389,571178,1261955
5203,4593,-85214,50426,4388,1769834,1751286
5110,4722,-5839,52685,3351,1641238,1703045
4666,4371,94738,47518,4778,1546382,1705323
6314,5204,171075,43389,3593,1650135,1882211
4630,4518,-82549,53241,4278,2078981,2065747
4407,4389,-32508,30593,4277,1654739,1668360
6259,4796,306514,39629,4352,2086990,2451652
10167,6111,132074,41018,5815,587236,784588
9333,6482,-85069,41000,6222,1878317,1858897
5389,4740,-72842,40426,5796,1623926,1610731
7000,4814,37533,77370,3907,1676346,1809008
4888,4370,115648,39685,5333,546682,718569
4296,4759,599223,42630,6389,1738077,2397411
6722,5037,-85306,36815,4481,554155,523867
9444,6278,-13913,44907,6796,1621792,1677305
5500,4444,76924,73481,4149,416758,583219
8536,5389,190261,32056,4500,1605542,1848914
7833,5370,-81604,34111,4352,557656,530626
5370,4833,363417,47352,5481,1738108,2166320
8666,5463,41775,94055,3926,1568827,1724416
5185,4500,168964,48852,4666,547976,783088
7518,4796,-84401,52074,5166,1978445,1965877
7370,5093,-70767,45759,5722,585375,580645
6166,4667,403050,40759,5667,1675530,2137821
5999,4593,112444,47889,3982,1677063,1854007
9573,6130,210226,63833,4111,600973,897420
6870,5685,-70898,39445,5611,532395,520941
5537,4352,-2913,36408,4703,1636070,1686768
4296,4166,78388,44667,5907,519571,659811
4611,4426,-115848,39889,4314,539882,479330
6759,5018,-91917,36388,4593,1914462,1877544
8944,5555,-47839,45481,4260,1707310,1726249
5241,4518,80776,41796,6426,1619010,1759490
4296,4851,162502,85592,3889,1637691,1901636
6222,5000,83340,33148,4185,1603632,1737675
5185,4740,-62303,45037,5315,1683182,1683157
9795,5741,439773,41425,5815,536092,1041956
9333,6222,111446,77222,3629,1655211,1865860
7759,5296,-85901,35240,4649,547250,517460
6722,4981,-65453,43723,5703,1861850,1860044
9166,5352,79551,42370,6463,520149,665088
7369,5260,80018,43574,5796,525608,670366
5518,4204,170874,80944,3704,1600189,1867563
6147,5000,-94361,43204,5611,554766,522385
8981,6093,-31783,37722,4444,1725736,1753138
5703,4555,78203,44777,6148,1587158,1729230
4666,5185,187280,39444,5593,1654524,1899507
7740,5167,58174,40703,6278,1773871,1894081
6241,5203,-61117,42722,5074,534337,535293
7055,5130,1092270,44852,6130,1607472,2764724
8759,5593,146445,41630,5648,523550,733329
6018,4963,413727,41666,5037,1792705,2266209
8500,5685,-67674,43870,5833,537023,534905
7796,5018,-11911,41574,5611,1657475,1707360
6444,5019,83611,39148,4963,1660249,1802156
4778,4277,245152,36315,4963,1845724,2143932
4537,4555,85824,41963,5074,1916683,2061432
8944,5907,-46301,38074,5056,1721939,1736026
8221,5723,75258,45370,5889,1567787,1711730
8111,5741,135299,37593,4981,1630190,1823674
8648,5537,-60158,35333,4722,2114849,2110969
6944,5167,263048,39111,9592,2214345,2540262
8018,5612,140664,62185,6018,1999619,2224043
7185,4963,138558,39944,5426,2327964,2526430
5666,4852,-49234,34056,4518,2600070,2601781
4314,4667,-51137,32148,4111,1836404,1832378
6888,5130,329884,43315,4019,2570264,2962908
16352,4148,452018,87648,4240,3144979,3712478
9296,6129,204099,70185,4203,2371460,2667743
5222,4389,589230,37056,4703,2811305,3453665
9036,5760,-96021,42278,6315,1953546,1922692
4352,4203,-98110,58093,5926,1850118,1826749
6666,5445,-61773,34482,4574,550732,542904
7389,5203,582785,47222,6092,1478111,2128562
8704,5574,308697,41833,5760,1629827,2002451
5870,4777,396554,73388,5704,2649780,3138851
8111,5166,109152,60481,3722,1803281,1992432
5407,4685,51694,43740,5648,1465428,1579343
7073,5148,842657,34371,4370,1778512,2674484
8537,5815,-19317,65148,4148,1685732,1753360
7073,5537,106651,39740,5908,1650394,1817989
5925,4593,328376,36000,4463,1881666,2263857
5203,4370,-56506,32537,3963,1920254,1911951
7555,5111,-48817,37796,4037,1675604,1683360
4963,4574,52427,44834,5814,1576544,1691120
9999,5593,126894,50389,5852,1690187,1890989
7555,5574,-63693,46797,6314,1676498,1681138
6833,5093,-66356,44297,4685,1659104,1655694
8166,5148,36908,90407,3685,1551027,1698027
8537,5704,115375,66499,3260,497843,700737
6574,4888,-112619,45370,5630,507691,460682
8592,5815,-65078,39592,5815,1719809,1716527
8166,4815,-12907,40333,5796,1711638,1760786
7610,5426,115967,35185,4778,1602856,1773526
8167,5592,160619,76537,3592,452841,710144
5647,4537,-87042,37833,4685,1791069,1758915
8999,5260,-51446,40593,5500,525887,536460
8315,5537,40632,46797,5537,1564709,1674250
7222,5870,-112955,41518,4630,1767964,1716619
6406,4797,-49766,39130,5574,1646126,1654953
8814,5759,-25687,54444,6463,1808547,1861877
7555,5222,14503,38222,6574,465402,539664
7407,5037,632115,80351,3815,1914388,2645910
17425,4148,-115470,43000,5574,1671776,1628194
8740,5408,-53966,38740,5834,496667,503553
7870,5556,-18499,43352,3999,1625897,1670268
6888,5130,108227,91204,3537,1559188,1776841
8258,5537,172417,32129,4111,559005,783291
6981,4889,-64819,34222,4463,611408,598866
8685,5945,-18093,45815,5722,1618064,1669750
7129,4926,41579,44277,5259,1668393,1774656
6759,4982,138860,72444,3963,1629036,1857934
5055,4667,-84116,44944,4574,553150,530330
8926,6203,-48741,39963,5666,1683843,1697916
5703,4408,19948,36425,4760,1571524,1644990
4944,4593,131970,33204,4444,2035147,2216172
5796,4518,239715,89593,3796,415077,761218
8130,5425,-81020,38223,6240,1890324,1870026
5703,5037,-12609,44722,6056,1591747,1643379
5166,4796,80692,40092,4852,1550113,1688193
7129,4908,199788,38870,6426,1655923,1915766
5777,4482,-82540,88389,3852,1881491,1904192
6221,4760,-21129,50000,4797,1634118,1681601
6444,4741,73098,59759,3407,1708225,1857656
5555,4482,168454,30814,4185,1636887,1853137
4240,4574,-91892,73870,4204,517019,513738
3944,4352,-69555,65981,3112,507644,518108
7295,5130,14931,62240,6315,1695337,1794044
5056,4314,144787,35629,5000,525636,722089
5852,4222,203198,39296,4759,1641217,1901063
6518,4981,-66630,39945,6111,599626,592200
5259,4519,-5719,38667,4018,1645413,1694675
4703,4741,178174,48463,5796,1975609,2219839
7352,5296,158549,38111,4963,543595,760626
6148,4778,-88927,33277,4649,560035,521720
9740,5796,-29052,50981,5889,1574673,1620064
6666,4870,67637,43888,6371,1628760,1760119
6277,4759,129530,41370,4981,1612220,1801230
6370,4519,-63114,36574,5241,1791103,1783490
5500,5000,-44350,47518,5056,1703728,1725175
8500,5611,12654,41889,6166,1848761,1925618
6630,4666,108214,42667,4851,1563906,1734268
8611,5518,-105447,48203,5259,1876826,1842248
5482,4407,-91666,43871,5944,1855803,1825804
7574,5055,-16791,57556,4018,1665559,1724897
8388,5259,84713,49241,3167,425024,577719
7703,5315,277790,47945,5537,534889,881291
6370,5074,-88241,61481,4093,507460,498886
5573,4612,-46737,43018,6260,1650004,1665360
6833,4463,86434,40037,5889,1486334,1632287
4759,4277,136291,44018,5315,1641366,1838081
4907,4889,-83945,39555,5815,546794,520664
7833,5093,-47460,41019,5481,620160,634811
5221,4297,17433,44481,6667,1790982,1870840
4240,4370,174308,43314,6223,1931716,2165931
4481,4741,382867,67944,4074,1739139,2204913
9592,5630,-42572,41945,6092,509921,532738
8352,5685,-22086,41333,5907,1894853,1936840
7481,5333,82788,64500,5130,1543276,1711101
7833,5204,189885,33314,4519,1643400,1886619
5777,4408,-89036,74889,3555,526163,528423
7036,5130,-24365,44519,5777,532603,573478
4203,4537,78139,44500,4815,1547851,1686730
5537,4444,158292,68184,5667,2099121,2343468
6648,5055,-88851,56037,4648,1711027,1697508
7647,5037,-77939,44796,5685,495474,483478
5463,3907,24101,36000,5167,518988,595348
4888,4130,105938,51037,3482,1718939,1890099
4740,4592,432164,44333,5371,553923,1047845
15685,3982,-102941,40926,4574,518493,482849
9666,5667,-17881,43222,4056,1637649,1684897
4907,4519,77604,46130,4537,1846569,1986711
4018,4112,189515,41722,4630,539813,786699
7036,5204,-88516,50963,4833,523847,506163
4444,5055,-42530,74315,3648,609693,656310
4185,4704,824229,55093,4055,1624256,2518633
8870,5963,129774,35352,4555,534703,720885
9036,6334,-86443,48907,4833,1888432,1872914
5093,4370,-71438,72555,3889,534639,550812
4648,4351,18196,47574,5666,1604906,1687527
7407,5278,109570,40481,6092,559982,730514
5222,4685,223073,47074,6130,1610600,1899451
5574,4759,-91995,41834,4703,547177,514090
8851,5334,-18324,41166,4574,1579426,1623787
6111,4685,108161,92759,3871,1539051,1756842
9259,6130,157813,42037,5833,1673879,1896915
6074,4555,-62736,67147,4297,1856800,1878915
6685,5185,-51306,35388,5667,524470,528849
6407,4500,44456,43389,3796,1491442,1596712
5666,4648,144202,41277,5296,536480,739662
9833,6092,-90107,40110,5760,647178,620682
6351,4871,-67234,91204,3907,501879,542663
9407,6166,15012,37629,4630,1661145,1737600
8092,5074,96109,42999,4852,1670826,1831100
7111,5315,-108368,44222,5703,1825469,1781971
6426,4833,-59327,40741,5759,1858742,1860378
5277,4611,-17619,40296,4408,1659794,1699508
5518,4963,66404,68796,3981,1553883,1706342
5462,4519,160778,55018,3907,579996,811476
7796,5685,-86328,47018,4593,1944150,1925636
5852,4741,-46213,78111,3389,559228,606756
4092,4519,40661,31685,4834,1671716,1760175
5889,4814,157240,38870,4649,1564435,1778712
4685,4722,-59144,47500,6093,593492,600034
5685,4833,-77843,41889,5555,518174,501904
5277,4519,16772,36463,4574,1601514,1671194
9166,5630,121832,88351,3741,1617880,1849286
6388,4796,-100422,42833,5630,1664061,1625768
5203,4796,-93973,41962,6334,1683575,1649860
4388,4500,27401,40426,5926,493207,578756
7036,5241,68738,42870,4834,515740,646589
9777,6129,192335,47333,6056,1914615,2179727
7721,5149,-69031,43093,6018,499287,494052
8018,5574,-40229,42759,6074,549041,573330
6777,5000,69719,51185,6037,505259,647200
7259,4981,125149,76814,3852,1627618,1847729
6500,4759,-69291,33260,4481,648917,630645
9851,6112,-78064,42314,5741,1651017,1639009
5481,4555,20255,44611,3778,1700420,1780841
5444,4703,135704,39592,4852,1723730,1915729
4389,4629,193189,42518,6630,1646541,1900600
10000,5648,-96121,40463,6130,2033072,2001803
6315,4759,-22691,42574,5797,1577940,1617231
4685,4333,79610,71222,3833,1694435,1860674
8536,6352,169503,47870,5704,1680190,1921451
6036,4611,-93788,39926,5537,545248,510737
8055,5222,-42932,40537,6000,1595571,1615379
7573,5204,43016,42500,5482,550832,656588
6148,4592,126521,46166,4648,1699932,1890859
6296,4555,-86863,35074,4482,518582,484812
5296,4370,-47062,62333,3166,1617424,1647675
9370,5944,29757,31611,4407,1675345,1759193
7407,5241,98908,65241,6092,1542989,1729175
6444,4834,-82790,40037,5055,499899,476405
4944,4407,-86582,46000,5833,547728,524089
5500,4537,-22356,66185,3982,1701845,1762305
4537,4111,91982,42629,4648,1526990,1677009
6518,4907,940223,39981,4722,1632910,2631336
9222,6203,654821,55722,4315,1683387,2416226
5203,4723,732714,38185,4796,567204,1354937
8481,5537,495405,35703,4759,1627546,2179431
6222,4611,909907,40611,6185,1635374,2605651
7944,5463,435432,39333,4334,1835591,2330097
7944,5777,351585,41667,6111,556261,971346
6037,4666,162961,40703,5593,1705102,1928322
8204,5000,107243,41148,4037,1600839,1769157
5370,4408,1342704,59037,3648,1669222,3087056
15018,3852,577157,46314,5278,548725,1198604
9777,6352,746587,44740,4834,1649065,2463467
5667,5203,144853,32833,4149,1733932,1929470
6833,4852,190598,41073,6371,1919223,2171728
5944,5019,-55193,34870,6408,503597,502960
7500,5463,783067,42370,6222,1716677,2563948
8648,5963,434665,45537,5389,652624,1154845
6500,4870,1003001,41092,5834,1840297,2905187
8166,5444,86528,39796,5722,1610777,1758433
5796,4741,-80301,44037,6129,1712069,1695323
7407,4833,9685,63685,5371,1609509,1703286
5555,4703,100374,37019,4500,1683670,1837877
9444,5889,175786,67296,4074,1653851,1918137
6610,4778,-90338,42018,6648,1897680,1869044
6852,5092,-8223,36963,5648,1590084,1638676
4704,4259,454056,40556,6370,1814874,2326838
7555,4889,196803,30666,4760,1669963,1918174
9389,5722,-44784,35481,5074,530985,543719
8981,6222,-53150,35666,4686,1708621,1713064
8537,5167,34039,46388,4463,1881079,1982211
8667,5740,129562,46333,6278,624378,822977
9666,5982,-88989,33852,4685,1768867,1737119
5722,4315,-77966,45241,5074,497704,482479
8926,5814,392740,33371,4981,621143,1069160
8944,6000,96339,42166,5852,1634077,1795267
7592,5259,645322,36722,4963,1674275,2376300
8500,5463,-85393,44815,5500,1824845,1806527
5759,4666,-23444,45092,6648,546719,587570
6981,4871,76152,34833,6259,1723337,1855878
7481,5815,150582,41222,5593,557765,771551
9759,5796,-87949,39074,5852,561391,536793
7944,5240,-55148,38944,4796,1652176,1655675
7315,5037,66577,39814,5760,1662912,1789341
7666,5278,131137,97444,3777,1587075,1834081
8814,5704,-73136,32852,4463,1796996,1778360
7130,5203,-73594,43018,5204,1661955,1650620
5240,4722,17947,45352,5777,1615377,1697101
7573,4685,92747,43074,5963,1704131,1860951
4888,4426,-96989,35093,4907,1622887,1577453
8777,5722,664624,40315,4740,531370,1257641
6073,5074,-13924,68685,4315,1719247,1792063
5203,4945,89394,72500,3833,1592725,1771415
4277,4463,163862,56166,6185,1637739,1875378
6259,4703,-93059,48648,4556,542760,516552
7926,5592,-53184,70944,7166,1645416,1686212
4796,4740,60634,44889,4685,1608282,1730952
6314,5130,124323,38630,5241,464673,647218
6574,4926,53920,44796,5815,1761291,1880007
5129,4315,-80482,40370,4593,651756,627570
9999,6241,29004,43425,6278,1602338,1699841
7444,5204,146008,44333,5055,1668945,1879193
5092,4722,-105783,39352,5981,1883958,1835674
5166,4482,-66002,82222,3759,477110,508812
6351,4648,-15626,49481,4555,838141,889420
6758,5463,64822,35259,4482,1683667,1802674
4647,4630,186659,39388,4723,1736255,1978228
8018,5389,-89409,64555,4130,548258,543516
4963,4185,-43239,38111,4519,486569,496886
8333,5519,42228,65481,5963,1547984,1677638
7333,4852,151547,40351,5686,1728590,1941044
8092,5592,-87151,44833,5741,1783141,1762323
7240,5019,-83129,58944,3945,1671470,1666749
8259,5296,6598,40815,6166,544344,613478
8093,5481,123620,37481,4574,1597833,1779194
8684,5389,237309,47759,5426,545557,852902
5759,4407,-95037,34630,4685,544923,502034
7000,5333,-1163,42371,4296,1613616,1674212
6833,4630,63471,37777,4260,1627463,1746545
6629,4759,193864,42352,6500,1726995,1984025
8852,5592,-64593,40666,6037,534054,532294
6851,4759,-30071,88000,3833,504383,580607
7148,5074,79396,47667,5037,476489,624386
6444,4852,147918,42185,6093,1709885,1919174
8814,5593,391495,40426,6278,567072,1021290
7852,5389,-82794,76425,3408,1627710,1640083
8314,5759,5599,57796,4056,1733557,1816785
7203,5056,101399,45852,5815,1656090,1823415
7111,4999,185441,59018,5037,1659160,1922692
8407,5852,152389,66444,3537,2112671,2352004
6482,4870,-25124,44777,6371,1978668,2018637
8295,5575,94101,45482,5648,1655498,1816600
6240,4500,153587,47871,5000,1673512,1893396
4906,4723,-91611,41741,5166,1616750,1584990
7296,5111,-58273,43574,5925,1610598,1616212
8592,5611,90379,35315,4796,1714166,1860600
8926,5111,131401,42574,5130,1669699,1864619
7185,4963,-87464,77314,4223,1739138,1747971
4333,5000,-81219,44389,6037,542864,523571
8741,5814,30897,40055,5723,1635982,1729842
5259,4908,99271,42166,4870,1669089,1828027
4500,4703,-91168,40333,4963,618924,583885
9037,5685,-89534,44203,3574,1850227,1825748
7852,4555,5396,39648,5759,1597354,1664046
8073,5334,61122,66314,4000,398597,545459
7814,5074,177329,43722,6686,1855787,2099154
4630,5037,-67665,62907,4018,1702581,1713564
7907,5296,-55883,43074,5722,1656577,1665212
5610,4482,40306,34648,4926,1832627,1925432
5666,4574,152921,42093,6314,1919882,2134191
4351,4538,48889,41036,6000,2127246,2234820
6537,4870,-98365,35907,5186,552251,509146
4463,4592,8120,42593,6241,1672406,1741008
8629,5815,114013,47055,4982,528964,712033
7499,5408,187313,56092,3871,1550194,1812989
6704,4962,-64329,45259,6315,1925688,1926748
5000,4444,14508,40667,5981,1596093,1668472
8370,5370,60253,64796,4111,1628144,1773749
7573,4870,533682,87888,4241,1918637,2559040
8240,5296,-92478,35296,5204,1754968,1718563
6611,4889,-20326,43592,5704,532638,575775
6092,4555,32326,45982,5240,1644886,1741174
8722,5593,176033,35167,4944,1672752,1905211
7130,4888,31335,36611,4778,1668173,1754990
8555,5982,-78457,45722,4519,1745780,1734749
8185,5074,10992,31851,4852,1880627,1943285
5944,5352,91366,41852,5333,463130,615718
4796,4852,214796,42333,6537,520700,796847
7055,4889,-92087,44296,5926,1669744,1642527
4667,4740,-23990,61037,6074,1588647,1643713
7370,5037,94199,35574,4592,1632125,1781564
7203,4555,159259,45129,6389,1627620,1852655
5222,4796,-72884,40092,5945,1851225,1837119
5314,4630,-29862,88555,3908,444174,518812
8907,5426,34253,31852,4500,463447,551830
9963,5944,150776,42574,6241,1896934,2115080
7110,4945,-96478,66407,4259,514753,502885
4648,4352,-63937,57648,3482,1669260,1678268
7037,5000,2401,44851,5945,554447,622367
4741,4555,104145,79519,3425,537073,735218
9426,6389,191538,42129,4982,1665580,1922563
4611,4833,170543,69222,4148,617378,873532
6648,4981,-29637,39185,4778,560800,589515
4593,4814,103460,33314,6371,1572734,1728953
7332,5093,-16777,35167,5129,495274,533904
6444,4981,-98586,33388,4630,566102,519737
5258,4389,-32119,48259,5129,608228,640774
9277,6037,56606,44648,6019,1736457,1860729
8740,5926,165314,44851,4963,504664,736514
9221,5741,-88403,34926,4778,1877707,1845655
7426,4981,82786,47407,5723,1600426,1750397
8240,5593,2216,45574,4593,1626588,1695397
8092,5370,111943,51685,5000,2031748,2215894
6962,5148,201077,44018,6019,1575542,1842674
8259,5315,-88603,41185,4963,597100,570312
6666,4889,-4377,36815,6352,1609385,1663268
6222,4648,72442,40222,5260,1603307,1734138
7315,5092,176187,36000,4889,1543173,1775527
7203,5056,-92086,40926,4667,1854408,1822415
8963,6130,-55508,36222,4371,1692145,1694713
6463,4815,39922,46630,5703,1562253,1667749
8351,5204,128723,44037,4925,1708007,1901322
8203,5519,-97568,41370,5852,1794632,1760082
7796,5962,-82656,35093,4759,576820,549737
6888,4870,2978,47185,4444,488779,557126
6963,5278,142722,40055,4111,543496,745496
5555,4889,-92143,44759,6315,603195,575793
7796,5352,-97342,44777,6297,676949,646996
7222,5963,1929097,42593,5851,1796881,3790866
8722,5888,14334,43871,5333,1609249,1689805
7240,5278,164725,39611,4519,527714,751162
7518,5204,-89936,42259,5667,1794481,1767230
7592,5463,-56709,39555,4759,1668404,1671860
6611,4944,30499,35907,5056,1654528,1740323
4463,4426,155558,63592,4241,511419,745885
7370,5352,-53418,34833,5166,1830500,1831915
9203,5796,-87654,44074,6333,1762589,1743137
6129,4945,-354,32055,4667,1627492,1677638
5832,4723,94835,57870,3630,1645765,1815266
6018,4611,537448,48297,7185,1640056,2246153
5555,5389,-89155,34240,6722,542375,507312
9221,5797,230699,36352,4537,2097935,2386596
7759,4981,87909,38833,4741,1605377,1751675
7703,4334,179616,48148,4203,570787,816884
6221,4778,-66638,47260,5962,1839813,1840563
6129,5148,-54670,41425,3667,1649864,1654212
4758,4963,447129,39629,5130,2302336,2806649
15796,4093,119893,62407,6352,1712707,1923730
6110,4574,-94897,42426,5777,1805665,1772360
7000,4851,-83134,68908,3796,1638402,1642527
6166,5037,46129,84889,3481,1541176,1688657
5204,4629,141559,33722,4223,544418,736607
5944,5148,183156,43074,5074,1680332,1925025
7185,5000,-94801,49833,5666,1903513,1878452
5648,4963,-29390,39148,4796,559572,587459
5759,4370,103189,39222,5000,1603079,1763342
5777,4815,212025,52833,6297,451637,736736
4888,4537,-94783,62296,4222,1799181,1782934
4518,4278,-57928,42185,5167,569017,569237
9759,6334,55613,45278,6037,1565710,1690713
7462,5111,901022,80074,3888,1566538,2566077
5722,4796,-85951,36907,4759,1820941,1789045
8537,5629,-75613,79518,3630,1630400,1654175
7037,4777,8521,44740,4574,1590785,1662546
8295,5093,99024,93870,3241,1552132,1763563
6463,5148,-115823,42185,5834,566541,513164
5592,4685,-97503,38667,4648,1897474,1856267
8204,5222,-26981,49093,5574,1623008,1667620
9703,6148,65431,36129,4723,1703188,1827322
7185,5240,178454,52574,5222,1857423,2108432
4889,4963,-96967,37888,4575,2062788,2020877
5907,4704,-28371,42074,6482,1727304,1760286
8870,5778,34412,55462,4408,535418,646385
9148,5870,143453,40574,6111,573395,780569
6000,4815,-97190,33018,4537,1840828,1794526
8851,5445,-79408,39741,4037,626978,608089
5741,4574,257317,40815,6148,1611597,1928267
10537,6870,116489,45463,5982,1653704,1842730
8629,6092,786195,82110,4000,1988901,2878575
5129,4852,-97149,30074,4759,1883953,1834859
8963,6018,14614,42889,6203,1774543,1855304
5185,4537,64692,41740,5963,534230,658403
9889,6777,74697,40074,6240,644003,784570
8833,6018,-45224,113740,4333,1575956,1666323
8925,5667,-39905,55018,5759,586402,624348
5000,4629,35636,37778,6296,1653483,1745471
8278,5351,149029,42963,5981,1569998,1783879
9592,6574,-108558,41351,5612,1911973,1868618
9166,5759,-53406,38685,5760,639291,647700
9610,6111,-7031,44055,5000,1585559,1646045
5056,4685,97750,56574,3852,1948478,2119043
4315,4703,180977,69592,4167,474167,740218
10148,6759,-94610,44444,6185,1723823,1699157
8629,5482,-9921,53981,4648,494696,559941
8519,5425,80120,45019,6259,1607407,1755453
5241,4277,159735,42871,7111,1602458,1824230
9537,6370,-98278,39667,5852,1871563,1837582
6814,4759,-30625,94018,3852,1566208,1647175
7037,4500,83304,41796,5870,1540742,1686879
5778,4407,126901,40278,4870,520669,705255
9444,6296,-100186,37629,4445,1712806,1672527
9296,6426,-90849,43759,4926,584938,561071
8222,5426,25155,36111,4907,521693,603978
5704,4426,92233,45648,4963,1569812,1725175
8537,5370,171608,55685,4556,1978101,2226283
7592,5278,-96553,46889,5778,1787172,1758230
8111,5574,-35660,38463,4963,608971,632496
8222,5741,66936,47982,4592,639541,775866
4926,4203,147219,38814,4519,1722326,1925452
9722,6537,-98424,45351,5630,656365,627144
8611,5537,-64976,39796,4519,603657,599478
10222,6315,89287,40778,4778,1473018,1626454
8536,5796,112329,43797,6444,1652512,1831470
9518,6815,-92999,41240,6537,1815767,1789285
7314,4870,-75291,50037,5871,1659522,1654712
5573,4500,384823,87296,4111,524542,1012957
9055,5444,476253,35444,5148,661963,1195622
9462,6056,662922,43759,5723,1858617,2589132
7536,5130,-53477,41925,5945,1711560,1721100
7147,5000,-28806,41500,6167,611524,645218
6221,4556,114438,48759,5908,1618217,1800470
10000,5981,177998,40445,5778,1676249,1918470
7111,4907,-84181,47018,5371,540826,523738
5204,4444,-26288,40740,5796,1662686,1694953
8888,5611,23920,43759,4703,1645478,1734415
8833,5648,61220,49704,6314,2193526,2327320
9277,6259,-95200,41574,6055,1827616,1797934
7888,5519,-90215,37055,5167,576156,543682
5500,4333,2956,43129,6685,529745,594422
9647,6000,105442,38888,4722,554129,721218
5629,5056,-110961,40870,4759,603995,551460
5629,5130,-34587,42241,5815,1970482,1996821
8944,5852,-33841,36352,4629,1580777,1605565
6629,4796,95978,41148,5333,1649864,1806193
4833,4296,154241,42703,3723,509107,721644
9444,6723,56190,49148,5815,1827891,1957507
4611,4759,-61990,72722,4018,1656925,1683101
9352,6277,208365,32167,5092,1575810,1839711
8388,5741,121870,43185,4962,1626324,1812915
9129,5463,-94218,35574,4908,614473,577385
6500,4537,-52899,39334,5981,1633333,1639564
4963,4388,2921,68815,4296,1564107,1651916
8630,5574,123369,39648,5740,1664935,1850008
11073,5759,171837,46462,6223,1521246,1764933
7833,5056,1600,39871,5981,518359,581423
5018,4500,-36617,39685,3741,1733292,1752508
4278,4703,85091,45129,5667,467906,614997
6314,4463,195780,48167,5629,1533155,1795675
8333,5500,-50752,43111,6000,1931685,1946562
5370,4463,-19377,48704,4851,608596,655182
7389,5278,27256,45907,5871,541147,636034
8573,5704,124538,41148,3926,618253,804698
5203,4333,-100308,40278,4667,2017778,1974655
8092,5352,-67378,40648,5204,1686257,1680786
4796,4444,9015,45463,4704,1586697,1657416
7647,5130,84519,41241,4481,1951543,2097117
5389,4500,176782,77185,3704,1630169,1900415
9629,5630,-30286,47000,6166,1848220,1889174
7777,5129,-28374,37704,4814,1660939,1690675
8426,5129,57537,35833,4704,1697230,1811249
10167,7055,136300,56093,4463,1650559,1868397
5074,5148,-67157,67314,4204,548062,565404
8648,5519,-36098,39111,5796,1662958,1688416
6240,4667,30740,63018,6278,1583676,1696990
7518,5204,117633,69925,4148,542011,748643
9925,6685,-99491,39111,5593,1795110,1759526
4888,4834,-92821,41222,5111,1690218,1655786
6740,4741,61147,35574,4870,1619473,1734934
8778,5555,79799,44315,6222,570660,717348
7740,5074,186914,51000,3704,1647908,1905118
8611,5685,-101710,57166,3741,1852588,1828785
6648,4759,-27669,47815,4722,1656066,1695582
7944,5093,69205,34852,5037,1740357,1864470
9092,5685,145173,45018,4463,573472,785162
7240,5167,-83748,68092,6000,1825682,1830526
9499,6389,-59262,44778,6296,608074,618644
9036,6482,53260,41259,6260,1555581,1674694
6759,4963,142302,39073,5612,1576984,1778397
7463,5481,-96304,39278,5685,532246,495997
9352,6555,-65281,40851,5334,576648,576200
8556,4537,-7407,42944,3685,1681564,1736879
8944,5481,592021,66092,3908,552898,1231955
8314,5889,195620,39314,3778,1559333,1814915
6999,4648,789825,33611,4778,1754308,2596632
8592,5981,-40185,52704,6203,1671287,1706786
7648,5444,53393,49055,5945,2015354,2139321
9147,5704,181841,39093,6259,1914757,2159079
9888,6019,-95172,37277,4630,645465,610885
10369,6704,-72186,41611,5833,524054,519015
9037,6389,17929,81518,3870,1690413,1811953
5240,4333,120452,31333,5241,1636464,1805693
7611,5463,-100247,39574,6019,1748255,1708860
9111,5518,-92112,79036,4074,585999,594848
10851,6648,-3497,30426,4777,1564322,1616212
7981,5129,85951,72315,3685,545601,723384
9315,5444,219251,90370,2037,1529905,1858508
6314,4611,-69188,38759,4482,1622734,1610490
5981,4815,-35276,82074,3537,1651451,1715008
9536,6148,82339,44870,6426,526972,678773
5111,4574,237491,34777,6667,575152,866254
9555,6926,-81337,39093,4685,1720604,1702193
5185,4555,-52184,40241,5222,1675859,1681694
8129,5167,30190,46851,4519,1590263,1688619
10314,6000,120102,35889,4981,497543,676829
10055,6482,-104708,64074,4352,533686,516738
5444,4945,-81500,74907,4130,527997,538719
9407,6426,-663,43870,5723,1590504,1657953
4666,5778,83397,45055,5204,1649926,1796767
4852,4500,-98746,33741,4944,644594,596645
9573,6389,-49890,35630,4944,1841787,1851155
8296,5500,-33959,41333,4315,1696986,1725101
5037,4907,80804,42740,4834,538840,679533
9258,5778,145882,83000,4111,509614,759940
4796,4500,-91946,34796,4871,1828157,1787267
9481,6130,329001,42389,6481,1843671,2239802
6055,4815,35433,78888,3575,1598168,1729119
4629,4574,133807,67352,3463,1685811,1902007
8815,5518,322904,32129,4500,1899602,2275598
5277,4278,-88590,43648,5426,1948338,1921211
8722,5555,190172,48093,5722,1808186,2068932
7425,4945,81584,35056,4629,1636961,1773119
7462,5000,592809,44666,6334,578795,1237788
9036,6519,-94313,42536,5945,1717303,1689490
8796,5389,-37087,40889,6203,1670559,1698175
9926,6130,45398,42093,5629,1594240,1705861
8537,5518,149625,44056,5833,1596068,1811749
4666,4612,-97426,40945,6037,1900118,1861619
5074,4555,-58754,91370,3852,1800836,1849285
8796,5370,43731,43037,5222,518432,627070
5018,4592,132828,50352,4851,1843383,2043098
9592,6796,-94055,34222,4426,637737,601478
7555,5185,-98273,44129,6407,618141,585867
8481,5426,22989,53445,5722,1670778,1769360
6777,4778,89660,42519,5833,403170,555311
9073,5611,-115686,42296,6315,1815880,1765859
9111,6092,-89459,44555,4852,1839542,1817841
8148,5463,349635,66370,4167,638303,1074734
8778,5629,80345,39741,6129,1535942,1678953
9167,5888,144720,44074,6426,562146,774718
9370,6278,-69794,34759,4944,657643,645255
8999,5945,-60919,42240,4537,1634225,1637897
5962,4834,31733,64425,4408,1567090,1680527
8426,5500,114681,43315,6426,1633400,1813823
5388,4500,-99128,37630,4814,1856395,1811655
8110,5167,-91883,41944,5075,1703261,1674212
5221,4315,-9564,40852,5759,1697498,1746415
5036,4741,83311,39055,5241,597703,737125
4815,4463,202092,37277,4945,521644,777922
4407,4352,-75014,46722,5871,569454,558274
9926,6778,-44472,40740,5741,537061,558016
8721,5611,56125,67648,3796,1676254,1820230
8666,5574,154258,64426,3278,2405726,2644280
7555,5537,-79940,65333,4204,581918,586996
9703,5945,-73065,45185,7277,633877,631126
8814,6445,57587,43203,5759,1632459,1756693
5740,4778,165776,38203,5834,1682805,1906377
8370,5296,-94737,37111,4556,1855319,1818860
8647,5723,-98992,41055,4482,1704852,1667823
7555,5111,-11099,45296,6296,1634182,1689342
9406,5575,77627,44296,6018,1621141,1766452
8907,6223,-108479,35741,4944,1662673,1612065
7610,5056,-84123,44426,5759,544435,526182
6370,5092,-30636,47944,3593,565818,601126
4537,4426,61960,45055,6167,1625789,1749823
8500,5481,169649,36259,4667,1609562,1837452
5110,4741,-96734,47018,4870,597083,564922
8333,5537,-69897,39926,4315,599727,590682
8925,5481,28089,98296,3574,1593939,1740674
9629,6111,113204,91407,4204,625291,852291
8333,5778,-96587,37407,4593,1829280,1791712
7777,5167,-71546,47074,6278,599376,596941
9185,5926,29143,51371,5666,1658235,1762212
8481,5519,83814,43185,5759,1623435,1772712
10148,6852,160725,100130,4240,1570412,1854896
8018,5389,-98658,34963,4500,1712037,1668971
5518,5074,2050,43870,5815,1873402,1937840
9666,6000,76536,38925,5834,1569861,1708786
5259,4759,914277,72815,3537,1670114,2673262
8758,5778,-83251,44482,6222,1677889,1662249
54128,4445,-75561,39462,5574,1689830,1719952
7851,5037,19350,41074,7333,1636085,1718786
4889,4907,136947,44648,3814,1616525,1814101
5944,4870,-76455,43907,5870,1874760,1861674
8759,5462,-99043,41833,4759,622393,586959
8758,5760,40904,44593,4629,1571160,1678415
8648,5722,468148,59203,6130,2071336,2622373
8370,5444,163228,105481,3963,1530595,1819526
8703,5259,-96674,43982,5666,1668813,1638268
8629,5482,-44133,43352,5259,568185,588923
7981,5315,49408,82037,3685,1632822,1783563
10741,5740,551300,35277,4704,1656428,2266746
5555,4704,424211,50426,4852,572875,1064920
4296,4537,-34782,40833,5833,1653198,1676027
9074,5666,23686,50907,4963,1715637,1812767
6278,4648,111726,44722,5722,646121,821903
5573,4278,-74342,33629,4630,680820,657181
9889,6500,-86449,52240,3537,576724,565201
5241,4518,-1556,34259,4870,1701713,1751786
4481,4630,87503,39833,4371,1946262,2089562
9685,6722,167637,47074,5870,633673,873328
9981,6407,-99061,32685,4556,563373,520738
8926,5778,-38928,108981,3500,1497345,1587898
9741,6129,54836,46907,4556,1662228,1787212
8592,5630,112840,33574,4889,1872481,2040266
9166,5815,-104414,44463,5722,1914718,1878211
8647,5352,-63928,39759,5111,1655567,1652990
4537,4740,71298,50000,5148,492569,630311
9537,6111,111080,42852,5574,604527,781662
8555,5741,-98507,44963,5740,1843367,1812489
5370,4222,-90336,82704,3926,625980,634274
4648,4204,377351,36056,4648,546680,976309
8833,5982,89579,58389,4500,1593040,1762693
8944,5723,-126379,43945,6166,2009774,1950489
5870,4777,-59244,44148,6166,1882475,1886562
8500,5555,-42314,42333,4667,608848,630145
8796,5685,57097,35093,4481,1618893,1732416
8259,4926,138824,45981,5704,1674517,1880637
4981,4686,-102042,38963,5278,622001,575978
9778,6740,-49796,33000,4555,1691620,1698638
6833,4703,27652,43889,5241,554641,645033
8722,6148,130008,44222,5945,1668388,1866137
7592,5093,-95543,36167,5259,2022864,1983895
7981,5593,436607,41074,6167,1710175,2210024
9110,6056,-8441,77759,3537,1576968,1667249
9741,6111,99673,33611,4537,1653335,1809471
6018,4371,596620,39907,5630,577835,1232400
9222,6333,114498,42444,4852,1642010,1821767
8703,5537,-39905,38500,4185,1716525,1736230
6647,4723,76636,34926,4777,1680354,1811600
6944,4704,577453,43352,5167,562669,1202771
8518,5518,-91132,34092,5056,574592,539126
8314,4834,-65258,41093,4648,1807302,1803286
8166,5278,36135,30852,4463,1715298,1802656
5240,4129,159566,48888,5852,534820,760884
4241,4407,-102633,34759,4797,1713012,1661416
9944,6778,-94777,46796,5797,1657508,1634157
8944,5814,-10031,41444,6444,1620763,1675453
8851,5722,318805,39462,5760,1593073,1975006
8777,6500,161717,37630,5388,1695383,1917933
8722,5481,-74963,39852,4759,557923,543960
8185,5259,-39385,89037,3574,1605486,1674231
7574,5222,69971,47111,5667,1577667,1715157
8444,5519,183827,42815,5592,1800161,2048470
9370,6204,-102130,33166,4815,1795305,1749230
6166,4666,-65329,69907,4352,1685227,1707397
7796,5037,26711,40797,3666,1569094,1655435
8352,5888,126994,47018,5241,1625829,1821749
6073,4500,-80075,45796,5926,1958305,1942581
6370,4945,-101034,42148,4814,594883,555515
5981,4389,-9474,41296,4796,518749,568793
8795,5686,85511,40703,4963,513448,661792
8889,5851,631606,33352,4852,713145,1400492
7722,4982,-102054,43241,6555,555681,519090
9129,5852,-43290,43630,6037,545009,568886
9962,6796,-105452,40185,6186,667263,627774
9093,5481,136977,51352,4907,1674234,1885137
7481,5111,-102387,43537,5666,1635934,1597861
8703,5963,-41550,40648,5445,584120,605848
7295,5482,-99101,62407,4185,1853646,1835970
9944,6000,101903,35500,4667,653389,813792
9611,6611,-98481,44926,5574,549700,520552
5481,4778,408447,41333,5686,576435,1044809
9221,6593,-13917,40593,6222,1612870,1664230
8611,5074,76143,34148,5018,1862031,1993785
4740,4204,552349,41481,4889,1579527,2189357
8925,5796,-85366,39056,4611,1975614,1951173
7555,5166,-36954,51019,5203,1890332,1925099
8814,5445,48809,49611,4481,451910,571237
8536,5204,132591,43315,5759,1613473,1812470
6685,5000,-95163,65204,4074,511771,499701
9370,6389,-77159,80148,3833,540804,566108
6222,4445,45678,52445,5740,1556090,1673102
9370,5833,135646,43296,5685,592368,794291
5444,5222,-103904,41481,6130,1729709,1686916
5481,4592,-66881,38629,5852,1968907,1959210
7907,5407,-4488,43185,4074,1643275,1701842
9093,6463,507384,98833,3833,1530585,2158506
9611,6666,186872,42444,3556,1564414,1816119
7222,5093,-95438,49537,5852,1815983,1790990
7796,5204,218454,37593,5018,1874996,2151209
9518,6611,445384,58741,6352,1867509,2396690
7889,5759,-101072,33203,4815,1861173,1814008
7481,5370,154617,39166,5685,674027,888476
8536,5722,114269,40908,6240,2140532,2318541
6093,4481,-103003,45351,3926,1950529,1910063
4889,4629,103593,34908,4777,2371059,2525948
8925,5759,-108216,39685,6037,604213,558830
8629,5667,-96749,49610,4611,3121824,3096074
21406,4537,556290,60796,4500,2167657,2817390
5499,4741,492276,42962,6186,1938783,2492503
7500,5278,145726,44129,5963,1910132,2120802
5036,4648,78343,92592,3852,2235699,2422282
9703,5963,385883,31425,4278,1889197,2328542
5258,4556,259998,40778,6000,2269560,2588540
22351,4482,52503,36500,4796,1494043,1616731
8333,4944,54008,34834,4481,1801555,1910951
7147,4408,-76413,89259,4167,1946160,1976766
10148,6833,9962,38055,6093,1546288,1619972
6444,4741,101540,69425,4074,1666616,1855563
7555,5185,-97399,37611,5778,691803,652903
9185,6407,-95598,42426,5518,1651700,1622398
5036,4445,18313,35481,4926,1617214,1687841
8777,5926,81188,36296,5370,528309,668237
8518,5407,-130473,46555,5741,1941889,1879970
8352,5685,-97322,39963,4611,1661720,1625139
8111,5148,-39224,34907,4722,1704677,1720416
9407,5963,98780,115518,3685,433791,669718
7500,4777,139284,43444,5778,616156,819440
9462,6574,-97711,35389,4944,625208,586589
7370,5092,-45503,42945,6185,1634660,1653212
8944,5833,600481,39740,5982,1675080,2338190
6111,4648,490115,41092,5797,679674,1229530
4592,4445,-101934,47241,5722,602097,564682
10092,6796,-81836,38981,5759,1604106,1586287
6518,4760,-15148,61630,4074,1694155,1758305
8666,5519,329874,40370,6241,636527,1029271
9870,6259,166583,85259,4056,1595999,1870341
9111,6407,-85782,78574,3519,551464,565923
7573,5074,-40703,43833,5722,1603768,1627953
8184,5538,49282,43240,4778,1555671,1668712
8907,5777,199990,39389,4815,486358,747477
8907,5444,-91893,39518,4389,1891438,1859970
7722,5037,469183,39333,5407,1717971,2247228
6037,4537,50874,40148,5315,1594394,1703509
9740,5907,104416,40481,5704,682228,851069
6278,5000,-105246,46499,5556,1799013,1759934
8018,5111,-99464,40889,4815,1996618,1958599
5111,4574,-3164,44241,6111,1678690,1737860
9388,5704,102174,39833,5574,1616908,1781934
9019,6685,776082,39871,5648,1715106,2555707
4962,4574,-97575,41555,6185,614054,576385
4611,4018,-17478,75629,4018,1599433,1673361
9555,6167,51674,32185,5000,1638945,1745675
8851,5778,176492,45074,5611,581096,824976
7389,5407,98386,39018,4834,2219674,2377079
4999,4389,-73720,43593,6111,534124,522163
6944,5130,17673,74629,3871,1537558,1648194
4888,4519,148862,52999,5537,1661646,1880951
9333,6278,-111021,40981,5870,1822067,1776156
8315,5370,-80424,48629,5630,568773,558552
9370,6574,6562,34592,4685,1612948,1677416
8555,5352,77399,37444,4537,1648813,1785193
6018,4740,734308,34259,5408,522981,1310492
8759,5334,-94277,34703,4686,1741729,1703324
8462,5537,-42902,32648,4704,557788,568700
7388,5130,82102,40833,5704,1542314,1686360
8851,5482,185957,38056,5555,2006289,2252523
8129,5407,65148,34444,4945,2071839,2192005
9907,5907,-84402,42833,4815,643806,625070
6018,4741,438637,34500,4888,1650981,2141858
9370,6518,109439,66222,6222,1686976,1887544
6000,4407,-100019,46648,5574,1980600,1945988
5333,4445,-102144,45648,4778,562659,523257
9518,5944,-14399,41408,5814,554896,606422
7907,5093,68346,66481,6037,629039,784699
4796,4759,177294,70574,4389,538627,802588
9925,6315,1136165,33185,4667,1736132,2928575
23721,4574,-61510,44092,6296,1669964,1689156
8463,5351,429270,67611,4277,1858514,2375838
6240,5222,143812,47926,5574,1684769,1895914
9000,5889,-99275,39463,6185,1759172,1722971
8518,5759,-48048,39370,6111,1941574,1955914
8611,5870,20882,38611,4259,517633,598274
6574,4777,129219,40167,4907,1646641,1834785
9722,6500,645832,36500,4889,1846356,2551892
7055,5315,-76994,41871,6407,1841483,1827711
7314,4907,-13230,42797,6407,559578,610663
6518,4500,116996,66482,4074,1667289,1868063
4684,4260,820756,32704,4648,1716635,2586169
9055,6000,-104105,46333,6148,605842,571422
8814,5574,-53674,45759,5277,651672,666200
5074,4722,57829,39852,4241,1659123,1773268
8907,5315,125685,42333,3963,1656674,1846100
7999,5185,-72402,77889,4204,1664373,1690767
9018,5778,-76397,38203,4722,598117,581478
5352,4389,55754,92370,3889,1639680,1803656
9314,6019,120944,46685,4722,1682804,1872507
8907,5666,-94532,32815,4796,1861373,1821378
8888,5537,82249,83852,3759,1540537,1727212
6462,4519,-1598,34963,5018,1618051,1670119
8259,4944,107592,40574,5777,1541362,1710768
5851,4389,175355,42463,6537,1612430,1849155
8999,5315,-103880,53000,4555,1835944,1806619
4796,5166,-32561,42611,6259,1684070,1713767
4555,4852,43072,50074,5593,1668824,1779026
8314,5519,156261,47667,6092,1986726,2213024
5721,4704,-106159,43945,5611,588100,544793
7740,5111,-80765,41018,4685,1734089,1714138
8462,5574,543755,34278,3518,1800583,2398208
9777,6611,124743,43611,5592,1689802,1882673
9593,6277,-15363,39796,6019,2239424,2288376
5333,4482,-108840,42388,4963,633911,584534
9500,6315,-25910,46777,5741,1602993,1648231
7777,5000,69742,34074,4445,1625729,1749915
8593,5500,-105160,62073,5315,1620188,1598917
8981,5574,-96155,45481,5648,1676442,1649435
8370,5778,-49411,43167,6388,585537,601811
9444,6130,38260,93907,4148,1502231,1656157
8277,5204,154042,41925,6019,1671465,1888970
9222,6333,-50434,44203,5963,498098,515738
7074,4648,-73578,52722,4000,1628309,1625916
6425,4685,45815,33963,4704,1893247,1991284
8333,5185,98579,51555,5981,1689522,1861452
7999,5019,-100639,32574,4556,631209,583681
8926,5314,-76115,45518,5852,1987678,1979692
9148,5481,15426,39259,5630,1583472,1660787
8185,5370,67764,39944,4944,1666708,1795008
5777,4537,-134028,43556,6111,557784,486497
9037,6407,-84708,41574,6092,663798,644423
9056,5611,-50927,59667,3759,548275,577571
9722,6018,61800,35944,4833,1645135,1766082
8147,5185,244674,39296,4760,1659296,1963895
9296,5833,-92783,60648,5574,1829440,1820489
6333,5111,-48798,38111,5519,1614658,1623083
4592,4518,48929,42037,5592,1655024,1764026
8277,5408,126136,36000,4722,598989,781958
8722,5352,-106913,44573,5871,1796829,1757305
9203,5981,-80001,42074,5648,612850,598126
4852,4722,6336,51796,5463,1590154,1665398
5574,4870,99877,35630,5703,1583132,1736823
9574,6222,793749,35296,4592,1858606,2710003
5833,4685,-106317,47833,4982,644813,604182
7296,5296,-25665,42981,5797,1660340,1698656
5666,4334,46228,44407,6278,1561910,1671398
9796,5907,125454,69704,4074,2017958,2236486
8370,5426,-97707,38463,4611,675814,637978
4629,4963,-77906,44574,5092,555144,538367
8222,5481,11913,75666,3722,1628522,1735915
7611,6000,154342,47148,6223,1919682,2143043
8833,5370,-101077,41703,6167,1830548,1794378
8240,5130,-102258,34592,4907,589811,542960
9129,5555,-21180,51926,5926,1620689,1674341
8981,5648,84120,61629,4815,2019904,2187598
8203,5371,156328,106258,3593,1537662,1820174
4963,4407,-100555,33722,4555,1694639,1643842
8537,5685,-37995,45277,6389,1678652,1709731
6778,4666,78305,37037,5111,1516056,1650287
8703,5778,127179,48537,6185,568279,767143
5241,4777,-63500,36314,4834,1787064,1777490
4704,4296,-59959,52907,3537,2183317,2191302
8203,4889,126174,40500,6111,523470,711996
4777,4315,182234,37963,5741,1680162,1917396
8093,5259,-95520,38056,5796,1843250,1807601
5055,5056,-102367,41796,5963,1733505,1691157
8666,5556,14377,42278,6204,1635057,1714156
6796,4611,113456,41629,5704,1677904,1853304
11463,5926,180849,37814,5389,1683788,1927952
7203,5037,-92571,37444,5463,530772,495663
9573,5945,-32475,42611,6630,1645965,1680490
9241,6074,221158,37296,5148,586004,867366
7481,5296,191089,37852,4463,1786695,2034895
9370,6111,1233126,34259,5204,1668931,2959834
19425,4482,-75327,45000,6148,598694,601163
6240,4500,384639,39926,6388,1479054,1923248
8629,5463,541235,41462,5908,548647,1154122
8573,5371,454888,46018,6074,2224096,2748928
4981,4241,297819,54463,5629,1846539,2216524
9055,6074,478767,38370,5834,1829923,2370079
9259,5463,462253,40000,4889,530167,1054679
7981,5074,1696623,39999,5945,575271,2333634
5018,4500,219337,41926,5685,1874150,2153209
9740,6074,-45213,40074,4907,1638241,1656230
8721,5778,441308,52667,5851,542390,1058790
9500,6018,158147,40148,5482,514997,736329
8999,5241,598464,38685,5630,1699022,2359523
5759,4648,344489,41981,6389,637543,1043920
9333,6481,661529,41740,6204,1807049,2534800
5740,4982,884236,40611,4888,609256,1552565
7870,5315,954480,49556,4814,1591616,2616151
15203,3870,276100,44833,5203,1676223,2023562
8703,5852,-28654,32388,4723,1581830,1607323
8518,5259,68868,56667,4111,1628066,1773860
6833,4778,787221,33111,4371,2231816,3070611
7370,5203,549783,32278,4166,1777185,2378578
8463,5926,-43970,45241,6370,586189,610830
7981,5241,68701,42074,5963,1671195,1803304
8629,5463,133946,39296,6260,713771,910180
8500,5833,-106641,41130,5815,1737112,1694620
9630,6592,-75062,41518,5907,1611461,1602787
7092,4834,48867,41203,5815,1597549,1707619
9481,5908,475796,57073,3963,1594655,2148765
7629,4926,-22123,42926,6222,546120,588386
9518,6371,-98953,44056,5611,1726924,1696323
5499,4852,-23948,44907,5649,609907,649329
9611,6000,77815,40926,5944,1602193,1745082
7962,5074,183431,38981,5407,1640485,1883488
8221,5130,-84138,39648,5963,636209,613552
5203,4315,-52263,38166,5278,619964,623348
8315,5315,33518,45167,5092,1617175,1717546
5314,4704,134578,95962,3741,484789,731792
7388,5241,-91176,39185,6000,1799110,1768508
4907,4241,-75245,44722,5389,534205,520793
8907,5648,34111,37852,6018,1553139,1648027
7851,5074,109207,40426,5778,630807,801902
6851,4963,-109528,35018,5093,1959535,1904729
7704,5092,-107949,45518,5778,1733125,1691546
8333,5222,5388,36796,5167,1651565,1714601
9999,6334,63984,58981,3575,1739411,1885952
4759,4685,-133177,40185,4871,1913684,1837600
7277,5333,-101913,40167,4851,572170,530459
5092,4833,-51501,36000,4703,2107601,2109098
4889,4778,38595,72611,3296,1566988,1693731
7870,5407,121859,56425,4982,580230,778995
9722,6555,-88155,36574,4741,1816755,1788619
9555,6093,-86206,36926,4926,629943,604089
9444,6741,169,43555,5463,467088,535312
7777,5074,122728,41630,6203,590379,776217
9685,6463,-115007,43704,5018,1830663,1782601
5240,4519,-96188,64888,4760,580870,566682
8111,5222,-9350,75592,3741,554865,640830
4944,4445,94876,42277,6111,1608003,1762694
5018,4518,-133840,44907,4889,1893552,1821044
9129,5982,-92559,83555,3408,1977788,1989618
7352,5074,-40722,43463,6056,748994,772144
4796,4703,76524,39629,5556,539195,672792
5296,4833,138343,44462,4649,554301,754273
5296,4388,-103152,36278,4574,546279,496200
7851,5130,-77592,42148,5222,1642638,1627564
9333,6148,1764,46352,5481,1659449,1730823
5870,4574,110138,41685,6000,1604796,1775470
8648,5333,-122153,40222,5334,1851031,1790934
5462,5037,-109833,43611,5222,588293,540015
8240,5519,-29218,33518,4315,1643838,1668934
7944,5407,92953,39981,5704,1682925,1837248
8296,5500,420178,41944,5426,1794383,2277949
7573,5148,-103093,43333,6297,542942,504904
9648,6093,-60256,54444,5834,1678153,1696398
6870,4796,51045,42444,5592,1690705,1804230
8278,5407,118734,41463,4555,1665904,1847582
8426,5500,-95464,39666,6056,568368,535164
9889,6666,-77960,39852,4926,626031,611645
9129,5982,36155,37889,5722,1577928,1674879
6889,4981,99437,42667,6166,1715478,1878322
8555,5426,-106039,45167,5370,1837455,1798064
9462,5389,-112257,40741,3722,2021412,1970562
7944,5445,-3123,39388,5741,503694,561219
10000,6111,243028,84870,3889,1558702,1908878
7240,4500,188367,58629,3204,1651196,1915192
7815,5222,-106739,43444,4519,1810321,1766656
5019,4703,-52883,50611,6037,574602,590608
5926,5074,50936,53129,3482,1831682,1953285
5258,4186,191458,33315,4388,1843567,2084709
4759,4296,-105203,60815,3944,1770674,1741637
7851,5296,-77902,41148,3685,1733948,1715897
5777,4982,18954,42610,5278,1637703,1717693
4667,4851,154532,42519,5166,653408,868014
4130,4203,-101814,41685,5592,1852841,1809286
8648,5481,-104143,94426,3574,585084,595293
9796,6388,-16750,46278,3611,1992053,2044080
6518,4759,79680,61333,3093,1569569,1728304
8685,5889,203517,37778,4203,614645,877088
5185,4907,-95366,39889,5315,660455,623200
8203,5315,-47399,45889,3315,1731277,1749323
9129,5723,28790,33407,4908,1703014,1787156
4740,4389,152406,43314,6408,636367,849736
8333,5463,-67719,38500,5741,595067,587978
5944,5055,314210,40074,5389,544396,917383
7815,5315,1956,43093,5351,1899366,1965600
4795,4815,94424,46166,4963,602480,760328
8944,5981,-111163,40685,5574,1743394,1696230
8944,6315,-88548,38129,5704,564915,538089
9407,5889,103937,45796,5315,557929,730978
9740,6241,87923,40629,6407,1580141,1734008
8018,5148,145261,55851,5297,1660506,1882915
7148,5241,-108345,41814,5222,1910057,1863637
7314,5019,-60933,43092,5019,1626998,1628639
9425,6186,47311,37111,4852,548129,655440
9741,6000,132908,45518,3130,1706340,1906026
5833,4518,-104197,36870,4704,582731,532941
4888,4408,-70712,42092,5575,1608776,1597509
5815,4648,37755,41185,6278,1604012,1702953
8296,5333,108574,45408,3629,614903,788144
9629,6648,622891,54666,5223,566046,1267714
8611,5333,-81656,39073,5019,559006,538127
7925,5537,-30097,55389,3611,1691939,1737008
8185,5444,96389,43351,6167,1585138,1747341
8074,4981,147097,48666,4797,549269,765681
4944,4537,-90898,41166,5760,606709,574978
64481,4500,-95986,37944,5167,527076,545590
8999,5371,31536,47185,4870,1583084,1683323
5240,4500,137392,42389,6167,1681097,1879933
8185,5352,-100251,42352,4778,1866406,1829323
5092,4352,-63227,41666,6074,1640218,1636565
5741,4481,49091,42148,5778,1635769,1745453
9852,6037,134743,40574,5796,1586858,1785823
5499,4611,-110954,37240,5000,679322,622478
7926,5703,-72543,39945,5907,489707,479294
9130,5833,-31261,45481,5130,1607881,1644713
8500,5518,56984,44963,5333,576105,699755
9481,6537,161932,41019,5889,573730,801255
6759,4518,-62284,38592,5963,511615,507682
10166,6778,129552,43556,5481,520833,718699
8055,5629,29373,44481,6389,1715228,1811822
5036,4482,-92568,53389,3333,1924408,1900173
7333,5259,-113470,40352,5240,1863904,1811267
4925,4185,254644,51722,4371,1947898,2270320
8703,5426,38853,39519,5444,1522619,1623231
9240,5759,86506,107888,3963,490361,706329
7944,5074,-109044,46018,5981,1849257,1807804
8685,5759,-108411,44111,4704,1960621,1918118
8185,5426,-20148,48519,5629,1697823,1747878
9573,5963,76413,44351,5852,560306,705718
7815,5333,163065,39481,5926,536801,760977
8703,5426,-93614,39018,5722,547705,515793
9610,6334,-63277,43444,5667,1681934,1685879
9537,5796,24264,67778,4130,1707651,1821453
7870,5259,150750,39296,5759,1526018,1737045
6278,4500,-55894,37685,4815,1860179,1860026
7815,5074,-59796,41426,6259,1685008,1688472
4944,4241,5504,45981,4834,605825,673514
8055,5389,92935,51240,5889,1728240,1894322
9148,5685,254697,52056,7592,602853,934328
6870,4500,-81407,48981,5518,544035,531219
7778,5222,-5792,40240,3426,1577727,1631342
8833,5592,70175,55167,4148,1623889,1770286
8463,5277,336327,42370,6463,1759735,2160913
8926,5925,-79463,63277,6056,493109,499830
7388,5611,-38366,41277,6148,551475,575570
9166,6278,49138,40166,6093,545488,658718
5370,4592,157531,40870,5648,1670570,1887099
9832,6593,-83853,42796,6556,1637621,1622008
8500,5352,-70015,50888,3871,1693949,1695009
9074,5907,1765444,42482,5629,595635,2426838
6184,4500,129734,61333,3352,1696996,1904581
9630,6370,-124779,46500,5981,1811917,1758157
6407,5240,-80182,42352,5481,1693173,1674879
7870,5185,-32622,36796,5167,504916,529923
7593,5277,95789,42704,6018,499856,660126
10481,6296,140608,51093,4926,1695010,1910766
8184,5223,503962,39704,5981,1845986,2411522
5629,4814,-42567,38130,5981,1624762,1638953
8407,5204,67918,45352,5722,1542757,1678472
5814,4704,368236,40055,5778,590888,1017920
9944,6685,-110646,52426,5463,609217,575608
5278,3889,-88457,64926,4074,1711558,1703620
8740,5334,34677,41926,6296,1709868,1809174
8740,5574,108218,45185,4760,1836307,2010969
8277,5426,692480,39110,5741,1848079,2601151
23703,4630,-116864,39629,5870,667565,626663
8962,6704,-20416,70167,5851,1801683,1875803
5722,4555,59052,44018,5481,1691179,1812563
4555,4518,-141128,43574,5482,1785970,1705619
8722,5629,-75531,53463,5407,525992,526386
6444,4611,-45972,43389,6426,574024,591329
8907,6019,25088,33574,5352,548278,629608
8055,5148,119352,46870,6019,1676804,1864322
9555,6556,-62088,37093,4833,1915836,1913896
6000,4426,-89324,47111,4796,1676333,1651824
7406,4982,-3708,38703,5352,605890,661033
9018,5408,85962,83574,3500,1636694,1826249
8073,5167,-113051,43408,4666,635251,586274
5666,4815,-111583,56870,3574,1997109,1958951
10481,6574,-37394,41407,5481,1692403,1721434
9166,5519,53628,42926,6648,527664,649052
9296,6630,168169,40574,6019,1600560,1833860
8073,5315,-99102,37407,4685,1833074,1792711
6481,4759,-48116,42463,6000,1610977,1624602
9055,6056,44888,87073,3389,522146,674774
9000,5962,187855,36629,6111,1782430,2030506
8814,6389,-91843,40777,5519,1882110,1854193
8814,6055,429418,45834,5722,552113,1049993
9962,6778,-5076,64796,5149,1547825,1632268
6426,5055,89929,52814,5000,1651469,1813045
9370,5871,-138196,53463,5555,556712,494775
5074,4759,-93710,42037,6296,563522,529978
9684,5982,-35187,43407,5407,552925,584941
4611,4667,2027011,44259,6112,1667669,3756885
7999,5408,140100,43592,5370,1736019,1940803
24000,4648,-132340,61870,5352,1959440,1925044
8592,5204,-52224,38685,5444,1686048,1694249
6592,5666,27725,56462,4260,1703265,1806137
7833,5500,116598,75537,3555,1806557,2017932
5518,4500,40604,41703,6278,1589053,1689657
9907,6629,-95076,74036,3260,572925,574459
8777,6260,34186,45056,5907,496625,598626
6962,5000,104080,46852,6000,605008,776384
4870,4111,709063,37981,5648,1834607,2598521
19889,4426,-131300,44167,5481,1700160,1644898
8722,5611,-36295,39407,5297,1614156,1638954
9610,5685,66469,36814,4537,1654355,1779471
5518,4426,144972,40500,4482,592245,794754
5481,4574,401032,41166,6408,1650511,2111673
9333,6629,-67851,41908,5037,620051,617811
5944,4574,45542,73889,3759,1483578,1619601
9185,5796,134991,44389,5889,1609536,1812416
8259,5240,71903,38926,5722,1986307,2119765
9203,6334,-77000,40259,5871,1688230,1675509
5592,4426,36412,40518,5741,1685800,1780804
9296,5777,82972,64129,4260,1647555,1816322
6611,5204,-112746,40908,5703,626131,573867
6111,4407,-94537,44945,4925,1876638,1845248
4999,4111,-25347,46055,4630,1645578,1682230
8870,5500,69935,41222,7000,1620666,1755249
5370,4778,172735,39777,5815,1596347,1826841
9444,5815,-70074,31110,5389,2059730,2044007
4667,4611,-56052,47148,6185,584326,593219
9277,6223,39100,40130,5907,1679945,1783415
4870,4092,156549,39204,5796,2334454,2547373
8222,5481,-72093,38722,5833,567942,556145
9777,6796,-95292,42944,5185,630697,602718
8221,5093,12508,81647,4241,1508002,1622379
10481,5851,106809,37425,5982,1654811,1824063
6148,4667,560199,42185,6018,499702,1121771
4944,4093,-96849,41167,5500,1686376,1647638
9740,6519,-40122,40981,5315,606100,630552
4999,4241,76030,43648,5315,1686941,1823767
4388,4259,341571,54314,4204,552258,963494
8981,5611,-71516,41426,5278,521513,513849
5444,4445,-63752,37314,4019,1636094,1625750
9481,6056,22493,42722,4759,1608534,1696083
9315,5741,118126,63074,4055,551796,754218
9555,6445,72686,48148,6222,1671396,1816471
8703,5296,-52438,40056,5611,1649613,1659360
9518,6092,31344,60426,3537,1681368,1794341
8092,5185,85774,59963,3333,1697512,1862285
9481,6463,687332,41000,5574,574346,1326400
8259,5629,-108068,40241,4667,582657,535589
9407,6055,-30730,99111,3388,1575036,1664971
7111,4611,78570,40314,5926,1632809,1771786
6573,5093,947293,39481,5833,486884,1493213
9018,5574,-85938,36518,4778,668824,640756
6536,4482,-63953,43000,5685,1910645,1908785
5444,4593,29033,53573,3519,1679105,1777897
5055,4463,120426,49870,4426,1686970,1874081
8592,5648,-105865,43240,5537,1806911,1766489
4685,4444,-89897,36259,4592,1700999,1663787
8647,5463,1014,106463,3629,1509755,1638157
9277,5963,87796,38926,4278,1803526,1951729
9259,5851,-127902,59074,5555,1976077,1930081
7629,5574,-77916,36277,4760,1861350,1840286
7351,4963,-3301,29481,4315,1626755,1672194
7888,5463,71611,51888,3704,481164,624885
9537,6037,152133,44018,6333,1662523,1883063
5556,5203,-71417,39963,6204,519747,507997
7870,5352,-35005,39722,5833,562317,588404
5963,4500,506571,44925,4315,1894118,2462523
6592,5333,116781,84815,3851,606400,826976
9074,5703,25434,29908,4555,535248,612922
8962,5630,-95339,47555,4759,614855,588922
9111,6074,-6446,91518,3371,1544344,1650583
8481,5982,82002,49111,4797,1697653,1851693
10166,4889,170099,61926,5518,589470,844421
8278,5685,-107969,43667,5462,559670,517497
9555,6148,-2076,39314,5482,1590214,1651268
8333,5481,66373,44648,5444,1593118,1725842
5036,4685,-146159,45704,5926,1788334,1706100
8962,5593,-88155,39796,6019,573596,548534
8407,5426,-33150,42351,5463,1621067,1652861
5203,5074,24854,43574,5074,1570266,1656694
8685,5518,184784,41037,6352,1874722,2123524
8870,5537,-107452,66574,5056,571763,552330
9241,6370,-92540,46556,6259,1674734,1652972
8518,5445,5909,89425,4019,1573970,1689657
7352,5037,85265,54277,3352,580120,737514
7833,5408,168621,36888,5019,1711442,1937952
5314,4908,-100411,33519,4296,1902640,1852766
8870,5740,-30091,87555,3408,505940,584163
9444,5315,96209,41222,6018,490603,651663
9648,6630,154491,41703,6296,1579869,1801286
6740,4870,-3318,55203,3482,1584438,1653897
9185,6111,-46148,40519,6314,585348,603663
7444,5296,65579,41537,6000,1670429,1798397
7851,5260,153472,40296,5703,1657666,1872489
5500,5037,-98522,34999,4834,1938807,1892971
6481,4870,-95166,43741,5518,636126,604348
5351,4963,26579,36204,5203,1656726,1737878
4444,4407,128454,33685,4425,1823554,2001488
8722,5352,171106,38314,4259,1624810,1854934
9629,6408,-109352,45111,5444,643867,604996
9944,6796,-43236,58389,6352,1593967,1635157
6296,4685,94268,38907,5945,1585018,1737231
7944,5296,155717,91203,3370,1610884,1876804
9407,6463,-118593,45111,6018,1771176,1722378
7536,5204,-66663,49945,4314,541105,543848
9185,6370,21193,42278,4000,597914,683033
5147,4408,1712449,52445,5518,537685,2319801
8389,5351,-79352,44333,6055,546091,533608
9018,5629,-97829,41925,4723,1677635,1643656
8352,5907,-7233,77463,3666,1615020,1706546
9203,5982,163289,44259,6167,1815735,2047525
9518,5889,-115650,41074,5667,1784324,1733508
5277,4648,-74811,37481,5352,512438,492886
9889,6888,-26214,30907,4593,1643242,1672027
7611,4852,64289,44370,6370,1648312,1778156
8074,5555,155979,40407,4982,525887,743533
7592,5129,-95330,38889,6092,1810024,1774693
8055,5500,-67234,38000,5352,588971,581144
5481,4278,38641,53796,4778,1916829,2026210
9351,5685,108145,38111,4759,615684,784902
9463,6277,50669,39870,4667,1618543,1732212
5314,4371,-78531,45148,3093,620082,601867
9630,6481,2400,46981,5759,1612943,1686361
8036,5352,147978,34092,6500,1945955,2150339
8870,5482,-117350,40426,5870,1863617,1809582
8204,5185,-97123,40573,5945,521935,487423
9740,6278,-27916,43408,5888,1708702,1748378
8037,5185,87144,39759,4945,1640863,1787989
9796,6611,177370,34741,4889,1633322,1868785
9222,6537,-110180,35167,4593,1902112,1849526
9167,6074,-29786,40573,5537,525061,559330
10073,6870,-65966,33185,7944,644463,638644
9721,6352,111834,41203,4759,1725878,1901803
7703,5056,-103717,40389,5574,2085705,2043654
8463,5240,-79768,40315,5445,2221903,2204080
8314,5093,-7320,56148,3778,1651161,1719693
9926,6259,88037,51685,3796,1869414,2031248
8555,6371,767723,35185,4500,2074463,2899465
6037,4981,-116046,43611,4834,1877850,1823193
8092,6611,-88245,36500,4722,1768402,1738119
8703,5463,65203,42296,6445,1599139,1730101
7851,5204,525594,56667,5537,1751392,2355152
9314,5759,-88620,38666,4741,1885462,1858841
9685,6407,-70579,42481,4315,1724977,1720027
8018,5315,23128,45908,6277,523591,614607
8629,5685,125874,51981,3815,1847022,2045303
6333,4796,-97473,42852,5592,1722352,1686638
9314,5778,-101913,36981,4334,1732273,1689249
5370,4000,-4464,54685,3740,1996397,2062062
7389,5333,96336,49833,3741,1675209,1840211
10055,6741,186359,45648,6018,563248,821829
7259,5129,-82469,40278,5444,1682719,1661472
9555,6278,-42205,50814,4871,1668788,1700212
4963,4259,55391,41297,4092,1692487,1804619
9537,6000,155932,58944,3463,1611502,1847397
9296,6185,80197,40222,5815,2136753,2280505
5962,4389,-45595,39315,4704,568499,579330
9555,5741,-120145,45388,5908,1865412,1814415
8926,6018,121654,38537,5815,571397,754959
5629,4426,-103544,37685,5815,1779793,1732064
9981,6667,-104095,40259,4833,1706789,1667120
7703,5204,-9017,79888,3723,534495,625440
9630,7055,91321,41796,5092,1562077,1719435
8499,5741,-109637,42963,5815,616097,571885
10092,6574,-79280,40907,5555,1815882,1802619
7519,5092,627424,47241,5352,1686969,2382153
7574,5148,99987,41073,6334,1651188,1814008
8351,5278,47362,38926,23815,2031977,2158228
5684,5037,-67484,39203,5907,1944807,1935729
4222,4426,741367,42908,5574,620253,1422084
8204,5055,-55531,39981,5667,592972,598478
9907,5981,124639,44315,4999,1663851,1856026
8777,5871,-132004,52389,5537,598982,541552
7296,4759,-98592,39796,3963,1721508,1681360
9018,5370,-14476,40981,5092,1637227,1685749
9999,5630,94324,39592,5426,1664944,1821896
8129,5148,165958,39518,5259,1711698,1938118
8407,5630,-114556,71074,5371,534367,512867
6481,4945,-24570,52796,4056,1871855,1917674
9647,5519,85860,43204,6315,550821,703773
9703,7315,173457,38815,5555,1653625,1890563
5110,4982,-70186,36463,5593,577867,562478
7574,5074,132485,34518,4945,1519616,1706342
9240,5611,17175,56148,3963,1682981,1777044
8241,5222,914546,38426,5611,1716197,2690596
9000,5759,-79205,43426,6370,579331,567145
7258,5834,-98145,65519,3703,607327,593570
6277,4593,391784,85185,3278,567043,1061049
5277,4370,81253,61111,3056,1670255,1827748
8814,5963,-123741,42462,6241,572258,514756
4758,4445,-117978,49407,6148,578179,527959
9018,5555,-21289,39834,6351,571397,613311
7721,5574,77512,38667,5814,638225,775384
8981,5778,149256,41259,6111,1590789,1804378
8944,6500,-120941,44500,5759,1848505,1795786
8500,5278,-71752,56407,4018,1720316,1725749
6926,4981,22215,34963,5334,1625071,1702064
4629,4649,111663,44315,4648,1700733,1872952
9926,6185,92242,35630,5166,1990764,2142099
5370,4815,339412,37760,4592,561397,955865
9851,6408,-16934,47556,5037,594355,648996
4351,4463,82590,91740,3796,1882806,2072617
5981,4741,594110,30203,4556,1818098,2460985
8407,5463,515633,52704,3500,1682705,2271116
8870,5482,-22305,41148,6352,517709,559645
9777,6537,60404,73444,3648,1654956,1811526
8555,5370,134482,36000,4130,599698,790791
9574,6704,-116809,63018,3908,1861427,1830564
5388,4463,-68415,30981,4704,1689054,1668860
9110,5834,52718,41648,6444,1848863,1967414
5574,4648,109370,75018,4593,1644674,1846730
6407,4815,-111569,45611,6074,549677,503442
8610,5352,-84193,68129,3759,578413,582737
8740,5334,88,74555,3648,1774272,1869433
8815,5685,75518,34704,4574,595700,727274
9777,6686,-114606,42074,6277,1739726,1692712
8870,6351,351656,38241,4981,1673369,2086543
7462,5259,-40504,84610,3537,1612681,1675712
7833,5352,65685,41444,4944,1562787,1690194
6074,4518,213115,38073,5612,1982779,2252727
5852,4814,-103027,40351,5759,636599,593163
4499,4574,-66634,53370,3796,593594,595941
9110,5463,516571,49833,3500,1974081,2560762
8073,5833,106467,43888,6593,1744134,1918358
9704,6740,-113787,34407,5204,566507,511257
19500,4463,-108506,40185,4797,600502,563756
5907,4666,36,34018,4963,1703473,1755360
9241,6018,81170,34685,4666,1683487,1821323
5056,4888,169600,40778,4555,570877,797792
10370,6259,251623,45277,5759,657687,979087
7907,5370,-29631,43111,6333,1649696,1685304
9425,5871,45669,51259,4796,1606099,1725564
7000,4889,-145992,46185,6129,560212,481405
8426,5463,-68303,35944,4926,1995310,1983803
9074,5685,-59484,47093,3537,1677214,1686434
5888,4519,20335,61296,3908,1660858,1758823
9648,5925,141710,39278,5315,1690075,1894026
8370,6185,-111932,37166,4834,1773904,1721286
4796,4833,312977,32611,4945,589147,952142
6129,4463,-7480,97296,3500,1588377,1695101
8499,5241,75154,42259,5574,1891427,2030691
8814,5815,592915,45000,4926,1859477,2519596
7759,5259,1114659,47518,5593,1856082,3040371
8555,6019,-119091,37500,5333,659514,600552
7500,5129,84969,35074,4611,1693872,1833897
6092,5555,150084,43685,6241,1860108,2075191
7944,5074,-93337,46815,5889,1889548,1865211
5111,4185,-50258,42314,6186,527792,537386
9573,6222,15487,77259,3778,1552281,1666638
8777,5593,579748,54259,3796,1726738,2381430
9037,6518,-121929,34740,4945,1835882,1771230
8740,5296,-104202,45666,5222,1697767,1660897
9704,6352,-13532,42073,4834,567102,618978
6111,4629,134120,45815,5759,543691,742533
8111,5185,-117041,41222,6389,723593,670126
5296,4667,-87444,42314,6223,682903,656793
9630,6574,-47977,41240,5241,1586801,1604065
6666,4667,48657,47870,5555,1662037,1777841
8407,5222,164698,37222,4759,561927,784884
8536,5334,-114500,36592,4834,1820860,1764489
6073,4500,-38717,41481,5407,1654005,1675823
4407,3981,20657,44907,5241,1595630,1677230
4907,4333,140457,65741,3888,535261,756606
7869,5056,66295,42056,6296,1634954,1765508
8463,5333,-102607,49537,4759,591160,559256
7796,5370,2397,40093,5777,1681686,1745563
5092,4315,47735,33481,5056,573835,671959
9832,6223,159757,53685,3741,2283672,2519207
9203,5926,-84348,81611,3815,1916448,1935618
4851,5037,7397,45241,6018,1639315,1710508
4777,4797,57697,48333,5685,1630607,1754452
9314,5556,144257,41241,5759,1588565,1796767
5407,4222,-49385,37333,5185,1837078,1842415
6444,4815,-69492,41000,4019,597340,586793
10148,6796,13105,40148,4574,546410,623589
5648,4333,118516,36371,4629,564554,736033
9777,6408,-5553,35407,4741,1951634,2004358
8648,5611,-102789,63704,3870,1704871,1686638
6704,4759,490639,42056,6370,1850865,2404005
8074,5333,77331,49241,6204,1682473,1830767
10185,6907,648889,68333,3741,1664653,2405319
8388,5130,-113252,37482,5222,1869796,1815581
7388,4704,-34710,49481,5759,1619553,1654434
9277,6333,43850,34944,3889,550777,651533
10111,6352,128853,44648,3611,1666636,1862989
7851,5315,-115492,44055,5648,1713057,1662638
8204,5463,-74192,41666,3834,619725,606867
7240,5370,17109,50222,5148,1704140,1791285
6129,4982,106557,42037,4796,1660858,1827397
4981,4740,-113437,50222,3185,538287,489997
6315,4666,-100081,68982,3796,611207,597237
5518,4389,-13928,45666,4759,1579049,1627879
5352,4277,119020,37537,4759,1958357,2131599
5074,4463,551745,57796,5389,607766,1234974
7777,5223,-112470,33351,4556,587337,528238
9389,6129,-48410,66148,4130,600814,640534
4962,4445,49205,44685,5629,1688988,1800563
8869,5500,150062,40907,6074,632915,846772
9203,6278,-92730,52871,5518,1843349,1827230
8130,5370,-75984,39722,4926,1681308,1665898
9203,5926,49631,40222,5704,1570729,1683990
7796,5000,136450,49777,5852,1722058,1929007
9648,6204,-100415,41389,6148,2180069,2145173
8481,5112,-106596,49000,4370,608796,571830
5241,4777,438759,39407,6333,1917543,2414653
8129,5130,290856,38167,5611,1751372,2101951
5518,4426,172713,56130,5296,1937515,2184080
9389,6259,1514712,39611,5500,690182,2267876
9093,6037,609535,44203,5426,3414533,4091328
6092,5222,110896,40518,5944,2014407,2185505
8185,5500,40343,39574,4815,2181143,2281912
7667,5407,2054246,46870,5445,1792194,3913884
6518,4685,328242,39388,5408,2463149,2849594
7462,5445,320616,36759,5185,1924019,2301523
6852,5389,84157,51018,5371,1963348,2118191
8277,5889,-118559,39314,5315,1917641,1860507
9185,5000,480442,40167,6259,584699,1127901
7925,5371,29653,39444,5759,2336759,2427671
7592,5074,266230,45741,5777,2587123,2919908
5314,4759,2094486,55574,6000,1938360,4106845
4129,4797,329389,35296,4833,2005542,2385819
4611,4592,90542,39870,4667,1915983,2062284
9296,6093,48046,43462,5537,1845054,1959859
9370,6018,175939,38796,5500,1959493,2197172
9555,5574,-100389,42055,6037,541386,506997
5870,4630,-72903,76073,4186,1821873,1842489
9537,5537,16212,92648,3185,1624074,1753638
5741,4444,107328,50351,5000,592891,768959
7407,4945,-113630,43870,5389,1891952,1842082
8722,6055,-69921,38611,5555,1660283,1651287
9333,5685,-18991,44759,6426,1671574,1720749
8203,5204,105401,55666,5111,554484,736477
9184,5315,436794,55629,5278,1838433,2353467
5611,4815,-115663,46518,6223,575882,526312
4722,4315,-37973,42629,5889,607692,629385
8185,5574,44661,40962,5426,1683829,1791249
6740,4778,180720,38259,5574,535239,773736
9870,6759,322613,42815,6500,582808,973920
8611,5778,-74566,39685,4444,555230,541719
8184,5408,426177,42889,4907,1724032,2213727
8500,5574,107498,42185,3870,1631288,1801712
6796,4685,198484,42240,5260,1953262,2213394
6444,4555,-74788,38296,4278,1706686,1687842
10092,6037,8086,32722,4296,1666034,1729619
7647,5037,75924,48463,6037,1654621,1799767
9093,6555,-133700,34759,4481,1759635,1683213
8666,5407,-60251,33129,3963,1947204,1940544
6314,5056,-36785,55593,3944,582818,619663
7815,5148,39109,41111,5351,1636085,1737360
4907,4463,135224,75277,4593,1713524,1940285
8314,5222,-115566,52573,3297,1842408,1799526
9500,6241,-81840,32388,4889,565819,539405
6758,4630,28646,36222,4833,1686677,1770804
5926,4444,117817,70499,3463,615994,820662
7759,5352,-117604,35537,4593,1926981,1865008
7685,5314,-107636,34981,5334,635503,583274
9092,5630,-9577,42814,6130,535444,591904
9573,6297,64446,31907,4833,632309,751255
7333,5093,-130549,40685,5982,1774094,1705046
9426,6130,-120989,30426,3648,684448,615145
6129,4815,-40929,52518,3852,1674845,1703342
8944,6148,61316,72499,3408,1619766,1774211
6684,4871,137764,30815,4093,614638,801532
4499,4500,-111933,39352,4777,659653,603478
8537,5333,-44077,41963,5796,1887455,1907674
4722,4593,13130,40982,5685,1639396,1710953
9721,6019,96468,46852,4555,693824,859457
8130,5648,-124563,40407,5685,1894812,1832786
6778,4611,-83115,60371,4907,586796,582701
4925,4334,-14610,73518,4111,1670581,1745656
8889,5500,-115068,85629,3167,1676058,1667676
9018,6037,156416,53685,5760,1672683,1905840
9481,6574,-115892,64500,5796,1837715,1810693
5796,4481,-6832,40036,5667,1643786,1695675
8703,5371,521595,40055,5649,2014870,2598744
4870,4648,211657,42203,6148,2021293,2293245
9518,6630,-113837,39463,5685,1866326,1816360
5944,4463,-36278,36445,5426,1724859,1743952
4592,4667,20357,46851,5778,1672078,1756823
6796,4759,143602,55648,3740,1853757,2070358
6296,4704,-117541,58963,5481,623890,584478
9666,6519,-95778,40593,5537,1686749,1655972
5518,4592,1227,85426,4111,1593411,1696619
7129,4796,83065,46407,6092,1679851,1829859
9204,5370,-138134,46463,5704,584649,515886
8630,5296,-68722,34944,4463,1669342,1656750
8555,5611,-49495,35555,4574,1889429,1896674
6055,4352,43712,45019,4648,1620759,1727138
6981,4926,147161,57963,3555,1707643,1930637
8666,5926,-118259,33018,5167,1854341,1791285
9647,6222,-74477,39630,6352,1706245,1697119
8240,5482,19138,87000,3500,549747,675514
5370,4666,125828,48444,5796,1744254,1937062
9222,5740,-88408,38741,6019,1847971,1821878
5352,4704,-85663,34815,5759,576215,543960
8981,5481,-14639,35036,4963,1687519,1730175
5240,4889,73772,72740,3648,1704551,1867377
8148,5444,-126167,41370,6556,641571,579052
5444,4444,-107051,66740,6148,1891652,1869359
8111,5111,831023,55092,3870,1771221,2677410
7500,5111,39660,47056,5703,547929,655422
9369,5982,158109,51759,4667,573849,806495
6203,5259,-122200,35056,3963,1870893,1802415
10240,6796,-42844,62630,3314,1655594,1698008
9259,6203,54513,41851,6408,1714458,1834656
7536,5093,97998,41444,4000,603979,762495
9555,6556,-114664,39482,4481,1742542,1690008
6129,4556,-85326,41185,6223,605322,580071
9667,6537,882,43074,5981,1670349,1739083
6185,4704,75942,43778,4481,1865694,2003433
8611,5111,175446,46037,6129,551661,795680
4610,4741,-82937,33889,5093,1868685,1836970
4610,4186,-42470,64944,3648,1703571,1741045
9074,5648,144590,42537,4889,1775472,1984192
4814,4592,138558,52962,3260,586864,793513
9574,6537,-116956,41370,5037,693471,641737
4833,5185,-70674,35352,4833,1627942,1610064
4092,4778,20164,42685,7463,1664436,1746526
4518,4908,125816,41926,5685,1666691,1851989
9815,6333,57247,42685,5537,1571336,1695638
8907,6241,-110581,45889,5463,1682497,1641102
9074,5593,16978,41481,6389,1866473,1949452
8981,5352,98464,36370,5352,1631877,1788767
5703,4963,426967,40482,4796,1861648,2347319
4703,4611,-119414,39962,5149,1735886,1673027
9018,5852,-52281,31500,4759,1743715,1744823
9574,6481,38520,78814,3815,1585674,1724971
9037,6037,142783,75444,3315,1885334,2124025
7981,5407,-489,33963,4222,1887645,1941229
6351,4686,-62911,80463,3555,551445,586200
5315,4481,24279,40500,5092,1674637,1756712
9648,6278,108764,43370,5704,570991,746718
7666,5370,-118119,36185,5075,611078,549293
9796,6629,-75540,35222,4593,616518,599978
8852,6222,-21777,47963,4648,1705730,1754249
7888,5389,106542,42166,6334,1901149,2071765
8722,5315,154972,35741,4963,1655794,1868008
8592,5555,-104577,36851,4537,611056,564756
5407,4315,348517,42000,4982,1741451,2148913
9148,6074,130449,40703,4519,570324,763792
7796,5148,127565,57296,3648,480653,684811
6518,4834,-111152,39907,5555,616094,564293
4684,4204,-77851,36629,3815,635515,609478
8592,5259,7875,40778,4704,1666263,1736249
4981,5037,151342,35426,4703,1904312,2108709
6963,4963,5125,49314,6648,1576310,1652305
4963,4296,-110555,56592,3741,1898785,1860767
10555,5722,-23699,72722,4074,1993446,2065321
5073,4611,68213,55037,5722,1667203,1808600
8963,5852,-125894,40667,5704,1957530,1895156
9611,5833,-78259,43426,6333,1876026,1865100
8463,5722,-54644,43463,6000,1591079,1602454
5389,4833,35953,110388,4093,1610722,1774638
5352,4407,135661,56296,5926,1671180,1881211
8184,5185,-105333,35796,4852,1849008,1800767
8426,5351,-76958,55166,5204,544752,544330
5241,4777,30639,40277,4963,1682685,1771582
4593,4463,105716,40685,4741,670927,833347
8555,5352,-124019,40518,5704,2023100,1961192
8351,5185,272114,49500,5426,593751,936698
8463,5555,-23417,42499,4260,1600908,1640287
9221,5982,70827,42278,6333,1675255,1812156
6814,4444,196980,33666,5778,1627139,1877025
7277,4945,-118793,35667,4981,632604,569459
4666,4834,-48770,34166,4704,616322,618404
9500,6037,945953,33888,5056,1701309,2704503
5129,4760,126498,43555,6407,1836102,2024858
4259,4425,-85366,36759,4685,1869986,1837544
10963,5814,-49695,37944,4685,1676649,1688434
8703,5518,39809,43018,5259,1608830,1713452
9055,5759,113535,43185,5574,1639547,1819174
8703,6277,-120589,46111,4889,638660,586477
5425,4408,1479871,33722,4796,556654,2087395
9185,6741,-23636,86851,3722,1566238,1651676
8758,5519,67683,46611,3259,1620825,1754989
7129,4926,-125534,41982,6629,1837802,1776304
5425,4648,-103029,41352,6148,1721760,1678953
9111,5685,-45544,41389,4907,569763,587459
9166,6074,39071,39537,6167,1664437,1766878
9499,6593,128927,41315,6185,1633673,1829007
5277,4593,-116771,50500,5630,572656,524256
8759,5352,-78099,100129,3740,1612072,1654324
8407,5500,15294,47870,5500,1640604,1725194
5851,4500,140816,39000,5130,625420,823939
9740,6611,-95289,39240,5148,1706243,1674360
6704,4851,-106488,74296,3463,1668497,1653768
7870,5352,-21281,59481,6352,1599382,1659731
5148,4666,97557,35981,4648,651624,801643
9018,5185,157728,67667,4129,1560706,1807026
5147,4852,-113748,72518,5741,589967,566756
9352,6444,-54207,66241,4000,1622049,1656064
8093,5240,518129,41852,4629,1964634,2544596
8055,5278,177449,41685,6112,1823279,2064580
4740,4667,-87582,51926,5981,588227,570608
7870,5148,-83429,49037,4851,1672679,1659675
9259,4944,14742,42556,5518,539477,618922
9889,6148,102912,43685,6556,1662447,1833656
7537,4963,-111008,35815,5074,634949,579553
6500,4426,-89763,51574,3722,629260,608163
9630,6185,-13185,43908,5018,1676063,1730120
5814,4371,68801,32111,4204,665694,783532
7167,5444,155750,44296,3852,1703998,1923026
8592,5370,-97763,47648,5537,594297,566033
8889,5648,-21870,41259,6315,551274,593830
6500,4222,44264,61704,4981,1518523,1643398
8925,5667,148009,42444,6259,611376,824865
9481,6760,-68986,34389,4315,627574,616349
7092,5537,-75592,44130,5759,1718638,1707638
8981,6093,5931,45166,6500,1632597,1708175
6852,4463,122323,37259,4889,646172,824255
9240,5741,-123319,41981,6352,586538,528922
9740,6130,-91778,45352,5870,1871952,1849507
5277,4722,-15884,41222,6148,612658,657088
4389,4592,98750,53314,3889,692542,859884
9722,6148,178735,43185,4852,523816,769162
6481,4740,-87555,74222,3703,577201,581441
9852,6166,-51532,31722,4240,1673190,1676305
5407,4704,53879,43111,6296,555766,671552
8925,5907,128847,43185,5629,603039,798273
7426,4870,-106982,33408,5166,596016,542664
9574,6259,-50866,45259,6185,645936,665237
7759,5296,40582,62315,3685,1692185,1814174
7944,5334,126142,32666,4630,593446,772255
8536,5574,367627,65315,4166,572108,1025938
5963,4518,326077,41148,6129,583233,969643
8574,5907,744135,40740,6222,1712888,2521133
7185,5685,632695,40093,5833,1806957,2501337
5204,4944,453238,77981,3926,1744267,2292061
4296,4333,-117163,47482,5740,571994,519423
9574,5907,721746,36555,4722,551414,1332492
8592,5260,452029,42592,2963,608742,1122623
9537,6630,525885,50814,4889,1874804,2474911
8574,5685,35114,33148,4500,1589247,1678861
6870,5111,429339,47296,6166,547155,1044142
5037,4611,141363,40704,6111,1857717,2057525
6814,4704,182794,65796,4259,1959656,2226116
8037,6000,569204,35092,4963,1594653,2219950
7685,5500,322839,33444,5500,524767,902421
8999,5815,-16951,46018,5778,453115,505349
6018,4648,72350,70092,3741,1667269,1826600
8333,5185,381427,43296,4463,2428742,2874113
5240,4574,-104455,37500,4703,1946889,1896674
7981,5574,2974,87611,3444,465523,575829
9870,5759,52701,65518,3612,1495826,1636953
4944,4704,303889,53389,3278,1562506,1935118
8370,5426,-95437,50685,4278,643804,619719
8722,5852,-85192,33981,4000,607411,577701
5370,3982,48645,42111,6315,1690918,1800064
9129,5908,166334,56259,3760,1868264,2111765
6703,4741,-118882,34333,4704,662860,597237
8240,4963,-88562,65148,3555,1670238,1666342
8592,5889,5775,32962,4537,1609382,1669582
9981,6111,71557,41092,4611,1638192,1774267
6629,4704,-117605,31537,3889,606842,538349
8870,6426,-95044,42925,6593,605634,578386
9148,5852,-29077,43999,6241,1534661,1573620
5870,5222,45242,38963,6018,1577045,1681657
9703,6204,130709,42018,4482,1716705,1912211
5611,4630,-110138,38982,4111,1745183,1690546
4555,4722,-54929,41648,5056,1603586,1607509
9129,5592,49446,87036,3500,475293,632422
7981,5167,492540,41759,5926,1910927,2466633
9314,6130,645229,35408,4500,688466,1391232
6999,4945,-104282,48204,5593,1671216,1634657
9666,6204,-23388,68203,4037,1694452,1761323
4999,4704,66338,30426,4667,601842,715106
11092,6944,172972,39815,4389,1684276,1921914
7759,5222,-115985,47629,5723,633018,586034
9185,6111,-12240,42907,6093,1590601,1645083
8389,5389,61949,34240,4556,1695077,1812341
6444,4463,151861,72888,4445,1584777,1827267
8944,5667,-98764,40389,5000,624316,587589
9722,6796,-83888,75870,3685,1597601,1612435
6611,4704,28467,42889,4463,1629171,1718490
7629,5037,128231,45740,6148,1595352,1790489
8278,5407,-116671,40148,6093,618686,564682
9832,6815,-117444,40963,5574,1701138,1649008
5518,5148,-19255,44352,5463,1612375,1656064
6685,4889,71286,45870,5482,506117,642681
9388,5908,-147727,43463,5666,1756014,1675323
9425,5648,625905,39999,5111,1731304,2420096
5277,4278,-54088,35055,4482,1721837,1719638
5073,5037,39250,40999,5723,512284,610718
9777,5963,131032,43092,6667,1696365,1895304
8611,5352,-87593,39481,6130,1772823,1747527
5166,4222,-51329,72389,4574,1915892,1953451
6518,4815,11619,43722,6056,1655148,1730360
8778,5463,96697,78741,4185,1618607,1814897
9111,5796,-113833,37277,4500,577442,522979
8519,5296,-108737,90426,4370,601326,603867
10222,6648,-28881,43704,4907,1753037,1792101
8833,5667,74679,45592,5926,1723199,1866378
4963,4667,-141205,44093,5574,1937082,1857878
4315,4352,-114737,48129,5963,1684598,1634935
10074,5685,-58732,37518,4889,1660982,1662565
8426,5352,84679,69462,3685,1599959,1773971
9537,5981,120239,53370,3074,584905,779181
5648,4648,-126830,58130,6537,1806430,1757341
6129,5259,-61325,88852,3314,557230,602181
4333,4370,174604,53241,3222,2109419,2351726
9203,5870,87813,35834,4963,586164,732458
8222,5944,-93625,38499,4389,665789,631904
5426,4500,-87936,65036,3000,592730,585293
9907,6722,-28210,92963,3241,576261,663644
5685,4370,68350,40815,6203,1616122,1744323
8926,5648,366335,40740,6130,517030,947180
8925,6537,-116010,65222,4593,576729,548682
7574,5167,-50358,49296,5518,1682404,1701583
9592,6259,39943,36407,4852,1642195,1742785
9425,6759,127058,44389,5908,1882263,2078247
7036,4815,-120084,35018,4611,1942129,1875748
9111,5926,-88173,42815,5963,1864939,1842545
7926,5111,3757,49019,5333,1700584,1774786
8462,5260,90502,39963,5741,1662949,1815248
9740,6575,-116715,47241,6092,1791501,1746675
9536,6408,-109803,47722,5760,642761,605255
9110,5556,-18724,37685,4981,579721,620144
8944,5648,66021,47944,5574,1676432,1812952
6981,4722,271951,45685,4629,1851389,2187561
6648,4926,-120858,39778,5777,1708663,1647953
5666,4593,-55168,38740,4685,1689066,1691323
7685,5574,29762,32426,4537,580531,662663
7833,5629,137729,44130,6204,1723963,1928229
5185,4556,-109488,35574,6241,1963032,1907693
8037,5185,-83594,33074,4759,1902639,1872859
5111,4759,5966,48981,4648,1927930,1999507
9518,5814,136340,43926,6222,1828537,2032469
8888,6037,-83654,33926,4425,1840589,1812674
9240,6297,-90946,45592,4333,1639807,1616805
8184,5408,-29183,111518,3871,1619228,1722489
5981,4889,73933,43851,5834,1626427,1763082
8351,5260,149696,36574,4370,1690737,1897007
9963,6777,652625,31704,4277,1878749,2586688
5833,4685,121391,44907,5963,1867541,2052728
9610,6000,28600,49055,4759,1626798,1727138
8889,5314,129400,63315,4037,1586090,1799360
4888,4648,-95520,67148,4148,1832139,1819581
4018,4704,-83886,48074,4981,601846,581775
9647,6630,4285,54277,4593,1978259,2059895
8203,6296,88011,53907,6389,536930,701681
8388,5093,-113150,40426,4518,573110,520441
9296,6778,-86905,64111,3407,1656451,1655435
9074,5833,-21252,46129,4704,1646391,1692916
6870,4296,67122,35852,4481,701762,822643
8925,6204,149201,45814,5871,1654659,1873452
4722,4778,-95664,38092,4463,1834691,1793730
9592,6222,-59030,42148,5685,541620,549163
8777,5852,29622,32167,4907,1745830,1829933
4963,4796,360589,35074,4518,1723936,2136673
8981,5389,-126238,40148,5722,1855672,1792360
8741,5648,102376,31056,4611,1854834,2009933
4981,4500,17289,45907,5370,1588702,1669508
9592,5630,88626,69537,3815,1724696,1904322
4296,4704,-125387,73945,4203,1959061,1923656
8259,5333,-117104,63611,3407,676268,642108
9500,6611,-28119,64222,6037,1611516,1672249
8962,5130,63997,78814,3241,1552919,1715601
4648,4666,-129349,39648,6407,1762433,1691009
4981,4722,-87956,76351,4222,1693373,1698434
4462,4482,-51119,35963,4556,1873033,1873748
4148,4759,33108,67499,4167,1628715,1745952
8666,5259,155575,42981,6149,1664617,1885877
5073,4871,-97568,35333,6093,1791742,1747563
8814,6093,-94267,41759,5852,1671961,1643027
8092,5296,-985,63482,3926,1726863,1809267
4963,4592,96502,84999,3334,1591451,1788360
5388,4593,-77679,33407,4111,1846724,1818692
9167,6222,-115600,46722,5648,632560,587515
5110,4223,-22855,63536,3982,1858844,1915488
4499,4167,91186,38500,4537,1610674,1756193
9611,5277,157080,60629,4000,1618521,1858563
8351,5204,-120341,36889,5926,1796830,1735545
5295,4500,71,85815,3685,1544290,1646342
7833,5111,30705,60185,6222,567624,680051
5018,4815,131931,62944,5760,1707539,1920063
8870,5389,-107155,40407,6055,1911404,1867656
8666,5704,-64799,48611,4870,588185,593700
10278,6888,710573,33074,3444,568383,1335455
8129,5278,130709,44036,6056,1673299,1870266
9314,5926,-121433,46722,5944,600820,550034
5888,4908,-105559,61500,3703,1672735,1645805
8370,5463,-30628,44537,5944,603403,639386
9870,6852,104357,37574,4611,1689892,1855248
7740,5148,-154026,40445,5888,1770906,1678768
9629,6444,-89040,33741,5074,600685,568997
8444,5648,-52888,34630,4814,538867,542274
6036,5186,39857,43055,4500,503343,604348
4277,4407,316213,40703,6037,2048181,2421855
7296,5648,-126762,41222,5925,596056,531997
9704,6018,-78147,100648,3870,1611619,1656250
7092,5426,7079,32685,5333,476029,535996
9555,6167,87398,41278,5092,631560,784440
8630,5074,-94985,31944,4204,1798178,1755694
4555,4223,-90796,69926,3759,1694860,1688953
10092,5370,-19217,42667,5870,1890057,1937303
9221,5797,67954,38018,4796,479358,607681
9536,6389,-145059,30871,4592,1810327,1718656
9463,6333,-81647,39148,6259,1937933,1920100
6666,4907,-53105,35833,4722,1634578,1636064
8777,5685,39306,50222,4685,573672,684866
5092,4852,122995,41352,5685,1694920,1877063
8203,5352,-130425,44741,6315,1982858,1919674
9147,5649,-82236,43019,6351,595270,580996
9222,5963,11565,41129,4889,1696054,1771212
7055,4889,517179,46370,5648,1877936,2461393
9314,6167,560812,89278,4037,1627211,2299245
8814,5778,-119883,56666,3834,1672670,1629861
10259,6333,-31676,44185,5000,591506,628218
5814,4741,61366,57018,4241,1604124,1739638
9037,5370,150592,42667,6148,581922,797773
9685,6055,-101161,33815,4889,1691114,1647046
5222,4500,583581,40981,5037,1774553,2417486
4425,4278,30440,67222,4111,1697401,1810600
7074,5130,128222,79036,3667,571477,796996
9073,5593,-128513,46000,5796,748898,689662
9203,5667,-81916,35388,5241,1697555,1673638
5611,4648,-1579,44519,6185,1686476,1748286
7851,5130,118888,33908,5222,1674341,1847433
8425,5019,-123439,37963,4851,1935910,1870952
8166,5870,-112472,46926,3426,1721129,1675027
5111,4981,-16153,43519,5166,1733309,1778823
4463,4426,96462,35982,4629,678459,826755
7462,5204,146782,38240,4630,572214,777199
6092,5130,-90787,41111,6370,1677500,1648305
5592,4926,-62190,43630,6074,599112,599255
9555,6685,824885,34815,4555,557403,1440769
5315,4370,943908,88018,3241,1546651,2593781
8666,5685,-82935,34278,4685,1839332,1811804
7352,5111,-42931,28130,3852,646019,650163
4833,4666,8889,108074,3388,1560676,1693267
8851,5500,110319,32425,4223,1931669,2094857
8814,6000,-125139,39926,6019,570228,508552
6629,4834,-108227,68555,4315,546668,525608
8092,5389,-32259,37463,5981,1695953,1723508
9370,5667,77059,48185,3963,1748744,1895507
5537,4389,-147398,41777,5667,601969,513997
9685,6722,-123116,42111,5611,623724,567275
8777,6463,322591,42481,6074,1888026,2276560
8481,5908,28596,41778,4592,1673597,1765082
8666,5260,172378,38759,5722,573099,806607
10000,6703,20032,39055,6056,604464,688922
8481,6408,-70019,65907,3815,1874545,1892211
8907,5593,39134,41925,5778,1625931,1729842
6870,4851,89527,35315,4611,1689666,1834433
9462,6185,-101375,31722,3815,2119937,2072376
7925,5259,-121889,42926,3852,2401375,2342282
8685,5778,3374,41074,5796,545234,612349
9295,6111,65286,42611,5945,1639481,1770822
9703,6537,-127560,34500,4500,1720014,1649768
7592,5074,-125778,62167,3907,1683380,1638361
6314,4518,-55699,42481,5556,1692875,1698415
8925,5556,24638,44240,6760,1578871,1670971
9666,6148,511085,49778,4666,580483,1163826
7611,5500,263775,40315,6148,1855415,2181172
9147,6482,-96015,47426,4482,1710115,1683712
6296,5278,4249,94073,3445,1619593,1735842
7296,5092,86383,44963,4741,533520,684773
6000,4407,-116260,34630,4685,1832157,1768323
6481,4648,90170,42888,4815,1614913,1766230
9703,5500,-18585,78574,3667,1598445,1679730
9500,6241,59123,31611,4593,1566718,1679861
9592,6519,143980,35259,4481,1616565,1818915
8481,5223,-119848,40240,4685,1867856,1809045
9852,6074,-34455,48593,6314,1733241,1771805
9926,5833,55568,39740,5908,1726365,1846470
5888,4963,160720,38704,6037,2060340,2278838
6518,4611,1473497,34463,4703,1739966,3266166
21426,4555,-4121,31852,4185,543858,603848
8481,5500,586991,48000,5704,1633513,2290782
5351,4908,141220,40815,5426,668330,868513
9407,5963,-130422,38092,4315,648012,577663
8666,5315,-115584,54074,3203,1720334,1678064
5833,4852,-27377,79018,3149,1583107,1650916
4240,4741,835754,44408,6203,1693175,2590596
7629,5333,155521,63370,4167,482586,721847
9556,6388,-123010,41519,6055,639581,582590
7240,5037,-54784,41778,5870,1709385,1717249
8907,5815,56831,39500,4778,1572399,1690879
8370,5352,146836,89610,3815,542604,798958
5426,4981,25212,42777,5815,2331404,2417727
8833,6166,-96191,36982,3722,1692089,1654027
5037,4555,89461,76074,3518,1936749,2118043
5129,4722,90262,42259,4444,2046003,2194838
10351,6833,-120306,46703,5741,1989629,1941507
8741,5537,-75858,41222,6518,578726,566942
5092,4611,440404,45574,5592,618016,1122234
9778,6629,851092,40926,4741,1617300,2532800
9555,5704,147173,63408,5574,1704685,1938081
9092,5814,-117543,66963,5574,1826737,1798989
8796,5574,-32853,42277,6111,1595845,1628509
6648,4630,68687,40148,5982,1645191,1773471
8573,5833,268470,35018,4833,1747130,2071821
8352,5592,-98395,50870,5963,556059,530460
9500,6055,370367,43500,4851,1869213,2306190
8629,5167,-1794,57277,4612,1723561,1799878
10110,5630,113044,39555,5796,552434,729773
5611,5111,50938,36759,4833,2259456,2365449
4741,4722,-120613,41463,5111,637258,575423
8352,5518,-27590,43630,5092,1714154,1751675
9000,5500,64933,60944,4277,510527,657570
10370,6833,187029,40093,4166,1749867,2000469
4944,4426,-92057,34703,4260,650739,609108
9351,6407,-62997,42889,5629,546661,550552
8555,5351,24711,30889,4481,584786,661588
9759,6593,511379,58796,6352,1900958,2496578
7352,5407,-123724,61759,6093,2004323,1963896
8462,5463,-88904,34796,4129,1703655,1671008
8110,5204,5636,67278,5759,1616909,1710934
4944,4537,112308,42999,5926,560893,733755
9425,6500,-124983,41889,5833,1820140,1761526
5963,4611,-120609,41222,5723,1707358,1646842
6203,4963,-115529,36592,6037,619953,560589
7721,5056,50752,40352,5611,1602793,1714397
9518,6574,382959,78426,5537,563535,1048753
8425,5538,30816,42593,5814,1667025,1762675
9259,5593,-61697,98777,3926,1585688,1643509
5482,4296,25067,77795,4315,512689,631737
11204,5963,128645,39944,5611,1660622,1854730
5647,4593,-122497,45944,6222,603143,545478
8795,5574,-76585,75166,3815,558934,577829
8407,5592,8975,93795,3575,1793514,1916600
8240,5648,89108,44611,4722,696035,850272
9111,5778,-126313,34408,4629,656995,586756
6258,4649,-101975,40481,6019,1683335,1640879
9740,6259,-36599,38370,5148,574263,599626
9333,6000,60145,48093,5740,1660086,1792156
8907,6685,-160627,41851,6204,661420,566607
8684,5574,-79437,35296,4815,584527,561459
5777,4315,-64045,47037,4463,1728034,1728193
4999,4871,27015,40833,5167,1670511,1755767
6110,4685,124631,46370,5352,553662,743199
5333,4444,-98586,61148,3797,1869519,1847600
9203,6593,-100934,42611,5982,1686201,1652416
5092,4538,437957,69963,3574,1712029,2235580
4481,4519,84205,44944,5704,1654784,1800823
4814,4833,-124308,41685,6334,1883482,1819063
10166,6741,-131489,41593,6018,1693868,1628990
9555,5963,-34744,46129,5834,576833,612829
7944,5130,64593,41574,5019,1706173,1833137
8629,5445,-151697,40666,4926,1769706,1680083
5555,4463,-117711,59796,3592,547727,505460
8388,5426,-61966,57981,7019,617870,637292
8851,6371,63945,40593,6240,1608267,1736953
4981,4315,142301,34982,5074,596620,790477
7647,5204,-128285,34944,4500,617041,543181
10092,6778,-73503,39981,4778,582926,573811
8129,5222,24020,65296,3500,1596378,1704934
9314,5870,105339,33389,4852,1689613,1850544
7870,5389,-128767,46296,5778,581412,520979
7259,4963,-124725,32703,4649,611796,539312
9981,6388,-2924,37166,5222,549718,608126
7907,4926,57542,33093,5074,1790909,1902359
6666,4741,938562,32314,5074,1594238,2584300
16463,3796,-141725,39833,3463,1713216,1637472
8055,5223,-33721,33055,4759,602514,622293
4907,4444,27357,34741,4963,1659929,1738934
9148,5667,109065,47963,4796,1763442,1942563
7981,5166,-127373,45888,6186,589481,529830
5333,4408,-85481,45926,4685,1897266,1874082
4832,4223,10857,58259,5167,1687928,1774026
9092,5926,84547,46425,3667,1734535,1886933
9019,6074,-136133,59499,6389,1853308,1800397
8741,6815,-101110,44833,6166,1701378,1668879
7611,5278,1511739,42056,6222,646396,2222580
7074,4833,79251,54240,4722,1496963,1649583
5870,4426,148773,91796,4352,1701086,1958933
9037,5796,111797,30574,4740,2155672,2320190
8611,5574,-47310,91259,3519,1550911,1615268
7055,4889,26250,62759,3223,1737072,1844896
8296,5500,113607,46611,5703,1574217,1756471
9592,6481,-121795,70444,3945,1776544,1747415
10092,7093,-97272,104555,3518,553325,583275
9407,6129,-7342,34630,4463,1606758,1656842
6129,4611,82366,35277,4889,594056,729477
10185,6592,-130165,44277,6297,1878321,1818230
9703,6055,-124994,71888,3575,1740725,1709415
8314,5297,-38083,42592,6537,1692258,1718934
5092,4889,79810,35777,4852,1690513,1823359
8944,5259,174166,45333,5649,1989654,2231264
9500,6259,-124254,68981,4260,1881743,1848952
5407,4463,-58250,42074,8037,1584925,1589472
5815,4666,451475,38241,5907,1634216,2142450
8666,5704,13704,37333,5278,1834137,1907248
8388,5389,-125976,48296,5000,1903651,1846952
9685,6481,-102120,44482,4685,625764,591682
5722,4740,26996,37314,5167,1711031,1793971
7018,4907,100722,79592,3982,538552,737014
9499,6222,-129087,30815,4500,1833373,1757878
8703,5889,-105138,46852,6222,625894,590997
10073,7130,-17486,40018,4815,546927,594163
8833,5926,59111,45629,5075,1681082,1807508
8574,5667,-151014,39778,6019,1739559,1651268
8592,6129,-111805,79296,3704,1900238,1888988
8666,5537,-38005,44407,6149,1704976,1734304
9444,5722,29963,42629,5222,1646787,1742082
6073,4833,140875,39555,5815,1703874,1903655
7074,4870,-78361,34352,5111,1744573,1719749
9444,6685,-99597,50370,3630,568427,541330
5314,5018,45111,42426,4592,1627102,1731934
9203,5963,98171,31111,4611,1719800,1871804
7074,4481,-119676,41074,6204,1955350,1896581
8925,5611,-123949,48278,4704,652445,598089
9278,5833,99073,67833,4445,1821007,2009655
8759,5592,53652,36204,5815,1667300,1779693
8777,5833,1765557,33592,5278,1893662,3715144
8481,5815,-118948,38982,4907,1726142,1668287
7407,5185,-40185,46518,5611,1648639,1675620
8092,5185,26597,40444,4482,575362,662552
8555,5685,149119,36222,4463,1670315,1876563
8814,5630,-111283,39297,4185,633205,582348
5296,4259,-94241,75777,3574,531627,529052
9759,6611,-13625,56777,6482,1673485,1742194
6351,4593,80212,100185,3629,1523723,1720990
8166,5482,-121486,39462,5908,2029586,1969748
5240,4278,-85889,40129,6111,1728695,1701268
5777,4686,-17811,43907,6111,1666838,1711842
5573,4556,-128047,65945,4259,616488,571256
7204,5370,147179,43111,6537,1676236,1888008
9592,6537,-130703,39703,6019,2003729,1937118
5704,5018,-67273,43648,4851,1718246,1712731
9537,5777,20379,69796,3444,1650297,1761341
8685,5629,112865,73777,3537,1622940,1830008
6722,4611,13851,41740,4685,1662269,1735934
8240,5296,719260,32537,4444,1944613,2716743
7962,5482,21897,43018,6352,513933,600681
6036,4741,86420,43444,5130,654001,801921
4777,4371,-126815,40518,6037,593053,524071
9870,6537,-122792,61315,5500,1845448,1808508
8611,5611,-38677,43611,6259,1689352,1717471
5944,4519,69087,43055,5926,1690754,1821582
8407,5277,170777,44999,6130,1656639,1895674
7889,5240,-125347,36815,5389,657103,589515
9777,6685,-69713,46481,5852,1682703,1684656
7759,5185,69976,46536,5926,1653310,1791045
6073,4408,117147,33925,4500,1695398,1863507
9463,6426,-109626,67259,4148,549623,529886
6036,5093,-92288,42389,4741,1688500,1657490
8407,5222,19087,40092,5649,1727198,1807933
5629,4408,82054,52796,6093,593404,746644
8962,6278,-128847,36092,5167,2016577,1946785
5147,4500,-111361,73963,3685,1710815,1688897
8352,5426,-39894,40685,4685,1705828,1728583
10870,6185,275739,38352,5148,2038469,2376856
5333,4407,605854,28870,4296,572454,1223252
9295,6630,-80935,45981,6370,507655,497867
5777,4796,-37245,46999,6204,1710495,1739212
8443,5686,403701,43815,6055,547589,1017308
9722,6185,113504,72740,4148,1666745,1875674
6037,4296,-130528,64833,5778,604506,556775
8944,5815,404623,82814,3685,1771494,2280246
5500,4370,196925,29851,4649,1865525,2109136
9018,5352,109226,42296,6056,1949002,2123840
5241,4462,-128916,46074,6074,1828202,1763823
7889,5351,-125448,56870,3500,1721957,1672379
8592,5148,-32926,34407,4352,1652675,1674749
9129,6481,79412,39963,6240,1825744,1968970
8519,5407,182656,34685,4871,1738517,1977415
9055,5629,-109041,38703,4667,628575,580404
8352,5426,-72408,35445,4537,1725564,1709768
6851,4815,21004,42908,5092,1658412,1741601
9796,6166,106231,40685,3685,1710462,1879470
5351,4074,-130726,37944,4148,577520,500904
9203,6426,289999,55388,5537,1955099,2324005
9795,6760,-15311,41685,6352,1733708,1785822
5258,4352,523785,61018,6259,1957497,2560836
21703,4666,-153596,69963,4185,1760124,1709119
8314,5149,-113778,41370,6334,1706730,1656453
8481,5593,-38995,41037,5888,599826,624478
9684,6556,84083,57111,5981,1550907,1717156
6593,5518,-159504,42278,5740,671038,573904
8037,5277,-56018,48370,5037,1632490,1645805
8500,5481,-73254,42185,5167,576306,566830
5758,4760,22694,40759,4833,1635648,1717008
6888,4482,191883,52241,3444,1895660,2157024
9777,5371,-13834,40574,5593,569533,619681
8333,5296,-87087,47055,5852,560048,542293
5259,4870,-9879,36833,4833,628080,672774
8852,5685,133495,42259,5241,1722605,1921044
5648,4666,-107351,41981,6389,620737,574237
8500,5352,-113958,40926,6000,1728781,1677713
10018,6407,2565,39444,5797,568801,635681
9278,6537,62532,39611,4907,1602699,1728101
6962,4759,-159499,41019,5962,579793,481830
5832,4278,-109013,64981,5204,1943021,1916673
9222,6241,659099,37092,4723,1622146,2340857
9092,5926,445012,43277,4871,1828585,2339448
7925,4963,145630,39296,4685,1762266,1967173
9536,6371,6967,38723,5203,1673411,1742712
6740,4833,-94545,41277,5982,659894,626737
7333,5093,25365,39037,5741,1579569,1664879
8629,5593,79481,41463,5537,1597193,1740471
8722,5259,-125995,46074,5778,582825,525293
6315,4537,-128157,51704,5111,675505,617682
8722,5389,-40282,62129,6315,1620143,1665120
8388,5333,60093,35963,5074,1918229,2035395
7703,5278,159689,35537,4852,1622985,1838026
9759,6518,-122971,46296,5426,2010034,1957747
8740,5352,-73856,96407,3463,1619254,1661823
8518,5278,416758,43481,4907,618329,1099975
8093,5203,132857,42759,5815,583102,780774
8444,5296,-103545,47555,5945,1721128,1687508
4963,4259,-64004,38704,5796,1580273,1572880
8500,5407,18538,88722,3629,1607231,1734323
9037,5648,81764,48592,6259,568880,722125
9407,6056,-145416,35241,5278,1847868,1761045
7926,5222,-126133,29204,5092,1900937,1825008
6296,4611,45260,45833,6111,2018394,2128765
5907,4592,219856,39593,5629,1861020,2139190
5407,4388,1878465,40815,5111,2348973,4285604
24092,4648,236942,32944,4630,2033118,2338838
21537,4500,50279,51648,4926,609105,744051
8333,5222,15802,88981,4222,1969779,2094284
9518,5963,471471,35185,5185,1548980,2078710
8425,5482,28755,81888,3834,2192064,2323171
5610,4685,223889,75166,6093,2850260,3168036
8648,5833,-157457,57426,6796,1893558,1817971
7240,5111,885692,38444,5315,655521,1599953
7518,5259,-120781,33630,4648,1932233,1865100
8407,5277,61890,45555,4722,2434225,2562799
7981,5537,516781,41944,4852,2167036,2746483
6814,5093,343082,33296,4889,705874,1101141
8815,6018,136089,94314,4370,1892344,2144543
5647,4445,246222,29870,4685,2038765,2332338
7685,5259,-136401,66907,4167,1890020,1840267
8944,5778,-60342,42185,18056,2358123,2375615
8666,5797,115310,72463,3204,1650789,1858415
9499,6445,-136554,37870,3907,661792,585663
5889,4722,-67105,45722,5166,1618744,1615824
9462,5389,-14527,78630,3444,1635535,1720397
9278,6055,83459,37722,4704,1681697,1825267
5925,5259,-105535,33722,4444,1936284,1882248
7666,5444,-121290,44130,5388,581954,525219
9815,6185,-38341,48055,5648,1556517,1590528
6833,4962,54811,31611,4871,1721160,1826526
7740,5204,143204,44833,6500,1961320,2171005
9851,6611,-132808,36629,4630,1953279,1880618
7907,5296,-69341,43037,5907,637764,632996
7963,5481,61793,39962,5741,1637697,1761138
7981,5389,133352,40704,5000,1714007,1908989
8962,5612,-132642,40277,6019,592787,523849
6092,4500,-100600,35981,4852,695486,648774
8018,5278,-9615,38889,4574,1646957,1696879
5629,4259,83575,48259,4778,1749803,1898581
9444,6092,-127308,48352,5629,1940279,1885026
7870,5500,-104119,28778,4982,1724627,1669750
4796,4370,71,42889,5944,1608938,1670527
9685,5907,56261,57333,5796,1719785,1857971
8444,5352,-154919,42018,5926,1772687,1682083
5759,4259,-110007,42814,3815,605597,554904
8444,5685,-71169,72333,3870,1678882,1700342
8110,5186,18834,77592,3167,1656989,1772100
5907,5111,104969,60148,6463,1692817,1877545
9796,6203,-122748,61407,6186,543875,507034
5611,4740,-76873,89426,3889,1640493,1670009
9092,5907,-6998,92055,3259,527292,632737
8462,6037,89302,36334,6296,2008222,2157080
5666,4852,-130693,35223,5037,644448,567478
9444,6611,-124558,40481,7111,2030825,1972710
8425,5333,-34831,59129,4833,1533490,1578712
9277,5870,67136,35111,4667,1721224,1845896
10592,6741,161936,57555,5704,1610442,1855082
9148,5852,-102188,34500,4667,1713622,1667898
8703,5926,-130998,47574,4889,2265596,2203802
8703,5371,227560,43982,5629,1749983,2044247
6185,4629,711730,43537,4685,597170,1370770
6592,4852,-119021,65852,4333,1910195,1875174
8573,5778,358130,64536,5778,1821894,2267005
5129,4130,20228,39130,6278,1603261,1680786
8111,5277,154307,35463,5426,584448,795477
7259,5426,-126540,34074,4445,618388,566182
7519,5333,-92646,34666,5093,1679396,1641528
8721,5649,-46179,33907,5093,1671243,1680601
5258,4926,94566,48537,6130,537171,698551
7981,5963,139700,39833,4945,535647,736255
10166,6389,-135942,46740,5796,2074005,2009599
8278,5666,-42419,39481,5963,1696799,1716694
7277,5019,56177,38648,5926,1701960,1817693
6314,4667,882123,49185,5500,567849,1517843
8110,5778,-134238,41278,5759,1820061,1749804
9074,5630,-108623,93703,3963,1810927,1816656
9814,6555,-10711,44926,5982,1600034,1659212
7296,4963,105553,40944,6685,611573,779348
8759,5667,-132424,34852,4222,1833265,1756508
6369,4593,-120752,42278,5037,1771519,1711767
5166,5129,-42747,40629,5796,1738793,1755100
5481,4351,56461,103536,3537,466666,642162
7684,5519,175242,67703,4297,545790,808921
9536,6463,-123122,43074,6240,1704095,1649249
7648,5240,1205803,37407,4833,1849143,3112555
6852,4944,-121835,74759,3481,605462,576015
7296,5333,106724,34370,4908,1921745,2082673
9574,6074,-135715,41593,5981,2308202,2238061
5389,4314,-99247,42463,5741,2280382,2241654
8629,5463,89145,39852,5019,1783269,1933563
8963,5944,90557,44889,5778,1909616,2067747
9444,6111,-138604,34241,4926,2034629,1952729
9166,5760,-133618,43648,5926,1930181,1864193
5092,4648,608977,39796,5852,1521751,2188857
9018,5537,44779,105630,3629,1574877,1745860
10222,6296,145080,41852,4815,1568131,1779008
6500,4500,-110544,46130,4537,1802144,1755934
10592,6630,-74762,37204,4796,1685585,1672823
7000,4833,14854,43611,6574,467902,547275
9629,6240,130840,36093,4925,1727390,1917414
8278,5278,-123081,40611,6018,633467,573256
5593,5166,-67872,37889,5796,628721,617904
5796,4611,-9646,37000,4815,1693450,1738823
8629,5575,116950,92296,3704,1518002,1748823
8888,6315,-138839,32499,4389,1913033,1829119
4962,4945,-98521,39611,4630,2072934,2030821
8888,5519,-50331,29759,4889,1702895,1704175
5278,4407,75100,38573,4482,1679705,1809916
8592,5241,154233,92166,3389,1553201,1818933
5574,4907,-82428,32315,4611,611276,578922
5166,4574,-74089,47148,5222,1736154,1726601
9388,5834,14785,43592,5778,1727556,1809304
8648,5444,111141,73240,3889,598336,802847
9574,6518,-136964,43555,4796,1847325,1777249
6555,5000,-95182,59203,4889,1637192,1621435
8203,4982,-8419,45130,5703,1625002,1682657
9277,5926,99586,35074,4740,1630886,1789008
7907,4963,931531,43222,6574,1630620,2627114
21369,4334,-139923,35870,4315,1720969,1649008
8481,5407,-45381,49073,5797,548952,574385
6203,4778,47864,103092,3907,1558775,1727508
4648,4204,312941,41666,5797,1944156,2316061
4518,4667,-127701,40759,4519,1890542,1819767
10277,6111,-76344,73685,4148,546175,566330
7777,5352,53086,37741,6222,541207,654515
9425,5926,100220,40722,5759,726868,890976
4851,4852,46651,35777,4834,2032874,2132339
5537,4463,720245,49351,4871,1696462,2483096
5722,4722,-11784,65667,5703,543133,615886
8018,5389,73201,43389,5204,606090,743773
7648,5296,-127681,44518,5685,1732765,1670342
9888,5611,-125510,38092,5185,622712,558422
5444,5075,-48321,43685,5611,593577,607145
8629,5797,48998,40851,5649,1748361,1860674
5222,4333,275576,47741,5388,599567,939902
9740,6519,-124844,44945,4629,584545,528312
8036,5000,-74673,77907,3889,528763,551367
6314,4371,12146,34518,4704,1770213,1834859
8611,5759,102873,40926,3685,590475,755014
8426,5592,-132528,45573,5649,633525,568830
5518,4500,698638,36056,4926,596761,1349140
4851,4704,-4483,43463,6018,1677454,1734397
8518,5518,77818,42500,5851,1703005,1845359
9703,6741,-141177,64518,4278,1938573,1885118
5092,4537,-134302,55945,3611,640650,578034
9296,6315,-54483,55370,6370,1706177,1731656
6685,4593,44021,58778,4759,537679,659034
9092,6500,896337,50074,6167,1705240,2676132
8388,5593,-92913,43222,5833,659336,631570
9722,6685,-79224,45760,4370,1681473,1671138
5852,4555,454928,39351,5204,1860929,2373320
8222,5093,108914,43445,6222,1605204,1779175
9611,6722,-111394,38777,5741,1817625,1769730
5426,4518,-129445,40129,5871,650145,579404
9000,5296,-23237,38907,5167,1677320,1714972
9352,5722,78378,32592,4945,621636,755144
8999,5982,-140469,40611,5167,677465,601089
8037,5278,-131797,33648,4537,1751805,1674120
5870,5037,1818,42444,5945,1614875,1678045
9425,5778,511820,45185,5871,1947627,2527948
5092,4463,132272,42703,5074,1729310,1921378
4074,4667,-137242,40537,5648,1955397,1875174
6166,5186,-78423,32648,5297,594493,567367
7889,5092,18897,49778,5463,1732833,1822175
5240,4519,112401,39018,4296,1652033,1819619
6833,4815,-134538,44371,5629,1887101,1816286
5351,4389,-98514,43036,5056,2070892,2033321
4906,4556,-13103,41907,5556,1638371,1685082
4222,4314,79476,70277,4167,1688143,1852618
4093,4407,-130056,40222,5667,1776583,1703990
6870,5685,-131811,40685,5167,1681171,1609935
9796,6093,-44399,37481,5259,1728463,1745156
9352,5777,45383,36908,4222,1650958,1755008
8684,5723,157554,45777,5926,1731027,1957414
8092,5093,29133,90537,3815,1672838,1811989
8351,5407,-80620,32888,4778,599822,572626
10092,6166,31939,50907,5926,1681033,1788748
7593,5037,875384,55518,4796,1614564,2564985
8425,6167,-118996,38426,4870,1946930,1889174
9407,6408,-112288,44185,5593,648136,603737
6796,4944,-20190,62203,4037,1629848,1690397
7851,5296,72110,29797,5055,685145,807347
7981,5186,-136589,40630,5666,1991318,1916600
10425,6204,-123288,37963,4871,1952924,1891155
5166,4741,-5117,39093,5759,1613125,1664768
6129,4852,101777,42129,6519,682200,845940
7907,6037,155263,33203,4574,1756671,1966989
10055,7019,-130769,34500,4574,1790499,1718508
7166,4796,-80746,89537,4111,1578163,1605712
4759,4444,25351,35537,5222,2018192,2095728
9111,5981,106615,48648,6074,1663319,1841749
9574,6388,-142602,38741,5741,1832869,1753156
8555,5389,-101264,39888,6982,618594,580774
9184,6722,33852,90518,3814,1652361,1799044
5833,4481,83541,29759,4389,624399,755255
8703,5833,-134213,32241,4592,610933,530848
8110,5148,-107782,40944,6426,650835,606070
9333,6463,-19334,67574,3741,1629472,1699824
5999,4778,49670,32889,4500,1610172,1710452
6092,4000,163267,64592,3334,1732591,1976525
4389,4148,-99394,33333,4556,620446,569515
8481,5389,-71667,89111,3592,574701,612256
5148,4370,15282,57277,5408,1689541,1779119
8648,5481,141823,40741,4759,1851091,2054932
5130,4740,-82301,32241,4759,1661347,1627972
23796,4555,-121722,75037,3315,1714620,1702157
5129,4389,-13496,43352,5778,1725892,1773100
4370,4482,73990,44018,5296,1686111,1821582
8777,5370,-145393,34722,4685,1885180,1795841
8741,5629,-129926,43204,5093,1908359,1844397
9370,6334,-48033,89166,3908,1647319,1710601
8388,5241,431544,41630,6037,1681646,2176505
6444,5296,135235,60518,6500,1642199,1858637
8815,5814,-134518,39037,5944,1809805,1737638
7888,5111,-40977,40648,3741,1725411,1744156
8315,5462,46472,39000,5722,1674037,1781601
9740,6203,94810,41815,5759,504483,664866
8870,6537,-137296,36704,5111,1984692,1907174
6833,4592,-87513,60203,3408,579529,570423
8684,5204,677673,33463,5092,1932756,2665706
5389,4611,69995,38796,4277,1698143,1823600
9629,5815,-137315,41167,6037,1814267,1742082
9166,5778,-127199,43056,4963,1877354,1815971
6555,4796,-43065,47111,3759,1665889,1687489
6111,4592,50662,91944,3574,1633421,1792434
9000,5463,568979,43833,5703,659681,1295381
9741,6351,-133365,55815,4796,1875281,1821082
8518,5481,-76805,41722,6018,645784,632755
9444,6370,50569,38741,5888,1614143,1727823
7796,5297,173758,38166,4908,1836914,2070192
7221,4963,-128643,35241,5018,641770,567607
9648,6481,-84805,94407,3667,1589518,1621490
6851,4833,160106,43278,6111,1804586,2028377
8203,5333,65148,42037,7222,613922,744588
4944,4389,-132254,34018,4815,1938817,1857415
5055,4593,-136842,38611,4444,1903480,1822286
9000,5592,-31208,41667,5685,1694105,1727434
9462,5760,38296,67148,4092,553515,680681
5611,4333,704354,40203,6056,1857131,2619855
7240,5204,-92268,39426,5944,560321,528441
8629,5556,684177,42222,6611,1678327,2428189
5685,4130,9111,107536,4037,1537954,1671268
6611,4556,-131736,39963,5667,569084,496497
9463,6500,-131879,39296,5630,567135,498701
5258,4315,-109726,33722,4852,1687568,1628619
6796,4889,-21908,59722,4556,1578453,1634786
9814,5982,68875,48500,5740,1698041,1839267
5740,5074,-135619,40407,6000,1833628,1757897
4926,4111,-106745,37870,5704,626038,574293
9852,6592,-33258,45073,4815,1634657,1670324
5573,4648,48616,44759,4593,1629559,1740045
9407,6037,123064,47019,4463,1684628,1876970
9129,6593,-104374,47777,5426,1796494,1763804
7944,5167,-72573,92203,3519,2356596,2395579
5906,5130,495077,38981,5204,1843002,2395726
9444,5074,91306,42444,5519,1691646,1848211
8925,5556,-101300,41074,5092,1871456,1833415
8444,5704,-107758,43037,6018,1683249,1641324
5889,4296,-6680,43204,5981,1656429,1711268
9852,6000,5399,39148,5925,561505,630589
9018,6240,-134614,40241,5852,1766141,1696341
7518,5241,-139647,56389,4019,1901450,1837878
8796,5648,-53438,43722,5852,1637447,1650213
8351,5370,33270,47370,5667,562356,664496
7648,5592,179422,38611,5981,1853603,2092969
6740,4796,-132572,55611,4889,1763618,1705656
9796,6425,-87049,42593,6092,1664429,1644620
7351,4630,16251,44259,5018,1702850,1782378
8647,5445,875585,65148,5519,1663195,2625929
4721,5037,598907,65814,5963,1690673,2373282
5870,4297,-70235,42445,4388,613454,602849
6870,4981,-21174,105370,3815,1551480,1653898
4685,4648,79348,62037,4796,1667826,1825711
9315,6555,-139720,42963,6426,1780655,1708842
10111,6333,-134993,44111,5129,1695188,1628120
8518,5407,-24359,42333,6296,1613794,1654434
8352,5407,67145,63907,3982,1707196,1858174
6111,4759,133242,54666,3704,1664006,1868674
7962,5296,-135733,41037,4722,569490,494830
8981,5555,-47358,39777,6000,554486,569422
9944,6111,9886,34056,5055,1593364,1662009
8851,5834,115631,43037,4148,1686617,1866822
5388,5037,22285,43555,6426,2186832,2272375
6037,4537,-86822,45778,5074,1677460,1654509
9870,5944,441089,51462,6019,1962749,2479541
23481,4518,84076,36056,4592,1614062,1768804
5240,5167,-132215,44778,5629,1793760,1724656
9426,6518,-133210,42056,6333,672651,606237
8740,5630,-50335,37611,4111,571443,579515
4852,4481,38447,35148,4111,1711135,1800416
9278,6111,326247,42425,5185,1525298,1916582
8852,5963,-121580,77573,3519,557929,535849
9703,6037,-88538,49203,6833,1778769,1764193
7814,5056,9762,40055,4482,1638543,1708231
5444,4111,139470,41278,6407,1894666,2093858
6536,4908,-87599,38648,4926,1749940,1719934
9981,6685,-107353,42278,6407,1670381,1631046
4888,4315,-7238,36056,4592,547623,592607
9407,6333,64730,47130,5814,547248,682811
8277,5204,-151617,35167,4740,1817866,1722360
5444,4223,-104779,39852,6129,1914824,1868174
8666,5870,-46403,60370,4889,541678,577700
8092,5222,40693,44000,4870,1676612,1781896
9537,6167,129567,73389,3574,1592144,1816915
8740,5463,-131741,52815,6500,594701,538941
7111,4925,-86088,43796,4796,1969559,1946914
8296,5259,12360,45574,5759,586859,666607
8722,5185,99142,75537,3500,575872,769959
9518,6592,-132333,57499,6389,588257,538589
7370,5407,-67070,41056,5889,1673023,1667805
8351,5241,459451,34093,4814,2019201,2533170
5981,4500,96495,41889,5944,1854105,2011692
8277,5222,-140055,42314,5852,690145,614533
9389,6703,-102032,42685,6222,2007614,1972914
8944,5926,-29695,35722,4889,1626685,1655138
5592,4704,63994,88889,3333,534391,702940
10370,5722,181944,35296,4944,1780082,2020525
9259,6648,-133403,42593,6074,1876299,1810378
5241,4870,-79194,40889,4888,615469,594571
6648,4963,11217,42982,5926,1645272,1719749
9370,5944,120481,39778,5778,1706730,1890229
8129,5129,-9421,42426,5574,1646948,1701434
8758,5630,-117657,73370,3982,1719480,1696175
9407,6519,9403,37537,6111,563593,634571
9574,6740,278666,38444,5519,1846766,2188505
7889,5481,52709,64944,4296,634399,772496
7611,5000,-128157,40445,5796,1971682,1905137
8111,5203,-20041,36815,4907,1654272,1692027
8629,5556,483776,81648,3759,638902,1224400
8073,5130,150578,59759,5982,1996834,2229042
8185,5333,-104508,38074,4648,1898108,1852378
9462,6167,-65059,33055,4519,549445,540293
7888,5019,15797,91148,3518,549922,676014
5722,4482,120782,34574,4889,1761725,1934841
8332,5315,-133304,33518,4852,647431,568441
9074,5815,-94226,45185,6296,1682290,1656953
9370,6130,-28443,38907,5055,1693767,1726860
5814,4741,70172,31963,4889,1925112,2045080
8536,5778,-140192,42888,6259,1899405,1824748
8703,5426,-132392,36259,4630,1870603,1795581
5796,4815,-20628,32722,5148,2052079,2081988
9518,6241,30802,107221,3630,487472,647070
6166,4778,507082,47518,5834,1657608,2231134
5907,4741,-118669,78795,3575,1916676,1893841
4518,4722,-78609,73277,3333,573847,583181
9166,6612,2506,30314,4500,1685262,1741305
6981,4870,123029,43203,6704,607504,794810
5036,4815,-125836,35778,4741,1969695,1896933
9092,5500,-93127,47722,6277,1683859,1662083
4981,4333,-475,47444,5056,566749,630551
4462,4148,84733,42889,4685,612281,755236
9018,5666,150886,42648,5722,1681918,1897859
8889,5240,-128701,39056,6055,2125912,2059395
5425,4630,-54956,68277,5908,1939167,1970859
7222,4907,41919,45925,4667,1906422,2013692
9906,6389,117497,62593,4148,1647992,1850970
8851,6278,-103275,40407,6037,1943727,1904118
7499,4945,-76197,40333,6797,635655,621774
9036,5463,2623,79981,3982,1588960,1692638
5221,4260,103997,67537,3315,1704676,1891470
4685,4926,-141256,65536,4278,580735,520867
24370,4685,-134326,36519,5055,686267,624737
6055,4408,5586,46111,6166,1575979,1646990
4796,4814,859069,43018,5815,557460,1477343
5407,4797,-137664,40241,6111,1924078,1845249
4629,4685,491635,35019,4888,1771296,2314838
6685,4814,-23599,33667,4870,1672737,1701453
6759,4555,246164,29000,4111,1867212,2160005
9740,6611,895814,35759,3870,1636394,2591003
8203,5407,-134640,58167,4018,1904370,1848359
4926,4278,707287,96092,3778,1666013,2484467
8833,5685,452034,35741,4055,1865490,2374116
7685,5833,859889,30481,4000,1717300,2627299
24814,4500,544487,43018,6426,578043,1203400
7055,5167,655787,55259,5723,1751586,2482707
6611,5018,392090,42111,5537,594182,1048142
6721,4704,60688,30111,4630,1720356,1829859
8703,5592,659932,48036,4482,1915609,2645669
7925,5389,326678,38519,4426,1753105,2138691
8093,5222,333886,36926,5148,1994711,2386134
5278,4481,426595,78222,4222,1657800,2179284
7740,5037,540987,33278,5093,623246,1217807
9018,5834,591066,41148,5518,1665143,2321098
8833,5556,-52630,36981,4204,585534,591015
8778,5685,10911,60852,4963,537178,630811
8573,5889,93101,46000,6018,1749870,1912062
11536,6815,-129208,36370,4556,1954771,1888433
9463,5870,-94166,44722,6166,1682305,1656361
9537,5796,-31810,42259,5907,1742671,1776379
6796,4611,91620,39499,5704,1649703,1800841
7926,5315,-101282,40740,6185,629964,591571
9481,6722,67351,53204,3759,1679064,1822470
5647,4741,-45125,58722,4704,1550412,1581509
9129,6111,61028,39833,6278,1612073,1736990
9332,5963,143291,42463,5667,1935511,2144579
8648,5574,-105999,70407,4241,1845174,1830119
9796,6630,-93014,63741,3870,1904280,1898007
4889,4852,3324,31555,4982,564783,617089
8574,5648,95088,36889,5092,1697846,1851489
9314,5963,40148,33334,4351,1919896,2015451
5314,4667,-112365,31203,4297,654287,589885
7870,5500,-24805,46925,5000,1667647,1710749
9259,5944,68903,72630,5074,1925066,2089136
9037,5741,-143629,41278,6370,1772619,1693990
8166,5759,-137494,45833,4685,2173408,2102561
5259,4537,-56009,48482,4777,1734962,1745230
8889,6018,39867,51166,4519,1600494,1713083
6185,4778,166537,40741,4740,565514,791199
9018,6352,-125549,36166,4907,1873447,1807193
8944,5463,-86230,51722,4888,593209,580385
8944,5870,425032,52907,4389,2125508,2624688
19055,4148,93501,36556,4685,1969116,2129821
7721,5148,5395,34833,4667,2189351,2249116
6778,4722,-115137,74259,3592,636468,613404
5722,4203,-23114,36074,3666,498871,528200
10406,6000,115168,52389,3037,485680,675310
9963,6500,153524,73499,4186,1685853,1935822
8703,5333,-101174,39445,6148,522505,483756
8444,5389,-37929,34185,4982,1604067,1621694
6000,4481,59205,82852,3259,1661896,1820767
7907,5777,373838,36352,4444,1784890,2215986
5092,4260,-132952,44463,5074,1950459,1879230
4592,4630,-79336,40407,3130,1707992,1683897
8167,4944,46742,40611,6223,1708691,1817360
9721,6019,-26160,40537,5666,2185462,2223635
7463,5407,-134803,48148,4056,1779497,1712398
9370,6240,-123835,37130,4925,1706345,1642564
9185,5482,-67980,34963,4093,2032986,2021470
5759,4444,64970,49351,5741,1662076,1794452
4703,4075,630045,34685,4445,1776106,2456078
4648,4407,668754,41296,5074,647386,1374121
10352,6555,-59830,93055,3333,1606192,1661953
7611,4981,35859,32889,4537,1770593,1858637
10167,6296,586287,47703,5482,598113,1256345
8130,5240,-98168,43000,6166,2022120,1988655
8852,5259,-53701,65778,3592,561809,594182
9629,6222,67803,30241,4278,1944147,2064524
8685,5815,110993,35129,4519,588836,756533
9537,6648,57387,34240,4038,2190155,2303987
6222,4389,-80812,39389,5926,1716357,1694286
5055,4222,-16881,41166,4759,1694909,1735656
6592,4797,97419,38259,5907,594633,750181
7500,5277,-132723,36074,4500,1934972,1858119
8815,5407,-131848,68870,5685,575642,534571
8092,5056,-51196,42315,6407,1653797,1666453
9018,5704,60049,38278,6241,1950346,2072395
5704,4703,126813,41926,5278,593960,781755
9185,5444,-133662,40536,5945,679770,609663
9499,6371,-95547,103684,3982,1573408,1604194
5814,4908,-654,50389,4740,1671329,1738693
9704,6111,96443,66925,3334,1727212,1912082
8925,6223,-140681,66796,4222,2011170,1958951
7741,4981,-94510,48241,6185,1657056,1632176
4870,4649,-26432,88018,3371,1599496,1675972
8555,5315,649996,41666,6315,1672675,2386763
5129,4556,183614,93537,3185,1655763,1948414
8944,5722,-133194,42777,5815,682228,614367
4981,4555,-57949,34981,4333,656687,650218
4647,4574,439294,32204,4277,1538954,2026451
7629,5408,121151,34926,4111,633770,809014
10388,6723,-95214,34889,4815,1936480,1900637
7463,5500,-92931,34426,3889,1712884,1674101
5870,4408,73314,35333,4389,568422,694515
8018,5241,85245,79629,3019,1666393,1850230
9258,5760,-5010,39222,5667,1613407,1670860
5277,4500,-119893,43778,5018,677705,618848
7925,5407,74,44334,6055,530312,596126
9537,5611,65486,39444,5685,1722745,1851675
11166,6759,-150472,39408,6092,1993257,1908266
4925,4741,-131356,35981,4667,1898512,1820989
8999,5463,-40314,40500,4407,1727656,1749082
5333,4870,29560,38889,4148,1707152,1792008
4795,4537,118139,45092,6352,1688184,1869136
9444,6815,-135393,40833,6019,1811234,1741786
8610,5871,88741,39648,6055,1597527,1748915
9036,5778,5579,97981,3556,1634725,1759452
8370,5203,74528,34722,3889,1905294,2034524
4777,5000,-144170,66074,4296,1838771,1777249
9148,5592,-88221,40537,6148,599311,574941
9185,6518,-29976,58963,4296,1676781,1728508
7777,5204,109454,32296,3926,1833423,1994618
9555,6426,190662,34982,3685,642999,890939
10073,6260,-110092,51278,6148,564348,530552
8722,5148,-57253,66851,4259,574991,605089
8722,5296,32584,56167,3740,1758331,1867803
7926,5407,133126,44185,6407,1715882,1915267
9351,6259,-124443,40963,5630,629402,569867
5444,4741,723095,35833,4574,610638,1386733
9833,6815,10214,41148,6241,1859034,1935452
8778,6277,120071,40222,5703,1751049,1934748
8018,5518,-138220,41500,4741,580032,503645
7907,5259,-119271,43500,4870,1953631,1898285
9426,5962,536676,35722,4481,1716682,2311690
5426,4852,68033,58296,3371,672554,815125
6259,4370,733147,47573,5815,1914227,2713780
4388,4611,-142770,54703,3204,1734261,1660453
10036,6093,-53674,65907,4926,1698719,1734471
8703,5797,32089,45981,6389,525278,626274
7629,5278,119946,33629,4259,1641266,1815378
9796,6796,148710,58481,10167,2023888,2259950
9833,6185,-98081,48056,4759,1698256,1671712
8147,5112,5849,39777,5111,585833,652125
9518,6037,92113,59444,4889,1734117,1908470
9795,6167,-137585,47666,5945,1869260,1803248
8500,5259,-112692,41315,6352,2075846,2026655
9796,6482,-5651,39426,5944,1681881,1740194
9592,6241,57020,43148,5871,614530,738477
9018,5463,145377,54685,5111,745136,967587
6814,5111,-105876,41925,6334,1724996,1681749
9463,5925,443348,50815,5574,1734954,2252727
6907,5093,26595,36333,4593,1746542,1829249
8666,5945,116525,47537,4630,1637982,1824026
7629,5111,-95173,39241,4870,550985,515478
8185,5370,-74594,64537,3278,1701325,1710509
6592,4555,15522,39796,3518,1678784,1751156
6889,4870,55841,34666,3315,1725741,1833434
6425,4537,625991,41648,6056,1817161,2504559
4222,4648,-118575,44481,5686,628257,571330
8592,5518,-12163,41463,4926,555882,607052
9740,5611,57082,55833,5815,1657593,1794286
8721,5630,467233,50796,17796,1961327,2513781
6185,4759,-136704,72184,3500,1828880,1781563
5073,4167,-55459,46796,5648,1646098,1654694
9351,6463,20656,100852,3240,499526,642477
9796,6593,130901,45907,5703,1868921,2070154
8796,6055,-138537,36648,4685,633238,553589
9499,6667,-91848,47685,5000,2201724,2181172
9814,6834,-13936,43388,6149,1738573,1793508
8888,5500,93550,59537,3870,1689995,1863970
9499,6796,-140704,40741,6056,1987026,1912136
6888,4741,-120329,55166,3389,1731060,1684249
9074,5629,-27436,94574,3204,1668166,1755452
6315,4833,82883,43500,5963,662520,808440
7444,5371,141888,47703,4981,1738768,1948193
9815,6852,-123033,34722,4834,693103,629034
6888,4315,-54639,90370,3166,1638408,1690526
10037,6648,18384,39833,4592,608631,690181
9703,6852,156666,34463,4518,552071,767162
10425,6111,-121254,74333,4185,1952151,1928062
8925,6296,-91453,92499,3519,482562,504423
8129,5148,977,41796,5796,1703699,1769138
7704,5203,85833,45907,5037,1725064,1877304
8481,5241,-83273,34593,4740,555844,528682
8685,5296,-103083,39370,4630,1704869,1662731
9721,6019,-14653,91741,3740,1638606,1737674
8296,5203,63852,40944,5834,528126,654533
9296,5982,-158365,33740,4649,1703596,1601231
9796,6518,-143064,42556,4944,655839,578682
8055,5260,-66690,58759,5019,1688920,1701360
9037,6481,37760,34796,4259,1620786,1715879
7407,4907,127986,43019,5203,2059835,2250653
8388,5389,-145823,33704,4481,669302,578145
4925,4334,-83282,41667,5648,1704031,1679897
9777,5926,31241,38574,5815,500589,594940
4888,4908,97709,33685,5129,538880,687663
9592,6445,-2046,32704,4518,1636925,1690175
8444,5722,-118577,41426,6648,664685,610608
9129,6222,-26906,42666,5408,1639896,1679082
6962,4945,104912,32833,6112,1690187,1848211
5482,4629,-148693,47241,5685,1816886,1734046
4666,4297,186681,46296,5944,2494711,2745817
3981,4185,-63943,41833,6963,1778507,1774952
9221,5723,22968,53945,5277,1653151,1752434
11444,5889,108140,77499,3500,1647998,1857193
6999,5371,-139021,41036,6630,591685,515219
8148,5241,-97313,50314,6297,595847,570571
6277,4611,36747,60592,3593,1605799,1719712
10499,5834,85695,50389,4333,1760664,1919322
5111,4222,48090,41166,6241,2219378,2326968
4185,4518,-90202,43945,4592,1680359,1650027
8870,5259,5951,38500,4648,1623836,1689434
9351,6055,96511,38852,3833,608837,765828
9592,6092,143756,97648,3778,1631270,1894562
8740,5870,-142849,70889,3203,1701248,1649138
8389,5444,-52030,37907,5630,1680965,1688286
9444,6056,25733,63685,5685,1645627,1758212
5759,5185,690550,48093,4722,467535,1223826
9333,6167,-139405,44611,4611,1863727,1791860
7648,5185,-87530,43703,6075,664396,641922
8518,5111,-9858,48925,4778,1669330,1728805
5388,4815,338366,40241,5741,1866064,2263042
9388,6537,-103700,41925,6611,689883,653329
6222,4685,-102770,44778,6129,1725705,1688287
9555,6259,-36617,98055,3963,1871940,1955599
6481,4796,114702,76055,3166,529610,736866
9074,6463,-147015,38963,4648,745289,660348
8425,5278,-120177,41740,6222,1745038,1688971
9425,6519,-61617,39648,4370,641484,642237
9481,6592,21350,40926,3981,691850,776069
5185,4741,125743,55629,5760,1675079,1874989
7907,5704,-66955,40296,4333,1806482,1800249
8148,4944,-49857,33463,3926,1690699,1693953
8110,5204,-575,40037,3352,1678157,1737675
5777,4871,87762,72426,3815,1900484,2077340
8093,5351,18953,42352,5685,1640796,1724046
5351,5000,-119764,39833,3667,680612,616681
8388,5611,-13926,32148,4333,1661046,1699656
9370,6018,79245,33814,4408,2003984,2138894
7778,5407,-147361,45907,6000,1815036,1734916
8685,5648,-117468,39445,5907,2021789,1966396
8814,6130,-64278,43685,5000,1667379,1669231
7370,5296,33597,39574,5055,1682856,1775804
7630,5648,140990,88648,3259,1542333,1791675
9536,6537,-140856,31093,4352,1782031,1695286
5907,5019,-65407,81870,3166,565238,598200
8296,5148,20912,34407,4593,1634818,1710712
5074,4315,106879,87296,3648,559117,768644
9000,5870,43810,33148,4612,2088361,2186820
7925,5519,-127203,67389,4129,598607,559033
7278,5240,-513,36722,4852,1656244,1712175
4981,4315,103213,32852,4630,1901922,2054432
9741,6259,46274,48370,4796,1951714,2069210
5463,4481,-143183,51222,4592,659144,584423
9870,6408,-70846,69388,3463,1761206,1782323
7555,4963,19640,56148,6407,1688239,1785674
8925,5334,-144225,37648,4833,656389,571237
8315,5574,-125683,44611,5500,1731580,1672453
8648,5611,-67790,39778,6426,1688057,1683101
9111,5926,373083,42148,5370,1730053,2167950
5833,4537,475606,51148,5056,603924,1148697
6574,4815,36668,42778,6222,1710691,1810415
4852,4629,-120604,47611,5741,624175,568941
8722,5371,-35045,99093,3703,1603220,1687564
8684,5704,53960,31815,4444,1755955,1863285
7759,5129,145835,58167,5111,677993,902365
8573,5537,-140177,41296,4500,1732094,1654601
8870,5593,-68525,73018,4241,1855866,1881434
8889,6574,17942,35945,4388,499222,575664
8944,6389,109169,76240,3130,1689320,1895804
7481,4925,-138066,41352,6333,603915,528404
10037,5981,-57024,41037,4888,1681460,1688694
9240,5815,-11854,30111,5019,1750917,1791341
8315,5240,81855,39185,4648,636974,778255
9647,6297,-143862,49407,5296,1820926,1750026
8704,5648,-121820,56203,3611,1705311,1660916
6184,4926,-42130,57073,6426,1702214,1737860
10593,6148,44929,44352,6296,600104,714978
7944,4963,137859,51741,4537,1704463,1914100
8610,5445,-143802,47593,5815,1847365,1773767
7722,5074,-71093,42889,4407,655571,646959
7296,5241,29966,43556,5555,533900,628237
9018,5592,116620,38074,4629,1733536,1909970
7629,5315,-147856,58000,6018,608335,540238
4999,4537,-90481,36889,4314,1672935,1635879
8074,5185,-3310,49870,5685,1607597,1676676
4963,4481,88009,35500,4740,622691,762403
7722,5481,-143189,35185,4056,1828512,1739767
7926,5203,-107721,59981,3370,645867,617274
10314,6537,-33199,43907,5556,1606689,1642471
5166,4760,56102,71333,3370,583524,726570
8796,6260,185328,33666,4648,563334,804551
5222,5370,-112018,45537,6408,1743989,1696767
5574,4963,-66476,57870,3407,587177,594552
9240,5963,32492,43036,6148,1647480,1746786
9130,6222,137384,41370,6500,1689346,1893248
9000,6481,-96313,38296,4870,1901803,1866767
10036,5315,-71753,33240,4537,580028,563478
8592,5352,415083,40259,5518,1916978,2394708
5795,4574,84256,69963,4333,628962,800236
4555,4444,-28980,29982,4574,1877413,1894618
4074,4518,-93067,90221,3815,551602,563682
8148,5296,383084,44907,6278,1842718,2293098
8407,6204,44941,110463,3537,511814,687478
4815,4648,5965,39666,5611,2061079,2124691
4444,4500,-103900,43407,6241,1920834,1877656
9185,6111,-32526,32148,4908,510744,533515
6407,4148,419737,35055,4574,1736436,2208709
8574,5592,143409,34352,4852,602642,802291
9129,6407,-141825,69962,4204,568082,518478
9074,5740,-98821,76740,3778,1680201,1678842
9629,6185,-4409,73592,3352,1696418,1787637
5389,4388,108280,39593,5074,1598099,1762841
9092,5592,-5474,43093,6685,1742760,1804341
8814,5556,-124636,34630,4481,663780,595515
9370,6000,-16409,46000,5741,1975101,2027710
7703,5186,56225,41000,4722,616234,733903
7036,5037,1296743,81204,5574,558190,1956081
9166,5871,-82950,41759,6296,1804569,1787601
5833,4907,-60519,54925,4593,1745176,1757415
9537,6278,19670,53740,4093,1632172,1727508
9536,6648,113490,86296,4240,1592112,1814433
8129,5426,-106653,38815,5629,1999809,1954044
6185,4833,-73796,45925,6222,614016,606052
6462,4834,17726,44796,3648,1650727,1730971
8778,5407,122175,38074,5074,1921109,2103025
9000,6018,-99856,35444,4908,608594,566886
9222,6574,-120852,41852,5037,1746897,1692008
8815,5166,-38532,42722,6093,1706800,1733638
7815,4796,123268,40740,5667,1854294,2038933
9407,6315,259180,33129,4778,1919900,2235320
5444,4370,-123629,28482,4315,1883562,1805304
5055,4537,334744,46296,6519,1888483,2287949
7888,5741,16083,43167,5259,575950,656699
10055,6371,1263934,80778,3833,1658252,3026149
5815,5259,128944,42926,6407,1885636,2077562
7999,5815,-91106,41871,6370,1695281,1669008
7870,5704,261361,37203,4889,1842386,2162006
9407,6389,2404,34852,4703,1960029,2020137
10129,6148,290722,58074,5204,2451243,2824039
9611,6074,963909,62129,3648,2227368,3274758
8870,5592,-110285,42185,6352,1943478,1898155
9925,6333,20664,38555,4259,2272971,2355412
6074,4963,383889,36685,4500,1837524,2276172
9869,6649,-149901,46203,6111,2036482,1957951
5944,5055,313917,41537,5704,2049939,2424652
5333,4518,-100243,32222,4574,2149027,2097839
8240,5833,29669,45129,5926,1896487,1993692
8314,5093,193116,39667,4981,1617280,1870803
8462,5445,472509,40166,5445,1851273,2385745
5889,4500,-72780,45573,6834,652147,644626
8574,5352,11761,36537,7092,1538748,1610176
8185,5370,4840,39722,5945,1894130,1960248
10462,6334,-65359,40630,5944,1910792,1911137
9592,6315,-12650,35573,5074,1835084,1881414
8814,5778,-146441,42759,4944,1841561,1759563
7240,5167,243247,33611,4611,609729,905587
9740,6593,-115802,44537,4944,1859606,1812119
8055,5667,-42687,43611,5944,1700399,1723860
5037,4500,33762,42574,4944,1984597,2077932
9537,5833,110897,73110,3686,1622389,1828175
8278,5222,-138876,44111,5704,633095,559867
8444,5555,-71556,39370,6093,584849,574922
5444,4889,-13089,87592,3778,1635098,1725786
5629,4796,85897,48426,3296,1710611,1861507
4592,4537,-134745,41740,4611,1749977,1673546
6648,4815,-105778,39666,4889,605219,557756
8796,5759,-33051,34870,4408,1939540,1962433
9518,6093,39693,42574,6260,1757610,1864433
5148,5037,143291,128758,3371,1486069,1774027
8907,6445,-148185,27963,4555,1784749,1687009
6870,4685,-65144,46130,5111,1662763,1662731
5000,4463,527395,56778,6000,659708,1261381
10018,6685,142939,39797,6259,1595587,1803841
8074,5185,-95611,38815,5259,1686231,1650842
8796,5518,-92457,43166,5630,1785355,1758249
8333,5703,17584,31666,5130,1559277,1630008
5851,4500,82440,95296,3907,1607643,1802433
4333,4648,-138239,29463,4833,1840137,1747657
7925,4908,-118717,37019,4426,671139,608848
10055,6686,-44601,42240,5167,1708165,1730305
8166,5278,476716,75278,3518,1920084,2491430
7426,5000,760442,47592,5667,1721265,2549966
7889,5314,-142975,60685,5130,571509,509868
10796,6426,-78823,48241,5537,1672553,1667397
7426,5037,25459,38722,3463,604074,686330
8018,5611,156297,47629,5167,568162,793532
5333,4444,678614,34778,5093,645526,1375918
9425,6130,-74563,61129,3481,1723905,1731823
8907,5630,384736,48018,4537,1968695,2423690
5889,4963,101890,46796,6463,660661,829403
5092,4463,-138975,49796,4426,1944464,1872637
9221,5574,-136469,48759,6407,2002070,1937599
9240,5482,-33114,43389,6000,1908750,1942415
8814,5834,54557,97518,3778,613309,786180
8796,5740,291525,35036,4778,2058258,2406319
9592,6334,-121822,41537,5871,1757515,1701434
6314,5241,-68372,46444,4741,597221,594237
8389,5740,18447,43389,6370,1664136,1749286
9000,5611,104859,49185,5685,1644279,1822508
8796,5222,-145116,43796,6611,1883995,1806212
9351,5741,-96353,42796,5796,1709899,1679916
6500,4852,-4145,39500,5888,582049,637089
9685,5778,154174,39240,6167,577673,795236
7407,5315,-141302,44685,5667,617947,541756
6555,4648,-101186,39834,6259,637405,595515
9240,6685,7911,89777,4019,1927133,2047450
5222,4426,70360,30814,4537,1921814,2039581
4315,4555,189197,39704,5685,1653144,1899155
9073,5760,-115315,38481,4741,618812,564237
6518,4518,-58848,44704,6315,1645449,1652175
8389,5611,19212,52963,4574,1597722,1690842
9370,6370,106624,42889,6463,1916901,2091265
7463,5129,-145463,48815,5852,1685046,1609213
8333,5241,-64199,40111,6499,1720634,1719231
6258,4630,-11546,38925,4741,1808665,1854155
10203,5148,79125,38296,3074,1657550,1795785
10296,6963,-95777,36018,5000,1772008,1737212
7556,5407,-124902,46574,5981,1741448,1684768
8314,5167,-12639,69574,3797,1612332,1689323
8629,5648,77329,33185,4667,605537,737774
8629,5611,142740,44185,5112,1725266,1934136
5018,4593,-145754,45889,5667,642620,560663
7870,5370,-76341,45499,6093,1670536,1661379
7796,5166,14959,42778,5796,571593,650200
10444,7019,96389,33445,4981,1720396,1874656
8852,5963,-117994,47296,5889,541028,493534
8685,5556,-66138,40870,4445,1699424,1695287
6018,4445,758252,37685,5389,601054,1416251
9537,5648,69630,51759,4426,1735285,1878415
9815,6833,-121938,41722,5667,642416,586756
5648,4389,-127674,47129,4370,657634,594663
5130,4259,-31336,46444,4907,1636216,1667953
8092,5389,42946,49315,4870,1775636,1888100
7278,5129,-160011,40926,5981,1855779,1757786
8666,5592,-144710,40055,5963,2115014,2033043
9222,5926,57830,44204,5611,2160008,2284931
8481,5759,16243,44259,5630,1928282,2010729
7499,5426,107284,94426,3741,1623279,1844359
6277,4815,-145969,42352,6166,1880811,1796730
9055,5296,-106501,76055,3648,1703103,1692860
8963,5889,-12720,42833,5852,1721839,1775878
8925,5463,86100,35740,4889,580082,723903
8611,5629,-138950,40315,4666,756188,678718
9203,6204,-124779,46648,6111,1720566,1666823
5833,4537,-2553,38407,5945,1625154,1679823
9481,5944,48638,52851,4278,1641834,1765804
8500,5351,-158264,43203,5741,1686941,1593676
9740,6556,771476,28667,3944,1645805,2468189
8444,5297,-45960,42407,6223,1657338,1675731
9056,5722,22489,33371,4240,1773074,1850545
7352,4981,132420,41333,5648,1757977,1953118
6314,4241,-118926,36796,5222,1935508,1871859
5925,4723,-98366,46444,5963,595178,562274
9462,5889,-14306,81074,3648,1600463,1688971
8352,5314,82680,57463,6037,1755550,1917859
8833,6185,-10482,39815,5703,1616010,1668749
7907,5167,-114606,76388,3593,1693448,1674342
9166,6296,-33731,45592,5908,1649018,1685175
7518,5463,41272,44519,4666,605335,711310
5185,4648,183499,40611,4852,1585916,1826989
9111,5463,-114328,77000,3814,513733,496868
5444,4945,-143435,40630,6055,621061,537664
9185,6000,33384,78870,3611,1566884,1700508
8852,5407,111037,41592,4556,1718322,1892600
8462,5778,-122031,45222,6203,575807,522404
5499,4389,-79508,46629,5204,1638684,1623527
7259,4889,38977,119426,3648,466538,643626
7852,5129,92834,44222,5704,1939432,2097673
9240,6130,-143179,34204,4759,657213,571071
5481,4648,204121,37370,5370,1688813,1948433
9888,5315,5534,41407,5815,1690382,1760619
9666,5908,75371,41185,6259,1626785,1767934
7944,4889,-169808,37981,4963,1895372,1783416
8666,6019,238972,39148,5037,1863256,2163487
9166,6315,-67910,44333,6371,582444,582849
9351,6352,41409,40704,5685,1632044,1737564
9425,6112,105876,46907,4982,1962055,2137728
7962,5574,-122599,39167,4851,690226,627774
5111,4278,680402,77851,3352,609368,1382788
8426,5611,-13961,44278,6352,2061893,2114951
5333,4926,148136,35055,4630,616100,816810
4426,4555,-115302,49407,4796,1939181,1889674
9240,5944,-140446,100482,4166,597147,579311
9870,6648,102910,42629,5593,601253,771607
8944,6407,48840,42426,5056,578767,693403
6888,4685,-165154,65241,4277,1870311,1789137
6555,4648,-147409,72037,3759,1825843,1767822
8444,5166,-82478,39852,5574,534735,513312
4870,4740,19712,44759,5203,548989,631014
10148,6926,117364,47166,4019,1724995,1912693
8851,5407,-113612,40334,4389,1924823,1872285
8815,5444,-113459,52222,6056,1736764,1698583
5536,4426,-16455,99963,3944,1575946,1676712
9537,6444,78587,41629,4574,1798791,1941988
9148,6333,-147408,37963,4593,691756,604626
9537,6018,-143829,43556,5018,687029,609996
7981,5204,-50084,41055,5352,696154,708422
7648,5166,57976,43630,5241,1869012,1990951
8722,5444,127999,49611,4926,1655083,1854026
7055,5148,-108180,44000,5500,615159,571052
9647,6056,-84732,76704,4129,1700426,1714323
5000,4574,19532,41444,4630,1704143,1781804
6629,4722,113685,39870,5371,1687397,1860878
9352,6481,-124717,42389,5963,572436,514571
6389,4481,-75435,40500,6630,1727424,1712138
8962,5926,-12449,44241,5055,1634624,1688786
7037,4851,101908,39907,6148,1603749,1765619
8481,5407,-4994,40462,5204,2136778,2193376
7092,4426,-130526,43296,5926,1747924,1680897
4814,4130,60459,36259,4815,1871770,1984988
8722,5685,423980,34408,4851,2026265,2506355
20962,4371,-171142,41778,6425,1809058,1713453
5592,4426,-140378,36222,4741,1939589,1852396
9388,6111,-75503,95000,3611,1582457,1623786
7221,4834,14908,57796,5371,1764043,1856303
5093,4481,145709,37944,4111,1601873,1801971
10148,6167,-117433,46833,5703,607893,561404
8111,5555,-104095,36296,3870,626648,578459
8370,5388,12687,40500,5611,1657266,1732119
5332,4852,83340,64999,3982,1799686,1964192
8981,5519,-141211,41463,6408,1956347,1879785
8092,5444,-137853,80814,3741,639610,601959
8093,5314,-45627,89981,3333,1634433,1697472
7852,5352,48117,37000,3685,613490,718811
4962,4834,-167821,39314,4611,600819,488738
7240,5074,-146261,34815,4407,618962,526608
9667,6444,-80553,46778,6037,1679284,1669768
9777,6259,195006,41056,5796,1902759,2162727
8203,5519,97493,35555,5148,1751607,1906007
7055,4852,-153501,42926,6444,2012268,1922433
5277,4260,-109553,80593,3629,614716,601311
9518,6056,-20048,37556,4555,1659890,1699786
8815,5500,803472,33703,15371,1946548,2815502
8185,5778,-151408,42444,6333,1954472,1867989
6296,4648,-113793,42296,3463,666197,611422
8258,5130,-19584,43685,6111,548414,594811
9574,5759,45476,37185,3944,1701125,1805212
7925,5204,-161741,48278,5537,1828249,1735804
8426,5778,-124422,41722,6426,1691968,1632546
7036,4648,-50491,34333,4556,1944443,1946599
8369,5445,8828,40111,5222,1737495,1808081
8870,5648,99407,53889,4592,620978,795162
8962,5945,807575,42759,6481,1656873,2531985
8555,5666,-112694,64611,6815,1746869,1721878
6907,4537,-13227,38315,5093,1636161,1680898
7722,5648,71796,31870,4537,1694490,1818138
10740,6611,-144217,45296,5815,1817133,1743415
9000,6278,629673,41518,4019,598652,1291807
7259,4518,143847,47389,5815,644204,855476
7055,5167,37093,40166,5037,1751045,1848230
6462,4593,521077,55166,5093,585046,1179974
9907,6611,-142564,42852,6074,623172,548885
9129,5796,-42504,37130,4574,1662383,1679212
8555,5611,60871,37648,4389,1632063,1751563
11315,6148,129746,45685,6296,1658780,1861063
5407,4370,72806,39611,5630,2038070,2167968
9148,5314,-115614,43926,5574,613685,564700
5204,5000,-20018,43148,6315,592551,634478
9593,5796,70431,42537,6482,1760631,1897489
5352,4407,-146655,41537,6388,1964682,1877711
9092,5223,-111040,43370,5926,1667493,1622935
6036,4593,-38035,40500,5962,621588,642737
9852,6703,45136,42963,4741,2011851,2123580
9018,5833,179122,57333,5129,546911,806050
5296,4630,-149558,38537,5315,1876417,1783934
5796,4611,-74830,44611,5000,706215,693237
4666,4666,19008,46110,5982,456082,539070
9518,5963,103752,76259,3833,1694589,1895933
9574,6222,-144575,40574,6111,604998,525645
6314,4592,-100959,42185,4833,1759191,1718193
5018,4518,-18770,81074,3704,1552075,1630008
9777,6185,84346,41555,3593,1683680,1831822
6814,4889,-140945,45944,5797,736182,661218
8925,6574,-101829,40500,5963,1726930,1689786
7573,5148,-46954,57463,5407,618803,649588
5666,4426,43384,40073,4963,1699310,1801063
4722,4778,-73982,36111,4871,1907915,1887137
9037,5388,-120958,45778,6000,618344,566349
4851,4870,-145990,35204,3574,2047090,1951951
4610,3982,24477,37796,3648,1730253,1807508
5962,4611,110777,42000,5223,640106,811458
9574,6481,-58402,33074,5426,2142797,2141450
10536,6167,-115398,80204,3870,1691777,1679156
5111,5333,-11319,48667,5629,1650383,1705731
7129,5185,66037,45741,6241,1679600,1812711
8462,5389,-150457,35241,4722,1891113,1797230
5184,4741,-129156,45296,6463,676875,612922
4666,4630,-34559,47055,5519,1708493,1738230
7611,4907,37483,77314,3815,620735,753903
9722,6481,652003,35352,4518,602175,1312844
7518,4759,-148322,78000,4500,1985181,1934118
7999,5537,-49317,35648,4703,1694771,1701989
5518,4519,14409,36629,4426,542699,610608
11389,6148,88284,47814,7074,592620,755681
7704,5018,-147988,46944,4778,2018662,1937396
9629,6093,-113557,54074,3814,1641808,1604491
5314,4833,-12312,75777,3537,581680,662051
9314,6426,72785,39481,6092,1745557,1882396
5333,4981,-116561,40463,4722,536892,477923
5203,4315,-135038,39481,5556,1686510,1607972
9573,6167,-50645,43852,5037,1596913,1613601
6277,4537,35063,43722,5963,1721686,1819915
6481,4667,131475,34426,4648,1735421,1919581
8759,5481,-123778,38426,3463,1873934,1808878
5185,4574,-11811,32537,4741,1647838,1685490
8296,5463,542210,47759,5648,606709,1219511
5129,4148,106309,41445,5333,639760,804940
4426,4463,-148352,84907,3908,631959,583904
5741,4518,-97847,45389,5648,1753059,1719268
8481,5482,-12269,34611,4574,601654,644997
9795,6593,-23393,43925,5389,2021289,2066061
8463,5277,43685,33186,5166,1637657,1735953
8889,5870,-134106,61315,3944,1736985,1685046
9296,5926,36416,45852,5759,1747091,1853007
9425,6223,36921,62963,3796,1677753,1799156
9870,5870,-179721,58574,6260,1845803,1749323
7277,4945,-139791,40556,4722,672028,592052
5981,4797,-84193,99925,3556,571653,604256
8962,5482,9033,38593,4722,1726141,1795359
9147,5685,124094,92296,3666,564421,801736
9111,5667,-153864,28445,4777,1893965,1790416
5907,4870,-85822,87703,3537,615986,634848
8444,5370,-18910,46167,4889,568647,617385
5833,4426,90724,45018,5685,650031,804569
9777,6556,-141826,34148,4722,650916,566515
8814,6278,-142691,43555,5185,1769108,1692860
6944,5018,405237,40500,5630,597164,1063068
7629,5037,231428,47740,6167,2217317,2518689
6130,4685,508597,35445,5092,1755685,2318542
4630,5055,-148376,46481,5982,1874384,1790675
8556,5759,-81668,36537,5055,564406,541108
9500,5814,8504,50277,4370,1697061,1777508
9777,6352,89804,68925,4149,1626741,1808193
5055,4685,-151172,56408,6111,1869309,1792971
8629,5649,-112668,42222,4908,1747842,1698916
4518,4555,-10496,44870,4408,1686023,1736267
9388,5408,62953,109184,3871,1880146,2073099
8870,5834,-143727,68148,5833,1886494,1833786
9278,5870,-153407,64703,4093,605700,538793
5888,4574,-51662,54037,4500,1716726,1737026
4092,4519,39583,49740,5037,1706536,1812082
8000,5203,129569,45685,5704,564945,761348
5000,4259,-147221,62574,3703,1678731,1609509
8499,5296,-77809,42500,5370,570158,556626
5648,4926,2237074,44500,4592,2047030,4346104
5815,4851,-77297,40851,6334,1687862,1670527
23814,4648,315537,33815,4592,708994,1093493
8777,5870,-112531,42389,5056,560806,513163
8740,5852,767377,50611,5815,609003,1449861
7814,5278,96496,33408,5111,603851,753996
9981,6963,41150,46611,5055,1819414,1931174
7703,5149,-142290,56685,3833,1770317,1704064
7759,4852,-54656,49185,4407,582338,596145
7462,5278,805994,46944,5556,1715361,2589040
7574,5148,-91516,54407,5852,630827,614496
7981,5574,-143030,50833,4741,1914315,1842915
6092,4704,-79803,42741,4981,622022,603089
5444,5000,13720,48444,3945,1611400,1690231
7425,4815,112076,34352,4352,1894911,2060043
4888,5000,-119159,39463,6204,579711,518737
5555,4481,-110413,31982,4629,586207,525200
4888,4500,-22668,31037,4592,1730399,1754915
8000,5629,97781,40074,4630,1635246,1793453
8055,5185,-149825,41111,5667,1842000,1754452
8203,5815,-144394,42741,4796,1933476,1853285
5444,4408,107887,44204,6500,622682,793922
5722,4648,40856,79407,3833,1628209,1765342
5907,4463,-172842,40555,6334,597969,484998
9407,5593,-145764,41889,5648,1703217,1622120
9092,6389,-87796,42777,4926,664015,642904
8592,5629,34745,40648,4648,1631282,1727563
6185,4852,127898,34166,4593,1952719,2132525
8315,5888,-128689,40278,4907,660853,593626
9463,6314,-118295,35518,4852,810551,750459
5074,4852,-17718,43000,5685,1719133,1762156
7703,5093,75583,70722,3648,1770554,1935988
6333,4444,-140521,33222,4537,1915048,1825119
7555,5407,-141313,43629,6204,1739304,1663175
5759,4370,-51068,44778,5278,2243110,2255135
5740,4741,53936,42703,5704,1623369,1738638
8240,5074,-172817,39241,5796,1669067,1557176
5648,4759,-148961,69685,4092,1996006,1934507
9462,6426,-89901,36704,4648,1697521,1667082
6314,4704,10677,43889,5759,1601517,1674804
9611,5963,94719,41481,5852,1726566,1886544
8888,6111,-123497,57074,5444,1880968,1837600
8574,5685,-118863,63463,4018,1767723,1732712
8592,5574,-31729,92796,3592,565819,647181
9184,5908,58942,42889,6240,1666900,1792174
9388,6686,-148645,46222,6037,1971467,1893044
8166,5482,-132937,42667,6037,651896,584033
9925,6852,-63673,41833,5537,549059,552330
6092,4537,34202,107481,4352,1624324,1783341
9444,5648,218077,39740,5537,643808,924458
9185,5722,-96455,43889,5963,571766,542423
9758,6019,-57320,41370,4222,1735236,1741674
8610,5741,14499,56296,4722,1685454,1777378
5666,5167,105577,48963,5426,1709597,1882544
9741,6351,-104879,40222,5815,653246,612589
9296,6444,-94875,33741,4611,1679273,1641842
6796,5037,-13612,66574,4296,621108,692792
7778,5037,71726,48426,6185,570603,712348
8389,5407,-148416,42537,5278,674024,589830
5352,4852,-131245,72592,3574,1719050,1676768
9666,6593,-37741,36797,4648,1898395,1920729
9147,7074,427337,41000,5778,1715946,2208598
9463,5944,126528,47333,6056,1671683,1869711
5944,4407,-145392,51574,3759,638112,561460
7889,5481,687924,44629,5074,644328,1398955
4796,4407,32302,39111,4648,583954,671903
11259,6574,167232,38148,4555,1765979,1997099
8296,5130,-143132,41814,5371,1689474,1608972
9647,6297,74723,40500,6185,568125,707810
8074,6111,-23920,35296,4982,1693169,1726730
8888,5722,99085,43278,5703,1666238,1831322
8277,5278,-122799,42500,5741,649536,590589
9814,6223,-135146,51759,3982,646642,585719
8481,5741,-42790,89296,3741,1626465,1692971
9370,6074,50160,41777,3278,2149438,2262561
7556,4870,125979,41889,4537,1646621,1834008
9129,5648,-149959,38648,4611,1742635,1653527
6332,4686,-72604,39611,6130,2010851,1997432
9537,6463,9346,45722,5574,496614,576201
8832,5667,92258,41073,6204,557183,714106
5888,4463,44077,37167,5167,2074465,2173561
7741,5277,-118121,43074,5982,1694204,1640805
8499,5760,1883,35722,4963,1705754,1764767
8500,5389,104962,43036,5130,1905656,2074969
8277,5204,-128662,75944,4259,2117891,2085450
8777,5870,628062,44777,5204,1700073,2396226
7222,5167,-23061,34370,4723,1733253,1764341
6240,4815,45000,39203,4908,1638768,1742286
6407,5185,-173605,42073,6278,600677,489831
5240,4500,-99916,39666,6000,1944461,1903359
8666,5352,-79356,49741,5685,1706179,1698434
10444,6240,1779,41907,5963,545644,613959
7963,5759,89931,42462,5982,1990871,2145617
9574,5629,-122841,52852,5666,1813887,1767341
9093,6296,-118818,55426,3500,625370,583534
5574,4704,-26981,41296,6408,599643,632996
9925,6426,74469,74703,3593,1942612,2114543
8500,5277,159,44667,5833,2082069,2148580
7370,5037,-145965,46388,5611,636741,558645
8647,5315,-33461,49630,5907,1574989,1613027
7703,5148,31265,32852,4889,1664502,1748878
8592,5389,475935,59074,5630,1641829,2198987
8314,5556,-146410,46815,3796,660592,581459
9611,6166,-85886,53963,5907,1681525,1673694
8296,5166,422654,35481,4018,2081017,2559059
7852,5703,89382,74518,3834,1700292,1883915
7185,4963,-151446,40444,4648,1698844,1606750
5833,4815,-79516,41833,6426,1728580,1710490
6685,4889,-18104,97370,3760,542155,640163
5074,4259,65308,43593,5759,1732996,1859600
5722,4555,-149945,40093,6055,1866583,1775323
9055,5611,-115329,38889,5963,1728116,1674268
8295,5148,-49584,74241,3889,1672111,1716600
5593,5407,39346,37259,4537,610095,704218
5556,4963,127721,45851,3704,1686398,1876378
8241,5462,-146347,77204,4315,667454,619108
5481,4574,-86027,36999,5148,1714407,1683009
8907,5574,-1746,77111,3685,1662772,1759378
5888,4556,118685,38888,5130,650348,826995
7425,4723,-148069,36148,4833,1839670,1747582
8796,5537,-115601,44833,6148,652987,605422
9425,6667,-30338,78278,3648,1685327,1755323
5315,4463,67592,71130,3092,1615657,1769879
9055,6352,-150328,42574,5815,1899983,1816155
9518,5111,-108545,40315,5962,648672,603144
8481,5334,-64485,53240,4741,523649,532979
10240,5833,49964,69740,5463,1623026,1766674
6111,4333,-173197,48407,5519,593342,486960
8629,5648,-138599,62833,4037,1947070,1892026
4777,4945,-85373,45407,5407,652851,630700
7666,4926,40206,36425,5000,1638877,1735675
5037,4074,93321,34852,5222,2063573,2208580
8018,5389,-137007,43111,6537,638485,566571
5000,4166,-117890,77833,3944,2076101,2051803
8833,5685,-23442,78981,3667,547846,623977
8092,5296,84192,42611,6037,642915,791495
5221,4111,-155672,53000,4481,1909532,1823507
8851,5537,-149723,77721,4056,657794,606940
8815,5407,-31312,41074,5519,1769968,1801638
8592,5574,39730,34296,4777,590322,685273
7944,5389,115956,44241,4926,1633014,1813860
8722,5667,-125779,40019,4963,598719,534738
6203,4685,-51589,89704,3629,1648616,1703304
10073,6630,508,31870,5260,1652407,1709156
7037,5037,118457,37204,4500,1603828,1778749
4777,4352,-142574,44481,4130,2083377,2000895
8833,5740,-120662,54074,3834,1714819,1669119
9630,5759,-35010,50611,4463,1772184,1810156
9129,6500,87051,41333,5851,678816,831088
10111,6407,-154092,44093,4407,1958174,1871600
8518,5241,-117865,31814,4463,710973,645607
9629,6575,-39083,90184,4260,1668906,1743064
5592,4370,39088,30056,4722,2032196,2118450
8592,5611,896145,43630,6611,1722876,2686058
18370,4259,-146327,46666,4796,627528,557719
5499,4297,711155,38870,5130,614929,1382195
9666,5815,170273,32259,4519,1922084,2146672
9610,6445,95038,46777,4611,1689433,1854044
8722,6537,-147605,40537,6167,701119,618330
7999,5000,-79544,29981,5241,1711905,1683434
10073,5611,-34743,39574,4463,1725881,1754156
5074,4593,67408,43760,4796,1695803,1823619
4962,5149,1032150,33926,4833,657321,1740971
4314,4556,-108803,39111,5667,1696941,1643731
6833,5018,-62335,46685,6518,627851,632589
4647,4611,69465,39426,5667,1661784,1788100
8129,5389,116433,84648,3888,1911852,2132450
9129,6241,-153895,67055,3982,2020309,1955470
5500,4481,-88353,40351,5389,629387,599293
8185,5277,24299,36871,4703,1676302,1758341
5074,4518,101785,44963,6889,1607927,1774601
5129,4407,80642,39574,6074,1605385,1743952
8184,5408,-113168,41574,4056,1676361,1624916
9000,5278,-32274,40444,4815,1731578,1761286
8388,5778,84526,46334,5888,656155,809087
7833,5574,-146153,40129,5945,571854,487256
6555,5185,-144333,69611,3666,1713972,1656675
9815,6074,-48014,58296,4296,669677,702811
7277,4907,51694,46241,5741,1681943,1800174
8407,6000,-174208,46555,5537,629409,523830
6147,5037,-152295,39370,5611,1780508,1686453
6444,4926,-91662,46556,6778,623565,600163
9037,6259,34972,39556,5759,1705610,1803360
9518,6167,132588,45944,4926,1968048,2169117
5295,4297,-153980,35036,4834,1792451,1690693
6722,4759,-120494,44630,5888,700287,644589
9648,6481,2270,39499,5575,1702757,1768712
7852,5000,68885,36666,4778,662499,788051
9666,6371,-124054,32241,4148,669569,600386
7629,5444,-152160,45945,4296,748341,662348
8500,5629,49567,38407,4555,1889034,1998155
8704,5740,35053,43148,6555,574463,676922
9999,6130,118316,54370,5241,605087,801198
8130,5703,-126511,54148,6222,624768,575442
9129,5834,-62748,40074,5889,1702145,1702972
6055,4482,8497,58352,5037,1697788,1782675
8314,5445,86057,37093,4907,1736061,1880637
4889,4240,-157288,33648,4667,1737278,1629546
10203,6667,-120617,48684,4704,1720737,1672582
7796,5148,-31816,53685,3722,1880787,1921618
8796,5685,61817,45074,5797,1653246,1783100
6907,4797,-148085,42760,6462,1883019,1798693
5703,4649,-118913,36148,4592,680780,616515
9166,5796,374812,36315,4963,1760564,2193653
9741,6425,99467,41444,4852,1721374,1886174
5406,5260,773060,33482,4407,1807257,2631095
8463,5907,1437229,44389,5315,1971750,3475498
7518,4889,576961,28666,4630,1744470,2369171
22425,4649,414447,42259,5055,1711189,2202950
7462,5260,92082,38056,4574,539098,689292
7499,5185,559567,34241,4537,1857196,2470966
8852,5351,320536,47926,5593,2074209,2464819
6241,4722,352374,43851,6519,1686558,2102266
9129,5963,455897,33240,4871,1931867,2442967
6018,4649,144458,46351,5760,1992510,2202209
9036,5759,650109,40500,6130,553717,1267307
9203,6111,316023,56555,5056,633749,1029086
4870,4111,190324,41500,4556,614208,861680
9314,5518,164274,41352,5889,1879769,2108135
9407,6185,169649,35888,5111,1919580,2147876
7963,5444,309264,43241,4611,1702057,2075155
8369,5463,768971,76111,3759,1631663,2497133
5222,4518,474162,47518,4389,1725936,2263801
7962,5352,-26146,40629,6241,1704155,1740952
9870,5407,-116807,44796,5167,2006629,1957544
9203,6260,-28859,40277,5056,1659738,1694342
6851,4611,89109,92684,3723,1990175,2189227
8925,6630,619315,32499,4649,1958392,2632910
7536,4926,-103770,39593,6111,1992240,1949229
8444,5223,-54303,68593,4203,1790755,1825749
8240,5556,29720,34926,4852,1651251,1736749
7833,5296,-180237,41167,4481,1915875,1796804
9870,6778,-151362,37148,4889,1751519,1661620
7185,4963,-87209,90147,4260,1878513,1900248
8852,5852,424830,39963,6185,1630768,2118784
8426,5241,132206,41945,6352,2040724,2236894
5296,4500,118545,36463,3815,2010294,2181469
8666,5500,-105004,43296,5500,1735884,1696064
8851,5908,3795,40463,6148,1668713,1736230
9166,5963,1260517,38519,4889,2007981,3329073
24536,4685,-153452,36888,4871,1904997,1824581
6981,4704,-150745,80796,3481,649797,596996
8148,5482,-59944,43036,4519,560552,564793
9648,6037,45431,88129,3741,539047,694033
9870,5259,511433,28352,5334,577634,1140734
4833,4648,-162874,44130,6333,1742790,1642564
5963,4481,-91554,41555,5556,1751044,1719490
9870,5815,3431,107944,4148,1609707,1742897
5240,4278,-164063,41204,5870,1836294,1731453
9055,5889,-154410,41018,5074,1857363,1766712
6833,4371,-88443,32944,4630,1680062,1642768
8925,5445,17914,88573,4408,487657,615144
8592,5166,58271,44981,3241,1728700,1852044
5648,4518,-162872,42611,6500,574388,473367
7240,5444,-144793,46037,3630,628549,548293
9722,6019,-62197,44574,4889,1673965,1678972
9314,6074,46475,89870,3703,1600516,1758304
5870,4870,902587,47222,5833,1586621,2555077
24295,4574,-179144,34852,4666,599309,490663
7388,4667,-71621,49574,3462,1589539,1585102
8166,5297,10735,36092,4759,1653570,1720934
10277,5315,86314,40574,4370,1939656,2089062
6425,4648,-129514,28704,4333,1816337,1733378
9296,6481,-90324,39944,6167,1703870,1677990
7055,4574,-19005,41130,6241,1745346,1788767
8518,5760,94129,40648,5907,1700379,1857415
8037,5185,-150402,39685,5963,1769929,1681749
10203,7056,-116360,39092,5982,586487,534923
5388,4000,-8930,52741,5333,1626383,1687675
8055,5741,31130,74296,3982,1668285,1793582
10055,8000,-186142,43185,6463,635269,519404
8166,5111,-156063,42037,6259,1977034,1885285
7666,4852,-82670,62555,4926,1654605,1654731
8351,5407,18150,42259,5815,1949005,2031395
7888,5518,125914,40018,4278,1728798,1915044
5925,4815,-150784,78092,3685,619578,563978
9777,7074,-119836,44500,6148,1674289,1624749
6870,4666,-4646,47574,5482,1665228,1727619
6185,4592,75526,74759,3481,1838241,2005081
5241,4277,-151320,33425,4186,1815144,1713453
8870,5351,-122297,63222,3370,620591,581922
4759,4222,-38312,33130,4204,1683561,1693731
9167,5814,541154,51722,5000,1872887,2488208
7648,5518,138883,45629,6371,1635218,1841971
7074,5056,465274,42352,4907,623589,1150401
9648,6741,-97718,76314,3593,606659,608052
10055,6500,-7640,33519,4815,1688703,1738341
9407,5889,83698,43796,3833,1691495,1840693
9815,6685,-154963,73778,4296,1980044,1922396
7370,5241,-121032,41740,5760,1761577,1703249
5092,4445,-7621,34778,5500,1726480,1771008
4518,4518,72570,42352,7592,1711309,1844933
8907,5408,-153481,40408,5722,1814637,1724360
7462,5167,-154753,39259,4759,672880,577108
9574,5926,-31082,43536,5908,1765035,1801304
8703,5630,44200,77815,3888,2002603,2144987
5981,4407,120353,44518,5685,1700674,1884544
8314,5556,-137642,42297,6074,603323,530478
6407,4426,-88433,40056,4666,609097,578515
4981,4130,13090,36518,4648,1679863,1745212
9648,6018,116132,39814,5593,647882,827606
8944,6482,-156085,41814,6389,628879,538997
8555,5778,-100432,34555,4722,1720293,1675824
9204,5852,9424,87666,3370,1628103,1746120
9185,5889,51910,32777,4186,1810004,1915989
4981,4704,-152381,44833,5000,1690445,1599768
6852,4926,-117506,41889,6000,675391,619515
8444,5945,-13890,38666,5963,2379450,2426912
4907,4815,32337,41333,5815,1692560,1783897
10814,5537,114638,39999,3945,1714111,1891081
6370,4777,-152189,40240,4648,652187,559089
9463,6592,-65981,67759,3315,1657953,1681601
6333,4574,24430,50278,3111,1659430,1750360
8351,5537,107305,46945,3852,1689721,1864063
9370,6314,-133763,38945,4555,1853568,1781137
8296,5537,-121981,73204,3092,618682,588867
9555,6223,-38754,72407,4000,1728558,1785267
6018,4630,501878,41926,6352,1806570,2369486
8000,5444,-156521,42203,5463,1941696,1848378
8277,5371,-154887,45073,5130,1773803,1685231
9389,6222,-36827,43777,4760,1759205,1788897
6463,4833,26770,74574,3592,1676442,1794767
8537,5277,-181687,45185,5722,1932918,1818563
9185,6278,-151201,37629,4797,1712376,1621787
6462,4760,-92882,45685,4852,612767,584033
9037,5981,21215,43815,6000,1577812,1666675
8610,5426,86887,61796,4148,1668547,1839007
8111,5148,-136404,43685,4722,591605,519793
7481,5371,-126955,82666,3778,1654945,1629694
5796,4722,-24320,103444,3388,1640182,1735768
8777,5741,234035,44148,5815,2121377,2421893
6759,4593,-155107,40203,4463,1684024,1587750
8815,5592,-158009,83092,3685,1712019,1657768
5370,4259,-57449,45574,5703,1662366,1668157
9592,5944,29629,35056,4185,530127,616607
9000,5963,249929,44148,6222,617065,934420
9110,6297,623395,66370,4111,585079,1296584
9129,6333,-98837,35907,4704,1737846,1698304
8388,5408,-389,36111,4963,1753248,1810656
6203,4944,112931,35185,4370,1707503,1873674
9185,5185,-136286,66296,4093,622208,573126
8130,5314,-122929,33870,4093,652000,583182
5981,4815,-27258,61204,3833,1619230,1670027
9444,5648,124265,35222,4926,1863501,2045395
8407,5444,-135100,33945,4333,2328346,2247616
7648,5111,-150299,45555,5260,619147,534997
5481,4444,-13628,53852,4241,1617933,1674860
8740,5574,20396,53370,4037,1688390,1783045
8222,5463,502065,57185,4277,1721478,2300986
9556,6055,-141742,43055,6482,607998,534108
6147,4834,-33109,35352,4630,1727839,1748230
8000,5222,-4011,43315,6018,1651594,1712138
9277,5574,91919,46111,5482,1693384,1854100
4926,4815,-160297,34666,4908,660775,552497
4944,4630,-96867,46926,6407,627345,595811
4685,4666,-20621,64592,4612,1629093,1689749
9055,5759,73105,38259,5278,678298,812236
4852,4778,-132797,40500,4593,758033,681922
10333,6056,-124033,33963,4278,581455,515608
9629,6056,-48602,88648,3425,1589741,1650935
9463,5759,21477,28592,4075,1666513,1737842
8000,5574,-184462,42815,6444,1799415,1680194
6500,4833,-148513,36741,4481,1747319,1653694
6259,4574,-64194,83481,3093,592709,627959
5944,4482,16848,34685,4574,1660679,1729879
4352,4852,133945,34092,4630,1678970,1863323
9684,6537,-163530,42000,5370,2044112,1946581
8388,5482,-125156,30815,5167,670467,597237
5944,4482,-8855,32852,4759,1716696,1758453
7721,5000,51595,45148,5203,652291,769403
9667,6685,-155530,45018,5630,1933963,1847915
9499,6963,-135210,46296,4537,1958885,1893266
9500,6055,-64891,47500,6759,1718307,1725786
6074,4666,20595,40963,5000,485920,565960
5499,4593,-183400,38945,5407,1912241,1785767
9499,6278,-153320,44629,6241,645521,561626
8296,5166,-83908,41888,6704,1676269,1656805
6037,4815,-2071,50500,4555,1746412,1812675
7925,5167,94082,42092,4908,1747222,1904581
9481,6092,-144690,51907,5834,629520,560737
8333,5185,-126370,31092,4630,1744879,1669731
6704,5870,-30866,45407,5944,1662875,1698083
7981,5093,66397,69093,3555,661802,815903
9833,6574,-136282,34888,4815,1664088,1586601
8537,5981,-151092,42463,5259,1728305,1641916
5795,5019,-57513,41277,4704,587751,589126
9870,6852,-161600,41333,5648,2026367,1930970
7074,4870,-162003,38981,5852,2368083,2265542
9610,6686,62352,39185,5852,681698,807643
7333,5444,-103771,52407,4629,1931965,1900007
9352,6166,82547,41667,6574,2047958,2197394
9426,6296,82904,36111,4204,2041916,2183228
7722,5500,60445,68833,4112,670549,819958
4759,4463,541597,70925,5482,2332738,2962334
6352,4796,144955,36315,4796,1834570,2033859
4815,4018,-146020,49037,4111,1977824,1896563
5333,4500,195872,57444,6555,1803654,2075562
9093,6240,-146177,37629,4537,2086555,2000451
6462,4426,326492,65426,3796,2011420,2420115
8721,6130,-38464,49907,6592,2201970,2236857
9833,6592,881314,40519,5778,1972650,2918982
19110,4315,-176047,39982,6018,2359404,2254894
6296,4370,171531,36463,4796,2302918,2528818
5981,5074,-15760,37074,4093,2115840,2154395
8981,5555,88059,52297,5499,1916318,2079469
5111,4648,-131250,39408,6185,624839,551479
10222,5796,-97875,39296,5796,1708291,1673601
8185,5315,-24852,42889,5537,1646268,1686046
9018,5463,42708,68833,3778,1753799,1885618
8944,6092,-162434,34630,4314,2327273,2221097
5648,4815,75403,48351,5130,1599013,1741564
7629,5149,-72870,51630,6259,1714211,1714360
9037,5259,30339,39759,4611,612805,703903
4851,4611,-173007,35092,4926,1799313,1678119
8795,5630,-155151,38759,4223,616907,521533
9184,5945,-106369,99204,3129,595791,608940
9592,6592,-17030,47963,6463,541305,597552
8592,5500,86548,41222,4537,635818,784940
8055,5296,-146002,38426,5667,1870158,1784341
8907,5926,-135164,44537,5093,642827,574848
6092,4630,-24048,41203,5648,1719039,1756453
4982,4685,48548,72741,3889,1724033,1860971
5407,4926,-118946,40556,5555,643850,583700
8537,5611,-140811,38926,5537,647104,567497
4610,4963,75100,37630,4889,668728,798587
4481,4371,1088378,42926,16926,1955566,3115407
9388,6000,-20186,41537,6111,2095174,2140376
8740,6019,-151033,61259,4815,1996540,1928803
7351,5296,-104009,48055,6019,1663463,1628842
7166,4945,28736,39777,5926,619483,708422
5537,4444,128537,45555,5722,1916415,2108414
6167,4426,-17125,37796,4944,1715578,1754231
5333,4426,-121138,36259,4574,649117,581293
10074,6796,-24152,32111,5056,511260,543645
6833,5685,70964,47666,5759,2248060,2387023
5055,4426,-161142,34296,4352,655917,545867
9500,6407,-142137,56870,3056,669467,605145
8333,5333,-59910,43185,5722,536185,541404
9611,6167,28001,40352,5648,600309,692589
8407,5574,140135,40648,5611,1611169,1813563
5963,4500,-154303,48962,6389,659652,573849
9425,5685,-103891,52574,3833,1732363,1703508
5722,4667,-10479,71573,3167,611476,688644
4259,4408,80080,42056,4814,1744057,1881748
8240,5519,847674,39834,4166,1753902,2661280
4426,4926,-128020,45667,5685,628683,563756
9536,6630,-13553,38963,4426,1722987,1771285
7037,4888,81434,39000,5240,563063,702774
7518,5481,-173635,55500,6667,611410,515608
4777,4556,-140075,41834,6203,787404,706533
8722,5611,-39699,36018,5055,1894893,1913304
10185,6759,18916,46741,4777,1659037,1749156
8333,5407,114736,37444,5574,1617828,1791749
9574,6000,-141203,82721,3778,1876286,1839508
5815,4629,-90143,40759,5704,571121,540404
7796,5167,416044,76333,3352,1751368,2262209
6055,4741,87495,37426,4408,1644383,1787249
4666,4352,-146184,52148,5666,590774,513774
5574,4555,-131809,46111,5333,1746466,1678453
9574,5963,-31249,41166,6445,1685350,1719212
4741,4666,61367,41092,4445,615259,734033
4240,4685,-149294,38740,5445,713439,619366
4148,4296,-119012,39889,6259,1980816,1918396
9740,5852,-79118,37852,4926,650188,632330
8351,5333,14201,48056,5240,1609382,1693397
8833,5297,-189238,40111,4703,1908117,1780305
9018,5852,-118104,40055,5612,1888185,1833119
4852,4833,-102784,43833,4889,634003,592126
9667,5925,-3687,42019,5444,1928916,1990896
8796,5870,87095,38537,5444,1720172,1868285
9537,6426,-158344,42908,6666,1720779,1630361
7981,5371,-135376,43500,5000,1694310,1623139
7147,4908,-41946,49908,6018,1698398,1727712
9555,5870,56078,40314,5667,711288,831661
5667,4555,538432,38445,5481,1719703,2314598
6852,4833,-162967,35129,5370,635539,527330
4759,4778,-68667,39870,3222,606979,593663
9703,6574,10653,48074,5241,1778021,1860748
8740,5963,1010,41092,4241,2013275,2076228
9036,5834,-144782,40593,4685,612723,530719
6295,4556,-78425,42574,5463,658255,640811
8277,5685,-101512,47259,5629,605954,573904
8500,5333,77417,45130,6241,1725016,1870989
9147,5537,-160095,61351,3797,648611,570959
10037,6889,-122221,38815,5759,1693507,1635305
7462,5093,-43790,36333,4611,565916,578070
8518,5889,48344,47981,4945,1960514,2078340
5518,4834,-143577,39093,5592,2042658,1956192
7888,5778,-157701,43963,6166,2053301,1961377
4592,4537,-31141,39296,5852,1644743,1670231
5500,4741,37252,45166,5611,661170,761533
9203,6037,137034,39297,6259,1741880,1941785
9592,6500,628426,36833,5278,1807874,2497114
5370,5056,-87604,43482,4500,1866722,1840174
7814,5519,20383,62333,3389,1667922,1769841
9462,6241,72702,44685,5463,647479,788088
7573,4834,-158311,43148,4389,669344,573700
9185,6648,-119528,39000,5537,672284,615738
5240,4463,-44098,51019,6388,571928,597866
4147,4630,60907,42388,4519,1697527,1816359
8814,5667,-172458,45481,6148,1807041,1702897
9704,6648,-162953,41074,5166,808857,711181
7481,5352,-70023,30037,4760,1651087,1631139
5184,4945,23093,41296,5148,1979265,2061228
7759,4870,125745,42019,5666,1700114,1888229
8759,6370,215824,42352,6259,1938978,2220876
8444,5352,-109725,32166,4982,1814381,1757619
9648,6278,-23499,44796,6130,1948598,1993951
5352,4722,118265,63944,3759,1957704,2156321
4018,4481,-162729,60463,3740,712208,624848
6259,4778,-131873,42537,5556,669351,599275
4981,4852,-12961,40111,4407,1708062,1752175
5444,4796,696819,39277,5630,1840870,2596503
4037,4648,-156525,38982,5685,671633,570534
9833,6593,-146650,39963,5278,1909064,1826156
9314,5723,-81349,33981,4834,1723561,1698083
6314,4445,54433,39388,5575,1648426,1760952
4573,4241,142363,39056,5241,1612866,1811063
6629,4722,1416326,44148,6463,1801062,3281480
9074,5889,8374,42111,5426,1738115,1811027
9388,6074,63953,57481,6333,1905054,2051136
8074,5259,70179,39130,4981,1768514,1898933
8685,5667,15221,38870,5408,1739360,1815341
4981,4222,-132513,33851,5649,1734133,1652990
6370,4592,-45435,86870,3945,529987,588682
8889,6166,63106,42389,4407,1670162,1797249
5222,4370,-145647,37870,5481,1850508,1760786
6703,4463,-112679,31092,5130,1985557,1922822
5074,4740,-66989,41592,4185,616876,607756
4129,4537,493253,45037,5148,1823974,2378745
9721,6686,132315,40759,6333,1706766,1905303
7296,5556,-147475,42999,5500,1917650,1833693
5592,4241,-77249,74759,4834,628189,642403
8870,6019,-21059,100481,3871,529536,629960
8648,6537,69464,40445,5629,1907728,2040544
9778,6611,-127845,36240,4686,597786,529849
5518,4889,-132266,90203,3556,1719163,1693304
7907,5167,-49169,42037,3852,604739,617126
5111,4593,44891,96185,3574,616345,772959
9888,6593,165470,38574,5518,1660927,1889322
6499,4630,-128691,39370,5445,2103938,2033747
7962,5278,-79150,37204,4926,1730769,1709582
8759,5963,39929,44278,6352,1704208,1811601
9036,6149,113878,40814,5519,1673741,1851156
9666,6667,-149949,38444,4833,2021883,1934174
8833,6000,284202,41037,5926,609052,957958
9425,5889,-19959,102963,4018,2032558,2137431
7981,5370,83583,69184,3500,569395,741403
5536,4593,-149597,38667,5666,700297,607848
7351,5185,-124370,38611,5630,1975544,1910007
8629,5778,-51699,31778,4722,529344,530960
9203,6666,73806,38389,5463,659134,794773
8258,5556,-150318,37500,5592,1751512,1660119
9869,6537,-161368,49611,6555,1997117,1911044
6333,4722,-75864,65148,3611,1736039,1742119
6222,4815,14214,72777,3926,1950811,2054914
8481,5685,113089,81389,3685,583481,798643
8536,5352,-101738,39796,5500,1816635,1776489
9370,6056,-112734,43129,6500,562713,517330
8370,5296,-16915,40815,5056,593373,638829
5407,4463,96775,42962,5519,645424,803254
9963,6741,-126238,37592,5537,2135633,2071118
5851,5037,-136510,47333,6093,1959870,1890063
9481,6648,-31451,41574,5574,1618071,1652786
8111,5018,104795,44296,5574,2085100,2255357
4999,4556,132280,80444,4000,1633320,1862248
8296,5445,-160918,44185,5149,692469,597015
5185,4259,-72968,71425,3537,2005290,2019358
4629,4445,28480,51852,3593,1699805,1795249
8907,5722,522261,39870,5296,1604838,2189339
8833,5352,-158546,39036,5186,663246,565497
8000,5000,-95060,43407,4741,694575,663256
5629,4612,-19334,44963,5296,1654583,1698435
4370,4463,112153,41499,4611,616788,786384
4277,4519,-159527,43722,5574,2083015,1983655
9907,6648,-125689,39000,4445,1720160,1657249
6537,4685,-48573,96444,3889,546403,611849
8592,5759,55913,40593,5426,1951741,2070136
9203,6148,163584,39093,5240,1694183,1919526
6056,4148,-160225,47611,5259,2023603,1928470
9315,6148,-69406,44796,5352,1657637,1656157
7648,4963,9469,56056,5722,592175,678126
9851,6593,89307,34982,4259,669429,816884
9722,6463,-155465,46981,5556,614073,529756
8592,5111,-73423,41963,6444,677401,667922
5796,4611,799319,40759,6111,590376,1449417
8407,5593,91827,45944,5537,1682459,1843082
9685,6166,-121204,37777,5315,2085156,2025007
4981,4870,-105255,39444,5093,648381,600015
9611,6481,-51843,100759,3889,1663944,1735712
7851,4815,37994,35074,4241,1984679,2077210
9370,5871,101943,34907,4241,629571,788625
7907,5000,-123421,46555,5852,1954521,1898618
9129,6259,-83175,97833,3389,1666518,1702712
8629,5481,29292,41870,5667,1723160,1816507
11277,5871,129925,44297,5685,2049061,2248264
8537,5222,-116568,37352,5407,1788225,1730842
5277,4574,-106749,42963,5260,673448,627144
9426,6463,94866,42389,5222,1985214,2146265
8277,5389,66779,55981,5370,688180,832291
9222,6351,-168344,41963,6555,1701891,1600287
7444,5074,-101100,40259,6593,1748441,1709175
8889,5648,-49206,51278,5740,1753751,1778416
6129,4611,78706,40111,6666,1708821,1847081
9667,6388,-168010,43463,5666,1869112,1769027
4370,4796,-163783,63148,3722,707113,621904
4593,4574,-53909,42778,5703,599424,605478
9795,6741,514075,39037,5371,1917817,2495596
8388,5611,95453,46240,5389,608488,772162
8759,5889,-97561,36815,5352,1886031,1847989
6555,4389,-108111,41444,4278,1697990,1648879
8666,5278,-5532,37722,4500,548529,601700
7370,5445,73675,43463,6389,626153,764514
9462,6556,-129226,36888,5482,1876364,1808137
7314,4889,-140536,76778,3629,1693879,1647972
10851,5815,-39383,38536,3315,568732,590441
8258,4852,50270,37870,5315,702448,811699
9221,6315,509161,43055,6556,645369,1222714
9777,6519,286167,46796,4741,1919727,2277283
7537,5074,-64346,43482,5370,1721206,1720786
9592,5667,4548,93296,3444,1644053,1762971
7925,5296,-176242,33148,4296,1774474,1651138
9426,6574,-139738,42278,5611,1859005,1785194
5666,4370,-94344,39278,5370,587934,550737
8851,5500,1716,57648,4166,1748663,1829229
6425,5611,70387,56667,3537,663645,808735
5277,4111,-147459,37723,5407,668030,575200
8185,5074,288118,36166,5408,1869406,2214542
6296,4425,328290,36777,4834,1554366,1937488
4462,4630,40147,38278,5241,1752656,1848192
8314,5444,6282,37204,5407,1719041,1784489
8889,5463,-159546,46629,4926,1991942,1900730
6332,4649,-77597,71055,3611,1684254,1694860
8278,5370,25334,41148,6537,1710804,1799934
8907,5296,129672,43907,6278,1753187,1949211
8685,5555,-151470,61351,5223,591634,523682
6333,4870,292477,40463,5259,1698252,2050266
8851,6185,-26442,41055,6222,1698174,1736841
9130,6685,78061,43796,5648,2010297,2155951
8370,5241,-163358,56073,4186,654466,567571
10148,6777,-137039,48926,5667,1763696,1700749
8111,5277,-53460,56481,5908,595105,620163
8259,5407,66951,38408,5796,1715223,1842267
9740,6574,-46543,39055,5908,1609719,1626805
5444,4167,-151242,42963,5537,695387,604349
8889,5870,-85145,40315,5407,638882,616885
8648,5537,3952,43407,5482,1786444,1855563
9833,5352,560510,71667,5462,576298,1232437
9870,6130,-140408,37315,5407,1842490,1763489
6203,4611,-72810,39444,5371,594103,580459
7111,5000,422674,39944,5833,1847313,2330227
6777,4426,65013,33908,5222,1638828,1756841
8499,5223,-18796,43796,6278,1648989,1696101
9888,6704,-146383,63722,3722,586436,526275
9388,5630,-50416,35129,4889,1777183,1784341
8851,5537,37219,47425,5537,1712290,1819618
8352,5148,-167461,37500,4555,1913562,1804489
7407,5092,-133660,38815,5574,1949519,1875451
5073,4482,-64026,40629,5500,1695757,1690230
9148,5666,18164,39426,5482,1642103,1722694
8333,5296,95947,50518,5352,1727154,1894933
8573,5463,-123973,39055,5555,658360,596015
6685,4778,42493,37129,5593,1819532,1918470
8740,5982,-164964,40833,5167,2094137,1992340
7129,4944,65837,43351,4426,1729486,1857637
5222,4759,-151677,48685,5630,675599,590774
10055,6500,-112356,65333,3166,1713366,1688842
7462,5111,-49037,77740,3148,1938989,1985914
9537,6074,73356,42574,6203,625418,766088
8314,5611,-150249,38518,5519,647820,558274
5352,4296,-162374,33907,5167,1940122,1828767
10111,6685,-82333,44204,5592,1767193,1754175
7592,5185,4505,43222,5833,1627541,1696656
8814,5463,323120,42166,5593,1673979,2061691
8648,5500,-159466,39167,4759,623519,524590
9259,5907,-91535,33592,4223,1728192,1691657
5555,4759,16580,37722,5612,1613632,1686471
9185,5907,101400,38592,5445,2063921,2226728
8425,6222,-11169,37185,5593,1668159,1716693
10796,6537,-147386,37963,5000,622364,537812
8167,5074,-55030,31204,4555,1736260,1733842
7684,5259,36512,56445,3518,1757163,1868618
6166,4667,164108,39241,5407,636072,857680
8092,5574,252873,37814,5537,578160,890550
9629,6611,-74640,38852,5667,1784111,1772915
7222,5037,18383,43500,6352,631575,714496
6500,4667,490645,37185,4741,2047209,2593078
4425,4426,-137254,59074,4000,1818522,1755212
9944,6741,-76102,39482,5963,1714999,1703657
4518,4574,3125,41815,5944,598242,660570
9370,6685,61019,61685,3611,1740082,1886026
7981,5630,-117106,30296,4686,1964038,1897489
9407,6148,-145804,41907,5222,1746498,1666064
7740,5185,-53466,45333,5648,1762327,1775619
5610,4445,916553,38351,5667,1883652,2856705
9037,5814,-165197,45611,6093,1828816,1732175
9148,5481,-158099,41351,5426,1867608,1772915
8648,5518,-86780,41056,5407,1634438,1611065
8481,5630,4002,47907,5482,1741357,1815360
11462,5686,101747,39666,5834,1717612,1884378
5166,4500,372195,42408,5314,669706,1101734
6703,5240,-80649,40000,5407,1665177,1645286
5370,4334,-6071,37129,5574,1709894,1759249
9296,5703,106897,38148,5333,1748870,1916285
8667,5407,-169931,55444,6482,1895698,1804379
8259,5315,-98371,39167,5907,1987433,1950137
9222,6444,-36070,87759,3908,1677282,1751045
8666,5500,40491,77055,3130,1650981,1787916
9037,5685,-172337,39222,5278,1821345,1710249
8389,5500,-161759,45297,5648,1835303,1740416
8962,5944,-88939,35260,5351,1748300,1717860
5018,4278,46861,39167,5685,549764,653959
8684,5871,88459,40851,5093,1908436,2059858
5018,4722,-154535,39037,5481,660033,562497
4629,4593,-111901,43092,5445,2095185,2043469
7574,5074,-98859,51315,3814,706411,677700
5240,4149,65830,55259,3407,1662808,1798730
9240,5778,255835,40518,4704,658586,976791
9203,6444,-148121,45907,5592,1698854,1620046
9444,5833,-59099,40370,4723,1958198,1962210
5666,4944,34924,43796,5019,2024249,2121117
4129,4796,60355,47981,5833,1657561,1783359
8499,5593,-166862,40426,4629,704914,600033
10130,6444,-86413,34482,3666,629724,600645
9537,5537,5221,77685,3926,1727064,1831434
9222,6037,860963,31204,4722,1725743,2640762
16296,3722,-166824,47741,5278,659950,568441
7185,4648,-97023,39018,4797,1728439,1689194
9666,6000,-14925,40629,5445,1618564,1667768
7722,4833,70949,61222,3870,1716874,1867655
5889,5037,32324,36074,4648,2090052,2176061
8666,5519,-140263,40630,4518,682537,603774
8463,5592,-9258,35796,4537,1718063,1766527
5906,4408,37246,47556,5759,1703539,1806470
9611,6611,-181637,40167,6222,647337,530441
7333,4815,-158039,40926,5981,632518,536071
9592,6092,-72849,78240,3945,490643,518385
8851,6407,1952,54518,3241,1760001,1837748
8259,5315,90955,45593,4611,1657496,1814563
9500,6129,-154778,70444,4129,1900972,1838323
5462,4611,-99200,41185,5704,1737597,1697415
7870,5426,-26566,47240,5000,1632742,1674101
8777,5500,74309,40055,5574,1708958,1846526
9370,6629,-161815,44259,6574,1831028,1738156
8389,5240,-107347,39704,6074,666640,621200
5462,4315,-16676,43036,4352,1731851,1774748
8166,7111,66921,38389,5537,673908,802403
10036,6630,117240,69352,6018,1575565,1787545
6926,4907,-158254,41722,5556,680139,583626
7777,4926,-122471,35982,5037,662893,596960
9203,5740,14589,40093,5777,1776512,1854303
7815,5907,311907,38630,5111,1914727,2286468
7666,5371,-169438,39222,5555,625417,515812
9147,5908,311509,55296,6556,1936088,2327523
9407,6056,10719,41259,6037,1643512,1719046
9666,5945,78816,70703,3612,1720691,1891841
5444,5056,6007,35314,4593,2098832,2157784
6518,4630,-143210,52462,5982,645410,574367
5296,5092,-13261,69222,3759,1644159,1717138
4389,4259,36225,43148,5537,607882,703848
8129,5611,91656,31388,5000,696692,840550
9314,6389,-159820,71833,3574,586373,519663
5388,4630,-78334,63074,4092,1886472,1887359
8815,6407,42318,28982,4981,1726893,1821156
5500,4833,-195323,38888,4611,1811314,1672731
8240,5333,-144985,39944,5759,1906938,1823508
10203,5722,-87648,42722,6352,1770416,1749822
7944,5111,5228,42611,5500,544213,612645
9574,6889,58102,41944,6556,615634,741311
7555,5166,-16837,49148,5833,1626420,1680212
8962,5797,-147832,95074,3870,1652656,1621083
8963,5703,-43956,47870,5463,1664854,1691342
4962,4574,34492,101111,3389,632948,783902
7685,5278,-150521,33037,4611,1787400,1690213
9500,6222,-152164,42222,5352,1951912,1865174
5055,4722,-86752,89815,3555,534416,553663
9648,6500,110030,41110,5204,600911,775940
9110,6537,87794,54778,6555,1750195,1917414
8610,5556,-161200,49574,4852,616289,525719
9278,6296,-83436,34740,4852,605007,579034
8037,5296,-12265,80277,3204,1581256,1667898
8222,5740,157073,39907,5481,1887305,2106321
5444,4259,-104273,36611,5518,1710023,1659657
8314,5334,101675,36703,5556,1631148,1791008
6314,4445,-42579,38204,5296,700964,715366
4666,4870,31537,43130,6666,2394579,2487874
5629,4500,-167421,39926,5667,2063464,1954210
10870,6888,-162748,41351,5241,2168292,2072098
8166,5352,-88022,70277,3630,1731197,1733619
7592,4981,13001,94074,3278,1618600,1743712
8518,5593,104283,43278,5592,1711299,1880600
8869,5389,-168933,50315,5685,2031107,1934803
7444,4944,-119039,43870,4944,1692308,1637120
4611,4204,-18572,104166,3500,1610673,1710990
9389,5926,72080,39982,5463,1714890,1851175
7759,5185,-161395,41741,4240,1998977,1898489
6944,4797,-133928,41630,5574,1947712,1874915
5685,4889,-59016,44611,6667,1673857,1679342
4221,4315,31008,42833,6074,2024350,2115209
4333,4463,238586,41833,4852,633279,929569
9185,5370,-149241,40167,5703,1855750,1769897
4370,5166,-87755,44556,4889,1701078,1674360
9444,6148,460044,45796,5982,720338,1249752
7018,4907,88551,53370,5481,1955530,2116765
8870,5444,-126240,36741,4944,1936655,1868841
8518,5463,-119902,56555,3907,1688226,1646175
6203,4686,-21842,39259,4703,1751184,1786878
8462,5148,60774,72166,3204,1763771,1916118
5981,4612,-174906,32963,4148,641736,516682
4981,4259,-145327,37296,4834,721527,630255
7981,5482,478064,35092,4315,1762793,2296579
8833,5297,27645,41185,3351,671851,760551
8425,5463,12447,49074,3092,739068,819421
5796,5000,-167641,40908,4963,689156,581052
9111,6018,-67358,39666,5389,603189,598348
9073,5778,-3298,46185,6592,1625770,1693138
8944,5907,-188292,39110,5649,1965411,1839581
6407,4740,-159658,58555,6167,707599,626292
5110,5167,-112246,39666,4834,601669,546478
4351,4593,141813,39185,5463,566219,763643
10019,6740,68615,53074,3703,593400,738311
6036,4815,-156806,46852,6000,585081,494293
5221,4389,-145023,41963,4759,643705,556718
10036,6000,-45703,40166,5611,1676824,1695008
7592,5333,27190,55222,3741,1664985,1766064
6147,4797,-151009,38889,5593,1944201,1851044
9444,5259,-126892,42204,6685,634630,573960
10018,6611,-91684,89110,3908,1641082,1661767
6055,4686,2079,44408,4111,619824,683367
8555,5574,87158,83685,3370,559634,750199
8962,5778,-165873,51537,5889,597222,505626
7925,5167,-120887,37074,3759,1800877,1735971
9444,7500,-30067,47130,4426,1725371,1765860
5222,4907,65660,47092,5630,667040,797662
6074,4833,-156446,44352,6148,2429617,2337264
5000,4648,-129867,42907,5482,648327,578590
9852,6574,-61122,99499,3778,1575798,1636805
4925,4686,32531,56222,3444,714261,818365
8851,6037,189646,43593,5166,1754250,2010062
9592,6611,-168144,67444,3649,1873263,1794971
6851,4574,-38399,41963,5574,1645834,1669230
8796,5778,19921,38166,5352,613761,694107
9481,6463,84555,46740,5297,1732563,1887563
8943,6260,-108977,39130,5592,1911799,1865488
5685,4426,-110639,89815,3833,588320,584200
9166,6685,-26893,55370,5723,1625512,1677693
8055,5111,96352,41111,5037,1754062,1913173
8129,5389,-159827,40630,5648,640213,542275
5573,4593,-150470,32185,4555,1722406,1621935
5018,4945,-40170,40648,5704,1757252,1775490
4944,4907,68668,38463,4648,1629137,1753026
4148,4407,-156734,38593,5574,651897,549960
4463,4722,-133192,37741,5407,596967,518868
6944,4592,-90224,43407,6593,610721,584589
8333,5388,13170,39907,5241,1708042,1782526
7759,5481,146711,37685,5481,622063,827828
9796,6685,44253,42777,6612,1691255,1803693
8963,6592,-124019,52852,4759,1727287,1678990
8259,5314,-30199,93647,3982,1574764,1658120
8555,5204,391229,40019,4777,1769777,2221598
6629,4963,-17079,29703,4482,1673032,1704100
5018,4463,-146758,91425,3648,1686268,1646824
5407,4518,-44680,40241,5481,1707745,1721082
8870,5277,61213,38148,5537,1770573,1892174
8963,5407,148107,42833,6685,1650105,1864063
6204,4851,-150128,41722,4445,1774248,1684027
8684,5723,-91476,42481,5130,601195,574311
6241,4870,49270,39573,5963,2024959,2133247
9537,6462,113293,44741,4889,1979379,2160857
7351,4963,-86535,39093,5666,1943450,1917266
8240,5296,-91178,43555,6074,1745002,1719378
9296,5556,-34378,46574,5796,1801423,1836248
9777,6019,70442,40000,4499,1699326,1832378
5425,5482,-118182,35296,5333,1912949,1848803
4463,4444,-143844,51482,3129,1714853,1636953
8815,5407,-48265,41037,5704,1678810,1693546
5055,5167,32332,49499,3167,656923,754144
5370,4444,-182977,43982,5259,647270,525867
5240,4296,-168250,40852,4333,1978332,1867229
9204,5463,-77672,46000,3018,1707569,1695953
8759,5926,11907,41444,5648,582941,658941
9648,6648,119523,43092,6463,1714133,1902063
8352,5500,385378,47055,6111,1621443,2075895
8462,5389,-85133,40518,5778,1924493,1901729
8278,5259,-18092,41426,5370,1661341,1705620
9444,6166,542614,36685,5186,731433,1333880
9611,6389,-162711,43611,4277,2025256,1928692
8944,5704,-150410,47666,6019,1712271,1632824
6388,4574,74557,39167,5500,1874042,2006617
9258,6556,58839,38074,5241,1686020,1806655
5481,4407,-175469,47037,5018,1854033,1743804
8333,5463,-145298,37278,5333,1916361,1830267
9000,5666,-94367,31667,4889,562938,521979
8518,6223,414,50537,6074,1637742,1712157
8907,5296,85827,46074,4740,640614,793940
10611,5981,-168685,40703,4945,1905138,1801527
8944,5722,318151,40518,5259,1877800,2259264
7759,5018,203026,35593,5481,1914980,2174598
5129,4500,59106,47092,5241,1727291,1851693
9388,6222,-146333,37241,5574,2055303,1969432
8740,5593,649224,62870,5537,1873057,2607521
4796,4759,754895,53648,6241,604522,1430973
9963,6852,63940,38518,5537,605778,732570
5315,4537,809053,35777,4093,2328965,3190148
8166,5667,376208,44666,5778,652175,1094438
7833,5111,-51211,93777,4222,634227,695755
5351,4834,457494,42389,5482,1815584,2333875
9481,6315,854054,33999,5167,1747709,2659596
4537,4815,366227,60592,4630,1714001,2158247
6741,4962,-123673,41185,5185,552634,489886
9500,5759,450866,42148,4926,1986342,2502189
22111,4500,176742,41185,5093,612975,864606
5925,5241,357562,34203,4482,1953461,2362875
9278,5870,338159,38592,5500,674965,1075105
9333,6129,-53241,40148,5740,1647788,1658342
4962,4500,28652,34092,4926,1681005,1760619
4481,4555,-174028,43185,5037,605044,490367
8925,5556,-153171,39055,5556,1943530,1852118
8926,5407,-60111,35315,4815,1730212,1726564
9018,5741,544206,50870,6111,2047260,2665540
8444,5834,114953,40204,6370,1721832,1899785
9666,6500,-108114,39240,5722,1758031,1713749
7573,5222,26205,33426,5148,620680,700662
7481,5000,-33420,45370,5315,721805,754366
8018,5223,87603,46499,5574,1878663,2033729
9314,6352,-164298,42092,5463,2017121,1918063
8703,5685,-120756,41407,6593,1714950,1659101
8962,5685,334784,39981,5685,1757760,2155265
9703,6371,37030,39111,4444,1767292,1866600
7111,4537,-192871,42555,5296,660128,529164
7944,5019,-169441,37278,5000,1987281,1875563
5037,4296,-83269,46944,5611,1750797,1731749
8037,5148,543122,41296,5370,1673883,2279264
9074,5611,119629,40073,6408,1658694,1841749
8499,5686,-157218,47352,5852,618547,531367
8333,5019,-104417,41204,6444,1771703,1730786
7943,5278,825678,39740,6093,1951435,2838316
8351,6074,68871,38611,5722,657495,787495
6574,5370,-166068,42352,6000,1935427,1832156
8203,5537,-138100,42592,5612,685226,611144
10037,6129,-53188,39852,5592,1660716,1671657
6926,4796,64724,36722,4778,612661,732644
7499,5370,1701352,42203,6463,1918349,3683348
22259,4592,-122949,41277,5630,652742,606348
8981,6259,-97372,56426,4352,1713732,1694897
7518,4944,29744,29203,4778,593216,671533
10889,5833,86341,39092,4704,1719204,1868397
5592,4537,-168561,55685,3686,1859939,1763675
4666,4537,-121834,46556,5574,1699268,1641509
4093,4444,352873,37629,4611,647233,1054402
9684,6686,57527,65333,3852,1714758,1860877
8277,5352,24199,40685,5259,2232455,2319227
6148,5296,-137739,39314,5593,1893988,1815045
4611,4370,-22050,39092,5222,1613523,1646861
8907,5760,21084,46036,5371,633152,722459
6407,4574,115219,52925,5852,1749382,1936341
9407,5444,844072,39370,4963,1800375,2705650
8148,5759,-95178,34759,4852,1735872,1696620
6333,4426,-4119,42630,5092,1698164,1755119
5759,3981,471552,45629,5833,596332,1131142
10221,6167,-175812,36537,4685,1957783,1842137
6259,4555,-120066,35537,4944,1750223,1684916
9388,6000,-20395,43259,4611,1679052,1723915
8777,5556,-157908,38203,5352,1907990,1810933
8296,5555,-137755,37204,5555,600752,521589
9574,6537,-158547,37982,4963,678746,581311
7444,5037,113550,50315,3481,1844809,2026673
9518,6000,21370,54074,6037,1758601,1858026
8018,5297,126948,46333,5519,511881,706348
9074,6259,-155637,40018,5592,1951701,1859508
9037,5981,-60485,44333,6611,1654031,1662009
8537,5555,-7665,51592,5037,1730451,1796600
9981,6926,851761,47296,6111,1777316,2702021
6092,5463,-153378,38148,5704,663893,568570
10333,6852,-116355,75593,5018,1673012,1656897
8648,5555,-37238,45129,5296,1637359,1667212
8963,5704,53266,40018,4778,666637,781700
9463,6555,-162950,53352,5926,1938661,1853489
5647,4611,-121593,39796,5963,672572,609737
4222,4852,-61812,45685,5889,1700190,1701453
9722,6296,50860,38704,5777,1591056,1705046
4500,4500,-181227,37963,5351,1951976,1825674
8684,5482,-169667,33278,4167,1947674,1831933
5241,4370,-92477,45148,4982,2060928,2030933
9222,5741,-8046,84574,3333,1604296,1701694
8777,6241,-77152,34574,4518,2071622,2051099
8370,5963,-148091,40481,4130,624273,537201
7222,5000,-110957,52259,3278,1741354,1700083
7592,4740,-22767,40537,5519,1732831,1770767
8277,5259,48719,42222,5223,1729159,1841230
5092,4259,958775,34611,4686,598104,1607786
9073,5537,-142955,40722,5537,1724983,1644842
8240,5482,377399,36389,5037,699353,1134067
7389,5222,22572,63407,3574,1750214,1854471
5907,5074,-181922,45352,5277,1855246,1738304
9703,6686,-167696,40260,4999,2003629,1900081
7722,5111,-88876,39407,4778,1944142,1914692
7369,5204,-6149,45333,5630,1689028,1749211
10278,5777,75449,41074,5166,1744282,1884396
5166,4500,-141305,35833,4833,628487,540126
9426,6314,-127022,57425,3649,1759734,1711971
7647,5037,-33092,45667,4592,591941,624792
5499,4574,65209,87074,3314,1953761,2121505
8741,5537,-130416,33815,4148,1841572,1766193
9240,5759,-140465,40092,5630,672592,595811
5222,4759,-49350,37204,5388,1680248,1686305
6148,4537,24098,47222,5297,643101,732773
4666,4963,-170858,38704,5166,590319,474960
9814,7037,-170612,81833,3759,612332,547052
6647,4297,-94386,37703,5019,1689376,1651564
8888,5555,-7825,49148,4389,1629427,1691915
10019,5740,148882,34260,4425,1987735,2193321
5889,4444,-140019,38445,4148,606127,521720
8740,5833,-128143,34240,4296,671419,598830
10684,5908,-43917,52592,6222,1720277,1754600
6777,5093,274494,30000,4166,612445,935383
8295,5000,23704,32944,3945,1662638,1739063
7685,5037,-156235,93184,3371,1696115,1651953
9203,5833,-56545,40740,4556,1623092,1629194
8741,5518,48922,41611,5222,1887659,1999674
5444,4518,113631,50536,4760,1764803,1945747
9666,6241,-109179,31223,4851,546602,492275
5870,4667,-55026,43092,6019,620096,627089
8389,5277,-2539,39555,5741,1752048,1810601
8444,6297,356223,40629,5685,1937689,2357190
7889,5722,12655,38926,5537,1644150,1717786
8074,5037,-126803,90759,3611,1677571,1660546
9296,5648,-26057,39555,5519,611516,647533
8129,5815,81503,44444,5463,676400,824088
7315,5333,-172250,56222,6333,1914851,1820656
5647,5186,-105413,38167,5629,2106049,2057784
7907,5389,-53519,38944,4593,1694916,1700342
7370,4852,55504,40037,6222,1690004,1806137
9573,6463,-194730,39222,5130,1819368,1687675
7074,4944,-164466,47852,6240,696315,600756
9573,5945,-85610,40703,5463,1628305,1607120
6944,4778,13598,54389,5593,568083,655663
8610,5815,77084,32463,4760,1949181,2080376
8315,5814,-150280,34056,4722,2022861,1927841
9222,6129,-129164,46074,6000,652327,592700
10166,6555,-42956,39852,3445,1686001,1705434
7500,4889,52919,42518,4315,1943735,2057932
8721,5223,-170039,40852,4945,1914120,1806359
9833,5889,-143218,39481,5666,691882,611941
9814,6408,153729,40074,5500,689414,907291
7704,5389,61568,42129,6648,596465,722644
8277,5297,-178130,41630,5574,2013414,1898267
9296,5888,-161198,38018,4463,2032002,1930525
8426,5574,-100176,77000,5574,1684499,1683564
8907,6260,5310,41277,5482,1773475,1843101
12314,6333,88278,88018,3871,1682933,1883859
9703,6463,-180883,32426,4518,1969169,1843544
10018,6204,-132767,41907,4556,1722331,1655194
6462,4593,-24707,42129,5408,1656808,1692841
9333,5426,46964,40296,5370,1678804,1788174
9369,6426,-172567,41260,5018,1880779,1773007
7092,4926,-156210,35889,3555,1716108,1613805
9111,6037,-73484,47093,5222,1659252,1655305
9222,5851,14781,31315,4277,2108874,2176857
8703,5982,2230,34481,4333,644211,701977
8037,5203,749750,34056,3407,1737550,2541188
16444,4056,-105056,44147,4408,530035,496868
5981,4444,-146940,39667,4481,1828522,1738341
8870,5537,128249,56463,6018,695839,903532
5962,4648,-156930,47056,6166,1871568,1781230
7537,5185,675738,35240,4630,1723673,2454541
6296,4241,-30291,37926,4888,1732985,1758490
9222,5722,54510,30333,4704,1929478,2036284
7611,5129,19367,40592,6112,1696474,1777453
4870,4648,-154276,58259,3723,1769155,1689120
5407,4759,-46401,48555,3148,553084,571126
9740,5833,112418,40074,5722,563208,739681
8536,5296,123275,38315,5592,1689085,1872600
5111,5129,600130,57425,6537,611641,1288640
8759,5500,-58419,43130,5685,1720279,1728767
9647,5704,-13321,32444,5333,633670,675570
9536,6778,115072,39500,6222,1687195,1866341
5388,4315,-159070,39685,5500,1897041,1795304
8388,5611,-130028,35778,4018,1740500,1666138
9870,5833,-43875,53962,4797,1697736,1730545
9351,6075,58499,45278,5888,746403,873513
7648,5148,473447,36000,5537,1876187,2406171
9555,5982,-107379,55740,6130,967855,940884
5314,4537,170236,34667,4426,2381137,2602392
23740,4556,4278,45407,5741,1959691,2045747
8222,5389,-7069,36000,4389,1816039,1865618
8499,6019,-16490,33593,4092,2310494,2348134
6240,4870,59867,42852,5278,619351,741236
7037,5611,60224,45574,5370,1880190,2006451
8370,5278,89025,53944,3630,2784476,2946816
23722,4666,-12043,41555,6667,1824551,1891118
6185,4574,-171575,38685,5018,2370099,2255635
9518,5759,101503,60851,3704,2531352,2715113
8463,5944,-175158,60797,3611,1981461,1887711
8204,5574,-138079,40536,5297,2011642,1935359
7147,5000,-33519,58759,6334,2178524,2224524
8851,5815,214559,40351,6167,1929780,2208135
7722,5315,-86676,53370,5352,693616,681459
4962,4556,-111708,42741,5388,705408,653496
9129,5611,443184,39463,4907,2151264,2656151
7851,5278,-100624,37389,6278,1688169,1646416
5185,4296,31974,38296,5796,578005,665589
9055,6222,79626,49277,6037,647759,799995
9759,6722,-175794,52259,5852,675976,577052
5277,4611,-87734,38667,5129,1879871,1847822
9351,6445,-4211,41407,6130,1624627,1687268
6444,4981,45275,43834,5925,661258,769884
5111,4315,-36257,35297,4518,1622228,1637898
6870,4685,-159565,47870,4685,685711,592460
7296,5425,-70153,89981,3389,1614570,1653138
8814,5611,29777,41703,5722,668664,762717
9759,6315,122077,42241,5463,1739152,1927785
6592,4611,-111768,42740,6500,1962665,1913766
7073,4982,-98412,46333,5167,619001,586255
9536,5889,7204,42092,4556,1653267,1724600
8481,5611,78727,43462,4037,1719707,1863396
9648,6537,30751,70796,4018,2172162,2297412
7907,5666,-97133,36371,6111,1692901,1654342
9796,6518,-43757,46203,5685,1763655,1790193
8389,5703,79043,37778,6056,1627669,1767657
6851,5056,-147674,35611,4797,1740201,1647416
5481,4315,-123242,38092,5222,678758,610700
4925,3908,-49627,43796,5741,1714857,1725730
4648,4851,20952,56000,3407,1906870,1998692
9925,6759,-155135,39259,5333,611374,520126
6537,4741,367812,37870,5129,1815212,2239950
8296,5833,-103792,41092,5112,555641,514571
5444,4481,2268,37000,5278,1675277,1731823
9852,6148,114772,44093,6296,577038,760496
9370,6962,-170573,50203,6186,691718,596607
5129,4648,-88939,39833,6074,1793003,1762267
8407,5593,-27639,41833,5519,1733424,1769304
9647,6093,443772,39092,4945,591777,1097715
5240,4315,-101943,44499,5426,1802285,1762637
8203,5296,-124734,38722,5445,1757965,1693268
8148,5203,-33396,31537,5111,1665423,1684657
4759,4593,87978,38611,5296,1995343,2138654
6388,4445,262723,44000,6500,1843190,2169969
4684,4278,-157474,38556,5574,1962389,1860766
8703,5593,-89932,38851,4278,1766941,1737119
4926,4111,-8132,36037,5037,576943,621552
7407,5204,76706,42889,4778,1707967,1847100
9518,6889,-119603,35241,5092,1894481,1834082
8610,5630,271049,38000,6666,725408,1057419
5073,4648,-37296,50259,6111,1713675,1744452
9407,6462,43671,46833,4982,1936576,2050228
7778,4481,-173768,40037,4852,691283,576849
9592,6593,-164689,43907,5537,1768624,1672249
7926,5240,-39184,39741,6074,613440,635571
5703,4352,35413,40444,5704,1754447,1848211
4703,4629,-176377,41814,5371,630041,512200
9610,6426,-135502,37851,5334,1741233,1667675
5574,4407,-100479,38351,5389,1721377,1676953
9074,6018,-16585,42018,4833,1703539,1751657
8204,5092,75178,37444,5130,626818,760366
9462,6019,-144261,60333,3667,2072749,2009951
8851,5778,466853,40741,6462,2241057,2773021
18907,4388,-11418,40167,6463,597377,659014
8944,6185,100346,41537,5574,1894957,2060599
8499,5574,-138778,37556,5259,675349,595885
9685,6555,-169254,37722,4926,1956003,1848100
7981,5019,-32028,42166,6241,1727406,1759286
9426,5981,28218,41518,5370,1696365,1789008
8888,6278,209092,43426,5370,631533,906939
9630,6481,-135865,74685,6297,559473,523220
8222,5093,-89175,38722,5519,659300,629811
9814,5907,-18225,45962,6148,589593,641255
9129,6944,104724,37055,4944,1667730,1834081
9370,6037,-169881,51740,5111,1915853,1820360
6147,4704,293251,35518,5500,1686978,2034377
5648,5463,-8465,37166,5556,1756325,1803767
6907,5352,76188,36685,5574,764770,898402
5833,4759,-172732,53592,3130,1953092,1850489
4555,4611,-156376,55426,3759,684058,598607
6685,4629,-58334,38796,5518,1695677,1695342
9221,5741,65615,37518,5370,708955,834458
8666,5574,-175324,39371,5481,710506,597459
4740,4685,-160208,38240,5149,671186,566626
9500,6500,-109055,31722,4870,1750934,1697879
9352,5722,-17865,62203,6148,1669744,1737805
8018,5167,73731,42278,6055,1639888,1777452
9147,5519,-170374,35944,4797,2008770,1896470
4981,4889,-114147,50815,3537,626329,578663
4722,4703,-41308,37703,5445,1692391,1706045
10778,6259,844211,29518,4815,2035309,2933094
8037,5611,-171706,40685,6112,642665,533719
9315,5981,-141127,40556,5796,684549,607052
8574,5426,-36456,38759,5463,1678798,1703231
5073,4889,55586,37185,4852,1935587,2045487
8667,5759,100905,41185,5093,1723139,1887174
8166,5241,-157218,37981,5315,2104484,2005895
7852,5037,-105473,43018,5278,1712130,1670490
5111,4648,1883,38667,4333,1687125,1744767
4129,5111,79111,100481,3814,1687287,1882804
7278,5166,-139976,33185,4592,1733078,1645509
53203,4555,-5083,40907,5352,578561,679422
9037,5481,-40911,54685,5851,486946,523090
9425,5815,45056,41814,5908,1742711,1853229
9907,6371,-166994,44204,4925,1838243,1738731
9666,6667,-169193,37000,4611,1754572,1645898
6000,5055,-68187,62296,3722,2057009,2068395
8777,5555,9410,35814,3723,596439,662348
8685,5704,104135,46667,5685,1913408,2086858
9314,6259,-175283,49481,5111,1746293,1643768
7111,5185,-104779,42574,4926,1695158,1653046
8370,5426,-3775,41760,5499,1632340,1691916
11574,5722,86915,37055,5223,1742759,1891267
9092,6129,-134023,36888,5315,1948476,1874674
5388,4408,-97982,43018,6574,1888675,1852915
4592,4592,-27514,40648,5704,1625634,1656342
7092,4963,58805,42648,5018,1913017,2034914
7888,5297,-174486,40667,4815,1924863,1811582
8666,5426,-142258,37703,5407,1764138,1681860
6388,4296,-57605,39351,5482,643213,643366
8444,5278,49603,38370,5407,1748646,1858230
9592,5722,-184187,37907,5555,732148,609293
9722,6352,-118683,42536,6575,1871135,1820582
7888,5185,-65252,40833,5889,1656965,1654175
5130,4296,-14452,37537,4908,1724478,1764694
8462,5704,86627,40907,5445,1651510,1802045
9463,6463,-172553,53167,3611,1775616,1678323
7481,5148,-133122,41889,5037,1722501,1651471
8537,5463,-47006,47240,3630,1743922,1764601
7907,5185,79109,28945,4481,1707491,1835248
9500,6444,54485,58703,6130,720196,857588
8777,6092,-130361,40852,6148,673617,607811
9166,5815,-60375,42593,5537,1690198,1695360
8277,5222,44722,41426,6370,1723656,1832007
9685,6519,-180254,40648,5315,1763577,1647509
5555,4426,193417,38314,5222,1790776,2040951
6462,4852,-102336,35314,4574,1779364,1731767
8444,5648,-15776,35796,4963,1760099,1801304
9814,5871,69894,69648,4056,1742001,1903359
5814,4370,-160599,42111,5870,639708,539848
5796,4741,652383,39667,5648,633331,1343900
9148,5685,-47368,37444,4871,1758579,1770915
5926,4481,89285,39759,5482,1758074,1905100
9241,6388,-172524,40204,5389,1968883,1860211
5611,4889,-163520,43944,5612,1785305,1684249
6037,4315,-40867,35426,4759,1757930,1769675
4907,4352,14100,43315,5167,718950,794421
4037,4537,581899,36074,5093,1990011,2624262
17073,3797,-196111,76463,3574,1855730,1762748
8889,5537,-108588,33111,4852,1725652,1672046
8796,5445,171934,46556,6333,2185607,2427153
8574,5685,70996,51240,3982,1773289,1916415
7222,4759,-169962,39611,4537,1764675,1653138
9425,6019,286504,43444,5167,1915149,2268283
8814,5500,-36304,39019,5444,1686405,1711379
9277,5908,36923,46036,6315,1710845,1818156
5814,5408,-207442,60093,3925,614847,485053
9370,5574,-167845,41926,4722,1744465,1641453
9592,6352,-75340,47222,5463,611170,606552
5110,5500,12332,43833,5444,628998,703662
9611,6666,130892,41241,6370,604585,802069
7130,4833,-155510,41093,5944,649544,555719
9833,6203,-76356,38999,6019,1658903,1646527
8611,5555,-17259,48611,6018,1765305,1819304
7055,4852,105190,38759,4926,1634670,1798267
8037,5241,-170990,45704,5463,624838,521016
10092,6185,-107207,39833,5963,1753735,1711064
8184,5889,-49554,47592,4852,1701545,1721897
9703,5945,833113,45241,5240,1821649,2723039
5259,4370,520268,54667,3685,1645237,2235524
9148,6019,255070,51500,4611,1870713,2199284
9073,6574,-116478,41870,5463,663049,612070
8981,6111,47211,39129,5574,1617502,1726638
10963,6426,103586,48814,5833,1749422,1927730
8944,5389,-171704,31963,4370,685664,567015
7925,5260,-89496,74129,5481,590215,595996
5277,4352,384007,54648,6352,1990497,2447615
9074,6055,107236,40425,6019,1726976,1898581
6981,4741,-155111,39334,5796,1954433,1858600
7444,5148,-124161,40555,5389,1754873,1691638
8888,5648,-50619,46592,6223,624745,643922
8685,6000,51144,40185,5797,634073,748329
11129,6593,-174258,39130,5315,1704729,1595324
7703,5111,-168863,44592,6630,645971,543385
5074,4148,364787,39574,5926,641410,1063234
8814,5815,81738,40019,5648,1821287,1965673
9499,6463,113132,87611,4185,1652783,1875859
8296,5296,-172399,32555,4222,1982296,1862618
8407,5852,103901,38481,5704,2033475,2198524
7629,5500,-18908,46462,5445,1696694,1745304
9462,5815,114614,33852,5278,577992,749328
9037,6537,-181639,42741,6407,620395,506127
51685,4740,-168059,39426,5611,668890,605015
6221,4556,-43722,83518,3926,1682008,1739156
9241,5481,36783,40204,5500,1790039,1889748
10148,6574,-158897,37723,5000,1723127,1626102
9425,5444,-157558,55148,3648,1780197,1698360
7611,4907,-44665,33574,5019,1696525,1704934
9389,5889,189857,38870,5426,1718316,1971063
5889,4351,227326,42889,6611,623928,913810
9129,6444,-157612,40740,6500,1767529,1675119
7925,5407,-112441,36334,5166,1695265,1640490
5648,4778,-16770,37407,4593,660192,697996
9630,6425,714695,35463,4537,1925141,2698688
5000,4740,-183296,55463,3463,2109710,1997599
7407,4907,-141291,39166,5167,636770,554996
8722,5278,-36472,42999,4519,595783,623533
8129,5389,212754,43870,5370,1899826,2178005
8555,5370,-179369,63185,4093,1913710,1817841
8518,5537,-163994,44408,6314,656861,560182
9277,5500,-42175,39000,5667,1760016,1779674
9314,5963,25978,55611,4019,1748363,1851637
8704,5925,284649,43648,4963,1937190,2287320
8147,5056,-169789,47296,5834,1789130,1688027
8648,5593,-74303,31722,5482,1738403,1717935
9315,5962,-15890,41352,6518,1706103,1755990
5500,4889,256447,40629,9833,2312279,2632022
6647,4982,-176047,57278,5592,619785,520385
5907,4389,-119801,41073,6056,1682810,1622620
9166,6240,-37629,39203,5556,1635879,1661693
7999,5167,70782,40944,5167,1828947,1961154
6129,4129,-12823,34037,4444,1804998,1843303
4574,4203,-165484,42925,5093,738370,631848
9555,6630,-81999,93129,3537,1601712,1635361
7481,4963,8803,33444,4741,1779131,1840749
8666,6500,-200044,38500,4741,1920237,1781267
9092,5981,-131224,52407,6167,620499,565330
9185,6408,-113850,62574,3815,634605,604812
6574,4815,-17956,41278,3944,536027,577330
9463,5740,102197,36500,4630,2012531,2173654
8925,5537,-161241,61574,3500,2159266,2080395
7925,5019,-124052,41000,5759,664604,602978
8537,5389,-50362,45074,5370,516507,533293
8666,6445,49457,37648,5463,1660625,1770823
7629,5093,-158092,35796,5574,1889526,1788193
5296,4481,-153531,39963,5351,1756874,1661286
8092,5445,-82286,32796,4981,1697480,1668898
9629,5945,41736,38556,5629,2454341,2558188
8630,5444,882831,38296,5722,1766616,2709743
8556,5537,-161531,41685,6945,700693,604201
9407,6352,-114822,53982,5796,1939922,1903267
5147,4537,138497,38445,5666,1771936,1966673
9370,6426,114631,37334,5092,645142,820014
7944,5204,454950,45148,5055,1691000,2212524
9148,5278,-124487,41592,5519,666965,606793
9111,5518,-51297,68833,3852,545072,583626
10018,6223,50485,47018,5945,664751,786514
9537,6685,-159583,38518,5445,2058831,1962192
6796,4555,-153670,38666,5463,685501,589589
7036,4500,-48073,39574,6259,1792285,1804248
8537,5611,7783,47129,4574,1706818,1783193
8388,5537,118806,41741,4722,711911,893346
8463,5685,-174984,35314,5130,625055,507108
9981,6593,-108406,41445,6055,668458,626515
9759,6055,-27215,44240,5112,603656,644237
7870,5260,81011,91203,3926,1693571,1885156
9444,6481,-170427,34389,4278,1816510,1702730
9203,5389,-119589,39888,6186,1715394,1658805
5481,4370,-11640,39611,5574,2009073,2054710
4407,4388,41698,41722,5074,663465,763310
5537,4352,-142889,43018,5537,1923545,1841360
9296,6074,-170902,64648,3963,651288,567738
8129,5444,376638,39110,5445,679338,1116697
6870,4852,8162,42704,5259,1656680,1726953
8999,5426,519184,46981,4778,1755765,2343837
7093,4833,-139161,40445,3185,602676,521738
8740,5574,-100859,41962,5167,672097,635366
5296,4352,-12725,55407,4055,1934788,1993488
8167,5259,90761,40388,4260,1945023,2095951
10963,6592,111470,33055,4074,2004092,2172709
7795,5186,-125525,41426,5518,1748034,1684712
7777,5093,-54464,48666,6019,582664,598478
9518,6851,33337,48796,5815,1629487,1736156
8184,5296,-176768,36444,5148,1834426,1715563
5203,4315,-164357,35297,4777,1737810,1625675
6277,4760,-81075,48148,5574,662682,648718
4963,4296,26671,42963,6167,1738522,1825841
5833,4722,750655,35018,4741,1641461,2444949
8611,5259,-135041,41130,5352,643407,570885
9888,6630,-118165,41110,4556,667588,614311
5203,4519,-4550,37500,5315,1747113,1797156
7870,5148,63103,32778,4833,672911,790144
9444,6593,-176706,38963,5407,2028510,1914618
7629,5000,-129349,41741,5259,604327,537330
5055,4296,-50085,54833,3963,1715316,1735878
8092,5685,52086,39870,5556,635835,749384
7684,5371,-160982,37370,5518,1930046,1827155
9499,6463,-133162,35499,4815,604771,530978
8814,6000,-87046,39185,5166,1696056,1670675
8851,5667,18328,41481,5482,1756401,1839192
8278,5462,132981,37815,5518,1655768,1848341
7888,5186,-132606,31889,5055,617492,537571
9536,6519,-115157,40296,3704,1719906,1668212
9000,5388,-24800,87408,3870,1627957,1711564
8425,5815,98593,60963,3093,1697784,1877118
8888,6297,-157364,40926,5129,1855335,1761786
9370,5926,-147359,55630,3888,584875,514608
6759,4611,-40206,41741,5574,1686677,1707249
9573,6556,85039,36074,4963,691289,835772
7925,5019,-182232,52296,5555,733211,624533
4832,4537,-167449,68796,3666,644947,561830
9685,6703,-73260,41167,6389,1714009,1707416
5203,4278,11078,52852,6240,1795504,1878600
8648,5574,-54917,36518,5019,1690073,1693694
7536,4870,-170967,44500,5037,1758569,1651860
8907,5092,-108314,40500,6074,672885,627477
5740,4630,1653,43314,5704,1686522,1749619
11518,5741,809081,55555,6296,706781,1597435
9148,6111,-169003,38907,5686,1986677,1880230
7685,5574,-143146,42000,5481,1737174,1656861
4944,4518,-53734,41685,5074,1677021,1681527
8536,5278,48493,37944,4463,1984514,2091432
8055,5241,-164113,36333,5204,1922213,1814878
8221,5186,-159701,38537,5445,1783783,1684027
8796,5519,-84900,42389,4759,1769389,1748231
8833,6240,21958,40610,5538,617224,703014
5722,4500,135091,33167,4703,1704435,1889693
8630,5370,-145051,42185,6111,1864244,1783453
9685,6777,-79583,39815,6018,1603278,1588490
8426,5370,-3578,84481,4018,1660217,1761730
6963,4870,72315,34963,4259,2358244,2484078
8574,5962,-167827,42222,5815,1960279,1857359
9555,6352,-148396,61074,3611,826021,760033
7685,5277,-39021,42203,5630,1701289,1726045
7203,4945,36557,39481,5334,1767506,1863415
9166,6704,-58715,45370,5685,2319201,2329930
9055,6148,43549,37444,5389,571059,674792
9388,6500,-88760,56629,3778,605294,595385
8463,5425,77133,38574,5518,2021596,2159450
8111,5148,91637,48056,6370,1952202,2113858
7888,5871,-168653,38611,5685,1996753,1888322
9167,5981,-117852,49074,4963,629423,583164
5277,3871,-20385,41352,4111,645677,682088
8574,5463,62676,70221,3093,1750165,1903396
5333,4407,2552,37759,5463,1655420,1713971
9592,6630,-148425,42056,5055,1815174,1732786
5648,4611,-30216,37407,5296,1675392,1700490
9462,5815,29640,32593,5037,1793645,1878396
9148,6037,-175743,43722,6500,1971936,1864248
4889,4870,-154423,40888,5445,672698,577089
9629,6500,-85493,69444,4852,1661798,1668786
7555,4926,46068,30203,4815,1678496,1774527
6333,4907,-194056,34537,4407,1937139,1795378
9592,6518,-161847,40000,5944,1764560,1667564
6296,4592,-107083,58333,5944,1698482,1669860
8370,5426,16013,35630,5018,1796050,1868711
9537,5907,66555,43333,5593,579867,712903
5759,4611,-116624,37815,4888,1858003,1796916
8629,5944,-145378,57222,4185,1725147,1658453
5592,4630,-11819,29741,4741,622092,657366
9536,6241,579443,40129,4834,661642,1304344
9240,5722,-179937,41037,5907,1887946,1772267
8795,5463,285455,50407,7129,678114,1038067
9296,6574,-82150,34888,6185,694110,670866
7278,5074,55076,38778,6500,637493,753125
5758,4352,647061,43388,5500,1692407,2401300
8851,5704,-153857,44685,6129,1966699,1880674
10073,6611,-106371,40278,5648,1688288,1647416
8944,5408,-13867,36833,4630,1943503,1987822
8870,5666,61342,44704,5000,1694481,1822730
8296,5445,-177430,51611,6148,673316,568997
9166,5593,-116296,38019,5777,1669916,1614305
9036,5593,185949,39370,5518,2186278,2433800
8185,5167,34676,82778,4055,1686850,1824489
7703,4445,-161244,33648,4223,1780289,1671620
8055,5370,-159146,42037,4426,1772711,1675971
9259,5611,19432,34574,4407,2074648,2150487
7666,5129,17438,39259,3240,619411,694903
9147,6426,-194982,37944,5500,694368,560811
8574,5241,567167,45333,5259,1822393,2456393
8278,5240,-103010,41055,5649,1757204,1717212
7388,4760,-24654,68555,3685,1760218,1822174
9684,5926,69481,44851,5741,1931489,2069913
8852,6240,-179124,47277,7408,1922577,1815823
8055,5000,678395,40500,6074,655986,1396066
9092,6556,-64134,38852,4889,1761068,1759638
5759,4833,199888,35963,5130,1839062,2093154
5684,4741,-143957,34204,5407,1938428,1846933
9777,5574,-178655,61240,3611,1747831,1651508
7499,5260,-86318,47000,5370,566333,547348
7018,5166,5595,38203,5297,554198,617829
9647,6593,-204715,42408,6351,1921908,1784896
5111,4685,-139840,56241,3648,1866644,1798823
8073,5130,-117298,40222,3389,632887,575126
9888,6407,-28293,41333,4315,1762209,1798563
6611,4593,87341,39851,3463,671858,816329
9852,6592,-169468,45408,5314,657558,557886
7388,5111,-148092,42314,4611,718534,632366
8815,5740,-57625,43371,3648,607158,613126
5629,4241,35879,43296,3260,666893,762254
7369,5149,-175022,38055,4370,2079455,1961377
8555,6278,33982,41389,4944,1862673,1960970
7055,4852,-61457,39296,5648,1644411,1641805
9388,5556,-1990,42148,5704,1716461,1780008
8037,5333,20164,38574,19444,672276,765903
8925,5796,-162627,44574,5556,624568,529607
8537,5500,-120752,42130,5277,1700354,1644601
5685,4371,-12211,75463,3722,1603090,1682768
5833,4426,64054,50777,4111,1749806,1881026
9258,6519,-22663,45018,6130,1754412,1800804
9037,5519,239859,62037,5611,643357,967624
7870,5186,-19894,33222,5666,560169,594886
5999,4815,50444,41555,5556,689181,800347
5036,4445,-133421,40370,5982,624788,549774
4962,4408,-172897,43388,5889,1928146,1816452
9759,6574,-78226,42166,5297,1789789,1778045
6647,4815,2038,45926,5074,1782451,1849655
6444,4722,105728,38592,4426,1697354,1859489
8500,5278,192473,32407,5130,1603608,1849452
9833,6944,-109872,43592,5482,1686251,1644583
9555,6111,3410,37981,5389,1752710,1817230
8888,5630,95692,42389,6314,1694853,1855803
9685,6259,-181598,46871,5925,2056235,1945692
8833,6223,-110835,35389,5074,1763806,1710472
8555,5500,-59089,44371,4574,1711819,1717804
5352,4852,300544,42185,6315,1982053,2343894
5167,5129,6051,37889,5518,1777865,1840360
6574,4870,-176314,38130,4944,1766694,1647694
6389,4703,-86809,70889,3851,1718744,1720083
8426,5407,68621,40426,5778,1850015,1981044
9592,6722,86385,39759,4426,1714363,1863470
8648,5352,-177887,46944,6241,1958820,1850841
5111,4963,-100493,39592,4463,618083,573960
8796,5426,-28081,42092,5037,1691367,1726934
9555,7685,64442,41314,5037,1671955,1802785
7851,5278,-182552,78592,3723,2032318,1947840
7203,4963,-149788,33814,3926,1773056,1675712
7000,4870,-38617,41408,4629,1643070,1665898
9499,5815,31388,44907,5556,657237,756532
8056,5166,-180402,40888,6389,677048,559627
9833,6611,-142101,38277,5389,623303,544034
6833,4667,-89708,44444,4852,1661402,1635213
8277,5630,38352,42203,6223,2085968,2189265
9647,6426,99246,40852,5370,1678077,1841841
8832,6056,-177582,43334,5555,644282,532552
7221,4760,-120410,43036,5130,1787974,1729841
9018,5704,-17535,39870,4407,1694729,1738231
8592,5352,75247,81555,4278,1633298,1811489
9111,5592,3364,28833,4278,1960106,2014192
5333,4666,-137612,91166,3222,711480,680107
8870,5851,-53089,39833,5148,1760357,1769193
5703,4500,34286,39981,3741,1750815,1841989
6814,5389,-175505,40611,4667,2268585,2152635
7555,4907,-169259,62926,3296,724608,636774
8684,5241,-74995,67888,5667,576288,591533
5722,4722,3398,36778,5148,1687943,1746212
10759,6703,169032,46463,6463,750333,992105
8703,6055,-165443,60519,3888,613959,530126
8055,5260,-85939,33352,4611,2036705,2005692
9055,6296,13918,40223,6037,1700108,1778378
5796,4685,98904,43907,4741,628406,789162
8851,5500,-177830,42129,5056,2049004,1935062
7759,5296,-121326,82148,3593,1690612,1670490
7556,5185,-60914,79777,3463,621874,658941
8184,5223,67738,41556,5592,2053638,2184598
8925,5574,6263,42574,6315,2110521,2182413
9129,5926,215841,63037,3852,2070386,2370190
8352,5592,-68542,32130,4944,1700847,1685953
6481,4704,7222,82463,3463,623681,730070
9314,6519,93004,38148,4981,620306,775051
7167,5240,-150267,43037,5870,1793165,1706379
9166,5833,-82355,37518,5741,1639883,1618583
6759,4871,-8611,41741,5796,1709952,1762823
7370,5482,57543,88314,3852,1692983,1858119
5036,4241,-183544,37926,4907,701208,572496
6444,4778,-143299,49963,5371,1791825,1717434
4925,4371,-59368,44296,6167,621846,624385
8703,5482,62044,39685,6000,672636,796606
9592,6203,-167098,40185,5371,1712644,1609175
6592,5166,-160445,47315,5852,617609,525163
8759,5833,36263,35056,5018,1962133,2055414
5833,5167,1286,80055,3297,688894,786310
6407,4833,-201338,40278,5556,672501,530274
5425,4241,-128740,37111,5722,1993432,1919284
9055,5703,-123420,33926,5166,1788170,1720878
7870,5445,-105712,44074,4833,629949,588645
5092,4611,79404,43814,5445,2450081,2591318
8407,6074,-184331,42426,6463,689494,570515
7593,5185,-106864,39518,6315,1765391,1720101
8610,5389,-41896,41556,5648,1640590,1663193
9444,6315,25294,66499,4204,702813,816976
9556,6611,-172367,38462,5575,1897523,1788156
5833,5203,-163806,38981,5741,680636,574663
7593,5111,-92728,39500,4222,673965,640423
9166,5908,34980,41796,6519,1667028,1768045
8407,5259,-201828,37629,4945,703159,560015
5481,4648,-181157,46778,6352,1867295,1751971
9314,6445,-116171,47426,5574,1747550,1703083
9666,5556,2722,41241,6167,1698230,1766027
6685,4852,59449,47241,5389,2292777,2419967
8036,5500,-44174,39981,5518,1933108,1950895
9685,6019,-152910,49333,4537,625074,544108
6574,4611,-57664,46129,5370,1665359,1673009
8778,5148,25729,102703,3611,643971,791996
10110,6704,-167191,33759,4296,706410,596830
7666,5241,-162371,41907,5352,677738,577663
5314,4315,392094,37926,5611,586307,1033734
7259,5130,-3473,46277,5648,1649075,1712675
9148,6259,18125,35833,6148,691445,769810
6833,4722,-177221,69981,6185,1951192,1864396
8944,5371,-88069,40574,6315,1733836,1709712
5722,4481,782618,39204,6388,1714701,2555707
9500,5222,30329,46130,5592,1962122,2061062
9148,5926,-125332,37241,5444,1968024,1903100
4667,5037,-113012,43426,6407,615120,564108
9925,6593,720415,39185,5426,1734051,2517688
6092,4648,132831,51018,3908,622609,823792
9314,6556,-185275,61852,4074,1764487,1663693
9444,6000,-182807,38445,4981,612933,491626
5852,4555,-85616,91981,3407,562373,584885
8296,5389,1259,29907,4185,1790231,1842823
5315,5222,723723,42074,5389,2112241,2896131
8036,5426,-135305,33093,4240,2061479,1979358
5833,4648,-86966,31963,4129,611667,573312
8592,5223,-26555,46741,5314,1711082,1752434
11332,5649,59505,40667,5666,1765521,1890470
5666,4463,-95007,35629,4741,1860534,1818100
9111,6074,-113132,41463,6481,648925,601256
5481,4333,-8275,50703,6537,1663414,1724230
9389,6000,59822,39870,6278,645673,769885
6074,4629,701065,34667,5074,2184010,2938001
4370,4648,-169148,51092,3407,876478,773699
8740,5648,-93866,35815,4092,1690968,1653527
8981,6093,-3602,40333,4926,1734573,1793638
9259,6463,-214874,34426,3889,1942678,1783860
8629,6426,-150611,39278,6148,1752915,1664749
7351,4889,-68050,38000,5667,1669651,1659842
9444,6629,-26378,41555,4908,1690201,1728786
5870,4463,81774,46333,5630,2055620,2201894
7999,5982,-169794,31389,4667,709809,592700
6278,4518,-145807,45981,5074,704563,622515
4759,4352,-56210,80481,3389,1627441,1666879
8444,5315,30980,43777,5111,662868,759403
8241,5574,-160126,38944,4408,1752782,1652861
8055,5204,-166806,36166,4908,2356941,2247116
8147,5537,-88153,69074,4278,1761661,1762545
9407,5871,14240,43833,4704,1663120,1743490
7518,4908,-202661,41610,6500,1830874,1690749
9777,6852,-3935,38796,5889,1863849,1924044
5814,4648,-114133,39834,5074,633166,577200
9463,6500,-15703,44463,6463,633291,686496
5222,4777,72618,41314,5000,1681058,1812526
8722,5481,-42933,39056,5667,1672293,1691953
60333,5074,-157076,34815,4759,1982287,1933100
8426,5370,-24071,33704,4444,1675580,1706064
6000,4703,40471,45352,5833,690488,795458
5796,4630,-36339,40426,5500,1963179,1985822
4222,4426,-176389,36370,5130,738996,615237
4611,4685,387725,38519,3981,1880836,2322987
4481,4722,-1213,67963,4018,2015793,2098524
5888,4704,113495,43167,5963,1678216,1853785
8388,6093,-163906,39796,6241,1993469,1892748
8537,5463,-122290,85074,3796,593972,577941
4777,4296,-31137,35630,4907,1693923,1714934
9926,7018,58497,36167,4870,1808325,1927026
8888,5426,-176034,34741,4944,693142,573848
9092,6204,-143826,32611,4315,1796334,1707064
8685,5537,-19506,39963,6277,618818,662274
7648,5370,64906,45000,4426,642330,772255
9111,5814,-182532,46666,5556,2016207,1903544
5426,4222,-165861,41370,4574,2079109,1971340
8351,5186,-93153,35093,4703,1754069,1716675
9018,5648,-7463,43778,6241,569422,628941
8981,5723,105671,43130,6000,1686058,1857915
7870,5037,-157360,33815,4833,1961775,1859100
5630,4240,-73743,51388,4463,1690012,1684694
9129,5500,-30869,52908,4740,1712211,1755804
8685,5685,57785,45018,7389,672026,799421
9314,6093,-180247,35852,5130,2102494,1980488
6611,4963,-147242,45129,4778,714831,631718
10166,6537,-68200,41666,5963,536957,535867
7666,5000,27046,39814,4963,1787296,1874378
9610,6204,-178782,34129,4500,1957457,1835489
8888,6722,-150592,40778,5926,1799267,1713600
8963,5518,-83124,45499,4611,569418,553275
9722,5963,23010,34426,3833,1688332,1767434
5611,4759,-186114,38703,4297,1718271,1587954
8796,6519,-187202,60889,6222,1930395,1828026
9277,6167,-125919,48111,5685,1716002,1661490
8851,5741,-86859,36000,4500,1801496,1771804
8333,6000,53942,107777,3871,555683,737644
9518,6278,-27183,42574,5908,1706894,1745953
7407,5185,-152880,49444,4352,1743408,1659360
5555,4481,-53579,39537,4500,536299,538904
6092,5149,40128,99667,4185,1616305,1773638
5870,4778,119152,41833,5463,663288,842995
5092,4667,373322,40056,6444,1914071,2346153
5833,4685,-60930,39815,5833,1667402,1665083
7722,5240,45816,34333,4241,1711618,1811397
9555,5629,110635,39371,4962,1684410,1856785
8333,5481,-177303,32888,4482,2115514,1992117
6370,4777,-88780,52593,5796,1716159,1699508
8667,5648,7632,33129,4204,593272,654978
9259,5444,80600,69537,3333,1737000,1908785
8184,5426,-42913,33370,4556,636187,646866
7833,5574,-129575,91407,3260,628405,609423
9203,6093,1290887,42240,6037,1665984,3023297
5851,4574,142231,37500,5092,1758407,1955970
9295,5834,550622,62667,5926,635277,1272177
7852,5185,587201,47389,5703,1780303,2435708
9407,6704,1066167,55092,4648,1635613,2780113
5610,4760,780451,93722,3722,611225,1502657
45500,4425,249126,37240,3945,1876288,2218524
8407,5500,96335,37648,5981,2259522,2416134
9462,4908,680189,33777,4259,1747278,2482226
24147,4797,-3137,51130,5778,1666163,1751008
11000,5518,89609,38593,4296,1669973,1821416
6556,4666,534834,41093,5759,1814763,2410449
9203,5630,331395,48537,4074,1756499,2157654
5241,4315,325919,37777,4760,1960604,2340727
9648,6000,270776,53371,3463,2254819,2600652
8759,5537,-188142,42018,6574,602973,480498
6241,4574,-162546,36334,4981,2130793,2022859
5036,4186,-160337,47944,5982,1811567,1716749
4833,4241,-980,52981,5000,1592230,1661676
4666,4259,-209326,35185,5611,2027889,1870914
9314,5704,-68544,45518,4556,1714256,1713008
8963,6166,-121427,97240,3555,1654974,1652009
8389,5259,-40960,39981,4741,1770801,1790582
9203,5685,55971,97277,3537,1721334,1895415
7777,5482,-181913,42426,5685,1933939,1815433
9666,6297,-153686,38482,4388,1810139,1717823
6462,4926,-58236,29759,4315,1797467,1786934
10518,6074,60806,42314,6334,574857,703681
9148,6093,-179634,42148,6130,1836586,1722805
7167,4796,-143221,39833,6704,1733804,1651620
5407,4537,-33902,93963,3759,1891224,1967395
9370,5722,66,38130,3278,2011773,2070432
8518,5426,118238,45092,6222,642443,828847
5093,4333,-178423,45703,4056,611809,495257
9055,5574,-95029,40462,3797,613656,580330
4741,4777,-35006,45463,6333,519429,548460
4981,5204,134239,34166,6241,1886842,2074025
7777,5704,-40663,35426,4093,1701171,1715564
10722,6185,-135861,40333,5148,1830703,1759675
8777,5537,-65189,44592,4574,1748920,1749379
9778,6166,31815,68129,3649,590496,712718
9110,6223,-178643,33222,4167,1950632,1827933
7889,5111,-176915,73925,3223,2068551,1984414
7388,4982,-96059,40556,4351,611852,575700
5499,4815,39150,63518,3241,1753061,1871822
9925,6537,78895,52815,6241,1730834,1887988
7962,5167,-180728,41333,6185,654633,537422
7463,4944,-120649,60722,3759,1743047,1701768
9277,5871,12781,45796,6092,1772986,1854841
6962,4445,60119,42518,5315,1757722,1879600
5870,4556,-178671,43277,5889,1855106,1738231
9370,6760,236424,67500,4129,637534,964402
8814,6259,-70995,38185,4908,592195,581996
5889,3963,33583,53889,5555,1947960,2053358
5185,4352,-185374,42130,6370,1921382,1796508
9166,5519,-146406,70018,3649,2276096,2220783
5166,4371,-82827,42777,5352,586509,563793
9740,6148,458768,41482,6129,1877181,2401726
8648,5555,120831,38037,5574,627202,807977
8129,5408,-179886,39463,4833,698234,578811
5573,4686,267358,57277,5334,1758055,2100969
4314,4556,-32432,31611,4574,1930143,1945525
4222,4444,52777,41889,6425,632108,744421
9110,5982,-186255,42333,5963,718900,597848
5426,4370,-120694,38741,6018,679339,615608
8259,5111,-68893,47944,4519,575945,575071
9944,5963,23149,73629,3204,1639767,1757841
8592,5611,-189716,40648,4797,717712,590422
5611,4574,-151378,44908,6407,652652,565423
9462,6648,-91484,64056,5889,1686974,1684379
8592,5241,22798,36241,4481,1742543,1823286
9129,7537,-209788,35351,4000,1832279,1680860
9777,6130,-161191,38018,4463,1985495,1885174
9130,6000,-96520,89000,3759,1718639,1732120
9185,6204,-29071,29722,4815,1699875,1723157
4851,4611,65527,47074,4629,1767796,1897266
8425,5574,-182856,34852,4426,1948531,1820989
10129,6352,-155425,46000,5370,1706138,1621157
7629,4926,-59569,42204,6185,1769503,1773230
7684,5315,802192,76351,3889,1634201,2531781
7388,5222,1567509,45166,5500,1562880,3195832
6000,4611,-8035,45426,5462,1735747,1791156
8518,5463,-92826,34111,4037,789285,750514
4815,4463,45474,42833,3685,1601164,1705138
8870,5611,79183,45148,6648,654072,801940
10185,7037,194965,33259,4278,1991744,2243783
7963,5241,-96603,120148,3889,1622037,1665194
9462,5945,-34913,73759,3093,1708439,1767934
5704,4611,6814,51315,6074,1935303,2012692
8296,5315,-21977,74296,4240,2037835,2110284
8777,5556,227379,33018,4722,668227,950291
9370,6111,314365,47630,4814,2064436,2449115
6556,5018,145241,42352,6481,712902,920773
8258,6130,663188,37889,4426,2025351,2747520
7444,5685,11159,34463,5000,2117865,2183727
7277,5130,-56817,33444,4537,2004806,2001062
9332,5926,829129,43574,5981,2431037,3327313
8833,5796,649302,32889,4574,2379087,3082519
6259,4722,137050,32222,4722,1928234,2115673
20722,4370,1019828,33463,4574,1881932,2967723
8463,5648,-13626,51389,5019,2023835,2082914
5685,4352,67175,40907,6334,2727493,2854057
8981,5889,147291,67092,4186,2457970,2693780
23221,4630,46815,34593,4852,2585983,2702817
5074,5093,11894,42592,6389,1994835,2067970
8462,5815,19733,37592,4722,2844639,2923390
5352,4703,-175206,40963,6389,2011787,1896100
9240,5667,-174720,41000,5870,688050,577811
8555,5389,-92974,95555,3537,1594909,1617416
7629,4981,40068,42907,5981,1881921,1985488
9629,6370,89461,41963,6296,2061952,2218357
7185,4685,-184440,55388,4630,1918485,1808471
7870,5389,-117658,40148,5074,1744500,1689009
8148,5222,-33579,34334,5518,621094,642811
9611,5889,52536,44426,3574,1903859,2022469
5610,4334,-177606,44519,5740,2052946,1938118
8055,5296,-119452,40222,6370,620042,562812
8351,5037,-70392,94889,3851,1581402,1625694
5703,5000,20743,41592,5130,1746654,1827434
9351,6722,-185307,47666,5759,2174740,2060987
9055,5889,580750,32611,5296,1818606,2454634
9166,5907,-73279,45074,5926,1722658,1717471
8092,5500,-8682,75851,3574,1640617,1728026
5963,4870,-207898,41351,6556,1993091,1846322
8703,5296,-145190,39204,4630,676205,591441
9537,6759,78684,38352,4241,1642398,1782693
8333,5370,-35439,38351,5222,1769096,1793304
5814,4518,69306,40518,4204,1681277,1807915
9574,6629,-174799,31648,3722,1909641,1788397
8667,5425,-154757,74185,3574,1684193,1623287
9296,5926,-68346,45037,5759,1759873,1759582
6814,5018,62604,41666,6463,1740534,1865396
6815,4648,-185335,42629,5870,1884103,1761490
8129,5074,358112,38944,6093,1658968,2077839
9259,5611,-67622,88148,3907,1651076,1693138
5278,4870,-3969,34389,4833,1752551,1800804
8555,5463,78703,35388,4834,1720527,1855823
8481,5259,-185087,40407,6037,655752,533312
9130,6351,-92064,66629,3741,2088182,2084599
8129,5334,-29857,76611,3185,573038,639144
10592,6537,57741,34000,4574,1857100,1972396
8129,5222,-51902,44871,5703,1643781,1658601
6166,4760,-158693,41759,5833,1759998,1662472
4647,4797,-26188,39648,5907,1703474,1735008
8851,5463,27668,75259,3648,728438,851772
8351,5815,-68289,46130,5740,1691631,1691694
4833,4611,-133932,35704,4740,587726,505793
9444,6000,-63890,41352,6111,1643121,1644843
6611,5259,2911,75759,3667,1725856,1822452
8777,6185,480451,30778,4518,637505,1171085
7426,4963,-167931,68352,4315,1660662,1580454
7073,5167,-127481,77037,3629,1706361,1674212
4777,4537,-28254,36722,4444,1752133,1776545
7518,4815,78621,39111,4889,2383253,2521374
9684,5574,-176465,73314,3463,1917844,1836415
4963,4555,-158016,44814,5889,615866,520645
4610,4686,-27920,39741,4722,567564,595867
6629,4833,82437,33852,4833,2082754,2217486
6870,4926,-102890,41148,4592,2103823,2061025
5962,4686,-176700,36425,5278,1767857,1646175
9129,6037,-97492,126741,3518,580433,631107
9037,6222,-14783,31703,4130,2061512,2100488
8204,5648,97925,46926,5537,1761434,1928193
7389,5074,-167976,79629,3370,1906633,1836786
8703,5334,-132861,40574,5056,661357,590978
5222,4852,-40967,40611,6000,1703327,1721860
9240,5574,82390,35185,4592,1950376,2089988
8926,5944,-189345,41889,4777,2062704,1937581
5110,4778,-152599,66610,3445,1749330,1679064
8721,5426,-70428,43593,6111,1661066,1656434
8814,5333,16262,39296,5982,1650932,1729063
7259,5092,-180084,34129,4760,1810833,1684767
5352,4222,-182376,45056,5833,1978883,1859137
8647,5630,-101167,43536,5982,1722028,1687508
5259,4574,30448,42296,5833,1938189,2028654
8722,6055,75268,105703,3926,615506,817495
9740,6426,-184763,52870,4315,2033085,1924803
6944,4315,-119406,41351,5019,634959,575904
5203,4963,-3958,40815,5926,1640022,1695415
7777,5704,83973,42556,5129,703041,850291
9536,6852,-28410,39629,4833,1648308,1683323
6870,4982,-161331,29944,4352,652272,539534
5777,4463,-63640,43962,5093,645748,643589
9481,5907,44290,45277,5500,1922254,2035099
4499,4667,-3483,45185,6889,704442,764680
10500,6722,-180959,63389,3685,1718524,1624287
8500,5370,-100584,60093,6222,636006,617997
8944,6556,-11080,40722,3741,730186,780940
5277,4797,88314,35426,4777,736014,876995
8759,5555,-184716,45277,5889,688714,572237
9907,6630,-137749,29574,5000,1951497,1867637
8352,5666,-40299,72796,3889,1716845,1769934
8851,5963,59797,71759,3223,597254,749273
10073,6426,-28771,40926,5870,2299721,2336652
9037,5648,-164914,45426,6704,1796959,1701490
6092,4426,-21928,36352,4962,1739400,1772471
8130,5296,71873,41370,4333,1619951,1753175
5055,4111,-20251,42944,6445,1648427,1688731
8370,5482,-187376,42667,6278,1730699,1608583
8648,5537,-95001,44760,6314,1731213,1703749
6222,4444,2709,100999,3722,1657856,1778175
9369,6371,678451,42629,6611,1747850,2493262
6314,4723,-148485,43388,5926,627149,541626
5259,4834,-97795,40333,6315,627106,588460
9352,5963,-11013,67055,3630,1640188,1717249
7389,5018,51641,56740,3630,1753811,1881415
5241,4944,-185131,42759,5166,1990806,1866100
9463,6259,-137071,39389,4907,1683803,1609306
4852,4870,-60140,44277,6463,1648057,1650694
9499,5796,48272,33981,4426,1743162,1847155
4537,4370,-165833,38851,4834,692923,581849
7370,5167,-178977,49833,3648,1760189,1649694
4907,4556,-90621,91130,3222,554747,570849
8759,5592,-16486,42000,5945,1746234,1794749
10129,5204,149888,40963,6167,1710137,1924785
6055,4611,-186938,35425,4371,1978501,1844618
8629,5482,-122378,34851,4241,635153,568589
9463,6037,-16355,41907,6185,1734623,1784527
5703,4481,83354,35074,4648,1990226,2125857
9111,5814,-140029,38389,4740,1919204,1839859
7388,5056,-158784,45981,5241,1812904,1720230
7629,5148,-69501,42092,5093,1698417,1691249
5000,5018,25300,43573,4889,2005152,2091487
8499,5667,-163935,37425,5019,1744722,1639916
7833,5500,-179523,44796,5630,710723,597664
9962,6667,-107537,40926,5963,1763601,1722082
7555,5000,22597,40963,6222,599584,685403
9703,6111,74343,41648,6704,1728942,1869433
9759,6185,-187132,60685,5814,669870,567941
7110,4723,-128980,35537,5000,1731822,1657934
8556,5444,-39104,97166,4444,1684928,1763897
7703,5093,46437,37278,3963,1703404,1806341
6055,4908,-168946,35111,4982,1906212,1790341
8592,5518,-163014,85648,3926,1746005,1689545
6204,4777,-65695,33148,4556,1743537,1729138
4925,3982,220864,47759,5741,1677069,1962729
10093,6555,539646,39740,6278,1881673,2487060
5259,4944,-180105,78648,3888,690066,605515
8000,5481,-106656,32259,4945,598042,544979
7166,4889,-1022,58222,6148,541797,619570
9722,6333,-209757,33852,6611,2224467,2073858
9092,5759,-181826,42056,5963,1806593,1690045
8555,5593,-133728,79314,3759,646966,612941
9018,5722,-47390,49073,6167,529425,554200
9148,5481,48874,46814,4760,1757856,1875045
6740,4482,-163454,47666,5593,1961721,1864730
6315,5222,-162579,63093,6518,1711032,1632583
5870,5037,-22019,47537,4981,1726101,1771026
4963,4278,36652,46463,5852,594862,695070
8166,5537,-198656,41259,5612,641153,505608
8499,5352,-182521,36111,5018,1958511,1833785
4926,4759,330222,40500,5759,1932801,2321764
8055,5352,-13457,37130,4611,1670687,1714767
4999,4834,115677,44148,6389,1608331,1786952
4389,4500,-161131,35888,4371,622294,512404
9481,5870,-99477,27481,3981,1726487,1675990
8981,5889,-29917,69351,3537,1728370,1788619
9648,5185,50587,36481,4185,617965,726088
10055,6481,-181721,77907,4296,592719,511774
6703,4870,-128087,42315,6333,1708392,1642564
9741,6648,-68731,70981,3556,1664832,1689639
6203,5149,24107,42833,4982,681406,767607
8407,5407,-188183,42426,5722,1877951,1754397
6296,4352,-155826,40815,6388,686453,591052
9352,5944,-97543,36462,4537,1725423,1686712
8407,5240,-10613,34760,4444,1740195,1784434
9222,5574,79799,43908,6277,1778394,1925896
8610,5389,-155102,45500,4889,643173,555237
5722,4352,-121394,34315,4667,1756939,1687453
8166,5278,2814,43093,3759,1658897,1724434
10296,5982,43245,29574,3778,1736355,1831619
8314,5315,-190804,48185,5648,638283,517626
5833,4426,-138040,63629,3648,657852,599793
6092,4630,45186,57741,6315,1969616,2091932
8574,5481,26007,44814,5630,728007,820699
5277,4648,-183784,40111,6148,2034310,1909396
8925,5519,-181576,80130,3555,1940380,1859840
8036,5223,-71849,45796,5945,1756431,1752434
6166,5018,-10825,56000,4389,1795129,1859192
8555,5482,-218190,42019,6277,731242,578812
5537,4407,-184277,37463,4444,654645,524608
9425,6093,-142032,35926,4648,1770040,1686804
5870,4537,-33397,51907,3056,1728553,1762675
7536,5111,642309,40833,6407,639777,1344362
5833,4611,-175553,69888,4222,1875062,1787045
4740,4278,-162160,40370,5186,1734168,1629342
9221,5482,-49137,34093,4759,1723034,1729971
7962,5222,48424,67018,4297,1939656,2074765
5092,4389,550093,35870,4815,1762337,2365837
7592,5371,-195417,46537,4629,1986906,1858415
10426,5611,-6246,66111,4240,694798,777625
8629,5315,-7574,98073,3612,1660916,1771416
9241,6240,554262,30722,4370,1891854,2499245
7962,5426,-175193,50759,4796,1930183,1826563
5815,4888,-108836,34648,4204,1663216,1606176
7833,5240,-145257,66722,3759,2272893,2213653
5148,4574,48265,52630,3037,1761112,1876915
8537,5481,-190765,42370,6259,726670,601071
8073,5574,-131038,40500,5963,1706288,1638083
7703,5259,-74755,41073,5760,1720449,1708434
4889,4148,47823,49240,3630,588729,700885
9777,6556,676658,55352,3666,1776142,2530633
5222,4852,-185444,42444,5630,1767749,1642805
8815,5704,-104329,45648,5019,623751,587108
5518,4555,-8545,77518,4074,1794053,1879470
9370,5815,71737,39574,6185,1756233,1891396
9685,6685,-184423,39092,5796,666551,546164
7759,5314,-133141,94333,3685,612435,592755
5500,4277,-40247,58463,6370,1743534,1780267
4426,4444,86831,41093,5648,1647566,1793249
9796,6833,-180552,51574,4648,1907597,1801915
7500,5407,-129695,42074,6278,1780740,1714971
8592,5241,-45413,49944,5834,1755754,1782119
8314,5315,11389,41407,5592,1745601,1819730
9851,6574,-194865,39834,6129,2003539,1873044
7795,5130,-185989,42148,5629,2005812,1882562
6981,4777,-107558,46611,4851,1706012,1663805
8704,5814,-14757,54240,3741,1759525,1819267
9555,7777,63858,95482,3222,588656,770514
7629,5259,-187117,41500,4741,677281,551441
9444,6186,-123280,42185,5945,623368,567423
8907,5741,-5349,40019,6629,1796338,1854878
6148,4574,47637,56833,5704,630580,754069
8869,5871,-174801,39944,6000,769631,658422
5425,4852,1795325,34204,4759,1997597,3844310
5962,4778,-138493,41666,4815,679231,600848
10037,5630,36731,88741,3185,569375,715811
8667,5666,717308,45704,5963,2210341,2995760
19037,4463,-212590,46333,5814,1918118,1783286
8666,5815,88561,34500,4574,1649002,1793433
9018,6000,-17970,99888,3593,1633701,1737582
9592,6537,266275,41277,5797,1576418,1908433
6166,4500,-187570,39741,4222,658752,528442
6296,4463,-130621,49019,4296,1769944,1705935
9592,6389,-9857,38203,3037,1780180,1830452
6481,4592,76444,38333,4574,1768527,1901637
5685,4389,-184809,45370,5759,649214,527997
9463,5537,-169286,43740,4852,641616,537923
10425,6537,-73763,54685,3908,1762123,1766637
5611,4815,24797,45111,5759,734754,822958
8315,5481,-187789,46740,5760,688897,569478
5185,5055,43919,42852,4666,1725553,1829952
5518,4426,-98446,54314,3778,644036,616089
9426,6574,-21145,42166,4389,1702135,1746434
5277,4778,83989,49278,5796,1760241,1911674
5000,4352,17105,39611,5500,1850291,1924415
9129,5630,-108796,39685,6296,1744379,1698582
5074,5093,-48310,40462,5778,622344,632497
9426,6037,43324,40018,5963,685394,792736
4833,4741,-1356,34056,4629,2228213,2277672
6240,4297,30501,31463,3722,1978950,2057710
4685,4593,362782,44852,5111,742488,1167197
9092,5704,37826,44740,5982,651448,757422
8925,6408,554495,39796,6019,1964693,2582336
8759,5722,-188571,82630,4000,1959319,1873877
8851,5611,-105029,56537,4593,1864277,1837563
8833,5611,408178,43389,4629,744241,1217345
7518,5481,91536,40963,4445,716847,869402
9944,6704,-179014,50222,5612,2440851,2336912
8611,5463,-135416,102759,3666,603635,591348
6333,4352,-50300,44611,4907,1670605,1682879
4815,4555,46446,73999,3482,1748747,1885471
5907,4481,-186956,56482,5703,625231,512923
4574,4315,-119803,40111,6018,1712349,1650102
7963,5315,-78021,68796,6408,1808695,1821915
5018,4111,62688,34111,4500,1661228,1773693
9259,5370,688246,79555,3815,1714277,2502503
7925,5037,-184060,34148,4759,2077845,1948451
4666,4592,-106222,64574,4148,1685824,1659934
4389,4407,16486,41759,6370,568048,643996
8629,5592,65010,34537,5018,1712925,1834118
8592,5834,-189578,42111,6334,713018,589237
6648,4759,-85313,33777,4537,1670730,1637657
9259,5445,426134,29000,3851,1872316,2348338
8593,5388,88400,41056,5611,652318,804014
7056,4537,-198057,40888,3352,685128,545701
5222,4000,-181959,40352,4888,697197,572553
9648,6500,-76732,45203,5722,1930166,1923322
6370,4629,33828,40574,5907,648113,741810
8721,5426,75370,35925,4389,650997,783865
8759,6037,-187866,48908,4740,2072928,1955803
9685,5166,-104453,35130,4148,1739684,1691471
10259,6426,784437,40629,5778,611055,1460695
5759,4926,75371,36500,4648,674068,803440
9573,6630,-143160,31704,4092,627435,538959
7333,4926,-136581,42704,4351,1702590,1627768
5629,5186,-44299,93963,3055,514110,580645
8241,5259,85706,42592,4723,2149558,2298098
8407,5593,-178528,33962,4074,1954870,1830693
9592,5537,-146450,66241,3055,1785588,1725619
9703,6037,-43074,34111,4222,1655231,1668564
6740,4723,61096,117481,3482,522547,718403
8481,5537,-185637,31185,4092,2464902,2330875
7833,5074,-179632,66518,3092,1898475,1803453
9907,6722,-100091,70926,3185,1642545,1635749
7777,5185,-15642,42889,4556,1958796,2005969
7759,5315,74437,49722,5592,1731238,1876193
8833,5500,-155280,41074,6389,1890343,1799508
8944,5574,-134589,79833,3407,1734579,1700471
6259,4722,-50677,49296,6241,1757185,1775934
5444,4426,53828,44703,4833,2163845,2279061
5203,5278,-194333,30203,4556,1984007,1837711
6573,4815,-161902,36259,4259,1713560,1606046
8203,5092,-54471,37629,5185,1702814,1707638
9277,5796,85848,32778,4370,1985584,2126080
7944,5352,-192424,38907,4315,715847,582515
8388,5389,-188530,60888,6019,1689669,1584249
6222,4537,-109803,50092,5556,1818404,1777342
9148,6000,-23558,72129,3519,1811880,1881137
5795,5130,74114,93814,3185,1710413,1894636
6721,4389,-192158,43278,5759,712136,582811
7481,4852,-93894,39981,6297,1715088,1682064
9055,5908,-52982,43222,4722,1740990,1753379
5926,4870,71208,39444,4241,665677,793829
8407,5574,-185268,75278,5629,601858,514163
20814,4518,-178947,40962,4037,707760,601533
7741,5629,112,44611,6019,1958320,2024581
8962,5537,49913,40297,6463,658249,771402
9315,6166,91585,73907,3982,1838514,2025544
8610,6463,-188853,41111,3833,1943454,1817045
9388,6278,-116534,42574,6148,1981690,1931785
6666,4871,-10159,40240,5871,1804277,1854471
7093,4963,-220764,41166,5074,2035698,1875952
8851,5445,330275,40945,5703,1901137,2295042
8833,5574,-142255,43111,6463,1736560,1661675
8647,5648,-49731,41278,4518,634654,647347
7648,5000,50755,92277,3796,1692920,1855267
5369,5019,-200257,40870,5259,1991210,1849951
9129,5389,-160975,70870,3241,1791132,1720897
8777,5722,-83840,43833,4537,2082180,2063673
8870,5519,24794,52462,3426,2030305,2128154
8074,5129,352705,43000,4482,1886003,2301653
9204,6037,-156288,45277,5945,1784722,1696787
7944,5259,-85005,40537,4944,1655514,1631527
9351,6481,4259,85407,3519,1632250,1743304
6611,4296,74819,56852,5962,1793207,1944451
6574,5092,-184378,39203,6093,631802,506571
9722,5389,-140652,39703,5889,657575,579978
7907,5130,-1221,85981,3537,1568434,1671916
6352,4722,72283,43963,5871,2036278,2171839
8963,6389,-44656,39167,5629,2286161,2303857
8407,6426,-168798,69444,4111,674554,596089
7851,5259,535371,39222,4981,1573839,2168579
6222,4629,14045,74074,3500,1705130,1810193
6185,4778,-179635,35704,4518,1749014,1622935
9666,6296,-166981,65685,3351,658590,579867
7295,5019,-108069,75555,3537,1651523,1636953
6481,5018,-25472,45574,6093,1937627,1977951
8741,5352,75643,83722,3759,1673105,1852804
9259,6352,-187313,34240,4685,637533,507201
8944,5611,665244,35926,4574,1746631,2469745
8537,5296,-53618,45092,5111,646078,659144
8851,5741,50016,39185,4870,680480,791217
5222,4759,-187719,45629,5556,1818061,1693916
10129,6148,-167751,56685,3945,1996443,1907637
4759,5148,-82227,122906,3556,693687,749700
4667,4500,13814,36888,3408,655182,720885
9314,6167,-199347,38315,4537,1873466,1735082
4944,4592,-185490,41278,4870,641598,513941
8166,5315,-111855,46925,4648,678093,633589
5000,4407,-10795,38740,3334,679383,722218
9814,6667,100228,34759,4555,636102,794718
6944,4537,-181210,35111,4796,1901052,1773953
8963,5907,-136483,34629,4408,1793973,1714268
8796,5648,-54664,35703,4056,1749228,1751249
9278,5833,498431,45834,5814,643136,1210660
9296,6426,-192413,40333,5982,1866365,1738601
7444,5056,-174000,42315,5925,626701,516034
8870,6056,-82125,34407,4703,1718616,1692694
9555,5981,35139,42000,6204,1854887,1956155
9037,6426,695326,44092,6186,1645585,2409060
5444,4982,-157295,39222,6167,688050,589071
9370,6370,-117678,36814,5000,636102,578645
9333,6315,-8156,34796,4593,1647609,1697249
8481,5111,334533,40389,4666,1730103,2126709
8759,5685,-155256,39204,4981,1915190,1820804
9370,6260,-146603,36907,4463,662211,575071
9444,5889,-47061,40870,6167,1759014,1777786
7426,4870,50666,72870,3740,1723268,1864822
5592,4481,-36718,44426,5778,2333500,2359411
4537,4222,-169361,76741,3370,658302,580330
4500,4592,-81170,37148,3740,609705,581237
4852,4018,39112,87000,5166,665958,808440
8573,5834,190208,38463,5852,703027,954661
9537,6111,-136137,32981,4352,613652,533126
5332,4612,-104132,77648,4333,1710974,1701101
4407,4851,-21238,30148,5315,624512,650236
7888,5389,67822,45481,5074,1804982,1939377
8148,5055,-181264,56370,5556,1965050,1862360
9148,6018,-111667,40870,5574,690645,642737
10296,6018,-50940,32000,5685,1697708,1703138
8296,5389,30750,35555,4686,1786942,1873711
5203,4778,-40689,43907,5944,1744031,1765601
8351,5908,-141332,40111,6074,669513,591015
5407,4685,-78920,37333,5019,654823,630570
9647,6574,-150988,40759,4889,611874,525422
8648,6111,-203409,32518,4630,712295,563182
5295,4445,-188052,42518,6426,1932893,1805563
9944,6851,-74029,34982,4592,1715797,1700712
7796,5222,5902,35037,4500,1716792,1777971
8000,5463,107220,38815,4778,1985637,2152691
8592,5537,-146902,36796,4296,662048,572923
9407,6537,243175,36981,4704,1689221,1992488
8722,6185,-50245,49426,4685,602260,623793
8648,5277,249704,83055,4019,1866783,2220153
5074,4870,-188956,41778,6481,1968279,1839878
9667,6481,-178118,46370,5185,1716091,1608398
8222,5240,-60447,45222,3334,601684,606866
8407,5333,10317,38815,4537,1690098,1759989
5815,4740,-192417,40537,5962,753118,620126
7592,5463,-167079,38111,5722,1815292,1707231
9611,6129,-65963,43425,4686,587923,587996
9777,6611,-20792,45204,6241,1996891,2046043
7037,4796,72750,41388,5871,1656962,1791230
6869,4908,-190485,40370,6037,1832994,1703675
8148,5185,-146758,50389,5666,1790619,1716231
6777,5278,-48772,55574,5797,1664373,1691842
8629,5278,33603,38481,5186,1774589,1868230
8240,5518,-198613,40371,5907,2078472,1941951
8314,5685,-176534,60370,6185,1743747,1650434
7500,5444,-54862,36536,4778,613045,614960
6592,4574,9124,38796,3944,1730218,1795638
9333,5629,88110,38630,3444,1720231,1867507
8370,5463,-170366,44241,6204,1920984,1817452
9685,5667,-118713,72055,4241,587821,563515
5703,4685,-21578,38204,3963,1693809,1727527
9018,5815,249111,48537,5518,1896506,2217320
6407,4759,-180012,35055,4593,685324,558682
6815,4833,-136303,52055,4981,671412,606201
7721,5334,-62855,47926,4648,2000158,2004895
9592,6111,27817,44222,5296,1838265,1933599
8593,5611,-189011,64870,4315,1989481,1886563
6833,4648,-168598,30185,5000,724336,605237
6981,5315,-79223,47592,5556,1769527,1758471
9222,5537,14855,41871,6166,1620709,1700953
7426,4926,-210009,39537,6148,712857,563441
8870,5315,-156023,40167,6000,2158066,2064488
7499,5074,-86036,39574,4907,1727823,1701508
8185,5241,2931,85055,3593,1698947,1807193
5259,4166,65770,35796,4667,1773127,1890859
9815,6463,-165039,41777,6389,2029676,1932081
8777,5315,-136627,40204,6963,707605,634367
7314,5093,-3308,35167,5148,1721186,1772600
7055,5092,38865,44722,5703,2038735,2142524
5388,4556,-9353,41648,6630,2189839,2240876
9925,6037,-177680,43185,6277,650604,541163
10184,6593,-86694,43555,5741,1695869,1677397
9759,6278,184920,66815,6037,2144139,2420486
8814,6167,135500,35389,5185,803087,996975
8555,5334,-174735,42463,5297,1748576,1639157
8685,5500,-71007,41944,5907,630226,623737
6592,4704,22126,91741,4074,1616030,1747323
9203,6112,72983,41759,4611,599513,736644
5647,4685,-177806,77481,3555,665248,581478
8536,5556,-144487,97833,3315,631558,604589
4721,4408,180609,41667,5685,2285839,2524911
5315,5037,68392,44074,6482,2265000,2396727
9778,6685,-155879,43814,5760,631117,543812
8555,5555,-174263,73556,3611,1784883,1704564
8092,5463,-35666,86944,3315,1513342,1584213
8722,5315,25265,32407,4148,1740447,1818786
5110,4722,382824,39926,4778,2105457,2545262
50795,4537,-195112,46592,5815,1890028,1804711
8463,5833,-202552,30018,4019,2109374,1957211
8111,5648,-5789,35611,2944,660118,708996
6703,4667,72734,37241,3852,2092123,2219450
8185,5889,-196222,63314,3778,1768953,1656323
4851,4722,-147347,33371,4814,1778800,1681527
9851,5889,-57398,41111,4296,1686962,1692804
9463,5722,62477,50426,6055,1788290,1925563
5592,4444,-140887,32667,4333,1973950,1882248
8463,5685,-178197,79481,3685,1733669,1655361
7926,4814,-79062,71481,3259,602097,612830
9944,6630,-4132,55852,6148,595794,672570
9129,6037,472982,47148,5667,720344,1263918
5851,4574,-189694,46388,5630,688729,564052
9332,5871,-114079,107166,3926,1725384,1740026
4796,4537,-21111,97462,3482,562885,654570
8685,5981,55671,42630,5815,702453,823403
4833,4852,-190674,32870,4741,634375,493479
5370,4630,-136003,102851,3686,674536,658033
8481,5518,-43572,43778,5759,624124,646811
4888,4593,37136,58314,5167,1723001,1835322
9462,6167,-185136,43648,6111,677818,560774
5018,4260,-164353,41037,4815,718645,611793
9741,6777,-53866,32685,4166,1601636,1603639
6351,4815,7935,72129,3296,1708463,1805100
7889,5592,-213115,45296,4463,2001623,1854323
5241,4074,-164333,87593,3703,635867,574664
5222,4907,-107605,50111,3352,655750,613811
10277,6778,-32268,100074,3426,1648443,1739322
4759,4574,58904,43611,6000,1763770,1883896
7574,5611,10983,33426,5111,2136541,2201450
8814,5463,624986,42982,6240,696414,1387566
5296,4241,-43599,71611,3574,1693070,1736564
5759,5148,32387,44944,6112,725533,821958
9499,6667,-194625,79351,4223,637825,545700
8536,5482,228156,38963,5814,2431569,2720872
6462,4982,-85949,38500,4722,1697587,1669045
7352,5203,31019,42315,6389,633347,727755
9703,6722,-210715,35648,4444,1888558,1736397
7796,5500,-177303,41092,6352,729448,615478
9629,6796,-110891,36963,4722,1789844,1739712
8240,5333,-108126,33111,4203,654087,599181
8314,5259,101674,43148,6111,693748,860939
5907,4685,-194394,38185,5204,614447,476793
7166,5056,-122038,48889,4296,1997786,1943285
4741,4203,-46403,69037,4352,1708930,1747471
8925,5389,52491,43148,4407,1672907,1789656
5221,4389,-191633,51334,4814,660482,536422
20314,4500,-184146,34259,4222,643217,525145
8500,5370,-86679,43037,5926,581972,560552
8055,5297,35529,40167,5703,1724590,1822212
9074,5685,261793,38093,4611,1935545,2257228
7037,4592,-171848,36056,4777,1938319,1821452
8055,5574,-116195,85222,3592,1693445,1682286
8499,5593,-24209,45981,5945,1680606,1724749
8518,5574,120574,82407,3777,1875952,2099191
9241,6037,-188476,31463,4611,1884780,1749657
9944,6925,-140341,37241,4481,1732832,1653434
8796,6148,-29392,27981,4833,1706475,1727231
9352,5944,39242,75111,3481,1755155,1891378
8888,6334,-196993,33259,4500,1887371,1745934
5962,4889,-177839,36666,4371,692188,568885
5278,4296,-52224,43167,6055,1716973,1725749
6444,5111,42873,41667,6000,627752,732236
5333,4519,-188695,39945,6018,2071443,1940637
5166,4852,-192153,35667,5296,660742,522256
8870,5648,-88129,42074,6315,1749637,1726805
9666,5704,22949,114537,3815,1540781,1700360
7259,5203,94140,34555,4815,713059,861346
8722,5462,-189668,40925,4982,2241101,2113913
9425,5908,-150831,46074,5778,684586,603496
10518,5685,397635,41444,6500,2082924,2546762
7925,5352,57179,34851,4611,638799,750847
9537,6556,-168371,32833,4592,1839250,1727138
8166,5426,-177106,47518,4722,1767004,1658175
5110,4815,-81620,92925,3611,1639371,1666786
4425,4500,-1227,41315,5926,1723883,1781026
4592,4389,294703,41963,6019,2264022,2617818
8407,5278,-178975,39611,6426,1964575,1847989
8704,5574,-94563,53722,3611,1719997,1699638
8777,5556,-34947,102407,3204,1588308,1676620
8184,5389,62965,39685,5630,706863,831550
6037,4851,-173714,43352,6519,1972110,1861915
5703,4574,-139802,79741,3796,1888087,1844211
9796,6463,-63575,71611,6167,1642194,1675453
5814,4908,665205,43889,5962,1988094,2716743
7907,4944,-200527,37297,4870,1957683,1814767
9332,6556,-183911,40722,3500,1726957,1605805
5647,4574,-87443,54334,4129,674328,658200
7999,5222,22321,36407,5130,1679724,1759452
8258,5093,-198821,33148,4426,722299,576774
6240,4426,-193594,48759,4593,2157508,2030729
4869,4556,-117237,36240,4963,1743209,1679249
8111,5278,-33066,46000,5389,1717759,1751601
10055,5148,78198,76814,4833,612854,790736
8722,5426,-168944,68666,4259,1749213,1669972
8647,5556,-152087,46926,4444,1793559,1709545
5666,4463,-34657,32445,4833,1733165,1748341
5722,4148,65496,46408,6185,1731067,1861434
6204,5000,-197794,41277,5834,1911654,1774620
8500,5370,-176678,76482,3611,683434,602867
9407,6241,-51081,93222,3740,1695997,1759693
7759,5555,8498,45482,6129,1734732,1811008
5963,4592,84689,33092,4759,672770,808477
8315,5388,-170101,61703,5944,672784,586756
9407,5593,-124690,111463,4111,562816,571256
7666,5037,-18203,45722,5518,1741268,1789378
6925,4648,360634,41740,5834,1672613,2094876
7851,5555,-195174,41630,6815,1759905,1628990
6907,4778,-131651,43648,6093,729554,661533
5240,4389,1192442,36833,5203,747010,1993173
8648,5481,23303,60574,5926,1797630,1904044
10000,6833,-42377,40111,5556,1882810,1905433
6148,5093,345756,38426,5667,1928674,2332079
9259,6315,-71144,87018,4056,1652208,1689787
8685,5555,-6046,32000,4555,697172,743922
9204,5518,83903,43037,4907,1783345,1931933
9333,6537,-173425,33204,4555,822013,704866
5259,4426,-113586,47351,5759,584084,535312
8388,5259,88992,64333,4241,657892,832124
9481,6556,-194465,37333,4889,650684,516886
5221,4260,-194034,33481,4334,740437,596515
6907,4537,-146769,54555,6315,712766,642311
9444,6555,-66116,36925,4667,1707922,1701823
5129,4370,50573,70444,3815,710089,846680
8258,5556,-29422,34278,4630,2274796,2300152
8370,5407,-180823,39796,5056,695060,574959
5351,4852,102977,65889,4370,1885270,2071099
7315,5018,-1740,54908,3666,1717285,1788749
9851,6037,-215937,43740,5759,1770262,1622212
9277,6371,-199951,61963,4259,653392,537627
6388,4537,-116890,41463,3796,1759436,1700842
9740,6222,-12293,32611,4444,613383,656126
7333,5167,60193,57110,3871,601692,737922
6333,4667,-159320,42130,6351,672539,574775
5241,4574,-128167,43741,5833,1677416,1611028
8999,5593,-65569,39759,6148,644288,641274
4500,4444,42473,67388,5982,1713091,1840637
7147,5130,-27707,39870,6037,2150898,2184190
8537,5759,-145331,38648,5852,1752321,1668342
5018,4537,-34604,45666,5204,1646632,1674675
9629,6037,5715,39778,5444,1811607,1880433
5907,4592,-203242,37241,4648,1884750,1735897
7555,5426,-193125,32389,4500,729103,589386
9518,6037,-121065,42388,6426,1825537,1771452
6740,4926,-203412,38833,5926,1853365,1708860
8703,6130,51074,42333,4796,1782711,1897766
9351,6371,-138865,33204,4555,2117705,2035191
9629,5815,-132378,92111,3944,611023,592700
8629,5389,-60911,44037,5945,1742566,1748267
7852,5314,34724,74148,3500,668198,796125
8221,5556,-191492,59166,5889,690822,580663
10074,6592,-137987,56963,5778,711335,655607
6704,4889,-86057,36241,4963,1714824,1685231
9111,6111,5115,45222,5741,613529,686811
9185,5907,84175,72111,3704,1593259,1770341
5944,4518,-193059,41315,5037,698556,565070
9407,5814,-122462,68815,4204,1751526,1719841
5777,5093,-10235,41074,4703,1649022,1698193
4278,4648,330472,63315,3944,646466,1055864
8833,5204,-163261,35092,5037,629110,522775
8018,5259,-125830,32666,4852,674105,601348
9536,6259,-62899,37000,4833,1730667,1727397
7907,5204,24031,40722,4019,1779365,1864341
9778,6685,-190408,47482,5889,1904989,1787101
5703,4463,-181069,41500,5055,693233,571607
9351,5945,-88287,45482,5648,1786702,1767360
8166,5333,-5911,105425,3797,1680790,1799619
8907,5425,-32054,41907,5574,2068450,2100913
4870,4778,-156919,39851,6019,622935,524386
9740,6481,-119007,47037,3519,1719830,1670064
8278,5333,-36706,82111,3259,1705029,1769712
9814,6741,54539,34908,4870,708215,821198
9092,6092,-197194,47703,5389,1754797,1628601
7925,5463,-148005,53722,3556,2167270,2093543
8944,5963,-55759,65481,6222,593775,626645
10147,6019,333207,98240,3667,1644336,2098228
7018,4593,-72379,32222,4981,1769665,1748915
4703,4371,-169207,46963,4722,694259,588237
10296,6815,-93832,98574,3370,1704877,1732471
8685,5315,-10105,41778,5833,2022908,2076433
5518,4481,451103,39814,5074,1990217,2498948
8166,5389,-196038,40482,4389,2076711,1941415
8777,5833,-65255,42999,6612,1739449,1741063
4888,4852,-9380,43573,5389,637025,688422
8777,5889,91569,40685,5907,1722958,1877859
5111,4241,-174110,63629,4185,1728768,1634287
4629,4482,-153254,43852,6092,717862,625718
6166,4445,-65582,42499,6037,604820,601015
4129,4518,414477,99462,4093,576925,1106178
9389,5703,-11201,40407,5944,2352466,2405134
9462,6093,-169048,48667,4000,1774260,1675416
6148,4611,-86747,29278,4722,1689311,1650009
7796,5204,-650,47593,5778,1983415,2051562
5462,4611,84708,50536,4519,1797837,1950988
11352,6648,-192194,39814,4593,1943739,1816619
8407,5259,-127300,44389,5351,686427,625052
9703,6537,350758,44741,6537,1746895,2167764
8667,5407,67598,93981,3667,1640447,1822045
9407,6685,-196470,52500,4500,1857164,1736508
8981,6407,-158095,44389,6074,1670919,1581157
7444,5111,-64738,40815,5778,1736839,1733768
9425,5981,454025,39129,6055,2020776,2537670
8333,5611,-37617,40241,5814,1677570,1701916
8221,5019,-173537,47962,4797,1786583,1681138
9481,6370,-97514,50093,5481,1677505,1654231
5073,4871,5972,42259,6463,1632610,1699452
8333,5315,-229077,33778,4388,657631,483109
9592,6463,-196702,40148,3870,2020191,1885711
5593,4814,-116660,43389,5018,1741818,1686731
4833,4759,-31970,36296,4537,655189,676163
4574,4407,85979,37518,4037,1768825,1907748
9721,6815,-163793,36723,5018,1889264,1786396
4444,4814,342081,44222,6056,1868387,2272171
8889,5703,-14505,89648,3648,516224,612312
9222,5259,38592,73778,3481,1731823,1865100
8556,5648,281651,34908,4814,1799521,2137580
7962,5426,-185860,36056,4018,725283,594904
9611,5852,-78207,43259,4500,2265564,2252820
8907,5185,-195442,79352,3574,2800297,2704688
5277,4482,84358,46722,4667,2063110,2210950
8259,5926,-200062,41963,6574,1938458,1803674
5518,4518,-114298,40482,5703,2382136,2326338
8648,5444,239280,40500,6259,704233,1006865
10092,6778,1062245,32981,4741,1949237,3069223
6500,5204,-200004,34277,4593,766741,619960
6722,4778,-155629,89648,4166,1688546,1640528
7666,5222,-158068,34852,4481,3227680,3124926
6129,4611,752711,43722,5260,2359048,3173852
7851,5315,-23484,44370,5408,673220,715366
4721,4704,49409,39852,4315,2047541,2152690
5167,4833,108025,39740,6037,2288813,2455004
8407,5778,144937,40741,5889,2220752,2429263
4907,5019,54165,46166,5889,2449116,2567355
4796,4481,671,39629,6259,716289,774144
9684,5778,138767,42408,5037,756301,960457
4907,4426,-120264,42278,5463,1973882,1912729
8889,5574,-40814,54777,3704,1989673,2024525
5703,4908,-201031,34130,4611,1927261,1779026
5203,4481,-147433,46630,6222,707115,624644
7203,5019,-69466,40185,4593,1899436,1889026
8185,5222,61484,41740,6519,641530,766866
9889,6852,-128233,33018,4111,2137129,2064747
8722,5777,-190931,39389,3018,1841477,1709953
8981,5611,-102260,35481,5204,1957767,1913118
8611,5907,6078,32797,4907,1758115,1819063
5074,4277,665822,42777,6222,1704554,2431134
9592,6278,-199300,42704,4278,1757308,1622879
7759,4629,-129572,36851,4000,672162,598626
9370,6000,730299,65037,4426,1800537,2617966
7999,5185,66178,60259,3463,1807644,1952784
9518,6703,-180316,41389,5796,631221,516941
9110,6482,-156330,43777,5889,687308,598903
7759,5130,742579,41518,5796,1648944,2454393
5222,4333,58698,67259,3778,1747476,1889507
8555,5593,-192981,47426,6407,1942100,1819471
5222,4889,-164384,61130,3518,658862,572015
9351,6648,-96693,47777,4796,1648629,1623027
7204,4944,22959,33537,4500,654333,729866
8426,5870,469184,41889,5648,1848283,2381375
9852,6666,-171770,43777,6130,623601,520664
6703,4833,-96728,38851,5778,567245,529534
7351,4982,-37891,50352,5000,1694806,1726953
9018,6129,52355,38537,5852,709066,822976
9370,5741,-199232,54019,5963,714691,593182
4851,4518,-123208,39056,5370,1927383,1860674
9314,6093,-27482,43704,6055,1725379,1765582
7981,5482,50801,49315,6240,2015520,2137821
8203,5204,-65471,36870,5167,1687369,1680120
5037,5129,-184521,49815,6000,712629,596719
9037,5407,-105498,45593,5963,1813950,1776786
9444,5796,443301,41981,5963,2024462,2533021
8314,5686,891397,39425,5945,635723,1589139
7944,5389,-189242,78759,3982,664756,573959
5147,4445,153392,35481,4370,2082188,2287597
8111,5611,-5084,61778,3407,1698907,1775286
7981,5130,56495,38129,5093,1793734,1909322
6833,4574,-197091,40870,4760,2000617,1863212
8037,5555,-146679,74537,3667,1721706,1670324
8592,5463,-6748,46962,6241,695171,758070
10147,6630,401088,36500,4852,1698936,2161005
8203,5204,-43164,41518,5000,2158763,2178339
6777,4482,-180788,39277,4704,1755019,1631824
7666,5389,-101617,76111,3611,1678052,1671971
5278,4555,9462,35444,4611,589424,651459
8333,5463,33578,33074,4426,653399,741144
6092,4296,-159638,28333,4334,1924405,1809786
8036,5574,-115837,83537,3444,1649532,1636916
5925,4500,-37795,46000,4815,599625,626441
5444,4815,50968,36741,5296,1746669,1852637
8888,5685,-181025,34074,4500,641356,515830
6444,4703,-158168,69203,3148,1746178,1674230
8944,5537,-61201,95037,3315,1626450,1680138
8851,5686,34081,73944,3519,606099,734181
9333,6148,-160468,31722,4056,688409,581978
9222,6296,-193333,35315,5000,694052,559015
9870,6537,-78977,43056,6333,1729170,1718582
8759,5722,9676,45907,3760,1710943,1787619
6981,4907,-206336,40981,4926,622408,476719
8592,5426,-177535,41370,5815,1758952,1646231
8684,5278,-135048,30148,4777,1768484,1684749
8258,5834,218010,44593,5963,1763236,2047969
9148,5778,46923,37611,4760,1754917,1861730
7111,4926,-200570,61518,3834,1959652,1839175
8110,5222,-161620,46629,5333,1946259,1852563
5074,4278,-30061,42778,6389,1725939,1757064
9111,5556,14981,55944,3500,1688268,1779768
9018,6111,-197254,44722,5408,678750,549330
8407,5611,-192564,81908,3611,2397457,2307190
7573,5315,-102170,84759,3315,1659216,1660767
8611,5500,-12832,51241,5037,1808802,1868748
6814,5074,-227307,35630,4981,2049981,1877822
8519,5314,525880,35759,4741,1896902,2479578
23832,4593,-143667,80240,3593,1685584,1656619
5629,4426,-39848,36185,3666,627363,639866
9648,6000,62582,42055,6223,1739869,1868915
7759,4889,-199560,62963,3778,1935493,1817896
6074,4482,-151962,41277,6000,616663,525127
8240,5278,171986,42629,5759,1978242,2214431
9018,5796,55585,38259,5926,651022,767958
9055,6185,-202224,38962,5074,2034658,1893803
5851,4111,-164108,71815,3814,1972931,1896544
7426,5111,-96011,84351,3185,589286,596330
4852,4555,521492,47111,5500,603501,1189049
9111,5722,87591,57500,3537,1742231,1907804
6055,4518,-173865,43685,4926,617955,505478
6222,4945,-112287,46592,5797,1680388,1633694
5815,4518,-19263,66388,3500,1706735,1769860
6092,4537,60130,49556,5759,1685915,1814748
4833,4370,-192548,42055,6407,746416,614311
4444,4463,-134507,43167,5870,2016440,1942007
9444,6741,-76113,141277,4037,1616104,1704323
9110,5611,28948,46370,3648,1746783,1842896
5129,4407,-170121,59815,4166,661544,567385
9666,6315,326308,42389,6463,739167,1132845
8037,5148,-104259,37351,3574,1689713,1642212
6574,4648,67708,40056,4500,704324,830662
9314,6093,187935,39759,5037,658578,909254
5981,4463,-199540,60111,3389,1937770,1814507
7722,5204,-133998,73444,5019,1715969,1675676
9425,5963,-44178,80648,3685,628934,686570
7518,5351,47401,47963,5130,639446,755236
8055,5574,-145463,34759,4666,2387803,2298098
7888,5723,-160329,67333,3518,594641,521256
8370,5203,-74583,55852,6277,1727500,1731304
4888,4500,33866,42592,4945,2028122,2121154
9685,6037,-196072,40722,4777,1800489,1667898
8389,5592,-192697,50593,4926,750267,629052
9833,6815,293936,76147,4186,1771829,2165191
5037,4667,-3744,86741,3852,1654974,1754212
8147,4945,82909,41574,5815,657604,803384
9537,6482,-183510,34388,5223,2068665,1943600
4666,4686,-128543,42556,5222,611947,542867
8555,5445,-3464,38519,5555,1731453,1788101
4870,4278,48338,43370,4667,1784632,1892248
9222,6259,-171767,41333,4982,623912,516590
8870,6352,-165355,55407,3500,1769771,1681323
5166,4260,-56887,48796,6277,667754,677829
8981,5648,51599,41722,6148,1808464,1924636
9259,6592,-198246,45611,6314,649466,521367
9167,5777,-195278,38426,4796,1751751,1617306
8925,5463,-106181,70815,3889,1704653,1690916
6037,4741,-12140,34130,5000,709116,749848
8295,5556,467030,55130,5574,695277,1239566
6685,4481,-203591,47296,5204,1926229,1788897
9333,5704,-137587,43926,4481,672158,600719
9296,5926,-49600,40240,3408,1783330,1795138
9796,6093,44645,48352,5463,1782806,1899582
8184,5334,-162627,41185,6297,627679,528126
62628,4537,-179584,41167,5963,707451,644273
9148,6518,-79801,33666,4815,1664218,1640583
8832,5574,15407,47982,5351,594590,679847
7407,5351,-181068,37814,4982,681565,558848
4722,4370,-142434,63778,3518,1755591,1692175
4796,4351,-80318,46370,3315,1786234,1767063
9481,5908,411740,32519,4240,657809,1123475
9073,6445,27210,42092,5204,732896,825476
7703,5111,-209395,32741,4741,1817496,1661082
7981,5018,-131927,72907,3574,719072,678644
5388,4889,-43904,34037,4556,1809523,1817100
8370,5482,-172917,39018,4760,678561,565978
9463,6278,-199041,43277,6445,700445,569682
53555,4278,-184943,37944,4926,1783359,1702712
9111,5426,326134,61037,3425,1748854,2156284
9184,6519,17566,34648,4259,1977330,2052173
5296,4592,-162168,31925,4500,642481,529219
6018,4481,-182997,40611,5167,705290,581033
9832,6130,-109270,77944,3593,1780167,1770952
6851,4704,753,44648,5037,1719348,1783471
7592,5074,57147,45759,5167,2249284,2372764
5277,4537,-182513,45685,5667,664140,545663
8018,5204,-128360,43185,5907,1742499,1678879
10203,6667,-13763,35740,5019,1733863,1781211
8889,5759,42371,35000,3778,693105,791625
6240,5148,-182697,39982,4852,723434,599866
10037,6314,-167543,42259,4704,1745515,1643935
8481,5463,-61742,70166,3759,1656807,1685305
8314,5666,438243,52666,3870,1929059,2440152
9573,6556,-203695,43148,6334,1940369,1804878
5814,4518,-174300,58370,3630,694908,595533
8963,5426,-101277,40666,4833,641311,602867
9592,6815,-21088,72389,3222,1779281,1852600
8296,5500,72269,49222,5111,662597,806347
9240,6167,-197873,46148,5963,647277,519515
8666,5500,-119423,101074,3704,622901,624811
9036,6519,-42808,39759,4112,640859,660273
9240,6611,310400,36611,4444,2263770,2633410
5148,4944,-201426,39167,4277,1773232,1627638
7537,5055,-162810,52074,3871,698343,606219
8944,5592,-61342,45555,6112,1722091,1729212
5481,4834,75273,45185,5704,1781048,1919841
7111,4537,-12370,43704,5648,2177949,2229153
4944,4537,273468,37851,4852,1944074,2271856
9481,5926,-109229,44833,5278,636652,596423
9259,6148,-19372,33907,4518,673647,710681
5573,4630,147873,42870,6352,647381,857346
4666,4352,-191065,77981,3463,664710,566626
9351,5889,-128041,77592,3370,1665866,1636675
7926,4944,-40685,94129,3185,1725342,1797193
8777,5278,47764,44796,5463,1628856,1742934
5981,4463,-186563,34926,4407,1783720,1649694
4241,4185,-145003,40833,5389,660888,572775
9388,6407,-81053,33370,4834,1733154,1708563
4888,4870,522228,38407,5555,1740574,2318949
8740,6000,-205431,34889,4759,1973421,1824545
9684,6519,589033,103111,3741,1673805,2388486
7370,5222,-107181,41555,5612,1747263,1702026
8648,5667,11972,38222,4778,1767758,1839619
9962,6759,-224540,42815,6315,727833,571237
5073,4778,-172887,40630,5944,1911710,1797748
9111,6648,-115938,82074,3722,1617466,1605546
8018,5167,730916,97981,3333,1694607,2543781
5110,4797,51738,45093,4574,686349,799810
9925,6834,-195737,34370,4870,745901,609107
5111,4389,-140251,47352,3611,1750204,1674009
5037,4555,-74708,40833,4852,1757402,1740156
8574,5370,26555,46852,3204,736125,828902
9203,5408,-199328,38704,5444,1905002,1767045
5426,4778,-193619,36537,3592,691968,551034
9815,6129,-110206,44833,4889,1693771,1651435
9111,5833,-4942,40926,4889,1656932,1714768
5222,4722,113062,38796,6000,1666520,1836878
4870,4593,-181728,40889,5963,658002,534479
9536,5833,-116648,86221,3797,1657121,1648082
5592,4482,731500,35426,4704,1963038,2746854
19685,4574,51638,53796,3426,1747943,1883081
9425,5407,-190485,31185,4111,654446,516089
5759,4556,-162869,46870,4926,1776248,1677490
9333,6240,-67808,73277,3445,1723835,1750600
4851,4907,17882,72314,3223,1685867,1791415
5647,4426,-197260,35203,5019,1925509,1780637
9685,5574,-195756,52518,6371,1731931,1612824
7555,5000,-90233,73315,5759,633414,637477
4462,4241,-14190,37407,4741,821704,860180
6925,4870,77018,76241,3703,570349,742569
9795,6149,-185495,48630,5055,606751,493349
9259,5648,-136730,42185,3815,663393,589589
7722,5204,-48689,41056,3722,551574,563534
6574,5315,65205,44018,6148,1846469,1975600
5647,4519,-138530,31019,4740,581046,491386
9999,6408,-170988,54759,3278,1779552,1685490
5870,4537,-76390,44666,5574,545017,531997
5259,4592,15208,34852,4537,1832948,1899822
8963,5815,-199639,44333,5000,1777759,1644342
54425,4722,-200114,62036,4611,1928105,1856063
8889,5518,-109406,43000,5518,1736675,1693212
6036,4611,-19401,33296,4741,1767724,1799693
6611,4389,-207488,42611,6203,1757812,1612954
6870,4592,-144816,40352,6037,1803288,1718619
9815,6129,-100460,40148,5797,1727561,1691472
8703,5555,-34992,93778,3907,572118,652014
9574,6555,39106,61536,3241,1911698,2034525
5815,4796,-210537,44297,5333,682737,535127
9573,7093,-128995,39315,6222,1722874,1658879
7240,4852,-41527,68555,3815,1655350,1700675
4944,4519,14441,41462,5593,1765974,1840323
4204,4814,-169775,34796,4945,1848876,1729935
8500,5648,-199419,62241,3555,704304,586885
5092,4630,-105044,43370,5556,1780033,1735656
5036,4574,43758,35167,4888,687275,783236
7648,5203,-203810,32630,4481,1809227,1657953
9018,6111,-198823,37203,4722,2199368,2060321
5148,4833,-133948,44166,5648,625964,554404
9537,5870,-17295,40055,6241,1699304,1746360
5870,4240,428245,41092,5630,1713317,2202079
8740,5722,-203377,46796,5297,1940385,1806267
5278,4259,5960,43704,5981,1998306,2065932
5055,4426,323594,69426,3815,642307,1050772
9944,6611,-4677,54074,3574,1886592,1958767
8426,5259,-206912,29685,5092,701058,545386
20851,4871,575293,49148,3648,1982932,2639040
8500,6185,-108569,47981,6037,1793226,1755675
8425,5259,378749,40611,5630,1755553,2196375
8888,5778,150440,52870,5797,1958584,2185135
8741,5426,650887,70796,5685,570494,1314400
5592,4630,651503,90704,3703,1630575,2389671
8889,6314,341492,55852,3259,1778384,2196802
8092,5407,816069,45370,5667,648996,1532565
9314,6352,528927,37630,5370,696084,1286363
8426,5759,602877,44777,3741,2054478,2722095
8907,5389,186883,37889,4722,1797901,2044525
6703,4796,501091,40240,4778,681884,1241955
9222,6611,1680999,36240,4593,1960739,3700534
22851,4926,633620,32556,4296,1721069,2421670
8777,5222,-224205,37778,4518,1988658,1822822
8222,5259,-8016,84203,3722,540457,636348
9222,5944,-239140,53759,3834,2005666,1841933
8611,5740,154586,37426,4556,1618218,1831507
9592,6445,-107575,38870,5519,742681,697292
7592,5222,-53402,31851,4500,1727300,1725323
5259,4296,61009,67926,5500,1794183,1940711
9037,6055,-139095,41703,6500,1722272,1649102
5796,4778,-149998,42889,5796,667773,579312
8018,5315,691651,55945,5814,1757279,2526818
4703,5167,310343,46704,4833,1696478,2070339
8518,5370,-187908,37685,5074,1915805,1786841
9777,6889,-197625,80037,3574,666567,571756
5204,4685,-99528,45166,4704,1701074,1664157
4462,4500,-2283,44093,6166,1773347,1832378
9129,5537,-208702,33055,4500,1974266,1820526
6333,4370,-163716,40852,6148,2027409,1923822
8666,5926,-119285,45130,3870,2043996,1990896
6296,4648,-49280,50500,4296,1719085,1737916
5907,4315,-180071,38759,5204,1878820,1755656
4907,4093,-165955,35278,4685,686340,571349
7870,5241,616991,48703,3500,704223,1390473
9703,6426,-85482,40259,5130,1695065,1673101
8073,5259,21394,71055,3092,640548,751403
8777,5759,-202545,40000,4944,1971905,1831415
5481,4278,-155337,41889,6241,1790864,1696101
7222,4852,-114110,30333,4704,1971709,1907063
9629,6129,-24327,47574,5723,1794649,1841711
8444,5944,66123,41648,4944,1847292,1976673
9426,5759,-201297,43703,5611,2033694,1899045
9481,6352,-127181,92777,3834,1663375,1650657
10037,5703,-50750,45073,6056,1695815,1714416
9055,5574,48661,65000,3574,1710717,1844619
6370,4630,-12833,43907,5593,2166079,2216469
8778,5722,-156680,67222,3408,1739169,1670898
5500,4389,-77193,35166,5204,1799720,1775249
9462,6167,5515,93981,3482,613740,734329
4611,4093,-190220,35370,4612,1876746,1737897
8592,5371,-203807,34648,4556,2005073,1856989
5018,4278,307548,40018,5297,1930772,2295061
8536,5463,-10334,54388,3778,1917804,1982265
8407,5759,68948,52463,3259,1749393,1890951
9426,5611,-188916,28204,4148,684820,545682
9333,6296,154051,32333,4444,1936308,2144802
9184,6149,-54573,87685,3555,1630582,1685545
5611,5315,38691,48907,6537,1794576,1901767
9648,6111,-205173,53981,3945,1879496,1751193
9222,5814,-171445,39648,4703,1694567,1585102
7962,5297,-81775,46611,4408,686289,670959
7962,5112,9063,48593,5037,720487,798736
9036,6037,-206171,36926,5000,1933309,1786415
6778,4852,-198814,33573,4537,1794953,1647861
9037,5722,-113087,73111,3685,1944484,1924989
8722,6370,19362,48648,4407,635264,725570
9111,5722,65719,57814,3389,1805178,1948989
8944,5611,-202682,35555,4963,2160226,2015136
8407,5518,-99992,40574,5740,667026,629459
6666,5500,-28858,42222,4352,615428,647996
4796,4259,46461,36926,3815,653293,751606
7629,5463,-208644,40889,4630,706695,559515
8203,5407,-171564,36167,4870,1805647,1691064
8888,5723,-84430,41203,4778,1814531,1793211
6778,4833,40223,37592,4630,1685600,1781842
8796,5796,-202086,43074,6037,1896465,1760638
9388,5926,-173377,42352,5777,1728683,1620823
9296,6315,-114002,45426,4592,682943,638015
5592,4482,-19182,49462,6037,1785376,1833860
9203,5982,-228621,41444,5982,1861314,1698157
5222,4518,-186226,42629,6278,1725180,1599639
9314,5871,-144130,43778,5630,1744564,1667509
6666,5389,-52551,63685,4426,1843244,1872952
5129,4963,41269,66111,3871,669189,792995
9555,6555,-199928,33907,4593,1773974,1631323
8074,5352,1024016,42870,6444,1770097,2860242
5407,4537,-57956,40296,6037,657785,658477
8499,5334,18604,84241,3814,1720145,1843841
9518,6204,-205482,30815,4740,1844380,1692860
5203,4722,-175903,30704,4685,2148558,2020673
5259,4815,-145139,28222,4445,1848165,1747841
9111,5852,-12301,47130,5018,1934382,1991359
5204,4685,76278,96481,3648,1561749,1750916
5111,4852,-189901,28815,4870,1943501,1799749
9499,6389,-123766,54222,3537,1753701,1706064
8241,5407,-42373,45833,3556,1755047,1778193
8259,5666,35392,48129,4945,725455,830476
5648,5148,-195584,78555,3778,2031536,1931562
5351,4574,-170264,33296,5371,1729514,1611250
8796,5556,-82056,76148,3722,1700879,1715157
7537,5167,3226,43426,4593,1751429,1817378
4573,4519,-183434,45370,4722,1925979,1804452
6851,4574,-181151,57741,3815,1747771,1641620
7888,5204,-106294,38648,3981,1761914,1713323
9740,6148,-28456,31630,4740,2002519,2028525
5315,4259,43808,43370,5759,701780,807070
9092,5389,-187909,43574,6352,631313,509922
6240,4815,-100237,63777,3889,1699987,1680452
8611,5462,126861,42518,5518,635673,826976
6055,4630,44143,49963,3667,1782956,1894452
4555,4611,-206240,62315,3907,1910155,1782933
9610,6408,-172031,48852,5500,628565,552034
8277,5407,-71155,52815,3685,1718460,1720397
7481,5241,5794,42926,4055,1725066,1793305
5666,4815,-195145,39945,4611,1781172,1643601
19740,4574,-192288,60981,3500,684933,583478
8870,5241,-91876,65130,3259,1628737,1622139
8204,5259,13925,61481,3241,1698564,1792916
9648,5907,83819,38333,3167,1698003,1841248
8370,6185,-43064,28111,4611,1801480,1809397
9759,6018,-138392,40574,5185,1731105,1656990
7629,5185,-55480,45593,6388,1720063,1731545
7851,5130,64839,47148,5945,745192,878198
8407,5444,-186487,55555,5685,672133,563348
5518,4463,-156815,73351,3945,705016,637885
8870,5352,-84071,53519,5907,1751338,1742952
8055,5018,7083,44129,5037,1767092,1838730
5888,5130,-183449,39611,5834,721223,596293
9018,5463,-189628,39740,5648,1786508,1659360
4925,4259,-29587,41945,5685,1938390,1968062
7592,5315,7270,40667,6333,1705072,1774342
9777,6537,-206280,36408,5185,710147,564367
7092,4741,-162719,28999,4426,687216,572478
8074,5370,-136640,84611,3629,652915,620330
4963,4074,-47265,42704,5481,1929939,1942230
9147,5297,32851,43111,4907,1647917,1746212
10389,5796,-196532,45574,5296,658474,531849
5204,4314,-153100,46685,6055,1785665,1697546
10074,6037,-90411,44296,5833,1699253,1677712
8610,5630,687,44814,5482,724161,792717
8203,5463,-209326,37407,5019,1883519,1732341
5407,4759,-159414,39389,5926,1736700,1635490
4722,4630,-70465,64241,3666,1669696,1679286
8000,4981,-12608,70833,3278,1636320,1713453
9092,5722,833913,69055,4167,1598943,2523485
4777,4963,-197875,32593,4018,728020,579292
9426,6629,-149628,45462,3963,1821582,1739619
8666,5407,-14494,42703,6371,584954,636459
9037,6537,27899,42630,4574,676522,769774
8537,5296,-197483,57036,5760,701813,583312
5333,4518,-134812,63481,3741,786456,731440
8647,5500,-78844,36796,4019,1705482,1683638
5204,4889,6790,97036,3426,1636441,1755805
8722,5963,-206445,35463,4185,1857749,1708379
9610,6056,-187106,57055,3111,660548,551719
5963,4592,-107175,51167,6166,1751462,1714286
9092,5407,-26911,96240,3389,578926,668181
9148,6055,62038,47148,5056,1761210,1893211
9481,6333,-192900,43777,4000,722249,594940
6074,4722,-137377,33666,4686,618874,532960
4647,4426,-53094,47000,4518,1982750,1992358
6981,4667,35040,34741,4777,582679,671459
8740,5685,-204324,43945,5574,1930536,1792693
6555,4629,-153911,47018,5889,1772939,1686193
9074,5111,-71741,85463,3667,1623934,1657787
8518,5482,23560,37056,4963,713231,795162
8147,5204,-198915,38815,4389,1924441,1784211
9481,6426,-193243,66833,3000,1755882,1651101
8185,5148,-100183,57074,3259,1714136,1690101
8536,5537,-5900,32556,4222,1686149,1733138
6777,4963,-201339,34759,3982,1822329,1673656
9351,5908,-181056,43185,6389,2121563,2008488
5499,4260,-125403,49407,3445,1687874,1627620
7815,5278,63953,33481,4186,2111737,2228783
5314,4704,51996,45611,2963,662222,774921
9166,6092,-210035,57371,6111,1958654,1829285
9148,5333,-135938,38963,5722,2031371,1956655
8907,5463,534546,48296,5463,1898680,2503670
19185,4852,-1854,48037,5907,1728529,1806915
8888,5500,-186514,40685,6019,1741375,1617879
53684,4815,-212343,57556,5537,1951572,1862859
7888,5555,-96874,41759,5037,1936326,1901747
9315,6018,-28592,42852,4426,1810211,1846119
5351,4222,707077,40685,3704,1726390,2490133
6685,5056,-207359,56629,4648,1934423,1802175
9204,5685,-148224,55555,4981,613037,542238
9870,6611,-58683,49593,4963,661901,676718
8333,5611,43563,41426,6055,1810167,1917173
8944,5537,-160783,30519,4444,619076,510071
5796,5333,-174944,46703,5408,686922,577978
9036,5741,-86347,79722,3389,1748837,1762915
6184,4778,2714,41111,5666,662134,724977
8481,5667,-208428,39685,5648,1946584,1800378
8611,5481,-161738,41611,6241,643605,546145
4963,4333,-73604,32556,6851,543175,520886
7444,5055,-27395,88463,3129,1670367,1749230
9425,6463,265554,42870,5648,1596750,1929303
5684,4537,-195532,61982,5444,2024114,1908785
7741,5426,-123731,69333,6074,1679129,1646231
7759,5314,-41244,76203,3704,1661679,1715360
10147,6741,183963,30500,4352,656161,894587
5629,4759,-204048,41407,5278,1883705,1739490
5073,3908,-165896,31334,4740,644633,526682
9314,5574,-47409,28481,4926,1682863,1686267
7759,5278,8521,38648,4537,654289,720885
8778,5629,-210361,41370,6389,1989277,1843119
9315,5907,-205596,42555,4778,1755754,1614694
8351,5982,-117796,44889,5574,1737471,1687268
6055,4870,121357,37963,4907,612732,790329
6389,5314,66751,37630,4796,1704424,1827989
5370,4222,-186724,82962,3574,1938325,1849803
9851,6667,-150460,50741,5074,664531,589256
8721,5482,1500075,43722,5778,1696628,3262943
5722,4574,-156431,34315,4630,636705,532015
8759,5666,-181444,36759,4167,2074062,1950081
9962,6463,-178624,37370,4982,644417,527163
5722,4685,326750,39388,3778,1889571,2272654
8055,5167,2552,54259,3481,1720753,1796415
8555,5815,-206072,47426,6315,1819247,1684120
5962,4315,-180418,67648,3500,698174,601904
4944,4204,-40155,38982,4796,1882162,1897655
5167,4851,-3964,39148,6241,1643158,1697212
8221,5315,-235773,41352,5611,1790282,1618509
9962,5778,-183212,39777,5575,727727,608552
9796,6648,-151522,70296,3778,2022603,1964266
5574,4370,-15869,84295,3537,537681,622255
5907,4407,45506,56204,3055,1795076,1912544
7999,5500,-207821,38074,5500,675892,527219
9166,5759,-165038,55537,6315,647517,561774
5611,4592,-64478,41315,5537,1738172,1733490
6425,4593,40471,42240,6389,1839129,1941655
9500,6444,-186189,41907,5852,711705,591886
6222,5000,-175592,34611,5334,1954173,1832212
4759,4277,1220389,29685,4667,643748,1909914
10370,5741,377009,46203,5556,681855,1129216
8851,5889,73645,66296,3852,1780455,1941840
7685,5148,-203349,46944,4704,1969931,1833470
9240,6018,-150177,45537,4500,1786908,1704860
5370,4500,-54691,47037,5815,679094,689662
4519,4888,33370,43444,4371,2024525,2117154
4574,4667,-194069,52444,3852,1989965,1863971
7815,5296,-179360,40315,3722,2027349,1907952
7759,5129,-83947,45222,4555,1765734,1747878
5593,4537,927,53000,5018,1748840,1821341
5907,4537,-200974,43760,5518,744008,604886
7870,5241,-208395,41241,6093,1951050,1805767
4666,4518,-115390,36186,5074,1740083,1677286
9703,5981,-33514,45518,5685,1948355,1984006
9241,5462,794950,40574,6204,1580925,2439856
4889,5000,-198448,40610,5834,2115307,1975822
4648,4944,-130517,72463,5685,1726359,1685972
9721,5963,-53308,82092,3944,611324,661755
6426,4926,31733,43778,5092,1788812,1884452
4536,4445,-203650,50000,3648,1813232,1674767
5592,4463,-175756,40759,4704,2119836,2001728
8796,5741,-73066,41241,5907,644673,635607
9981,6666,10403,43518,6444,601446,680922
6426,4574,-204518,41592,6000,1950193,1807397
8666,5333,-212549,39981,5074,2101409,1950340
9036,5722,-79378,28722,4778,1981589,1953081
5203,4185,349551,35204,5148,2013657,2415411
7795,5871,45261,40944,6074,658253,767051
9074,5648,-185399,38981,5667,1738908,1615250
9832,6519,-105320,39740,5945,1823550,1783378
7093,4666,-35260,42111,5926,1766713,1793638
4407,3833,516910,36740,5093,2040038,2609151
6314,5130,-208249,34833,4667,680449,525441
20999,4407,-188558,61407,3981,698760,603718
8981,6444,-86202,37833,4722,1788155,1762693
4833,4500,7211,54518,3722,1753835,1830823
8573,5593,-203284,41426,5519,2083105,1943229
5370,4759,-173797,38129,5593,1800991,1683545
6259,4667,-118681,98777,3759,580271,577367
4499,4056,-28788,39130,4741,1945350,1971099
9648,6630,96902,40333,5778,751630,913902
9000,6259,-211665,45074,5759,1895896,1753027
9629,5407,-134104,83759,3926,633638,604811
4703,4648,-59544,34926,5315,1748237,1741008
8333,6019,24664,40759,4648,666794,753607
9889,6407,-183959,59147,4037,633476,531052
9722,6333,-179695,59833,3722,1728871,1631324
6814,4981,-89968,36648,4871,1672421,1638360
9296,6129,6296,51315,5537,647941,728940
8499,6000,-187846,35148,4797,1783003,1651897
9036,5463,-196600,49037,3852,1819479,1693471
9352,5759,-115133,41889,5037,1752882,1701823
6685,4685,-18812,50166,3278,706512,754626
8037,5426,81618,39203,5056,1779611,1920915
8333,5703,-187264,28740,4445,1946606,1808637
4888,4741,-124260,79148,3556,1667324,1638101
9222,5666,-43865,92907,3259,551511,621422
6314,4611,62676,29667,4629,674246,784792
4740,4963,-205262,41240,4945,1986029,1838915
9352,6148,-184591,56611,5630,660773,556682
9166,6278,78303,36425,4852,1975556,2113025
9981,6074,-4599,40833,3815,746224,804403
9704,6629,-208797,46296,5945,2004249,1866656
6666,5037,-210847,44203,4963,726215,578867
8832,5352,-118935,41278,4833,1702370,1646305
5389,4629,-30597,30778,4593,1933474,1950322
9555,6204,85371,42147,5945,687847,839792
9222,6389,-208604,38462,5130,723046,576441
6629,4759,277362,41888,5574,668800,1007475
9500,6389,-44540,45241,6111,1763603,1789045
8277,5593,58317,38593,5722,1780523,1900137
9944,6186,-188714,61666,3945,1838352,1734009
10148,6370,-183801,38870,3778,2100790,1978933
8629,5371,-89908,90778,3685,615441,636478
9703,6074,19135,44388,4482,681176,767421
9111,6037,-211989,34574,4704,1996570,1841545
8500,5333,-209743,47463,3963,663833,521590
8796,5741,-83350,32315,4130,667735,637682
8148,5444,-33344,55703,6278,2135665,2180543
4777,4926,73771,55685,3871,1751088,1896841
8185,5555,-205519,45093,5648,729756,591144
10221,6834,-154959,36371,3759,1779096,1683934
5518,4852,-59027,102944,3759,614524,674830
9129,5963,38681,69130,3222,650444,779292
9351,6241,-208572,34370,4148,2092283,1939970
9852,6148,-172178,45685,5963,643286,541293
8130,5074,-92896,69426,4759,1727626,1724249
9555,6093,-4687,41537,3592,1769547,1828230
8573,5297,202113,39593,4796,660381,923124
9407,6148,-180565,40963,6370,1834462,1719101
7815,5259,-101041,56481,3722,635409,609775
8258,5611,-26814,48870,5648,1752008,1796100
8981,5704,54579,48833,4815,729212,854402
5703,4426,-209544,62185,3630,1927682,1796119
9148,5926,-152113,72203,3611,1963473,1904248
5796,5000,-24535,62815,3352,1710654,1765823
7814,6093,23582,67962,3482,1663667,1775064
9685,6130,-31746,48185,6407,1742791,1784008
5074,4888,49000,69037,3722,1951970,2085969
9221,6204,676872,39037,5111,1767058,2506040
19869,4130,380805,48092,6148,681189,1142289
7758,5112,-217244,35371,4833,1856918,1694712
8555,5648,-207738,41852,4944,749957,606200
6240,4574,-122381,47833,6444,1823871,1769082
5833,4519,-34155,44500,6037,621966,650756
10148,6407,222461,39222,5907,1822231,2108339
7703,5741,-203606,63463,5481,1986781,1868100
8073,5574,-154064,38352,4981,1765759,1671286
6574,4630,-59764,88796,3834,1729697,1776249
8888,5649,-27055,50185,3426,2008913,2052821
8741,5851,-213863,53889,6296,1774965,1637953
8092,5296,-163525,42371,5962,1769423,1669897
9407,6074,-88650,41482,4759,1738103,1714638
5814,4926,3707,41296,4815,1819726,1882859
4740,4148,-176917,35185,4963,599804,474719
9018,5889,-197948,34185,4703,635705,493664
8852,5574,-94759,31259,4445,1721971,1679453
6130,4814,-31402,94370,3593,553287,633200
9648,6685,51066,36815,5055,1743905,1855267
8648,6388,-210316,39444,4907,727906,579478
5944,5092,-149922,54666,3296,1705043,1626916
9258,6000,-64936,53907,6130,1705667,1718860
6463,4852,25679,36111,3778,655409,735015
8203,5445,-200148,40592,4796,1950416,1812137
6870,4574,-150032,42537,6111,713769,626237
8370,5481,-72656,41740,5815,1726258,1717768
8092,5481,-4689,40204,5852,1965973,2023321
8722,5796,-212812,40370,5574,1862265,1712749
7962,5389,-209196,45333,5482,2672348,2529633
7110,5278,-108154,86518,4241,637540,635366
8166,5019,-26798,52889,4722,1807250,1853748
8963,5407,74596,40019,6074,1755485,1893304
8722,5444,163508,32334,4944,1968497,2186302
8240,5445,-155097,89130,3592,619408,573441
10166,6704,-70499,41741,4611,1695730,1691546
5444,4759,44525,47833,5370,1947575,2058247
7444,4945,-189692,56500,6222,608597,496460
21481,4630,-159169,41445,5981,679258,595719
5518,4463,-52627,92815,3537,1580580,1636823
8629,5445,4341,70870,3260,1740277,1835267
8333,5889,383363,42574,21833,2123085,2587132
21000,4389,-225296,38982,5222,1849915,1696212
6315,4814,-122457,52833,3556,1652337,1599454
8999,6370,-35082,46371,4518,1737961,1772600
9259,6389,-220836,31648,4945,2210045,2044932
8296,5555,-195034,32870,4371,671734,529960
10166,6018,-157066,72315,4370,1758982,1696952
8221,5482,-65395,74815,3574,1705144,1733952
8703,5685,38073,49037,5074,706533,815569
9444,6463,-172421,32778,4703,649159,532812
5518,4963,-183490,39944,3963,745431,618811
8685,5426,-93688,80036,3667,725944,732848
8888,5833,35983,52889,5815,754012,865828
8092,5055,-213307,39907,5463,2012908,1860989
6536,4741,-211080,66204,3796,738354,610959
8129,5648,-127964,43278,5555,670757,608163
8407,5574,-22441,85241,3555,572845,655607
10259,6537,48138,31407,4241,670931,773810
5574,4426,-211541,48796,6167,1981419,1837526
4962,4796,-153906,38463,5296,714403,616700
10092,6352,-68124,47537,4444,1710503,1713249
8462,5074,46604,44888,6056,1799107,1912229
9500,6148,-56872,40110,5630,1789214,1796138
8463,5537,-145848,38259,5963,603178,517664
5741,4981,-51547,39907,5685,1642019,1650065
9352,5796,48605,35334,4926,1990215,2096821
8592,5574,-213628,39648,4833,694866,541904
5703,4537,-179679,40833,6223,1795114,1675231
8389,5296,-113730,73370,3815,1702498,1681768
9518,5926,-38707,42574,5982,1781381,1808767
9240,6352,51280,76777,3704,1707857,1857989
8129,5111,-198751,39389,5333,1844075,1705972
9369,6334,-123913,39926,6037,1711755,1651619
7944,5000,-64648,73740,5722,573072,603200
8703,6000,21152,46241,5463,1842429,1932396
4888,4667,-184712,43630,6296,701672,579163
9240,5871,-153170,40629,5963,689222,600515
8796,5703,-86627,59481,3833,1695211,1689212
8037,4981,-8197,34574,5018,2079796,2126524
9314,6667,-213358,42074,5463,659299,512145
5500,4444,562219,41870,5407,702163,1324030
9629,6555,-130236,45407,4592,1751431,1689378
8111,5167,-3195,42240,6445,609061,669830
9555,6445,-227078,41296,5908,753722,591849
6018,4463,-155554,29648,5389,1929766,1822211
8963,6426,-115975,39907,5778,1676947,1625213
8833,5944,-28063,91037,4000,504097,587922
4870,4629,-158742,50592,3667,757202,665070
5888,4685,114169,62352,3296,1996337,2188820
8925,5500,-11066,43389,6315,2280182,2335986
8907,5555,-100264,30482,4648,2112307,2064136
5741,4574,-5704,40666,4834,3032482,3085426
7499,5296,102135,38963,3814,2274407,2434559
22166,4352,372212,46074,5352,1602831,2054969
10389,6037,-77133,35852,5074,1903769,1886526
7648,5222,13242,45204,5370,2062208,2141413
5759,4685,-31437,40889,6018,1989018,2017285
8833,5593,-22673,34759,4870,680225,713626
7518,4963,-156223,55000,5389,2147044,2065988
4999,4593,193873,38667,5444,2817220,3066907
5740,4630,-234416,64611,3926,2369884,2216394
9499,5723,511049,42037,6352,2052713,2629743
21907,4519,-107980,40574,5889,1963894,1931211
7111,4907,-191937,38926,4759,2033926,1900470
6130,4629,-198784,34593,4500,719651,572812
8425,5444,88869,31592,4056,1981601,2122672
6814,4222,-201347,56944,3148,716641,588978
8352,5629,-128157,67222,3203,1753704,1712657
6426,4500,-23375,54055,3204,1735476,1782582
8555,5407,80185,43148,6685,1767026,1913081
9685,6685,-141716,29889,4241,1956168,1867489
8111,5296,-119340,61370,3518,1680035,1641768
7166,5167,-51780,73759,3111,1618270,1658120
8314,5315,20799,38444,4222,648642,728162
8647,5760,-162122,31778,4407,652989,543811
4814,4852,-183412,59296,4944,795205,687532
5851,5278,-82352,70203,3556,1776175,1782193
9333,5759,-643,97314,3741,1801558,1919192
8166,5426,-220712,38056,5167,711337,551089
6073,4611,347847,41871,6388,1780455,2190024
6055,5241,366667,32055,5371,695382,1113012
9463,6296,376598,41444,6315,2127794,2570318
5481,5185,77327,40685,6018,1819811,1957007
5944,4833,-188667,40240,5908,612572,483737
8944,5518,-137643,42703,3982,1795170,1721305
8851,5760,-70806,74370,3630,1730258,1754101
8166,5315,21218,42722,5889,2011714,2097080
7055,5019,-220406,34907,4704,682255,516349
8944,5796,-166678,66814,3593,643935,564737
8889,5889,-94877,37203,4945,1827551,1791545
8740,5704,381533,37870,4722,1691732,2132635
8222,5185,162688,35463,4759,636029,854865
4722,4445,-179713,42666,6333,686858,568090
4722,4963,-111560,84240,3722,1735439,1724175
9222,5574,-40370,41852,4851,1739082,1762249
8258,5593,-235068,41148,4723,1990168,1817767
6981,5000,-208767,40593,4611,642264,493330
5370,4592,-136816,45240,4870,1703697,1630305
6259,4630,-51201,39759,5111,1665691,1672342
8926,5592,33452,56685,3815,1694612,1805600
8018,5148,-81580,41408,4870,1771291,1751323
9499,6667,-176037,42889,6093,1800564,1692471
7037,4833,-83884,39870,4945,640750,616052
8185,5648,2936,49296,3611,1761609,1833341
8444,5500,-196596,32537,4648,773963,630848
4962,4259,-213405,60222,3537,1996376,1858248
6203,4759,-127196,46648,5518,645045,583255
9352,5722,-3729,39037,5555,1652756,1712231
5147,4575,240738,42259,5407,1939934,2241097
5056,4425,-182995,58629,4130,1968411,1860415
8852,5722,-159046,43741,4555,670061,576108
9666,6722,-60319,41315,5092,1734346,1739211
5574,4389,26241,73092,3630,692921,807921
9648,6148,-215937,55092,5981,1870484,1733379
5370,4444,-185691,38500,4092,1794515,1663194
6907,5111,-95612,47796,5629,1668733,1641176
5073,4704,70336,39889,6092,2047337,2175338
4222,4500,289192,39667,5629,1794277,2140173
7462,5019,-213505,47130,6018,1945587,1800081
9889,6741,-118981,46407,6000,1725712,1677824
9703,6148,-41068,45703,4389,1729355,1756119
7536,5760,48473,35796,5148,1747683,1852730
8685,5463,-208632,44982,5555,2009528,1868619
5629,5204,-123738,31981,5093,1976875,1903674
6389,4685,-20770,38555,5704,1741519,1778379
8555,5518,-242894,30389,4759,739132,548459
10703,7130,-35890,42260,6481,1730250,1763360
7407,4963,-187365,53962,4760,704676,590496
5185,4185,-79157,43371,6203,1730184,1713434
5685,4481,71422,41722,5130,2020880,2152154
9462,6481,-202386,34296,4593,2083634,1938544
9704,6666,-213936,48222,5481,704508,563386
8537,5296,-129746,38499,4352,660003,589571
8740,5444,-43112,41167,3870,687349,705588
8500,5296,48615,63129,3296,704622,836069
4907,4741,-211157,37167,4055,1772777,1615305
5703,4500,-139818,69092,3204,647593,592496
9018,4963,-66054,54407,5537,1755396,1765860
5629,4389,36025,77962,3408,1696002,1826859
9481,6407,-212395,38111,4963,2091421,1940544
7592,5222,-188520,60463,3148,721794,612218
8389,5500,-101793,74352,5166,617660,611552
9592,6778,-14491,40592,4852,1682944,1733008
6018,4537,-213318,33685,4203,748056,585719
7647,5297,-185258,40611,5426,750069,626607
8925,5815,-131660,36666,4019,1764391,1690878
5814,4296,-6155,42611,6444,1775534,1830896
9221,6482,-242983,47333,6186,1987379,1817081
8833,5574,-186274,48648,6093,1972467,1857730
9741,5666,-160917,42741,4593,1759185,1664287
5018,4741,-64634,46129,5148,2037382,2035970
5851,5130,21019,47833,5814,1990377,2078043
9073,6056,-212142,59926,5351,1887391,1757730
8518,5592,-175914,41685,6389,691689,580441
5204,4907,-66428,39314,5519,1711918,1703027
5981,4686,-10998,43185,6482,705215,756588
9981,6223,521542,37296,5260,686616,1269345
9462,6352,-201060,60703,3223,731890,613422
7814,5093,-129685,67759,3148,1740286,1696916
8556,5462,-219012,41944,5482,2075427,1920267
8666,6111,43621,39611,5445,720967,826588
5629,4315,-202150,42833,4796,1945936,1804508
9629,6648,-54905,38630,4463,2030208,2037266
5185,4870,-30344,41222,6055,1679039,1708786
4629,4982,21438,55185,5908,1791532,1885896
9630,6685,-206500,62944,3907,1892694,1771749
6073,4278,-188550,82722,3740,1819930,1731008
7500,5111,-94379,38259,3926,663431,625978
9925,6426,-15115,52093,3203,1757827,1816656
8685,5389,-226294,45389,5500,1866117,1707027
8648,5462,-215344,52167,5259,1949834,1808119
8389,5352,-130803,54648,3704,1798607,1742212
9333,6000,-44946,63241,3426,1718750,1758175
6111,4648,85929,60630,3389,1934502,2097321
8148,5222,-171286,42462,6445,648672,542219
5981,4704,-133337,94907,3796,638649,617034
9647,5741,-69443,59815,3499,1771341,1782693
7906,4852,16414,47092,5556,1771057,1854933
7036,5019,-216525,43111,5463,1726664,1573323
4777,4592,-170908,42629,6112,743164,632607
5703,4445,-198089,36185,5463,1871504,1727527
9796,5593,39360,44889,5537,622043,729792
9073,6556,-201670,35351,4630,1980567,1836896
7796,5241,-147147,55870,3778,651940,580089
5277,4593,-127420,43408,4703,653046,586404
9999,6074,-47322,53315,4592,1695424,1724989
6814,4722,71812,34223,4185,1710140,1834396
7666,5223,-211200,38759,4222,1972745,1819564
9333,6037,-149473,49130,3148,1703148,1624176
6055,5111,-64690,40833,4593,1732272,1726582
9425,6037,51389,38259,4445,1793581,1905525
8407,5370,-213549,47888,5575,1930631,1787100
4925,4519,-171563,40314,5408,1704202,1590101
9870,5999,277163,41482,6166,1938935,2281838
9296,5611,46891,38593,5981,1922116,2031507
5333,5407,-215176,36759,5129,680581,520256
5592,4611,-195893,47166,5871,2021604,1891378
9296,5445,-211389,53482,4018,1905175,1768027
8444,5149,-9458,41685,6351,1776429,1830971
9370,6574,266842,36778,4926,1999792,2326967
6240,4574,-211484,41315,5000,1951288,1799433
7704,5722,-161146,55852,6130,727938,645848
7111,5148,-71622,76370,3759,629304,652811
9630,6444,-265,39259,4926,705094,767866
6241,4703,-210518,44926,5499,2077897,1931211
9314,6019,-177662,60019,3740,1761041,1665157
9333,6037,-99953,35796,4648,1776684,1734953
8666,5926,438791,82777,3370,1913214,2454818
9389,6148,-221442,47370,6241,2044505,1894415
7888,5204,-178326,41722,5741,696471,581496
5277,4056,-112858,42296,5611,2080142,2027173
8611,5574,-47687,42223,5592,1794731,1811730
5277,4223,63059,82518,6130,594177,758033
5518,4666,-212416,45408,5574,1910165,1761508
9129,5648,-164522,40278,4833,1774401,1672249
8352,5463,-61517,50407,4092,1768192,1777453
8963,5407,15191,34185,4686,1717650,1788675
5462,4259,-210932,40222,4926,1951348,1797804
4777,4334,-185760,50444,5889,1833287,1715119
4129,4463,700704,43778,5833,664214,1425788
8036,5389,-9954,37277,4630,685543,732903
7185,5111,-216392,40092,5870,730982,575293
8074,5222,-214925,70574,3556,1792211,1667323
8648,5944,-136808,61351,3667,1678651,1624083
7166,5000,-43452,46944,5167,1825182,1848433
8815,6148,57831,45407,3611,1699936,1824063
8407,5555,-209088,40796,5018,724252,577533
8259,5444,-161380,35982,4777,2203312,2098580
9629,6463,-78282,70777,3408,1703106,1717842
8926,5685,15870,48056,6296,1733563,1820804
6167,4574,-205568,39796,4926,1993483,1845823
9388,6352,-193489,57426,3741,1760016,1645990
5481,4352,-102095,43148,5518,1724715,1684379
4944,4315,9521,67574,6259,1760579,1855674
5963,5074,-199029,38741,5907,732377,591460
9351,6612,-166413,40759,6167,1917142,1816360
8944,6000,-114815,79056,3777,1700398,1685583
8740,5389,-40310,35407,4741,1752262,1768230
9796,7592,-231989,32148,4204,728782,553293
5055,4704,-196169,47685,5611,2141417,2010914
8814,5593,-148738,82759,3185,681438,635737
5907,4500,699671,74277,5574,1700370,2492948
4481,4760,36623,44630,6129,675206,774274
8092,5204,-219371,43778,4704,710867,556052
9851,6018,-180568,47036,6167,643844,535070
7518,4889,-87768,65833,3611,1765795,1762526
5684,4611,-14503,84185,3185,1711308,1796730
5351,4796,-214275,41870,5722,1942932,1789174
4999,4926,-203585,51852,3333,2031685,1895359
8888,5481,-136802,68815,3740,1741515,1694304
9092,5593,-11112,42222,6296,1778231,1832619
8963,6185,-223588,35704,4926,1886281,1721897
8370,5611,-205045,43574,5889,2101200,1961896
8851,5944,-130762,65277,3463,1742124,1698490
5092,5074,-66184,45574,5537,1736674,1733823
9481,6981,33599,50833,3592,670453,777495
9352,6537,-72544,42093,4759,1663293,1655731
8611,5370,-196001,70926,3148,701220,595441
8833,5722,-106366,42685,5444,1779468,1737860
7111,5037,32008,40871,6074,650431,744292
9000,6407,-217355,39444,5500,1982697,1828508
8018,5389,-204387,54963,3592,710514,580071
8481,5223,-134031,47796,5908,1731946,1667472
9092,5741,-35008,58611,3463,1730738,1775989
10499,7241,41127,50407,5889,1828917,1946525
9073,6407,-176218,34296,4519,1922522,1803489
5481,4759,222693,34759,4148,1772499,2046895
8500,5740,-77134,45741,5666,1956605,1947192
5370,4407,148667,49222,5611,1907803,2123099
9907,5667,-96902,36407,4982,1699929,1662397
9147,5648,-196766,52833,5315,1757461,1636101
9389,6111,-91021,73203,3648,1736863,1740694
8647,5611,-19293,31870,4259,692401,725625
10018,6741,-31011,33204,4278,2385885,2411319
9018,5833,-198097,49574,3296,1832735,1704989
6481,4444,-109740,31148,4204,690440,629311
5814,5055,-37532,43000,5093,1727781,1751230
4870,3963,57991,48556,4462,626005,747829
7018,4704,-203373,30037,4315,743647,588923
9759,6630,-167942,62537,3185,714271,631126
7889,5259,-77530,43000,5741,1700742,1687749
6685,4926,29568,47277,6000,1735088,1831878
5833,4518,-216092,40166,5574,1993471,1835841
8444,5407,-193310,54537,3537,1796819,1678230
7870,5056,-70898,62370,3093,1681036,1691971
8889,5277,-17966,49352,6074,751721,805903
7574,5278,-205924,34519,4425,714254,562830
8018,5296,-219621,47259,3018,2065592,1912137
8684,5630,-137061,45370,5518,1724774,1655508
9481,6389,-28372,34463,4259,1735436,1764119
6666,4722,57596,53852,3056,1801818,1930618
5611,4833,-219120,39241,4037,1981942,1819211
7740,5185,-152744,75444,4149,683777,626070
9852,6000,-78443,48129,6056,1701877,1696120
7981,5500,50839,35630,5315,1821853,1930729
8092,5333,-3099,34685,4574,1856662,1908803
8426,5074,-219464,41148,5445,2055119,1898230
8129,5574,-68052,88574,3759,1624061,1664397
9759,5982,-8454,61018,3203,1787314,1861230
4962,4945,498752,32463,4000,2067714,2615114
22037,4444,-224350,41574,3166,1836248,1685231
9222,6222,-108661,35982,4722,690953,640959
6018,4648,-29804,40019,5518,2006570,2035636
5907,4482,80979,41722,6296,1761640,1903119
9129,5852,179262,41703,5852,1913300,2157450
8426,5203,-170269,42130,4704,664580,558275
5203,4629,-73504,45296,4852,1747476,1736915
4352,4630,31314,83574,3889,659255,789866
8278,5148,-41587,32500,4000,1908076,1918563
4796,4389,-189544,39666,4296,691282,557608
5204,4981,-103410,43204,4889,1944602,1902193
4666,4574,-2960,42592,4426,2002282,2058154
8777,5722,12267,38222,4537,761747,834050
5074,4907,-219412,42389,4204,1765069,1605102
8666,5556,-136092,76592,3259,602997,563330
5111,4630,-42903,54408,6037,626213,655959
8185,5388,66010,54833,5815,1710202,1852989
5351,4834,-160225,35240,4334,1936677,1828896
7815,5963,-136331,43537,6204,1743432,1672990
9556,5981,-81011,46296,5796,1770372,1759231
5203,4519,46734,44037,5945,1778347,1886859
4333,4556,-220963,52666,5722,2016378,1865230
9296,6074,-168143,39241,5944,1980151,1875267
7981,5371,-184323,47370,5833,744542,629459
5499,4315,26515,62425,5778,1981566,2088672
8499,5334,-202072,35167,5018,734494,588774
8036,5463,-209918,84296,3296,2110962,2004914
4685,4963,-133876,48296,5815,689317,621849
5370,4649,-84687,33167,4537,731849,697219
11129,6445,36374,46389,5092,634381,741903
7222,5037,-175916,47814,6445,1917831,1810489
9536,6426,-154781,44815,5889,1764160,1678119
6962,4797,-74647,43944,5260,620032,609256
9129,6074,41710,33037,5333,1930316,2027673
9555,6481,-220395,41296,5963,1799164,1644638
5722,4408,-148372,38667,5814,698035,606534
9259,5907,-105015,33056,4907,1820412,1770823
9666,5722,13194,40333,5389,667654,744514
5092,4704,-204059,36185,4666,741556,590830
4259,4629,-188628,39778,5518,698218,566533
10056,6462,-127086,86500,3648,1614818,1596954
8981,5704,-45804,44296,4945,1805459,1825600
9704,7722,-250576,48093,6426,1753196,1577417
8296,5315,-183904,40278,5981,1867283,1745564
9741,6129,-126380,38259,5611,1719445,1654861
7981,5185,-45190,35963,5481,667927,679477
9629,6722,29870,36797,5259,2122857,2213394
8518,5796,-213661,43463,5482,2013372,1865081
6092,4351,36178,37481,4907,1793257,1884655
9888,6000,-107650,49889,6111,641128,607533
9333,5760,57391,34351,4852,1953727,2067433
9295,6019,67804,36148,4314,1790241,1916470
5518,4648,-223986,45796,5574,2090883,1930803
8315,5111,-140759,42166,6259,702330,625793
7722,5148,-36402,78888,3611,1701615,1763119
5074,5074,57251,42944,5611,731985,850625
7778,5092,-189187,39037,5481,701092,571571
10111,6833,-134164,39074,5592,1764729,1694768
7814,4926,-40641,44334,6500,1681890,1707156
6203,4667,26679,85907,3833,2256363,2385745
7667,5166,-222518,33426,4222,864440,694200
7629,5130,-200865,41425,4278,725732,586330
4926,4722,668470,47888,5352,657282,1391233
9740,6500,977530,35685,4518,2703597,3740052
8574,5963,-219311,47796,6185,785974,637089
5444,4444,-223288,35574,5314,1836724,1666397
10314,5723,277788,40056,5944,1910013,2252764
5463,4759,93276,30518,4649,1897063,2039044
4851,4463,1288980,70352,3351,715138,2089358
6185,4667,145008,28204,4315,1938886,2129784
8073,5260,-166096,38111,4166,1851401,1742952
4833,4982,5204,40204,4222,1920876,1982414
9259,6129,480246,43962,4778,1887741,2434189
5407,4944,374251,38166,4648,725799,1156197
4296,4574,323737,34371,4185,1719398,2092561
4093,4592,288447,41370,4926,2086761,2432208
10203,6963,316507,40648,4648,1800980,2182375
8518,5907,597141,45166,5463,1771123,2435374
9036,6482,583572,42500,6537,1734006,2384893
6407,4648,363301,41481,6000,1805835,2229894
9296,6204,-52063,51777,4982,1733941,1756138
8481,5963,46775,58722,3889,1793232,1919100
9203,6074,-211626,39704,3352,735881,585385
5963,4611,-152417,47703,5907,1835889,1749804
8222,5148,-82023,40240,4685,1746476,1725378
8370,5463,21574,42129,5871,1844451,1930377
5666,4481,-207160,38648,6074,1744948,1594694
8259,5463,-163600,40000,5852,725170,623330
5314,4241,-76780,57388,3871,1733399,1730674
8870,5499,-16812,40611,4778,1751561,1796767
9184,6112,115840,34370,4167,673321,845847
8351,5407,-206541,43962,5982,1967661,1827322
8722,5426,-139908,48834,4277,1933860,1863507
5166,4555,-47569,48741,4944,1716208,1734045
9999,6445,-68175,67444,4389,758985,781791
5889,4704,-166725,39759,5667,1896770,1788805
8518,5500,-172090,33519,5092,1777229,1660361
9148,5815,-76048,41759,6278,1784908,1774082
10444,5778,-197968,41444,6334,680817,548905
7462,5056,-214981,41129,5093,1971230,1817693
5055,4278,-183217,46629,6130,1712430,1593546
9037,5759,-94138,52315,3555,629135,607738
9907,6000,839937,41093,5926,671109,1576380
6351,4741,-206238,33574,4815,1837524,1682823
6999,4685,164321,44815,5222,757951,986346
5685,4592,-124117,43815,3370,1828052,1763990
7389,5055,-36816,73445,3092,1747898,1802416
6111,4815,39763,39444,4111,560233,656830
9463,6463,-198379,33555,4093,758468,616200
9092,5963,-173744,38537,4203,698074,584663
8833,6000,-71388,57241,3315,1732581,1739138
5055,5112,9821,44925,3778,1770557,1841693
4425,4574,-204506,40833,4130,724188,576163
9999,6686,290997,28944,4148,1774361,2117135
8925,5408,-103330,42593,4537,1773875,1734027
9129,5722,-24861,74777,3334,1742166,1812526
8314,5593,-236097,42685,5667,2100789,1928877
6092,4889,-221462,54870,6297,718421,571533
6278,4592,-101697,38833,4963,1719095,1674620
8795,5649,-50193,67500,4092,624411,662773
9259,6018,804143,44741,6222,1778731,2651447
51148,4500,-224681,41074,5870,2123855,2004859
7870,5204,31656,54463,5759,2092998,2200709
7407,4685,394271,73926,5722,620926,1109197
8684,5723,38685,62185,4018,1927285,2048691
9611,6111,-207808,52444,3407,2067760,1934174
6018,5277,-198840,56370,3926,676708,551589
4722,4481,-100576,46926,5685,557296,521034
9258,5667,5003,50592,5389,718326,797087
5370,4797,82785,43463,6314,1780685,1926248
9092,5648,-172968,30593,4611,718909,598348
10166,6611,-127537,43630,6129,1841545,1783267
8000,4778,39208,35352,5111,1996631,2091469
7963,5037,36343,44222,5908,1764034,1865860
10370,5815,-224150,36111,4796,649685,485201
8907,6260,-157442,46722,6055,617680,530479
8314,5334,741226,35815,4888,665692,1463473
9648,6574,23661,40555,3611,1710125,1796730
6592,4722,-180388,28722,4703,2174414,2041303
7889,5351,-194309,41629,4537,1815763,1683768
8444,5611,-113027,40204,3277,1742869,1690842
9277,5500,-10873,40110,6334,1821807,1874545
8037,5314,64354,55111,3425,1760025,1898267
5185,4278,-219659,35833,4463,766378,599182
8852,5759,-142024,43981,5185,1774478,1698027
8685,5389,-41131,39778,5685,1742491,1763749
6721,4945,51466,38574,4815,1664023,1773193
7018,4907,-219101,48444,5797,2065682,1914951
9684,6482,-161337,89907,3907,679723,630496
6722,4685,-78351,47574,5834,1806377,1794897
6111,4722,4117,33222,4834,1814001,1870100
8278,5425,-206339,43111,6444,1935941,1795582
6296,4630,-201057,59834,6648,659998,538905
5537,4055,-74107,38574,5852,1717801,1699786
5073,4204,-23269,42555,5686,689746,726218
9444,6797,-6338,62537,3907,753833,832255
4944,4297,-202165,46518,4444,674811,534923
7536,5852,-120901,43574,6185,1723781,1668082
9481,5981,408528,37778,5759,653299,1123363
6537,4703,57368,40556,5796,1758992,1876508
9351,5963,-219125,42555,4981,2024374,1870748
7129,4778,-165140,39278,5963,588063,482867
9463,6037,-73653,74370,3870,1784902,1807156
8481,5389,603016,47259,5611,1598970,2271079
8055,5074,-16698,43778,6166,1776040,1824545
6425,4500,-186914,41536,5926,799818,673236
4703,4111,-109724,42482,3722,2341081,2289394
4296,4555,96502,40611,5889,1788894,1943507
9184,5760,384636,42518,4926,1827425,2276727
8630,5351,-206393,77352,3889,657186,548664
9740,6037,-139147,44629,5630,621440,550460
8851,5741,-55365,100944,3426,1679244,1745415
8814,6352,31344,38092,5019,1774219,1866285
8278,5426,-220373,34704,4556,678147,512812
8222,5259,-135738,36796,4445,659327,580385
9278,6444,-84566,41815,5055,1735501,1715860
8481,5296,19661,42704,6407,1810383,1895044
5852,5203,-209240,44611,5870,2014081,1869415
7110,4760,-201050,55926,3629,1738763,1612194
7630,5185,-112230,71240,5019,1801423,1780657
8926,5926,-13281,43055,6389,685925,739255
8500,5592,148521,33685,4666,835067,1038864
8795,5630,-224917,40296,3240,1983592,1819081
8092,5611,-115357,38482,4259,646039,589219
9240,6278,-15556,82296,3278,1637786,1725730
5963,4370,59468,39759,5426,2043649,2160783
7907,5315,-219563,38426,4167,1981367,1819693
9370,6463,-164762,45093,5926,731480,635700
6518,4703,-47294,41556,5981,1648766,1662656
9074,5555,952,52796,5130,1815296,1891026
6647,4760,-218894,49963,3407,757520,605681
9000,5796,-207018,71425,3704,1770324,1655916
8629,5611,-116976,34352,4611,1732948,1672453
8852,5166,-9730,48407,6426,1766016,1827563
9926,6778,-49281,45389,5851,653000,674070
8537,6241,-203405,72111,3500,633587,523016
7055,5000,-143492,73092,4167,692674,641163
4907,4445,341400,43148,6629,2014957,2418005
9129,5852,47647,41796,4797,666626,778569
5111,4426,-214384,37945,4481,722195,562460
10018,6611,-179711,52351,5186,1723109,1620009
7537,4963,-85466,42129,4908,1691808,1668583
8426,5092,3873,49037,5851,1764006,1839693
8314,5445,-54697,37315,4481,2103907,2107191
9629,5167,-205246,51685,4463,747020,615552
4814,4186,-112760,84148,3148,1745898,1732101
7740,5074,-10347,44555,6407,669510,725458
7018,5426,449675,54203,4111,1810609,2333394
8463,5407,-219299,82630,3370,1945492,1828249
9888,6315,-132442,43092,5759,612366,546997
6258,4593,-55437,42555,6259,1767631,1774767
7815,5037,33641,47741,5389,1774551,1876785
6574,4759,-27742,41204,5296,2244895,2277320
9481,6130,-12125,44499,6019,1674763,1732379
8036,5389,-72101,63999,3945,1726517,1738119
9406,5852,8552,49407,4463,2002140,2082487
5647,4834,-226998,42148,5019,1945968,1778748
8962,5815,-204622,52611,3592,743008,611922
9463,6722,-114654,48426,5537,666687,624960
7444,5148,-27667,60462,6593,1758842,1813267
4814,4407,-224235,39648,6018,1977874,1810933
9962,6296,-175897,39907,5574,1886406,1774989
7851,5111,-143837,36945,4278,1744475,1657138
8611,5222,-56072,107092,3741,1675562,1747434
9593,6722,257394,34593,9314,1829019,2148802
6796,4907,-203450,40055,6223,650706,507627
8500,5333,-137667,30796,4740,650276,564941
4592,4500,-75347,43425,5889,1838559,1824137
9537,6055,39176,43796,5500,652709,759403
8777,6500,-219540,36704,4648,1830641,1670435
7963,5407,-205665,67630,3278,743883,625237
9722,6703,-122400,39926,5444,661934,603941
8944,5259,827,38592,4222,780965,841217
10148,6722,56184,36111,4796,1712287,1828971
6926,4944,-195995,42481,6055,656863,524164
8222,5462,-132971,57999,3500,1774888,1719230
10463,6166,-58022,54222,3222,661482,679941
7814,5093,33538,48870,5000,645087,748218
9796,6667,-198567,40592,4889,656120,522349
8870,6408,-179507,53704,3648,1800200,1696527
5721,4630,-81927,83888,3593,1739991,1757989
9166,5629,7171,38851,3852,641900,709199
9092,5926,-215786,50148,3592,1930239,1785286
9037,5963,-208837,44555,5593,1859456,1718360
9870,5611,-89036,40259,6259,1788544,1765026
8499,5370,12062,38741,5981,1788298,1861544
7833,5296,309214,59537,3777,1943051,2331097
8426,5296,-193723,39925,6223,748775,616793
5370,4352,-121755,38462,5815,1945800,1880304
8074,5277,-18398,40425,6204,1784203,1828674
4962,4630,33736,54463,5111,1927141,2032080
9074,6074,-93388,37926,5204,2210060,2177691
5037,4296,-173716,54982,6203,1795854,1695101
6111,4981,-85970,42371,3814,1761016,1734712
4462,4667,55701,46778,4500,2050749,2169468
4185,4481,-220051,52426,5963,682622,531330
8351,5704,-190880,40093,4574,663413,533719
5332,4426,-99763,42981,6241,1709161,1670545
5111,4370,-1092,85741,3907,1638193,1738342
9148,5500,-244993,42074,5703,649528,469275
9110,6371,-158877,42314,6148,2023829,1930933
9629,6037,-119798,37889,5685,1727918,1669398
9555,5871,-61312,43685,5500,1796968,1803119
6777,4815,55249,36499,4519,2067053,2177153
9074,5907,-214170,41944,4870,693575,543534
8815,5648,-178499,40296,4722,1758953,1643157
7352,5018,-13383,41111,6481,1729910,1778841
7833,5704,25826,63388,3760,687373,796218
9944,6666,-185612,32222,4592,1875825,1746341
8481,5686,-207256,57352,3555,646142,516275
6055,4444,-119047,39000,4056,1709426,1646731
6555,5241,8513,40259,4834,2057344,2124876
8963,5814,383147,35278,4833,2070339,2510763
9147,5797,401874,84963,2592,2201332,2707798
7333,5407,27400,46704,5592,1886385,1980822
7184,5130,-17003,93556,3518,1659641,1755267
6203,4648,47540,40444,3129,1819227,1923525
9462,5723,-160029,33907,4686,655395,551867
5499,4371,-162190,49592,3185,687798,590904
9666,6352,-76537,83944,3074,1657416,1686064
6629,4778,23116,37796,4093,658472,736958
10500,6555,-185970,32111,4519,717022,587145
6592,4574,-190280,47889,3556,646832,522071
7073,5149,-103016,58796,3148,1710710,1684138
4629,4333,12786,37981,4111,727099,793032
9722,6481,216346,32037,4407,732186,1004272
5796,4519,-205518,31703,4371,2008507,1852045
8833,5574,-136828,68667,3463,1763873,1716286
8666,5796,-56637,76110,3593,693430,733217
5777,4352,29645,72240,5297,662461,782495
10184,6630,-181015,33814,4574,717272,594126
7518,5130,-179733,38519,4055,1778723,1656490
9166,5686,-88506,81204,3574,1646588,1660268
5093,4777,3148,44185,3408,755606,818773
4963,4148,-220291,52611,3389,1975280,1822248
4463,4426,-202323,51222,5371,674504,539682
10296,6704,-122966,58944,3760,1969843,1929304
4833,3778,-18183,43074,4648,1760043,1800693
4869,4667,-221380,46129,5500,2014685,1856951
10166,6945,-194709,38185,5519,1790143,1659175
4610,4463,-144926,62834,3500,575015,507867
8963,5463,-58940,68371,3759,1739207,1768953
9574,6222,23917,41519,4666,1746628,1835063
5406,4482,-218891,48796,6222,649777,498774
9333,6574,-151535,41204,5889,1781395,1695008
7203,5056,-72789,73796,3815,1720223,1739323
9685,6259,-4580,49185,4593,1784958,1852489
6314,4667,-71408,38685,4500,2002081,1987654
6648,4778,-209291,55981,4056,1835466,1699824
8777,5408,268268,51240,4797,711651,1051734
9981,6500,3071,44518,6907,1736364,1809859
5536,4185,-88701,35666,5000,2273522,2237634
5777,4482,-24437,35481,4685,1766816,1795082
8388,5278,-110357,39592,5889,1760088,1711768
5851,4371,-56853,43333,4519,686515,689829
9074,6130,41189,41667,6296,1743207,1850119
8684,5445,-199916,39574,5556,1753109,1614842
9444,5333,-175706,40166,5871,629815,516923
9259,5963,122112,40500,6129,677846,863791
8241,5574,321135,49314,5945,684896,1077846
9444,6370,-210005,41833,5018,1776996,1631971
8685,5500,-185815,64240,3574,725960,624126
9648,6241,-100996,65815,3630,1661078,1647361
5666,4648,171120,30444,4759,2153848,2372874
7500,5778,-228188,46611,5592,672815,512164
7241,5092,-218257,40500,5389,674847,517460
5000,4666,-147622,44630,4185,806081,718792
4204,4796,-53247,45759,4667,1741237,1750638
4074,4388,50370,50333,3777,689238,804236
9721,6130,-212699,41852,4870,1956726,1809081
6148,4611,-24861,31166,4741,731579,755662
9036,5797,351772,42056,5537,1817066,2234098
5444,4408,17316,48611,3759,697846,779699
9889,6481,-221844,34907,4778,713045,549793
9333,6722,-196043,48111,3648,1809015,1683101
8092,5278,-121741,32092,4852,660460,591478
10814,6352,6041,39000,5685,736232,806291
9648,6537,-42065,34778,4944,2112349,2128525
7944,5370,-210299,67740,3574,2070696,1947507
8981,5297,-150110,113667,3611,607865,591423
8185,5333,-62419,44500,6074,1825797,1829526
8037,5389,25734,42463,4481,1743922,1832008
10407,6500,-225260,40055,4315,684516,522515
9518,6167,-185551,56666,4037,1832745,1726157
7073,4945,-88324,79111,3074,1691110,1699471
5407,4648,37903,42333,4556,642981,740329
8851,5685,-222794,38981,4259,1911322,1748878
8055,5463,-211956,50371,5129,1827798,1687675
5203,4278,-101006,43499,5889,1769108,1730397
9851,6149,-7335,44962,5908,1677584,1739897
6666,4722,-240199,37278,5648,1871504,1688990
8852,6370,-184675,46166,5722,1800610,1685916
6944,4888,-118503,41870,6518,1719124,1663212
8278,5055,-64036,44019,6222,1768025,1769619
6648,4981,27544,44055,4741,692082,782310
7907,5482,-223377,46148,4889,665466,508738
9926,6555,-182538,35148,4130,634498,509757
8611,5463,-24441,51036,5519,2087521,2136413
7073,5019,555691,61945,4055,2147533,2783891
6981,5130,-36338,47222,5519,2079399,2111284
7833,5167,-212369,33944,4482,1789970,1631120
4907,4611,-104067,47740,5944,1743114,1704694
9888,5907,-13840,41852,6037,2024347,2076284
7611,5407,60961,56370,5945,1789509,1928452
5203,4370,-223977,42574,5611,733252,569422
8833,5537,-117065,38815,4870,650266,593886
5666,4518,-60763,41222,3259,778519,774403
8777,6000,53945,60018,4445,628532,764107
9093,5500,-209642,75629,6093,627565,516479
9500,6278,-144377,40277,6074,1689627,1610583
6148,4500,-93650,38389,5000,1786177,1749249
4648,4185,-52664,44074,6074,2019967,2028488
7833,5759,-210824,36759,4945,702043,549071
6407,5092,-200856,35574,4519,1950067,1803137
9777,6519,15834,46259,5685,1985191,2071765
4666,4426,-28068,57888,3426,816212,860402
4073,4445,517805,40129,4908,1994328,2567466
8870,5740,-224093,67240,5407,1979565,1845415
8481,5445,-119941,41352,6370,1769264,1713527
6036,4722,-45361,41481,6352,1787277,1802970
11240,5648,39791,58537,3352,1704809,1825489
7796,5315,-197888,53370,3630,1935081,1809749
5055,4815,-134198,35204,4407,1730300,1648101
9296,5833,-86952,47241,4648,1741090,1723897
5185,5093,-1818,45278,5296,716739,778107
9314,5593,-220182,46982,4907,1964152,1813452
5148,4203,-184676,48055,3778,718877,597497
4296,4666,-112726,45351,4741,664261,612941
8018,5425,-20370,74463,3426,1728304,1801304
9537,6667,438077,55796,3593,2034241,2550707
6148,5019,-220656,43241,4444,1869812,1710879
7389,5018,360218,73741,5833,1721158,2175839
9055,6222,-51979,77259,3556,1686580,1732749
7370,4963,25674,36222,4223,1788203,1868637
9481,6278,-226504,37037,4203,2081975,1914545
9573,6500,-186018,46945,5463,1802637,1687841
6241,4537,-91865,59796,3129,1816614,1800490
8592,5352,-6768,42611,5519,615282,672959
8870,5426,-201169,29241,4370,1971195,1821063
4647,4574,-207681,56036,3186,664290,527811
8888,5611,-125084,41444,4889,1822852,1762211
9351,5963,-34968,70536,3223,1745958,1802137
9333,5759,58333,47500,5593,1745471,1874656
8907,5537,-213438,69407,3556,655843,532794
6574,4815,-145989,76222,3185,1726794,1674139
9389,6648,964307,45648,5612,2122895,3156648
8722,6092,-180033,78111,3259,1719228,1637676
5815,4592,-226251,38797,4981,672396,502831
4981,4222,-178227,40426,4555,668410,547330
8536,5574,-97370,45518,6407,580905,552348
4833,4741,42282,85370,3611,2000502,2143728
8925,5593,-222063,42037,5666,2077923,1920840
4684,4260,-174466,40037,6130,1917214,1800267
9555,6481,-129775,41111,6130,1739321,1675286
9333,6593,4655,88278,3648,569193,683774
9351,6463,-236357,46130,6167,733001,566922
9221,5945,-228815,41426,6093,681311,517256
7037,4703,-155013,40185,5778,1705874,1611490
8740,5555,-66100,73610,3593,1922849,1950766
4852,4759,27070,40500,5871,670480,755922
8130,5314,-114960,66870,5815,1877857,1851249
9166,5648,-173659,73963,3555,1721372,1642916
9018,5481,-90265,39870,5223,1740699,1712193
8462,6037,33481,40389,6203,1989878,2086506
9278,6629,-228050,46704,5703,699029,541867
7500,4852,-197953,50500,3667,721801,592960
8981,5519,-125633,51352,4407,686814,634330
5333,4630,-16554,39907,5296,1815006,1856230
7111,4963,82470,43185,5314,661730,817792
8667,5629,-212357,34296,4685,2001958,1844860
9462,6333,-137833,59629,3408,1738231,1681934
5203,4871,-47403,65555,5518,1719875,1757138
6073,4556,1610984,42593,6537,1953401,3626256
7555,5500,-98706,42648,6148,1834400,1799434
9369,6741,-140331,39666,5834,733864,657922
5648,4592,-92493,37593,5481,1758631,1722193
4351,4574,-2358,41833,4574,719410,774421
4333,4259,-158334,31778,4981,667905,557367
9777,6704,-216458,44166,5722,675844,528737
8833,5981,-126860,53999,3630,2162645,2110839
8110,5297,-35504,44629,5445,718481,748847
9240,5278,-39462,44704,15463,2964407,3002000
5018,5166,-222955,39889,5463,2219906,2054598
8907,5834,-232117,40778,12425,1957070,1795527
8000,5351,764718,49056,5444,2088450,2923335
5148,4555,115689,41556,6111,2099890,2275283
4611,4278,114342,38259,5315,737652,907050
8222,5296,760049,38536,5500,1963714,2783502
22204,4481,209575,45129,5685,1620100,1909359
5684,4371,-623,55629,4148,2066296,2137487
9815,6888,77993,41778,5315,2510491,2654707
23536,4500,95943,31537,4796,1919027,2081450
7944,5630,127596,47074,5277,2049243,2244839
7703,5667,153509,54444,6407,1937961,2168895
9481,5852,349680,43925,4945,3841610,4257586
7796,5481,-30737,35537,5611,2167873,2193839
7518,5611,-220658,39037,4796,1945333,1783767
8500,5185,-205376,50314,3111,2214753,2078710
9667,5777,19647,48592,6315,2430357,2522837
19611,4481,-99255,38944,5037,2025596,1996729
8870,5685,-144601,40851,5611,1754463,1673231
9333,6018,-102022,32333,4741,626815,579219
7055,4704,233481,37222,4519,691624,981068
9037,6203,-72012,46574,5389,2223462,2221394
4944,3852,-188432,34981,4482,724725,587182
9925,5574,-114594,76778,3000,2020656,2003710
5203,4074,-32311,48463,3148,762047,792717
8055,5759,66472,57999,3278,1675852,1820082
9740,5907,-222170,37407,4019,2075418,1912785
7870,5167,-140314,49130,3148,1841859,1769656
7944,4778,-44920,31056,4092,1776132,1781638
5129,4834,67696,32166,4130,706244,822514
9184,6037,-193464,48759,6112,665776,544996
4759,4648,-168422,77870,3481,638105,562737
7759,5204,15712,79111,3203,1901592,2015396
7148,5167,-6746,41667,5740,1840105,1895822
8537,5685,-229628,33056,4240,728144,552405
8500,5296,-202567,45314,3204,733009,595015
5500,4500,-123211,57278,4018,1837052,1788027
8833,5481,-37891,40278,5000,667757,692181
8333,5648,541223,53759,6000,2129242,2746650
6722,5611,-181917,39333,6241,710173,588552
6425,4704,639640,45000,4482,1664401,2366763
9537,6500,-66296,44259,4389,1729489,1731082
8610,5722,650003,40630,5018,1890241,2602632
8852,5740,-227488,36630,4722,737096,568423
9611,6814,-190149,43926,4148,1742788,1620046
7814,5241,-93126,45333,5778,1953115,1926599
9277,5982,-9177,41278,3925,1747611,1801008
8870,5704,-224226,50481,3611,672483,519330
9685,6277,-218554,73796,3482,665662,542552
5610,5371,-109976,42945,6407,1707336,1659842
4925,4593,-14526,43888,6185,689986,737125
7666,5315,274903,39482,5648,1607307,1942414
9721,6223,-205923,38630,5870,1936505,1793100
9851,6185,-154899,37426,4148,1819500,1724304
8611,5074,-25209,42611,6111,1869401,1908470
5833,4537,53963,74907,3611,1627545,1772878
9055,5611,-225679,33963,4296,672936,502589
10148,6574,-169933,82111,3352,662615,597497
9129,5889,-74706,36519,3166,1749215,1731712
6852,4870,16095,58426,3185,2040392,2131913
8703,5037,-206805,27814,4223,1941313,1783230
6277,4482,-209042,70685,3185,735853,613792
9444,6000,-121999,47796,4685,1686008,1634564
6295,4574,-36383,77056,3055,1842354,1899488
8555,5056,-228766,32981,4130,1902108,1727694
8795,5574,-186538,43259,6426,2079360,1959617
8463,5315,242261,41759,6204,767880,1074457
5518,4241,-58214,55852,5963,1788944,1804841
9296,5740,21458,44574,5037,2122715,2211227
9130,5629,-161869,36222,4537,708218,604552
5426,4425,-144456,33240,4019,719379,624404
8407,5130,-95730,45667,5555,1739201,1710564
5481,4222,22942,33963,4259,719369,792699
7870,5407,-194959,33815,4203,1935245,1794119
8925,5685,-212342,46018,3222,697358,551570
9204,6166,-127708,47148,5260,1736550,1679416
6110,4519,7222,35445,4092,700699,760514
9315,6574,-239290,42685,6519,745138,573756
5444,4907,-222747,48574,5741,1994532,1838822
10314,6537,-142316,43759,6185,1714122,1640527
9092,5500,-69737,39870,5278,596845,588904
8259,4574,64934,32852,4833,1737926,1856193
8667,5759,-192985,39592,5648,672297,541664
9148,6426,-195184,31852,4981,1788360,1648490
8870,5278,117968,44241,6092,1866168,2052266
8166,5741,20270,47574,5852,2059846,2150117
9036,5759,-43631,39870,5704,1789565,1809081
8000,5444,-181069,42147,6630,742104,625293
10389,6870,-93843,68815,3722,1751925,1750231
8648,5463,-22597,37333,4870,736723,772588
7944,5167,48982,47759,6500,1787025,1905304
5314,4500,-178974,39481,6018,611269,490534
4536,4648,-149728,44222,5963,1770552,1682971
9667,5870,-60353,47703,3611,1718362,1728175
5055,4851,29300,89574,3259,1695134,1829989
9074,5481,-233064,43333,5870,1951036,1784675
8240,5537,-191115,38241,4741,2048936,1917359
4796,5093,-78758,43074,6148,1706989,1689620
9407,5889,-10161,73482,3407,1778835,1863193
8907,6296,-223543,30740,4167,1924922,1753859
9148,6463,-224927,38093,5129,735313,571719
7944,5277,-128051,51889,6241,650788,596718
8944,5760,-40676,47740,3778,1802073,1830249
8351,5389,-247744,41537,4926,1872678,1687675
9852,6759,-228665,80259,3889,2056839,1931341
8944,6278,-114808,43037,6037,1842075,1794267
8240,5482,-55914,40259,4592,1698923,1704008
8703,5426,16962,53647,3630,759552,850384
8296,5833,-232476,69425,5204,2056854,1915711
4944,4777,-183582,53036,3649,729172,614329
8796,5574,-100393,33778,4667,639296,593793
9888,6148,-14498,56462,5352,1708840,1774711
9203,6463,-222270,48852,4926,711193,560404
8314,5296,-218468,47703,4352,1845996,1695323
6703,4574,-127816,36574,3426,1821824,1747341
6166,4593,21874,40092,6297,703769,785180
7759,5370,-246082,35648,4629,1883888,1694508
9796,6648,-202874,81389,3889,1822308,1723156
9462,6481,-165923,42185,5537,1739358,1639545
8777,5537,-55160,68778,3537,1740816,1774582
9907,5667,23012,44981,4704,659984,750329
7629,5093,-223575,34111,4315,1831046,1660805
6778,5148,198355,42777,4926,748269,1008272
7537,5111,673433,54462,6371,634245,1383251
5925,4889,11737,73018,3611,630723,733070
4185,4351,-205553,30259,4648,1854840,1695323
8815,5500,-212715,36278,4777,743193,587978
6166,4666,-126468,98166,3648,1622182,1611212
4388,4370,-34871,51537,3333,1814083,1844878
8611,5296,486761,46723,6129,1789114,2345134
5351,4723,-213823,41833,5704,1963090,1809026
9740,6741,-149467,41352,5926,1791012,1707360
9500,5907,379426,52537,5648,1807394,2263061
5481,4481,35081,87722,3963,663989,803347
5648,4426,-20618,44463,4519,1726070,1767045
8704,5574,-178889,56777,3556,696293,595571
10240,6815,-104144,38278,5722,1756541,1715897
5278,5092,4992,74610,3445,1727294,1823545
8388,5204,-227484,49537,6129,670296,514515
6722,4815,-198072,51778,3352,1810265,1681527
7981,5130,-122548,45185,6222,660045,604701
9462,5797,-31229,65352,3796,712946,768791
9666,6722,44147,56815,4926,1737453,1862266
9481,5500,598521,30000,4444,1962372,2613540
25036,4796,-156359,81407,3185,1695573,1656064
8351,5334,-65411,52296,3260,1783344,1790360
9425,7648,12984,43796,4130,1818338,1898377
5833,4481,-207677,52796,5611,657767,520923
4444,4574,-187728,41019,4944,1824069,1694175
5833,4889,-98964,86537,3908,1754064,1758341
9703,6074,-16828,54870,6166,1838411,1900489
8741,5259,-222063,38518,4389,1886201,1723027
7333,5000,-204576,43814,6426,1761104,1621731
8037,5074,153408,38778,4445,2197262,2409430
8296,5241,-43493,40204,4259,705692,722792
5648,4352,524695,43704,5518,1936512,2523855
5499,5019,-199352,39870,6204,1966674,1826526
4203,4445,-151847,41278,5444,645492,551201
9759,5981,-59341,88185,3555,571172,621663
8389,5259,32071,50148,6111,2021750,2125802
6148,4315,-10480,35574,4519,1844450,1887193
7740,5130,-184566,49759,4111,2081610,1966451
6907,4796,-79042,78073,3204,1655366,1671694
9648,5833,35907,38148,4185,686256,782329
9203,6352,-226050,38518,4260,1996724,1831100
8463,5351,-223859,37611,4815,842615,677903
8685,5444,-132910,42444,5648,1744549,1677416
8685,5944,-43738,51907,3556,1982486,2010877
9870,5741,-227362,41426,4851,1927685,1765230
9277,6537,-227857,48111,5611,701650,545756
8370,5463,-164203,33629,4352,1819286,1709805
4777,4426,-68402,40648,5018,604399,592922
9981,5945,10492,36611,3833,1804534,1874211
8389,5703,-226335,44000,3481,701944,539756
9110,5760,-194534,64722,3796,1812302,1703286
5129,4556,-99992,48722,4315,1821870,1786582
8277,5259,21273,45129,5611,671187,759514
8999,6389,-193481,38278,5518,675163,543459
8759,5463,-185309,44648,6296,730935,613496
9648,6537,-135859,41074,4981,665634,594830
8981,5463,-45595,40407,3741,1673474,1689268
7999,5371,817369,95555,4038,1719244,2652317
6370,4833,-229954,47444,6426,2076091,1913896
8796,5500,48106,35796,4481,671724,777181
9703,6537,-30870,82740,3167,1612842,1686916
4926,5092,490541,33814,4056,1890853,2432578
9241,6481,-188396,28185,4167,695300,557756
4500,4611,-180002,46833,5537,1963010,1847212
9203,6444,-106256,76574,3407,1799357,1791452
8685,5333,29489,40685,6112,662765,755940
8352,6037,-224449,45167,5722,2128178,1971340
9184,6556,-212721,57963,3555,692829,559422
9148,5482,-134791,44500,5648,1819688,1751749
6055,4889,-25878,84148,3703,1684202,1759712
5333,4482,-252465,45796,4334,2074509,1884637
9333,5851,-224107,45315,5666,2100300,1945173
9611,5611,-166398,38925,5889,1760297,1656472
5888,5074,-51856,41851,5648,666668,676440
8981,6019,53648,43296,6259,1747860,1868470
7963,5592,-224697,54574,3907,1972946,1822286
9740,6333,-196506,41685,3759,1817756,1684823
7796,5537,-87076,40000,6240,638684,613552
6092,5019,429890,40592,5556,1963243,2452819
5482,4518,-216194,39555,6074,1911981,1754175
8870,5556,-226504,36574,4926,773537,605349
4999,5037,-117388,49037,3352,1810248,1757841
4555,4518,-39679,46500,3926,1808631,1830878
9389,6240,-251154,30389,4518,782966,584941
4722,4611,-196428,39260,5611,671350,531423
9000,5500,-162774,45962,4538,696270,601274
5925,4519,-35788,47574,6352,1800999,1832137
4907,4148,52254,40222,5945,1825882,1935359
8982,5407,-185369,39111,5778,2015635,1892267
4851,4574,-185808,40074,5000,1761965,1633434
8685,5500,-99100,40074,4741,1777663,1739934
4907,4148,-4298,40796,5926,697924,751792
7203,5315,-44719,36741,4685,1745153,1756749
8481,5556,-223750,47333,5463,1820721,1666509
9351,5537,-135948,31555,4407,1787791,1706193
6018,4315,-36629,28648,4204,1671322,1680694
8684,5334,-245604,34555,4333,1951724,1761730
4944,4574,-188673,53259,3277,2081847,1961877
8000,5185,-148371,44759,6148,1849657,1767860
5111,4722,-39071,40241,6166,1792523,1812211
10241,5944,23027,58130,3907,1807684,1911008
4888,4685,-226189,33611,4445,2013067,1837118
7907,5389,-173220,38018,3222,736014,620015
8537,5185,65265,27222,4593,2112184,2225357
5093,4777,-4525,41500,4833,1796830,1851101
8314,5556,-232038,48518,6315,1894435,1733823
9888,6074,-204532,40888,6037,1767449,1628379
5778,4389,-126269,32648,4741,1755981,1679620
4814,4223,21292,39166,5963,1936493,2014192
7499,4926,201834,31462,4852,2024450,2277449
8685,5592,-217956,36593,4259,1943075,1782619
7907,5260,-165099,54537,3870,1705478,1614139
5277,4556,-38354,42074,6556,2284877,2307819
6018,4889,51003,43796,6259,1837171,1951932
8536,5519,-207509,35018,4593,1856165,1704545
5166,4537,-191541,42963,4408,1824567,1692286
5259,4685,-86387,40963,3444,1716489,1686472
9259,5852,102135,37611,4130,1793834,1955470
5814,4685,-209043,28889,4148,2078143,1915100
9573,5463,-226260,47334,4703,1826232,1669842
5759,4352,-28089,39981,5778,2123817,2153765
9129,6055,-47453,97425,3537,1656481,1727915
5425,4741,44977,33537,3833,1804049,1898859
9370,6018,-229053,44240,6334,780864,620348
10129,5389,59876,36611,4537,1894149,2013228
7870,5352,55308,39574,4055,1912366,2027173
8351,5593,12313,50482,6074,661960,747495
7129,4426,-215273,34148,4500,1782412,1620120
49240,4334,-229194,44500,5333,1848999,1725638
8277,5593,-97874,55944,3167,1752938,1730508
5129,4129,-6294,45018,4537,1782747,1837285
9703,6055,-228918,33315,4166,696471,523385
6740,4741,575750,56148,3389,1808550,2458485
20129,4426,-136852,48814,4389,607313,550478
9092,6111,11726,48685,6759,654548,739532
5333,4222,237064,38519,5111,1962960,2255357
8740,5259,-174633,40945,6518,683315,572922
4870,4500,60335,49055,5722,2343133,2470485
17370,4056,-67790,40889,5722,1768705,1771453
8666,5407,12197,42685,4945,697780,773773
9629,6407,-233592,33740,4537,770534,593255
5333,4796,-187254,50352,5907,695010,577034
8777,5389,-102934,42481,6241,1807405,1769767
6481,5259,-8226,33315,5018,1744419,1788452
9370,5444,-230867,33796,4704,2068060,1892563
4926,4426,-186178,35352,4537,685971,551534
5240,4426,-131247,49926,6204,2381788,2319634
8925,5481,-15926,39925,6389,1697787,1744600
9536,6260,486502,39852,5555,2110130,2660262
5351,4704,-215268,51574,5389,2013664,1867581
8685,5888,-154503,86278,3870,1688975,1641397
9629,6481,-81238,50259,4240,1753358,1744804
5870,4481,56748,32814,4093,2072703,2179394
6296,4889,-35617,39111,5351,1777811,1800304
8555,5630,-197037,43907,4556,2108933,1977248
9277,6000,-108254,34722,5685,652399,602552
8851,5463,33029,69851,6111,666894,792125
8759,5815,-15411,55203,6093,2064009,2126654
9962,6482,203056,36556,4926,669716,933235
5148,4796,-113085,81259,3185,617175,601404
4722,4741,-14228,27944,4222,742594,772440
9833,6111,-56889,32981,4315,1830452,1829545
6629,4444,-229735,36704,4944,740140,565478
8888,5408,-167193,40092,4482,1819979,1713675
9555,6093,-41355,43129,6371,1729215,1755471
8741,5740,7706,37259,4778,1764432,1831267
8074,5315,-190048,40056,5703,683471,555201
9500,6648,-202172,30019,5500,688483,540590
5426,4629,-101981,35222,4518,1839046,1789545
7944,5222,35597,43797,6370,712009,813032
5721,4297,-211397,34741,4740,1874146,1714674
9592,6611,-207613,49981,3241,1755030,1618842
8647,5667,-107386,33018,4611,1677044,1623657
9092,6593,-42437,85148,3518,682396,746440
5666,4407,2013,42703,5019,751168,813050
9518,6352,-229296,71259,5778,2022303,1888359
5852,4574,-126273,40926,6519,1734170,1668250
7481,5759,-68452,35370,5000,1950626,1938248
9870,6574,12626,43574,5852,1752956,1833989
8444,5686,-232330,40962,5760,1923986,1755064
4981,4704,-178362,75444,4074,1686353,1599694
9500,5759,-98116,79314,3371,1694328,1696786
7999,4352,-17630,49815,5092,1844397,1896322
9481,6426,-233439,38111,5074,775528,603922
5407,4537,576174,57685,3334,735298,1385269
9370,6574,308533,49592,5037,2130916,2512430
5888,4741,1124627,37093,4666,725343,1904729
9407,6167,-56733,36648,4482,2081850,2084155
9369,6519,99735,34574,4685,1964067,2121691
7592,5166,260295,59667,3500,1911284,2250134
8481,5371,693261,46759,5482,731878,1494028
8407,5593,503638,46129,5963,1895163,2467430
8222,5500,-208891,43092,5704,2227804,2084284
6352,4259,157298,35611,5019,729918,941180
9815,6629,272174,45222,4092,1783870,2123951
5481,4593,453567,52314,4963,1938789,2463189
9092,5815,682590,29370,4278,1791229,2525226
7851,5537,-57124,38833,4407,1963872,1965895
5333,4333,265288,83777,3296,1763775,2128339
7740,5185,576884,31407,4167,1866472,2494077
8907,5648,211928,32759,4074,719586,985550
9333,6851,125860,49888,6278,1890925,2091802
9333,5981,-158116,89296,3426,630335,582644
8036,5297,-72074,31907,4278,673570,653088
5185,4093,19486,47982,5574,2037852,2123210
7555,5074,-229710,41537,5074,719818,551719
9055,5815,-200206,41297,4648,696794,559811
9369,6130,-111571,45259,6760,1789301,1747211
7963,4944,-4899,53222,3593,1755536,1824045
8814,6426,-233745,56407,5611,776760,622903
6296,4685,-224184,41148,4112,1828415,1663787
6573,4704,-135883,42130,4833,1791780,1716341
5518,5129,-31081,41962,6130,736577,766328
5185,4685,228182,37981,5796,1968027,2252505
5111,4315,-152904,41648,5463,750641,656922
4036,4389,-164565,51019,5074,1792110,1694453
8463,5185,-64727,43908,4888,1988142,1987952
8037,5518,23723,40833,6111,1771082,1857897
9352,5889,-231457,42945,6463,757304,593108
8055,5444,-179173,55648,3778,1753126,1649545
8851,5648,-218538,32185,4259,1903751,1738471
5037,4481,58577,35982,4907,2016448,2127895
9055,6203,-226009,48519,6351,2027277,1873618
9851,6389,-211559,41407,5945,673593,528182
8963,5740,-101962,38333,6130,1698712,1658398
8795,5778,-28994,42667,5611,1790816,1827248
6555,5055,-254950,36499,4871,2056829,1857044
10370,6203,-225612,43945,5759,2010194,1854026
7703,4797,-169441,43241,5074,718381,612608
4907,4129,347193,35629,4482,693116,1092382
9611,6185,36662,44092,6334,1796790,1902045
8388,5185,-168443,36093,4759,1949914,1838211
9167,5629,-187845,33278,4574,1792150,1659694
8703,5500,-96322,45333,6222,678485,650347
9277,5833,54,54278,3537,2071452,2146857
8389,5481,-229403,40074,4685,2119225,1951433
9167,5777,-228786,46000,5685,696524,537071
8500,5778,630159,50241,4833,688018,1390103
6351,4556,-46036,48074,4722,1834507,1854859
8610,5519,-252641,40389,5592,723620,533867
9981,6833,-231228,43555,4723,699096,535664
8518,5444,-169353,34944,4871,1751621,1638508
8481,5593,-74571,45148,4389,1817301,1808545
9648,6037,20249,43444,3963,1823518,1909007
8981,6445,-231041,35445,4277,783982,610756
5833,4555,-197831,59203,3222,2057580,1935247
7685,5278,-111456,41500,4000,681174,630497
9407,5481,-22229,61759,3241,1722459,1782304
5110,4908,-97816,46907,5463,2306765,2273319
5889,4500,-227163,40686,5833,1841856,1674268
4536,4315,-136194,74222,3555,1790370,1744637
4277,4574,-45596,43203,5519,1769438,1784304
8314,5241,1618494,40796,6223,1808874,3490164
9000,6574,11396,60277,5667,666470,761421
5129,4537,-162024,42814,4612,1842218,1739323
9444,5574,-67834,40240,6334,1722232,1718824
5314,4352,14004,100518,3907,1718856,1849989
8111,5259,-68898,46796,6037,1931183,1931248
8962,5778,-204096,45093,4166,730612,592700
9777,6537,-113646,45222,4555,1729804,1684786
8203,5223,-21623,45259,4611,1712094,1757138
8981,6037,-236246,35703,4834,1996383,1817823
6574,5259,-228852,61110,3334,1839916,1690638
4648,4574,-105811,43926,5815,1698060,1653953
9722,6148,-33417,48167,5944,1777480,1816119
4555,4240,-220762,36056,4925,817796,649477
7518,5297,559962,35185,4759,1833301,2448375
8555,5241,-164900,42333,4778,690193,588923
9036,5408,-41080,39573,6037,1737330,1758675
7981,5407,11610,44093,4740,639331,716181
9388,6149,-219328,42073,5537,2006133,1852322
8740,5537,-184545,73667,4352,1742091,1653546
7444,4574,-103503,54240,3630,1820548,1789044
8333,5259,-16775,46740,4500,1750321,1800471
9351,6315,-230807,34130,4685,1958129,1783859
7888,5537,-207338,53870,3537,1820273,1685749
9536,5834,-136593,47407,4463,1759879,1692656
5611,4611,-32402,83703,3426,685213,752385
9629,6389,69047,32185,4426,674800,798977
6518,5482,-211299,32093,5000,724869,565312
9537,5963,-172738,47185,5389,1761209,1659268
6092,4556,-44511,64315,4055,1759426,1797360
8389,5481,8143,78703,3371,1969530,2075655
9925,6556,-230277,47907,6574,707052,550052
7148,5129,-164901,39240,5408,1731540,1626231
5704,4370,-109304,44056,4759,1715720,1667601
9573,5797,-20225,45185,5667,677294,725403
8740,5889,-230089,36834,4518,2382798,2210987
8388,5648,-211120,42092,6389,1834555,1688027
7185,5111,258716,38204,5037,1802567,2119191
7796,5259,-52092,41019,5685,2037210,2047025
8407,5945,32857,42555,5556,1748891,1846989
7889,4944,-207470,43482,4907,1981107,1837045
8278,5388,-157538,42944,6185,1698307,1605676
7129,5241,-80349,74278,3685,1762005,1774174
9555,6074,26008,41574,6537,2003646,2095395
7944,5667,-233208,44148,5871,700519,533108
9203,5815,-159962,43445,6426,1800359,1707379
9203,6185,-84697,44037,5611,1942001,1924414
6963,4370,15826,40926,6204,1772125,1848730
6074,4166,-211945,36315,4944,685609,527590
9240,6315,-220532,48185,3296,1791838,1640842
7722,5370,-143231,47759,5278,1693073,1619490
9333,5982,-56856,42852,6148,696963,706441
7721,5167,70427,61277,3723,1734543,1885192
8962,5371,-227252,76537,3166,1898260,1767508
8740,5945,-176765,35537,5092,2038643,1919544
9333,5777,-86426,45296,5722,1830435,1812767
6907,4722,6356,44019,4555,1849078,1918285
7018,4926,-227471,37333,5926,732949,563256
8685,5167,-202151,44685,4685,694166,557997
6055,4815,-110887,42537,5055,1930061,1880063
11684,6204,-28419,41241,5055,715748,754236
5277,4926,-237320,35815,4777,1923773,1739841
8462,5667,-231296,46685,5055,756904,594126
5240,4704,-140550,42370,4870,1775781,1695156
9129,5593,-55416,76093,3833,1750813,1792416
9648,7889,-236114,41537,5537,2047214,1878081
8703,6426,-191127,42556,6055,2044209,1918840
6629,4611,-174511,38519,5185,1800519,1683860
5611,4815,380215,55555,5537,2182733,2637466
6277,4778,37389,38740,5426,1703379,1798119
9536,5982,-213939,63815,3759,669158,541145
7259,5019,-200600,42166,5167,1792313,1654991
8463,5537,-114928,45092,4574,1710104,1660842
9314,6000,-27997,37759,5870,2033504,2066617
8758,6204,-180028,42981,6074,718766,605496
6258,4797,-209079,33463,4278,2045475,1887359
9592,6444,-134629,52445,3240,1859082,1798211
9055,5519,-49810,85148,3222,1710929,1766415
8333,5852,38844,41481,4352,1740312,1841322
9332,6056,-214446,78833,3259,648351,533404
9667,6833,-163071,50056,3222,1758839,1668194
6074,5204,422654,39945,5889,715523,1197753
7833,5223,6272,47371,5703,1803957,1878656
9166,6593,-200388,39093,5999,1853619,1717212
5648,4315,-168031,38593,5629,1777447,1666101
4444,4260,3863,36925,4778,2046736,2103117
8315,5315,-5799,43185,5334,689035,747626
9759,6778,-232255,39500,4296,708604,539090
8944,5555,-231860,37185,4777,726062,553793
8388,6408,-147800,42888,5593,1788938,1707045
8833,5592,-56480,80463,3426,1763840,1807952
5222,4555,10525,43963,4741,1936056,2007877
9629,6574,-236469,55667,3185,2028643,1869878
4369,4612,-169446,78018,3445,1779695,1703360
4240,4592,-80643,39907,4703,719363,694255
8555,5481,3880,30555,4500,2034923,2089987
9629,6685,-210873,42018,6241,2041899,1898544
4870,4741,-216202,30500,4778,682828,514256
8907,5389,-117363,34648,4185,1840723,1778860
7981,5278,1110674,33630,4278,1983251,3147426
6759,4833,-123537,47537,4185,2062840,2005025
5129,4889,-231587,45444,5556,723454,555830
7851,5037,-103842,37815,5685,659024,614459
10592,6185,-18355,31722,5203,1749419,1787156
10907,5685,467667,44574,5333,747382,1283770
8963,5944,-228343,48314,4852,1968870,1811323
5815,5203,-164949,43314,5648,1790922,1688305
9296,5851,-72241,45352,4074,1788157,1782822
5722,4333,245819,54277,3667,2283555,2600207
5259,4315,-240878,55740,3815,1959201,1789563
8370,5185,-205187,75981,3389,678851,569238
8629,5426,-113553,77555,3352,1670747,1654916
9240,5556,-24252,47389,6074,1808000,1855526
5240,5092,-230949,41426,6148,1985365,1814952
4425,4463,-232314,40703,4037,1871601,1696323
7055,4796,1404500,46166,3685,732118,2200413
8944,5685,-54211,38778,4037,1752979,1758212
7629,5371,-264409,41296,4815,726109,523497
6315,4666,-233366,71370,5666,731438,588830
8944,5815,-153065,34073,4723,1754500,1657601
5796,4333,-83875,36111,5019,1792013,1762434
6944,5037,776757,56129,6278,1780265,2633799
19370,4463,-251623,46111,4926,667379,493219
52425,4037,-226580,70240,3296,689374,595960
8833,5815,-110761,60777,3686,1761732,1732138
6500,5018,-25441,37815,4759,644956,675903
8278,5592,-233786,44925,5778,1889703,1722916
5073,4260,-209726,41351,6278,753834,603681
9555,6500,-1073,35926,4796,642773,701311
4518,4685,-52216,36074,5019,716434,717384
9184,6130,-259580,45592,5371,686984,496108
8704,5351,-215223,40611,6334,1839139,1686935
11111,5648,-140607,40463,6037,628252,553608
8407,5815,-70583,86537,4425,2057812,2095155
8240,5352,11033,69814,3723,1818548,1920192
9666,6500,-235628,40074,3334,702809,529404
7740,5037,-207400,45648,5834,749137,608737
9018,5741,-117654,52777,4963,1715423,1672916
8129,5389,-26890,52963,3611,2099488,2145024
10166,6555,-233476,43778,5611,1995206,1830711
8481,5815,-232064,50519,5277,785709,626126
9185,6722,-145633,41241,4519,1722012,1640305
5833,4648,-20721,38574,5482,650161,686125
7685,5389,28692,31111,4463,1767482,1848396
5610,4741,-193950,42759,6482,1937013,1805322
5129,4518,-149389,77185,3889,674552,618588
10833,6852,-86569,34963,4722,662214,635589
4889,4851,407064,41481,4834,1812960,2278394
9777,6074,-235521,40167,5555,746777,575293
8574,6388,-193108,59463,3629,706791,593793
9037,6148,-117215,51852,3148,1823815,1778971
9481,5537,-13468,50703,3278,1726014,1783490
9888,6260,-245074,47981,6352,1805749,1633175
7592,5444,-213753,52722,3722,731361,589978
9018,5889,-143008,50463,4555,624727,553700
5907,5203,-46891,41537,5352,1801918,1815007
11759,5796,26447,48074,4592,1786987,1885711
8388,5185,-184621,69408,6092,2031795,1938970
8296,5481,-157412,58722,3760,2021882,1943155
5481,4519,-76185,80370,3222,1735842,1755953
8536,5185,21709,53204,3352,1762984,1857081
9092,6092,-68600,31889,4704,1692405,1678471
5110,4760,-197539,48500,4777,1763122,1631305
5741,4037,-100682,77759,3815,1729579,1722286
9185,6093,-31084,77277,6055,643155,713978
4666,4537,252994,39611,5333,1637106,1946914
4684,4167,-232165,40907,5055,1810082,1636249
5907,4926,-97920,54815,5444,1909150,1884600
6000,4333,-55340,42166,4574,698170,702255
9500,7499,-267186,41611,6056,784275,584145
10388,6074,-217070,48130,5963,633011,489237
8518,5333,-164287,39352,4852,1727740,1624231
7518,4834,314142,37333,5130,1783530,2154562
6074,4537,3575,51500,3574,1772766,1844119
5815,4388,-222252,52945,5611,663953,513016
8611,5500,-177432,38796,5037,662614,545997
9407,6500,-123427,42296,6093,1722195,1666435
7666,5278,6263,30370,5037,757492,814680
9758,6556,-220305,43241,6166,1772925,1620657
8500,5388,-229280,43499,5408,800648,636552
6592,4426,-146535,81444,3870,1749525,1702008
5647,4408,-49734,36611,3815,714118,716977
8333,5556,-260561,41926,5537,1989217,1792008
8814,5426,-218111,35536,4667,1801232,1640490
5611,4444,-138180,42185,6333,1730245,1653120
7963,5129,-90915,49425,6037,1791424,1772231
6184,4408,14941,43055,4630,1704919,1780193
5556,4407,-238553,54333,3630,2000820,1833026
8685,5629,-208510,44574,5648,1808538,1667379
6314,4778,266845,38703,5148,683298,1007809
6037,4666,-19296,44888,6148,711904,757070
4833,4481,-212272,35908,4740,768714,608978
8870,5907,-218322,40481,5889,745078,590385
4981,4555,334033,39462,5889,734276,1125826
8018,5296,-26627,38314,6019,1817857,1851248
7629,5296,149193,40981,5796,766710,979013
10018,6667,1464155,39129,5630,1921324,3449479
7407,5278,-186813,38185,5315,1904988,1776490
9888,6556,-64476,46907,6592,1771411,1779322
7277,4945,17973,56759,3870,1757794,1851378
5296,4445,-75743,48296,5500,2004064,1994377
4351,4463,212706,40259,4889,1785560,2054747
9425,5574,-32677,42167,6370,1986184,2019654
8629,5611,-32412,32963,4796,1733124,1755378
8555,5408,-54055,45499,6723,2205412,2219876
7778,4926,-234568,67500,3815,1793095,1645194
8869,5686,-144970,40666,4870,1730016,1647842
5444,4315,-13372,41796,5592,1869251,1915378
9592,6389,26003,44556,5481,776103,870773
8722,6334,-224973,49778,5389,1823036,1670898
7129,4796,-161022,41407,5426,624631,524923
9221,6260,-76796,45556,6203,1727378,1720156
11796,5907,27469,40296,5982,2001389,2094895
5166,4981,-238358,56852,5481,1940385,1777230
8759,5574,-179261,37408,5426,703072,583311
8962,5870,-122681,42352,5519,689788,632403
8388,5241,-14084,67167,3962,1784499,1859044
9518,5963,-232707,45982,5926,1879104,1716379
7518,5093,-218942,66814,3500,1815877,1682083
9222,5537,-152474,41610,3963,2023945,1934229
8963,6018,-62914,39833,4815,1862163,1860952
9685,6222,25573,48463,5759,1768953,1866989
9351,6426,-212217,73684,6130,2009707,1895099
8240,5259,-145694,40519,6389,1770035,1687156
6463,4740,-75688,40574,5111,1714882,1698545
9166,6111,396093,60833,4129,676809,1155234
8037,5203,-222621,41148,6296,654564,494664
6481,5444,-204413,44315,4685,1832033,1692063
9684,6149,-122093,43277,4685,652979,596663
9240,5630,800,42445,6259,747102,814180
5370,5185,-234452,35482,4685,1834720,1653139
7963,5333,-232466,50778,6130,1819548,1659712
6148,5333,-148757,46556,4629,1784692,1700990
4352,4611,-54196,79666,3630,624785,664867
9777,6537,156605,38185,4556,734482,952180
8074,5981,-237074,53074,3223,699033,534312
8055,5148,-172716,39611,6074,653065,541775
9333,6481,-90434,42482,6500,1794794,1771749
5981,4500,43441,39556,4759,2043379,2145209
8277,5482,-233108,38037,4241,702771,528349
6684,5093,-185547,39611,3259,1775908,1647397
4666,4371,372067,31333,4148,2029993,2449337
8074,5981,-23296,68296,3204,652237,716570
6018,5352,-232068,43667,5593,1928983,1760564
8481,5426,-197692,40536,6037,750356,615589
7685,6092,-137594,90833,3611,1734326,1707583
4944,4203,-57330,41204,5518,1780524,1781211
5000,4204,3131476,34074,4444,785575,3967347
18869,4593,-122169,49425,5204,1795733,1753637
7666,5167,-172684,41870,6000,1787934,1678046
8833,5648,313560,91889,3611,757563,1183974
5278,4481,1493,50573,4149,634336,702959
4944,4222,-244371,37574,4388,738369,547848
9593,6703,-213625,41259,5222,1821764,1673787
8815,5722,-120065,75000,3315,1707166,1682472
7130,5037,-31449,45185,4352,1751790,1784860
6666,4871,-240369,43759,5741,1982358,1805563
8389,5722,567282,35999,4556,1712205,2336838
7333,5537,-149191,45351,4537,1734497,1651379
6240,4907,-46686,45629,6074,1705955,1724138
13667,5926,35003,41000,5593,675455,779181
7426,5240,-222230,42833,5592,1810666,1652009
8758,5685,-183614,57222,6222,1787012,1683804
5481,4556,-90554,46204,4759,1785340,1757953
8315,5259,10729,38388,5000,1794187,1864359
9203,6389,-227154,34352,4593,834168,663366
6037,4667,-185075,82741,3129,628331,542553
10240,6722,-104662,38944,3241,1767208,1724045
8537,5592,-11509,55593,3222,1735221,1800175
9278,6129,-226354,28407,4204,1883511,1707824
5536,4667,-228090,44648,5037,2189689,2023858
9815,6537,-154437,83815,3296,1770723,1721749
9222,5981,-67395,37445,5074,1772514,1765341
5055,4315,-264963,38926,4685,2128100,1918525
8963,6630,-235495,33167,4352,2070409,1890137
8630,5666,589286,41648,4722,691485,1343474
8537,6222,-94021,46999,5426,610111,585348
9463,6630,9354,42111,5574,761974,837884
6629,4611,-224047,45296,6815,2000110,1842359
8314,5407,-209467,54833,3852,1760180,1626638
8796,6093,-126352,54907,5852,1817045,1769101
5463,4740,3876,56240,5945,2218352,2296764
4907,4629,-237303,39814,5000,705764,525478
9203,5371,-234058,36204,4722,749073,572960
5389,4852,-103034,34629,4907,1848709,1797490
5184,4574,-52251,52241,4963,630118,647236
7296,4741,-240356,35185,4481,1923531,1737286
8777,5352,-204758,50666,3926,706533,573126
9759,6296,-135531,35000,4426,659213,581552
5277,4630,-83155,38333,4629,1764646,1737730
9592,6019,39905,45610,5945,1773621,1883878
9129,6315,-241255,40796,4685,1838135,1660361
8018,5259,-189880,70648,3222,722043,621663
7833,5241,-102134,82648,3277,590465,589923
7777,4907,-10980,37407,2963,735365,779810
9870,5981,-220271,32667,4111,2126741,1961358
8185,5129,-202673,42074,6297,1809904,1671046
9499,5908,-123224,39204,5907,1736325,1676323
6518,4648,-48385,73000,3537,1705486,1746934
8759,5574,24953,46222,4111,607969,700366
9703,6315,-235170,63111,3963,695685,546182
8722,5611,-181554,35389,4593,791439,666052
8981,5519,-80549,44130,5814,1923760,1910007
9426,5981,793249,35611,4556,705186,1556028
5426,4685,-108686,51870,3093,620331,579627
7555,5148,-204106,46222,5574,1848040,1711156
5111,4592,-86823,40296,5963,664209,635922
5055,4315,-26152,42870,5723,662370,696422
10907,6370,-230164,41314,6445,1798784,1635749
8851,5963,-223844,60537,3926,733526,591330
8999,5667,-148265,45889,5481,686614,607570
9055,6352,-54519,74518,3426,1813157,1854508
8573,5222,-253068,32537,4129,720862,520737
8407,5296,-197711,30963,3981,1885757,1739453
5703,4537,-178169,77925,2945,1766882,1682230
8703,5371,-95239,56685,5426,661476,644422
8518,5778,-6585,78666,3278,1736130,1828156
9296,6426,82364,55093,6407,2876100,3038704
5667,4463,-63538,42722,5204,718774,715700
6389,4555,9320,45815,5833,2195111,2269468
10055,6500,163991,48074,6000,3043397,3281239
8462,5019,-232983,40537,5778,731350,560534
7944,5185,442649,35166,19611,2455482,2968704
8148,5555,-226676,32185,4407,2544570,2370763
6166,4463,61457,44019,6037,737241,861439
9129,5556,-80759,34759,4908,2189838,2165987
9259,5981,-154253,53259,5592,2041428,1963636
8574,5352,758396,39982,6148,2106938,2928187
8296,5444,118145,40148,6056,3073132,3253832
8629,5630,-194570,96352,4000,2006318,1928433
8259,5296,-44195,44167,5685,2281052,2302672
5740,4389,-143893,44185,4500,2104474,2021932
9778,6444,-129018,34834,4722,2180505,2110228
5758,4037,-31512,39296,5500,2053500,2079487
5148,4370,-50952,42871,6351,2076570,2086876
9555,7074,37220,42407,5741,2408598,2512892
8684,5871,-156274,36888,5037,1734617,1637712
5796,4481,-57620,56314,3648,1763759,1778563
5926,4629,229032,43444,5574,1985974,2276783
9277,5963,-241165,35074,4686,720124,536330
8889,5463,-183494,70167,3241,1827594,1734860
8610,6056,-95562,47259,5481,1707830,1683008
6536,4482,9313,62777,3204,1791139,1879803
9573,6648,-204236,32019,4166,1919171,1769711
9295,5630,-67176,32445,4092,1775314,1761637
7889,5444,-119744,58925,5130,1749271,1709008
9648,6000,-37332,42407,6075,1823802,1853026
7907,5407,-244696,51333,5500,2038185,1865674
8073,5352,-227061,47241,3444,714891,553996
9722,6629,-126815,44277,6463,1732936,1675805
7574,5018,-44180,33889,4425,2145743,2154802
9055,6833,29140,45833,4815,1724887,1823267
6981,4889,-238595,43407,5222,666056,490034
8611,5500,-167905,43778,5815,688975,587182
9536,6130,-82807,73703,3426,1710630,1723119
7129,4407,1002342,57630,3222,2348379,3425257
7981,5555,-37351,55630,5185,2034487,2073728
24333,4611,-211772,59852,3315,1827799,1710397
9796,5518,-121804,47371,6018,685689,634552
7962,5630,-18058,77666,3408,1772843,1851452
8036,5130,-227274,28351,4075,761418,582126
4740,4148,-226157,56573,3019,1779852,1624749
4167,4518,-150800,62555,3185,1793994,1721101
9370,5963,-68295,64703,3611,587329,605015
9074,7555,17821,40907,5167,2088222,2171321
8444,5648,-222044,42389,6593,1804200,1647953
8759,5463,-156520,40444,6389,2137063,2044025
9425,6630,-96737,53648,4611,793010,772532
8388,5278,138638,40926,4462,2121775,2321615
9240,6648,-38670,41592,6315,1751419,1779304
7870,5037,-209776,43481,5593,735309,589589
9333,6241,37728,38241,5944,1992741,2092617
6518,5092,778102,38518,6000,2385602,3221999
7778,4963,-171630,79055,3667,1696287,1622769
9204,6481,-239643,45519,4240,1847633,1676676
6722,4778,-138490,83166,3500,1701296,1662990
9426,5833,-67985,56833,4037,695407,705570
4685,4481,26872,89037,3556,654956,786421
9221,6019,-226177,51296,5944,678804,527941
5759,4741,-161320,42111,6185,635410,535664
9500,6000,-92611,45148,5759,2025896,2001989
9130,5907,16412,39685,6167,1858484,1938563
8259,5537,-241933,41593,5703,1866775,1688361
5463,4667,-175021,39204,5796,690110,573738
5592,4704,-103312,39389,5870,1745580,1699953
8926,5722,-1733,38741,5907,723728,783255
8796,5870,-228078,31907,4871,2002937,1828600
8759,5852,-53833,32407,4667,1864414,1864896
6074,4574,-154105,100888,3556,624583,587663
9500,6574,-70711,46759,5704,1679053,1679657
6185,4630,38479,89648,3500,1669769,1814563
8593,5537,-239551,55036,3834,2025429,1861397
5351,5000,-186249,54388,3222,674099,558274
9093,6092,-11930,29296,4482,1896733,1936544
7315,4944,-7499,97778,3481,1738507,1846860
8740,5593,-89549,35611,4593,1920630,1888119
8703,6259,-218820,46296,4944,1722052,1572213
8388,5574,261646,50444,4945,701144,1034605
9851,6482,-13385,38982,6037,716806,766477
9074,5629,-222397,35204,4870,1831017,1665546
8610,5426,-226058,42074,3667,767832,603552
9426,6185,-153775,100370,3629,1674822,1642824
9500,6537,-72178,42982,5592,1763705,1758046
8369,4686,42771,34500,4796,1827977,1925062
8648,5444,-172388,33092,4556,822107,704163
5332,5149,-161106,32574,5407,1757930,1647860
9685,5537,-86841,73629,3463,2400938,2408875
9315,5722,-10447,69925,4260,1741696,1823841
9389,5963,-237163,55166,6222,705790,547367
6592,4740,-217361,42000,4463,764580,607459
8629,5611,-110801,45815,6555,650465,608644
4963,4481,26926,38593,5944,1988803,2071395
4573,4278,415486,44148,5981,1629965,2106987
9629,6704,-211469,93629,3629,1840479,1745138
5462,4408,857846,37740,5315,1864471,2777372
21684,4408,-79608,55241,3518,1721431,1729545
8611,5592,-270730,40536,4815,1953610,1745656
8648,6333,-199374,41815,6111,1916752,1782841
6926,4537,586702,53741,3666,1778506,2436560
8093,5277,295561,39444,4704,735118,1091272
5499,4315,-5525,36333,3889,1817255,1864433
8851,5760,-221278,58462,3889,1923564,1782175
8370,5871,-215255,57000,3445,1840855,1702805
7703,4982,-125749,51999,6074,642932,590330
9314,6130,-19837,42981,5723,1784807,1832026
7722,5241,88075,39426,5870,1794673,1943600
5259,4370,-242770,56352,3537,737526,566645
7703,5111,-159190,48370,4963,1783754,1692860
9018,5408,-56297,43222,5778,1724398,1733620
6573,4408,57986,34685,4592,1707430,1818007
9388,5759,195491,47407,6149,1977847,2244486
9351,6259,-179595,59352,3482,1792214,1693378
5074,4778,-93312,39833,4315,619938,583090
9869,6130,158304,33277,4278,1892758,2107394
5981,4852,-118856,43314,5130,1857883,1801045
8944,6482,-205648,46148,5945,1768175,1632639
8537,5555,-12624,46315,5981,728509,784588
9462,6593,-28730,42204,5870,1705072,1742619
8704,5629,-261871,40648,5518,666629,467961
9315,5629,-228236,42018,6074,1807079,1644361
9629,6204,-144824,39499,5741,1715518,1633823
9777,6278,734251,41685,6260,649610,1450269
9759,5555,51649,65648,3778,1807969,1946544
6278,4555,-232437,47093,6037,753230,587441
4962,4704,-186969,41500,5963,838613,711551
4314,4556,29480,44166,5723,1851416,1943470
10111,6685,-13663,36093,4704,1808336,1854304
8815,5537,-66750,44981,5889,1792739,1793749
5593,4277,-217595,42185,5963,703926,546516
8092,5611,-112331,42481,5722,1796988,1749378
8629,5019,161154,36926,5074,1903315,2122376
8926,6222,467751,47389,6333,703557,1242956
8889,5444,-202555,40129,6074,693256,553978
8296,5389,-142736,42426,6018,1853170,1775082
9055,5852,-58601,40778,4778,692689,696496
5537,4815,-272539,41611,5148,1919196,1706379
5759,4333,-173330,40463,5555,636346,521849
4796,4759,603061,84314,3926,682061,1385603
8926,5981,-101449,40425,5760,641723,604052
8592,5259,-14926,57093,3870,1858840,1921377
7610,4982,-244846,40963,4574,1994724,1810600
5296,4722,-213766,55037,3852,723892,581719
8814,5926,-117317,72278,3092,1977861,1952543
7851,4981,-38533,38963,4148,1809263,1829174
9740,6148,-231231,34130,4166,1924795,1749823
9203,6000,-232114,63962,3111,1811457,1663620
5481,4352,-144795,70944,3019,1684618,1627101
7036,5074,916855,41203,5148,1811926,2789353
21259,4315,20178,44111,5389,1701552,1798878
5740,4667,-239649,49185,5667,2094285,1922118
8074,5426,-152144,39259,5649,1778819,1687398
6037,4963,-79546,43518,7852,665394,650719
10000,6666,-781,67277,5945,1673197,1765156
7759,5426,-229368,35408,4981,2154097,1980933
5925,4648,-215566,50908,5851,749304,603422
9611,6630,-115228,84425,3704,1768755,1759934
8981,5519,-37778,40333,5111,763014,787440
9573,6463,-247661,41222,5426,1966836,1784526
6684,4889,-222859,40148,6055,671912,509219
8185,5296,-148095,83537,3815,1711622,1666361
9315,5740,-67293,33074,4666,1814728,1802453
5055,4926,58174,31796,4241,1743537,1850267
8870,5592,-239393,38296,4111,753075,573052
8500,5259,-179462,78351,3111,728904,646811
5092,4463,-96032,44445,4833,1777206,1742693
8962,5556,1270,58851,3260,1762441,1843229
8722,5518,-71891,33241,5148,2288285,2271561
9555,6111,-178496,41277,5686,1811486,1698230
5351,4611,-103417,33704,4277,1789815,1737230
8648,5945,-29357,51648,3352,1878530,1921211
5055,4241,-237425,38297,4777,2158172,1975544
4870,4389,-242400,70666,3222,1823150,1667416
5296,4408,-157340,55666,5612,1806644,1722712
9407,6167,-33298,41685,6204,2067007,2099321
5166,4370,17171,35259,4796,735140,804458
9556,6185,-239083,43463,5741,2042571,1871304
5277,4759,-188614,78907,3667,1766160,1672582
9184,5982,-104146,40592,5481,1719063,1678730
8832,5056,-16697,38148,3871,702229,743754
5574,4555,-227153,51407,5648,737206,580015
8574,5388,164869,62778,3796,1976303,2224413
4610,4556,-78180,46037,6018,767658,753421
5925,5093,-29064,42370,4574,739282,770773
9518,6278,-244465,40833,4870,1918214,1737934
6518,4945,-245775,41352,4648,1830895,1645305
8333,5519,-162307,40926,4778,729525,629367
9351,6648,-58505,43944,6463,1777014,1786971
10666,5574,44370,35370,4630,1847804,1951303
6851,4982,-232587,53741,3833,1938058,1777786
8073,5537,-186562,38851,4852,712578,585718
5888,4667,-97928,71167,3500,1827213,1816619
10184,6852,-16478,54666,5796,684456,747495
9481,6722,-238601,61592,3593,706339,552201
5796,4741,-217689,95037,3537,698019,591941
9129,5889,-134906,49055,5148,744088,680311
5166,4685,-21272,63722,3204,709378,767199
9684,5963,37030,31907,4574,661040,752402
8444,5907,-216371,42222,6315,1831491,1680657
6574,4796,-147014,55759,3796,1795560,1723119
8147,5223,-72454,47407,6130,654450,651885
5796,4277,56644,38111,4926,638500,750792
7556,5481,-240201,54074,3277,1912858,1745120
5630,4981,-188789,87185,3760,661489,576293
9148,5518,-104820,40277,4445,704984,662330
4814,4963,2073,46000,3000,723793,787106
9537,6574,-232995,40722,4778,1882744,1713842
6870,4611,-205526,47925,6037,719635,581959
6055,4611,-127836,53351,3686,1754622,1696582
8685,6019,-44165,45148,5593,681012,705941
4778,4463,-259881,36334,4833,724581,517942
4259,4593,-240727,47370,5519,738612,561349
5704,4592,-130110,43573,5667,2186821,2118414
9648,6370,-41032,39982,5555,1748188,1771138
5815,4444,604767,43685,6167,1847107,2514171
7110,4908,-245094,51092,4852,702924,527867
9796,6019,-175145,40796,6186,727826,617497
8685,6037,-72084,38888,5667,1681019,1670379
9926,5907,-16468,71389,3611,1798698,1875415
9092,6260,-53777,28666,4315,2279967,2276653
7759,4963,-220641,72574,3444,1998556,1869008
8481,5704,-136784,43444,5037,621355,549405
9203,5445,-44983,44851,3945,700257,721218
7610,5519,-254496,44463,5556,1953226,1764082
9574,6648,-155565,40352,6130,735560,645255
10555,6315,-145670,35759,4926,680870,595626
7148,5093,-57795,48407,3667,1773692,1782842
8481,5463,44933,42666,6408,1788315,1898415
9630,6537,-204747,33426,4704,2143938,1996081
8611,5592,-193019,49185,4593,1812435,1689638
9425,6000,-90514,70093,3370,618547,620459
9036,5889,-19694,50019,4981,656209,708459
6629,4815,-116262,48703,6315,1777937,1730489
8074,5888,-221237,38314,3500,757976,594830
9926,6759,-137825,87092,3611,1741890,1713490
6666,4667,729713,47204,5370,710815,1507139
8815,5351,-247165,43110,6334,1989951,1808564
7499,5537,-246790,39741,3666,2131890,1943581
9499,6167,-128600,41352,5629,1685091,1622305
7963,5055,-77243,30741,4407,691017,664385
8536,5815,15429,34389,4333,1793486,1865489
4648,4777,-248694,38852,5222,1967740,1774915
7556,5111,-81783,33463,4445,2172955,2144006
9222,5722,-72221,42000,6444,1759989,1753194
8722,5370,17710,57147,3482,707360,802477
8111,5777,-230784,41741,5037,1950218,1782138
9037,6092,-201408,62759,3666,721239,603978
7907,5111,-113107,70259,3593,631844,608348
7684,5075,-21880,87647,3519,1713833,1798304
5685,4685,-242003,42815,5481,2029863,1848823
7666,5222,-236331,70167,5777,2123005,1978173
8833,5815,-150622,84129,3555,1807891,1761823
5870,4648,-66598,46981,4370,2034865,2032136
9851,6778,33239,39519,3351,1868768,1963469
5833,5074,-243421,48722,5408,667214,491867
8999,5704,-191119,40981,4871,2055570,1927507
8555,6166,-106354,39888,4926,1968270,1924062
8833,5425,23799,35870,4537,1818783,1899655
8352,5685,54155,48963,6630,1637686,1763601
9592,6074,-186653,40759,6000,1811180,1689657
5592,4426,-133685,35278,5740,1779898,1699453
5241,4388,-41846,41777,3667,741157,756792
7537,5370,-244858,46777,5704,810689,633830
5000,4166,-245335,39315,3648,764424,573830
11166,5963,-169201,45019,4092,1802857,1702304
8907,5833,-70381,33815,4445,1752833,1737915
8370,5611,-269837,40555,6000,1929550,1722620
9536,6389,-202721,35093,5111,2138691,1993969
6073,4760,-191901,70574,3370,1771725,1667194
9332,5649,-108618,42740,4537,662393,618440
6184,4611,-13539,59556,3278,1810416,1872951
8778,5518,-237292,61778,3666,687864,532460
9258,6426,-226897,46185,5185,1789981,1633397
5852,4944,-133263,40333,4556,1983826,1909489
8851,6222,-23258,39556,4314,1975673,2013525
9500,6278,425597,39592,4908,756803,1245178
5166,4649,-250080,54352,6648,1845070,1667805
10666,6611,-125297,41815,5907,1763565,1705341
9296,6074,-31236,40481,5926,1813485,1846674
7278,5000,16879,36593,4796,1749924,1823026
5999,4926,-205114,28741,4648,2059547,1901525
4592,4722,-148960,61851,3574,1811710,1740008
4018,4704,-75308,27111,4834,2024425,1991988
9426,6000,-12432,67185,3648,693094,769718
7944,5315,-243703,44444,5648,719423,541645
9370,5574,-229142,46074,6352,789120,629607
7315,5055,-96156,39148,5685,1781405,1744564
8703,5537,-48817,42166,5963,1803344,1819100
5388,4556,1290108,43778,5444,701546,2053321
8352,5537,-241491,49018,3537,688859,516516
8703,6315,338827,40647,4982,696185,1098326
8333,5426,-61611,58797,3407,655699,672904
9295,6556,623188,42093,4463,1962925,2650947
8888,5500,-142747,53185,3555,1841941,1773675
4870,4685,-191279,51444,6185,711498,589978
4352,4518,-102144,74926,3314,1735153,1722379
5092,4611,-14769,48741,6222,2136386,2188598
9869,6186,-193374,40407,6018,1835420,1707100
8647,5574,-225109,41593,4944,1784544,1622379
8962,5871,-140215,37481,4148,1806909,1725156
6870,4611,-13062,34370,4166,673836,713366
8999,6445,256738,41926,5222,1971378,2292801
8611,5666,-249902,39648,4111,2116169,1926711
5852,4703,-166582,48851,4797,1764276,1665324
9074,5629,-80559,34908,4703,1790456,1766638
5796,4500,292075,51426,6351,1903616,2266579
5277,5148,-204010,36518,5444,1969334,1820378
8351,5463,-197394,42722,3871,1762569,1627972
9666,6778,-109130,34834,3666,1862212,1810119
9314,6000,-19625,70537,3945,1827817,1900674
5833,4944,-119267,47834,5444,1703554,1650898
8129,5185,-212261,45703,6074,1836900,1692267
7981,5000,-104626,38777,5463,2002542,1957285
9481,6926,-11455,37445,5481,1818000,1868341
5963,4629,42032,63240,4130,1854216,1976896
5777,4482,-229203,50555,5574,694737,534422
9388,5963,-155216,91629,4241,1708077,1666397
5203,4815,321510,46610,5889,1840441,2226524
9056,5999,25424,92111,3722,2095082,2234154
7055,4926,-247181,39703,4926,754234,566367
8870,6241,-196658,47056,4685,1731111,1603953
10240,6222,-113189,84870,3463,1714531,1708360
4777,4852,-12314,131129,3297,1647359,1781434
9332,5704,-212733,54925,6389,1902594,1768915
6518,5222,-200950,55481,3704,746169,618681
8110,5685,-113500,59184,3315,1743343,1708638
4852,4166,-36773,41685,5037,2176446,2197524
8537,5611,-20157,46574,4518,807116,855032
9666,5907,-241058,50555,5722,708685,541830
6258,4741,-133349,39759,5666,1814062,1739193
9204,5907,-80122,37889,5166,1770575,1750712
7426,4685,17975,35371,4629,1825143,1897656
9499,6408,-241648,67037,4833,1989489,1838137
5648,4556,-192180,83000,3815,1769873,1677157
9870,5778,-111545,54333,6500,1847367,1815545
9444,5741,18423,65278,3592,1717085,1822101
5685,4407,-107941,34185,4315,1757154,1700490
8018,5000,-226954,48722,6185,1770963,1614509
6740,4870,-123690,83167,3407,666409,643088
5425,4519,365943,55203,3889,2066672,2503799
8111,5482,-252531,46278,5500,1898168,1712953
9778,6796,-225247,41444,6315,711281,552886
7110,5037,-166834,90055,3574,1780566,1721712
5203,3871,-74626,71722,4555,660752,673533
8795,5852,22916,47815,5685,1805351,1899433
5093,4185,-220152,71685,3444,1951771,1818619
6870,4611,-183702,73037,3833,2041784,1949044
7722,5388,-108882,51685,6130,1762742,1727193
9815,5851,-21432,39481,5111,1821385,1863156
6647,4834,-236149,44352,5722,1815583,1643527
5462,4408,-189588,37740,5815,734103,600422
9407,6278,-144212,64722,4111,1817739,1760397
10388,5963,-47892,35648,4870,1789141,1800156
9667,6740,34668,39963,5463,773364,872551
6055,4889,-228215,35333,5019,2264091,2089617
8630,5740,-157468,56740,3445,648132,567886
9851,6945,-83408,78426,3240,2020415,2037840
8833,6185,27134,50926,3166,744973,843847
5907,4796,-204823,32611,4537,2045682,1891451
7981,5722,-172595,43685,3519,1778085,1669249
9148,5870,-106460,58074,3833,1725951,1699027
9018,5703,1523854,50463,6222,791281,2388708
8333,5426,-218671,67110,5908,2019641,1890359
8722,5648,-228221,45870,4556,2071339,1910526
8777,5833,-98697,66277,3556,1710632,1698749
6407,4740,-32637,47371,3259,1838126,1870063
6388,4889,-262019,38000,5018,673906,468367
9055,6333,-228310,42574,6500,1804468,1642694
7982,5314,-169490,36852,4444,1816295,1703824
10055,6130,-83986,64870,3908,1704660,1707842
8907,5648,30131,40482,4851,694661,786848
9037,5277,-242603,40907,5130,746971,567478
7759,5222,-199783,34148,4222,1849310,1703694
5148,4333,-67778,41925,5723,1655157,1646768
4037,4629,-347,50222,5259,615881,681996
8499,5574,-240730,56630,7629,663987,504089
10056,6518,-216873,81093,3796,1783659,1670916
8314,5130,-132571,50110,5945,1811302,1751619
8722,5703,-50862,44204,6185,635821,652329
6092,4592,-255800,40666,5852,743057,547256
6647,4760,-242055,68537,4037,1960025,1804100
8425,5963,-167327,45167,5703,721768,621718
9000,5944,-82248,37778,5296,725114,703292
9074,6093,37164,46185,6593,1696473,1803619
8518,5740,-241273,41111,5519,1948040,1770063
9759,6629,-195620,70352,4481,1983017,1882359
7796,5333,887270,29426,4814,1773752,2711187
5092,4463,-2980,46111,5778,1861710,1922693
9426,6592,-215140,72351,3722,855582,735348
9370,5500,-204802,83796,3389,1746607,1646565
4833,4574,-191389,34907,4444,741090,601237
4221,4500,-45458,31852,3703,1839911,1841174
10000,6500,410545,42315,5815,2040310,2518004
8240,5574,-235076,35722,4926,702221,524497
8333,5333,-169127,38130,4574,1792821,1682583
4981,4204,-74918,53740,3722,683544,677311
10018,7741,-31339,36167,3963,2326806,2355597
8741,5666,-237628,39314,3352,2091599,1913600
8407,5408,-193383,98926,3592,664565,590126
5444,4185,-91655,31407,4778,2137569,2094117
8148,5740,-15650,48037,5852,584369,639033
9796,6500,-242940,42537,5037,2024355,1847322
8204,5574,-230380,46204,4759,1819666,1656046
6481,4648,71218,38518,5611,1826234,1954896
6184,4241,-13906,42666,6519,1748266,1796878
7925,5167,-226104,42648,5741,2212258,2050228
9370,6426,-218154,36130,5352,1849069,1690823
5407,4334,-113945,45574,4611,1780657,1730046
9018,5611,-46995,33315,3888,651992,659737
5573,4482,35491,80296,3852,689226,821198
8795,5760,716864,37611,3963,1678769,2454448
8555,5666,214687,31796,3648,1781154,2047950
8462,5389,423173,41907,6426,1793277,2280653
8277,5408,758898,42111,5908,1845048,2668058
5667,4777,468276,41926,5833,1764692,2293727
6056,4981,-179920,34852,4370,1763374,1636417
4907,4481,282121,87796,3796,1799793,2186024
9629,6426,-38372,34444,4185,1854362,1873378
8074,5389,39466,77425,3722,1712894,1849804
8814,5815,554802,44167,6093,759059,1381010
9148,5963,-171430,34926,5740,1989993,1876711
8759,6389,696313,70703,4185,1756950,2546818
5259,4537,481227,42685,5666,760452,1302585
8740,5259,-20654,39610,5889,2155957,2197190
9426,6444,189665,34833,4667,717033,964865
8888,6315,681631,47092,5222,772787,1524935
8518,5593,426804,36426,6148,758096,1243993
8055,5704,-94429,39574,5370,1796030,1762693
5407,4204,-226831,31019,4611,726309,547256
5611,4815,-132548,42630,6555,1719112,1648768
4481,4519,-47765,41722,4352,787056,796754
8389,5388,236425,75778,4259,1848970,2181413
8962,6241,-242938,34333,3963,778027,590756
9740,5908,-221859,34130,6907,724930,562275
4777,4333,-64057,42907,7333,701239,698977
4500,4074,91780,44463,6093,2165113,2318412
7352,5407,-241379,40185,5574,2066350,1885508
9333,5777,-191874,39500,4667,1839290,1709304
5167,5314,-108424,50703,5204,1993487,1953841
8851,5945,6710,33555,4518,1962871,2025691
5462,4519,-202358,32907,3778,665984,512682
24518,4556,-211297,40407,5685,657535,523460
4555,4463,-127810,32074,4352,1814503,1734193
10407,5537,-48713,75593,5333,1772961,1823341
8648,5685,478976,32352,4092,686665,1218956
8889,6518,-245034,34074,4667,2162485,1974507
5166,3889,-165029,71740,3167,1830889,1752545
7055,5000,-37376,52315,5963,2176178,2211617
8851,5945,22407,44907,5704,753366,843699
8962,5333,-207919,42092,6426,2060001,1917581
6222,4648,-145396,48500,4648,1765479,1686860
8407,5481,-106576,33000,4796,1846325,1793785
9407,6000,17262,44945,6037,1749597,1835267
8721,5463,-241972,39889,5722,1999480,1819952
5351,4537,-192670,36259,4926,731445,592570
5463,4740,-122202,43370,5871,1827488,1767397
5092,4482,-8179,67092,4056,2026203,2101062
8666,5352,432954,52926,4666,719095,1226511
7907,5185,-247426,41370,6482,744997,561238
5351,4241,-158403,44537,4833,1825930,1729971
7259,5056,-44176,34945,4777,1792573,1802730
8037,5129,3867,34796,4148,706333,764644
9869,6741,-218571,67703,4315,2024190,1897081
6000,4426,111858,39870,12815,1907222,2084803
8592,5667,-114135,41407,5630,1785587,1735175
7555,5167,-11352,37629,5000,776533,822884
9481,6666,-249383,39778,4556,1873206,1686897
7722,5222,-223488,52648,4277,1833646,1682120
5092,4204,2195895,42186,4907,1817025,4071846
9592,5463,43746,48315,5759,1768040,1883285
7536,4908,16952,41648,5667,1805759,1884600
9740,6352,-248597,58019,3611,1802494,1634434
8684,5760,-141647,41981,6259,1714045,1637879
6296,4574,-29161,56222,5186,647415,692903
7889,4944,13178,44870,5797,1803144,1881933
9296,6555,-245185,34185,5037,780145,592867
5425,3982,-181255,29796,4704,1782060,1647675
8407,5240,-117619,44611,6185,576172,525126
6166,4408,60014,40204,5537,636981,755588
5796,4018,-241256,39925,5648,2013135,1829785
8981,5593,-68604,31259,4945,1990518,1975488
8944,5426,-139616,38925,4037,1794403,1714527
5537,4352,-53001,70019,4092,1847712,1881304
5074,4277,46450,51592,4019,675509,789366
9944,6537,-208988,39314,5889,1822016,1677305
7277,5130,-164872,54814,4111,718888,627478
8536,5815,-60645,82963,3259,1776283,1818989
10555,5204,11508,41093,5555,1816370,1892619
5981,4945,-240189,41129,5778,698297,518553
9370,6648,-162536,36833,4945,1818155,1716064
6444,4611,-112068,49963,6241,744156,702884
6555,4630,10215,45500,6407,1846589,1922267
4981,3833,-244223,35723,4666,2037434,1845619
5907,3981,303318,37814,4223,777250,1135104
5944,4593,-141064,36759,4722,1807313,1720823
5129,4667,-45745,40889,5611,1813308,1826174
9759,6203,-272015,33407,4185,2055542,1839582
5130,4333,441153,43889,9796,1695686,2202395
7666,5241,-169246,36518,4907,738576,626181
9277,5667,-81575,37185,3908,1855471,1832637
9055,6074,24190,79259,3500,1742263,1866989
7055,4889,-240044,43722,5870,2093163,1917896
8574,5222,-198373,43871,5148,1788214,1655490
6981,5093,-110868,33130,4666,710605,652144
8611,5315,15156,64777,5741,1970961,2073025
8352,5518,-248356,41241,5741,711390,526793
55351,6944,-247628,61704,6018,1936840,1822026
7667,5111,-31513,54778,4944,694731,737792
9425,6574,-54248,37426,5296,1729053,1736415
7722,4759,-270556,34944,4408,1980953,1764675
9240,6092,-223828,37500,4407,802714,638922
5370,4315,-164472,35500,3889,1808924,1697156
8370,5463,-86059,45629,5186,696833,677626
9703,6000,25539,47777,4741,1680581,1776712
7722,5074,-243863,49871,5185,1966759,1793397
8795,5852,-205357,38445,4740,1824199,1679008
8518,5648,496553,34445,5018,1647712,2199950
9018,5500,25912,62074,4185,645232,753977
6722,5685,-115693,33611,4723,1848701,1786508
6370,4796,-222335,47277,5797,1824770,1669286
9074,5389,-135275,44111,4833,1743080,1673564
8074,5277,-57640,36463,5445,725635,726310
5203,4519,419733,41537,5352,1857049,2336171
5870,4315,-244313,86110,3852,2050932,1909008
9222,5740,-143438,41889,6130,1685688,1608194
6907,4852,-74248,61889,5796,1778330,1785971
8074,5611,90424,37352,4814,1965805,2114747
6333,4629,-217791,41388,5723,764881,607515
9389,6296,-204601,37740,4871,768783,625200
8036,5186,-79800,39592,4704,1830993,1811545
5407,4371,13631,31259,4129,1828784,1889859
9333,6129,219580,34148,4149,1926314,2202098
8407,5574,-204598,41333,6297,705243,564997
4926,4759,-139371,97130,4277,1809398,1784249
8889,5537,-55607,42815,6167,1841373,1851619
8944,5666,452490,65629,4204,747244,1286288
7722,5426,-238650,87888,3871,2163434,2032488
6870,4815,-172071,93000,3463,649105,587701
8795,5297,-84788,40981,5593,1743259,1721545
8240,5093,4754,90203,4093,1787087,1902526
5184,4852,105630,33926,4611,1914210,2070691
9851,6129,-179049,40463,5093,719416,604070
7166,4908,-97230,30963,4611,1835275,1789119
9055,5760,-20132,59018,3760,1825916,1885600
10833,6611,-128422,40444,5908,1704708,1643361
5574,4500,-223361,42389,6019,2330903,2168673
9426,6611,-31837,46055,4722,679445,716977
9055,6278,-24295,41722,6241,1722025,1763379
7944,4611,1235780,45981,5611,1931072,3233092
4796,4278,-125913,59463,6333,675557,626644
7332,5241,-164370,42222,5870,1759342,1658490
6536,4611,-57662,43741,5981,1764745,1770637
9463,5741,274046,41277,5500,1633702,1972804
8999,5519,-208521,40741,5481,2038176,1892748
8370,6019,-246830,46222,5240,708309,529756
9389,6000,-118196,32111,4019,1766796,1702527
5333,4314,-260782,36111,4315,2058938,1850618
6426,4704,-232907,36537,4889,1777508,1599213
8573,5686,-229827,77388,3741,730490,598070
9611,5925,-105192,49574,5852,616115,583941
9333,5574,-27669,47870,3482,733757,774699
7593,5277,53726,56425,5797,790602,922106
8370,5444,-249490,69685,3648,2111034,1951377
8092,5389,-170596,36555,4741,666408,553330
8926,5518,-83554,44741,5648,697735,681404
5092,4482,616726,43296,5889,2321904,3000075
5426,5037,-230080,51574,5815,713373,553552
8870,5704,-207464,52926,4704,681923,548904
5277,4556,-103514,47296,5945,1712022,1673564
9684,6019,46102,41426,6241,638856,750347
5981,4648,-254983,39574,5777,861832,665644
5703,4611,327168,40722,6351,610290,997290
5870,4593,-139418,84370,4389,1742204,1704286
9778,6259,-49950,38426,4704,747001,759551
4851,4667,40148,40000,3926,1795063,1891359
8389,5240,-195808,46092,6148,1970391,1843897
5073,4056,7548,39685,4833,1708312,1771989
9833,6000,-42280,41852,4370,1724418,1746675
8203,5333,36485,42148,6333,2052984,2153894
8462,5519,-252213,44815,6111,757932,573219
5703,4630,-204022,70351,4093,1760753,1643953
9611,5926,-108628,37240,5982,1761322,1713546
4444,4463,29692,80129,3908,1962407,2087155
9129,5759,-228579,45296,6185,770280,610089
9610,6667,-232981,36759,5018,2023508,1851322
8018,5148,-38496,35722,4723,1969465,1988154
8648,5444,-55305,39000,3444,1795165,1798730
8407,5148,40256,68296,4352,1775326,1903841
8536,5519,-244386,42241,6389,667735,488053
9148,5833,368154,35093,4407,1739389,2164043
9130,6351,-90153,57296,4000,1746384,1735360
8722,7463,27203,35907,4723,753865,840662
9389,6203,-226216,36241,4889,1907298,1740564
6295,5500,-160118,41704,6241,1750849,1653471
7444,5056,-74373,48019,5407,646776,640607
9369,6056,31948,40092,5741,1812523,1907914
9204,5833,-254379,63388,4130,676654,507534
9481,6648,-231615,41704,5926,761796,596293
5647,4074,-146183,116944,3852,608532,594904
9777,6500,-34697,43166,5982,2313924,2346671
8944,6074,41494,34388,4871,671724,769718
8258,5408,-249500,48648,3703,1998471,1817322
7167,5185,-118495,43185,3722,633936,577034
5351,4241,-72268,47167,5944,1709351,1702138
7240,5186,11070,76556,3574,676351,782810
6907,4944,-248848,41740,4667,718087,529904
5462,4278,-204380,99555,3574,762377,673144
8889,5944,-121097,33092,4371,691149,624904
9167,5500,-16649,29093,3926,1803415,1836823
6130,4666,-210494,38982,5722,1947669,1795008
7704,5111,-222489,43704,6296,688837,531775
9555,6000,-227965,37723,4296,686887,518663
9852,6000,-62849,41334,5574,1867245,1869526
6018,4408,-266898,42222,4926,1970202,1764082
4666,4593,-246929,47666,5759,683538,501830
6907,4834,-174073,34537,4611,1835266,1714509
8629,5334,-67642,41593,4648,1714965,1709972
8999,5871,-785,33296,4982,1789181,1843693
4832,4945,-234130,37426,5370,679998,500460
9111,5574,-209958,57463,3852,1841633,1709842
9370,5963,-122138,89277,4074,1753221,1742267
7778,4944,20274,35759,3574,2006418,2081229
8611,6037,-246275,43629,4741,1905468,1724767
7092,4482,-236529,81519,3499,1741353,1603491
10647,5704,1050027,36407,4537,2146639,3256591
6203,5037,-239888,36482,3852,1854248,1668990
9370,6537,61171,39778,5778,1759965,1885062
7425,5093,-216488,42036,6519,1799942,1646453
6481,4537,-161317,45407,5704,1869269,1772563
5277,5296,-87422,31037,5129,625790,587144
8814,5741,219859,42278,6259,1998239,2283246
8481,5740,-222800,43556,5685,692871,535959
9629,6186,-176610,41426,6037,1756100,1644787
6648,4740,-121530,37278,4888,1710280,1644916
9314,6500,33845,35833,4815,669206,761606
8778,5351,-84593,34370,3926,1762398,1732638
9129,5204,-232569,36759,3407,1849578,1674305
5648,4444,-93823,41907,5519,641449,607441
9499,6611,-57781,37037,4352,1723623,1726045
5000,4759,218371,34185,4908,1654784,1924396
9259,6482,115284,42870,4556,1696760,1877878
8462,5852,-167579,45926,5926,723483,624811
9148,6592,-88240,60703,4722,1795453,1791323
8870,5444,153820,46851,5815,709528,932421
10574,6574,-70526,64740,4019,771818,789940
5407,4518,-178039,38648,4945,1707992,1586249
9425,5815,-80478,46666,4445,1701468,1690823
8055,5222,-26861,47796,4907,775487,816810
9352,6518,-251355,77111,4259,1995993,1844489
4814,4574,-230980,80352,3907,706107,571181
8962,6463,-146234,32463,4852,679045,588274
7277,5019,-23192,35000,4426,1830199,1861100
9167,6611,42387,97185,3741,661700,823736
8278,5500,-245495,36166,4445,745214,556256
6611,4944,-155471,35481,4982,894152,793588
5296,4852,-55689,38574,4037,1733308,1732416
6573,4482,687,29703,3945,603939,651292
9759,6166,-257491,40814,5704,692822,500997
7463,5000,-208820,31222,4797,705501,547664
5351,4556,-16334,65240,4130,2004136,2069469
8759,5426,-32458,48648,5519,2059297,2097877
5833,4481,-250951,63518,4037,702078,531386
8944,5963,-241242,79629,4000,1814214,1674157
9740,5537,-254829,37129,5334,2038892,1844230
9370,5852,192970,41944,6000,2197997,2456300
5425,4834,36828,40278,6148,761666,857810
4129,4389,-218554,39722,6018,2054988,1893340
9240,5648,-181548,41592,5981,718564,603200
8407,5444,-93173,53185,5870,1861367,1843970
5167,4907,-316,35592,5574,1761343,1814730
9259,6648,-253180,35296,5074,1960189,1765990
5814,4445,-207638,36518,4870,776283,622904
8685,5333,-124003,71999,4000,1770457,1739193
4962,4315,-7517,39259,5797,2101022,2150265
8851,5630,-245548,60408,4537,1931870,1768415
8815,5463,-241431,56240,3797,1846217,1681546
9556,6018,-110778,42722,6445,1720268,1676305
5314,4926,-47717,41833,5000,1802058,1814582
8648,5166,16011,40463,5888,724615,803236
8815,5481,-193742,39036,5852,2108676,1976322
6426,4852,-173145,42389,5777,1754228,1643398
7055,4889,295155,38407,4833,1782573,2135098
5759,4296,5977,55111,3851,723871,801514
4962,4278,-243850,45203,5963,1995636,1814748
9703,6426,-178938,39204,5925,1695540,1580675
4721,4500,-121432,79518,4019,1819848,1793267
8277,5389,1406,36167,4611,721886,780107
9758,6408,-247643,44703,5704,725918,547311
7111,4889,-236082,38888,4537,704024,526127
9370,5722,-98485,49833,5852,1708605,1683027
8629,6315,-28646,37129,5259,1858765,1890156
7926,4981,494079,67074,4278,1929462,2510485
22944,4685,102401,34871,4648,2387065,2558911
9129,5556,-184778,54333,6611,2096692,1990025
4741,4518,-234846,42296,6130,2012558,1837989
7926,5111,1000488,37407,5148,2128049,3187185
5092,4796,-270593,40499,4871,2010490,1797452
8926,5314,-212440,44129,6278,2196780,2051303
6537,4537,125081,40760,5796,2698494,2884020
8036,5204,1307212,34204,6111,732609,2095821
5500,4296,64723,45055,5815,3258646,3386110
7166,5056,127914,40185,5463,2003573,2191450
6351,5370,-254191,41111,6019,2161216,1967969
7907,5630,-75890,38037,4852,2023433,2006248
8184,5260,22374,44500,5926,2019650,2108339
7148,4945,-214434,33500,4166,805671,643052
9222,6019,663827,67259,4111,2354432,3107352
8907,5722,81854,40704,5796,2014930,2159784
8648,6074,-191658,48629,5870,689674,569311
7907,5296,-94949,40037,5370,1991271,1956970
6518,4723,645367,41371,5314,1957561,2663373
19851,4389,-129753,46611,5056,590602,538812
8148,5203,36715,61592,6185,2012292,2132172
8222,5500,-251446,68500,4167,2182989,2019970
5148,4481,-237217,41629,5204,1853708,1675546
9741,6259,-149750,45148,6296,1859017,1778804
9370,6000,-54763,40759,4833,1809771,1817934
7444,5167,-270998,39093,5889,1904932,1693472
8259,5667,-221826,41889,5593,2029629,1872137
5722,4518,-177653,86184,3778,1776755,1702879
8259,5444,-83408,31074,4241,1882249,1850804
7500,5000,21708,45704,5111,1794780,1881989
6852,4926,-184286,34630,4167,664578,533590
9110,5723,-210854,50796,3148,2102268,1963062
6629,4667,-197904,66129,4186,698604,585163
7536,5185,-25602,37166,4500,2013702,2045154
6555,5463,-247837,34426,4037,2060122,1865378
8221,5297,-222165,69203,3074,1804489,1670656
8000,5500,-155123,40926,4185,1788798,1694601
8611,5259,-37507,40574,5352,1819774,1845396
9463,6555,459904,33130,4518,1756324,2272635
8036,5426,-214513,42203,6241,2030150,1880840
8499,5278,-173860,45296,4482,669171,561200
5166,4408,-86874,42908,5111,1778437,1751527
11314,5649,52464,35722,4686,748697,860217
9315,6277,-245473,35611,4630,700526,513516
6629,5129,-190875,33000,4389,1850773,1711823
8944,5778,-7722,46314,5796,755533,817347
9981,7056,-4162,41223,6481,1792761,1856193
8926,5444,-255618,53297,4925,2091903,1911267
9555,6685,-212149,41759,5648,1822732,1677768
9592,5889,-155589,60445,6222,1760338,1689101
9333,5963,-62584,82370,4037,1722537,1763860
8778,6907,-285022,33926,4278,1981456,1752360
6388,5111,-239849,42037,5166,2032246,1853359
9481,6445,-138567,27704,4462,1772205,1684305
5092,4334,-75340,33871,5111,733187,708885
9481,6444,37073,42167,5630,1845174,1948636
7555,5186,-250032,28797,4611,754287,553145
9685,5037,-182656,44741,4555,681968,566089
5167,4389,-88151,40370,5611,1992750,1963359
4315,4629,-25015,31796,4648,1852523,1875952
4352,4611,-252565,36593,4870,2049776,1850286
7444,4889,-215170,44037,4499,767316,615626
7666,5296,114352,44463,6222,2124875,2305449
9667,5907,-30123,41018,5870,709823,744422
5370,4703,55993,33556,4500,1732514,1839637
9092,5760,-226742,43352,4352,1964286,1802138
8796,6462,-184421,38667,4407,723029,599589
5129,5222,380731,39036,4889,2218032,2655410
8925,6037,-6429,46889,4852,800128,864013
5499,5130,61576,56370,4148,2112559,2247357
8148,5500,-211881,108537,3574,631063,547608
9555,5463,-92654,42259,6019,1792513,1765452
7352,5111,-34648,35629,4445,1861081,1881008
10555,6685,-222160,45667,6463,1774188,1623842
5222,5000,-241859,38926,4574,1883330,1697582
9444,6389,-150261,46555,5908,702998,623089
8630,5481,-27959,44962,4463,1842912,1880730
8407,5759,-265231,43815,5519,741672,542052
5777,5185,-78578,35315,4685,1964289,1939136
5759,4666,-175924,43926,5648,1723137,1610564
6111,4518,-92456,38704,4870,1812816,1776656
8722,5481,-8821,46148,5741,1822884,1882785
8741,5629,-251740,67518,4370,1971768,1808638
5518,4389,-207550,38852,4796,766861,614941
4352,4870,-115860,58389,4129,1755572,1714249
4333,4482,-32170,35593,4629,781073,800366
9444,6740,-64126,35166,4704,737993,732643
8037,5241,-238547,53370,3723,1874221,1708509
8889,5574,-125708,52907,6555,1791624,1742656
8166,5352,-33463,40130,6018,667885,696403
8500,5648,43710,43018,5074,660471,769162
7703,5222,-249728,34852,5296,1892700,1698323
5611,4296,-143871,44222,6333,1962564,1881656
4777,4611,-104495,41944,5722,1937651,1892859
7833,5500,-3954,40889,5870,1831461,1889822
9759,6592,-233206,47630,5722,1968159,1807008
9425,6537,-218849,41611,5000,1879098,1724786
8907,5778,-129936,56777,5630,714507,663663
7981,5370,-21339,53204,5611,751705,804958
9463,6277,-253776,41666,6315,736811,549182
9185,6259,-240956,40444,5481,1859818,1682935
6777,4778,-141137,32185,4704,1713109,1622953
7889,4981,-65668,37240,3408,2004212,1994396
5389,4296,81892,45092,4148,1690876,1834100
9833,6574,-227601,47777,6130,2132164,1977488
7758,5204,-185207,66240,4056,1856456,1756915
5777,4556,335110,64019,4296,1829524,2245394
9629,6352,1895,72130,3870,1766409,1863118
5222,4648,358270,60352,3093,2280584,2714503
8425,5648,-182759,40722,4926,755645,634663
9259,5907,-117569,34148,3908,1726781,1665953
6018,4500,-18805,47315,5648,1781738,1828489
9444,6630,1481028,38740,5797,1835804,3380147
17592,3926,-268458,53388,3760,710529,523534
4629,4630,-155325,47944,5537,1827408,1737379
8129,5149,-119079,37092,4908,791371,730070
9093,6388,-281720,39352,5925,751607,533460
8962,6611,-250808,41593,6296,1809576,1624990
8296,5518,-187432,32574,5278,1798441,1664805
10278,5926,-103853,46870,5944,1777343,1744953
9425,5926,20337,46667,4907,1721616,1812082
8536,5297,-252119,44166,5741,758449,572071
9481,6648,-212781,67630,4000,2145528,2023006
6129,5296,-99572,37037,4000,1781191,1736563
9370,5760,-20215,58666,4315,687340,747403
9333,5963,-253523,41518,5018,761150,571923
6185,4500,-236129,53537,4703,1814972,1650120
8185,5926,-116402,40907,6334,1731280,1678564
8685,5314,-10841,88593,3796,1580646,1678990
5629,4037,440292,44537,6352,1841749,2344856
9259,6296,-60200,35907,4723,765233,763996
6962,4704,-159861,38537,4815,1816295,1713823
9315,5703,-41578,85944,2945,626852,691181
4814,4537,70445,41834,6148,1946653,2076450
8166,5203,-251696,40556,5926,2062574,1873433
7499,5019,-210413,34296,5722,712984,557311
5851,4333,-114704,38759,6093,710552,652922
9832,6741,-8754,38110,5815,1962817,2017117
4481,4592,-242192,35703,4982,1998886,1809156
8852,5592,-238594,44055,5556,1816714,1644639
8722,5759,-147330,36037,3777,1767228,1676934
5870,5204,-46455,47167,4555,1970647,1989322
4888,4556,25143,70314,4186,1974585,2086358
9444,6185,-249461,33388,4093,2086117,1893137
8648,5296,-192123,49871,5259,2099796,1979192
8537,5611,-55562,44129,5278,1873144,1883841
9759,5278,-6409,45000,5074,2057470,2118932
5740,4704,-250903,78222,3463,2032170,1875618
9518,6093,-192972,46278,3704,2011701,1886711
8721,5908,-85374,52778,3629,1672864,1660749
9036,6112,-16054,46777,5686,1743784,1797397
8167,5166,930707,87167,3611,1956738,2993557
8073,5500,-249616,44778,5518,787094,604496
9611,6278,-160111,45204,6129,1812453,1722323
8296,5444,-61291,41185,5704,1793262,1794915
7110,4945,32825,36111,4667,654874,743032
8259,5370,498922,36648,5185,2064748,2621355
19184,4408,-159663,46648,6055,1835153,1754119
8204,5277,-52861,88796,3389,1713925,1769397
7241,5037,62458,40055,4815,2116788,2238820
8518,5259,-96443,35204,4518,1750841,1710656
10444,6760,-221437,49703,6407,684990,539553
7667,4981,-97710,34741,4315,1804440,1761916
9963,5574,-7446,42315,4463,1780213,1837397
8574,5370,-254179,43055,6278,706269,518016
5758,4074,-235081,34907,4704,1874479,1691471
9352,6481,-125354,39870,5963,715517,653904
7926,5074,-58886,35777,4667,1837264,1833990
9796,6704,-282898,39777,5556,1944536,1725509
8481,5426,493752,44093,6407,644741,1204938
6111,4463,-150518,40296,5963,633811,542830
9518,6093,-92124,99426,3907,588861,618144
8611,5704,-2489,44611,5759,799688,864143
8944,5482,-65002,43426,6111,1756695,1758916
9351,6260,-220885,55685,5889,806381,664533
5314,4278,-103750,33185,4389,809597,754810
7629,5111,3145,44388,5982,1835085,1903674
5259,4981,-229256,34462,4445,1911154,1734064
4999,4815,-218418,53148,4889,734970,586996
9092,5592,237734,31815,4518,749853,1041216
5056,4555,-61407,60425,4834,697959,714404
9962,5723,24764,44852,6462,1786448,1880674
4981,4797,-208952,44111,5018,1981849,1834674
5906,4963,-159612,44203,6037,1770788,1675638
5741,4907,-96959,67999,3963,1824097,1811767
4389,4704,12138,44666,6148,714043,788088
9463,6500,-253041,42537,6407,2083993,1898452
6722,4888,-215720,45963,5889,739791,590237
9185,6389,-92215,52462,5185,2232147,2215302
8778,5555,-26691,43814,4926,716891,756051
4907,4796,-260482,49889,4500,1927120,1733267
8703,5444,-243939,49871,3240,749010,574626
9018,5722,-160304,56296,5500,571764,490627
10259,6722,-42077,40963,5945,1828418,1853693
8537,5611,34113,42592,5482,771289,870365
9314,5759,-257232,31778,4815,2048999,1846359
8666,5722,-189523,47259,4778,648853,528330
8574,5481,-72870,44796,6408,679440,673940
5704,4963,38931,50296,5759,2016131,2124673
8240,5278,-236062,39481,4611,730448,554441
9926,6277,-79112,32888,4593,2039490,2016099
6907,4796,340984,73389,3592,649881,1082253
8129,5037,-30453,46277,5982,1856553,1894229
9574,5981,-256318,40074,6204,784370,592219
9018,5518,-244516,39630,3630,1865265,1681545
5925,4593,-115715,53204,5685,1795649,1751804
4963,4630,-63599,79907,3963,740372,773033
7722,5037,46703,50111,5722,1784804,1902489
9573,6426,-245216,40426,5574,1964076,1783711
8555,5704,-191229,46370,5018,1812238,1689490
8611,5278,-70503,42648,5963,1768937,1763212
6407,4777,149947,41000,5926,1990299,2200468
9055,5722,-204213,36371,4907,2006924,1860748
9573,6260,-222615,31889,4722,1829568,1661971
8018,5278,-124129,41352,5630,669273,608255
9203,6408,-27790,38870,3945,1820723,1854841
8462,5278,-260320,43537,6333,1980384,1786193
8629,5574,-227759,46166,5945,743923,584904
9018,6556,-128995,40166,6148,682455,618015
9130,6351,-48804,43407,6055,1987553,2006155
6333,4592,412143,41167,5944,2065824,2538522
21148,4555,-275181,42555,6426,702661,504553
8648,5648,579635,56000,5704,1775832,2434115
7037,4685,-90690,65074,6370,1780347,1775268
7889,6018,15556,42722,5445,711606,792885
8721,5445,-252401,38630,5703,842823,651922
9388,5871,-193618,33963,5629,737281,601033
9907,6741,-97724,45944,4389,1705714,1677379
9499,6037,-42385,33889,3963,1862207,1875988
7093,4962,-253619,42852,6111,1927998,1737916
4759,4648,139237,43148,5851,1987974,2187932
10184,6741,-141442,42944,5630,1848635,1774841
5777,4630,-12530,43685,5981,1825408,1874896
9610,6204,49587,38981,4852,784223,896069
8611,6574,-256814,78592,4148,697071,540256
8444,5407,-182402,44945,4407,649084,533385
5129,4686,-92619,35777,4815,620727,580478
9574,5259,-7484,45778,5777,1751918,1813249
9074,6388,-253829,42055,4963,733049,543774
6981,4759,-217435,69166,4185,2115943,1985617
8684,5482,-131893,38333,4944,1817717,1745674
9296,6037,-17777,46000,6074,1799581,1851174
5037,4852,-250345,40241,5500,1967519,1775397
6037,4537,-238728,54722,3796,753040,586219
7944,5296,-150297,39982,4703,2074230,1984210
5129,4982,-37811,42315,6055,1764208,1788286
9185,7611,9491,44611,6000,1780498,1860044
5278,4277,-201002,43129,6334,692147,552201
9111,5926,-194349,39129,4760,1857042,1723860
9666,6537,-95566,42092,5352,1783927,1754915
6667,4851,-2616,39166,4426,1839069,1894322
6778,5185,-258499,35018,4704,757514,553386
9092,5611,-215049,42611,5148,1836465,1686378
9111,5888,-115488,36833,4889,683578,626792
9610,6778,-41798,77333,3611,717849,775810
9351,6296,-255791,32351,4149,2050836,1849322
8666,5760,-248287,48759,6112,1872332,1695360
8499,5445,71921,41315,5741,1845844,1981173
8185,5352,347463,41796,6333,781734,1193734
6999,4870,16655,41408,5629,1793260,1871618
6462,4482,-208394,40944,4759,676780,527756
6536,4685,-189666,42407,4704,776070,647144
4610,4741,103690,33296,4667,741175,894846
5407,4389,-8545,33407,4649,1797367,1839027
9925,6241,-204965,42685,5870,643740,505571
9259,6574,-224404,40500,4370,722179,560219
9500,6481,-125306,43407,4056,1759963,1701471
8574,5666,-27893,38296,4648,685723,717218
6184,4482,-208962,44963,6296,1859044,1714563
5796,4482,-237678,78147,3834,1739558,1596491
9370,6241,-132044,45926,6130,1729571,1667601
9685,6148,-21631,86463,3685,1718324,1804823
8055,5296,-250920,43092,6371,1808726,1622657
5148,4667,-231194,79500,3667,1933849,1797693
4407,4963,-159577,32407,4963,1812345,1702415
4481,4685,697944,45648,5648,1844578,2605355
21500,4963,-25159,42055,4833,1823723,1875193
5036,4537,-253245,65741,4351,2067901,1896359
7259,5222,-218555,38148,4593,1797934,1637046
9870,6296,-86457,41148,5574,1794502,1773082
9315,5870,-40248,34611,4389,800021,816681
5425,4778,-258575,36722,4630,825201,620589
9351,6685,-36218,48277,5259,1962059,1998303
6055,4759,237619,73592,4259,2007738,2336078
5259,4611,-65967,43759,6185,1879567,1876007
9629,6630,419944,42111,5833,717660,1205363
7482,5129,-235251,44463,4685,724007,552516
9611,6278,-168783,40611,4648,2151604,2046451
8592,5241,-99648,51203,3889,623145,594404
5333,5000,1209,79647,3889,1692356,1789527
9111,5981,-256414,69500,3722,700430,534904
9352,5537,-219502,44055,5574,687981,535405
9963,6296,-136478,37129,4704,1791857,1715527
9036,5648,-15288,45760,6222,1768073,1821637
7296,5148,-251893,34797,4870,2049826,1852730
5351,4333,-238313,39741,5000,779698,598163
6333,4593,-159753,46074,5297,1847908,1752990
6037,4203,-71969,46185,5796,681188,674070
9277,7074,23295,36259,5000,1810602,1894174
4703,4834,-245884,38981,5796,750177,561386
4388,4463,-189360,44370,6611,756172,629144
9555,6685,-18614,41055,5556,685351,732051
7907,5222,-16831,44555,6630,1751950,1801637
9388,5648,-259324,89092,4056,644637,495571
10111,7203,-199189,31518,4444,710928,567404
9647,6074,-128925,107370,3870,1722990,1723101
5907,5407,-42957,45926,4018,1871817,1892285
6204,4592,-250469,39277,4871,788003,594460
9795,6500,-250408,38870,4408,1904287,1716397
5518,4186,225576,36870,4815,778492,1057957
8741,5870,-44565,53240,5852,1769110,1801101
8425,5518,-277540,42463,6056,1906567,1693971
7852,5129,-261497,41500,5685,2085246,1886378
9092,5203,-194066,44703,5575,733081,606144
4481,4537,-95913,77722,4074,1798014,1795693
8629,5611,59055,44092,6296,2055507,2181098
6019,4500,-252995,40611,5556,1982595,1788897
5315,5055,1203506,53481,3741,2324899,3597812
8056,5481,22554,50314,3408,1869527,1961915
4685,5018,-37645,41556,5037,1783505,1804230
9425,6352,-231991,44759,6204,1853500,1691008
8833,6296,-240318,75129,3537,725982,582201
5037,4389,-148796,67834,4240,1805600,1740675
8741,5500,-72864,29907,5278,1844168,1823175
11147,6686,7733,52574,6111,1833089,1919933
5758,4889,-258852,55074,3315,690905,503922
5962,4500,-178051,44426,3334,1755726,1638138
4796,4519,-70120,44407,5926,674486,666126
9648,6444,13978,39185,6130,1805696,1883859
8740,5333,-255663,38592,4926,2030357,1834618
4407,4741,-216566,38204,4592,717322,555349
4389,4611,-80987,32796,4278,1808495,1775953
9315,6574,-47093,49556,5888,633571,660182
5907,4629,-260012,36759,5037,702862,498219
21055,4703,-261914,52741,3704,1819163,1641731
8999,5408,-147187,46926,5666,1790362,1712286
4870,4982,-71237,43111,5574,1730060,1719564
4704,4592,21676,33740,4945,1879646,1951322
9907,6518,-257873,65889,4185,684148,514700
7944,5185,-171165,37815,5555,1796322,1684878
6963,4907,-108048,44777,5408,1697316,1653342
7426,4629,27309,40333,5722,738206,825310
7574,5444,-255536,46204,5388,2090007,1901600
9055,5445,-220124,75796,3852,1741133,1617194
8055,5463,-101915,46111,6334,1816812,1782990
9240,5759,-5058,40833,6204,662961,722384
7314,4982,-260015,41574,5945,681493,483941
5852,5018,-250027,34444,5204,743117,545386
8036,5185,-159911,65907,4167,1762735,1688267
9703,6019,-68332,60370,3685,1745878,1760934
6093,4481,-282177,42444,6407,1963594,1743509
7073,5037,225363,34074,4648,1931106,2209764
7944,5389,-193704,101759,3574,1759991,1687990
5185,4907,-94643,77278,3185,650973,649274
8295,5130,30362,51148,4574,708134,810236
5610,4926,-96169,41778,5759,1845177,1809526
9055,5592,-227366,35851,5519,2056337,1887451
7981,5297,-138991,40703,5741,1808407,1731601
4852,4778,-44783,37074,4704,700426,709941
8240,5296,-251998,39593,5518,2014691,1823841
8832,5463,-246566,36963,5314,1976353,1789618
5092,4741,-131025,39389,5407,648022,574497
4481,4555,-63204,34722,4852,1985248,1973321
4425,4741,22763,47963,6685,1785374,1874211
9166,5796,-259118,45055,5667,1853701,1662879
7962,5259,-163280,41352,6685,640537,541126
6722,4574,-97775,65296,3945,1788690,1774193
9018,5426,-19103,46092,5870,1789796,1839248
9130,6018,-230319,40278,6074,2054863,1888786
5629,4370,-223980,41722,6482,1858155,1695119
4703,4297,63209,46704,5703,2354221,2482133
8185,5444,-44025,36093,5444,1861255,1875230
5296,4445,-102909,46574,5759,2246581,2207913
7777,5408,-255365,37592,4852,2067410,1869785
7833,5333,-146582,50999,5649,1776183,1701934
9388,5852,-74466,43037,6370,1830400,1823322
7833,5111,321612,89129,3982,2129817,2560059
8499,5926,-235824,44592,5926,2036962,1868229
9759,5908,-191931,77333,3371,678501,585349
9481,5870,-89592,43389,5667,578885,555645
6369,4760,-16605,43648,5777,1845520,1891525
7370,4667,-252821,39129,5722,1968404,1775119
6203,4389,-215537,61573,3815,1869435,1732638
6722,4704,-123292,60185,4574,1765375,1720416
8426,5703,-18175,70222,4259,680023,752940
6259,4666,-265058,43944,5686,2201009,1998562
5759,4722,-255497,41148,6222,718698,523682
9499,5704,-159196,64093,5814,1750946,1678990
8537,5648,-46894,40370,5630,1734624,1750545
5240,4648,18185,36907,4834,668459,740347
8314,5945,-258846,45315,5500,708602,517275
5111,4259,-183174,36963,4426,720911,592033
9536,6167,-109872,34370,4426,1706955,1653638
5110,4889,-172107,50019,5333,1808245,1703971
8666,5389,-241564,36648,4945,1854183,1670786
8796,5666,-204688,45833,4463,1850197,1712712
8999,6093,-139239,35926,4630,1771340,1689842
8889,5241,337302,46555,5333,2032980,2439097
6963,4592,-254060,43370,6537,698817,508812
21315,4685,-267777,33222,4704,1892174,1690750
7796,5185,-160475,54685,6370,1868836,1784805
8500,5407,-36118,36703,4482,1743034,1764638
8647,5741,433311,32648,4333,2031138,2518596
20740,4260,-277737,35963,4297,1903430,1694342
8407,5370,-192490,44222,6111,1876888,1750489
10073,6722,-100448,43982,6111,1759882,1728860
4796,4629,18594,43648,4834,1786321,1865044
9611,5870,255580,49000,5371,1800796,2128340
8333,5518,-228542,47092,6278,753150,594441
8314,5444,-132111,41278,5629,1798527,1729137
5519,4777,-36346,38574,5000,1749077,1768601
9018,5519,-250526,39167,5870,2074422,1885934
5815,4407,-244038,77388,3630,741646,591367
6722,4796,-108330,45463,6296,1704839,1662157
9499,6963,310434,38129,4778,1746832,2119061
7833,5093,15440,46148,5722,1829956,1912785
5073,4371,-253257,42055,4796,721754,526848
9092,5648,-197566,42296,4185,1796427,1662287
4981,4445,161289,38833,4519,1741088,1957174
5463,4926,1035346,41648,6074,2039505,3135444
5166,4648,-96976,40518,4482,1742522,1702397
9388,6352,-227266,57314,6315,688078,542552
9092,5352,-134780,40019,5777,1742789,1671768
9314,6000,-22831,45389,5982,1825449,1871711
8406,5371,-258898,51851,5852,2177590,1992228
9110,5778,-263004,34037,5593,1875790,1669730
8315,5352,-133018,37222,4889,2071802,1997396
8278,5426,-79920,42352,5389,1791890,1775860
5259,4278,48752,93222,4056,1688292,1846637
6407,4759,-235000,36722,4129,2174081,1993765
4852,4203,-196420,35573,4149,1821133,1676268
8556,5518,-109360,41315,4500,735782,688737
8647,5741,37830,42222,6260,730017,833217
9037,5611,-205497,64019,5666,1954579,1835767
8889,5944,-225898,42685,5833,2138387,1977840
6630,4648,-122208,94833,3870,1694995,1684676
6722,4834,-51648,29352,4981,696348,693478
8333,5592,-263696,34296,4463,1915779,1707119
8296,5240,-215394,35111,4740,1863978,1704712
8536,5482,-174242,72667,6426,1661750,1582879
6519,4388,-9829,43130,6426,730454,782737
6407,4611,-276915,39241,5889,1990738,1772527
8555,5259,-212447,63889,4926,649648,522386
5184,4445,-196479,41871,4611,1832635,1694693
9833,6037,66655,41019,5555,2057499,2189042
8814,6074,-26708,41592,6056,1852846,1891841
6241,4629,-256887,44611,4629,1944304,1750120
9444,6130,-234530,43351,4797,754156,586200
9518,5407,87511,40259,6185,733355,884939
5111,4278,-37650,39407,6130,1838842,1858859
8777,5407,-257236,36815,4982,2259260,2060821
4888,4556,-257582,82370,4074,1818165,1658916
9815,5481,-175669,29370,4704,1877548,1753749
4351,4408,-78035,38259,4611,1782562,1759415
8592,5667,-257029,45704,5611,2003277,1815063
7907,5259,-249949,33371,4907,760501,564330
8833,5574,-196906,37814,4371,719477,581701
5555,4297,327393,41518,5648,697360,1084290
9425,6722,6771,45370,5944,2057792,2133839
6740,4759,-242445,49407,4889,767775,593737
9833,6148,-226440,52074,4315,659659,508034
9778,5778,-115491,45056,6018,1807795,1761879
7777,5463,-230966,38685,5944,658797,488386
8352,5389,-245127,30296,4315,1993912,1799564
8759,5315,-244826,61945,3296,735248,572608
5981,4463,-170450,41148,5519,1809347,1698749
7574,5148,-78667,48259,4167,1782582,1771230
8147,5111,-286938,37278,4889,1957391,1727934
8296,5352,-242636,29759,4204,756892,564719
9129,5593,-201353,39981,4426,680072,540738
6092,4574,-111274,34352,4944,1863708,1804545
7666,5333,5213,36963,4129,2243996,2305449
6092,4686,-261726,57056,3296,1843679,1655731
47740,4408,-238720,40111,5963,1837432,1699564
4351,4519,-122474,85962,4056,647785,627774
5592,5426,-44840,43556,4333,768446,784736
7888,5667,-254092,28963,4648,709756,504867
9741,6574,-260439,35019,4907,741176,539608
5907,4555,-24804,37556,4648,776929,807088
9036,5889,-78039,30315,4055,1804955,1779174
5203,4389,309668,28130,4370,1988670,2342671
8611,5333,-263916,66240,3722,759099,581830
9574,5889,572808,45574,5778,758202,1401437
6740,4926,-113943,28611,4833,1812192,1745452
6407,4685,414,32111,4649,2009277,2059784
5203,4203,-200209,35296,5019,2019346,1871544
7777,5278,-225630,42908,5722,2099211,1937933
6036,4574,-142013,34000,4333,1837540,1746897
9278,6074,5528,28704,4204,692707,749274
8703,5741,-259539,38444,4945,737998,539052
7426,5074,-260644,36592,4926,1843987,1640213
9148,5166,-172546,64962,3315,1798611,1710916
9148,5555,-71708,52204,3870,1818883,1820100
9685,6796,6705,69703,3389,1692471,1791564
6777,4889,-260900,40666,4760,747915,546663
4870,4185,-184265,40519,4777,1886403,1758879
8555,5203,-114648,57777,3426,706868,669570
7574,5148,17652,39778,5741,2081483,2159487
8629,5889,-260545,41259,5741,758301,561385
5778,5388,-233965,34611,5278,747573,566571
9352,6222,-138330,37036,4630,1868227,1789156
5037,4481,-51862,28629,4223,691413,683977
7722,5111,-263412,38074,5000,880945,676163
4906,4704,-258035,73740,3685,1787415,1618786
8851,5556,-175771,77999,3334,653249,575904
8925,6407,-73377,59574,2408,1755515,1762767
8074,5277,-288481,37018,4685,757479,527497
7611,5370,-209235,40703,4704,709381,560534
9574,6426,-207582,36444,4815,2043515,1895230
8407,5611,-115558,34481,4889,680721,620644
5833,4370,369371,43833,4574,789363,1219400
9685,6204,-121770,29019,4425,1752149,1681731
8555,5667,1351193,35704,4462,718073,2125617
9092,6463,236573,39518,5575,1760599,2060321
5852,4963,718040,32759,4333,710803,1479103
8333,5444,517120,34537,4241,1953124,2526244
8462,5797,509051,41667,5611,1992915,2566114
16204,3888,203448,38055,4871,2014632,2283542
8203,5741,302379,76407,3870,737911,1136790
8388,5778,1260769,41203,5889,806460,2130783
9167,6092,475963,41444,5500,2064430,2605152
7592,5556,304135,77630,3444,623118,1023642
9241,6685,405548,41963,5426,1780457,2251654
7370,5074,109241,35073,4926,1953674,2117636
8092,5241,-26661,51574,3537,2083408,2127228
9870,6296,269714,36352,5185,663225,993457
8963,6129,259923,43352,4167,741682,1067235
9241,6389,1101850,35445,4592,1771780,2931520
8000,5426,-265657,40685,5982,773913,570349
9870,6388,505069,51407,5092,1850233,2430763
5351,4519,615573,77481,3852,1730617,2440060
8611,5481,354098,75907,3371,1950128,2399615
6037,4704,4475,42370,5019,1880587,1946007
8092,5389,-230536,36407,4685,745682,572608
9370,6722,-202698,36796,4908,757176,614922
8388,5167,-109693,28093,4593,1843182,1782063
6241,4666,-25965,46241,5778,1787343,1826897
8851,5574,-259181,30778,4852,1988578,1781878
8166,5370,552785,54370,3629,1880776,2507929
6110,4612,-126263,85166,3222,654001,629292
5833,5315,-40628,45555,3592,1830710,1852619
4722,4500,-264751,45148,4815,2011185,1807749
8314,5796,-227542,41481,5945,740965,577607
7722,5277,-175536,33592,5111,1804990,1683527
9462,6019,-51958,41092,5852,698121,710662
9925,7556,-5249,31870,4538,1811478,1862119
4981,4463,-261983,35741,4555,856535,646126
4888,4630,176872,36408,4944,716381,946327
7370,5148,-99528,40371,3703,1701334,1660435
9462,6223,-1209,41556,4648,730759,793958
9574,6519,-95555,35834,4926,1773821,1737527
7370,5666,-235603,55055,3741,1987148,1825804
7925,5019,-109451,41870,6130,1735829,1690175
5092,4278,722422,97407,3870,1759007,2594114
8851,5871,-266865,48667,6185,1980428,1785471
4999,4297,-256359,36981,5037,768023,565645
4833,4722,495606,33370,5278,1957935,2504096
5018,4629,-36349,35093,4777,1786395,1802248
8778,5648,-288750,41426,5648,1938443,1713620
8073,5241,-203967,38574,4722,1833661,1688638
8111,5111,-158813,43962,5519,1754007,1659898
9777,6000,-117141,37926,4592,1787391,1730953
5870,4574,-21210,80314,3741,1759348,1834730
8018,5166,-254555,43629,6167,725738,536941
9093,5592,-206291,37278,5703,792343,646052
5092,4315,243861,55759,4704,677411,993383
9055,5982,-57485,40796,5426,1868752,1875100
8777,5685,-261052,38148,5667,2162800,1962432
5629,4611,-254658,47704,6074,723766,535756
9999,5297,-168542,40574,6056,1807087,1702916
9426,6963,-88518,43611,5463,737606,716903
8777,5130,-255308,46815,6370,802138,616793
5537,4796,-239802,86703,4074,1971014,1835063
5833,4519,-201353,43259,5519,693183,553330
9351,5945,-85496,40018,4852,671677,648940
9610,6426,6843,32759,4611,1719925,1783082
8815,5537,-260984,69352,4500,2101157,1930748
5926,4926,-231238,36815,4555,1877228,1700416
8221,5149,359265,42055,5723,751505,1173993
7462,5352,-23894,31722,5037,1786291,1814304
9555,6629,-276628,45889,4611,688644,480756
8926,6129,-257734,38685,4093,714527,516701
6647,4796,-173765,67055,4296,1800923,1712675
5222,4537,-74353,36388,3852,738053,716107
10703,5870,29874,62833,3852,1771671,1887303
8592,5482,-236749,36759,4778,1990627,1812063
6333,4796,-207780,40185,4666,1896493,1746712
8815,5592,265946,44611,4888,704920,1037254
8851,6296,-29400,41648,4982,712210,747977
8037,5093,-243949,40462,5871,1957550,1775138
6352,5222,-244759,43556,5555,2126303,1944803
9610,5685,-151142,37259,3871,1749280,1656749
9037,5537,-31100,45259,5703,755892,793106
7703,5445,-259335,42130,5500,2068786,1872544
8889,5944,-268958,37240,3723,835047,623923
8926,5833,-181323,39203,4445,1773888,1653046
8722,5389,-85263,40981,3889,686500,662200
7703,5092,2947,60221,5445,1850080,1933821
6647,4834,-256992,42963,6055,1977556,1783119
7926,5833,-198968,43963,8389,718557,589164
4907,4685,-105463,57852,5000,1787545,1757323
5518,4982,-15699,39593,4592,739954,781292
9444,6740,-84970,35852,4814,1733757,1708360
9203,6037,-238705,31259,4371,1873676,1688138
8481,5481,-110367,39723,5425,652808,603570
10351,6908,-65158,43537,4926,778616,781514
9444,6555,-258688,39259,5148,2104418,1908877
8222,5463,-265313,34204,5111,779976,570274
4981,4648,-146344,40333,5092,1751946,1663416
8333,5259,-77506,69759,3759,1757663,1770934
5203,5037,-283036,40851,5815,719238,495238
9073,5352,-259031,41778,6296,1878373,1685119
5185,4333,-198248,42074,5148,1801313,1662342
9832,6000,-93798,45815,5666,1795863,1771396
4462,4352,6984,37185,4574,719012,778625
7407,5370,-95176,42333,5204,1821203,1788600
9352,6111,-213967,84796,3667,1737494,1630213
6037,4500,-117314,44871,5648,677254,623367
5222,4759,-52752,44463,6037,759377,769847
5148,4278,-255617,38352,5796,1903088,1703101
8111,5370,-239129,37703,5463,1809528,1630213
4870,4871,-149421,78629,3833,1758300,1703286
9610,6093,-85027,41889,4759,2096033,2075247
8926,5278,240181,43426,6129,2312581,2618948
8259,5574,177242,37056,4759,701141,936402
8740,6685,-158842,41647,4649,666358,572497
7648,5259,-110541,51018,6167,695334,657589
8870,5593,-34555,40389,4592,688347,715070
9296,5722,-108956,36963,5648,1998038,1949433
8758,5445,-225358,45444,3334,1862329,1702730
6519,4407,-148964,31241,4259,1806750,1707138
7370,5000,-59033,38111,4852,755991,754514
8481,5667,-267489,34703,4482,1911275,1699879
5259,4519,-223929,40778,5833,808869,644126
4870,5074,-161848,63092,3796,1729191,1646787
10425,6074,-91658,39222,5259,1813334,1785323
7722,5500,1125,68981,3407,1860068,1949230
5055,5186,-259406,40425,4704,716422,515053
9907,6648,-44012,41314,5815,1818039,1840248
8870,6074,382936,43093,4592,717391,1165697
8666,5426,-34186,33648,3981,1835657,1856785
9574,6592,-110495,35240,5278,1855189,1804730
9074,5870,-242211,44629,5778,1757832,1583250
5944,4574,-114688,38370,5667,1779141,1721156
5648,4592,-228145,40259,5759,733587,563663
9741,6407,-267176,32370,4518,1987092,1775582
8444,5407,-225375,27685,4426,1825180,1648249
8500,5907,-162425,44111,5871,730773,634793
7278,5241,190079,37166,5241,2126314,2373505
5481,4851,34771,43185,5889,2123809,2220412
8500,5611,-260353,30241,4259,2059823,1850600
5018,5056,-201496,33908,4148,1871374,1721731
4444,4574,-74713,34000,4722,1754332,1729601
9796,6166,-34670,45815,4278,1796641,1830100
4444,4241,-268368,41482,5759,2124356,1913877
9277,6296,-227140,64722,3704,1763019,1622675
7463,4611,-134505,47166,3259,1861162,1791471
8537,5370,-62444,41778,4111,776347,776403
7444,5203,-258086,38685,5111,2366574,2167061
9388,6130,-262784,42777,4760,1882200,1684823
9518,6019,-184020,34593,3425,1827566,1699064
8629,5834,-93107,47185,4592,1790838,1767397
5944,4555,562489,35814,4834,1795275,2410930
4703,4482,-215318,40333,5704,775166,617811
9630,6222,-180202,37074,4500,1781507,1660731
9018,5778,-76604,27222,4389,1861000,1832878
5444,4630,1994,43092,5871,683853,747755
9351,6537,-91407,36333,4852,1785138,1753193
8351,5667,-227698,32630,4222,707972,533145
9648,6537,333065,78925,3371,736206,1169771
9333,6407,-62798,38314,5130,2178952,2178283
8629,5445,-262588,49129,5241,1898837,1707101
9018,5778,-227139,34611,3463,747543,575922
8574,5741,-167948,80203,3241,1734883,1667176
7796,5204,-164924,53426,2537,802901,709477
6519,4185,453079,42407,5741,2021980,2535948
6407,4759,-211190,41130,6481,1984161,1834415
6389,4685,-200185,40241,5889,1757786,1617324
9074,5592,173209,40500,4944,2318480,2554522
7981,5611,-26785,57537,3611,1896552,1946674
9518,6093,-149742,49092,6148,2452191,2375671
8296,5018,-238217,41573,5445,1781949,1606916
8777,5778,-151879,40852,3981,2070331,1980248
5925,4611,-26985,74907,6315,2119065,2187042
8629,5260,-260868,35833,4500,2037913,1833952
8518,5333,-261084,35592,4333,786544,582015
9037,6167,-81450,43463,5629,2029234,2014229
5684,5000,-82407,49556,5814,1732824,1718971
8667,4907,-328,67741,4259,1675132,1762768
8962,5722,-254339,48018,5481,1995589,1811933
8814,5352,-210890,44278,4648,1855306,1710119
8129,5278,-119311,44481,4408,1781319,1726638
8296,5129,-18657,39667,4426,1713573,1755897
9130,5425,-256947,37463,5259,1900401,1704120
4907,4667,-223627,61277,3204,1793710,1646657
4351,4389,-144177,44962,4519,1761575,1677675
9555,6667,-64524,48185,5981,2892952,2901557
7814,5296,-258776,87277,3537,2279339,2126542
9370,6167,114616,56815,4055,1721910,1915582
8814,5500,-177562,42407,5593,2224772,2112302
5796,4444,108628,36092,4722,2124878,2286857
8388,5296,-97144,80463,3426,2190594,2193098
9555,6629,536452,31037,4500,2380771,2971741
5222,4925,330384,38889,5648,2559229,2946464
8369,5315,651833,47722,5204,1776097,2497040
25092,4574,46767,50667,3407,2140961,2273709
6073,4278,-105357,47574,5537,2042864,2003062
7148,4815,-66611,39482,5351,2034303,2026803
8574,5166,-140475,37333,5260,2439720,2357764
4981,4796,1230858,39518,5389,2117381,3405035
8018,5278,-97963,64648,4092,2324395,2310986
6315,4907,-260717,28648,4667,2004928,1790860
9667,6500,-101565,43297,4555,2030793,1996174
7833,5185,-130188,43241,3111,2032065,1963952
7611,5185,-22628,30500,4019,1953301,1980636
8315,5518,-224065,38333,5444,674841,510738
7185,4741,-210708,43018,5130,1812031,1663953
9036,5537,-125092,73037,4519,1799340,1768619
5277,4463,5969,39685,5611,1844094,1907692
8740,5926,-191747,37000,4741,634800,501664
6499,4685,-223704,38500,3093,2191303,2023043
5222,4611,-115477,60333,3278,1871170,1832545
4074,4685,-58712,47777,5148,2040275,2045618
9833,6408,-252929,35463,4574,1931529,1737101
8481,5741,-247941,31759,4315,760567,566219
7667,5537,-170010,83629,3500,1772371,1704824
9555,6889,-98023,47388,6186,1867086,1841785
10556,6925,-10795,43333,4537,729254,786477
6295,4760,-261271,51185,5407,1961372,1770563
5073,4185,-239154,37000,5093,737743,553052
9462,6037,-112519,93925,4093,1645306,1648545
9832,6648,-24162,45482,3222,688195,731995
6129,4630,-247730,32129,4037,711246,512978
5092,4296,-238928,45593,5074,1782067,1605305
9778,6426,-157516,46278,5944,1737025,1650602
5277,4370,-204380,34278,4352,2021832,1868192
9481,6667,-260930,31407,4093,1817420,1610139
8277,5797,-269517,43463,5203,1883341,1678620
9684,6204,-185771,70759,4500,2027519,1935636
9369,5537,-58043,39166,5519,1815866,1819952
7981,5481,74924,36056,5759,2056433,2188857
4981,4444,-221772,37537,5222,2078761,1911155
9740,6833,-217174,44907,5259,706949,558681
9388,5797,-126484,42407,4833,1888381,1826341
6241,4666,-31552,35555,3704,1879375,1900026
11833,6259,-256398,51777,6148,2020610,1842711
9462,5667,-241874,76018,3648,744853,600496
5425,4741,-150702,41203,3889,1823081,1730675
8610,5426,-43660,48444,5686,2005389,2032284
8333,5556,-254432,36463,4759,750373,553275
5944,4630,-265667,70074,3204,2072896,1893489
9314,5870,-185791,42611,5723,650380,531108
5518,4371,-77249,63407,3463,1762961,1764953
9537,7648,-286594,28259,4259,2015362,1781675
7870,5315,-254626,47519,3333,1901134,1712953
5333,5037,-209621,44815,4592,748766,601626
8036,5371,-125579,42556,5278,1823827,1762286
6333,4371,6593,53148,6185,693995,773070
5240,3908,-113401,34778,4666,1840613,1778360
8999,5908,-236080,36352,5148,1804922,1627564
6055,4666,494683,57722,3352,1831248,2400078
8019,6074,-48421,45185,4592,691065,709181
10259,6685,43899,61055,3685,757856,886772
6333,4630,-266928,45704,4129,1830085,1626287
10759,5629,-186126,84241,3500,2069707,1989673
9388,6075,-92584,41833,4741,1765240,1737323
6388,4500,-3911,34629,4296,1842864,1891229
9722,6203,-258053,42907,4648,2053487,1862248
5981,4296,-173677,39722,5481,1779724,1664379
5018,4334,-105895,86666,3667,1642978,1638916
4574,4815,-27964,53074,3204,1800712,1840674
8851,5704,-265439,57574,6297,689269,504441
5203,4722,-201674,37722,4685,1811276,1664305
6666,5241,-155224,44111,5055,1795622,1703657
4870,5130,-58589,57333,3500,709178,723589
9944,6685,-268046,33666,4149,717006,505941
6574,5130,-249356,63963,3185,688612,520812
9555,5796,-178961,42463,5852,1753377,1640379
5314,4407,-77474,70981,5426,1736557,1747378
8611,5388,-7672,72203,3445,1733032,1817119
8389,5500,-265129,53425,5223,700441,510534
6074,4648,-210791,43556,5203,713603,564997
9074,5814,645490,43889,4425,742540,1453862
20296,4222,-29595,65852,3407,1888102,1954118
8611,5389,-112552,43388,4574,1743857,1695971
7518,4815,-224417,48537,3241,1834851,1677008
9333,6408,-157448,116536,3537,1732957,1714546
9185,5944,-53850,68444,3667,1720951,1756378
6963,4463,-273696,43741,6092,1873835,1663750
7258,4797,-257598,56648,3352,1890588,1707193
6147,4482,-182092,43925,5223,1867341,1747100
6148,4333,-78995,69685,3519,1748132,1755082
11463,5685,-11156,34092,4649,1814367,1861285
9185,6333,-270260,41777,5741,721072,516571
7370,5204,-216737,36797,4240,713289,552497
9555,5815,720172,35963,4778,713170,1491509
8444,5444,-38245,53445,3481,1864086,1898618
8981,5556,-110461,39741,5407,1784599,1737268
7036,4871,-228955,59555,3815,1799316,1647694
6407,5130,-155950,80148,3093,1851717,1793194
7259,4797,-62871,74907,4982,1799934,1831008
9889,6722,18042,62092,3815,705565,809032
8833,6241,-275396,32352,4222,1877682,1656509
9333,5555,-183223,46796,5092,615999,501849
8944,5760,-255700,36482,5111,1903578,1706305
8296,5241,8342,41315,5685,1798499,1869415
8758,5704,-260169,34314,4463,707056,502182
9870,5592,-209812,39759,3797,1868209,1720879
5370,4889,-77511,41222,5704,1713241,1694879
9981,6019,-9080,38240,5871,1783921,1837489
6500,4611,-248148,59963,3445,1961692,1790656
8925,5463,-246326,47351,5278,2010094,1833174
7685,5037,-144433,58481,4000,1733108,1666934
6222,4648,-63798,52630,3907,1890657,1897174
9370,6352,-267569,43333,5518,1996782,1796286
4944,4444,-249675,34352,4741,809005,609996
8148,5167,-146781,70425,3500,1819882,1763008
4907,4222,-77294,59889,3111,1837635,1835767
9481,5870,-273362,50852,6074,2085221,1886211
8018,5834,-253098,67334,5592,733131,569497
9130,5277,-175128,31814,4852,735718,614312
5167,4722,-116105,46833,5833,1822632,1771786
9203,5611,-23340,78814,4000,1796626,1873229
8296,5407,-261538,37945,4518,747924,544552
10092,6649,-237514,53314,3278,720418,558719
7851,5222,-156360,136573,3426,1646388,1645471
9352,5833,-67374,46297,5870,725629,727978
10074,6463,-263608,34999,4649,818271,613274
9500,6574,-251806,32055,4093,739877,542756
6500,4759,53346,43611,5111,1672255,1788397
8926,5704,-68111,43129,5574,1783045,1780416
7685,5203,-8883,44982,5277,1813447,1870174
5536,4482,-255173,35685,4278,1835015,1632564
7462,4778,-201260,58518,3111,1801843,1676823
5018,4463,-110366,46333,5593,1762337,1715527
7741,5018,-37749,96944,3685,674820,752774
6500,4722,-234780,44351,5333,690519,518682
5518,5333,528778,41055,5538,1830096,2418671
9832,6778,-159028,75092,3741,815543,753828
7611,5185,-54486,47203,6297,714667,728663
5944,5111,407406,53648,5963,1812858,2293597
6778,4777,-252252,38370,4482,716342,521090
8388,5334,-187358,43888,5445,706892,585163
5185,4296,-96093,42259,4703,1764492,1727472
5110,4426,290522,45888,5297,1981409,2335023
4556,4500,-259823,59592,4093,2189515,2005674
7759,5074,-207984,55296,3389,2047344,1913434
9018,5407,-120164,87667,3888,1733821,1722489
6648,4944,345859,39463,3685,2174534,2577374
9722,5092,-273282,41463,5482,1989604,1781026
8499,5222,-231369,62519,3426,746439,597292
8944,6037,-147031,70611,3074,1687318,1631583
9518,5944,-74210,51740,5297,1792403,1793507
8074,5259,19369,49722,4574,1830509,1919933
9073,6389,-254772,50981,3204,777491,594552
7092,4852,-169694,53759,3130,1855128,1756285
9722,6463,-101595,49407,6648,2157898,2130599
7296,4963,762536,41648,5389,1810059,2634503
5610,4722,-109306,31333,4685,1848500,1787915
5740,5204,-211930,54629,3149,725797,585330
4277,4667,-122277,55129,5982,1848192,1798507
9518,5630,-9160,39203,5463,1751946,1805138
8611,6222,-261709,35055,4852,727558,523071
8814,5556,798403,43518,5130,2017357,2881242
8852,5648,-159032,34407,4574,1835707,1732286
7333,4945,-65731,36148,4556,721523,710885
9796,6482,-289928,58796,6204,698795,492905
5778,4592,-267070,42407,4741,2046282,1839137
8795,6000,-188324,93722,3870,597729,524422
5278,5166,-90893,31370,4648,1780087,1739157
7907,5185,-2814,55630,3333,1822044,1893878
7537,5093,-276456,43389,5852,789582,577441
9629,6648,-179858,44315,5648,672485,561515
7000,4722,323423,74833,3778,775440,1191974
7018,4592,2338,38167,5389,1784484,1844470
8907,5574,-226618,30296,4333,1833498,1658065
54721,4389,-258668,31963,4037,1893306,1731749
5536,4407,268076,31500,3963,717307,1033216
7147,5297,-56214,46722,3111,2003535,2012154
9314,5833,-6190,27852,3982,718833,762347
9851,6167,-256220,57518,3000,689014,511774
6833,5018,-188437,56592,6630,1754983,1643990
5055,4408,-50284,69851,3593,1748607,1783323
10666,6648,-8408,44815,5611,627034,688903
8777,5426,-242494,37296,5203,732195,549145
10221,6852,-219489,46204,4111,689393,539793
9037,6500,256088,35519,4407,650387,965013
6963,5037,13040,34610,4389,1888079,1954970
9499,5649,-265713,45666,5630,746839,550311
5184,4593,-245244,42963,5537,777852,592941
9870,6019,-127777,40445,5129,1846933,1783175
9129,5834,-73179,37000,4000,847026,832440
5056,4629,-263672,45074,6296,2010310,1810823
9795,6686,-236945,38611,5630,732052,558422
8055,5148,-171791,37481,5426,723491,610274
9703,6463,-103008,43297,5111,1885293,1849674
8722,5648,-285853,32407,4593,1948621,1716527
9278,5426,-239959,54888,6278,2135318,1973563
9407,6222,-219953,50073,5278,734673,587848
8573,5278,-117652,50759,3722,1773605,1726878
5981,5129,-33183,39129,5982,1868302,1894544
10000,6463,-111104,37685,4759,2178888,2129525
8222,5389,-249468,55703,6259,694873,523423
9852,6370,-159833,36241,4518,1855360,1754638
9129,5703,-73402,54185,3297,1833113,1834044
9314,6556,-22897,36500,4685,744652,781532
5851,4297,-41817,68833,3389,2227674,2270394
9129,6037,194632,44685,6408,1817392,2080747
8703,5759,285175,42814,4186,1871701,2220227
8222,5426,-6264,42519,5018,711222,768755
4926,4593,-257239,47370,5537,698292,505979
9943,6352,-205881,38556,4444,1812797,1669545
9222,6000,-117154,79889,3203,1826625,1809841
8111,5092,-28148,37481,3056,697477,725144
9278,6500,-237846,31778,3944,1906410,1722731
6481,4685,-233007,36704,2870,715097,535145
9296,5926,-163372,46981,5222,775276,681311
9796,6593,-59811,46685,5963,2125243,2137228
5481,4889,-252009,35444,4593,792264,593292
9037,5870,-272559,44741,5667,1859474,1654638
8703,5648,-177535,85185,3463,654384,582422
9055,5797,-80011,32129,4204,1733594,1708305
8833,6055,473122,43204,5370,659890,1198604
5944,4667,-271574,40111,4000,723182,509015
9258,5593,-204068,81518,3278,1742596,1640508
9370,5778,-134026,44555,3741,1876848,1808637
5351,4445,-39039,48611,6555,1939250,1967284
10684,6482,-257755,42759,6889,2091559,1902933
7907,5130,-234861,49000,3722,679951,513479
5203,4592,-154521,91907,3315,1788048,1741304
8352,5481,-59257,72352,3148,1720525,1752805
7907,5407,-278325,37278,5092,1837649,1617268
10093,6648,-27376,44833,5722,1791884,1834804
9278,5814,-193129,36889,4778,1780471,1646120
9592,6630,133912,39278,5370,2401128,2598966
5648,4741,-10656,79741,3481,1739404,1824527
8685,5759,-238649,55204,6277,692943,532608
5889,4944,-195755,41482,5611,716474,581089
9574,6352,-130824,46611,5500,1776517,1715842
8388,5296,-7614,38018,5407,1814252,1866081
8907,5852,-128850,37148,5111,1866913,1797082
8536,5593,-252159,31019,4481,1853723,1653230
8574,5777,-129838,43018,5445,661668,597497
9092,5500,-60870,81574,3889,1716045,1757564
8574,5944,-273030,33500,4240,771805,553423
6111,4389,-258043,52222,3074,777614,588034
8592,5593,-184538,53833,3352,1861935,1751138
10055,6278,33466,42315,6370,692529,793217
8870,5352,18028,39129,5648,1823498,1903285
8629,5426,-200373,36463,4944,1887585,1745082
9629,6667,-209016,37685,3093,2004912,1855545
8259,5056,-121529,52629,2982,1872833,1822397
9444,5704,-30598,62833,4722,745575,800458
8110,5074,-91832,36518,4630,1716063,1681212
8166,5278,-249623,36592,4556,757508,564978
7352,4870,-119618,43482,5444,1782608,1726120
5351,4796,-20779,36185,4667,730219,762625
9833,6944,623205,42222,6278,1787780,2479115
19574,4018,-266063,62481,3833,1830647,1656620
8555,5111,-191614,67093,3259,1803900,1698805
6426,4907,284427,62925,3778,1852412,2216987
8703,5185,22508,40703,5611,1720853,1805952
8147,5241,-263078,46092,4556,755334,558959
9759,5685,-210906,71463,3722,658440,540849
5999,4500,-122364,69074,3241,1836780,1800100
8389,5481,-38488,42611,5555,2012051,2038081
5518,4315,-218853,35556,4370,762053,595829
8111,5259,-243865,36703,4963,793066,607108
5259,4333,-73619,45092,5648,759523,748533
9148,5740,-59262,37778,5444,1838215,1839896
5258,4871,-100016,38463,5481,1799987,1756174
5870,4426,-252176,37166,5222,728174,531089
9277,6000,-195504,46296,6500,2028697,1903285
5592,4426,-251610,53222,6130,2029432,1849581
4166,4333,4673,38926,5481,712823,772810
9925,6593,-270469,36241,5500,819928,610293
9055,6389,-223759,47740,5908,740886,588589
6240,4722,-131551,48111,5000,793788,728144
9555,6111,-48527,45092,6222,680913,701810
9889,6703,-264168,39277,5482,780887,580182
5074,4648,-247849,43204,5518,1887691,1700749
6055,5000,-119195,39685,5241,1773370,1712620
4814,4667,-71338,40611,7037,743371,731477
10444,6074,11982,51185,4834,1748692,1835286
10018,6333,-264678,44630,5407,2075223,1879285
6093,5129,-191839,38444,5056,1848255,1713101
6073,4704,-84390,41778,4277,1810509,1785007
5426,4444,-300957,43037,5296,2073910,1833749
8907,5889,-267452,44240,5574,2017090,1816656
5110,4852,-212817,42945,4500,752165,599533
4129,4648,332557,40351,4241,755807,1144326
10148,6574,3878,38204,5333,1856185,1922748
8444,5834,-260023,32149,5055,1948068,1742120
8852,4926,-217017,61907,3463,1846044,1710972
8666,5426,-150586,46259,3074,1898409,1814415
9277,5741,-40395,81814,3000,1727959,1790137
7240,5371,51498,27130,4389,1844619,1942711
